msg_begin
7.75789e+06
-363741
-2.46844
3
3
0.349066
3
3
0.349066
1682192009.55326
msg_begin
7.75789e+06
-363741
-2.47639
3.08152
3.0048
0.350804
0
0
0
1682192009.59458
msg_begin
7.75789e+06
-363742
-2.47649
3.22044
3.18128
0.343755
0
0
0
1682192009.64458
msg_begin
7.75789e+06
-363742
-2.5033
2.88417
3.01394
0.36574
0
0
0
1682192009.69461
msg_begin
7.75789e+06
-363741
-2.48742
3.04075
3.35453
0.336391
0
0
0
1682192009.74510
msg_begin
7.75789e+06
-363742
-2.49532
3.09988
3.00463
0.347121
0
0
0
1682192009.79466
msg_begin
7.75789e+06
-363741
-2.51233
2.94801
2.96314
0.345789
0
0
0
1682192009.84467
msg_begin
7.75789e+06
-363742
-2.51766
2.92237
2.88351
0.360308
0
0
0
1682192009.89467
msg_begin
7.75789e+06
-363742
-2.50209
2.92728
2.81495
0.343397
0
0
0
1682192009.94508
msg_begin
7.75789e+06
-363742
-2.51343
3.07764
2.77776
0.35781
0
0
0
1682192009.99457
msg_begin
7.75789e+06
-363742
-2.51234
3.1494
3.04575
0.321064
0
0
0
1682192010.04454
msg_begin
7.75789e+06
-363742
-2.51184
3.14137
3.04245
0.321174
0
0
0
1682192010.09448
msg_begin
7.75789e+06
-363742
-2.51356
3.14048
3.02102
0.32014
0
0
0
1682192010.14568
msg_begin
7.75789e+06
-363742
-2.5132
3.14012
3.02048
0.320138
0
0
0
1682192010.19448
msg_begin
7.75789e+06
-363742
-2.51296
3.14019
3.02006
0.320115
0
0
0
1682192010.24444
msg_begin
7.75789e+06
-363742
-2.51245
3.13249
3.01233
0.319887
0
0
0
1682192010.29441
msg_begin
7.75789e+06
-363742
-2.51286
3.13171
2.99999
0.319658
0
0
0
1682192010.34524
msg_begin
7.75789e+06
-363741
-2.51197
3.11949
2.98039
0.319413
0
0
0
1682192010.39449
msg_begin
7.75789e+06
-363741
-2.51166
3.11966
2.9726
0.319377
0
0
0
1682192010.44455
msg_begin
7.75789e+06
-363741
-2.51268
3.11081
2.97161
0.318537
0
0
0
1682192010.49459
msg_begin
7.75789e+06
-363741
-2.51147
3.09185
2.97269
0.31776
0
0
0
1682192010.54507
msg_begin
7.75789e+06
-363742
-2.51141
3.08952
2.97095
0.317769
0
0
0
1682192010.59459
msg_begin
7.75789e+06
-363742
-2.511
3.08714
2.97091
0.317893
0
0
0
1682192010.64467
msg_begin
7.75789e+06
-363742
-2.51193
3.08091
2.96915
0.317604
0
0
0
1682192010.69479
msg_begin
7.75789e+06
-363742
-2.51199
3.07349
2.96944
0.317729
0
0
0
1682192010.74536
msg_begin
7.75789e+06
-363742
-2.51199
3.07378
2.96934
0.317537
0
0
0
1682192010.79469
msg_begin
7.75789e+06
-363741
-2.51091
3.0712
2.95747
0.316866
0
0
0
1682192010.84467
msg_begin
7.75789e+06
-363741
-2.51149
3.06007
2.95689
0.31675
0
0
0
1682192010.89459
msg_begin
7.75789e+06
-363742
-2.51151
3.05926
2.95672
0.316692
0
0
0
1682192010.94603
msg_begin
7.75789e+06
-363742
-2.51036
3.05832
2.9505
0.31585
0
0
0
1682192010.99461
msg_begin
7.75789e+06
-363742
-2.51051
3.05869
2.95025
0.315778
0
0
0
1682192011.04458
msg_begin
7.75789e+06
-363742
-2.51113
3.05066
2.9477
0.315414
0
0
0
1682192011.09467
msg_begin
7.75789e+06
-363742
-2.51077
3.04855
2.93416
0.315354
0
0
0
1682192011.14552
msg_begin
7.75789e+06
-363742
-2.50874
3.04873
2.93335
0.313086
0
0
0
1682192011.19473
msg_begin
7.75789e+06
-363742
-2.50838
3.04858
2.92866
0.312948
0
0
0
1682192011.24473
msg_begin
7.75789e+06
-363742
-2.50846
3.04275
2.9276
0.312794
0
0
0
1682192011.29471
msg_begin
7.75789e+06
-363742
-2.50686
3.0422
2.92658
0.311587
0
0
0
1682192011.34619
msg_begin
7.75789e+06
-363742
-2.50788
3.04323
2.9255
0.311074
0
0
0
1682192011.39482
msg_begin
7.75789e+06
-363741
-2.5053
3.03595
2.89827
0.307652
0
0
0
1682192011.44478
msg_begin
7.75789e+06
-363742
-2.50642
8.3819e-09
7.567e-10
3.10862e-15
0
0
0
1682192011.54521
msg_begin
7.75789e+06
-363741
-2.50166
4.84288e-08
8.14907e-10
2.22045e-15
0
0
0
1682192011.59472
msg_begin
7.75789e+06
-363741
-2.49954
0.00284799
0.00633205
0.000635513
0
0
0
1682192011.64467
msg_begin
7.75789e+06
-363741
-2.4993
0.00295622
0.0154186
0.00117017
0
0
0
1682192011.69475
msg_begin
7.75789e+06
-363742
-2.49317
0.0138455
0.00763073
0.00083436
0
0
0
1682192011.74513
msg_begin
7.75789e+06
-363742
-2.49472
0.000259904
0.00151032
6.04406e-05
0
0
0
1682192011.79461
msg_begin
7.75789e+06
-363742
-2.4955
0.00495617
0.00850827
0.000263905
0
0
0
1682192011.84458
msg_begin
7.75789e+06
-363742
-2.49696
0.000606666
0.000480028
0.000243919
0
0
0
1682192011.89459
msg_begin
7.75789e+06
-363741
-2.49547
0.00766025
0.00212209
0.0002458
0
0
0
1682192011.94525
msg_begin
7.75789e+06
-363741
-2.49649
0.000512038
8.63743e-06
8.49056e-05
0
0
0
1682192011.99463
msg_begin
7.75789e+06
-363741
-2.49638
0.000308132
0.00117494
8.92812e-06
0
0
0
1682192012.04468
msg_begin
7.75789e+06
-363741
-2.49722
0.00342153
0.00403499
0.000194833
0
0
0
1682192012.09469
msg_begin
7.75789e+06
-363741
-2.49666
0.0086483
0.00332616
0.000484675
0
0
0
1682192012.14541
msg_begin
7.75789e+06
-363741
-2.49701
0.00338391
0.00325203
0.000216069
0
0
0
1682192012.19473
msg_begin
7.75789e+06
-363741
-2.49719
0.00346771
0.00156008
5.49269e-05
0
0
0
1682192012.24472
msg_begin
7.75789e+06
-363741
-2.49676
0.0026605
0.000959048
0.000115352
0
0
0
1682192012.29467
msg_begin
7.75789e+06
-363741
-2.49734
0.00370637
0.0030941
0.000295522
0
0
0
1682192012.34497
msg_begin
7.75789e+06
-363741
-2.49691
0.00263176
0.000717271
0.000137186
0
0
0
1682192012.39463
msg_begin
7.75789e+06
-363741
-2.49665
0.0090824
0.00420586
0.000367947
0
0
0
1682192012.44461
msg_begin
7.75789e+06
-363741
-2.49789
5.12227e-08
1.5134e-09
3.55271e-15
0
0
0
1682192012.49460
msg_begin
7.75789e+06
-363741
-2.49799
0.00722654
0.00510548
0.000225842
0
0
0
1682192012.54598
msg_begin
7.75789e+06
-363741
-2.49784
0.000709617
0.00569648
0.000268822
0
0
0
1682192012.59453
msg_begin
7.75789e+06
-363741
-2.50061
0.00525497
0.00629753
0.000612222
0
0
0
1682192012.64450
msg_begin
7.75789e+06
-363741
-2.50076
0.000600372
0.000739454
0.000194363
0
0
0
1682192012.69447
msg_begin
7.75789e+06
-363741
-2.50099
0.00981039
0.00097372
0.000409609
0
0
0
1682192012.74527
msg_begin
7.75789e+06
-363741
-2.50171
0.00394774
0.00272121
0.000113478
0
0
0
1682192012.79442
msg_begin
7.75789e+06
-363741
-2.50156
0.00780347
0.00643577
0.000422028
0
0
0
1682192012.84438
msg_begin
7.75789e+06
-363741
-2.50134
0.00980642
0.0172993
0.000543795
0
0
0
1682192012.89433
msg_begin
7.75789e+06
-363741
-2.50134
0.00813691
0.00966012
0.000172399
0
0
0
1682192012.94480
msg_begin
7.75789e+06
-363741
-2.50081
0.00145399
0.000266228
3.43314e-05
0
0
0
1682192012.99435
msg_begin
7.75789e+06
-363741
-2.50079
0.00113493
0.000756123
5.8643e-05
0
0
0
1682192013.04437
msg_begin
7.75789e+06
-363741
-2.50086
0.00326815
0.00750578
0.000424217
0
0
0
1682192013.09440
msg_begin
7.75789e+06
-363741
-2.50064
0.00232152
0.000169443
2.23755e-05
0
0
0
1682192013.14475
msg_begin
7.75789e+06
-363741
-2.50283
0.00386275
0.0063077
0.000295853
0
0
0
1682192013.19443
msg_begin
7.75789e+06
-363741
-2.50001
0.00139334
0.00771645
0.000639175
0
0
0
1682192013.24447
msg_begin
7.75789e+06
-363741
-2.50033
0.00432459
0.00539436
0.000449461
0
0
0
1682192013.29450
msg_begin
7.75789e+06
-363741
-2.50191
0.00171523
0.00633765
0.000546999
0
0
0
1682192013.34564
msg_begin
7.75789e+06
-363741
-2.50121
0.00132067
9.76723e-05
9.78701e-05
0
0
0
1682192013.39457
msg_begin
7.75789e+06
-363741
-2.50076
0.00433378
0.00405832
0.000415565
0
0
0
1682192013.44454
msg_begin
7.75789e+06
-363741
-2.50124
0.00330586
0.00255936
0.000327614
0
0
0
1682192013.49466
msg_begin
7.75789e+06
-363741
-2.50122
0.00210389
0.00239066
0.000271097
0
0
0
1682192013.54501
msg_begin
7.75789e+06
-363741
-2.50172
0.00142015
0.00127873
0.000196827
0
0
0
1682192013.59455
msg_begin
7.75789e+06
-363741
-2.50292
0.00249814
0.00266168
0.000764751
0
0
0
1682192013.64452
msg_begin
7.75789e+06
-363741
-2.50191
0.00383978
0.00280229
0.000233278
0
0
0
1682192013.69459
msg_begin
7.75789e+06
-363741
-2.50087
0.00117808
0.00120619
0.000102421
0
0
0
1682192013.74518
msg_begin
7.75789e+06
-363741
-2.50145
0.00277204
0.00112866
4.09181e-05
0
0
0
1682192013.79436
msg_begin
7.75789e+06
-363741
-2.50122
0.00409792
0.00209299
0.000224225
0
0
0
1682192013.84436
msg_begin
7.75789e+06
-363741
-2.50093
0.00208051
0.0031926
0.000380505
0
0
0
1682192013.89451
msg_begin
7.75789e+06
-363741
-2.50174
0.00299187
0.00554276
0.000595917
0
0
0
1682192013.94496
msg_begin
7.75789e+06
-363741
-2.50121
0.00348236
0.00356414
0.00020874
0
0
0
1682192013.99441
msg_begin
7.75789e+06
-363741
-2.50123
0.0014207
0.00151528
0.000378308
0
0
0
1682192014.04441
msg_begin
7.75789e+06
-363741
-2.5005
0.00179134
0.0071077
0.000793161
0
0
0
1682192014.09462
msg_begin
7.75789e+06
-363741
-2.50104
0.000145626
0.000262307
4.22965e-06
0
0
0
1682192014.14567
msg_begin
7.75789e+06
-363741
-2.50207
0.00582131
0.00761346
0.00137589
0
0
0
1682192014.19454
msg_begin
7.75789e+06
-363741
-2.501
0.000407305
0.000282119
0.000110051
0
0
0
1682192014.24466
msg_begin
7.75789e+06
-363741
-2.50032
0.000776265
0.000454343
8.24481e-05
0
0
0
1682192014.29474
msg_begin
7.75789e+06
-363741
-2.50041
0.00450912
0.00476454
0.00030354
0
0
0
1682192014.34518
msg_begin
7.75789e+06
-363741
-2.50134
0.00451355
0.00550477
0.000461919
0
0
0
1682192014.39470
msg_begin
7.75789e+06
-363741
-2.501
0.00439407
0.000639402
0.000104142
0
0
0
1682192014.44473
msg_begin
7.75789e+06
-363741
-2.50077
0.00217957
0.00301457
0.000230858
0
0
0
1682192014.49473
msg_begin
7.75789e+06
-363741
-2.50189
0.00253308
0.00135244
0.000170981
0
0
0
1682192014.54471
msg_begin
7.75789e+06
-363741
-2.5024
0.0024436
0.00122018
0.000139834
0
0
0
1682192014.59471
msg_begin
7.75789e+06
-363741
-2.50159
0.00237892
0.00493337
0.00034972
0
0
0
1682192014.64463
msg_begin
7.75789e+06
-363741
-2.50161
0.00285255
0.00286165
0.000297024
0
0
0
1682192014.69463
msg_begin
7.75789e+06
-363741
-2.50129
0.0024535
0.00140069
0.000451653
0
0
0
1682192014.74462
msg_begin
7.75789e+06
-363741
-2.50163
0.00110787
0.00178243
0.000107659
0
0
0
1682192014.79460
msg_begin
7.75789e+06
-363741
-2.50107
0.000707593
0.00129145
0.00010199
0
0
0
1682192014.84457
msg_begin
7.75789e+06
-363741
-2.5018
0.00312531
0.00213328
0.000292574
0
0
0
1682192014.89470
msg_begin
7.75789e+06
-363741
-2.50033
0.00225391
0.0135492
0.000942045
0
0
0
1682192014.94556
msg_begin
7.75789e+06
-363741
-2.5017
0.0044549
0.00470145
0.00049045
0
0
0
1682192014.99464
msg_begin
7.75789e+06
-363741
-2.50122
0.00347936
0.00150214
0.000150915
0
0
0
1682192015.04468
msg_begin
7.75789e+06
-363741
-2.50119
0.0039658
0.00119986
0.000113909
0
0
0
1682192015.09471
msg_begin
7.75789e+06
-363741
-2.50123
0.00138129
0.00112667
8.72791e-05
0
0
0
1682192015.14473
msg_begin
7.75789e+06
-363741
-2.50123
0.00103231
0.00112656
9.72266e-05
0
0
0
1682192015.19476
msg_begin
7.75789e+06
-363741
-2.50359
0.00256202
0.00204045
0.000537306
0
0
0
1682192015.24475
msg_begin
7.75789e+06
-363741
-2.50108
0.00167102
0.000440287
0.000161103
0
0
0
1682192015.29485
msg_begin
7.75789e+06
-363741
-2.50116
0.00146144
0.000405474
6.72548e-05
0
0
0
1682192015.34483
msg_begin
7.75789e+06
-363741
-2.50106
0.000840576
0.00087392
4.33407e-05
0
0
0
1682192015.39484
msg_begin
7.75789e+06
-363741
-2.50042
0.00284583
0.000591744
0.000372345
0
0
0
1682192015.44479
msg_begin
7.75789e+06
-363741
-2.50163
0.00296261
0.00371372
0.000370292
0
0
0
1682192015.49483
msg_begin
7.75789e+06
-363741
-2.49983
0.00474905
0.0101841
0.000948921
0
0
0
1682192015.54474
msg_begin
7.75789e+06
-363741
-2.50135
0.0030543
0.00380212
0.000300821
0
0
0
1682192015.59470
msg_begin
7.75789e+06
-363741
-2.50089
0.00461717
0.00417105
0.000323506
0
0
0
1682192015.64467
msg_begin
7.75789e+06
-363741
-2.50194
0.00445877
0.00263099
0.000276378
0
0
0
1682192015.69460
msg_begin
7.75789e+06
-363741
-2.50187
0.00480409
0.001774
0.000443355
0
0
0
1682192015.74465
msg_begin
7.75789e+06
-363741
-2.50173
0.00195809
0.0045249
0.000808523
0
0
0
1682192015.79462
msg_begin
7.75789e+06
-363741
-2.50193
0.00032081
0.00110988
0.000108034
0
0
0
1682192015.84464
msg_begin
7.75789e+06
-363741
-2.5011
4.65661e-09
9.8953e-10
2.22045e-15
0
0
0
1682192015.89476
msg_begin
7.75789e+06
-363741
-2.50093
0.000564873
0.000302717
0.000179478
0
0
0
1682192015.94463
msg_begin
7.75789e+06
-363741
-2.50184
0.00470328
0.00167275
8.42372e-05
0
0
0
1682192015.99473
msg_begin
7.75789e+06
-363741
-2.50082
0.00580775
0.00281902
0.000661043
0
0
0
1682192016.04470
msg_begin
7.75789e+06
-363741
-2.50007
0.00224047
0.00196085
8.10044e-05
0
0
0
1682192016.09480
msg_begin
7.75789e+06
-363741
-2.50099
0.00145609
0.00197625
0.00019341
0
0
0
1682192016.14473
msg_begin
7.75789e+06
-363741
-2.50086
0.00408071
0.00646132
0.000670852
0
0
0
1682192016.19474
msg_begin
7.75789e+06
-363741
-2.50144
0.000957692
0.00123952
0.000151871
0
0
0
1682192016.24480
msg_begin
7.75789e+06
-363741
-2.50082
0.0012904
0.00211068
0.00016569
0
0
0
1682192016.29478
msg_begin
7.75789e+06
-363741
-2.5021
0.00564764
0.00405647
0.000919899
0
0
0
1682192016.34478
msg_begin
7.75789e+06
-363741
-2.50167
0.00202409
0.00278962
0.000136263
0
0
0
1682192016.39486
msg_begin
7.75789e+06
-363741
-2.50162
0.00183012
0.0017283
0.000136964
0
0
0
1682192016.44484
msg_begin
7.75789e+06
-363741
-2.5008
0.00506918
0.00328647
0.000325123
0
0
0
1682192016.49487
msg_begin
7.75789e+06
-363741
-2.50172
0.000703642
0.0010036
0.000138286
0
0
0
1682192016.54479
msg_begin
7.75789e+06
-363741
-2.50049
0.00291815
0.00972888
0.000599961
0
0
0
1682192016.59478
msg_begin
7.75789e+06
-363741
-2.50137
0.00253663
0.00566271
0.00025735
0
0
0
1682192016.64471
msg_begin
7.75789e+06
-363741
-2.50225
0.00270408
0.00431692
0.000254957
0
0
0
1682192016.69472
msg_begin
7.75789e+06
-363741
-2.50205
0.00144604
0.00359627
0.000108402
0
0
0
1682192016.74472
msg_begin
7.75789e+06
-363741
-2.50175
0.00322354
0.00293471
0.000321638
0
0
0
1682192016.79472
msg_begin
7.75789e+06
-363741
-2.50149
0.00501663
0.00231688
0.000446697
0
0
0
1682192016.84465
msg_begin
7.75789e+06
-363741
-2.50204
0.00510191
0.00169265
0.000465123
0
0
0
1682192016.89465
msg_begin
7.75789e+06
-363741
-2.50081
0.00249479
0.00228571
0.000118727
0
0
0
1682192016.94458
msg_begin
7.75789e+06
-363741
-2.50124
0.00547785
0.00308643
0.000420975
0
0
0
1682192016.99457
msg_begin
7.75789e+06
-363741
-2.50155
0.0038545
0.0027725
0.000271681
0
0
0
1682192017.04451
msg_begin
7.75789e+06
-363741
-2.50097
0.000969971
0.000506039
0.000159132
0
0
0
1682192017.09507
msg_begin
7.75789e+06
-363741
-2.50097
0.00152898
0.00197878
0.000171986
0
0
0
1682192017.14451
msg_begin
7.75789e+06
-363741
-2.50092
0.00299965
0.00509413
0.000292546
0
0
0
1682192017.19446
msg_begin
7.75789e+06
-363741
-2.49976
0.000323244
0.00103365
6.57223e-05
0
0
0
1682192017.24453
msg_begin
7.75789e+06
-363741
-2.49939
0.00143687
0.00480517
0.000666773
0
0
0
1682192017.29486
msg_begin
7.75789e+06
-363741
-2.50029
0.00409243
0.00699867
0.000730823
0
0
0
1682192017.34457
msg_begin
7.75789e+06
-363741
-2.50087
0.00729896
0.00896684
0.00116995
0
0
0
1682192017.39457
msg_begin
7.75789e+06
-363741
-2.50122
0.0075388
0.00224561
0.000307141
0
0
0
1682192017.44463
msg_begin
7.75789e+06
-363741
-2.50076
0.00399402
0.0111011
0.000730698
0
0
0
1682192017.49486
msg_begin
7.75789e+06
-363741
-2.50001
0.000544741
0.00507304
0.00031062
0
0
0
1682192017.54476
msg_begin
7.75789e+06
-363741
-2.50243
0.000433847
0.00114344
4.83038e-05
0
0
0
1682192017.59479
msg_begin
7.75789e+06
-363741
-2.50113
0.00261661
0.00285126
0.00017821
0
0
0
1682192017.64489
msg_begin
7.75789e+06
-363741
-2.50144
0.00905316
0.00162714
0.000592454
0
0
0
1682192017.69596
msg_begin
7.75789e+06
-363741
-2.50072
0.00190445
0.00261968
8.05313e-05
0
0
0
1682192017.74494
msg_begin
7.75789e+06
-363741
-2.50208
0.000930583
0.000640537
0.000200787
0
0
0
1682192017.79497
msg_begin
7.75789e+06
-363741
-2.50079
0.00238284
0.00416686
0.000466769
0
0
0
1682192017.84497
msg_begin
7.75789e+06
-363741
-2.50093
0.00338952
0.00271041
0.000147783
0
0
0
1682192017.89494
msg_begin
7.75789e+06
-363741
-2.50288
0.00120835
0.00176785
0.000254285
0
0
0
1682192017.94494
msg_begin
7.75789e+06
-363741
-2.50131
0.00258137
0.00234453
0.000343896
0
0
0
1682192017.99493
msg_begin
7.75789e+06
-363741
-2.50141
0.00404534
0.00287374
0.000324788
0
0
0
1682192018.04490
msg_begin
7.75789e+06
-363741
-2.5014
0.00328495
0.00118321
0.000367662
0
0
0
1682192018.09490
msg_begin
7.75789e+06
-363741
-2.50088
0.00419007
0.0092028
0.000843645
0
0
0
1682192018.14494
msg_begin
7.75789e+06
-363741
-2.4997
5.21541e-08
2.44472e-09
0
0
0
0
1682192018.19491
msg_begin
7.75789e+06
-363741
-2.50122
4.26696e-05
0.00022457
3.66381e-05
0
0
0
1682192018.24482
msg_begin
7.75789e+06
-363741
-2.50157
0.00397405
0.0081041
0.00024154
0
0
0
1682192018.29480
msg_begin
7.75789e+06
-363741
-2.50143
0.000254935
0.00159189
3.99325e-05
0
0
0
1682192018.34477
msg_begin
7.75789e+06
-363741
-2.50113
0.00180299
0.00534051
0.000369013
0
0
0
1682192018.39477
msg_begin
7.75789e+06
-363741
-2.50005
0.00208431
0.00554976
0.00037566
0
0
0
1682192018.44465
msg_begin
7.75789e+06
-363741
-2.50148
0.00276386
0.00239483
0.000357392
0
0
0
1682192018.49459
msg_begin
7.75789e+06
-363741
-2.50126
0.00384507
0.00132106
0.000194438
0
0
0
1682192018.54454
msg_begin
7.75789e+06
-363741
-2.50178
0.00324993
0.00287484
0.000261734
0
0
0
1682192018.59451
msg_begin
7.75789e+06
-363741
-2.50019
6.23986e-08
2.03727e-09
3.55271e-15
0
0
0
1682192018.64439
msg_begin
7.75789e+06
-363741
-2.50046
0.00337815
0.0079921
0.000202847
0
0
0
1682192018.69431
msg_begin
7.75789e+06
-363741
-2.50088
0.00232754
0.00200295
0.000138911
0
0
0
1682192018.74434
msg_begin
7.75789e+06
-363741
-2.50101
0.000872252
0.00164927
0.000112073
0
0
0
1682192018.79434
msg_begin
7.75789e+06
-363741
-2.50102
0.000430269
0.000276793
4.33754e-05
0
0
0
1682192018.84435
msg_begin
7.75789e+06
-363741
-2.50137
0.00418409
0.00556459
0.000558256
0
0
0
1682192018.89436
msg_begin
7.75789e+06
-363741
-2.50144
0.00222354
0.00345682
0.000438137
0
0
0
1682192018.94431
msg_begin
7.75789e+06
-363741
-2.50102
0.00043505
0.00138639
5.64523e-05
0
0
0
1682192018.99437
msg_begin
7.75789e+06
-363741
-2.50103
0.000614291
0.000318808
3.22312e-05
0
0
0
1682192019.04444
msg_begin
7.75789e+06
-363741
-2.50102
0.000215373
0.000378056
2.8511e-05
0
0
0
1682192019.09458
msg_begin
7.75789e+06
-363741
-2.50102
2.79397e-09
4.65661e-10
1.77636e-15
0
0
0
1682192019.14448
msg_begin
7.75789e+06
-363741
-2.50184
0.00322603
0.0100024
0.00060015
0
0
0
1682192019.19452
msg_begin
7.75789e+06
-363741
-2.50198
0.00397205
0.00219928
0.000291599
0
0
0
1682192019.24459
msg_begin
7.75789e+06
-363741
-2.5012
0.00195528
0.000440856
0.000121512
0
0
0
1682192019.29468
msg_begin
7.75789e+06
-363741
-2.50079
0.00325463
0.00293081
0.000237423
0
0
0
1682192019.34470
msg_begin
7.75789e+06
-363741
-2.50082
0.00352772
0.00324268
0.000401217
0
0
0
1682192019.39460
msg_begin
7.75789e+06
-363741
-2.50112
0.00252568
0.0028007
0.000186959
0
0
0
1682192019.44471
msg_begin
7.75789e+06
-363741
-2.50108
0.00191111
0.00240211
0.000171544
0
0
0
1682192019.49582
msg_begin
7.75789e+06
-363741
-2.50093
0.00237631
0.00230917
0.000175982
0
0
0
1682192019.54466
msg_begin
7.75789e+06
-363741
-2.50145
0.00234887
0.0022577
0.000269207
0
0
0
1682192019.59467
msg_begin
7.75789e+06
-363741
-2.50131
0.00490848
0.00527651
0.000500778
0
0
0
1682192019.64462
msg_begin
7.75789e+06
-363741
-2.50174
0.00270734
0.00274661
7.26593e-05
0
0
0
1682192019.69500
msg_begin
7.75789e+06
-363741
-2.50141
0.0034248
0.00244861
0.000349881
0
0
0
1682192019.74454
msg_begin
7.75789e+06
-363741
-2.50178
0.00226455
0.00132072
0.000250383
0
0
0
1682192019.79452
msg_begin
7.75789e+06
-363741
-2.50185
0.00253532
0.00137232
0.000287885
0
0
0
1682192019.84448
msg_begin
7.75789e+06
-363741
-2.50197
0.00157551
0.00132502
0.000182275
0
0
0
1682192019.89449
msg_begin
7.75789e+06
-363741
-2.50144
0.000455829
0.00193689
7.115e-05
0
0
0
1682192019.94454
msg_begin
7.75789e+06
-363741
-2.5017
0.00285198
0.00234777
0.000263321
0
0
0
1682192019.99453
msg_begin
7.75789e+06
-363741
-2.50176
0.0014007
0.000911593
0.000146939
0
0
0
1682192020.04458
msg_begin
7.75789e+06
-363741
-2.50143
0.00282226
0.00315724
0.000171254
0
0
0
1682192020.09456
msg_begin
7.75789e+06
-363741
-2.501
0.000489204
0.000120307
6.23955e-05
0
0
0
1682192020.14467
msg_begin
7.75789e+06
-363741
-2.50063
0.00222267
0.00837662
0.000295764
0
0
0
1682192020.19473
msg_begin
7.75789e+06
-363741
-2.50231
0.00175192
0.00631301
0.000973443
0
0
0
1682192020.24472
msg_begin
7.75789e+06
-363741
-2.50115
0.00155529
0.00092229
9.69287e-05
0
0
0
1682192020.29476
msg_begin
7.75789e+06
-363741
-2.50129
0.00323536
0.00668253
0.00053608
0
0
0
1682192020.34481
msg_begin
7.75789e+06
-363741
-2.50135
0.00552396
0.0092499
0.000804844
0
0
0
1682192020.39490
msg_begin
7.75789e+06
-363741
-2.50113
0.00361884
0.00484045
0.000424644
0
0
0
1682192020.44480
msg_begin
7.75789e+06
-363741
-2.50092
0.00104154
0.00176305
0.000244539
0
0
0
1682192020.49484
msg_begin
7.75789e+06
-363741
-2.50108
0.00114459
0.00276348
0.000142618
0
0
0
1682192020.54475
msg_begin
7.75789e+06
-363741
-2.50187
0.00088189
0.000961946
3.5417e-05
0
0
0
1682192020.59472
msg_begin
7.75789e+06
-363741
-2.50189
0.00447967
0.00224583
0.00040531
0
0
0
1682192020.64476
msg_begin
7.75789e+06
-363741
-2.50192
0.00407194
0.0045405
0.000414044
0
0
0
1682192020.69474
msg_begin
7.75789e+06
-363741
-2.50151
0.00120956
0.000629142
8.17531e-05
0
0
0
1682192020.74471
msg_begin
7.75789e+06
-363741
-2.50087
0.00112962
0.00082021
3.54338e-05
0
0
0
1682192020.79470
msg_begin
7.75789e+06
-363741
-2.50224
0.000502157
0.000291558
5.69066e-05
0
0
0
1682192020.84469
msg_begin
7.75789e+06
-363741
-2.50234
0.00227861
0.00658425
0.000548769
0
0
0
1682192020.89473
msg_begin
7.75789e+06
-363741
-2.50203
0.00051188
0.000515782
6.07002e-05
0
0
0
1682192020.94470
msg_begin
7.75789e+06
-363741
-2.50201
0.0024595
0.00145365
0.00021368
0
0
0
1682192020.99468
msg_begin
7.75789e+06
-363741
-2.50104
0.00154364
0.00158847
0.000150152
0
0
0
1682192021.04464
msg_begin
7.75789e+06
-363741
-2.50123
0.00343932
0.00160917
0.000510687
0
0
0
1682192021.09570
msg_begin
7.75789e+06
-363741
-2.5016
0.00289284
0.00257456
0.000349066
0
0
0
1682192021.14457
msg_begin
7.75789e+06
-363741
-2.50147
0.00137898
0.00371794
0.000335826
0
0
0
1682192021.19463
msg_begin
7.75789e+06
-363741
-2.50113
0.00164005
0.00195154
0.000205373
0
0
0
1682192021.24450
msg_begin
7.75789e+06
-363741
-2.50151
6.00389e-05
0.000343865
4.20921e-05
0
0
0
1682192021.29519
msg_begin
7.75789e+06
-363741
-2.50096
0.00233076
0.00139937
0.00011344
0
0
0
1682192021.34459
msg_begin
7.75789e+06
-363741
-2.50178
0.00285581
0.00300967
0.000259253
0
0
0
1682192021.39462
msg_begin
7.75789e+06
-363741
-2.50118
0.00239934
0.00324789
0.000243658
0
0
0
1682192021.44461
msg_begin
7.75789e+06
-363741
-2.50214
0.00276413
0.00537739
0.000509719
0
0
0
1682192021.49461
msg_begin
7.75789e+06
-363741
-2.50122
0.00447442
0.00823612
0.000653671
0
0
0
1682192021.54474
msg_begin
7.75789e+06
-363741
-2.50219
0.000821223
0.000519265
5.11896e-05
0
0
0
1682192021.59473
msg_begin
7.75789e+06
-363741
-2.50101
0.00480555
0.00170323
0.000309505
0
0
0
1682192021.64469
msg_begin
7.75789e+06
-363741
-2.50206
0.0035693
0.00219162
0.000270911
0
0
0
1682192021.69589
msg_begin
7.75789e+06
-363741
-2.5014
0.00219304
0.00149503
0.000166383
0
0
0
1682192021.74471
msg_begin
7.75789e+06
-363741
-2.50098
0.000285979
0.000618569
1.6375e-05
0
0
0
1682192021.79466
msg_begin
7.75789e+06
-363741
-2.50152
0.00269057
0.00460689
0.000439592
0
0
0
1682192021.84466
msg_begin
7.75789e+06
-363741
-2.50221
0.00189042
0.00260454
0.000142782
0
0
0
1682192021.89462
msg_begin
7.75789e+06
-363741
-2.50159
0.00031355
0.000325834
5.57791e-05
0
0
0
1682192021.94456
msg_begin
7.75789e+06
-363741
-2.50104
0.00354926
0.0021791
0.000283229
0
0
0
1682192021.99455
msg_begin
7.75789e+06
-363741
-2.50228
0.00483928
0.00499131
0.00052749
0
0
0
1682192022.04452
msg_begin
7.75789e+06
-363741
-2.50116
0.00329725
0.00339365
0.000371142
0
0
0
1682192022.09451
msg_begin
7.75789e+06
-363741
-2.50168
0.00600203
0.00193343
0.000231567
0
0
0
1682192022.14460
msg_begin
7.75789e+06
-363741
-2.50171
0.00217857
0.00335345
0.000198148
0
0
0
1682192022.19454
msg_begin
7.75789e+06
-363741
-2.50157
0.00189924
0.00432537
0.000358027
0
0
0
1682192022.24459
msg_begin
7.75789e+06
-363741
-2.50101
0.00177762
0.00147686
8.46504e-05
0
0
0
1682192022.29462
msg_begin
7.75789e+06
-363741
-2.50147
0.000943143
0.00394635
0.000531258
0
0
0
1682192022.34467
msg_begin
7.75789e+06
-363741
-2.5029
0.00289168
0.00327592
0.000650876
0
0
0
1682192022.39466
msg_begin
7.75789e+06
-363741
-2.50144
0.00470042
0.00498191
0.000211624
0
0
0
1682192022.44466
msg_begin
7.75789e+06
-363741
-2.50017
0.00410942
0.00989574
0.000747964
0
0
0
1682192022.49466
msg_begin
7.75789e+06
-363741
-2.49955
0.000439914
0.00150554
8.09807e-05
0
0
0
1682192022.54468
msg_begin
7.75789e+06
-363741
-2.50206
0.00284112
0.00888503
0.00030998
0
0
0
1682192022.59459
msg_begin
7.75789e+06
-363741
-2.50155
0.00523987
0.00450014
0.000324464
0
0
0
1682192022.64461
msg_begin
7.75789e+06
-363741
-2.50164
0.00372373
0.00580963
0.000349509
0
0
0
1682192022.69463
msg_begin
7.75789e+06
-363741
-2.50168
0.00785733
0.00366211
0.000229147
0
0
0
1682192022.74458
msg_begin
7.75789e+06
-363741
-2.50156
0.00253932
0.00412021
0.000298911
0
0
0
1682192022.79459
msg_begin
7.75789e+06
-363741
-2.50191
0.00432646
0.00580022
0.000252119
0
0
0
1682192022.84462
msg_begin
7.75789e+06
-363741
-2.49789
8.00937e-08
5.82077e-10
1.33227e-15
0
0
0
1682192022.89461
msg_begin
7.75789e+06
-363741
-2.49765
0.00329435
0.00354684
0.000329772
0
0
0
1682192022.94468
msg_begin
7.75789e+06
-363741
-2.49725
0.00274998
0.00135444
0.000170508
0
0
0
1682192022.99471
msg_begin
7.75789e+06
-363741
-2.49866
0.00178731
0.00383108
0.000696766
0
0
0
1682192023.04483
msg_begin
7.75789e+06
-363741
-2.50247
0.00817601
0.00801255
0.00064256
0
0
0
1682192023.09594
msg_begin
7.75789e+06
-363741
-2.50347
0.010576
0.00586805
0.000558328
0
0
0
1682192023.14482
msg_begin
7.75789e+06
-363741
-2.50203
0.00237476
0.00186415
0.000297082
0
0
0
1682192023.19481
msg_begin
7.75789e+06
-363741
-2.49966
1.21072e-08
1.5134e-09
2.22045e-15
0
0
0
1682192023.24505
msg_begin
7.75789e+06
-363741
-2.49984
0.00238536
0.0078954
0.00176232
0
0
0
1682192023.29580
msg_begin
7.75789e+06
-363741
-2.49962
0.0175823
0.00690403
0.00350996
0
0
0
1682192023.34474
msg_begin
7.75789e+06
-363742
-2.50241
0.00165806
0.00660979
0.000462472
0
0
0
1682192023.39467
msg_begin
7.75789e+06
-363742
-2.50285
0.00142854
0.00125585
9.83095e-05
0
0
0
1682192023.44471
msg_begin
7.75789e+06
-363742
-2.50025
0.00448453
0.00733911
0.000549655
0
0
0
1682192023.49461
msg_begin
7.75789e+06
-363742
-2.4997
0.000681179
0.00165073
2.99848e-05
0
0
0
1682192023.54455
msg_begin
7.75789e+06
-363742
-2.502
0.0039823
0.00468404
0.00107037
0
0
0
1682192023.59450
msg_begin
7.75789e+06
-363742
-2.50276
0.000496896
0.000165596
2.22787e-05
0
0
0
1682192023.64448
msg_begin
7.75789e+06
-363742
-2.5021
0.0122503
0.00743998
0.000499256
0
0
0
1682192023.69543
msg_begin
7.75789e+06
-363742
-2.50347
0.000688966
0.000454714
4.7305e-05
0
0
0
1682192023.74433
msg_begin
7.75789e+06
-363742
-2.50312
0.0040861
0.00245825
0.000448714
0
0
0
1682192023.79433
msg_begin
7.75789e+06
-363742
-2.50199
0.00298462
0.00210488
0.000541753
0
0
0
1682192023.84431
msg_begin
7.75789e+06
-363742
-2.50234
2.86575e-06
0.000278708
8.31904e-06
0
0
0
1682192023.89427
msg_begin
7.75789e+06
-363742
-2.5017
0.00465081
0.00242282
0.000405391
0
0
0
1682192023.94430
msg_begin
7.75789e+06
-363742
-2.4991
0.00441668
0.00457794
0.000291125
0
0
0
1682192023.99433
msg_begin
7.75789e+06
-363742
-2.50186
0.000291656
0.00223268
8.43098e-05
0
0
0
1682192024.04447
msg_begin
7.75789e+06
-363742
-2.50158
0.000697812
0.000697874
6.08185e-05
0
0
0
1682192024.09568
msg_begin
7.75789e+06
-363742
-2.49822
2.42144e-08
3.95812e-09
2.66454e-15
0
0
0
1682192024.14440
msg_begin
7.75789e+06
-363742
-2.49772
0.000841796
0.00110614
0.000229153
0
0
0
1682192024.19442
msg_begin
7.75789e+06
-363742
-2.50141
0.00741382
0.0151876
0.00128419
0
0
0
1682192024.24443
msg_begin
7.75789e+06
-363742
-2.49875
0.0022428
0.00542066
0.000201791
0
0
0
1682192024.29553
msg_begin
7.75789e+06
-363742
-2.50389
0.00176768
0.00135174
0.00038217
0
0
0
1682192024.34436
msg_begin
7.75789e+06
-363742
-2.5046
0.00507351
0.00445128
0.000592536
0
0
0
1682192024.39433
msg_begin
7.75789e+06
-363742
-2.49802
2.79397e-09
2.91038e-09
2.22045e-15
0
0
0
1682192024.44428
msg_begin
7.75789e+06
-363742
-2.49488
0.00228731
0.00250542
6.52129e-05
0
0
0
1682192024.49458
msg_begin
7.75789e+06
-363742
-2.49699
0.0144283
0.00354263
0.000248936
0
0
0
1682192024.54416
msg_begin
7.75789e+06
-363742
-2.49618
0.00621927
0.00464417
0.000350119
0
0
0
1682192024.59411
msg_begin
7.75789e+06
-363742
-2.49592
0.00247316
0.00470473
0.000484402
0
0
0
1682192024.64442
msg_begin
7.75789e+06
-363742
-2.49786
0.00719326
0.00740839
0.000554719
0
0
0
1682192024.69475
msg_begin
7.75789e+06
-363742
-2.50115
0.000457121
0.00225004
0.000247551
0
0
0
1682192024.74398
msg_begin
7.75789e+06
-363743
-2.49701
0.00394773
0.00543494
0.00124786
0
0
0
1682192024.79399
msg_begin
7.75789e+06
-363743
-2.49552
0.00055568
0.000104736
1.46845e-05
0
0
0
1682192024.84440
msg_begin
7.75789e+06
-363743
-2.49578
0.00768854
0.004805
0.000664577
0
0
0
1682192024.89542
msg_begin
7.75789e+06
-363743
-2.49595
7.35745e-08
5.82077e-11
1.33227e-15
0
0
0
1682192024.94395
msg_begin
7.75789e+06
-363743
-2.49416
0.0162472
0.00327094
0.000252911
0
0
0
1682192024.99402
msg_begin
7.75789e+06
-363743
-2.49255
0.0101917
0.00974744
0.000393516
0
0
0
1682192025.04405
msg_begin
7.75789e+06
-363743
-2.49297
0.000385453
0.00172002
3.24512e-05
0
0
0
1682192025.09468
msg_begin
7.75789e+06
-363743
-2.49511
0.00629822
0.00264171
0.000428445
0
0
0
1682192025.14403
msg_begin
7.75789e+06
-363743
-2.49511
2.79397e-08
1.74623e-09
2.22045e-15
0
0
0
1682192025.19404
msg_begin
7.75788e+06
-363743
-2.49652
0.0032254
0.0123155
0.000302316
0
0
0
1682192025.24401
msg_begin
7.75788e+06
-363743
-2.49915
0.00249541
0.00621873
0.000113417
0
0
0
1682192025.29486
msg_begin
7.75788e+06
-363743
-2.49721
0.00279656
0.00106595
0.000338887
0
0
0
1682192025.34397
msg_begin
7.75788e+06
-363744
-2.49641
8.56817e-08
1.33878e-09
1.33227e-15
0
0
0
1682192025.39392
msg_begin
7.75788e+06
-363744
-2.49762
0.00514642
0.00503635
0.000508104
0
0
0
1682192025.44401
msg_begin
7.75788e+06
-363744
-2.49567
0.0115005
0.00405065
0.000506085
0
0
0
1682192025.49466
msg_begin
7.75788e+06
-363744
-2.49734
0.00434017
0.00228085
0.000178741
0
0
0
1682192025.54389
msg_begin
7.75788e+06
-363744
-2.49925
1.86265e-09
3.37604e-09
1.33227e-15
0
0
0
1682192025.59386
msg_begin
7.75788e+06
-363744
-2.50044
0.00817703
0.00666612
0.000399988
0
0
0
1682192025.64391
msg_begin
7.75788e+06
-363744
-2.49757
0.000253356
0.00161459
0.000143627
0
0
0
1682192025.69477
msg_begin
7.75788e+06
-363744
-2.49602
0.00514947
0.00427203
0.000508573
0
0
0
1682192025.74399
msg_begin
7.75788e+06
-363744
-2.49646
0.00390209
0.00122254
0.00023646
0
0
0
1682192025.79401
msg_begin
7.75788e+06
-363744
-2.49784
0.00672722
0.00575228
0.000399026
0
0
0
1682192025.84400
msg_begin
7.75788e+06
-363745
-2.4981
0.00685052
0.00249246
0.000518451
0
0
0
1682192025.89491
msg_begin
7.75788e+06
-363745
-2.49825
0.0192616
0.0229652
0.00137261
0
0
0
1682192025.94401
msg_begin
7.75788e+06
-363745
-2.49784
0.00823403
0.00790149
0.000635716
0
0
0
1682192025.99405
msg_begin
7.75788e+06
-363745
-2.49623
6.51926e-09
1.57161e-09
2.22045e-15
0
0
0
1682192026.04400
msg_begin
7.75788e+06
-363745
-2.49479
0.00592216
0.00957538
0.000502934
0
0
0
1682192026.09487
msg_begin
7.75788e+06
-363745
-2.49322
0.00328271
0.00207898
7.42262e-05
0
0
0
1682192026.14400
msg_begin
7.75788e+06
-363745
-2.49295
0.00666101
0.00368486
0.000279899
0
0
0
1682192026.19394
msg_begin
7.75788e+06
-363745
-2.49326
0.0245536
0.0147727
0.00223762
0
0
0
1682192026.24395
msg_begin
7.75788e+06
-363746
-2.4934
0.00559842
0.00795864
0.000472887
0
0
0
1682192026.29517
msg_begin
7.75788e+06
-363746
-2.49199
0.0122027
0.00664513
0.000844591
0
0
0
1682192026.34379
msg_begin
7.75788e+06
-363746
-2.492
0.00179747
0.00405067
0.000173458
0
0
0
1682192026.39369
msg_begin
7.75788e+06
-363746
-2.49189
0.00827192
0.00555884
0.00043069
0
0
0
1682192026.44401
msg_begin
7.75788e+06
-363746
-2.49091
0.00808162
0.00447098
0.000120724
0
0
0
1682192026.49458
msg_begin
7.75788e+06
-363746
-2.49029
0.0104368
0.0102948
0.000508204
0
0
0
1682192026.54354
msg_begin
7.75788e+06
-363746
-2.49082
0.00329346
0.00312559
0.000286574
0
0
0
1682192026.59355
msg_begin
7.75788e+06
-363746
-2.48962
0.00138133
0.000813159
0.000184778
0
0
0
1682192026.64351
msg_begin
7.75788e+06
-363746
-2.48995
0.00286275
0.00570616
0.000441889
0
0
0
1682192026.69458
msg_begin
7.75788e+06
-363747
-2.48893
0.00260787
0.00724116
0.000226282
0
0
0
1682192026.74348
msg_begin
7.75788e+06
-363747
-2.48972
0.00226901
0.00757599
0.000583277
0
0
0
1682192026.79349
msg_begin
7.75788e+06
-363747
-2.48745
0.00138119
0.00808789
0.000201581
0
0
0
1682192026.84359
msg_begin
7.75788e+06
-363747
-2.49062
0.00292588
0.00279163
0.000425594
0
0
0
1682192026.89467
msg_begin
7.75788e+06
-363747
-2.49132
0.0161489
0.0128315
0.00133648
0
0
0
1682192026.94366
msg_begin
7.75788e+06
-363747
-2.49078
0.00506294
0.00143755
0.000130758
0
0
0
1682192026.99367
msg_begin
7.75788e+06
-363747
-2.48775
0.00327529
0.0161099
0.000596573
0
0
0
1682192027.04445
msg_begin
7.75788e+06
-363748
-2.48993
0.00283205
0.00319635
0.000277571
0
0
0
1682192027.09460
msg_begin
7.75788e+06
-363748
-2.48892
0.0010587
0.00728234
0.000148564
0
0
0
1682192027.14383
msg_begin
7.75788e+06
-363748
-2.4866
1.58325e-08
1.22236e-09
3.9968e-15
0
0
0
1682192027.19393
msg_begin
7.75788e+06
-363748
-2.4871
0.0196105
0.0109302
0.00123956
0
0
0
1682192027.24406
msg_begin
7.75788e+06
-363748
-2.48618
0.008461
0.00156967
0.000500995
0
0
0
1682192027.29523
msg_begin
7.75788e+06
-363748
-2.48254
0.00396404
0.00170624
0.00160209
0
0
0
1682192027.34407
msg_begin
7.75788e+06
-363748
-2.48141
0.0080446
0.00350343
0.000563508
0
0
0
1682192027.39406
msg_begin
7.75788e+06
-363749
-2.48193
0.0029666
0.00718671
0.00029441
0
0
0
1682192027.44413
msg_begin
7.75788e+06
-363749
-2.48362
0.0256896
0.0232504
0.000675481
0
0
0
1682192027.49507
msg_begin
7.75788e+06
-363749
-2.48452
0.0016607
0.00120592
0.000151405
0
0
0
1682192027.54403
msg_begin
7.75788e+06
-363749
-2.48668
0.0087668
0.0104686
0.000753767
0
0
0
1682192027.59405
msg_begin
7.75788e+06
-363749
-2.48375
0.0106612
0.00772302
0.00143762
0
0
0
1682192027.64407
msg_begin
7.75788e+06
-363749
-2.48279
0.00303146
0.00427915
0.000138914
0
0
0
1682192027.69503
msg_begin
7.75788e+06
-363749
-2.48418
0.00608223
0.00835016
0.000454356
0
0
0
1682192027.74394
msg_begin
7.75788e+06
-363750
-2.48639
0.0068771
0.0173334
0.000269421
0
0
0
1682192027.79393
msg_begin
7.75788e+06
-363750
-2.48301
0.00455398
0.00247231
0.000320496
0
0
0
1682192027.84391
msg_begin
7.75788e+06
-363750
-2.48617
0.00589697
0.00813234
0.000280633
0
0
0
1682192027.89383
msg_begin
7.75788e+06
-363750
-2.48754
0.0286849
0.029684
0.00146622
0
0
0
1682192027.94388
msg_begin
7.75788e+06
-363750
-2.48678
0.00107294
0.00381133
0.00019625
0
0
0
1682192027.99379
msg_begin
7.75788e+06
-363750
-2.48638
0.00844649
0.00319401
0.000277099
0
0
0
1682192028.04373
msg_begin
7.75788e+06
-363751
-2.48744
0.00472405
0.00242064
0.000201484
0
0
0
1682192028.09368
msg_begin
7.75788e+06
-363751
-2.48511
0.00945246
0.00918299
0.000546821
0
0
0
1682192028.14366
msg_begin
7.75788e+06
-363751
-2.48283
0.00217373
0.00423721
4.1973e-05
0
0
0
1682192028.19362
msg_begin
7.75787e+06
-363751
-2.48516
0.00954624
0.00630953
0.000786039
0
0
0
1682192028.24357
msg_begin
7.75787e+06
-363751
-2.486
0.00359842
0.00154188
0.000249811
0
0
0
1682192028.29356
msg_begin
7.75787e+06
-363751
-2.48416
1.76951e-08
3.31784e-09
1.77636e-15
0
0
0
1682192028.34360
msg_begin
7.75787e+06
-363752
-2.48633
0.00284849
0.00046969
5.65043e-05
0
0
0
1682192028.39357
msg_begin
7.75787e+06
-363752
-2.48331
0.00577686
0.00304115
0.000338789
0
0
0
1682192028.44355
msg_begin
7.75787e+06
-363752
-2.48481
0.00210987
0.00580602
0.000141675
0
0
0
1682192028.49362
msg_begin
7.75787e+06
-363752
-2.48369
0.0495101
0.0407268
0.00219657
0
0
0
1682192028.54365
msg_begin
7.75787e+06
-363752
-2.48352
0.0441182
0.0399559
0.00113039
0
0
0
1682192028.59361
msg_begin
7.75787e+06
-363752
-2.48364
7.01035e-05
0.000152816
1.2977e-05
0
0
0
1682192028.64364
msg_begin
7.75787e+06
-363753
-2.48303
0.00173535
0.00319408
0.000143575
0
0
0
1682192028.69373
msg_begin
7.75787e+06
-363753
-2.48346
0.00875401
0.00763127
0.00127335
0
0
0
1682192028.74368
msg_begin
7.75787e+06
-363753
-2.48022
0.00245187
0.00459901
0.000422471
0
0
0
1682192028.79370
msg_begin
7.75787e+06
-363753
-2.48042
0.00558101
0.00153237
0.000240209
0
0
0
1682192028.84377
msg_begin
7.75787e+06
-363753
-2.48382
0.00647487
0.0119017
0.000291404
0
0
0
1682192028.89486
msg_begin
7.75787e+06
-363754
-2.48517
0.00269848
0.000109238
3.36752e-05
0
0
0
1682192028.94373
msg_begin
7.75787e+06
-363754
-2.48349
0.00191066
0.00365105
0.000249482
0
0
0
1682192028.99381
msg_begin
7.75787e+06
-363754
-2.48442
0.0218335
0.0153721
0.000879104
0
0
0
1682192029.04377
msg_begin
7.75787e+06
-363754
-2.47995
0.0385676
0.0260532
0.00146432
0
0
0
1682192029.09506
msg_begin
7.75787e+06
-363754
-2.48137
0.0127728
0.0134911
0.000412649
0
0
0
1682192029.14384
msg_begin
7.75787e+06
-363754
-2.48394
0.00692844
0.00632112
0.000442582
0
0
0
1682192029.19389
msg_begin
7.75787e+06
-363755
-2.48445
0.00266543
0.00111783
5.43694e-05
0
0
0
1682192029.24399
msg_begin
7.75787e+06
-363755
-2.48343
7.17118e-08
2.50293e-09
8.88178e-16
0
0
0
1682192029.29533
msg_begin
7.75787e+06
-363755
-2.48036
0.00159476
0.000276394
0.000170921
0
0
0
1682192029.34397
msg_begin
7.75787e+06
-363755
-2.48367
0.00314423
0.000150831
0.000272969
0
0
0
1682192029.39398
msg_begin
7.75787e+06
-363755
-2.48405
0.00385283
0.00173101
0.000115211
0
0
0
1682192029.44403
msg_begin
7.75787e+06
-363756
-2.48332
0.0033263
0.00162643
0.000121587
0
0
0
1682192029.49512
msg_begin
7.75787e+06
-363756
-2.48309
0.00404008
0.00751883
0.000428722
0
0
0
1682192029.54394
msg_begin
7.75787e+06
-363756
-2.48475
0.000292525
0.000565268
3.03597e-06
0
0
0
1682192029.59389
msg_begin
7.75787e+06
-363756
-2.48516
0.00369471
0.00253917
0.000219685
0
0
0
1682192029.64397
msg_begin
7.75787e+06
-363756
-2.4871
0.00420392
0.0011257
9.69581e-05
0
0
0
1682192029.69493
msg_begin
7.75787e+06
-363756
-2.4859
0.00033366
0.00013445
7.09486e-06
0
0
0
1682192029.74369
msg_begin
7.75787e+06
-363757
-2.48783
0.0103427
0.00460491
0.000140295
0
0
0
1682192029.79366
msg_begin
7.75787e+06
-363757
-2.48563
0.0134882
0.00935934
0.000289569
0
0
0
1682192029.84360
msg_begin
7.75787e+06
-363757
-2.48769
0.0155516
0.0115889
0.00137712
0
0
0
1682192029.89464
msg_begin
7.75787e+06
-363757
-2.48572
0.0105263
0.000204695
0.00048421
0
0
0
1682192029.94373
msg_begin
7.75787e+06
-363757
-2.48779
0.00646656
0.00148475
0.000140445
0
0
0
1682192029.99379
msg_begin
7.75787e+06
-363758
-2.48596
0.00181454
0.00342771
0.000244099
0
0
0
1682192030.04380
msg_begin
7.75787e+06
-363758
-2.48658
0.000789797
0.00431934
0.0001593
0
0
0
1682192030.09489
msg_begin
7.75787e+06
-363758
-2.4888
0.0447501
0.0313615
0.000795532
0
0
0
1682192030.14398
msg_begin
7.75787e+06
-363758
-2.48909
0.00719629
0.00877447
0.00102223
0
0
0
1682192030.19400
msg_begin
7.75787e+06
-363758
-2.49022
0.0155294
0.0147568
0.000315299
0
0
0
1682192030.24415
msg_begin
7.75787e+06
-363759
-2.48923
0.04215
0.0336167
0.0008131
0
0
0
1682192030.29539
msg_begin
7.75787e+06
-363759
-2.48838
0.00610958
0.00261954
6.97243e-05
0
0
0
1682192030.34402
msg_begin
7.75786e+06
-363759
-2.48915
0.00275166
0.00221484
2.92808e-05
0
0
0
1682192030.39403
msg_begin
7.75786e+06
-363759
-2.49159
0.00169362
0.00555126
0.0003471
0
0
0
1682192030.44395
msg_begin
7.75786e+06
-363760
-2.48778
4.47035e-08
1.92085e-09
2.66454e-15
0
0
0
1682192030.49530
msg_begin
7.75786e+06
-363760
-2.48795
0.00718845
0.00559899
0.000345832
0
0
0
1682192030.54395
msg_begin
7.75786e+06
-363760
-2.48849
6.89179e-08
5.82077e-10
4.44089e-15
0
0
0
1682192030.59392
msg_begin
7.75786e+06
-363760
-2.48837
0.00635153
0.0159812
0.000473134
0
0
0
1682192030.64401
msg_begin
7.75786e+06
-363760
-2.49084
0.00137032
0.00236191
8.08834e-05
0
0
0
1682192030.69457
msg_begin
7.75786e+06
-363761
-2.49185
0.00555756
0.00750836
0.00123305
0
0
0
1682192030.74391
msg_begin
7.75786e+06
-363761
-2.48972
0.000386714
0.000467395
5.70672e-05
0
0
0
1682192030.79398
msg_begin
7.75786e+06
-363761
-2.49143
0.00643835
0.0094434
0.000642157
0
0
0
1682192030.84393
msg_begin
7.75786e+06
-363761
-2.48991
0.00326756
0.00223612
0.000238385
0
0
0
1682192030.89491
msg_begin
7.75786e+06
-363761
-2.49043
0.0128493
0.00842389
0.000600944
0
0
0
1682192030.94393
msg_begin
7.75786e+06
-363761
-2.49272
0.0128355
0.00802405
0.000711325
0
0
0
1682192030.99394
msg_begin
7.75786e+06
-363762
-2.49391
0.0119018
0.00911004
0.000340539
0
0
0
1682192031.04397
msg_begin
7.75786e+06
-363762
-2.49319
0.00127333
0.00343724
0.000600343
0
0
0
1682192031.09466
msg_begin
7.75786e+06
-363762
-2.49649
0.00259075
0.000736083
0.000111689
0
0
0
1682192031.14406
msg_begin
7.75786e+06
-363762
-2.49743
0.00287952
0.00216349
0.000297731
0
0
0
1682192031.19410
msg_begin
7.75786e+06
-363763
-2.49789
0.000201851
0.00173004
6.79829e-05
0
0
0
1682192031.24415
msg_begin
7.75786e+06
-363763
-2.49787
0.0040401
0.00755917
0.000184492
0
0
0
1682192031.29541
msg_begin
7.75786e+06
-363763
-2.49696
0.00233526
0.00134468
2.09346e-06
0
0
0
1682192031.34423
msg_begin
7.75786e+06
-363763
-2.49861
0.00562734
0.00508324
0.000215912
0
0
0
1682192031.39424
msg_begin
7.75786e+06
-363763
-2.49777
0.00488424
0.0010367
0.000198824
0
0
0
1682192031.44428
msg_begin
7.75786e+06
-363764
-2.49718
0.00680021
0.00757359
0.000474076
0
0
0
1682192031.49565
msg_begin
7.75786e+06
-363764
-2.49721
0.00704342
0.00402065
0.000344939
0
0
0
1682192031.54412
msg_begin
7.75786e+06
-363764
-2.4985
0.0230637
0.0169771
0.0013453
0
0
0
1682192031.59416
msg_begin
7.75786e+06
-363764
-2.4972
0.00241801
0.0045235
0.000181395
0
0
0
1682192031.64401
msg_begin
7.75786e+06
-363764
-2.50022
0.00388042
0.00686898
0.000591526
0
0
0
1682192031.69482
msg_begin
7.75786e+06
-363765
-2.4999
0.00769182
0.0135162
0.000402374
0
0
0
1682192031.74409
msg_begin
7.75786e+06
-363765
-2.4989
0.0178343
0.0131632
0.000425933
0
0
0
1682192031.79404
msg_begin
7.75786e+06
-363765
-2.49622
8.28877e-08
3.84171e-09
2.22045e-15
0
0
0
1682192031.84410
msg_begin
7.75786e+06
-363765
-2.49716
0.0089988
0.00725798
4.52124e-05
0
0
0
1682192031.89529
msg_begin
7.75786e+06
-363766
-2.4981
0.00147679
0.000333063
4.37861e-05
0
0
0
1682192031.94422
msg_begin
7.75786e+06
-363766
-2.4965
0.00687684
0.0115902
0.00061742
0
0
0
1682192031.99426
msg_begin
7.75786e+06
-363766
-2.4974
0.0011569
0.00285008
0.000111843
0
0
0
1682192032.04433
msg_begin
7.75786e+06
-363766
-2.49829
0.00599033
0.0046593
0.000547747
0
0
0
1682192032.09534
msg_begin
7.75786e+06
-363766
-2.49805
0.0123381
0.00131283
0.00168411
0
0
0
1682192032.14427
msg_begin
7.75786e+06
-363767
-2.49877
0.00974456
0.00655729
2.1992e-05
0
0
0
1682192032.19429
msg_begin
7.75785e+06
-363767
-2.4988
0.00523647
0.00403962
5.45379e-05
0
0
0
1682192032.24430
msg_begin
7.75785e+06
-363767
-2.49917
0.00153105
0.00344282
0.000147189
0
0
0
1682192032.29515
msg_begin
7.75785e+06
-363767
-2.49783
0.00288154
3.21815e-05
2.28174e-05
0
0
0
1682192032.34428
msg_begin
7.75785e+06
-363768
-2.49866
0.00100876
0.000534648
0.000128345
0
0
0
1682192032.39429
msg_begin
7.75785e+06
-363768
-2.49871
0.00248971
0.00736504
0.000130489
0
0
0
1682192032.44428
msg_begin
7.75785e+06
-363768
-2.49868
0.0452989
0.0338419
0.000564621
0
0
0
1682192032.49506
msg_begin
7.75785e+06
-363768
-2.49873
0.0022761
0.00225957
0.000131802
0
0
0
1682192032.54423
msg_begin
7.75785e+06
-363768
-2.49909
0.000883129
0.000912051
4.0971e-05
0
0
0
1682192032.59416
msg_begin
7.75785e+06
-363769
-2.49877
0.00355901
0.00695674
0.000212113
0
0
0
1682192032.64410
msg_begin
7.75785e+06
-363769
-2.49935
0.00503595
0.00518618
0.000647889
0
0
0
1682192032.69509
msg_begin
7.75785e+06
-363769
-2.50216
0.0344392
0.0254484
0.00148382
0
0
0
1682192032.74394
msg_begin
7.75785e+06
-363769
-2.50321
0.0809448
0.0641717
0.000135028
0
0
0
1682192032.79385
msg_begin
7.75785e+06
-363769
-2.50302
0.00224772
0.000703608
0.000380583
0
0
0
1682192032.84379
msg_begin
7.75785e+06
-363770
-2.50151
0.00419076
0.00153038
0.00019709
0
0
0
1682192032.89442
msg_begin
7.75785e+06
-363770
-2.50305
0.00867597
0.0113991
0.00149092
0
0
0
1682192032.94372
msg_begin
7.75785e+06
-363770
-2.50635
0.012261
0.0132256
0.00167182
0
0
0
1682192032.99367
msg_begin
7.75785e+06
-363770
-2.5046
0.00970331
0.00750137
0.000815184
0
0
0
1682192033.04366
msg_begin
7.75785e+06
-363771
-2.50203
0.00158932
0.00114045
0.000182925
0
0
0
1682192033.09482
msg_begin
7.75785e+06
-363771
-2.50209
0.000243244
0.00312792
2.50336e-05
0
0
0
1682192033.14362
msg_begin
7.75785e+06
-363771
-2.5006
0.0157893
0.00800284
0.00117949
0
0
0
1682192033.19370
msg_begin
7.75785e+06
-363771
-2.50657
6.51926e-08
8.73115e-10
8.88178e-16
0
0
0
1682192033.24363
msg_begin
7.75785e+06
-363771
-2.50549
0.00389668
0.00893979
0.000543864
0
0
0
1682192033.29470
msg_begin
7.75785e+06
-363772
-2.50608
0.00108074
0.000792812
6.55562e-05
0
0
0
1682192033.34365
msg_begin
7.75785e+06
-363772
-2.5047
0.00225744
0.00220695
6.35525e-05
0
0
0
1682192033.39366
msg_begin
7.75785e+06
-363772
-2.50369
0.00166524
0.00344723
0.000249068
0
0
0
1682192033.44366
msg_begin
7.75785e+06
-363772
-2.50325
0.0231283
0.0152402
0.000913355
0
0
0
1682192033.49424
msg_begin
7.75785e+06
-363772
-2.5046
6.51926e-08
1.74623e-10
1.77636e-15
0
0
0
1682192033.54351
msg_begin
7.75785e+06
-363773
-2.50381
0.0122274
0.0160805
0.000832814
0
0
0
1682192033.59349
msg_begin
7.75785e+06
-363773
-2.50256
4.47035e-08
3.49246e-10
5.77316e-15
0
0
0
1682192033.64351
msg_begin
7.75785e+06
-363773
-2.50351
0.0262732
0.0125372
0.000970891
0
0
0
1682192033.69454
msg_begin
7.75785e+06
-363773
-2.50249
0.00430736
0.00373374
0.000705026
0
0
0
1682192033.74355
msg_begin
7.75785e+06
-363774
-2.50057
0.0029949
0.00319128
0.000110144
0
0
0
1682192033.79359
msg_begin
7.75785e+06
-363774
-2.50242
0.00569077
0.00879492
0.000150615
0
0
0
1682192033.84413
msg_begin
7.75785e+06
-363774
-2.50106
0.0037517
0.00490304
0.000221399
0
0
0
1682192033.89431
msg_begin
7.75785e+06
-363774
-2.50134
0.0187195
0.00801829
0.00170267
0
0
0
1682192033.94377
msg_begin
7.75785e+06
-363774
-2.50043
0.0202865
0.00648737
0.0011053
0
0
0
1682192033.99384
msg_begin
7.75784e+06
-363775
-2.50479
0.000978267
0.00088811
4.07082e-05
0
0
0
1682192034.04398
msg_begin
7.75784e+06
-363775
-2.50366
0.00624312
0.0113975
0.00114006
0
0
0
1682192034.09483
msg_begin
7.75784e+06
-363775
-2.50275
0.00958591
0.00781803
0.000762049
0
0
0
1682192034.14399
msg_begin
7.75784e+06
-363775
-2.50131
0.0253923
0.0228237
0.000663758
0
0
0
1682192034.19401
msg_begin
7.75784e+06
-363775
-2.4998
0.00616482
0.00495205
0.000410077
0
0
0
1682192034.24400
msg_begin
7.75784e+06
-363776
-2.50017
0.00829085
0.00751694
0.000652248
0
0
0
1682192034.29478
msg_begin
7.75784e+06
-363776
-2.50237
0.00872362
0.00795729
0.000853183
0
0
0
1682192034.34397
msg_begin
7.75784e+06
-363776
-2.50122
0.0159025
0.0091021
0.000568126
0
0
0
1682192034.39399
msg_begin
7.75784e+06
-363776
-2.50087
0.00365785
0.003247
0.000197301
0
0
0
1682192034.44393
msg_begin
7.75784e+06
-363777
-2.49996
0.00651867
0.00206247
0.00164873
0
0
0
1682192034.49454
msg_begin
7.75784e+06
-363777
-2.50128
0.0064429
0.00667011
0.000333066
0
0
0
1682192034.54392
msg_begin
7.75784e+06
-363777
-2.50105
0.00106035
0.00130647
0.000122802
0
0
0
1682192034.59388
msg_begin
7.75784e+06
-363777
-2.49952
0.0215292
0.0121745
0.000552491
0
0
0
1682192034.64377
msg_begin
7.75784e+06
-363778
-2.49837
2.04891e-08
5.82077e-11
3.9968e-15
0
0
0
1682192034.69445
msg_begin
7.75784e+06
-363778
-2.50008
0.00318405
0.00663974
0.000282592
0
0
0
1682192034.74370
msg_begin
7.75784e+06
-363778
-2.49719
0.00976992
0.00903292
0.000260826
0
0
0
1682192034.79367
msg_begin
7.75784e+06
-363778
-2.49742
2.98023e-08
3.20142e-09
3.10862e-15
0
0
0
1682192034.84359
msg_begin
7.75784e+06
-363778
-2.49716
0.00414039
0.00289989
0.000344797
0
0
0
1682192034.89477
msg_begin
7.75784e+06
-363779
-2.49853
0.00162511
0.000534637
0.000192792
0
0
0
1682192034.94353
msg_begin
7.75784e+06
-363779
-2.49895
0.00224259
0.00222841
0.000413098
0
0
0
1682192034.99349
msg_begin
7.75784e+06
-363779
-2.50018
0.00598663
0.0138469
0.000279975
0
0
0
1682192035.04356
msg_begin
7.75784e+06
-363779
-2.49894
0.00528711
0.00797065
0.000229919
0
0
0
1682192035.09477
msg_begin
7.75784e+06
-363779
-2.49894
0.00114273
0.00776861
1.97747e-05
0
0
0
1682192035.14356
msg_begin
7.75784e+06
-363780
-2.50031
0.00716546
0.0126302
0.000830361
0
0
0
1682192035.19359
msg_begin
7.75784e+06
-363780
-2.50015
0.00554612
0.0101968
0.000450165
0
0
0
1682192035.24368
msg_begin
7.75784e+06
-363780
-2.49848
0.00404159
0.0147468
0.00131076
0
0
0
1682192035.29421
msg_begin
7.75784e+06
-363780
-2.50086
0.0010284
0.0014712
0.000194433
0
0
0
1682192035.34375
msg_begin
7.75784e+06
-363781
-2.50139
0.0131658
0.0090825
0.000292105
0
0
0
1682192035.39371
msg_begin
7.75784e+06
-363781
-2.50135
0.00341324
0.000849401
0.00029402
0
0
0
1682192035.44365
msg_begin
7.75784e+06
-363781
-2.49928
0.017592
0.00506479
0.000256507
0
0
0
1682192035.49478
msg_begin
7.75784e+06
-363781
-2.50117
0.00105322
0.000366371
3.73001e-05
0
0
0
1682192035.54363
msg_begin
7.75784e+06
-363781
-2.50064
0.00586123
0.00074126
0.00038113
0
0
0
1682192035.59356
msg_begin
7.75784e+06
-363782
-2.50444
0.000322901
0.00114089
3.89699e-06
0
0
0
1682192035.64357
msg_begin
7.75784e+06
-363782
-2.50254
2.79397e-08
2.15368e-09
2.22045e-15
0
0
0
1682192035.69435
msg_begin
7.75784e+06
-363782
-2.50252
0.000603026
0.0030319
0.000155747
0
0
0
1682192035.74354
msg_begin
7.75783e+06
-363782
-2.50181
0.00308359
0.000848957
0.000116072
0
0
0
1682192035.79357
msg_begin
7.75783e+06
-363783
-2.50311
0.0028201
0.00062805
0.000241602
0
0
0
1682192035.84351
msg_begin
7.75783e+06
-363783
-2.50376
0.00555358
0.00238756
0.000236712
0
0
0
1682192035.89476
msg_begin
7.75783e+06
-363783
-2.50212
8.3819e-09
2.85218e-09
2.22045e-15
0
0
0
1682192035.94359
msg_begin
7.75783e+06
-363783
-2.50362
0.00817459
0.00848192
0.000315692
0
0
0
1682192035.99361
msg_begin
7.75783e+06
-363783
-2.50711
0.0120205
0.00565257
0.00064747
0
0
0
1682192036.04360
msg_begin
7.75783e+06
-363784
-2.50463
0.00736999
0.00397066
0.000328401
0
0
0
1682192036.09467
msg_begin
7.75783e+06
-363784
-2.50422
0.0095326
0.00364996
0.000512566
0
0
0
1682192036.14350
msg_begin
7.75783e+06
-363784
-2.50304
0.0187691
0.0162166
0.0011395
0
0
0
1682192036.19346
msg_begin
7.75783e+06
-363784
-2.50689
0.000407363
0.000779165
8.32854e-05
0
0
0
1682192036.24346
msg_begin
7.75783e+06
-363784
-2.50245
0.00969507
0.00974318
0.00115818
0
0
0
1682192036.29460
msg_begin
7.75783e+06
-363785
-2.50306
0.011774
0.00379319
0.000510164
0
0
0
1682192036.34352
msg_begin
7.75783e+06
-363785
-2.50354
0.00668407
0.00754523
0.0007813
0
0
0
1682192036.39353
msg_begin
7.75783e+06
-363785
-2.5035
1.58325e-08
1.10595e-09
2.66454e-15
0
0
0
1682192036.44359
msg_begin
7.75783e+06
-363785
-2.50213
0.000158016
0.000364572
6.21073e-06
0
0
0
1682192036.49483
msg_begin
7.75783e+06
-363786
-2.50568
0.00885511
0.00549428
0.00070481
0
0
0
1682192036.54363
msg_begin
7.75783e+06
-363786
-2.50566
0.000238989
0.00352489
0.00042339
0
0
0
1682192036.59366
msg_begin
7.75783e+06
-363786
-2.50438
0.00379338
0.00955285
0.00083735
0
0
0
1682192036.64362
msg_begin
7.75783e+06
-363786
-2.50299
0.00190878
0.000997275
0.000299595
0
0
0
1682192036.69453
msg_begin
7.75783e+06
-363787
-2.50452
0.00144837
0.00183406
5.20305e-05
0
0
0
1682192036.74365
msg_begin
7.75783e+06
-363787
-2.50275
0.000329285
0.000500487
0.000464515
0
0
0
1682192036.79358
msg_begin
7.75783e+06
-363787
-2.50413
0.0175052
0.0126433
0.0009899
0
0
0
1682192036.84368
msg_begin
7.75783e+06
-363787
-2.50563
0.0169085
0.0146151
0.000420593
0
0
0
1682192036.89448
msg_begin
7.75783e+06
-363787
-2.50536
0.00596358
0.0117408
0.000481859
0
0
0
1682192036.94354
msg_begin
7.75783e+06
-363788
-2.50463
0.00729114
0.00252431
0.000434233
0
0
0
1682192036.99356
msg_begin
7.75783e+06
-363788
-2.50671
0.00429486
0.00169255
3.39615e-05
0
0
0
1682192037.04362
msg_begin
7.75783e+06
-363788
-2.50653
0.0057189
0.00172842
9.04198e-05
0
0
0
1682192037.09478
msg_begin
7.75783e+06
-363788
-2.50683
0.00450614
0.00164221
0.000119032
0
0
0
1682192037.14367
msg_begin
7.75783e+06
-363788
-2.50702
0.00232695
0.0063433
0.000316062
0
0
0
1682192037.19366
msg_begin
7.75783e+06
-363789
-2.50831
0.0298556
0.00798018
0.00132295
0
0
0
1682192037.24360
msg_begin
7.75783e+06
-363789
-2.50757
0.00039658
0.00109539
5.5646e-05
0
0
0
1682192037.29434
msg_begin
7.75783e+06
-363789
-2.50947
6.79865e-08
3.49246e-10
8.88178e-16
0
0
0
1682192037.34364
msg_begin
7.75783e+06
-363789
-2.50826
0.000704852
0.000508407
6.02065e-05
0
0
0
1682192037.39379
msg_begin
7.75783e+06
-363790
-2.50837
0.0300851
0.020701
0.0024193
0
0
0
1682192037.44360
msg_begin
7.75783e+06
-363790
-2.50979
4.09782e-08
2.03727e-09
5.77316e-15
0
0
0
1682192037.49402
msg_begin
7.75782e+06
-363790
-2.50889
0.00491309
0.00433884
0.000449326
0
0
0
1682192037.54354
msg_begin
7.75782e+06
-363790
-2.50849
0.0175237
0.0261092
0.00143611
0
0
0
1682192037.59358
msg_begin
7.75782e+06
-363790
-2.508
0.00587551
0.0108198
0.000375559
0
0
0
1682192037.64373
msg_begin
7.75782e+06
-363791
-2.50867
0.000267797
0.000287544
8.95548e-05
0
0
0
1682192037.69483
msg_begin
7.75782e+06
-363791
-2.50902
1.86265e-09
1.92085e-09
3.10862e-15
0
0
0
1682192037.74368
msg_begin
7.75782e+06
-363791
-2.50879
0.00122772
0.000555351
0.00012938
0
0
0
1682192037.79366
msg_begin
7.75782e+06
-363791
-2.50806
0.00187074
0.00284863
0.000757195
0
0
0
1682192037.84371
msg_begin
7.75782e+06
-363791
-2.50716
0.0123652
0.0195801
0.00115587
0
0
0
1682192037.89433
msg_begin
7.75782e+06
-363792
-2.50885
0.0151185
0.0109504
0.000969151
0
0
0
1682192037.94386
msg_begin
7.75782e+06
-363792
-2.50875
0.0136649
0.0107483
0.0010742
0
0
0
1682192037.99382
msg_begin
7.75782e+06
-363792
-2.50891
0.000196695
0.00106169
0.000279368
0
0
0
1682192038.04388
msg_begin
7.75782e+06
-363792
-2.5114
0.0119168
0.00890975
0.00125331
0
0
0
1682192038.09507
msg_begin
7.75782e+06
-363793
-2.51399
0.00107501
0.000245211
2.53662e-06
0
0
0
1682192038.14375
msg_begin
7.75782e+06
-363793
-2.51253
0.00240804
0.000583415
0.00011589
0
0
0
1682192038.19372
msg_begin
7.75782e+06
-363793
-2.51005
0.00840883
0.0039757
0.000826358
0
0
0
1682192038.24365
msg_begin
7.75782e+06
-363793
-2.51134
0.00516209
0.0066269
0.000265918
0
0
0
1682192038.29446
msg_begin
7.75782e+06
-363793
-2.51161
0.00906456
0.00667265
0.000467289
0
0
0
1682192038.34360
msg_begin
7.75782e+06
-363794
-2.51334
0.0179262
0.0127823
0.000708291
0
0
0
1682192038.44356
msg_begin
7.75782e+06
-363794
-2.51222
0.0018478
0.000836116
5.84405e-05
0
0
0
1682192038.49485
msg_begin
7.75782e+06
-363794
-2.51238
0.00236154
0.00238419
0.000117138
0
0
0
1682192038.54358
msg_begin
7.75782e+06
-363795
-2.5136
0.0101819
0.00610219
0.000382506
0
0
0
1682192038.59358
msg_begin
7.75782e+06
-363795
-2.51364
0.00977142
0.00209343
0.000274933
0
0
0
1682192038.64370
msg_begin
7.75782e+06
-363795
-2.51254
1.23337e-05
0.00033054
4.41637e-06
0
0
0
1682192038.69463
msg_begin
7.75782e+06
-363795
-2.51475
0.00280815
0.00282662
8.86132e-05
0
0
0
1682192038.74372
msg_begin
7.75782e+06
-363795
-2.51415
0.0284331
0.0208502
0.00228503
0
0
0
1682192038.79379
msg_begin
7.75782e+06
-363796
-2.51391
0.00568214
0.00284007
0.000614708
0
0
0
1682192038.84381
msg_begin
7.75782e+06
-363796
-2.51251
0.017783
0.0147014
0.000888395
0
0
0
1682192038.89449
msg_begin
7.75782e+06
-363796
-2.51201
9.37995e-05
0.000384205
4.93885e-05
0
0
0
1682192038.94375
msg_begin
7.75782e+06
-363796
-2.51396
0.00385745
0.00755115
0.000879761
0
0
0
1682192038.99378
msg_begin
7.75782e+06
-363796
-2.51382
0.00809923
0.00281946
0.000594937
0
0
0
1682192039.04367
msg_begin
7.75782e+06
-363797
-2.51323
0.0156631
0.00839311
0.000967466
0
0
0
1682192039.09447
msg_begin
7.75782e+06
-363797
-2.51126
0.000995424
0.000602831
0.000123331
0
0
0
1682192039.14358
msg_begin
7.75782e+06
-363797
-2.51076
0.00739857
0.00777799
0.000137944
0
0
0
1682192039.19356
msg_begin
7.75782e+06
-363797
-2.51229
0.00922748
0.0101555
0.00153107
0
0
0
1682192039.24353
msg_begin
7.75781e+06
-363798
-2.51261
0.00106475
0.00366041
0.000372668
0
0
0
1682192039.29456
msg_begin
7.75781e+06
-363798
-2.51206
0.00208761
0.000153712
0.000149969
0
0
0
1682192039.34330
msg_begin
7.75781e+06
-363798
-2.51004
0.00117568
0.000694001
2.87556e-05
0
0
0
1682192039.39328
msg_begin
7.75781e+06
-363798
-2.51086
0.00205203
0.00771569
0.000333535
0
0
0
1682192039.44318
msg_begin
7.75781e+06
-363798
-2.51069
0.000239963
3.45357e-05
4.06292e-05
0
0
0
1682192039.49405
msg_begin
7.75781e+06
-363799
-2.51182
1.76951e-08
2.15368e-09
4.44089e-16
0
0
0
1682192039.54318
msg_begin
7.75781e+06
-363799
-2.5158
0.00397812
0.00178784
9.02783e-05
0
0
0
1682192039.59320
msg_begin
7.75781e+06
-363799
-2.51165
0.00702706
0.00203647
0.00039243
0
0
0
1682192039.64320
msg_begin
7.75781e+06
-363799
-2.51123
0.0021183
0.00374591
3.43457e-05
0
0
0
1682192039.69419
msg_begin
7.75781e+06
-363799
-2.51068
0.000750395
0.00233955
5.16481e-05
0
0
0
1682192039.74327
msg_begin
7.75781e+06
-363800
-2.5113
0.00401812
0.00589797
0.000253617
0
0
0
1682192039.79329
msg_begin
7.75781e+06
-363800
-2.5111
0.0164857
0.0128957
0.000335851
0
0
0
1682192039.84336
msg_begin
7.75781e+06
-363800
-2.51089
0.00276929
0.0072374
0.00077054
0
0
0
1682192039.89464
msg_begin
7.75781e+06
-363800
-2.51143
0.00412516
0.00718367
0.000146586
0
0
0
1682192039.94351
msg_begin
7.75781e+06
-363801
-2.50737
0.00119315
0.00168913
0.000192704
0
0
0
1682192039.99355
msg_begin
7.75781e+06
-363801
-2.50799
0.00130426
0.00808115
0.000248805
0
0
0
1682192040.04362
msg_begin
7.75781e+06
-363801
-2.50726
0.0022687
0.00163554
0.000438821
0
0
0
1682192040.09488
msg_begin
7.75781e+06
-363801
-2.50732
0.0287559
0.0212709
0.00180673
0
0
0
1682192040.14375
msg_begin
7.75781e+06
-363801
-2.50734
0.0149816
0.0155363
0.00101553
0
0
0
1682192040.19378
msg_begin
7.75781e+06
-363802
-2.50738
0.0025521
0.000886412
0.000163686
0
0
0
1682192040.24378
msg_begin
7.75781e+06
-363802
-2.50625
0.00520691
0.00452564
0.000300823
0
0
0
1682192040.29489
msg_begin
7.75781e+06
-363802
-2.50557
0.00434881
0.0027612
0.000783976
0
0
0
1682192040.34380
msg_begin
7.75781e+06
-363802
-2.50569
2.34122e-05
0.000611972
2.96613e-06
0
0
0
1682192040.39386
msg_begin
7.75781e+06
-363803
-2.50688
0.00128402
0.000988667
0.000169936
0
0
0
1682192040.44384
msg_begin
7.75781e+06
-363803
-2.50622
0.00905222
0.00416766
0.000300029
0
0
0
1682192040.49491
msg_begin
7.75781e+06
-363803
-2.50732
0.00576546
0.00263378
0.000186622
0
0
0
1682192040.54374
msg_begin
7.75781e+06
-363803
-2.50646
0.0100128
0.0119832
0.000287335
0
0
0
1682192040.59380
msg_begin
7.75781e+06
-363804
-2.50838
0.042981
0.0274322
0.0016129
0
0
0
1682192040.64382
msg_begin
7.75781e+06
-363804
-2.50319
0.00100671
0.00376718
0.000400144
0
0
0
1682192040.69480
msg_begin
7.75781e+06
-363804
-2.50353
0.0285285
0.0224273
0.00111868
0
0
0
1682192040.74371
msg_begin
7.75781e+06
-363804
-2.50461
0.00621936
0.00538399
0.000638187
0
0
0
1682192040.79362
msg_begin
7.75781e+06
-363804
-2.50433
0.00103596
0.00286082
8.74467e-05
0
0
0
1682192040.84365
msg_begin
7.75781e+06
-363805
-2.50084
0.00327183
0.00278628
0.000305791
0
0
0
1682192040.89427
msg_begin
7.75781e+06
-363805
-2.50118
7.45058e-09
6.40284e-10
3.9968e-15
0
0
0
1682192040.94356
msg_begin
7.7578e+06
-363805
-2.50252
0.0128535
0.00321998
0.000111123
0
0
0
1682192040.99359
msg_begin
7.7578e+06
-363805
-2.50384
0.00735311
0.00468795
0.000343951
0
0
0
1682192041.04362
msg_begin
7.7578e+06
-363805
-2.5053
0.0108088
0.0148824
0.000101304
0
0
0
1682192041.09450
msg_begin
7.7578e+06
-363806
-2.50494
0.0388231
0.0230501
0.00130284
0
0
0
1682192041.14342
msg_begin
7.7578e+06
-363806
-2.50573
0.0135731
0.0188275
0.000752264
0
0
0
1682192041.19336
msg_begin
7.7578e+06
-363806
-2.50448
0.00447214
0.00444483
0.000687443
0
0
0
1682192041.24348
msg_begin
7.7578e+06
-363806
-2.5021
0.0118315
0.00478015
0.000330026
0
0
0
1682192041.29441
msg_begin
7.7578e+06
-363807
-2.50058
0.0223788
0.0110289
0.00071634
0
0
0
1682192041.34337
msg_begin
7.7578e+06
-363807
-2.49915
0.000465868
0.00104218
2.09281e-05
0
0
0
1682192041.39342
msg_begin
7.7578e+06
-363807
-2.49864
0.00801393
0.00953198
0.000161435
0
0
0
1682192041.44348
msg_begin
7.7578e+06
-363807
-2.50094
0.00161006
0.000842134
8.99128e-05
0
0
0
1682192041.49445
msg_begin
7.7578e+06
-363808
-2.50006
0.00686723
0.0169083
0.000692246
0
0
0
1682192041.54343
msg_begin
7.7578e+06
-363808
-2.49989
0.00532426
0.00411695
0.000185341
0
0
0
1682192041.59349
msg_begin
7.7578e+06
-363808
-2.50052
0.00282138
0.0115865
0.000407167
0
0
0
1682192041.64344
msg_begin
7.7578e+06
-363808
-2.50211
0.00861764
0.00534951
0.00148594
0
0
0
1682192041.69411
msg_begin
7.7578e+06
-363809
-2.50305
0.0134872
0.00778427
0.002175
0
0
0
1682192041.74345
msg_begin
7.7578e+06
-363809
-2.5041
0.019437
0.0133572
0.00158364
0
0
0
1682192041.79345
msg_begin
7.7578e+06
-363809
-2.50334
0.012288
0.00632758
0.000660079
0
0
0
1682192041.84341
msg_begin
7.7578e+06
-363809
-2.50298
0.0139883
0.00714102
0.00111109
0
0
0
1682192041.89454
msg_begin
7.7578e+06
-363809
-2.49998
0.0237275
0.0149019
0.00100217
0
0
0
1682192041.94328
msg_begin
7.7578e+06
-363810
-2.49584
0.00202161
0.0021201
9.83672e-05
0
0
0
1682192041.99328
msg_begin
7.7578e+06
-363810
-2.49601
0.00594863
0.00563902
0.000264779
0
0
0
1682192042.04322
msg_begin
7.7578e+06
-363810
-2.49544
0.0253226
0.0103437
0.00107567
0
0
0
1682192042.09398
msg_begin
7.7578e+06
-363810
-2.49786
0.00649555
0.0130412
0.000134541
0
0
0
1682192042.14311
msg_begin
7.7578e+06
-363811
-2.49603
0.00710104
0.00745781
0.000329967
0
0
0
1682192042.19305
msg_begin
7.7578e+06
-363811
-2.49612
0.00366163
0.00475425
0.000312574
0
0
0
1682192042.24304
msg_begin
7.7578e+06
-363811
-2.49751
0.00242497
0.000453354
1.38465e-05
0
0
0
1682192042.29428
msg_begin
7.7578e+06
-363811
-2.49856
0.000901176
0.00240928
7.00752e-05
0
0
0
1682192042.34304
msg_begin
7.7578e+06
-363811
-2.49617
0.0166856
0.0145688
0.00121867
0
0
0
1682192042.39305
msg_begin
7.7578e+06
-363812
-2.49659
0.000340586
0.00161391
0.000147354
0
0
0
1682192042.44316
msg_begin
7.7578e+06
-363812
-2.49736
0.0193305
0.0193253
0.000760412
0
0
0
1682192042.49395
msg_begin
7.7578e+06
-363812
-2.49717
0.00184046
0.00261783
0.000218882
0
0
0
1682192042.54302
msg_begin
7.7578e+06
-363812
-2.49855
0.0214554
0.0161024
0.000692813
0
0
0
1682192042.59300
msg_begin
7.75779e+06
-363813
-2.49961
0.00675185
0.00569573
0.00054045
0
0
0
1682192042.64296
msg_begin
7.75779e+06
-363813
-2.50059
5.58794e-09
5.23869e-10
4.88498e-15
0
0
0
1682192042.69402
msg_begin
7.75779e+06
-363813
-2.5012
0.00771202
0.00681573
0.000518116
0
0
0
1682192042.74285
msg_begin
7.75779e+06
-363813
-2.50169
0.00461057
0.00882831
0.000532686
0
0
0
1682192042.79276
msg_begin
7.75779e+06
-363814
-2.50058
0.00271498
0.00312092
0.000190124
0
0
0
1682192042.84267
msg_begin
7.75779e+06
-363814
-2.50077
0.00930006
0.00429728
0.000392104
0
0
0
1682192042.89314
msg_begin
7.75779e+06
-363814
-2.50093
0.00662847
0.00797208
0.000692505
0
0
0
1682192042.94253
msg_begin
7.75779e+06
-363814
-2.50231
0.0109467
0.003864
0.00106419
0
0
0
1682192042.99243
msg_begin
7.75779e+06
-363815
-2.50305
0.0355472
0.0115317
0.00062406
0
0
0
1682192043.04234
msg_begin
7.75779e+06
-363815
-2.50074
0.00270936
0.00829844
0.000162598
0
0
0
1682192043.09350
msg_begin
7.75779e+06
-363815
-2.49987
0.0156375
0.00260767
0.000500278
0
0
0
1682192043.14230
msg_begin
7.75779e+06
-363815
-2.49871
0.0245626
0.0106614
0.00191196
0
0
0
1682192043.19218
msg_begin
7.75779e+06
-363816
-2.50017
0.00417696
0.00613785
0.000840443
0
0
0
1682192043.24222
msg_begin
7.75779e+06
-363816
-2.50304
0.00794564
0.00801446
0.00016318
0
0
0
1682192043.29259
msg_begin
7.75779e+06
-363816
-2.50016
0.00282205
0.00436865
0.000229073
0
0
0
1682192043.34216
msg_begin
7.75779e+06
-363816
-2.50041
0.0100901
0.00515995
0.00032238
0
0
0
1682192043.39216
msg_begin
7.75779e+06
-363817
-2.50092
0.0045577
0.0109287
0.00172275
0
0
0
1682192043.44222
msg_begin
7.75779e+06
-363817
-2.50192
0.0041326
0.00971618
0.000987148
0
0
0
1682192043.49320
msg_begin
7.75779e+06
-363817
-2.50419
0.0128667
0.0136416
0.000490756
0
0
0
1682192043.54222
msg_begin
7.75779e+06
-363817
-2.50392
0.00319936
0.00723119
0.000291392
0
0
0
1682192043.59229
msg_begin
7.75779e+06
-363817
-2.50206
0.0206698
0.0130612
0.00190365
0
0
0
1682192043.64229
msg_begin
7.75779e+06
-363818
-2.50416
7.63685e-08
3.49246e-10
3.55271e-15
0
0
0
1682192043.69294
msg_begin
7.75779e+06
-363818
-2.50654
0.0136329
0.0149821
0.000914162
0
0
0
1682192043.74252
msg_begin
7.75779e+06
-363818
-2.50467
0.0034134
0.00317099
0.000144666
0
0
0
1682192043.79242
msg_begin
7.75779e+06
-363818
-2.50433
0.000337913
0.00189607
2.33677e-05
0
0
0
1682192043.84257
msg_begin
7.75779e+06
-363819
-2.50295
0.00329087
0.00215331
0.000115897
0
0
0
1682192043.89357
msg_begin
7.75779e+06
-363819
-2.50374
0.010026
0.0140399
0.000693779
0
0
0
1682192043.94269
msg_begin
7.75779e+06
-363819
-2.50289
0.0262707
0.0131606
0.00079433
0
0
0
1682192043.99273
msg_begin
7.75779e+06
-363819
-2.50567
0.00176441
0.00234946
0.000339194
0
0
0
1682192044.04279
msg_begin
7.75779e+06
-363819
-2.50659
0.013986
0.00908353
0.00137369
0
0
0
1682192044.09370
msg_begin
7.75779e+06
-363820
-2.50707
0.0111196
0.00713327
0.000681807
0
0
0
1682192044.14288
msg_begin
7.75779e+06
-363820
-2.50319
6.61239e-08
3.95812e-09
4.88498e-15
0
0
0
1682192044.19291
msg_begin
7.75779e+06
-363820
-2.5036
0.0128422
0.00432383
0.000899711
0
0
0
1682192044.24302
msg_begin
7.75779e+06
-363820
-2.50314
0.00430395
0.00333461
0.000755972
0
0
0
1682192044.29384
msg_begin
7.75778e+06
-363821
-2.50342
0.00199358
0.00837398
0.00107938
0
0
0
1682192044.34284
msg_begin
7.75778e+06
-363821
-2.50361
0.0101496
0.00410525
0.000479625
0
0
0
1682192044.39279
msg_begin
7.75778e+06
-363821
-2.50413
0.00034603
0.000753184
7.17711e-05
0
0
0
1682192044.44280
msg_begin
7.75778e+06
-363821
-2.50407
0.0151015
0.0109476
0.000639059
0
0
0
1682192044.49320
msg_begin
7.75778e+06
-363821
-2.50588
0.00798611
0.0117649
0.000684259
0
0
0
1682192044.54263
msg_begin
7.75778e+06
-363821
-2.50701
0.0035396
0.00338243
0.00068754
0
0
0
1682192044.59260
msg_begin
7.75778e+06
-363822
-2.50805
0.0112295
0.0131835
0.000553651
0
0
0
1682192044.64254
msg_begin
7.75778e+06
-363822
-2.50788
0.00666076
0.00238417
0.000425597
0
0
0
1682192044.69356
msg_begin
7.75778e+06
-363822
-2.50666
0.013294
0.00437034
0.000564639
0
0
0
1682192044.74265
msg_begin
7.75778e+06
-363822
-2.50843
0.00289464
0.00305078
0.000176517
0
0
0
1682192044.79245
msg_begin
7.75778e+06
-363822
-2.5091
0.00239345
0.00862657
0.000259218
0
0
0
1682192044.84249
msg_begin
7.75778e+06
-363823
-2.51024
0.000238292
0.000626347
3.67672e-05
0
0
0
1682192044.89262
msg_begin
7.75778e+06
-363823
-2.50998
0.000773881
0.000829291
4.32696e-05
0
0
0
1682192044.94253
msg_begin
7.75778e+06
-363823
-2.50766
0.00607826
0.000667103
0.000508497
0
0
0
1682192044.99252
msg_begin
7.75778e+06
-363823
-2.50685
0.00879956
0.00395612
0.00034109
0
0
0
1682192045.04251
msg_begin
7.75778e+06
-363823
-2.50558
0.0107246
0.017115
0.000741325
0
0
0
1682192045.09372
msg_begin
7.75778e+06
-363823
-2.50745
0.0116086
0.0156763
0.00011376
0
0
0
1682192045.14251
msg_begin
7.75778e+06
-363824
-2.50593
0.00486513
0.00379256
0.000145475
0
0
0
1682192045.19257
msg_begin
7.75778e+06
-363824
-2.50704
0.00654496
0.00721773
0.000801556
0
0
0
1682192045.24265
msg_begin
7.75778e+06
-363824
-2.50649
0.00468818
0.00429238
0.000135122
0
0
0
1682192045.29333
msg_begin
7.75778e+06
-363824
-2.50482
0.00189503
0.00298193
8.90606e-05
0
0
0
1682192045.34259
msg_begin
7.75778e+06
-363824
-2.50849
0.00792089
0.00377448
0.000355227
0
0
0
1682192045.39250
msg_begin
7.75778e+06
-363824
-2.50907
0.00929429
0.00275505
0.000109009
0
0
0
1682192045.44261
msg_begin
7.75778e+06
-363825
-2.50957
0.0152603
0.00873877
0.000251858
0
0
0
1682192045.49369
msg_begin
7.75778e+06
-363825
-2.50722
0.000376242
0.000392602
5.9949e-05
0
0
0
1682192045.54241
msg_begin
7.75778e+06
-363825
-2.50716
0.0110492
0.0141653
0.000715438
0
0
0
1682192045.59238
msg_begin
7.75778e+06
-363825
-2.50721
0.00245037
0.000704325
5.44904e-05
0
0
0
1682192045.64220
msg_begin
7.75778e+06
-363825
-2.50738
0.0208512
0.0058463
0.00158772
0
0
0
1682192045.69272
msg_begin
7.75778e+06
-363825
-2.50651
0.0200324
0.0113147
0.00197281
0
0
0
1682192045.74222
msg_begin
7.75778e+06
-363825
-2.50411
0.0119302
0.0103565
0.00113465
0
0
0
1682192045.79223
msg_begin
7.75778e+06
-363826
-2.50521
0.0044774
0.00343938
0.000296127
0
0
0
1682192045.84228
msg_begin
7.75778e+06
-363826
-2.50394
0.010992
0.00923939
0.000862993
0
0
0
1682192045.89312
msg_begin
7.75778e+06
-363826
-2.50665
0.00292172
0.00244205
0.000258654
0
0
0
1682192045.94228
msg_begin
7.75778e+06
-363826
-2.5072
0.00454454
0.00108383
0.00013327
0
0
0
1682192045.99234
msg_begin
7.75778e+06
-363826
-2.50626
0.00299517
0.00277957
2.8624e-05
0
0
0
1682192046.04240
msg_begin
7.75778e+06
-363826
-2.50586
0.0168605
0.0157845
0.000221558
0
0
0
1682192046.09302
msg_begin
7.75778e+06
-363826
-2.5031
0.00511529
0.0153909
0.000304475
0
0
0
1682192046.14233
msg_begin
7.75778e+06
-363826
-2.50373
0.00388047
0.00793477
0.000271329
0
0
0
1682192046.19236
msg_begin
7.75778e+06
-363827
-2.50504
0.0026048
0.000710278
0.000305518
0
0
0
1682192046.24229
msg_begin
7.75778e+06
-363827
-2.50464
0.0138782
0.00840955
0.0019336
0
0
0
1682192046.29343
msg_begin
7.75778e+06
-363827
-2.5045
0.00742712
0.0103187
0.000727569
0
0
0
1682192046.34227
msg_begin
7.75778e+06
-363827
-2.50324
0.0113163
0.0271306
0.000308808
0
0
0
1682192046.39223
msg_begin
7.75778e+06
-363827
-2.50442
0.00218897
0.000518641
9.44898e-05
0
0
0
1682192046.44230
msg_begin
7.75778e+06
-363827
-2.5059
2.6077e-08
1.04774e-09
3.9968e-15
0
0
0
1682192046.49286
msg_begin
7.75778e+06
-363827
-2.50468
0.00585427
0.00536867
0.000751362
0
0
0
1682192046.54220
msg_begin
7.75778e+06
-363827
-2.50564
0.0034552
0.010997
0.000593837
0
0
0
1682192046.59222
msg_begin
7.75778e+06
-363828
-2.5059
0.000179686
0.000655159
5.64183e-06
0
0
0
1682192046.64227
msg_begin
7.75778e+06
-363828
-2.50594
0.00360562
0.00208893
0.000206329
0
0
0
1682192046.69341
msg_begin
7.75778e+06
-363828
-2.50601
0.0104255
0.00608627
0.000615818
0
0
0
1682192046.74223
msg_begin
7.75778e+06
-363828
-2.50375
0.00169091
0.00466978
8.1226e-05
0
0
0
1682192046.79236
msg_begin
7.75777e+06
-363828
-2.50153
0.00211509
0.00296255
5.46364e-05
0
0
0
1682192046.84239
msg_begin
7.75777e+06
-363828
-2.50393
1.95578e-08
2.91038e-10
1.33227e-15
0
0
0
1682192046.89259
msg_begin
7.75777e+06
-363828
-2.503
0.00327348
0.00193206
0.000755267
0
0
0
1682192046.94238
msg_begin
7.75777e+06
-363828
-2.50193
0.00237493
0.00292119
0.000131247
0
0
0
1682192046.99245
msg_begin
7.75777e+06
-363828
-2.50192
0.00283582
0.00687215
0.000599762
0
0
0
1682192047.04245
msg_begin
7.75777e+06
-363829
-2.5023
0.00296655
0.00416583
0.000272208
0
0
0
1682192047.09366
msg_begin
7.75777e+06
-363829
-2.50439
0.00776414
0.0044918
0.000944922
0
0
0
1682192047.14247
msg_begin
7.75777e+06
-363829
-2.5059
0.00807953
0.00735826
0.000568987
0
0
0
1682192047.19241
msg_begin
7.75777e+06
-363829
-2.50471
7.54371e-08
1.10595e-09
2.66454e-15
0
0
0
1682192047.24245
msg_begin
7.75777e+06
-363829
-2.50217
1.76951e-08
1.92085e-09
4.44089e-16
0
0
0
1682192047.29285
msg_begin
7.75777e+06
-363829
-2.50175
1.62869e-05
0.000154013
1.84485e-05
0
0
0
1682192047.34223
msg_begin
7.75777e+06
-363829
-2.50136
0.00719068
0.00599148
0.00080734
0
0
0
1682192047.39225
msg_begin
7.75777e+06
-363829
-2.49903
0.0107363
0.0109937
0.000465724
0
0
0
1682192047.44224
msg_begin
7.75777e+06
-363830
-2.49877
0.000337416
0.0012654
6.62915e-05
0
0
0
1682192047.49349
msg_begin
7.75777e+06
-363830
-2.49991
0.000426037
0.0015441
0.000160601
0
0
0
1682192047.54217
msg_begin
7.75777e+06
-363830
-2.50087
0.00637437
0.00512118
0.000371946
0
0
0
1682192047.59219
msg_begin
7.75777e+06
-363830
-2.50492
0.002139
0.0020656
0.000156438
0
0
0
1682192047.64230
msg_begin
7.75777e+06
-363830
-2.50098
0.00372104
0.000401253
0.000206516
0
0
0
1682192047.69272
msg_begin
7.75777e+06
-363830
-2.5041
9.31323e-09
2.91038e-10
2.66454e-15
0
0
0
1682192047.74227
msg_begin
7.75777e+06
-363830
-2.50401
0.00359436
0.00686704
0.000952695
0
0
0
1682192047.79244
msg_begin
7.75777e+06
-363830
-2.50027
0.00118958
0.00390191
0.000204884
0
0
0
1682192047.84298
msg_begin
7.75777e+06
-363830
-2.49625
0.00018601
0.00010023
3.04489e-05
0
0
0
1682192047.89240
msg_begin
7.75777e+06
-363831
-2.49942
0.00306274
0.00425605
0.000252181
0
0
0
1682192047.94247
msg_begin
7.75777e+06
-363831
-2.49939
0.00532486
0.00293043
0.000228675
0
0
0
1682192047.99241
msg_begin
7.75777e+06
-363831
-2.49533
0.00162745
0.00180898
0.000437344
0
0
0
1682192048.04243
msg_begin
7.75777e+06
-363831
-2.49455
0.00313197
0.000650908
5.67173e-05
0
0
0
1682192048.09244
msg_begin
7.75777e+06
-363831
-2.4956
0.00167697
0.00134891
0.000102308
0
0
0
1682192048.14236
msg_begin
7.75777e+06
-363831
-2.49944
0.000623082
0.000259468
0.000299771
0
0
0
1682192048.19233
msg_begin
7.75777e+06
-363831
-2.4972
0.00691532
0.00182403
0.00099032
0
0
0
1682192048.24308
msg_begin
7.75777e+06
-363832
-2.49534
0.00115642
0.00365261
0.000155722
0
0
0
1682192048.29229
msg_begin
7.75777e+06
-363832
-2.49744
0.00840056
0.00149578
0.000424147
0
0
0
1682192048.34227
msg_begin
7.75777e+06
-363832
-2.49694
0.00114394
0.000667212
5.9531e-05
0
0
0
1682192048.39240
msg_begin
7.75777e+06
-363832
-2.49676
0.00111786
0.0010214
6.61651e-05
0
0
0
1682192048.44236
msg_begin
7.75777e+06
-363832
-2.4953
0.0017235
0.000538713
0.000104817
0
0
0
1682192048.49238
msg_begin
7.75777e+06
-363832
-2.49466
0.00673317
0.00404692
0.00066464
0
0
0
1682192048.54241
msg_begin
7.75777e+06
-363832
-2.49663
0.00432587
0.00341469
0.00022268
0
0
0
1682192048.59247
msg_begin
7.75777e+06
-363832
-2.49588
0.0210709
0.0203982
0.000655282
0
0
0
1682192048.64354
msg_begin
7.75777e+06
-363833
-2.49534
0.0194219
0.0179898
0.000214976
0
0
0
1682192048.69245
msg_begin
7.75777e+06
-363833
-2.49455
0.0160789
0.0194334
0.000498647
0
0
0
1682192048.74246
msg_begin
7.75777e+06
-363833
-2.49235
0.00981775
0.00276476
0.00107408
0
0
0
1682192048.79245
msg_begin
7.75777e+06
-363833
-2.49317
0.0218109
0.0158286
0.00127121
0
0
0
1682192048.84317
msg_begin
7.75777e+06
-363833
-2.49346
0.00125469
0.00525239
0.000537392
0
0
0
1682192048.89244
msg_begin
7.75777e+06
-363833
-2.4961
0.00448782
0.0108201
0.000235775
0
0
0
1682192048.94244
msg_begin
7.75777e+06
-363833
-2.49677
0.00479404
0.00568972
0.000121953
0
0
0
1682192048.99246
msg_begin
7.75777e+06
-363834
-2.49447
9.40636e-08
9.31323e-10
1.77636e-15
0
0
0
1682192049.04310
msg_begin
7.75777e+06
-363834
-2.49523
0.0122916
0.00272738
0.00103011
0
0
0
1682192049.09248
msg_begin
7.75777e+06
-363834
-2.49366
0.00195797
0.00560939
0.000298979
0
0
0
1682192049.14246
msg_begin
7.75777e+06
-363834
-2.49503
0.0132948
0.0159178
0.000390499
0
0
0
1682192049.19246
msg_begin
7.75777e+06
-363834
-2.49324
0.00308703
0.00329574
0.000149299
0
0
0
1682192049.24246
msg_begin
7.75777e+06
-363834
-2.49483
0.00247444
0.00295041
0.00036343
0
0
0
1682192049.29239
msg_begin
7.75777e+06
-363835
-2.49656
0.00161626
0.00202415
0.000210111
0
0
0
1682192049.34243
msg_begin
7.75777e+06
-363835
-2.49595
0.0104739
0.00640316
0.000797616
0
0
0
1682192049.39240
msg_begin
7.75777e+06
-363835
-2.49625
0.00882002
0.0160855
0.00180757
0
0
0
1682192049.44292
msg_begin
7.75777e+06
-363835
-2.49848
8.6613e-08
2.32831e-09
3.9968e-15
0
0
0
1682192049.49244
msg_begin
7.75777e+06
-363835
-2.49638
0.00982557
0.00948482
0.000707222
0
0
0
1682192049.54251
msg_begin
7.75777e+06
-363835
-2.49596
0.00805033
0.00681766
0.000629151
0
0
0
1682192049.59257
msg_begin
7.75777e+06
-363836
-2.49741
0.0157325
0.00651586
0.00063941
0
0
0
1682192049.64312
msg_begin
7.75776e+06
-363836
-2.49733
7.72998e-08
4.07454e-09
4.44089e-16
0
0
0
1682192049.69257
msg_begin
7.75776e+06
-363836
-2.49915
0.00271885
0.000264488
2.46841e-05
0
0
0
1682192049.74257
msg_begin
7.75776e+06
-363836
-2.49831
0.00585816
0.00722823
0.000687039
0
0
0
1682192049.79255
msg_begin
7.75776e+06
-363836
-2.49641
0.00692381
0.00247831
0.000228653
0
0
0
1682192049.84356
msg_begin
7.75776e+06
-363836
-2.49726
0.00220695
0.00524772
0.00100596
0
0
0
1682192049.89242
msg_begin
7.75776e+06
-363837
-2.49581
0.00060145
0.000956881
0.000285902
0
0
0
1682192049.94235
msg_begin
7.75776e+06
-363837
-2.49732
9.31323e-09
2.91038e-10
3.9968e-15
0
0
0
1682192049.99232
msg_begin
7.75776e+06
-363837
-2.49767
0.0237423
0.0152737
0.00124648
0
0
0
1682192050.04320
msg_begin
7.75776e+06
-363837
-2.49869
0.00290698
0.00972023
0.000198507
0
0
0
1682192050.09229
msg_begin
7.75776e+06
-363837
-2.49799
0.00393121
0.00183459
3.0856e-05
0
0
0
1682192050.14232
msg_begin
7.75776e+06
-363838
-2.49843
0.00407395
0.0114669
0.000849728
0
0
0
1682192050.19228
msg_begin
7.75776e+06
-363838
-2.49806
0.0177164
0.00801429
0.000440918
0
0
0
1682192050.24285
msg_begin
7.75776e+06
-363838
-2.49841
0.0074258
0.00385421
0.000425092
0
0
0
1682192050.29235
msg_begin
7.75776e+06
-363838
-2.49921
0.000211416
0.000718858
3.29204e-07
0
0
0
1682192050.34232
msg_begin
7.75776e+06
-363838
-2.49656
0.00363058
0.00320791
0.000342082
0
0
0
1682192050.39234
msg_begin
7.75776e+06
-363838
-2.49574
0.00658136
0.011621
0.00109428
0
0
0
1682192050.44306
msg_begin
7.75776e+06
-363839
-2.49802
0.0166293
0.0167195
0.000510446
0
0
0
1682192050.49232
msg_begin
7.75776e+06
-363839
-2.49865
0.00319683
0.00629414
0.000271317
0
0
0
1682192050.54222
msg_begin
7.75776e+06
-363839
-2.49698
0.00618742
0.00964526
0.000911731
0
0
0
1682192050.59219
msg_begin
7.75776e+06
-363839
-2.49754
0.025488
0.0170405
0.000898781
0
0
0
1682192050.64258
msg_begin
7.75776e+06
-363839
-2.49935
0.0013871
0.00806097
0.000231779
0
0
0
1682192050.69204
msg_begin
7.75776e+06
-363840
-2.50056
0.00596711
0.00471522
0.000314898
0
0
0
1682192050.74194
msg_begin
7.75776e+06
-363840
-2.49893
5.21541e-08
1.80444e-09
4.88498e-15
0
0
0
1682192050.79186
msg_begin
7.75776e+06
-363840
-2.49891
0.000801096
0.00364381
0.000361334
0
0
0
1682192050.84257
msg_begin
7.75776e+06
-363840
-2.49826
0.00824766
0.00850869
0.000855419
0
0
0
1682192050.89173
msg_begin
7.75776e+06
-363840
-2.49817
0.00332265
0.0048049
0.000600077
0
0
0
1682192050.94173
msg_begin
7.75776e+06
-363841
-2.49821
0.00863325
0.0110454
2.61958e-05
0
0
0
1682192050.99175
msg_begin
7.75776e+06
-363841
-2.49858
0.0149218
0.0104065
0.000892423
0
0
0
1682192051.04254
msg_begin
7.75776e+06
-363841
-2.49995
0.003246
0.00533675
0.000339333
0
0
0
1682192051.09173
msg_begin
7.75776e+06
-363841
-2.49972
0.00290738
0.00602509
0.000471965
0
0
0
1682192051.14170
msg_begin
7.75776e+06
-363841
-2.50056
0.0101242
0.00261568
0.000316564
0
0
0
1682192051.19170
msg_begin
7.75776e+06
-363842
-2.5012
0.0077882
0.00794719
6.79262e-05
0
0
0
1682192051.24255
msg_begin
7.75776e+06
-363842
-2.50209
0.00992452
0.0125371
0.000674018
0
0
0
1682192051.29163
msg_begin
7.75776e+06
-363842
-2.50108
0.00777934
0.00675319
0.000813156
0
0
0
1682192051.34162
msg_begin
7.75776e+06
-363842
-2.50064
0.00092371
0.000775891
0.000185928
0
0
0
1682192051.39156
msg_begin
7.75776e+06
-363842
-2.49958
0.00271452
0.00252795
0.000599962
0
0
0
1682192051.44247
msg_begin
7.75776e+06
-363842
-2.5011
0.00117242
0.000670631
0.000629907
0
0
0
1682192051.49149
msg_begin
7.75776e+06
-363843
-2.49972
0.00899552
0.0105988
0.000569847
0
0
0
1682192051.54144
msg_begin
7.75776e+06
-363843
-2.50103
0.00232442
0.00930469
0.000810281
0
0
0
1682192051.59147
msg_begin
7.75776e+06
-363843
-2.5005
0.00632286
0.00614349
0.000352646
0
0
0
1682192051.64227
msg_begin
7.75776e+06
-363843
-2.50218
0.0460507
0.0218861
0.00247461
0
0
0
1682192051.69148
msg_begin
7.75775e+06
-363844
-2.50407
0.00517071
0.00316094
0.000659083
0
0
0
1682192051.74155
msg_begin
7.75775e+06
-363844
-2.50083
0.000704747
0.000512799
3.32185e-05
0
0
0
1682192051.79150
msg_begin
7.75775e+06
-363844
-2.49963
0.0036992
0.000358725
0.000512237
0
0
0
1682192051.84192
msg_begin
7.75775e+06
-363844
-2.49884
0.000944637
0.00384383
0.000483522
0
0
0
1682192051.89150
msg_begin
7.75775e+06
-363844
-2.50029
1.52401e-05
0.00131036
3.19096e-05
0
0
0
1682192051.94156
msg_begin
7.75775e+06
-363845
-2.50068
0.00203376
0.00120494
2.36951e-05
0
0
0
1682192051.99142
msg_begin
7.75775e+06
-363845
-2.50083
0.010161
0.00380453
0.0005466
0
0
0
1682192052.04172
msg_begin
7.75775e+06
-363845
-2.50333
7.82311e-08
2.32831e-10
4.44089e-15
0
0
0
1682192052.09138
msg_begin
7.75775e+06
-363845
-2.50403
0.00165643
0.00316339
0.000183318
0
0
0
1682192052.14151
msg_begin
7.75775e+06
-363845
-2.50103
0.0208753
0.0125629
0.00102272
0
0
0
1682192052.19143
msg_begin
7.75775e+06
-363846
-2.50233
0.00889057
0.00544863
0.00130092
0
0
0
1682192052.24169
msg_begin
7.75775e+06
-363846
-2.50166
0.000444129
0.000471226
2.03113e-05
0
0
0
1682192052.29151
msg_begin
7.75775e+06
-363846
-2.49874
0.0023633
0.00601547
0.000622929
0
0
0
1682192052.34147
msg_begin
7.75775e+06
-363846
-2.49901
0.00387728
0.00364757
0.000877801
0
0
0
1682192052.39145
msg_begin
7.75775e+06
-363847
-2.49746
0.0120541
0.0100717
0.000714021
0
0
0
1682192052.44155
msg_begin
7.75775e+06
-363847
-2.50022
0.0025047
0.000190915
0.000114712
0
0
0
1682192052.49140
msg_begin
7.75775e+06
-363847
-2.49909
0.0113935
0.0118845
0.000556449
0
0
0
1682192052.54135
msg_begin
7.75775e+06
-363847
-2.49726
0.00165628
0.000291712
8.60093e-05
0
0
0
1682192052.59130
msg_begin
7.75775e+06
-363847
-2.49717
0.000803325
9.08974e-05
2.23118e-05
0
0
0
1682192052.64229
msg_begin
7.75775e+06
-363848
-2.4982
0.00643833
0.0056114
0.000240814
0
0
0
1682192052.69127
msg_begin
7.75775e+06
-363848
-2.50155
0.00243531
0.00249491
2.3072e-05
0
0
0
1682192052.74120
msg_begin
7.75775e+06
-363848
-2.49854
0.000927991
0.00361905
0.000140315
0
0
0
1682192052.79119
msg_begin
7.75775e+06
-363848
-2.49807
0.0243603
0.0225961
0.000934732
0
0
0
1682192052.84155
msg_begin
7.75775e+06
-363849
-2.49726
0.0104282
0.0110489
0.000555095
0
0
0
1682192052.89123
msg_begin
7.75775e+06
-363849
-2.49873
0.00225042
0.00194064
9.63423e-05
0
0
0
1682192052.94111
msg_begin
7.75775e+06
-363849
-2.49819
0.0132495
0.0101306
0.00145086
0
0
0
1682192052.99122
msg_begin
7.75775e+06
-363849
-2.49791
0.00746605
0.00347215
0.000232684
0
0
0
1682192053.04135
msg_begin
7.75775e+06
-363850
-2.49762
0.0151858
0.0174218
0.000343458
0
0
0
1682192053.09130
msg_begin
7.75775e+06
-363850
-2.49779
0.00677746
0.0093561
0.00056127
0
0
0
1682192053.14133
msg_begin
7.75775e+06
-363850
-2.50009
0.0347669
0.020546
0.00307625
0
0
0
1682192053.19135
msg_begin
7.75775e+06
-363850
-2.49871
0.00105683
0.000759134
3.09965e-05
0
0
0
1682192053.24226
msg_begin
7.75775e+06
-363850
-2.49837
0.00622738
0.0042855
0.00046288
0
0
0
1682192053.29140
msg_begin
7.75775e+06
-363851
-2.49834
0.0153971
0.0111099
0.000204729
0
0
0
1682192053.34134
msg_begin
7.75775e+06
-363851
-2.49877
0.005939
0.00216796
0.000363781
0
0
0
1682192053.39132
msg_begin
7.75774e+06
-363851
-2.49863
0.0268738
0.0173022
0.000449677
0
0
0
1682192053.44209
msg_begin
7.75774e+06
-363851
-2.49971
0.0209212
0.0135724
0.000752164
0
0
0
1682192053.49129
msg_begin
7.75774e+06
-363852
-2.4988
0.00453139
0.00312953
0.000271553
0
0
0
1682192053.54119
msg_begin
7.75774e+06
-363852
-2.49845
0.00175381
0.000708024
0.000124038
0
0
0
1682192053.59114
msg_begin
7.75774e+06
-363852
-2.49729
0.0031346
0.00292726
0.000215334
0
0
0
1682192053.64684
msg_begin
7.75774e+06
-363852
-2.49737
0.00816171
0.00206966
0.000337921
0
0
0
1682192053.69115
msg_begin
7.75774e+06
-363853
-2.49714
0.0023525
0.00261492
6.536e-05
0
0
0
1682192053.74113
msg_begin
7.75774e+06
-363853
-2.49705
0.021565
0.0141378
0.000634831
0
0
0
1682192053.79116
msg_begin
7.75774e+06
-363853
-2.49743
0.00168517
0.0022008
8.98791e-05
0
0
0
1682192053.84190
msg_begin
7.75774e+06
-363853
-2.49679
0.0120323
0.0132544
0.000557876
0
0
0
1682192053.89120
msg_begin
7.75774e+06
-363854
-2.49565
0.0485512
0.0403021
0.000876695
0
0
0
1682192053.94119
msg_begin
7.75774e+06
-363854
-2.4929
0.0517127
0.0545385
0.0029613
0
0
0
1682192053.99124
msg_begin
7.75774e+06
-363854
-2.49656
0.00532528
0.00550948
0.000272125
0
0
0
1682192054.04208
msg_begin
7.75774e+06
-363854
-2.49721
0.00161128
0.00632132
9.69087e-05
0
0
0
1682192054.09129
msg_begin
7.75774e+06
-363855
-2.49504
0.00751609
0.00740303
0.000297373
0
0
0
1682192054.14132
msg_begin
7.75774e+06
-363855
-2.49671
0.00427699
0.00855829
0.000941972
0
0
0
1682192054.19128
msg_begin
7.75774e+06
-363855
-2.49688
0.00170781
0.00284962
0.000227883
0
0
0
1682192054.24205
msg_begin
7.75774e+06
-363855
-2.49519
0.000532171
0.000600364
3.01193e-05
0
0
0
1682192054.29115
msg_begin
7.75774e+06
-363856
-2.49302
0.00856791
0.00124814
0.000531964
0
0
0
1682192054.34109
msg_begin
7.75774e+06
-363856
-2.49395
0.0148229
0.0108975
0.000502583
0
0
0
1682192054.39105
msg_begin
7.75774e+06
-363856
-2.49341
0.0407105
0.0223014
0.000287982
0
0
0
1682192054.44179
msg_begin
7.75774e+06
-363856
-2.49307
0.000227295
0.00146305
7.81005e-05
0
0
0
1682192054.49101
msg_begin
7.75774e+06
-363856
-2.49334
0.00919855
0.00594375
0.000364756
0
0
0
1682192054.54099
msg_begin
7.75774e+06
-363857
-2.49538
0.010862
0.00486122
0.000319324
0
0
0
1682192054.59099
msg_begin
7.75774e+06
-363857
-2.49462
0.0106269
0.0101775
0.000476781
0
0
0
1682192054.64148
msg_begin
7.75774e+06
-363857
-2.49499
0.00910841
0.018167
0.000620921
0
0
0
1682192054.69106
msg_begin
7.75774e+06
-363857
-2.49313
0.00363085
0.00794161
0.000351995
0
0
0
1682192054.74115
msg_begin
7.75774e+06
-363858
-2.49285
0.00534861
0.00404429
0.000191952
0
0
0
1682192054.79117
msg_begin
7.75774e+06
-363858
-2.48753
0.00347494
0.00121553
0.000136615
0
0
0
1682192054.84137
msg_begin
7.75774e+06
-363858
-2.48557
0.025792
0.0204309
0.000516981
0
0
0
1682192054.89125
msg_begin
7.75774e+06
-363858
-2.48661
0.0370152
0.0229075
0.000707312
0
0
0
1682192054.94129
msg_begin
7.75774e+06
-363859
-2.48539
0.00602847
0.00295851
0.000259974
0
0
0
1682192054.99135
msg_begin
7.75773e+06
-363859
-2.48603
0.00864935
0.00752348
0.000209799
0
0
0
1682192055.04147
msg_begin
7.75773e+06
-363859
-2.48469
0.00650625
0.00601626
0.000268198
0
0
0
1682192055.09134
msg_begin
7.75773e+06
-363859
-2.48452
0.00822035
0.00590273
0.000837658
0
0
0
1682192055.14134
msg_begin
7.75773e+06
-363860
-2.48466
0.0202797
0.0278113
0.00111819
0
0
0
1682192055.19130
msg_begin
7.75773e+06
-363860
-2.48078
0.0310221
0.0078496
0.000175109
0
0
0
1682192055.24190
msg_begin
7.75773e+06
-363860
-2.48104
0.0174437
0.00972049
0.000618647
0
0
0
1682192055.29112
msg_begin
7.75773e+06
-363860
-2.47967
0.00440468
0.012204
0.000696372
0
0
0
1682192055.34105
msg_begin
7.75773e+06
-363861
-2.4809
0.0179037
0.0154472
0.000729513
0
0
0
1682192055.39090
msg_begin
7.75773e+06
-363861
-2.48302
0.0118969
0.00458568
0.000373628
0
0
0
1682192055.44179
msg_begin
7.75773e+06
-363861
-2.48141
0.00895666
0.0019063
0.000706663
0
0
0
1682192055.49078
msg_begin
7.75773e+06
-363861
-2.48342
0.00287849
0.000522044
0.000436559
0
0
0
1682192055.54074
msg_begin
7.75773e+06
-363861
-2.48244
0.0115172
0.00586775
0.000868471
0
0
0
1682192055.59070
msg_begin
7.75773e+06
-363862
-2.48356
0.0067152
0.00875802
0.000896141
0
0
0
1682192055.64112
msg_begin
7.75773e+06
-363862
-2.48569
0.00057809
0.00129915
8.7209e-05
0
0
0
1682192055.69062
msg_begin
7.75773e+06
-363862
-2.4882
0.00121778
0.00158814
2.34817e-05
0
0
0
1682192055.74061
msg_begin
7.75773e+06
-363862
-2.48489
0.00398238
0.00350372
0.000466582
0
0
0
1682192055.79059
msg_begin
7.75773e+06
-363862
-2.48591
0.00649156
0.00408447
0.000584936
0
0
0
1682192055.84143
msg_begin
7.75773e+06
-363863
-2.4868
0.00860522
0.00725631
0.000842486
0
0
0
1682192055.89061
msg_begin
7.75773e+06
-363863
-2.48391
0.0102346
0.00406018
0.000451251
0
0
0
1682192055.94065
msg_begin
7.75773e+06
-363863
-2.4837
0.00684437
0.00829886
0.000726687
0
0
0
1682192055.99060
msg_begin
7.75773e+06
-363863
-2.4847
0.000905346
0.00687746
0.000199481
0
0
0
1682192056.04112
msg_begin
7.75773e+06
-363863
-2.48517
0.00254326
0.00703899
0.000544783
0
0
0
1682192056.09075
msg_begin
7.75773e+06
-363864
-2.48341
0.00124582
0.00112574
5.61647e-05
0
0
0
1682192056.14080
msg_begin
7.75773e+06
-363864
-2.48536
0.0012627
0.000302334
1.57663e-05
0
0
0
1682192056.19087
msg_begin
7.75773e+06
-363864
-2.48687
0.00270109
0.0110715
0.000473377
0
0
0
1682192056.24180
msg_begin
7.75773e+06
-363864
-2.48542
0.000833542
0.00180894
0.000130079
0
0
0
1682192056.29100
msg_begin
7.75773e+06
-363864
-2.48451
0.00124624
0.00469322
0.000120373
0
0
0
1682192056.34108
msg_begin
7.75773e+06
-363864
-2.4844
0.00979236
0.00588742
0.00111358
0
0
0
1682192056.39116
msg_begin
7.75773e+06
-363865
-2.48463
0.0164327
0.00232998
0.000134521
0
0
0
1682192056.44198
msg_begin
7.75773e+06
-363865
-2.48385
0.00728651
0.00658042
0.00016448
0
0
0
1682192056.49129
msg_begin
7.75773e+06
-363865
-2.48454
0.0125277
0.0271225
0.000416995
0
0
0
1682192056.54142
msg_begin
7.75773e+06
-363865
-2.484
0.0172304
0.0211005
0.00139916
0
0
0
1682192056.59143
msg_begin
7.75773e+06
-363865
-2.48403
0.0138038
0.00790596
0.000350967
0
0
0
1682192056.64242
msg_begin
7.75773e+06
-363866
-2.48523
0.0110309
0.0102902
0.000620027
0
0
0
1682192056.69156
msg_begin
7.75773e+06
-363866
-2.48503
0.000708162
0.00277062
6.34869e-05
0
0
0
1682192056.74153
msg_begin
7.75773e+06
-363866
-2.48501
2.79397e-09
2.79397e-09
3.55271e-15
0
0
0
1682192056.79154
msg_begin
7.75773e+06
-363866
-2.48484
0.00107428
0.00250949
4.07903e-05
0
0
0
1682192056.84213
msg_begin
7.75773e+06
-363866
-2.48576
3.91155e-08
2.21189e-09
3.9968e-15
0
0
0
1682192056.89139
msg_begin
7.75773e+06
-363866
-2.48818
0.0156265
0.0183992
0.00113243
0
0
0
1682192056.94128
msg_begin
7.75773e+06
-363866
-2.48913
1.86265e-09
4.07454e-10
1.33227e-15
0
0
0
1682192056.99124
msg_begin
7.75773e+06
-363867
-2.49003
0.017147
0.00925516
0.000440266
0
0
0
1682192057.04199
msg_begin
7.75772e+06
-363867
-2.48902
0.00696132
0.00696506
0.000515458
0
0
0
1682192057.09110
msg_begin
7.75772e+06
-363867
-2.48563
0.0010605
0.000932677
0.000121376
0
0
0
1682192057.14110
msg_begin
7.75772e+06
-363867
-2.48551
0.000376901
0.000194914
6.70889e-05
0
0
0
1682192057.19103
msg_begin
7.75772e+06
-363867
-2.48457
0.0146729
0.00597207
0.000276523
0
0
0
1682192057.24193
msg_begin
7.75772e+06
-363867
-2.48446
0.00930219
0.00247003
0.000259952
0
0
0
1682192057.29102
msg_begin
7.75772e+06
-363867
-2.48775
0.000376056
0.000510573
0.000103168
0
0
0
1682192057.34104
msg_begin
7.75772e+06
-363868
-2.48737
0.00868308
0.00522627
0.00100242
0
0
0
1682192057.39098
msg_begin
7.75772e+06
-363868
-2.4871
0.00888592
0.00525892
0.000976144
0
0
0
1682192057.44162
msg_begin
7.75772e+06
-363868
-2.48693
0.00541593
0.00751921
0.000222532
0
0
0
1682192057.49093
msg_begin
7.75772e+06
-363868
-2.48986
0
2.50293e-09
4.44089e-16
0
0
0
1682192057.54085
msg_begin
7.75772e+06
-363868
-2.49013
0.00577279
0.00358553
0.000160881
0
0
0
1682192057.59084
msg_begin
7.75772e+06
-363868
-2.48998
0.0157218
0.00859952
0.000529694
0
0
0
1682192057.64141
msg_begin
7.75772e+06
-363868
-2.48995
0.00327364
0.00648781
0.000233499
0
0
0
1682192057.69081
msg_begin
7.75772e+06
-363869
-2.48946
2.14204e-08
1.16415e-10
3.55271e-15
0
0
0
1682192057.74077
msg_begin
7.75772e+06
-363869
-2.48864
0.0105735
0.00773297
0.00088416
0
0
0
1682192057.79085
msg_begin
7.75772e+06
-363869
-2.48909
0.00892924
0.00455826
0.000268652
0
0
0
1682192057.84160
msg_begin
7.75772e+06
-363869
-2.49018
6.33299e-08
6.40284e-10
1.33227e-15
0
0
0
1682192057.89088
msg_begin
7.75772e+06
-363869
-2.48972
0.00032446
0.00106172
5.44288e-05
0
0
0
1682192057.94095
msg_begin
7.75772e+06
-363869
-2.48889
0.00325452
0.00311074
0.000224163
0
0
0
1682192057.99096
msg_begin
7.75772e+06
-363869
-2.48815
0.00754528
0.00550509
0.000236963
0
0
0
1682192058.04184
msg_begin
7.75772e+06
-363869
-2.48699
0.00345712
0.00232284
0.000331456
0
0
0
1682192058.09101
msg_begin
7.75772e+06
-363870
-2.48972
6.42613e-08
1.80444e-09
8.88178e-16
0
0
0
1682192058.14109
msg_begin
7.75772e+06
-363870
-2.49018
0.0121227
0.0112681
0.000298182
0
0
0
1682192058.19107
msg_begin
7.75772e+06
-363870
-2.49012
0.00449388
0.00685722
0.000166151
0
0
0
1682192058.24196
msg_begin
7.75772e+06
-363870
-2.48938
0.00370815
0.00260296
0.000204417
0
0
0
1682192058.29106
msg_begin
7.75772e+06
-363870
-2.48865
0.00155927
0.00105548
0.000203636
0
0
0
1682192058.34105
msg_begin
7.75772e+06
-363870
-2.48952
0.00620898
0.00274724
0.00033467
0
0
0
1682192058.39107
msg_begin
7.75772e+06
-363870
-2.49009
0.00650514
0.00499457
0.00057727
0
0
0
1682192058.44173
msg_begin
7.75772e+06
-363870
-2.48963
0.00324477
0.0032316
0.000203808
0
0
0
1682192058.49097
msg_begin
7.75772e+06
-363870
-2.48905
0.0059137
0.00456429
0.00030143
0
0
0
1682192058.54090
msg_begin
7.75772e+06
-363871
-2.48838
0.00284072
0.000788787
0.000223274
0
0
0
1682192058.59082
msg_begin
7.75772e+06
-363871
-2.48895
0.00577366
0.00795692
0.000349355
0
0
0
1682192058.64141
msg_begin
7.75772e+06
-363871
-2.48818
0.00200977
0.00213531
4.80067e-05
0
0
0
1682192058.69071
msg_begin
7.75772e+06
-363871
-2.48741
0.00553335
0.00476069
0.000430542
0
0
0
1682192058.74067
msg_begin
7.75772e+06
-363871
-2.48815
0.0151743
0.0101127
0.000752319
0
0
0
1682192058.79065
msg_begin
7.75772e+06
-363871
-2.48819
0.00218343
0.00308988
0.00016433
0
0
0
1682192058.84125
msg_begin
7.75772e+06
-363871
-2.48763
0.00516591
0.00439365
0.00103622
0
0
0
1682192058.89065
msg_begin
7.75772e+06
-363872
-2.48824
0.00433119
0.00247647
0.000316706
0
0
0
1682192058.94069
msg_begin
7.75772e+06
-363872
-2.48742
0.00950692
0.00872823
0.000684371
0
0
0
1682192058.99075
msg_begin
7.75772e+06
-363872
-2.48732
0.00318198
0.00142383
0.000204056
0
0
0
1682192059.04147
msg_begin
7.75772e+06
-363872
-2.48631
0.00508134
0.00411835
0.000294499
0
0
0
1682192059.09087
msg_begin
7.75772e+06
-363872
-2.4861
7.45058e-09
5.82077e-10
3.10862e-15
0
0
0
1682192059.14097
msg_begin
7.75772e+06
-363872
-2.48616
0.0142193
0.00727986
0.000636136
0
0
0
1682192059.19105
msg_begin
7.75772e+06
-363872
-2.48276
0.00554727
0.0156482
0.000277131
0
0
0
1682192059.24203
msg_begin
7.75772e+06
-363872
-2.48129
0.0224716
0.00430009
0.00163485
0
0
0
1682192059.29123
msg_begin
7.75772e+06
-363873
-2.48267
0.00335807
0.010308
0.00057713
0
0
0
1682192059.34120
msg_begin
7.75772e+06
-363873
-2.48175
0.0054031
0.00686187
0.000239124
0
0
0
1682192059.39129
msg_begin
7.75772e+06
-363873
-2.48168
0.00131187
0.000714376
2.93539e-05
0
0
0
1682192059.44229
msg_begin
7.75772e+06
-363873
-2.48406
0.00355294
0.00637524
0.000488421
0
0
0
1682192059.49134
msg_begin
7.75772e+06
-363873
-2.48151
0.000688
0.00256632
1.65938e-05
0
0
0
1682192059.54133
msg_begin
7.75772e+06
-363873
-2.48118
0.00388036
0.00655278
0.0010229
0
0
0
1682192059.59125
msg_begin
7.75772e+06
-363873
-2.48365
0.00622229
0.00568546
0.000808644
0
0
0
1682192059.64180
msg_begin
7.75772e+06
-363874
-2.48576
0.00208175
0.00512531
0.00108579
0
0
0
1682192059.69118
msg_begin
7.75772e+06
-363874
-2.48489
0.0116836
0.0219391
0.000461545
0
0
0
1682192059.74110
msg_begin
7.75772e+06
-363874
-2.48352
0.00870242
0.00964933
0.00129243
0
0
0
1682192059.79113
msg_begin
7.75772e+06
-363874
-2.48409
0.0028856
0.00257606
0.000134166
0
0
0
1682192059.84152
msg_begin
7.75772e+06
-363874
-2.48408
0.0038643
0.00463404
0.000678065
0
0
0
1682192059.89090
msg_begin
7.75772e+06
-363874
-2.48564
0.00535041
0.00559446
0.00059604
0
0
0
1682192059.94086
msg_begin
7.75771e+06
-363875
-2.48429
0.00431927
0.00290962
0.000459132
0
0
0
1682192059.99107
msg_begin
7.75771e+06
-363875
-2.48314
0.00128092
0.00193885
0.000124577
0
0
0
1682192060.04136
msg_begin
7.75771e+06
-363875
-2.48406
0.0218212
0.0194782
0.00138703
0
0
0
1682192060.09061
msg_begin
7.75771e+06
-363875
-2.48146
0.0051798
0.0109388
0.000619832
0
0
0
1682192060.14058
msg_begin
7.75771e+06
-363875
-2.48195
0.00869127
0.0150464
0.00038754
0
0
0
1682192060.19097
msg_begin
7.75771e+06
-363875
-2.48298
0.00803076
0.0126753
0.000809408
0
0
0
1682192060.24114
msg_begin
7.75771e+06
-363876
-2.48071
2.04891e-08
3.20142e-09
2.22045e-15
0
0
0
1682192060.29041
msg_begin
7.75771e+06
-363876
-2.48042
8.19564e-08
6.98492e-10
8.88178e-16
0
0
0
1682192060.34031
msg_begin
7.75771e+06
-363876
-2.47997
0.00384967
0.00170976
0.000182454
0
0
0
1682192060.39041
msg_begin
7.75771e+06
-363876
-2.48125
1.49012e-08
1.80444e-09
2.22045e-15
0
0
0
1682192060.44096
msg_begin
7.75771e+06
-363876
-2.48007
0.0189551
0.0152414
0.000498388
0
0
0
1682192060.49023
msg_begin
7.75771e+06
-363876
-2.47914
0.0135098
0.0197597
0.000540752
0
0
0
1682192060.54016
msg_begin
7.75771e+06
-363877
-2.47906
0.00962739
0.00661228
0.000374732
0
0
0
1682192060.59029
msg_begin
7.75771e+06
-363877
-2.48178
4.56348e-08
1.16415e-09
0
0
0
0
1682192060.64081
msg_begin
7.75771e+06
-363877
-2.48074
0.00545327
0.00894229
0.000570893
0
0
0
1682192060.69026
msg_begin
7.75771e+06
-363877
-2.48043
0.0157745
0.00793488
0.00157797
0
0
0
1682192060.74026
msg_begin
7.75771e+06
-363877
-2.48098
0.00217132
0.00327791
0.000436992
0
0
0
1682192060.79167
msg_begin
7.75771e+06
-363877
-2.48098
0.0101599
0.00962835
0.00111275
0
0
0
1682192060.84082
msg_begin
7.75771e+06
-363878
-2.48168
0.00431867
0.0131429
0.00146503
0
0
0
1682192060.89020
msg_begin
7.75771e+06
-363878
-2.48041
0.0101584
0.0043291
0.000783443
0
0
0
1682192060.94020
msg_begin
7.75771e+06
-363878
-2.48124
0.00165368
0.0055993
9.64049e-05
0
0
0
1682192060.99106
msg_begin
7.75771e+06
-363878
-2.48264
0.0061281
0.00568216
0.000636532
0
0
0
1682192061.04072
msg_begin
7.75771e+06
-363878
-2.48309
0.00891528
0.00410308
0.00117897
0
0
0
1682192061.09004
msg_begin
7.75771e+06
-363879
-2.48381
0.0231232
0.0177534
0.000807487
0
0
0
1682192061.13996
msg_begin
7.75771e+06
-363879
-2.48504
0.00819544
0.00445038
0.000354971
0
0
0
1682192061.19125
msg_begin
7.75771e+06
-363879
-2.4848
7.45058e-09
8.73115e-10
4.44089e-15
0
0
0
1682192061.24058
msg_begin
7.75771e+06
-363879
-2.48493
0.00551827
0.00652854
0.000515542
0
0
0
1682192061.29001
msg_begin
7.75771e+06
-363879
-2.48376
0.0055778
0.00502875
0.000276795
0
0
0
1682192061.33996
msg_begin
7.75771e+06
-363880
-2.48117
0.00174294
0.000297617
0.000131754
0
0
0
1682192061.39119
msg_begin
7.75771e+06
-363880
-2.48365
0.0111834
0.00569228
0.000433074
0
0
0
1682192061.43992
msg_begin
7.75771e+06
-363880
-2.48398
0.0102038
0.00856101
0.000629593
0
0
0
1682192061.48992
msg_begin
7.75771e+06
-363880
-2.4837
0.0144666
0.0138462
0.000984662
0
0
0
1682192061.53997
msg_begin
7.75771e+06
-363880
-2.482
0.0077228
0.00315814
0.00114231
0
0
0
1682192061.59005
msg_begin
7.75771e+06
-363881
-2.48119
0.000296801
0.00100486
3.74576e-05
0
0
0
1682192061.64015
msg_begin
7.75771e+06
-363881
-2.4803
0.0111143
0.00342214
0.000481189
0
0
0
1682192061.69018
msg_begin
7.75771e+06
-363881
-2.48135
0.00796798
0.00845322
0.000840712
0
0
0
1682192061.74027
msg_begin
7.75771e+06
-363881
-2.48186
4.74975e-08
3.0268e-09
4.44089e-15
0
0
0
1682192061.79042
msg_begin
7.75771e+06
-363881
-2.48258
0.00385906
0.00422542
0.000446163
0
0
0
1682192061.84086
msg_begin
7.75771e+06
-363882
-2.48186
0.0040662
0.00546542
0.000194241
0
0
0
1682192061.89026
msg_begin
7.75771e+06
-363882
-2.47956
6.61239e-08
7.567e-10
0
0
0
0
1682192061.94026
msg_begin
7.75771e+06
-363882
-2.48184
0.00826883
0.00622523
0.000603307
0
0
0
1682192061.99148
msg_begin
7.75771e+06
-363882
-2.48146
0.000408769
0.00263292
8.63181e-05
0
0
0
1682192062.04067
msg_begin
7.75771e+06
-363883
-2.48038
0.00470727
0.00317387
0.000848984
0
0
0
1682192062.09007
msg_begin
7.7577e+06
-363883
-2.48191
0.0259715
0.020435
0.00108435
0
0
0
1682192062.14002
msg_begin
7.7577e+06
-363883
-2.48234
0.0027396
0.00934149
0.000414652
0
0
0
1682192062.19038
msg_begin
7.7577e+06
-363883
-2.48469
0.00620135
0.00518526
0.000290217
0
0
0
1682192062.24011
msg_begin
7.7577e+06
-363883
-2.4841
0.00608701
0.00784949
0.000685788
0
0
0
1682192062.28992
msg_begin
7.7577e+06
-363884
-2.48546
0.00687908
0.00961937
0.000826678
0
0
0
1682192062.33983
msg_begin
7.7577e+06
-363884
-2.48539
0.0022711
0.000350017
0.000266962
0
0
0
1682192062.38988
msg_begin
7.7577e+06
-363884
-2.48591
0.00404318
0.000638518
0.000778635
0
0
0
1682192062.44005
msg_begin
7.7577e+06
-363884
-2.48603
0.0057696
0.00231709
0.000749388
0
0
0
1682192062.48973
msg_begin
7.7577e+06
-363884
-2.4885
5.96046e-08
1.39698e-09
0
0
0
0
1682192062.53963
msg_begin
7.7577e+06
-363885
-2.48532
0.0108989
0.00209966
0.000212467
0
0
0
1682192062.58959
msg_begin
7.7577e+06
-363885
-2.48567
0.000936657
0.00195577
0.000151326
0
0
0
1682192062.64004
msg_begin
7.7577e+06
-363885
-2.48643
0.000856116
0.000426346
3.31724e-05
0
0
0
1682192062.68953
msg_begin
7.7577e+06
-363885
-2.48483
0.0213963
0.0130952
0.00147062
0
0
0
1682192062.73953
msg_begin
7.7577e+06
-363886
-2.48505
0.0186481
0.0222043
0.00103492
0
0
0
1682192062.78957
msg_begin
7.7577e+06
-363886
-2.48752
0.000731771
0.00101516
3.49568e-05
0
0
0
1682192062.83976
msg_begin
7.7577e+06
-363886
-2.48747
0.00024808
0.000903498
5.42743e-05
0
0
0
1682192062.88952
msg_begin
7.7577e+06
-363886
-2.48684
0.00324316
0.00264865
0.000327137
0
0
0
1682192062.93953
msg_begin
7.7577e+06
-363887
-2.48409
0.00295181
0.000692734
0.000780647
0
0
0
1682192062.98991
msg_begin
7.7577e+06
-363887
-2.49116
4.86594e-05
0.00207432
3.51937e-05
0
0
0
1682192063.04010
msg_begin
7.7577e+06
-363887
-2.4916
0.0248925
0.0208982
2.53463e-05
0
0
0
1682192063.08969
msg_begin
7.7577e+06
-363887
-2.49099
0.00449585
0.00201544
0.000200417
0
0
0
1682192063.13968
msg_begin
7.7577e+06
-363887
-2.4882
0.00191934
0.000632781
7.37941e-05
0
0
0
1682192063.18961
msg_begin
7.7577e+06
-363888
-2.48882
0.0149848
0.0135015
0.000888653
0
0
0
1682192063.24003
msg_begin
7.7577e+06
-363888
-2.48866
0.00504352
0.00719289
0.000432923
0
0
0
1682192063.28955
msg_begin
7.7577e+06
-363888
-2.48732
0.025094
0.0255293
0.00202627
0
0
0
1682192063.33947
msg_begin
7.7577e+06
-363888
-2.48691
0.00181008
0.00258945
0.000261797
0
0
0
1682192063.38954
msg_begin
7.7577e+06
-363889
-2.49052
0.0153413
0.0102184
0.000401341
0
0
0
1682192063.43990
msg_begin
7.7577e+06
-363889
-2.48962
8.40545e-06
0.000320451
5.93436e-05
0
0
0
1682192063.48949
msg_begin
7.7577e+06
-363889
-2.48917
0.000549668
0.000521899
3.23291e-05
0
0
0
1682192063.53948
msg_begin
7.7577e+06
-363889
-2.49093
0.00801507
0.00207479
0.000275151
0
0
0
1682192063.59075
msg_begin
7.7577e+06
-363890
-2.49237
0.000491637
0.00399267
8.6293e-05
0
0
0
1682192063.63985
msg_begin
7.7577e+06
-363890
-2.49362
0.00138833
0.00149812
0.000297507
0
0
0
1682192063.68958
msg_begin
7.7577e+06
-363890
-2.49441
0.00520827
0.00485663
0.000297732
0
0
0
1682192063.73952
msg_begin
7.7577e+06
-363890
-2.49208
0.00923676
0.0098491
0.000227203
0
0
0
1682192063.78947
msg_begin
7.75769e+06
-363891
-2.49311
0.00516809
0.00413615
0.000820666
0
0
0
1682192063.84027
msg_begin
7.75769e+06
-363891
-2.49314
0.00157064
0.000449965
9.39935e-05
0
0
0
1682192063.88953
msg_begin
7.75769e+06
-363891
-2.49356
0.019153
0.0150639
1.27481e-05
0
0
0
1682192063.93953
msg_begin
7.75769e+06
-363891
-2.49486
0.0136517
0.0105054
0.000901658
0
0
0
1682192063.98958
msg_begin
7.75769e+06
-363892
-2.49231
1.30385e-08
1.5134e-09
1.77636e-15
0
0
0
1682192064.04026
msg_begin
7.75769e+06
-363892
-2.49435
0.0106192
0.00644459
0.00229923
0
0
0
1682192064.08943
msg_begin
7.75769e+06
-363892
-2.49685
0.000478255
0.00428136
0.000136846
0
0
0
1682192064.13939
msg_begin
7.75769e+06
-363892
-2.49623
0.00519901
0.00596424
0.000318838
0
0
0
1682192064.19050
msg_begin
7.75769e+06
-363892
-2.49393
0.00290013
0.000896631
0.000251852
0
0
0
1682192064.23950
msg_begin
7.75769e+06
-363893
-2.49448
0.0116111
0.00376544
0.00132598
0
0
0
1682192064.28912
msg_begin
7.75769e+06
-363893
-2.49353
0.00225657
0.00842125
0.000487749
0
0
0
1682192064.33903
msg_begin
7.75769e+06
-363893
-2.49434
0.0362179
0.0272713
0.00118251
0
0
0
1682192064.39020
msg_begin
7.75769e+06
-363894
-2.4974
0.0273599
0.0112612
0.00187564
0
0
0
1682192064.43893
msg_begin
7.75769e+06
-363894
-2.49828
0.00470826
0.00240475
0.00132605
0
0
0
1682192064.48885
msg_begin
7.75769e+06
-363894
-2.49733
0.00153308
0.000585161
6.01835e-06
0
0
0
1682192064.53882
msg_begin
7.75769e+06
-363894
-2.50006
0.00102939
0.000761281
7.24017e-05
0
0
0
1682192064.58874
msg_begin
7.75769e+06
-363895
-2.49842
0.00636964
0.00668299
0.000306059
0
0
0
1682192064.63931
msg_begin
7.75769e+06
-363895
-2.49754
0.00413853
0.0117713
0.000632813
0
0
0
1682192064.68871
msg_begin
7.75769e+06
-363895
-2.5016
0.0127448
0.00652828
0.000592864
0
0
0
1682192064.73872
msg_begin
7.75769e+06
-363895
-2.50344
0.00424552
0.00695141
0.00014192
0
0
0
1682192064.78871
msg_begin
7.75769e+06
-363896
-2.50051
0.0303751
0.0213668
0.00204514
0
0
0
1682192064.83957
msg_begin
7.75769e+06
-363896
-2.50515
0.014286
0.00934937
0.000714387
0
0
0
1682192064.88879
msg_begin
7.75769e+06
-363896
-2.5085
4.65661e-09
9.31323e-10
0
0
0
0
1682192064.93878
msg_begin
7.75769e+06
-363896
-2.50364
0.0134678
0.0111859
0.00119377
0
0
0
1682192064.98988
msg_begin
7.75769e+06
-363897
-2.50228
0.00365203
0.00164871
0.00013991
0
0
0
1682192065.03938
msg_begin
7.75769e+06
-363897
-2.50142
0.00541247
0.00945781
0.000711771
0
0
0
1682192065.08888
msg_begin
7.75769e+06
-363897
-2.50306
0.00950887
0.0132807
0.00118468
0
0
0
1682192065.13882
msg_begin
7.75769e+06
-363897
-2.50339
0.0279052
0.0347431
0.00226577
0
0
0
1682192065.18891
msg_begin
7.75769e+06
-363898
-2.50351
0.0199766
0.0207849
0.00117882
0
0
0
1682192065.23936
msg_begin
7.75769e+06
-363898
-2.5046
0.0025656
0.00167339
0.000101077
0
0
0
1682192065.28896
msg_begin
7.75768e+06
-363898
-2.50627
0.00391513
0.00927626
0.000352765
0
0
0
1682192065.33910
msg_begin
7.75768e+06
-363899
-2.50656
0.0259468
0.025627
0.00110213
0
0
0
1682192065.38904
msg_begin
7.75768e+06
-363899
-2.5063
0.0154433
0.0108303
0.000162629
0
0
0
1682192065.43930
msg_begin
7.75768e+06
-363899
-2.50675
0.0159772
0.00660191
0.00111156
0
0
0
1682192065.48929
msg_begin
7.75768e+06
-363899
-2.50736
0.00702933
0.0121326
0.00131782
0
0
0
1682192065.53934
msg_begin
7.75768e+06
-363900
-2.50619
0.00121998
0.0115685
0.000337937
0
0
0
1682192065.58938
msg_begin
7.75768e+06
-363900
-2.5078
0.0102681
0.00768591
0.000847076
0
0
0
1682192065.64011
msg_begin
7.75768e+06
-363900
-2.50985
0.000103221
0.000216282
0.000172631
0
0
0
1682192065.68954
msg_begin
7.75768e+06
-363900
-2.51076
0.00503708
0.000565345
0.000438098
0
0
0
1682192065.73955
msg_begin
7.75768e+06
-363901
-2.51014
0.000400299
0.00047299
2.77829e-05
0
0
0
1682192065.79025
msg_begin
7.75768e+06
-363901
-2.50855
3.07336e-08
3.0268e-09
5.32907e-15
0
0
0
1682192065.83997
msg_begin
7.75768e+06
-363901
-2.50615
0.0183389
0.00410373
0.00100077
0
0
0
1682192065.88948
msg_begin
7.75768e+06
-363901
-2.50687
0.0095831
0.0180954
0.00047397
0
0
0
1682192065.93953
msg_begin
7.75768e+06
-363902
-2.50666
0.0125201
0.0191714
0.000515893
0
0
0
1682192065.98945
msg_begin
7.75768e+06
-363902
-2.50814
0.00269442
0.00349355
8.67802e-05
0
0
0
1682192066.03982
msg_begin
7.75768e+06
-363902
-2.50831
0.0128165
0.01457
0.00104122
0
0
0
1682192066.08936
msg_begin
7.75768e+06
-363903
-2.50736
0.0288389
0.0198249
0.00121554
0
0
0
1682192066.13929
msg_begin
7.75768e+06
-363903
-2.50971
0.0249074
0.0159115
0.00108605
0
0
0
1682192066.18926
msg_begin
7.75768e+06
-363903
-2.50804
9.31323e-08
2.50293e-09
1.77636e-15
0
0
0
1682192066.23966
msg_begin
7.75768e+06
-363903
-2.50995
0.0030886
0.00213418
0.000852755
0
0
0
1682192066.28906
msg_begin
7.75768e+06
-363904
-2.51232
0.00301875
0.0066406
0.000697876
0
0
0
1682192066.33904
msg_begin
7.75768e+06
-363904
-2.50907
0.00190487
0.00627429
0.000676854
0
0
0
1682192066.38896
msg_begin
7.75768e+06
-363904
-2.51021
0.027424
0.0106625
0.000688493
0
0
0
1682192066.43935
msg_begin
7.75768e+06
-363905
-2.51321
0.00749301
0.00339287
0.000273978
0
0
0
1682192066.48887
msg_begin
7.75768e+06
-363905
-2.5106
0.01044
0.00966974
0.00089176
0
0
0
1682192066.53882
msg_begin
7.75768e+06
-363905
-2.51155
0.0238926
0.0274106
0.00143846
0
0
0
1682192066.58877
msg_begin
7.75768e+06
-363905
-2.51298
0.000640623
0.000194142
8.97296e-05
0
0
0
1682192066.63897
msg_begin
7.75767e+06
-363906
-2.51301
0.0105327
0.00937634
0.000316532
0
0
0
1682192066.68871
msg_begin
7.75767e+06
-363906
-2.51132
0.0129697
0.0178505
7.5124e-05
0
0
0
1682192066.73874
msg_begin
7.75767e+06
-363906
-2.51025
0.0145722
0.0114468
0.00103505
0
0
0
1682192066.78938
msg_begin
7.75767e+06
-363907
-2.50941
0.0102208
0.00793016
0.000751894
0
0
0
1682192066.83896
msg_begin
7.75767e+06
-363907
-2.51321
7.54371e-08
3.37604e-09
4.88498e-15
0
0
0
1682192066.88881
msg_begin
7.75767e+06
-363907
-2.51272
0.015262
0.00873036
0.00108679
0
0
0
1682192066.93885
msg_begin
7.75767e+06
-363907
-2.51014
0.00549564
0.00304024
0.000141139
0
0
0
1682192066.98962
msg_begin
7.75767e+06
-363908
-2.50967
0.00480464
0.000521633
0.000189892
0
0
0
1682192067.03940
msg_begin
7.75767e+06
-363908
-2.51316
0.000302465
0.00179399
3.47415e-05
0
0
0
1682192067.08902
msg_begin
7.75767e+06
-363908
-2.51257
0.0054967
0.0101601
0.000635397
0
0
0
1682192067.13906
msg_begin
7.75767e+06
-363909
-2.51245
0.00323078
0.00615106
0.00065549
0
0
0
1682192067.18910
msg_begin
7.75767e+06
-363909
-2.51101
0.00172933
0.000620577
0.000109027
0
0
0
1682192067.23961
msg_begin
7.75767e+06
-363909
-2.51157
0.00912899
0.00578409
0.00172742
0
0
0
1682192067.28916
msg_begin
7.75767e+06
-363910
-2.51337
0.00854523
0.00210904
0.000336084
0
0
0
1682192067.33918
msg_begin
7.75767e+06
-363910
-2.51429
0.0221286
0.0164737
0.0016242
0
0
0
1682192067.38909
msg_begin
7.75767e+06
-363910
-2.51067
2.51457e-08
1.45519e-09
3.55271e-15
0
0
0
1682192067.43955
msg_begin
7.75767e+06
-363910
-2.50825
0.0265682
0.0234501
0.00105689
0
0
0
1682192067.48907
msg_begin
7.75767e+06
-363911
-2.51079
0.00130694
0.00217061
8.78057e-05
0
0
0
1682192067.53903
msg_begin
7.75767e+06
-363911
-2.51098
0.0106928
0.00581411
0.000387319
0
0
0
1682192067.58907
msg_begin
7.75767e+06
-363911
-2.51115
0.0032024
0.00173246
0.000312776
0
0
0
1682192067.63935
msg_begin
7.75767e+06
-363912
-2.50996
0.025455
0.028958
0.00148511
0
0
0
1682192067.68894
msg_begin
7.75767e+06
-363912
-2.51068
0.00684996
0.00486706
0.000692219
0
0
0
1682192067.73895
msg_begin
7.75767e+06
-363912
-2.51096
0.0602457
0.0334657
0.000352919
0
0
0
1682192067.78906
msg_begin
7.75767e+06
-363912
-2.51057
0.00116753
0.00939145
0.000224121
0
0
0
1682192067.83945
msg_begin
7.75767e+06
-363913
-2.51197
0.00224272
0.00296804
0.000419053
0
0
0
1682192067.88892
msg_begin
7.75767e+06
-363913
-2.51165
8.3819e-08
3.66708e-09
1.33227e-15
0
0
0
1682192067.93901
msg_begin
7.75766e+06
-363913
-2.51164
0.000852303
0.00544389
0.000515358
0
0
0
1682192067.98906
msg_begin
7.75766e+06
-363914
-2.51025
0.00463352
0.00445211
0.000434018
0
0
0
1682192068.03921
msg_begin
7.75766e+06
-363914
-2.51219
4.19095e-08
2.85218e-09
8.88178e-16
0
0
0
1682192068.08906
msg_begin
7.75766e+06
-363914
-2.51341
0.0309534
0.0258553
0.000327784
0
0
0
1682192068.13904
msg_begin
7.75766e+06
-363915
-2.51404
7.26432e-08
2.56114e-09
1.77636e-15
0
0
0
1682192068.18906
msg_begin
7.75766e+06
-363915
-2.51196
0.00900311
0.00869035
0.00110878
0
0
0
1682192068.23933
msg_begin
7.75766e+06
-363915
-2.51317
0.00187059
0.000449111
0.000194456
0
0
0
1682192068.28901
msg_begin
7.75766e+06
-363916
-2.51151
0.00572331
0.00769987
0.000338055
0
0
0
1682192068.33897
msg_begin
7.75766e+06
-363916
-2.51225
4.32858e-05
0.00019041
5.44494e-05
0
0
0
1682192068.38896
msg_begin
7.75766e+06
-363916
-2.51231
0.0117083
0.0110169
0.00072988
0
0
0
1682192068.43946
msg_begin
7.75766e+06
-363916
-2.50872
4.28408e-08
2.56114e-09
1.33227e-15
0
0
0
1682192068.48877
msg_begin
7.75766e+06
-363917
-2.50863
0.00761058
0.00682468
0.000732625
0
0
0
1682192068.53873
msg_begin
7.75766e+06
-363917
-2.51035
0.00489273
0.0034631
0.000422928
0
0
0
1682192068.58864
msg_begin
7.75766e+06
-363917
-2.50878
0.0112622
0.00618964
2.9676e-05
0
0
0
1682192068.63894
msg_begin
7.75766e+06
-363918
-2.51012
0.011353
0.00788634
0.000818144
0
0
0
1682192068.68853
msg_begin
7.75766e+06
-363918
-2.51112
0.00883456
0.0103758
0.000749751
0
0
0
1682192068.73846
msg_begin
7.75766e+06
-363918
-2.51072
0.0123111
0.00999005
0.00062303
0
0
0
1682192068.78841
msg_begin
7.75766e+06
-363918
-2.50876
0.00195752
0.0040786
0.000994329
0
0
0
1682192068.83871
msg_begin
7.75766e+06
-363919
-2.51222
0.00332254
0.00467147
1.61937e-05
0
0
0
1682192068.88839
msg_begin
7.75766e+06
-363919
-2.50946
4.93601e-08
4.01633e-09
3.10862e-15
0
0
0
1682192068.93836
msg_begin
7.75766e+06
-363919
-2.50772
0.0362931
0.0206421
0.00174256
0
0
0
1682192068.98833
msg_begin
7.75766e+06
-363920
-2.50989
0.0019696
5.29907e-05
4.58019e-05
0
0
0
1682192069.03886
msg_begin
7.75766e+06
-363920
-2.51089
0.00198144
0.00299441
0.000315243
0
0
0
1682192069.08838
msg_begin
7.75766e+06
-363920
-2.50889
0.00282072
0.00197846
8.8306e-05
0
0
0
1682192069.13846
msg_begin
7.75766e+06
-363921
-2.50765
0.014456
0.0214845
0.000269818
0
0
0
1682192069.18851
msg_begin
7.75765e+06
-363921
-2.50762
0.0107077
0.00831129
0.000801092
0
0
0
1682192069.23921
msg_begin
7.75765e+06
-363921
-2.50934
0.00164397
0.000361846
4.20575e-05
0
0
0
1682192069.28851
msg_begin
7.75765e+06
-363921
-2.50833
0.00109736
0.00344513
0.000778822
0
0
0
1682192069.33853
msg_begin
7.75765e+06
-363922
-2.50769
0.00124002
0.00169507
4.87241e-05
0
0
0
1682192069.38855
msg_begin
7.75765e+06
-363922
-2.50721
0.012106
0.0231711
0.000791806
0
0
0
1682192069.43882
msg_begin
7.75765e+06
-363922
-2.50567
0.00714374
0.00785818
0.000224205
0
0
0
1682192069.48849
msg_begin
7.75765e+06
-363923
-2.50541
0.0165599
0.0129815
0.000606883
0
0
0
1682192069.53846
msg_begin
7.75765e+06
-363923
-2.50595
0.002457
0.00239953
0.000248969
0
0
0
1682192069.58846
msg_begin
7.75765e+06
-363923
-2.50321
0.00421631
0.00536156
0.000234664
0
0
0
1682192069.63879
msg_begin
7.75765e+06
-363923
-2.5042
0.0162976
0.00648341
0.000710859
0
0
0
1682192069.68837
msg_begin
7.75765e+06
-363924
-2.50778
0.00801362
0.00819589
0.000738978
0
0
0
1682192069.73830
msg_begin
7.75765e+06
-363924
-2.50461
0.00160925
0.00266805
0.000116138
0
0
0
1682192069.78826
msg_begin
7.75765e+06
-363924
-2.50715
0.0114757
0.00189964
0.00144902
0
0
0
1682192069.83815
msg_begin
7.75765e+06
-363925
-2.50402
0.00336836
0.00078486
0.000317735
0
0
0
1682192069.88809
msg_begin
7.75765e+06
-363925
-2.50685
7.26432e-08
3.66708e-09
3.10862e-15
0
0
0
1682192069.93799
msg_begin
7.75765e+06
-363925
-2.50557
0.00110554
0.000918938
7.74488e-05
0
0
0
1682192069.98778
msg_begin
7.75765e+06
-363926
-2.50428
0.0290436
0.0218142
0.000196737
0
0
0
1682192070.03765
msg_begin
7.75765e+06
-363926
-2.50359
0.0028851
0.00193718
0.000390989
0
0
0
1682192070.08749
msg_begin
7.75765e+06
-363926
-2.50464
0.00295441
0.00354274
0.000194169
0
0
0
1682192070.13731
msg_begin
7.75765e+06
-363926
-2.50492
0.00365279
0.00798066
0.000167776
0
0
0
1682192070.18727
msg_begin
7.75765e+06
-363927
-2.50425
0.0658548
0.0473118
0.00128404
0
0
0
1682192070.23724
msg_begin
7.75765e+06
-363927
-2.5023
0.0110144
0.00811454
0.00025871
0
0
0
1682192070.28707
msg_begin
7.75765e+06
-363927
-2.5018
0.00180856
0.000649035
0.000338112
0
0
0
1682192070.33702
msg_begin
7.75765e+06
-363928
-2.50117
1.95578e-08
3.14321e-09
3.10862e-15
0
0
0
1682192070.38701
msg_begin
7.75765e+06
-363928
-2.5028
0.00875083
0.00486642
0.00215741
0
0
0
1682192070.43691
msg_begin
7.75765e+06
-363928
-2.50695
7.07805e-08
3.95812e-09
8.88178e-16
0
0
0
1682192070.48695
msg_begin
7.75764e+06
-363928
-2.50544
0.0309963
0.0307895
0.00243433
0
0
0
1682192070.53691
msg_begin
7.75764e+06
-363929
-2.50723
0.0108774
0.0144391
0.00110881
0
0
0
1682192070.58696
msg_begin
7.75764e+06
-363929
-2.50418
3.72529e-09
5.23869e-10
1.33227e-15
0
0
0
1682192070.63693
msg_begin
7.75764e+06
-363929
-2.50529
0.00766628
0.00420204
0.00040823
0
0
0
1682192070.68698
msg_begin
7.75764e+06
-363930
-2.50188
7.91624e-08
2.15368e-09
2.22045e-15
0
0
0
1682192070.73697
msg_begin
7.75764e+06
-363930
-2.50295
0.00416455
0.00477715
0.0012831
0
0
0
1682192070.78798
msg_begin
7.75764e+06
-363930
-2.5044
8.56817e-08
5.82077e-10
3.55271e-15
0
0
0
1682192070.83723
msg_begin
7.75764e+06
-363930
-2.50226
0.00903573
0.00816803
0.000301145
0
0
0
1682192070.88708
msg_begin
7.75764e+06
-363931
-2.50201
0.00450725
0.0034169
0.000232041
0
0
0
1682192070.93719
msg_begin
7.75764e+06
-363931
-2.50006
0.00834709
0.00591293
0.000341249
0
0
0
1682192070.98717
msg_begin
7.75764e+06
-363931
-2.5005
0.00830855
0.00308018
0.000243531
0
0
0
1682192071.03713
msg_begin
7.75764e+06
-363932
-2.50147
7.72998e-08
2.09548e-09
2.66454e-15
0
0
0
1682192071.08712
msg_begin
7.75764e+06
-363932
-2.50415
0.00614194
0.00622132
0.00141471
0
0
0
1682192071.13705
msg_begin
7.75764e+06
-363932
-2.50374
0.0284162
0.0126296
0.000915673
0
0
0
1682192071.18704
msg_begin
7.75764e+06
-363932
-2.49928
1.86265e-08
1.33878e-09
8.88178e-16
0
0
0
1682192071.23704
msg_begin
7.75764e+06
-363933
-2.49948
0.000116024
0.000423714
1.54052e-05
0
0
0
1682192071.28701
msg_begin
7.75764e+06
-363933
-2.49845
0.000496261
0.000124887
1.69132e-05
0
0
0
1682192071.33696
msg_begin
7.75764e+06
-363933
-2.49694
0.0153035
0.0106524
0.000289199
0
0
0
1682192071.38697
msg_begin
7.75764e+06
-363933
-2.49929
0.011226
0.00125088
0.000186963
0
0
0
1682192071.43692
msg_begin
7.75764e+06
-363934
-2.4999
0.0167875
0.0172902
0.00098006
0
0
0
1682192071.48695
msg_begin
7.75764e+06
-363934
-2.49835
0.0300226
0.0123518
0.00135989
0
0
0
1682192071.53690
msg_begin
7.75764e+06
-363934
-2.49923
0.00117191
0.000235082
0.000105767
0
0
0
1682192071.58693
msg_begin
7.75764e+06
-363934
-2.49765
0.012323
0.00648775
0.00114505
0
0
0
1682192071.63689
msg_begin
7.75764e+06
-363935
-2.49994
0.0019011
0.000186915
0.000275129
0
0
0
1682192071.68694
msg_begin
7.75764e+06
-363935
-2.50147
0.0187315
0.0226757
0.000783893
0
0
0
1682192071.78701
msg_begin
7.75764e+06
-363936
-2.5008
0.00116044
0.000180418
0.000120106
0
0
0
1682192071.83686
msg_begin
7.75764e+06
-363936
-2.49817
0.00913292
0.00687223
0.000251381
0
0
0
1682192071.88690
msg_begin
7.75763e+06
-363936
-2.49708
0.0289006
0.0153113
0.00222177
0
0
0
1682192071.93683
msg_begin
7.75763e+06
-363936
-2.49964
0.0257764
0.0222499
0.000979026
0
0
0
1682192071.98672
msg_begin
7.75763e+06
-363936
-2.49981
0.00205383
0.00102962
8.30971e-05
0
0
0
1682192072.03670
msg_begin
7.75763e+06
-363937
-2.49883
0.0325847
0.0194178
0.00116901
0
0
0
1682192072.08661
msg_begin
7.75763e+06
-363937
-2.50031
0.00139747
0.00470142
0.000267284
0
0
0
1682192072.13648
msg_begin
7.75763e+06
-363937
-2.49964
0.00112644
0.00216083
5.47918e-05
0
0
0
1682192072.18650
msg_begin
7.75763e+06
-363937
-2.4989
7.35745e-08
3.37604e-09
8.88178e-16
0
0
0
1682192072.23633
msg_begin
7.75763e+06
-363938
-2.49754
8.56817e-08
7.567e-10
3.10862e-15
0
0
0
1682192072.28623
msg_begin
7.75763e+06
-363938
-2.50067
0.0150451
0.0158305
0.000515746
0
0
0
1682192072.33620
msg_begin
7.75763e+06
-363938
-2.49891
0.00764397
0.0166746
0.000731967
0
0
0
1682192072.38617
msg_begin
7.75763e+06
-363938
-2.50038
0.00327988
0.00344623
0.00022168
0
0
0
1682192072.43607
msg_begin
7.75763e+06
-363939
-2.50069
0.0033673
0.00376702
0.000441081
0
0
0
1682192072.48608
msg_begin
7.75763e+06
-363939
-2.50027
0.00108099
0.00655055
0.000125807
0
0
0
1682192072.53602
msg_begin
7.75763e+06
-363939
-2.49531
1.02445e-08
9.31323e-10
4.44089e-15
0
0
0
1682192072.58597
msg_begin
7.75763e+06
-363939
-2.49744
0.00967867
0.00344992
0.000431594
0
0
0
1682192072.63597
msg_begin
7.75763e+06
-363940
-2.5007
0.00679359
0.00666298
0.00102046
0
0
0
1682192072.68598
msg_begin
7.75763e+06
-363940
-2.49954
0.000464234
0.00209216
0.000117606
0
0
0
1682192072.73595
msg_begin
7.75763e+06
-363940
-2.49798
0.0163493
0.0104389
0.000827594
0
0
0
1682192072.78597
msg_begin
7.75763e+06
-363940
-2.4993
0.00710627
0.00568603
0.00114222
0
0
0
1682192072.83604
msg_begin
7.75763e+06
-363941
-2.49804
0.00474834
0.00101917
0.000381454
0
0
0
1682192072.88609
msg_begin
7.75763e+06
-363941
-2.50022
6.26925e-05
0.000514395
5.42817e-06
0
0
0
1682192072.93608
msg_begin
7.75763e+06
-363941
-2.50131
0.00111072
0.000798363
0.000249719
0
0
0
1682192072.98671
msg_begin
7.75763e+06
-363941
-2.49989
0.0115669
0.00939088
0.00184734
0
0
0
1682192073.03617
msg_begin
7.75763e+06
-363942
-2.50023
0.00606643
0.00233349
0.000386648
0
0
0
1682192073.08618
msg_begin
7.75763e+06
-363942
-2.49855
0.00782408
0.010086
0.00023614
0
0
0
1682192073.13614
msg_begin
7.75763e+06
-363942
-2.50158
0.00892248
0.0111806
0.00100036
0
0
0
1682192073.18609
msg_begin
7.75763e+06
-363942
-2.50082
0.00299815
0.00139612
0.000155737
0
0
0
1682192073.23608
msg_begin
7.75763e+06
-363942
-2.50599
0.00142602
0.0016938
0.00012716
0
0
0
1682192073.28607
msg_begin
7.75763e+06
-363943
-2.5032
0.00209818
0.00233115
0.000156404
0
0
0
1682192073.33606
msg_begin
7.75763e+06
-363943
-2.50293
0.01279
0.0130069
0.000606272
0
0
0
1682192073.38598
msg_begin
7.75763e+06
-363943
-2.50404
0.00757046
0.00542584
0.000429089
0
0
0
1682192073.43596
msg_begin
7.75763e+06
-363943
-2.504
0.0127778
0.011331
0.000960953
0
0
0
1682192073.48589
msg_begin
7.75762e+06
-363944
-2.50086
0.022836
0.0160624
0.00175477
0
0
0
1682192073.53581
msg_begin
7.75762e+06
-363944
-2.5028
0.0255865
0.015021
0.000263613
0
0
0
1682192073.58578
msg_begin
7.75762e+06
-363944
-2.50073
0.0148589
0.0175847
0.00040894
0
0
0
1682192073.63568
msg_begin
7.75762e+06
-363944
-2.49907
0.0132622
0.00597889
0.000267367
0
0
0
1682192073.68563
msg_begin
7.75762e+06
-363945
-2.49997
0.00796399
0.0105813
0.000705401
0
0
0
1682192073.73555
msg_begin
7.75762e+06
-363945
-2.49977
0.000658174
8.33083e-06
1.6968e-05
0
0
0
1682192073.78554
msg_begin
7.75762e+06
-363945
-2.49979
0.00758365
0.00975265
0.000250887
0
0
0
1682192073.83543
msg_begin
7.75762e+06
-363945
-2.49986
0.00420436
0.00392722
0.000204242
0
0
0
1682192073.88540
msg_begin
7.75762e+06
-363945
-2.49533
5.86733e-08
1.80444e-09
8.88178e-16
0
0
0
1682192073.93530
msg_begin
7.75762e+06
-363946
-2.49611
4.65661e-08
1.28057e-09
4.44089e-16
0
0
0
1682192073.98522
msg_begin
7.75762e+06
-363946
-2.49654
0.00413076
0.000894393
0.00015245
0
0
0
1682192074.03522
msg_begin
7.75762e+06
-363946
-2.49771
0.0195993
0.0148124
0.000401948
0
0
0
1682192074.08516
msg_begin
7.75762e+06
-363946
-2.49812
0.00667683
0.00628789
0.000418061
0
0
0
1682192074.13514
msg_begin
7.75762e+06
-363947
-2.49571
0.00897061
0.0104443
0.00111387
0
0
0
1682192074.18513
msg_begin
7.75762e+06
-363947
-2.49494
0.0182445
0.0142003
0.00120567
0
0
0
1682192074.23515
msg_begin
7.75762e+06
-363947
-2.49365
0.0206093
0.0137523
0.00215621
0
0
0
1682192074.28513
msg_begin
7.75762e+06
-363947
-2.49327
0.000830318
0.000212023
0.000101529
0
0
0
1682192074.33518
msg_begin
7.75762e+06
-363947
-2.49407
0.00348217
0.00189786
0.000129728
0
0
0
1682192074.38517
msg_begin
7.75762e+06
-363948
-2.4935
0.0219036
0.0138475
0.000938112
0
0
0
1682192074.43528
msg_begin
7.75762e+06
-363948
-2.49454
0.0163046
0.0264025
0.000810089
0
0
0
1682192074.48526
msg_begin
7.75762e+06
-363948
-2.49446
0.00890486
0.00630611
0.000320381
0
0
0
1682192074.53529
msg_begin
7.75762e+06
-363948
-2.49399
0.00237436
0.000302033
1.44644e-05
0
0
0
1682192074.58518
msg_begin
7.75762e+06
-363949
-2.49358
0.00267123
0.0067422
0.000266815
0
0
0
1682192074.63518
msg_begin
7.75762e+06
-363949
-2.495
0.0193364
0.0124161
0.00153979
0
0
0
1682192074.68516
msg_begin
7.75762e+06
-363949
-2.49182
0.00365429
0.0138028
0.000883798
0
0
0
1682192074.73515
msg_begin
7.75762e+06
-363949
-2.49359
0.0196013
0.0136297
0.000652543
0
0
0
1682192074.78515
msg_begin
7.75762e+06
-363949
-2.49266
0.00675181
0.00304308
0.00136481
0
0
0
1682192074.83519
msg_begin
7.75762e+06
-363949
-2.49304
0.00240111
0.00302872
0.000191566
0
0
0
1682192074.88520
msg_begin
7.75762e+06
-363950
-2.49195
1.30385e-08
2.38651e-09
4.44089e-15
0
0
0
1682192074.93521
msg_begin
7.75762e+06
-363950
-2.49204
7.26432e-08
1.39698e-09
0
0
0
0
1682192074.98578
msg_begin
7.75762e+06
-363950
-2.4918
0.00188991
0.000999931
0.000460702
0
0
0
1682192075.03528
msg_begin
7.75762e+06
-363950
-2.4905
0.000522421
0.00209139
0.000100428
0
0
0
1682192075.08528
msg_begin
7.75762e+06
-363950
-2.49285
0.0103355
0.0127504
0.00147485
0
0
0
1682192075.13532
msg_begin
7.75762e+06
-363951
-2.49508
0.000236426
0.00236971
5.31865e-05
0
0
0
1682192075.18597
msg_begin
7.75762e+06
-363951
-2.49663
5.47565e-05
0.000326662
3.72032e-05
0
0
0
1682192075.23540
msg_begin
7.75762e+06
-363951
-2.49582
0.0123951
0.011192
0.000742935
0
0
0
1682192075.28542
msg_begin
7.75762e+06
-363951
-2.49569
0.00492518
0.00582989
0.000239545
0
0
0
1682192075.33535
msg_begin
7.75762e+06
-363951
-2.49355
0.00138453
0.000728257
0.000364775
0
0
0
1682192075.38550
msg_begin
7.75761e+06
-363952
-2.49515
0.017148
0.0159221
0.000712534
0
0
0
1682192075.43529
msg_begin
7.75761e+06
-363952
-2.49383
0.00624492
0.00649309
0.000118949
0
0
0
1682192075.48527
msg_begin
7.75761e+06
-363952
-2.49735
0.00121606
0.000281558
0.000108645
0
0
0
1682192075.53519
msg_begin
7.75761e+06
-363952
-2.49749
0.00460139
0.00402825
8.4048e-06
0
0
0
1682192075.58603
msg_begin
7.75761e+06
-363952
-2.49618
0.00866504
0.00220975
0.000103174
0
0
0
1682192075.63523
msg_begin
7.75761e+06
-363952
-2.4963
0.010325
0.00747372
0.00036528
0
0
0
1682192075.68522
msg_begin
7.75761e+06
-363953
-2.49603
0.000132918
0.00340861
0.000171732
0
0
0
1682192075.73518
msg_begin
7.75761e+06
-363953
-2.49485
0.0107949
0.00435056
0.000171301
0
0
0
1682192075.78513
msg_begin
7.75761e+06
-363953
-2.49705
0.00642395
0.00492227
0.000231997
0
0
0
1682192075.83510
msg_begin
7.75761e+06
-363953
-2.49399
0.0015825
0.00133589
4.75747e-05
0
0
0
1682192075.88503
msg_begin
7.75761e+06
-363953
-2.49421
0.0153753
0.0128503
0.000257791
0
0
0
1682192075.93500
msg_begin
7.75761e+06
-363953
-2.49599
1.71437e-05
0.000521393
2.60888e-05
0
0
0
1682192075.98494
msg_begin
7.75761e+06
-363954
-2.49634
0.00160123
0.000719243
3.08711e-05
0
0
0
1682192076.03486
msg_begin
7.75761e+06
-363954
-2.49721
0.00865835
0.00995815
0.000809307
0
0
0
1682192076.08482
msg_begin
7.75761e+06
-363954
-2.49584
0.000566573
0.0012045
6.06479e-05
0
0
0
1682192076.13478
msg_begin
7.75761e+06
-363954
-2.49765
0.000392855
0.000209572
1.41444e-05
0
0
0
1682192076.18478
msg_begin
7.75761e+06
-363954
-2.49897
0.00301534
0.003798
0.00050802
0
0
0
1682192076.23484
msg_begin
7.75761e+06
-363955
-2.49985
0.00272137
8.9387e-07
3.61403e-06
0
0
0
1682192076.28493
msg_begin
7.75761e+06
-363955
-2.49668
0.00336445
0.0041829
0.000263551
0
0
0
1682192076.33495
msg_begin
7.75761e+06
-363955
-2.49671
0.000319177
0.00106957
4.87011e-05
0
0
0
1682192076.38495
msg_begin
7.75761e+06
-363955
-2.49671
0.00115058
0.00179052
5.6701e-05
0
0
0
1682192076.43511
msg_begin
7.75761e+06
-363955
-2.49985
0.00772218
0.00326169
0.000742005
0
0
0
1682192076.48512
msg_begin
7.75761e+06
-363955
-2.50045
0.0129292
0.0124065
0.000840299
0
0
0
1682192076.53514
msg_begin
7.75761e+06
-363956
-2.49949
0.00625786
0.0105987
0.000404198
0
0
0
1682192076.58509
msg_begin
7.75761e+06
-363956
-2.50055
0.00578169
0.00730299
0.00039229
0
0
0
1682192076.63517
msg_begin
7.75761e+06
-363956
-2.5003
0.000735868
0.000639964
0.000168899
0
0
0
1682192076.68518
msg_begin
7.75761e+06
-363956
-2.50059
0.0141143
0.0101132
0.00079307
0
0
0
1682192076.73516
msg_begin
7.75761e+06
-363956
-2.50059
0.0131053
0.00714503
5.24414e-05
0
0
0
1682192076.78509
msg_begin
7.75761e+06
-363956
-2.50002
0.00478477
0.00424692
0.000537886
0
0
0
1682192076.83510
msg_begin
7.75761e+06
-363956
-2.49634
0.00314803
0.00139752
0.000282531
0
0
0
1682192076.88507
msg_begin
7.75761e+06
-363957
-2.4961
0.00725639
0.00474073
0.00022304
0
0
0
1682192076.93497
msg_begin
7.75761e+06
-363957
-2.49629
0.0165104
0.0132648
0.000631261
0
0
0
1682192076.98495
msg_begin
7.75761e+06
-363957
-2.49602
0.00385051
0.00285634
0.000367568
0
0
0
1682192077.03488
msg_begin
7.75761e+06
-363957
-2.49722
0.00234228
0.00193004
0.0001271
0
0
0
1682192077.08484
msg_begin
7.75761e+06
-363957
-2.49767
0.00944525
0.00616373
0.000608712
0
0
0
1682192077.13477
msg_begin
7.75761e+06
-363957
-2.49948
0.0145514
0.00133929
0.000583418
0
0
0
1682192077.18474
msg_begin
7.75761e+06
-363957
-2.4993
0.000989713
0.00241435
0.000126012
0
0
0
1682192077.23463
msg_begin
7.75761e+06
-363958
-2.49846
0.00230413
0.00424184
0.000230881
0
0
0
1682192077.28449
msg_begin
7.75761e+06
-363958
-2.49856
0.00386474
0.00536651
0.000171733
0
0
0
1682192077.33441
msg_begin
7.75761e+06
-363958
-2.49701
0.00358757
0.00152892
0.000448627
0
0
0
1682192077.38432
msg_begin
7.75761e+06
-363958
-2.49951
0.00253166
0.00114115
0.00025798
0
0
0
1682192077.43429
msg_begin
7.75761e+06
-363958
-2.49942
0.00525508
0.00637533
0.000475273
0
0
0
1682192077.48415
msg_begin
7.75761e+06
-363958
-2.50113
0.0116048
0.00889495
0.000537841
0
0
0
1682192077.53413
msg_begin
7.75761e+06
-363958
-2.5
0.0198547
0.0141318
0.000396803
0
0
0
1682192077.58403
msg_begin
7.75761e+06
-363958
-2.49969
0.0114018
0.00740371
0.00115187
0
0
0
1682192077.63397
msg_begin
7.75761e+06
-363959
-2.50328
0.00584028
0.015337
0.000799189
0
0
0
1682192077.68391
msg_begin
7.75761e+06
-363959
-2.50302
0.000731457
0.00489079
0.00011532
0
0
0
1682192077.73387
msg_begin
7.75761e+06
-363959
-2.50047
0.00513158
0.00736923
0.000226548
0
0
0
1682192077.78375
msg_begin
7.75761e+06
-363959
-2.50291
0.000413602
0.00051805
8.95726e-06
0
0
0
1682192077.83376
msg_begin
7.75761e+06
-363959
-2.50264
0.00649163
0.0031002
0.000393805
0
0
0
1682192077.88365
msg_begin
7.75761e+06
-363959
-2.50466
0.000667052
0.00104107
5.95229e-05
0
0
0
1682192077.93358
msg_begin
7.7576e+06
-363959
-2.50299
0.00265292
0.00515254
0.000106838
0
0
0
1682192077.98346
msg_begin
7.7576e+06
-363959
-2.50217
0.002941
0.0110274
0.000530737
0
0
0
1682192078.03343
msg_begin
7.7576e+06
-363960
-2.49915
0.00542378
0.000846228
0.000227269
0
0
0
1682192078.08330
msg_begin
7.7576e+06
-363960
-2.50021
0.0200851
0.0158169
0.0013146
0
0
0
1682192078.13321
msg_begin
7.7576e+06
-363960
-2.50196
0.00385078
0.000584034
0.000225986
0
0
0
1682192078.18321
msg_begin
7.7576e+06
-363960
-2.50016
0.00747975
0.00316838
0.000226981
0
0
0
1682192078.23306
msg_begin
7.7576e+06
-363960
-2.49962
0.00103073
0.00140555
6.67605e-05
0
0
0
1682192078.28299
msg_begin
7.7576e+06
-363960
-2.49944
0.0025119
0.00784042
0.000316241
0
0
0
1682192078.33288
msg_begin
7.7576e+06
-363960
-2.49997
0.019355
0.027825
0.000725617
0
0
0
1682192078.38281
msg_begin
7.7576e+06
-363960
-2.4991
0.00560828
0.00736638
0.000703683
0
0
0
1682192078.43280
msg_begin
7.7576e+06
-363960
-2.49867
0.00668458
0.00795014
0.000491703
0
0
0
1682192078.48272
msg_begin
7.7576e+06
-363961
-2.49921
0.00388876
0.00300715
9.5372e-05
0
0
0
1682192078.53271
msg_begin
7.7576e+06
-363961
-2.49965
0.0203297
0.0175407
0.000347755
0
0
0
1682192078.58266
msg_begin
7.7576e+06
-363961
-2.50101
0.00202313
0.00149313
0.00019496
0
0
0
1682192078.63268
msg_begin
7.7576e+06
-363961
-2.50072
0.00112487
0.00106747
8.05964e-05
0
0
0
1682192078.68269
msg_begin
7.7576e+06
-363961
-2.50081
0.00344962
0.00101535
0.00015307
0
0
0
1682192078.73267
msg_begin
7.7576e+06
-363961
-2.50013
0.00336966
0.00102714
0.000411435
0
0
0
1682192078.78261
msg_begin
7.7576e+06
-363961
-2.50175
0.0107984
0.0154342
0.000352271
0
0
0
1682192078.83257
msg_begin
7.7576e+06
-363961
-2.50037
0.00738174
0.00923202
0.000217068
0
0
0
1682192078.88250
msg_begin
7.7576e+06
-363961
-2.50119
0.00666434
0.00322556
0.000633654
0
0
0
1682192078.93246
msg_begin
7.7576e+06
-363962
-2.50135
0.0119932
0.00828396
0.00152821
0
0
0
1682192078.98250
msg_begin
7.7576e+06
-363962
-2.50143
7.82311e-08
6.98492e-10
2.22045e-15
0
0
0
1682192079.03236
msg_begin
7.7576e+06
-363962
-2.5032
0.00627387
0.00267566
0.00126651
0
0
0
1682192079.08233
msg_begin
7.7576e+06
-363962
-2.50515
5.58794e-09
5.82077e-11
2.66454e-15
0
0
0
1682192079.13235
msg_begin
7.7576e+06
-363962
-2.50187
0.00624095
0.00877991
0.000682874
0
0
0
1682192079.18232
msg_begin
7.7576e+06
-363962
-2.50141
0.00197708
0.00147688
0.000257044
0
0
0
1682192079.23223
msg_begin
7.7576e+06
-363962
-2.50177
0.000679801
0.00434577
8.80556e-05
0
0
0
1682192079.28215
msg_begin
7.7576e+06
-363962
-2.50212
0.0091768
0.00387966
0.000535161
0
0
0
1682192079.33213
msg_begin
7.7576e+06
-363963
-2.5011
0.0024903
0.00206914
0.000126911
0
0
0
1682192079.38199
msg_begin
7.7576e+06
-363963
-2.50034
0.0035365
0.00185404
0.000179033
0
0
0
1682192079.43196
msg_begin
7.7576e+06
-363963
-2.50014
7.82311e-08
2.91038e-09
8.88178e-16
0
0
0
1682192079.48192
msg_begin
7.7576e+06
-363963
-2.50071
6.42613e-08
2.67755e-09
4.44089e-16
0
0
0
1682192079.53181
msg_begin
7.7576e+06
-363963
-2.50137
0.00206656
0.000485144
0.000119558
0
0
0
1682192079.58170
msg_begin
7.7576e+06
-363963
-2.50233
0.00517927
0.00304567
0.000546805
0
0
0
1682192079.63154
msg_begin
7.7576e+06
-363963
-2.50151
0.00460672
0.0042639
9.77983e-05
0
0
0
1682192079.68148
msg_begin
7.7576e+06
-363964
-2.50245
0.00129791
0.00327159
0.000763637
0
0
0
1682192079.73144
msg_begin
7.7576e+06
-363964
-2.50305
0.0012079
0.00437593
0.000264863
0
0
0
1682192079.78149
msg_begin
7.7576e+06
-363964
-2.50551
0.00249392
0.00210023
0.000342866
0
0
0
1682192079.83135
msg_begin
7.7576e+06
-363964
-2.50252
0.000562572
0.000148897
0.000138153
0
0
0
1682192079.88140
msg_begin
7.7576e+06
-363964
-2.50249
0.00753253
0.00469839
0.000579144
0
0
0
1682192079.93146
msg_begin
7.7576e+06
-363964
-2.50447
1.02445e-08
9.31323e-10
3.10862e-15
0
0
0
1682192079.98145
msg_begin
7.7576e+06
-363964
-2.50578
0.0152259
0.00905903
0.00151832
0
0
0
1682192080.03157
msg_begin
7.7576e+06
-363965
-2.5044
0.0166518
0.00532348
0.00184523
0
0
0
1682192080.08154
msg_begin
7.7576e+06
-363965
-2.50541
7.17118e-08
1.10595e-09
1.77636e-15
0
0
0
1682192080.13155
msg_begin
7.7576e+06
-363965
-2.50183
6.51926e-08
2.79397e-09
2.66454e-15
0
0
0
1682192080.18151
msg_begin
7.7576e+06
-363965
-2.50335
0.0025234
0.00227934
0.000109801
0
0
0
1682192080.23153
msg_begin
7.7576e+06
-363965
-2.50558
0.0255973
0.00842136
0.00268146
0
0
0
1682192080.28150
msg_begin
7.7576e+06
-363965
-2.50385
0.00232507
0.009116
0.000193893
0
0
0
1682192080.33143
msg_begin
7.7576e+06
-363966
-2.50471
0.00781975
0.0170486
0.0012484
0
0
0
1682192080.38139
msg_begin
7.7576e+06
-363966
-2.50578
0.0162936
0.0153748
0.00105792
0
0
0
1682192080.43133
msg_begin
7.7576e+06
-363966
-2.50589
0.0181939
0.014527
0.00127838
0
0
0
1682192080.48124
msg_begin
7.7576e+06
-363966
-2.50167
0.0114872
0.00642861
0.00357518
0
0
0
1682192080.53121
msg_begin
7.7576e+06
-363966
-2.5079
0.00700821
0.00802592
0.000505817
0
0
0
1682192080.58117
msg_begin
7.7576e+06
-363966
-2.51066
0.0130791
0.00591867
0.000987288
0
0
0
1682192080.63112
msg_begin
7.7576e+06
-363967
-2.50995
0.000628566
0.000494216
3.11945e-05
0
0
0
1682192080.68113
msg_begin
7.7576e+06
-363967
-2.51103
0.00590201
0.00343638
0.000629021
0
0
0
1682192080.73115
msg_begin
7.75759e+06
-363967
-2.50846
0.000703864
0.00146652
0.000149306
0
0
0
1682192080.78110
msg_begin
7.75759e+06
-363967
-2.50699
0.0407714
0.0351927
0.000779219
0
0
0
1682192080.83112
msg_begin
7.75759e+06
-363967
-2.50725
2.42144e-08
1.28057e-09
3.10862e-15
0
0
0
1682192080.88104
msg_begin
7.75759e+06
-363968
-2.50665
0.00163877
0.000373687
8.36293e-05
0
0
0
1682192080.93105
msg_begin
7.75759e+06
-363968
-2.50606
0.00426196
0.00178298
3.64685e-05
0
0
0
1682192080.98106
msg_begin
7.75759e+06
-363968
-2.50545
0.00176299
0.000524173
0.000135396
0
0
0
1682192081.03092
msg_begin
7.75759e+06
-363968
-2.50646
0.00104819
0.000906746
7.01231e-05
0
0
0
1682192081.08086
msg_begin
7.75759e+06
-363968
-2.5075
0.00686988
0.00333295
0.000661375
0
0
0
1682192081.13077
msg_begin
7.75759e+06
-363968
-2.5047
0.00478199
0.0021485
0.000106602
0
0
0
1682192081.18066
msg_begin
7.75759e+06
-363969
-2.50613
0.00460104
0.00136018
1.64087e-05
0
0
0
1682192081.23068
msg_begin
7.75759e+06
-363969
-2.50503
0.036325
0.0418974
0.00247102
0
0
0
1682192081.28066
msg_begin
7.75759e+06
-363969
-2.50523
0.00688835
0.0126675
0.00220638
0
0
0
1682192081.33068
msg_begin
7.75759e+06
-363969
-2.50763
0.00725255
0.00391886
0.000486939
0
0
0
1682192081.38065
msg_begin
7.75759e+06
-363969
-2.51061
0.00185732
0.00367173
0.000697136
0
0
0
1682192081.43067
msg_begin
7.75759e+06
-363970
-2.50966
0.00987944
0.0062863
0.000526528
0
0
0
1682192081.48075
msg_begin
7.75759e+06
-363970
-2.51284
0.0228044
0.00923731
0.00262764
0
0
0
1682192081.53080
msg_begin
7.75759e+06
-363970
-2.51468
9.31323e-09
7.567e-10
1.33227e-15
0
0
0
1682192081.58083
msg_begin
7.75759e+06
-363970
-2.51477
0.0283969
0.0192158
0.00256692
0
0
0
1682192081.63091
msg_begin
7.75759e+06
-363970
-2.51558
0.0012157
0.000519246
0.000126985
0
0
0
1682192081.68089
msg_begin
7.75759e+06
-363971
-2.51533
1.30385e-08
2.2701e-09
3.9968e-15
0
0
0
1682192081.73091
msg_begin
7.75759e+06
-363971
-2.51358
0.00604916
0.00272111
0.000601519
0
0
0
1682192081.78089
msg_begin
7.75759e+06
-363971
-2.51392
0.00421253
0.00492236
0.00041786
0
0
0
1682192081.83092
msg_begin
7.75759e+06
-363971
-2.512
0.00368307
0.000831972
0.000425487
0
0
0
1682192081.88086
msg_begin
7.75759e+06
-363972
-2.51194
0.00622464
0.00869548
0.000668502
0
0
0
1682192081.93084
msg_begin
7.75759e+06
-363972
-2.51315
0.00320667
0.0102484
0.00197095
0
0
0
1682192081.98082
msg_begin
7.75759e+06
-363972
-2.51376
0.00913704
0.00790288
0.000794134
0
0
0
1682192082.03077
msg_begin
7.75759e+06
-363972
-2.51243
6.61239e-08
5.23869e-10
1.33227e-15
0
0
0
1682192082.08072
msg_begin
7.75759e+06
-363972
-2.51488
0.00987051
0.00878661
0.000774299
0
0
0
1682192082.13060
msg_begin
7.75759e+06
-363973
-2.51692
0.00519686
0.00385757
0.000401603
0
0
0
1682192082.18051
msg_begin
7.75759e+06
-363973
-2.51588
0.00169116
0.00104625
0.00014829
0
0
0
1682192082.23049
msg_begin
7.75759e+06
-363973
-2.51457
0.00384531
0.0177855
0.000600913
0
0
0
1682192082.28033
msg_begin
7.75759e+06
-363973
-2.51876
0.00252182
0.00112081
0.00027499
0
0
0
1682192082.33022
msg_begin
7.75759e+06
-363973
-2.5176
0.00195722
0.0015257
7.87877e-05
0
0
0
1682192082.38011
msg_begin
7.75759e+06
-363974
-2.51899
0.00268955
0.00145476
0.000149163
0
0
0
1682192082.43008
msg_begin
7.75759e+06
-363974
-2.51857
0.0240556
0.0225657
0.000402972
0
0
0
1682192082.48001
msg_begin
7.75759e+06
-363974
-2.51716
0.00205775
0.00558605
0.000469858
0
0
0
1682192082.52991
msg_begin
7.75758e+06
-363974
-2.51776
0.00169253
0.00152322
2.57302e-07
0
0
0
1682192082.57982
msg_begin
7.75758e+06
-363975
-2.51704
0.00309577
0.00158617
0.000200273
0
0
0
1682192082.62986
msg_begin
7.75758e+06
-363975
-2.51639
0.0173617
0.0134553
0.00121463
0
0
0
1682192082.67977
msg_begin
7.75758e+06
-363975
-2.51311
0.00532479
0.00432847
0.0007156
0
0
0
1682192082.72971
msg_begin
7.75758e+06
-363975
-2.51402
0.00741304
0.00591905
0.000478864
0
0
0
1682192082.77962
msg_begin
7.75758e+06
-363976
-2.5124
0.013123
0.0138061
0.000814957
0
0
0
1682192082.82955
msg_begin
7.75758e+06
-363976
-2.51357
0.0143558
0.00863199
0.000702236
0
0
0
1682192082.87943
msg_begin
7.75758e+06
-363976
-2.51509
0.00310438
0.00351322
0.000135866
0
0
0
1682192082.92937
msg_begin
7.75758e+06
-363976
-2.51555
0.0104455
0.00541665
0.000255253
0
0
0
1682192082.97930
msg_begin
7.75758e+06
-363976
-2.51515
0.00988548
0.00817973
0.000344889
0
0
0
1682192083.02919
msg_begin
7.75758e+06
-363977
-2.51574
0.00170984
0.00640318
0.000615126
0
0
0
1682192083.07912
msg_begin
7.75758e+06
-363977
-2.51593
0.00479503
0.00190647
0.000137276
0
0
0
1682192083.12903
msg_begin
7.75758e+06
-363977
-2.51577
0.00256942
0.00464974
0.000362405
0
0
0
1682192083.17895
msg_begin
7.75758e+06
-363978
-2.51341
0.000268122
0.00392159
0.000551833
0
0
0
1682192083.22881
msg_begin
7.75758e+06
-363978
-2.51368
1.56205e-05
0.000122865
2.36446e-05
0
0
0
1682192083.27876
msg_begin
7.75758e+06
-363978
-2.51046
5.58794e-09
2.32831e-10
1.33227e-15
0
0
0
1682192083.32869
msg_begin
7.75758e+06
-363978
-2.51107
0.0207113
0.0101652
0.000644227
0
0
0
1682192083.37862
msg_begin
7.75758e+06
-363979
-2.50809
0.0103415
0.00966089
0.000928218
0
0
0
1682192083.42862
msg_begin
7.75758e+06
-363979
-2.50823
0.000436551
0.00874726
0.00328323
0
0
0
1682192083.47865
msg_begin
7.75758e+06
-363979
-2.50781
0.0058868
0.00712208
0.000328036
0
0
0
1682192083.52864
msg_begin
7.75758e+06
-363979
-2.50769
0.00346022
0.000104207
8.9006e-05
0
0
0
1682192083.57870
msg_begin
7.75758e+06
-363980
-2.50931
0.000871267
0.000434123
9.97047e-05
0
0
0
1682192083.62869
msg_begin
7.75758e+06
-363980
-2.51024
0.00259122
0.00108182
9.20624e-05
0
0
0
1682192083.67868
msg_begin
7.75758e+06
-363980
-2.50986
6.89179e-08
2.61934e-09
2.22045e-15
0
0
0
1682192083.72873
msg_begin
7.75758e+06
-363980
-2.50885
0.0047378
0.00189921
0.000224493
0
0
0
1682192083.77871
msg_begin
7.75758e+06
-363981
-2.50979
0.00789705
0.00274544
0.000241736
0
0
0
1682192083.82867
msg_begin
7.75758e+06
-363981
-2.51048
0.0283692
0.0147948
0.000707448
0
0
0
1682192083.87863
msg_begin
7.75758e+06
-363981
-2.50984
0.00637632
0.0064035
0.000330788
0
0
0
1682192083.92862
msg_begin
7.75758e+06
-363981
-2.51197
0.00515894
0.00676767
0.000148665
0
0
0
1682192083.97859
msg_begin
7.75758e+06
-363982
-2.50897
7.91624e-08
3.55067e-09
3.9968e-15
0
0
0
1682192084.02854
msg_begin
7.75758e+06
-363982
-2.50881
0.000246427
0.000135804
3.70734e-05
0
0
0
1682192084.07845
msg_begin
7.75757e+06
-363982
-2.50963
0.030845
0.0242893
0.000882347
0
0
0
1682192084.12841
msg_begin
7.75757e+06
-363983
-2.51044
2.51457e-08
1.92085e-09
8.88178e-16
0
0
0
1682192084.17837
msg_begin
7.75757e+06
-363983
-2.512
0.0114765
0.0120862
0.00073688
0
0
0
1682192084.22829
msg_begin
7.75757e+06
-363983
-2.51328
0.00114161
4.68522e-05
3.32496e-05
0
0
0
1682192084.27822
msg_begin
7.75757e+06
-363983
-2.51212
0.00108437
0.00198059
4.13135e-05
0
0
0
1682192084.32809
msg_begin
7.75757e+06
-363984
-2.51138
0.00308619
0.00215056
0.00020438
0
0
0
1682192084.37810
msg_begin
7.75757e+06
-363984
-2.51224
0.00224954
0.00280735
0.000269556
0
0
0
1682192084.42800
msg_begin
7.75757e+06
-363984
-2.51352
0.0127745
0.0146647
0.000951726
0
0
0
1682192084.47795
msg_begin
7.75757e+06
-363984
-2.51337
3.44589e-08
2.91038e-10
3.10862e-15
0
0
0
1682192084.52778
msg_begin
7.75757e+06
-363985
-2.51314
0.0168383
0.0125687
0.000146557
0
0
0
1682192084.57776
msg_begin
7.75757e+06
-363985
-2.51474
0.00896197
0.0105759
0.000645583
0
0
0
1682192084.62769
msg_begin
7.75757e+06
-363985
-2.51513
0.0214845
0.00278538
0.00125864
0
0
0
1682192084.67757
msg_begin
7.75757e+06
-363986
-2.51583
0.00497361
0.0018459
0.000568452
0
0
0
1682192084.72745
msg_begin
7.75757e+06
-363986
-2.51528
0.00842817
0.00747788
0.00092473
0
0
0
1682192084.77743
msg_begin
7.75757e+06
-363986
-2.51673
0.00811656
0.00923071
0.000627948
0
0
0
1682192084.82743
msg_begin
7.75757e+06
-363986
-2.51501
0.000441567
0.000508929
7.03667e-06
0
0
0
1682192084.87732
msg_begin
7.75757e+06
-363987
-2.51622
0.00495904
0.0140804
0.000295529
0
0
0
1682192084.92734
msg_begin
7.75757e+06
-363987
-2.51546
1.30385e-08
5.82077e-11
2.22045e-15
0
0
0
1682192084.97725
msg_begin
7.75757e+06
-363987
-2.51665
0.0113557
0.00689315
0.000319643
0
0
0
1682192085.02725
msg_begin
7.75757e+06
-363988
-2.51985
0.0120776
0.0113308
0.000393163
0
0
0
1682192085.07718
msg_begin
7.75757e+06
-363988
-2.51882
0.0150114
0.00742027
0.000713617
0
0
0
1682192085.12715
msg_begin
7.75757e+06
-363988
-2.52196
0.00246175
0.00225749
0.000185072
0
0
0
1682192085.17712
msg_begin
7.75757e+06
-363988
-2.52396
0.020935
0.00219693
0.000339615
0
0
0
1682192085.22705
msg_begin
7.75757e+06
-363989
-2.52266
5.86733e-08
1.28057e-09
4.88498e-15
0
0
0
1682192085.27695
msg_begin
7.75757e+06
-363989
-2.52342
0.03836
0.0303658
0.000876084
0
0
0
1682192085.32689
msg_begin
7.75757e+06
-363989
-2.52576
0.00382242
0.00709837
0.00135416
0
0
0
1682192085.37674
msg_begin
7.75757e+06
-363989
-2.52539
0.0171245
0.0113778
0.00103114
0
0
0
1682192085.42670
msg_begin
7.75756e+06
-363990
-2.52925
3.72529e-09
5.82077e-11
2.66454e-15
0
0
0
1682192085.47656
msg_begin
7.75756e+06
-363990
-2.53146
0.00120601
0.00265685
0.000130785
0
0
0
1682192085.52640
msg_begin
7.75756e+06
-363990
-2.52968
0.0173716
0.0255541
0.00188364
0
0
0
1682192085.57636
msg_begin
7.75756e+06
-363991
-2.53235
0.01314
0.0168103
0.00040131
0
0
0
1682192085.62625
msg_begin
7.75756e+06
-363991
-2.53261
0.0162727
0.0120581
0.00252725
0
0
0
1682192085.67615
msg_begin
7.75756e+06
-363991
-2.53532
0.00402987
0.00508405
0.00148535
0
0
0
1682192085.72614
msg_begin
7.75756e+06
-363991
-2.5371
0.000462243
0.00200173
0.00021471
0
0
0
1682192085.77599
msg_begin
7.75756e+06
-363992
-2.54005
0.00182075
0.00478764
0.000144879
0
0
0
1682192085.82597
msg_begin
7.75756e+06
-363992
-2.54069
0.0142143
0.00873423
0.0010301
0
0
0
1682192085.87585
msg_begin
7.75756e+06
-363992
-2.54191
0.0105622
0.00691257
0.000366992
0
0
0
1682192085.92588
msg_begin
7.75756e+06
-363992
-2.54508
0.00243678
0.000441106
0.000128708
0
0
0
1682192085.97583
msg_begin
7.75756e+06
-363993
-2.54552
0.0284444
0.0240141
0.00173048
0
0
0
1682192086.02586
msg_begin
7.75756e+06
-363993
-2.54941
0.00705257
0.0128209
0.000385501
0
0
0
1682192086.07580
msg_begin
7.75756e+06
-363993
-2.54753
0.000155513
0.00256057
8.28529e-05
0
0
0
1682192086.12583
msg_begin
7.75756e+06
-363994
-2.54756
0.00162273
0.00137818
0.000152993
0
0
0
1682192086.17585
msg_begin
7.75756e+06
-363994
-2.54961
0.00166362
0.0127197
4.19468e-05
0
0
0
1682192086.22581
msg_begin
7.75756e+06
-363994
-2.54923
0.0268759
0.00821318
0.00139035
0
0
0
1682192086.27583
msg_begin
7.75756e+06
-363994
-2.55857
2.14204e-08
7.567e-10
1.33227e-15
0
0
0
1682192086.32588
msg_begin
7.75756e+06
-363995
-2.56178
0.0079788
0.00171705
0.000165708
0
0
0
1682192086.37578
msg_begin
7.75756e+06
-363995
-2.56223
0.000205175
0.000126218
1.41293e-05
0
0
0
1682192086.42581
msg_begin
7.75756e+06
-363995
-2.56145
0.00591232
0.0049814
0.000528495
0
0
0
1682192086.47579
msg_begin
7.75756e+06
-363995
-2.56622
0.0327557
0.0149204
0.00141207
0
0
0
1682192086.52581
msg_begin
7.75756e+06
-363996
-2.56669
0.00599821
0.00247268
0.000268584
0
0
0
1682192086.57570
msg_begin
7.75756e+06
-363996
-2.56594
0.00271227
0.00959246
0.000549159
0
0
0
1682192086.62569
msg_begin
7.75756e+06
-363996
-2.56756
0.00587734
0.0138563
0.000373489
0
0
0
1682192086.67555
msg_begin
7.75756e+06
-363996
-2.57105
0.00407476
0.0014205
0.00012385
0
0
0
1682192086.72550
msg_begin
7.75755e+06
-363997
-2.57343
0.0131665
0.0174572
0.000518461
0
0
0
1682192086.77538
msg_begin
7.75755e+06
-363997
-2.57659
0.0104779
0.00404354
0.000435615
0
0
0
1682192086.82529
msg_begin
7.75755e+06
-363997
-2.58216
0.00769791
0.00891225
0.000153409
0
0
0
1682192086.87523
msg_begin
7.75755e+06
-363997
-2.5812
5.30854e-08
2.73576e-09
1.33227e-15
0
0
0
1682192086.92512
msg_begin
7.75755e+06
-363998
-2.58436
0.00434032
0.000998699
0.000296669
0
0
0
1682192086.97504
msg_begin
7.75755e+06
-363998
-2.58933
0.00199004
0.00167862
0.000122831
0
0
0
1682192087.02497
msg_begin
7.75755e+06
-363998
-2.59179
0.0326942
0.0305177
0.00120327
0
0
0
1682192087.07485
msg_begin
7.75755e+06
-363998
-2.5929
0.0108649
0.0035285
0.000211886
0
0
0
1682192087.12475
msg_begin
7.75755e+06
-363999
-2.59265
0.0133538
0.0117788
0.000928802
0
0
0
1682192087.17470
msg_begin
7.75755e+06
-363999
-2.59322
0.0243401
0.00687007
0.000746087
0
0
0
1682192087.22457
msg_begin
7.75755e+06
-363999
-2.59621
7.45058e-08
1.39698e-09
4.44089e-16
0
0
0
1682192087.27447
msg_begin
7.75755e+06
-363999
-2.59627
0.0136225
0.00885639
0.000745303
0
0
0
1682192087.32430
msg_begin
7.75755e+06
-364000
-2.60031
0.00155685
0.000362079
8.20559e-05
0
0
0
1682192087.37422
msg_begin
7.75755e+06
-364000
-2.60133
0.0109401
0.00650139
0.000540162
0
0
0
1682192087.42410
msg_begin
7.75755e+06
-364000
-2.60266
0.00922505
0.0075335
0.000215816
0
0
0
1682192087.47396
msg_begin
7.75755e+06
-364000
-2.61029
0.00204097
0.00164976
0.00010241
0
0
0
1682192087.52387
msg_begin
7.75755e+06
-364001
-2.61135
0.00867784
0.0109756
0.000825292
0
0
0
1682192087.57375
msg_begin
7.75755e+06
-364001
-2.6126
0.0143516
0.00742708
0.00134583
0
0
0
1682192087.62360
msg_begin
7.75755e+06
-364001
-2.6136
0.000776795
0.000684891
0.000343148
0
0
0
1682192087.67346
msg_begin
7.75755e+06
-364001
-2.61497
0.00316847
0.00581847
0.000405085
0
0
0
1682192087.72339
msg_begin
7.75755e+06
-364001
-2.61348
3.1665e-08
2.09548e-09
2.66454e-15
0
0
0
1682192087.77326
msg_begin
7.75755e+06
-364002
-2.61754
0.0270102
0.0163955
0.00123667
0
0
0
1682192087.82319
msg_begin
7.75755e+06
-364002
-2.61994
1.02445e-08
1.74623e-10
8.88178e-16
0
0
0
1682192087.87314
msg_begin
7.75755e+06
-364002
-2.62346
0.00496666
0.00142916
0.000157635
0
0
0
1682192087.92310
msg_begin
7.75755e+06
-364002
-2.62105
3.25963e-08
2.09548e-09
8.88178e-16
0
0
0
1682192087.97306
msg_begin
7.75755e+06
-364003
-2.6242
0.0144069
0.0129281
0.000325665
0
0
0
1682192088.02306
msg_begin
7.75754e+06
-364003
-2.62516
0.0392752
0.0417387
0.00152872
0
0
0
1682192088.07299
msg_begin
7.75754e+06
-364003
-2.62718
0.0171201
0.0105983
0.000468689
0
0
0
1682192088.12301
msg_begin
7.75754e+06
-364003
-2.63041
0.0152532
0.0114529
0.00208944
0
0
0
1682192088.22295
msg_begin
7.75754e+06
-364004
-2.63243
0.00540426
0.00973564
0.000508039
0
0
0
1682192088.27294
msg_begin
7.75754e+06
-364004
-2.63299
0.0118497
0.00768567
0.000461449
0
0
0
1682192088.32290
msg_begin
7.75754e+06
-364004
-2.63671
0.000562356
0.00162352
0.000569937
0
0
0
1682192088.37287
msg_begin
7.75754e+06
-364004
-2.63517
0.000304297
6.08491e-05
1.08217e-05
0
0
0
1682192088.42274
msg_begin
7.75754e+06
-364005
-2.63714
0.00563843
0.00771009
0.000553743
0
0
0
1682192088.47268
msg_begin
7.75754e+06
-364005
-2.6348
0.00188247
0.00347159
0.00035415
0
0
0
1682192088.52259
msg_begin
7.75754e+06
-364005
-2.63762
0.00170606
0.000671457
8.50418e-05
0
0
0
1682192088.57248
msg_begin
7.75754e+06
-364005
-2.6353
0.010903
0.00143871
0.000162934
0
0
0
1682192088.62239
msg_begin
7.75754e+06
-364005
-2.63864
0.00142348
0.0057228
0.000319893
0
0
0
1682192088.67348
msg_begin
7.75754e+06
-364006
-2.63755
0.00530499
0.00249498
0.000158083
0
0
0
1682192088.72220
msg_begin
7.75754e+06
-364006
-2.63834
0.0189564
0.0124903
0.000416447
0
0
0
1682192088.77213
msg_begin
7.75754e+06
-364006
-2.63643
0.00280966
0.0052029
0.000295861
0
0
0
1682192088.82200
msg_begin
7.75754e+06
-364006
-2.6357
0.00995074
0.00301777
0.000863436
0
0
0
1682192088.87191
msg_begin
7.75754e+06
-364006
-2.63586
0.0199628
0.0134701
0.000703915
0
0
0
1682192088.92179
msg_begin
7.75754e+06
-364007
-2.63607
0.00239934
0.00389947
0.00031876
0
0
0
1682192088.97164
msg_begin
7.75754e+06
-364007
-2.63724
0.0114981
0.00406229
0.000452987
0
0
0
1682192089.02156
msg_begin
7.75754e+06
-364007
-2.63588
3.72529e-09
4.65661e-10
0
0
0
0
1682192089.07148
msg_begin
7.75754e+06
-364007
-2.63742
0.0174579
0.0159706
0.00085
0
0
0
1682192089.12132
msg_begin
7.75754e+06
-364008
-2.6364
0.0138513
0.00709329
0.000413251
0
0
0
1682192089.17123
msg_begin
7.75754e+06
-364008
-2.6349
0.00183356
0.000625278
0.000167407
0
0
0
1682192089.22110
msg_begin
7.75754e+06
-364008
-2.63648
0.0316118
0.0143153
0.00189648
0
0
0
1682192089.27102
msg_begin
7.75754e+06
-364008
-2.63715
0.0248982
0.0122012
0.00117116
0
0
0
1682192089.32097
msg_begin
7.75754e+06
-364008
-2.6371
0.00544503
0.0052882
0.000368036
0
0
0
1682192089.37075
msg_begin
7.75753e+06
-364009
-2.63739
0.0155138
0.00877875
0.00131996
0
0
0
1682192089.42064
msg_begin
7.75753e+06
-364009
-2.63878
6.51926e-08
1.16415e-10
4.44089e-16
0
0
0
1682192089.47054
msg_begin
7.75753e+06
-364009
-2.63713
0.00268579
0.00147072
0.000336039
0
0
0
1682192089.52041
msg_begin
7.75753e+06
-364009
-2.63554
0.0133969
0.00405873
0.00058686
0
0
0
1682192089.57028
msg_begin
7.75753e+06
-364009
-2.63657
0.00756533
0.00295677
9.14345e-05
0
0
0
1682192089.62017
msg_begin
7.75753e+06
-364010
-2.63249
0.00635507
0.005477
0.000405169
0
0
0
1682192089.67032
msg_begin
7.75753e+06
-364010
-2.63278
0.0078963
0.00561876
0.000579939
0
0
0
1682192089.71992
msg_begin
7.75753e+06
-364010
-2.63417
0.0097179
0.00618038
0.000816494
0
0
0
1682192089.76978
msg_begin
7.75753e+06
-364010
-2.63224
0.00162116
0.0045419
0.000256811
0
0
0
1682192089.81970
msg_begin
7.75753e+06
-364010
-2.63075
0.00821598
0.00234094
0.00112363
0
0
0
1682192089.86966
msg_begin
7.75753e+06
-364011
-2.6315
0.019172
0.0120874
0.00086482
0
0
0
1682192089.91974
msg_begin
7.75753e+06
-364011
-2.63141
0.0112881
0.0104543
0.000347466
0
0
0
1682192089.96936
msg_begin
7.75753e+06
-364011
-2.63084
0.0586745
0.0347586
0.000811049
0
0
0
1682192090.01926
msg_begin
7.75753e+06
-364011
-2.62821
0.0308427
0.00999097
0.00122788
0
0
0
1682192090.06916
msg_begin
7.75753e+06
-364012
-2.62967
0.0143611
0.00815097
0.000688026
0
0
0
1682192090.11910
msg_begin
7.75753e+06
-364012
-2.62855
6.51926e-08
4.07454e-10
4.44089e-16
0
0
0
1682192090.16905
msg_begin
7.75753e+06
-364012
-2.62756
0.0201484
0.0119303
0.000857575
0
0
0
1682192090.21898
msg_begin
7.75753e+06
-364012
-2.62613
0.0184704
0.00558261
0.00036252
0
0
0
1682192090.26897
msg_begin
7.75753e+06
-364012
-2.62542
0.00397479
0.00107803
0.000169236
0
0
0
1682192090.31890
msg_begin
7.75753e+06
-364013
-2.62163
0.0219949
0.0172867
0.000732369
0
0
0
1682192090.36888
msg_begin
7.75753e+06
-364013
-2.61974
0.00720096
0.00592529
0.00176176
0
0
0
1682192090.41892
msg_begin
7.75753e+06
-364013
-2.61569
0.00182473
0.0017293
0.000274254
0
0
0
1682192090.46885
msg_begin
7.75753e+06
-364013
-2.61571
0.0047244
0.00228714
0.000567535
0
0
0
1682192090.51874
msg_begin
7.75753e+06
-364013
-2.61578
0.00844655
0.00353743
0.000899649
0
0
0
1682192090.56867
msg_begin
7.75753e+06
-364014
-2.61444
0.00549581
0.00137862
0.000229702
0
0
0
1682192090.61857
msg_begin
7.75753e+06
-364014
-2.61055
2.42144e-08
1.5134e-09
3.55271e-15
0
0
0
1682192090.66855
msg_begin
7.75753e+06
-364014
-2.60983
0.0459097
0.0290955
0.00119421
0
0
0
1682192090.71849
msg_begin
7.75753e+06
-364014
-2.60595
0.0204613
0.0134252
0.000557936
0
0
0
1682192090.76836
msg_begin
7.75752e+06
-364015
-2.60355
0.00367976
0.00382316
0.000334062
0
0
0
1682192090.81826
msg_begin
7.75752e+06
-364015
-2.6043
0.000301892
0.000538488
2.09822e-05
0
0
0
1682192090.86818
msg_begin
7.75752e+06
-364015
-2.60352
0.00867504
0.0034345
0.000461875
0
0
0
1682192090.91909
msg_begin
7.75752e+06
-364015
-2.59936
0.0155188
0.00714355
0.000638208
0
0
0
1682192090.96792
msg_begin
7.75752e+06
-364015
-2.594
0.00319834
0.00567738
0.00025403
0
0
0
1682192091.01779
msg_begin
7.75752e+06
-364016
-2.59409
0.00686512
0.00255947
0.000446054
0
0
0
1682192091.06768
msg_begin
7.75752e+06
-364016
-2.59317
0.0157788
0.00371319
0.00100521
0
0
0
1682192091.11762
msg_begin
7.75752e+06
-364016
-2.58936
0.000259886
0.00183308
5.7206e-05
0
0
0
1682192091.16751
msg_begin
7.75752e+06
-364016
-2.58456
0.008766
0.00324066
0.00115708
0
0
0
1682192091.21748
msg_begin
7.75752e+06
-364017
-2.5825
0.00184078
0.00590143
0.000164809
0
0
0
1682192091.26748
msg_begin
7.75752e+06
-364017
-2.57997
0.00294568
0.00163414
0.000460182
0
0
0
1682192091.31745
msg_begin
7.75752e+06
-364017
-2.57747
0.000791845
0.00178054
0.000496093
0
0
0
1682192091.36725
msg_begin
7.75752e+06
-364017
-2.57664
0.000710615
0.000147808
1.21175e-05
0
0
0
1682192091.41715
msg_begin
7.75752e+06
-364017
-2.57307
0.00381616
0.00227112
0.000232011
0
0
0
1682192091.46705
msg_begin
7.75752e+06
-364018
-2.56955
0.00816289
0.00490667
0.000494614
0
0
0
1682192091.51705
msg_begin
7.75752e+06
-364018
-2.56747
0.00466461
0.00543541
0.000872939
0
0
0
1682192091.56688
msg_begin
7.75752e+06
-364018
-2.56811
0.0106904
0.00848807
0.00023851
0
0
0
1682192091.61677
msg_begin
7.75752e+06
-364018
-2.56348
0.00369081
0.00219136
0.000134715
0
0
0
1682192091.66669
msg_begin
7.75752e+06
-364019
-2.5605
0.00300498
0.00377564
0.000229528
0
0
0
1682192091.71764
msg_begin
7.75752e+06
-364019
-2.55754
0.00581417
0.00212253
0.000446419
0
0
0
1682192091.76651
msg_begin
7.75752e+06
-364019
-2.55469
0.00852568
0.0096832
0.000549747
0
0
0
1682192091.81642
msg_begin
7.75752e+06
-364019
-2.55386
0.00719855
0.00554816
0.000320715
0
0
0
1682192091.86643
msg_begin
7.75752e+06
-364020
-2.55169
0.0112009
0.00780829
0.000930018
0
0
0
1682192091.91616
msg_begin
7.75752e+06
-364020
-2.54596
0.00250237
0.00375224
5.99335e-05
0
0
0
1682192091.96609
msg_begin
7.75752e+06
-364020
-2.54409
0.0165315
0.00251965
0.000259415
0
0
0
1682192092.01594
msg_begin
7.75752e+06
-364020
-2.53905
0.00635522
0.00518366
0.000667328
0
0
0
1682192092.06593
msg_begin
7.75752e+06
-364021
-2.53799
0.0146643
0.0127573
0.000277412
0
0
0
1682192092.11670
msg_begin
7.75752e+06
-364021
-2.53532
0.0165762
0.0142478
0.00120658
0
0
0
1682192092.16559
msg_begin
7.75751e+06
-364021
-2.53326
0.00502327
0.00313524
0.000694671
0
0
0
1682192092.21547
msg_begin
7.75751e+06
-364021
-2.52758
0.0172203
0.0144816
0.000872047
0
0
0
1682192092.26530
msg_begin
7.75751e+06
-364022
-2.52724
0.00191532
0.001642
9.48458e-05
0
0
0
1682192092.31530
msg_begin
7.75751e+06
-364022
-2.52555
0.00800199
0.011268
0.000427262
0
0
0
1682192092.36506
msg_begin
7.75751e+06
-364022
-2.51834
0.00300518
0.000578869
1.43747e-05
0
0
0
1682192092.41494
msg_begin
7.75751e+06
-364022
-2.51542
0.0137449
0.0138967
0.000582167
0
0
0
1682192092.46478
msg_begin
7.75751e+06
-364023
-2.51544
0.0262508
0.0382344
0.00118234
0
0
0
1682192092.51567
msg_begin
7.75751e+06
-364023
-2.51622
0.00251129
0.00327249
0.000456638
0
0
0
1682192092.56446
msg_begin
7.75751e+06
-364023
-2.50847
4.00469e-08
2.91038e-10
2.66454e-15
0
0
0
1682192092.61434
msg_begin
7.75751e+06
-364023
-2.50409
0.00666803
0.00769629
0.000580585
0
0
0
1682192092.66422
msg_begin
7.75751e+06
-364024
-2.50023
0.0172309
0.00549435
0.00102962
0
0
0
1682192092.71488
msg_begin
7.75751e+06
-364024
-2.49767
0.0219773
0.0156719
0.00190319
0
0
0
1682192092.76400
msg_begin
7.75751e+06
-364024
-2.49477
5.21541e-08
3.49246e-10
4.44089e-16
0
0
0
1682192092.81389
msg_begin
7.75751e+06
-364024
-2.49168
0.006154
0.00250231
0.000326873
0
0
0
1682192092.86384
msg_begin
7.75751e+06
-364025
-2.48975
0.00358596
0.00355608
0.000450411
0
0
0
1682192092.91461
msg_begin
7.75751e+06
-364025
-2.48996
1.91408e-05
0.00317376
0.000390117
0
0
0
1682192092.96382
msg_begin
7.75751e+06
-364025
-2.48448
0.0242502
0.0192244
0.00108345
0
0
0
1682192093.01379
msg_begin
7.75751e+06
-364026
-2.48068
0.00217452
0.00192184
0.000228103
0
0
0
1682192093.06380
msg_begin
7.75751e+06
-364026
-2.47798
0.00548574
0.0046297
0.000570817
0
0
0
1682192093.11490
msg_begin
7.75751e+06
-364026
-2.47286
0.00699904
0.00578968
0.000278047
0
0
0
1682192093.16378
msg_begin
7.75751e+06
-364026
-2.4715
0.00611297
0.00768872
0.000774228
0
0
0
1682192093.21372
msg_begin
7.75751e+06
-364027
-2.4648
0.000430097
0.00201757
6.82512e-05
0
0
0
1682192093.26367
msg_begin
7.75751e+06
-364027
-2.46513
0.00133056
0.000453008
0.000112673
0
0
0
1682192093.31451
msg_begin
7.75751e+06
-364027
-2.46645
0.00932182
0.00708525
0.00101897
0
0
0
1682192093.36362
msg_begin
7.75751e+06
-364028
-2.46223
0.00300167
0.00315665
7.63598e-05
0
0
0
1682192093.41358
msg_begin
7.75751e+06
-364028
-2.46172
0.00240356
0.00338
0.000317123
0
0
0
1682192093.46369
msg_begin
7.75751e+06
-364028
-2.46047
0.0152995
0.0192344
0.000857201
0
0
0
1682192093.51382
msg_begin
7.75751e+06
-364028
-2.45861
0.0265509
0.0415211
0.00195498
0
0
0
1682192093.56345
msg_begin
7.75751e+06
-364029
-2.45487
0.0131362
0.0150488
0.000259336
0
0
0
1682192093.61347
msg_begin
7.7575e+06
-364029
-2.45374
0.00141863
0.00464555
0.000170362
0
0
0
1682192093.66344
msg_begin
7.7575e+06
-364029
-2.4521
0.0176065
0.00429338
0.000752441
0
0
0
1682192093.71340
msg_begin
7.7575e+06
-364029
-2.45139
0.0018163
0.00234287
0.000197337
0
0
0
1682192093.76343
msg_begin
7.7575e+06
-364030
-2.45133
0.00237374
0.0129366
0.000413959
0
0
0
1682192093.81337
msg_begin
7.7575e+06
-364030
-2.44925
6.14673e-08
5.82077e-10
5.32907e-15
0
0
0
1682192093.86390
msg_begin
7.7575e+06
-364030
-2.45017
0.00373007
0.00719824
0.0015081
0
0
0
1682192093.91336
msg_begin
7.7575e+06
-364031
-2.45045
0.019553
0.0289617
0.00251416
0
0
0
1682192093.96333
msg_begin
7.7575e+06
-364031
-2.44478
0.0397301
0.0400495
0.00115786
0
0
0
1682192094.01329
msg_begin
7.7575e+06
-364031
-2.44647
0.00055187
0.00178055
7.90578e-05
0
0
0
1682192094.06398
msg_begin
7.7575e+06
-364032
-2.44398
3.25963e-08
2.91038e-10
4.44089e-15
0
0
0
1682192094.11315
msg_begin
7.7575e+06
-364032
-2.44759
0.0161385
0.0195856
0.000319006
0
0
0
1682192094.16314
msg_begin
7.7575e+06
-364032
-2.4449
0.000685213
0.00346433
0.000101235
0
0
0
1682192094.21303
msg_begin
7.7575e+06
-364032
-2.44411
0.0054402
0.0114301
0.000165627
0
0
0
1682192094.26393
msg_begin
7.7575e+06
-364033
-2.44148
0.0166186
0.0136027
0.00110981
0
0
0
1682192094.31308
msg_begin
7.7575e+06
-364033
-2.44119
0.0102195
0.0089165
0.000619962
0
0
0
1682192094.36303
msg_begin
7.7575e+06
-364033
-2.44252
0.00767768
5.49484e-05
0.000161608
0
0
0
1682192094.41299
msg_begin
7.7575e+06
-364034
-2.44138
0.00243731
0.00323558
0.000174591
0
0
0
1682192094.46404
msg_begin
7.7575e+06
-364034
-2.43956
0.00696427
0.00764594
0.000896903
0
0
0
1682192094.51289
msg_begin
7.7575e+06
-364034
-2.43848
0.000933895
0.00720374
0.000549007
0
0
0
1682192094.56282
msg_begin
7.7575e+06
-364035
-2.44055
0.00759187
0.00514396
0.000738788
0
0
0
1682192094.61272
msg_begin
7.7575e+06
-364035
-2.43997
1.86265e-08
5.23869e-10
8.88178e-16
0
0
0
1682192094.66268
msg_begin
7.7575e+06
-364035
-2.44071
0.00563563
0.00246736
0.000244858
0
0
0
1682192094.71359
msg_begin
7.7575e+06
-364035
-2.43923
0.00692289
0.00555846
0.00059414
0
0
0
1682192094.76233
msg_begin
7.7575e+06
-364036
-2.44049
0.00945128
0.00329897
0.000629079
0
0
0
1682192094.81213
msg_begin
7.7575e+06
-364036
-2.43857
0.00524268
0.00479653
0.00032627
0
0
0
1682192094.86200
msg_begin
7.7575e+06
-364036
-2.43808
0.00677965
0.00428999
0.000343474
0
0
0
1682192094.91200
msg_begin
7.7575e+06
-364037
-2.4383
0.0113286
0.00863012
0.000779426
0
0
0
1682192094.96162
msg_begin
7.7575e+06
-364037
-2.43859
0.00076901
0.000180263
6.48486e-05
0
0
0
1682192095.01154
msg_begin
7.7575e+06
-364037
-2.43742
0.00545074
0.00363024
0.00020557
0
0
0
1682192095.06136
msg_begin
7.75749e+06
-364038
-2.43708
0.00423707
0.00379272
0.000718787
0
0
0
1682192095.11196
msg_begin
7.75749e+06
-364038
-2.43629
0.00117625
0.000676338
9.29497e-05
0
0
0
1682192095.16124
msg_begin
7.75749e+06
-364038
-2.43643
0.0081533
0.00657519
0.000595696
0
0
0
1682192095.21111
msg_begin
7.75749e+06
-364038
-2.43562
0.00354181
0.00316509
0.000194045
0
0
0
1682192095.26110
msg_begin
7.75749e+06
-364039
-2.43136
0.00361766
0.0106722
0.000681979
0
0
0
1682192095.31106
msg_begin
7.75749e+06
-364039
-2.43301
0.000543015
0.000492474
0.000404162
0
0
0
1682192095.36097
msg_begin
7.75749e+06
-364039
-2.43373
0.000437242
0.000146232
4.76399e-05
0
0
0
1682192095.41089
msg_begin
7.75749e+06
-364040
-2.43392
0.0132891
0.015875
0.000658101
0
0
0
1682192095.46080
msg_begin
7.75749e+06
-364040
-2.43293
3.65452e-05
0.00163578
0.000137844
0
0
0
1682192095.51158
msg_begin
7.75749e+06
-364040
-2.43001
0.00638413
0.00187569
0.000371353
0
0
0
1682192095.56059
msg_begin
7.75749e+06
-364041
-2.42952
0.0285431
0.0263445
0.00158254
0
0
0
1682192095.61060
msg_begin
7.75749e+06
-364041
-2.42872
0.00865856
0.0130811
0.000779704
0
0
0
1682192095.66049
msg_begin
7.75749e+06
-364041
-2.43067
0.0228176
0.0244993
0.00110168
0
0
0
1682192095.71043
msg_begin
7.75749e+06
-364042
-2.43279
0.00544401
0.00728653
0.000603914
0
0
0
1682192095.76036
msg_begin
7.75749e+06
-364042
-2.43156
0.024947
0.0181286
0.00119647
0
0
0
1682192095.81032
msg_begin
7.75749e+06
-364042
-2.43251
0.000796494
0.000338053
0.000101074
0
0
0
1682192095.86059
msg_begin
7.75749e+06
-364042
-2.43054
8.3819e-09
1.5134e-09
4.44089e-16
0
0
0
1682192095.91019
msg_begin
7.75749e+06
-364043
-2.43038
0.00506913
0.00390496
0.000146182
0
0
0
1682192095.96022
msg_begin
7.75749e+06
-364043
-2.43411
0.00663534
0.0053589
0.000466143
0
0
0
1682192096.01020
msg_begin
7.75749e+06
-364043
-2.43173
0.010234
0.0106274
0.000398657
0
0
0
1682192096.06011
msg_begin
7.75749e+06
-364044
-2.43054
3.35276e-08
1.16415e-10
4.44089e-15
0
0
0
1682192096.11009
msg_begin
7.75749e+06
-364044
-2.43065
0.00512399
0.00809032
0.000660378
0
0
0
1682192096.16002
msg_begin
7.75749e+06
-364044
-2.43204
0.000398029
0.000775107
0.000107177
0
0
0
1682192096.20994
msg_begin
7.75749e+06
-364044
-2.43336
0.00794557
0.00650466
0.000857778
0
0
0
1682192096.26042
msg_begin
7.75749e+06
-364045
-2.43405
0.000319248
0.0013906
7.43166e-05
0
0
0
1682192096.30980
msg_begin
7.75749e+06
-364045
-2.43591
0.00768553
0.0143352
0.00239381
0
0
0
1682192096.35967
msg_begin
7.75749e+06
-364045
-2.43586
0.0161108
0.0146422
0.000677217
0
0
0
1682192096.40961
msg_begin
7.75749e+06
-364046
-2.43695
0.00111921
0.00168784
0.000166963
0
0
0
1682192096.45957
msg_begin
7.75748e+06
-364046
-2.4395
0.0129172
0.00752031
0.000367047
0
0
0
1682192096.50946
msg_begin
7.75748e+06
-364046
-2.44143
0.00733314
0.00794997
0.000704228
0
0
0
1682192096.55932
msg_begin
7.75748e+06
-364047
-2.4386
0.0219515
0.0152003
0.000509684
0
0
0
1682192096.60931
msg_begin
7.75748e+06
-364047
-2.43818
0.0034819
0.00525773
0.000857155
0
0
0
1682192096.65929
msg_begin
7.75748e+06
-364047
-2.43792
0.00772338
0.00755187
0.000580772
0
0
0
1682192096.70915
msg_begin
7.75748e+06
-364048
-2.44253
1.72762e-05
0.00227486
0.000138335
0
0
0
1682192096.75915
msg_begin
7.75748e+06
-364048
-2.44141
0.00823544
0.00736594
0.000849724
0
0
0
1682192096.80897
msg_begin
7.75748e+06
-364048
-2.4438
0.0175767
0.0151835
0.00102316
0
0
0
1682192096.85899
msg_begin
7.75748e+06
-364048
-2.44256
0.00744138
0.0115134
0.000899205
0
0
0
1682192096.90890
msg_begin
7.75748e+06
-364049
-2.44383
0.0186243
0.020223
0.00154671
0
0
0
1682192096.95879
msg_begin
7.75748e+06
-364049
-2.44723
0.000373695
0.000413029
4.43123e-05
0
0
0
1682192097.00863
msg_begin
7.75748e+06
-364049
-2.44738
0.0103272
0.00254984
0.000884059
0
0
0
1682192097.05856
msg_begin
7.75748e+06
-364049
-2.45004
0.00596869
0.009208
0.000788785
0
0
0
1682192097.10849
msg_begin
7.75748e+06
-364050
-2.45025
0.0289852
0.0187821
0.0013875
0
0
0
1682192097.15837
msg_begin
7.75748e+06
-364050
-2.45181
0.0725049
0.0430796
0.00164421
0
0
0
1682192097.20824
msg_begin
7.75748e+06
-364050
-2.45495
0.00676974
0.0128954
0.00106448
0
0
0
1682192097.25815
msg_begin
7.75748e+06
-364051
-2.45861
0.0262064
0.0234026
0.000748085
0
0
0
1682192097.30804
msg_begin
7.75748e+06
-364051
-2.46086
0.0114065
0.00907838
0.000283689
0
0
0
1682192097.35799
msg_begin
7.75748e+06
-364051
-2.46201
0.0318777
0.0240235
0.00079159
0
0
0
1682192097.40782
msg_begin
7.75748e+06
-364051
-2.46328
0.00185659
0.000624209
7.44262e-05
0
0
0
1682192097.45824
msg_begin
7.75748e+06
-364052
-2.45985
0.0019534
0.000633021
0.000161541
0
0
0
1682192097.50763
msg_begin
7.75748e+06
-364052
-2.46215
0.00148396
0.000955781
0.000232274
0
0
0
1682192097.55752
msg_begin
7.75748e+06
-364052
-2.46506
0.00363957
0.013548
0.00131241
0
0
0
1682192097.60744
msg_begin
7.75748e+06
-364053
-2.4645
0.0139195
0.00873577
0.00103861
0
0
0
1682192097.65728
msg_begin
7.75748e+06
-364053
-2.46762
0.0165927
0.0216436
0.000797621
0
0
0
1682192097.70727
msg_begin
7.75748e+06
-364053
-2.46867
0.00878784
0.00708364
0.000434265
0
0
0
1682192097.75706
msg_begin
7.75748e+06
-364053
-2.46995
0.0153774
0.0161691
0.00104962
0
0
0
1682192097.80699
msg_begin
7.75748e+06
-364054
-2.47159
0.0602893
0.0516838
0.00123013
0
0
0
1682192097.85685
msg_begin
7.75748e+06
-364054
-2.47224
0.00496883
0.00641008
0.000739422
0
0
0
1682192097.90679
msg_begin
7.75748e+06
-364054
-2.47282
0.0090733
0.00587641
0.000160423
0
0
0
1682192097.95662
msg_begin
7.75747e+06
-364054
-2.47059
6.51926e-09
1.92085e-09
1.33227e-15
0
0
0
1682192098.00647
msg_begin
7.75747e+06
-364055
-2.47554
0.00439092
0.00596099
0.000848616
0
0
0
1682192098.05645
msg_begin
7.75747e+06
-364055
-2.47967
0.0303658
0.0188476
0.00279226
0
0
0
1682192098.10629
msg_begin
7.75747e+06
-364055
-2.47797
0.0407766
0.0315528
0.00320582
0
0
0
1682192098.15617
msg_begin
7.75747e+06
-364056
-2.47873
0.00533943
0.00729451
0.000840841
0
0
0
1682192098.20608
msg_begin
7.75747e+06
-364056
-2.47879
0.00119425
0.00106812
0.00100622
0
0
0
1682192098.25590
msg_begin
7.75747e+06
-364056
-2.47953
0.00673536
0.00365825
0.000958614
0
0
0
1682192098.30588
msg_begin
7.75747e+06
-364056
-2.48158
0.0307746
0.0217356
0.00169107
0
0
0
1682192098.35583
msg_begin
7.75747e+06
-364057
-2.48021
3.53903e-08
9.8953e-10
4.44089e-16
0
0
0
1682192098.40576
msg_begin
7.75747e+06
-364057
-2.48416
0.00209319
0.0017863
0.000540347
0
0
0
1682192098.45717
msg_begin
7.75747e+06
-364057
-2.48536
0.0131203
0.00421702
0.00129285
0
0
0
1682192098.50568
msg_begin
7.75747e+06
-364057
-2.48965
0.00160298
0.000998024
4.12215e-05
0
0
0
1682192098.55568
msg_begin
7.75747e+06
-364058
-2.49512
0.0165696
0.0178748
0.000854924
0
0
0
1682192098.60563
msg_begin
7.75747e+06
-364058
-2.49659
0.00118653
0.0019646
0.000109009
0
0
0
1682192098.65546
msg_begin
7.75747e+06
-364058
-2.50085
0.0130448
0.0115498
0.00047812
0
0
0
1682192098.70547
msg_begin
7.75747e+06
-364059
-2.50186
0.0016008
0.000829834
6.31406e-05
0
0
0
1682192098.75540
msg_begin
7.75747e+06
-364059
-2.50461
0.00548905
0.00173933
0.000776628
0
0
0
1682192098.80526
msg_begin
7.75747e+06
-364059
-2.5068
0.0239422
0.0153601
0.00152693
0
0
0
1682192098.85522
msg_begin
7.75747e+06
-364059
-2.50772
0.0121281
0.0101272
0.00096591
0
0
0
1682192098.90508
msg_begin
7.75747e+06
-364060
-2.51102
0.00974889
0.0193955
0.00108069
0
0
0
1682192098.95498
msg_begin
7.75747e+06
-364060
-2.51355
0.00800672
0.0112033
0.000820954
0
0
0
1682192099.00491
msg_begin
7.75747e+06
-364060
-2.51354
0.0045277
0.0058889
0.000310038
0
0
0
1682192099.05484
msg_begin
7.75747e+06
-364060
-2.51789
0.00139604
0.0020633
0.000209463
0
0
0
1682192099.10478
msg_begin
7.75747e+06
-364061
-2.51769
0.0157119
0.0136047
0.00124488
0
0
0
1682192099.15477
msg_begin
7.75747e+06
-364061
-2.5205
0.00551465
0.00500779
0.00023806
0
0
0
1682192099.20486
msg_begin
7.75747e+06
-364061
-2.52465
0.0206683
0.0136472
0.000367297
0
0
0
1682192099.25470
msg_begin
7.75747e+06
-364061
-2.52572
0.0351986
0.0199752
0.00183411
0
0
0
1682192099.30467
msg_begin
7.75747e+06
-364062
-2.53277
0.00191794
0.000527927
8.95573e-05
0
0
0
1682192099.35467
msg_begin
7.75747e+06
-364062
-2.53575
0.00375945
0.00234125
0.000247912
0
0
0
1682192099.40464
msg_begin
7.75746e+06
-364062
-2.53456
0.0124232
0.00722912
0.00123612
0
0
0
1682192099.45469
msg_begin
7.75746e+06
-364062
-2.535
0.009703
0.00393252
0.000297234
0
0
0
1682192099.50478
msg_begin
7.75746e+06
-364063
-2.54143
0.00141256
0.001567
0.000254807
0
0
0
1682192099.55478
msg_begin
7.75746e+06
-364063
-2.54493
0.00716577
0.00262579
0.000416231
0
0
0
1682192099.60479
msg_begin
7.75746e+06
-364063
-2.54436
0.0146024
0.0146032
0.000307196
0
0
0
1682192099.65481
msg_begin
7.75746e+06
-364063
-2.54856
0.0436228
0.0322665
0.000480192
0
0
0
1682192099.70479
msg_begin
7.75746e+06
-364064
-2.55178
0.000598006
0.00141648
0.000439177
0
0
0
1682192099.75478
msg_begin
7.75746e+06
-364064
-2.55677
0.012116
0.0100918
0.000941067
0
0
0
1682192099.80487
msg_begin
7.75746e+06
-364064
-2.55514
0.00263723
0.00164699
9.98478e-05
0
0
0
1682192099.85530
msg_begin
7.75746e+06
-364064
-2.5599
0.0183487
0.00859063
0.00205177
0
0
0
1682192099.90466
msg_begin
7.75746e+06
-364064
-2.56306
0.0136459
0.0137545
0.00118486
0
0
0
1682192099.95463
msg_begin
7.75746e+06
-364065
-2.56254
0.00951837
0.00888186
0.00104647
0
0
0
1682192100.00456
msg_begin
7.75746e+06
-364065
-2.57293
0.0087115
0.0101991
0.000949849
0
0
0
1682192100.05498
msg_begin
7.75746e+06
-364065
-2.57539
0.0133495
0.00810806
0.000559558
0
0
0
1682192100.10452
msg_begin
7.75746e+06
-364066
-2.57946
0.00584031
0.00320638
0.000227132
0
0
0
1682192100.15442
msg_begin
7.75746e+06
-364066
-2.58184
0.0080994
0.00353517
0.000371648
0
0
0
1682192100.20433
msg_begin
7.75746e+06
-364066
-2.58432
0.0024071
0.000875776
0.000102473
0
0
0
1682192100.25431
msg_begin
7.75746e+06
-364066
-2.58757
0.0139361
0.00501366
0.000885857
0
0
0
1682192100.30417
msg_begin
7.75746e+06
-364066
-2.59284
0.023336
0.0128593
0.00085007
0
0
0
1682192100.35407
msg_begin
7.75746e+06
-364067
-2.59688
0.0116126
0.00139781
0.000524111
0
0
0
1682192100.40401
msg_begin
7.75746e+06
-364067
-2.60042
0.0158763
0.00718536
0.00166444
0
0
0
1682192100.45483
msg_begin
7.75746e+06
-364067
-2.60132
0.031546
0.0178141
0.00290398
0
0
0
1682192100.50383
msg_begin
7.75746e+06
-364067
-2.6029
0.0119058
0.0060951
0.000841606
0
0
0
1682192100.55370
msg_begin
7.75746e+06
-364068
-2.60787
0.00344592
0.00244098
9.13934e-05
0
0
0
1682192100.60443
msg_begin
7.75746e+06
-364068
-2.61091
0.0142874
0.00346561
0.000523144
0
0
0
1682192100.65352
msg_begin
7.75746e+06
-364068
-2.6155
0.0257583
0.0112582
0.000419904
0
0
0
1682192100.70343
msg_begin
7.75746e+06
-364068
-2.6191
0.0124869
0.00197757
0.000440655
0
0
0
1682192100.75330
msg_begin
7.75746e+06
-364068
-2.62012
0.0211989
0.00362881
0.000594599
0
0
0
1682192100.80316
msg_begin
7.75745e+06
-364069
-2.62355
0.0114442
0.0113806
0.00116254
0
0
0
1682192100.85312
msg_begin
7.75745e+06
-364069
-2.62988
0.00725049
0.00325409
0.000684853
0
0
0
1682192100.90301
msg_begin
7.75745e+06
-364069
-2.63445
0.00984099
0.00603827
0.000892422
0
0
0
1682192100.95289
msg_begin
7.75745e+06
-364069
-2.63931
0.00810827
0.00346405
0.000613501
0
0
0
1682192101.00276
msg_begin
7.75745e+06
-364070
-2.64427
0.00511312
0.00376747
0.000535502
0
0
0
1682192101.05270
msg_begin
7.75745e+06
-364070
-2.64857
0.00737715
0.00703078
0.000834049
0
0
0
1682192101.10261
msg_begin
7.75745e+06
-364070
-2.65052
0.00532331
0.00374199
0.000394207
0
0
0
1682192101.15259
msg_begin
7.75745e+06
-364070
-2.65866
0.0459131
0.0327689
0.000847785
0
0
0
1682192101.20253
msg_begin
7.75745e+06
-364070
-2.6591
0.00551837
0.00529094
0.000789715
0
0
0
1682192101.25252
msg_begin
7.75745e+06
-364070
-2.66471
0.00614296
0.00187794
0.000479376
0
0
0
1682192101.30251
msg_begin
7.75745e+06
-364071
-2.67117
0.0130789
0.00588063
0.000349659
0
0
0
1682192101.35251
msg_begin
7.75745e+06
-364071
-2.67427
0.00672822
0.00425
0.000864055
0
0
0
1682192101.40253
msg_begin
7.75745e+06
-364071
-2.68002
0.00411227
0.00234258
9.08743e-05
0
0
0
1682192101.45249
msg_begin
7.75745e+06
-364071
-2.68277
0.0337491
0.0108549
0.00269689
0
0
0
1682192101.50256
msg_begin
7.75745e+06
-364071
-2.68847
0.0310794
0.0190288
0.000483583
0
0
0
1682192101.55258
msg_begin
7.75745e+06
-364072
-2.69314
8.56817e-08
3.37604e-09
3.10862e-15
0
0
0
1682192101.60261
msg_begin
7.75745e+06
-364072
-2.69503
0.0132331
0.0122448
0.00205884
0
0
0
1682192101.65248
msg_begin
7.75745e+06
-364072
-2.69992
0.0268162
0.0143291
0.00031316
0
0
0
1682192101.70241
msg_begin
7.75745e+06
-364072
-2.70278
0.075261
0.0365286
0.00138083
0
0
0
1682192101.75246
msg_begin
7.75745e+06
-364072
-2.70451
0.0316768
0.0191885
0.00179348
0
0
0
1682192101.80398
msg_begin
7.75745e+06
-364073
-2.71029
0.00240546
0.00377683
0.00026325
0
0
0
1682192101.85314
msg_begin
7.75745e+06
-364073
-2.71187
0.00424164
0.00263959
0.00042373
0
0
0
1682192101.90230
msg_begin
7.75745e+06
-364073
-2.71891
0.00282084
0.00175429
0.00014705
0
0
0
1682192101.95217
msg_begin
7.75745e+06
-364073
-2.71806
0.00622638
0.00144749
0.00106077
0
0
0
1682192102.00213
msg_begin
7.75745e+06
-364073
-2.71711
0.0437632
0.0248598
0.00160777
0
0
0
1682192102.05314
msg_begin
7.75745e+06
-364073
-2.72047
0.0325
0.0179712
0.000487386
0
0
0
1682192102.10196
msg_begin
7.75745e+06
-364074
-2.72247
0.00320957
0.00309061
0.000238562
0
0
0
1682192102.15194
msg_begin
7.75744e+06
-364074
-2.72341
0.0213007
0.0121097
0.000730178
0
0
0
1682192102.20184
msg_begin
7.75744e+06
-364074
-2.726
0.0150102
0.00331253
0.000365729
0
0
0
1682192102.25275
msg_begin
7.75744e+06
-364074
-2.72639
5.12227e-08
2.32831e-10
3.10862e-15
0
0
0
1682192102.30184
msg_begin
7.75744e+06
-364074
-2.72813
0.000774883
0.00290216
0.000192507
0
0
0
1682192102.35181
msg_begin
7.75744e+06
-364074
-2.73323
0.00181151
0.000147487
0.00010174
0
0
0
1682192102.40180
msg_begin
7.75744e+06
-364075
-2.73403
0.0013623
0.00061491
0.000171331
0
0
0
1682192102.45289
msg_begin
7.75744e+06
-364075
-2.73516
0.00915024
0.00870235
0.000599979
0
0
0
1682192102.50179
msg_begin
7.75744e+06
-364075
-2.73527
0.00780949
0.00213683
0.00132621
0
0
0
1682192102.55173
msg_begin
7.75744e+06
-364075
-2.73874
0.00347546
0.00211259
0.000313207
0
0
0
1682192102.60184
msg_begin
7.75744e+06
-364075
-2.7409
0.00809577
0.00162324
0.000290787
0
0
0
1682192102.65168
msg_begin
7.75744e+06
-364075
-2.74304
0.00615376
0.0036456
0.000916035
0
0
0
1682192102.70159
msg_begin
7.75744e+06
-364076
-2.74267
0.00584589
0.00226814
0.000494145
0
0
0
1682192102.75154
msg_begin
7.75744e+06
-364076
-2.74435
0.00178731
0.00156368
0.000107908
0
0
0
1682192102.80154
msg_begin
7.75744e+06
-364076
-2.74635
0.0225723
0.00318408
0.000266464
0
0
0
1682192102.85144
msg_begin
7.75744e+06
-364076
-2.74879
0.00175707
0.0086718
0.000109152
0
0
0
1682192102.90136
msg_begin
7.75744e+06
-364076
-2.75342
0.028214
0.0182161
0.000744086
0
0
0
1682192102.95135
msg_begin
7.75744e+06
-364077
-2.75446
0.00189553
0.00208376
7.40284e-05
0
0
0
1682192103.00127
msg_begin
7.75744e+06
-364077
-2.75407
0.0196192
0.015744
0.000502309
0
0
0
1682192103.05161
msg_begin
7.75744e+06
-364077
-2.75607
0.00752759
0.0185058
0.000655046
0
0
0
1682192103.10112
msg_begin
7.75744e+06
-364077
-2.76059
0.00487662
0.00920246
0.000477272
0
0
0
1682192103.15112
msg_begin
7.75744e+06
-364077
-2.76146
0.0122344
0.00792822
0.000881901
0
0
0
1682192103.20107
msg_begin
7.75744e+06
-364077
-2.76373
0.00606015
0.00625431
0.000780679
0
0
0
1682192103.25174
msg_begin
7.75744e+06
-364077
-2.76715
0.0169586
0.0163834
0.000340527
0
0
0
1682192103.30105
msg_begin
7.75744e+06
-364078
-2.77004
0.00447565
0.00238661
0.000106285
0
0
0
1682192103.35103
msg_begin
7.75744e+06
-364078
-2.76986
0.00780258
0.000912925
0.000167806
0
0
0
1682192103.40092
msg_begin
7.75744e+06
-364078
-2.77368
0.0307527
0.0171172
0.00151024
0
0
0
1682192103.45171
msg_begin
7.75744e+06
-364078
-2.77768
7.72998e-08
1.74623e-10
8.88178e-16
0
0
0
1682192103.50087
msg_begin
7.75743e+06
-364078
-2.78072
0.00868817
0.00241466
0.00151278
0
0
0
1682192103.55090
msg_begin
7.75743e+06
-364078
-2.78112
0.0280357
0.0073135
0.000635236
0
0
0
1682192103.60099
msg_begin
7.75743e+06
-364078
-2.78223
0.0113777
0.00354312
0.000322695
0
0
0
1682192103.65088
msg_begin
7.75743e+06
-364079
-2.78614
0.00102647
0.00218341
0.000275866
0
0
0
1682192103.70091
msg_begin
7.75743e+06
-364079
-2.78705
0.00646411
0.00388767
0.000678089
0
0
0
1682192103.75093
msg_begin
7.75743e+06
-364079
-2.78328
1.21072e-08
9.8953e-10
1.33227e-15
0
0
0
1682192103.80099
msg_begin
7.75743e+06
-364079
-2.78627
0.0218466
0.00448102
0.000588682
0
0
0
1682192103.85096
msg_begin
7.75743e+06
-364079
-2.79066
0.00990496
0.00681233
0.000967663
0
0
0
1682192103.90103
msg_begin
7.75743e+06
-364079
-2.78959
0.00282601
0.000656862
0.000131769
0
0
0
1682192103.95104
msg_begin
7.75743e+06
-364080
-2.78924
0.0104587
0.00150856
0.00010057
0
0
0
1682192104.00109
msg_begin
7.75743e+06
-364080
-2.78767
0.018701
0.00257352
0.00090555
0
0
0
1682192104.05115
msg_begin
7.75743e+06
-364080
-2.79284
0.000460771
0.000630099
0.000147658
0
0
0
1682192104.10114
msg_begin
7.75743e+06
-364080
-2.79881
0.0179829
0.00600621
0.00106123
0
0
0
1682192104.15117
msg_begin
7.75743e+06
-364080
-2.79932
0.0111853
0.00628878
0.000574768
0
0
0
1682192104.20138
msg_begin
7.75743e+06
-364080
-2.7998
0.0166373
0.00170154
0.000191305
0
0
0
1682192104.25122
msg_begin
7.75743e+06
-364080
-2.79943
0.00711405
0.00183175
0.000431783
0
0
0
1682192104.30112
msg_begin
7.75743e+06
-364081
-2.80311
0.040208
0.0274294
0.00136736
0
0
0
1682192104.35106
msg_begin
7.75743e+06
-364081
-2.80192
0.000736024
0.000956487
0.000191896
0
0
0
1682192104.40121
msg_begin
7.75743e+06
-364081
-2.80349
0.0118354
0.00710337
0.000430489
0
0
0
1682192104.45098
msg_begin
7.75743e+06
-364081
-2.80417
0.0138962
0.00492756
0.00107358
0
0
0
1682192104.50093
msg_begin
7.75743e+06
-364081
-2.80688
0.0149226
0.00844592
0.00151
0
0
0
1682192104.55098
msg_begin
7.75743e+06
-364081
-2.81143
0.00422854
0.00190376
0.000203882
0
0
0
1682192104.60115
msg_begin
7.75743e+06
-364081
-2.81273
0.000751023
0.000504909
5.67813e-05
0
0
0
1682192104.65088
msg_begin
7.75743e+06
-364082
-2.81455
0.00916842
0.0012672
0.000446212
0
0
0
1682192104.70094
msg_begin
7.75743e+06
-364082
-2.81457
0.0432475
0.0137926
0.000912036
0
0
0
1682192104.75087
msg_begin
7.75743e+06
-364082
-2.81591
0.0115927
0.0107905
0.000295591
0
0
0
1682192104.80088
msg_begin
7.75742e+06
-364082
-2.81977
0.00326419
0.00185881
8.73426e-05
0
0
0
1682192104.85086
msg_begin
7.75742e+06
-364082
-2.81942
0.00668604
0.00130127
0.000203526
0
0
0
1682192104.90100
msg_begin
7.75742e+06
-364082
-2.81963
0.00451997
0.00722161
0.00036467
0
0
0
1682192104.95093
msg_begin
7.75742e+06
-364082
-2.82157
0.000995951
0.00125738
4.47994e-05
0
0
0
1682192105.00099
msg_begin
7.75742e+06
-364082
-2.82258
0.019528
0.00551124
0.000498107
0
0
0
1682192105.05141
msg_begin
7.75742e+06
-364083
-2.82462
2.79397e-09
2.73576e-09
8.88178e-16
0
0
0
1682192105.10113
msg_begin
7.75742e+06
-364083
-2.8245
0.00754933
0.00508459
0.0009485
0
0
0
1682192105.15111
msg_begin
7.75742e+06
-364083
-2.82907
0.0183797
0.00633122
0.00141679
0
0
0
1682192105.20136
msg_begin
7.75742e+06
-364083
-2.83074
0.0135418
0.0029668
0.000800679
0
0
0
1682192105.25224
msg_begin
7.75742e+06
-364083
-2.82905
0.0102308
0.00161286
0.000370801
0
0
0
1682192105.30125
msg_begin
7.75742e+06
-364083
-2.82975
0.0232031
0.00667982
0.000631639
0
0
0
1682192105.35132
msg_begin
7.75742e+06
-364083
-2.82927
0.00991027
0.0078751
0.000572286
0
0
0
1682192105.40130
msg_begin
7.75742e+06
-364084
-2.83114
0.0127976
0.00968332
0.000425863
0
0
0
1682192105.45185
msg_begin
7.75742e+06
-364084
-2.83126
0.0131134
0.00314154
0.00125565
0
0
0
1682192105.50135
msg_begin
7.75742e+06
-364084
-2.83429
0.0178008
0.00941946
0.00112136
0
0
0
1682192105.55124
msg_begin
7.75742e+06
-364084
-2.83754
0.000423031
5.14406e-05
4.5527e-05
0
0
0
1682192105.60124
msg_begin
7.75742e+06
-364084
-2.83521
5.58794e-08
1.74623e-10
2.22045e-15
0
0
0
1682192105.65113
msg_begin
7.75742e+06
-364084
-2.83595
0.00233959
0.00277249
0.000669736
0
0
0
1682192105.70114
msg_begin
7.75742e+06
-364084
-2.83714
0.00356838
0.00768629
0.00102016
0
0
0
1682192105.75109
msg_begin
7.75742e+06
-364084
-2.84225
0.0175268
0.00919035
0.00158228
0
0
0
1682192105.80112
msg_begin
7.75742e+06
-364085
-2.84301
0.0282893
0.0102876
0.00126082
0
0
0
1682192105.85092
msg_begin
7.75742e+06
-364085
-2.84445
0.00653963
0.0082824
0.000137178
0
0
0
1682192105.90088
msg_begin
7.75742e+06
-364085
-2.84732
1.39698e-08
3.66708e-09
2.22045e-15
0
0
0
1682192105.95084
msg_begin
7.75742e+06
-364085
-2.84964
0.00118664
0.00139264
0.000115439
0
0
0
1682192106.00086
msg_begin
7.75742e+06
-364085
-2.85035
0.0030027
0.00105531
0.000418996
0
0
0
1682192106.05080
msg_begin
7.75742e+06
-364085
-2.85225
0.0106386
0.00605681
0.000572936
0
0
0
1682192106.10082
msg_begin
7.75742e+06
-364085
-2.85436
0.00485164
0.00197343
3.78139e-05
0
0
0
1682192106.15082
msg_begin
7.75741e+06
-364085
-2.85516
0.0105941
0.00964146
0.000397776
0
0
0
1682192106.20079
msg_begin
7.75741e+06
-364085
-2.8525
0.00396317
0.00573006
0.000327738
0
0
0
1682192106.25117
msg_begin
7.75741e+06
-364086
-2.85273
0.0141918
0.00182604
0.000654127
0
0
0
1682192106.30084
msg_begin
7.75741e+06
-364086
-2.85049
0.00627017
0.00212796
0.00062446
0
0
0
1682192106.35090
msg_begin
7.75741e+06
-364086
-2.85048
0.0209898
0.015239
0.00159798
0
0
0
1682192106.40091
msg_begin
7.75741e+06
-364086
-2.84905
0.00250193
0.00286552
9.43507e-05
0
0
0
1682192106.45195
msg_begin
7.75741e+06
-364086
-2.8516
0.00101645
0.000636299
0.000106556
0
0
0
1682192106.50104
msg_begin
7.75741e+06
-364086
-2.85345
0.00517853
0.00874566
0.00089478
0
0
0
1682192106.55103
msg_begin
7.75741e+06
-364086
-2.85272
0.00438257
0.00342805
0.000149314
0
0
0
1682192106.60109
msg_begin
7.75741e+06
-364086
-2.85392
0.0145301
0.011402
0.000639849
0
0
0
1682192106.65110
msg_begin
7.75741e+06
-364087
-2.85517
5.02914e-08
2.73576e-09
1.77636e-15
0
0
0
1682192106.70112
msg_begin
7.75741e+06
-364087
-2.85816
0.00763007
0.00480594
0.00135134
0
0
0
1682192106.75117
msg_begin
7.75741e+06
-364087
-2.8626
0.00376431
0.00447749
0.000671534
0
0
0
1682192106.80128
msg_begin
7.75741e+06
-364087
-2.8644
0.0137046
0.0026892
0.000678049
0
0
0
1682192106.85110
msg_begin
7.75741e+06
-364087
-2.86864
0.0117005
0.00599977
0.000285992
0
0
0
1682192106.90105
msg_begin
7.75741e+06
-364087
-2.8684
0.0396201
0.00524026
0.000410436
0
0
0
1682192106.95102
msg_begin
7.75741e+06
-364087
-2.86768
0.0101768
0.0107514
0.000613603
0
0
0
1682192107.00093
msg_begin
7.75741e+06
-364087
-2.86431
0.00607387
0.00601134
0.000912164
0
0
0
1682192107.05093
msg_begin
7.75741e+06
-364087
-2.86486
0.00945825
0.00405716
0.000353594
0
0
0
1682192107.10089
msg_begin
7.75741e+06
-364087
-2.86566
0.000351644
0.00358859
0.000475107
0
0
0
1682192107.15086
msg_begin
7.75741e+06
-364088
-2.86523
0.00313971
0.00134082
0.000206943
0
0
0
1682192107.20081
msg_begin
7.75741e+06
-364088
-2.86701
0.00164315
0.00273906
0.000200177
0
0
0
1682192107.25083
msg_begin
7.75741e+06
-364088
-2.86962
0.00185377
0.000752251
2.28956e-05
0
0
0
1682192107.30086
msg_begin
7.75741e+06
-364088
-2.86905
0.00476846
0.00234011
0.000120195
0
0
0
1682192107.35091
msg_begin
7.75741e+06
-364088
-2.86829
0.00164904
0.00121749
0.000156852
0
0
0
1682192107.40171
msg_begin
7.75741e+06
-364088
-2.8678
0.00434172
0.00157054
0.00021714
0
0
0
1682192107.45095
msg_begin
7.7574e+06
-364088
-2.86857
0.00350217
0.00234225
0.000358006
0
0
0
1682192107.50091
msg_begin
7.7574e+06
-364088
-2.86772
0.0266887
0.0133168
0.00124554
0
0
0
1682192107.55094
msg_begin
7.7574e+06
-364088
-2.86547
0.0214596
0.0106871
0.000489359
0
0
0
1682192107.60090
msg_begin
7.7574e+06
-364089
-2.86631
0.0447737
0.0187616
0.0008056
0
0
0
1682192107.65086
msg_begin
7.7574e+06
-364089
-2.86565
0.00447098
0.00392687
0.00024595
0
0
0
1682192107.70087
msg_begin
7.7574e+06
-364089
-2.86549
0.0142624
0.0142043
0.00102179
0
0
0
1682192107.75080
msg_begin
7.7574e+06
-364089
-2.86509
0.00778464
0.00600684
0.000233552
0
0
0
1682192107.80140
msg_begin
7.7574e+06
-364089
-2.8673
0.00440843
0.00192203
0.000381699
0
0
0
1682192107.85066
msg_begin
7.7574e+06
-364089
-2.86594
0.000744886
0.000480589
2.48409e-05
0
0
0
1682192107.90065
msg_begin
7.7574e+06
-364089
-2.86638
0.0335813
0.00903938
0.000347781
0
0
0
1682192107.95059
msg_begin
7.7574e+06
-364089
-2.86821
0.0148708
0.00705784
0.000670241
0
0
0
1682192108.00123
msg_begin
7.7574e+06
-364089
-2.87357
0.0148916
0.0095308
0.00161708
0
0
0
1682192108.05047
msg_begin
7.7574e+06
-364090
-2.87148
0.0289623
0.0175712
0.00120097
0
0
0
1682192108.10048
msg_begin
7.7574e+06
-364090
-2.87361
0.0132662
0.0124165
0.000817621
0
0
0
1682192108.15047
msg_begin
7.7574e+06
-364090
-2.87422
0.00121889
0.00242479
8.48506e-05
0
0
0
1682192108.20048
msg_begin
7.7574e+06
-364090
-2.87431
0.024124
0.0125609
0.000553718
0
0
0
1682192108.25047
msg_begin
7.7574e+06
-364090
-2.87141
0.00708153
0.00352304
0.000878153
0
0
0
1682192108.30047
msg_begin
7.7574e+06
-364090
-2.86987
0.0143988
0.0054655
0.000731475
0
0
0
1682192108.35052
msg_begin
7.7574e+06
-364090
-2.87115
7.35745e-08
2.32831e-10
8.88178e-16
0
0
0
1682192108.45454
msg_begin
7.7574e+06
-364090
-2.87173
0.00879026
0.00556766
0.000361793
0
0
0
1682192108.50050
msg_begin
7.7574e+06
-364091
-2.87185
0.0254283
0.0100667
0.00141047
0
0
0
1682192108.55051
msg_begin
7.7574e+06
-364091
-2.87396
0.0229878
0.0186138
0.00283926
0
0
0
1682192108.60125
msg_begin
7.7574e+06
-364091
-2.87639
0.0174898
0.00719457
0.00105729
0
0
0
1682192108.65047
msg_begin
7.7574e+06
-364091
-2.8783
0.0198112
0.00674209
0.000681254
0
0
0
1682192108.70048
msg_begin
7.7574e+06
-364091
-2.88152
0.00175227
0.000733857
0.000141716
0
0
0
1682192108.75050
msg_begin
7.75739e+06
-364091
-2.88378
0.0158331
0.0063482
0.000759832
0
0
0
1682192108.80158
msg_begin
7.75739e+06
-364091
-2.87987
6.14673e-08
5.82077e-10
4.44089e-16
0
0
0
1682192108.85057
msg_begin
7.75739e+06
-364091
-2.88207
0.00129913
0.00664845
0.000160672
0
0
0
1682192108.90055
msg_begin
7.75739e+06
-364092
-2.88777
0.00434149
0.00121082
0.000247984
0
0
0
1682192108.95055
msg_begin
7.75739e+06
-364092
-2.88862
0.00754008
0.00499104
0.000591475
0
0
0
1682192109.00056
msg_begin
7.75739e+06
-364092
-2.88891
0.00283832
0.000279627
0.000156554
0
0
0
1682192109.05057
msg_begin
7.75739e+06
-364092
-2.89185
0.00530804
0.00712166
0.00124138
0
0
0
1682192109.10053
msg_begin
7.75739e+06
-364092
-2.8911
0.00254976
0.00228583
0.000307338
0
0
0
1682192109.15045
msg_begin
7.75739e+06
-364092
-2.89625
0.00554784
0.00152242
0.000447544
0
0
0
1682192109.20040
msg_begin
7.75739e+06
-364092
-2.89547
0.0428724
0.0103161
0.000739104
0
0
0
1682192109.25037
msg_begin
7.75739e+06
-364092
-2.89961
0.0202993
0.0128404
0.00143921
0
0
0
1682192109.30035
msg_begin
7.75739e+06
-364092
-2.90162
0.00286119
0.00128184
0.000249407
0
0
0
1682192109.35031
msg_begin
7.75739e+06
-364092
-2.90027
0.00399507
0.00637213
0.00085806
0
0
0
1682192109.40049
msg_begin
7.75739e+06
-364093
-2.90037
0.0167465
0.00367606
0.000161926
0
0
0
1682192109.45031
msg_begin
7.75739e+06
-364093
-2.90126
0.00302207
0.0023618
0.000162636
0
0
0
1682192109.50029
msg_begin
7.75739e+06
-364093
-2.90735
0.0105649
0.00214961
0.000845287
0
0
0
1682192109.55025
msg_begin
7.75739e+06
-364093
-2.90826
0.000897576
0.000538981
0.000129549
0
0
0
1682192109.60063
msg_begin
7.75739e+06
-364093
-2.90872
0.00206469
0.000269353
6.59114e-05
0
0
0
1682192109.65019
msg_begin
7.75739e+06
-364093
-2.91268
1.49012e-08
1.04774e-09
0
0
0
0
1682192109.70012
msg_begin
7.75739e+06
-364093
-2.91162
0.00252668
0.00178577
0.000104207
0
0
0
1682192109.75014
msg_begin
7.75739e+06
-364093
-2.91169
0.00639468
0.00595302
0.000483435
0
0
0
1682192109.80034
msg_begin
7.75739e+06
-364093
-2.91469
0.0101393
0.0074634
0.00121231
0
0
0
1682192109.85012
msg_begin
7.75739e+06
-364093
-2.91574
4.00469e-08
2.44472e-09
2.66454e-15
0
0
0
1682192109.90004
msg_begin
7.75739e+06
-364094
-2.91791
0.0117308
0.00533501
0.000548321
0
0
0
1682192109.95010
msg_begin
7.75739e+06
-364094
-2.91789
0.0034775
0.000218779
9.12152e-05
0
0
0
1682192110.00052
msg_begin
7.75738e+06
-364094
-2.91686
6.89179e-08
1.16415e-10
8.88178e-16
0
0
0
1682192110.05004
msg_begin
7.75738e+06
-364094
-2.91712
0.00565904
0.00390413
0.000441045
0
0
0
1682192110.10015
msg_begin
7.75738e+06
-364094
-2.92118
0.0112337
0.00224697
0.000132143
0
0
0
1682192110.15017
msg_begin
7.75738e+06
-364094
-2.92391
0.0355999
0.00217606
0.000334209
0
0
0
1682192110.20091
msg_begin
7.75738e+06
-364094
-2.92434
0.0032568
0.000635398
7.19818e-05
0
0
0
1682192110.25011
msg_begin
7.75738e+06
-364094
-2.92598
0.0129966
0.00615395
0.00109631
0
0
0
1682192110.30018
msg_begin
7.75738e+06
-364094
-2.92588
0.00353394
0.000545013
0.000176031
0
0
0
1682192110.35017
msg_begin
7.75738e+06
-364094
-2.9268
8.0855e-05
0.000493346
0.000102424
0
0
0
1682192110.40050
msg_begin
7.75738e+06
-364095
-2.92583
0.000908391
0.00229988
0.00014229
0
0
0
1682192110.45013
msg_begin
7.75738e+06
-364095
-2.92936
0.0140898
0.00717657
0.000588532
0
0
0
1682192110.50002
msg_begin
7.75738e+06
-364095
-2.93432
0.0103918
0.00450358
0.00024314
0
0
0
1682192110.54997
msg_begin
7.75738e+06
-364095
-2.93348
0.00245312
0.00150851
0.000239852
0
0
0
1682192110.60066
msg_begin
7.75738e+06
-364095
-2.93664
0.00209128
0.00162218
0.000155869
0
0
0
1682192110.64993
msg_begin
7.75738e+06
-364095
-2.93735
0.00312125
0.00171224
0.000238771
0
0
0
1682192110.69986
msg_begin
7.75738e+06
-364095
-2.93591
0.00941939
0.00319314
0.000320559
0
0
0
1682192110.74983
msg_begin
7.75738e+06
-364095
-2.93738
0.0022182
0.00440098
0.000249576
0
0
0
1682192110.80053
msg_begin
7.75738e+06
-364095
-2.93741
0.0106331
0.00572696
0.000398994
0
0
0
1682192110.84977
msg_begin
7.75738e+06
-364095
-2.94341
0.0100408
0.00459312
0.000404804
0
0
0
1682192110.89972
msg_begin
7.75738e+06
-364096
-2.94379
0.00912992
0.00467855
0.000810973
0
0
0
1682192110.94968
msg_begin
7.75738e+06
-364096
-2.94456
0.0176192
0.00920187
0.000405477
0
0
0
1682192110.99964
msg_begin
7.75738e+06
-364096
-2.94533
0.0282472
0.007294
0.000387566
0
0
0
1682192111.04954
msg_begin
7.75738e+06
-364096
-2.95073
0.00749138
0.00380664
0.000347867
0
0
0
1682192111.09950
msg_begin
7.75738e+06
-364096
-2.95022
0.0296624
0.0121117
0.000445267
0
0
0
1682192111.14938
msg_begin
7.75738e+06
-364096
-2.95162
0.00481643
0.00809849
0.000353686
0
0
0
1682192111.19995
msg_begin
7.75738e+06
-364096
-2.95505
0.0192389
0.00714652
0.00139544
0
0
0
1682192111.24929
msg_begin
7.75738e+06
-364096
-2.95545
0.00116891
0.000273088
4.13189e-05
0
0
0
1682192111.29934
msg_begin
7.75737e+06
-364096
-2.95569
0.0119019
0.00625614
0.00037356
0
0
0
1682192111.34928
msg_begin
7.75737e+06
-364096
-2.95543
0.0111628
0.0105332
0.00109406
0
0
0
1682192111.39999
msg_begin
7.75737e+06
-364096
-2.95763
0.0212046
0.0119099
0.00155929
0
0
0
1682192111.44934
msg_begin
7.75737e+06
-364096
-2.95858
0.00800062
0.00432869
0.00030694
0
0
0
1682192111.49937
msg_begin
7.75737e+06
-364096
-2.95795
0.0104053
0.00888741
0.000221291
0
0
0
1682192111.54937
msg_begin
7.75737e+06
-364097
-2.96283
0.00176103
0.000555852
7.50683e-05
0
0
0
1682192111.59934
msg_begin
7.75737e+06
-364097
-2.96697
0.0498298
0.0123782
0.000802691
0
0
0
1682192111.64935
msg_begin
7.75737e+06
-364097
-2.96773
0.0107806
0.0022803
0.000519892
0
0
0
1682192111.69928
msg_begin
7.75737e+06
-364097
-2.97125
0.0128143
0.00491488
0.000344655
0
0
0
1682192111.74928
msg_begin
7.75737e+06
-364097
-2.97131
0.00196962
0.00735138
0.00066789
0
0
0
1682192111.79987
msg_begin
7.75737e+06
-364097
-2.97394
0.00872438
0.00143775
0.000105723
0
0
0
1682192111.84911
msg_begin
7.75737e+06
-364097
-2.97721
0.0192573
0.0100995
0.00151218
0
0
0
1682192111.89912
msg_begin
7.75737e+06
-364097
-2.97634
0.0177016
0.00490015
0.00108091
0
0
0
1682192111.94910
msg_begin
7.75737e+06
-364097
-2.97891
0.0141572
0.00773267
0.000966637
0
0
0
1682192111.99910
msg_begin
7.75737e+06
-364097
-2.97966
0.0062116
0.00729295
0.000258868
0
0
0
1682192112.04905
msg_begin
7.75737e+06
-364097
-2.97922
0.0283143
0.00877607
0.000603646
0
0
0
1682192112.09912
msg_begin
7.75737e+06
-364097
-2.98443
5.58794e-08
3.37604e-09
1.33227e-15
0
0
0
1682192112.14912
msg_begin
7.75737e+06
-364097
-2.98297
0.0300217
0.0037973
0.000523649
0
0
0
1682192112.19977
msg_begin
7.75737e+06
-364097
-2.98691
0.0275373
0.00564844
0.00125157
0
0
0
1682192112.24917
msg_begin
7.75737e+06
-364098
-2.99092
0.0189743
0.00524154
0.000152818
0
0
0
1682192112.29918
msg_begin
7.75737e+06
-364098
-2.99124
6.51926e-08
8.14907e-10
2.22045e-15
0
0
0
1682192112.34919
msg_begin
7.75737e+06
-364098
-2.99188
0.00203606
0.000169491
1.52239e-05
0
0
0
1682192112.39967
msg_begin
7.75737e+06
-364098
-2.9954
0.0187579
0.0111014
0.00188729
0
0
0
1682192112.44916
msg_begin
7.75737e+06
-364098
-2.99812
0.00973442
0.00559762
0.00101355
0
0
0
1682192112.49916
msg_begin
7.75737e+06
-364098
-2.99724
0.00705978
0.00321946
0.000299417
0
0
0
1682192112.54917
msg_begin
7.75737e+06
-364098
-2.99767
0.00241206
0.000676464
4.92581e-05
0
0
0
1682192112.59966
msg_begin
7.75737e+06
-364098
-2.99696
0.00535451
0.00124541
0.00016438
0
0
0
1682192112.64921
msg_begin
7.75736e+06
-364098
-2.99623
0.00184788
0.00677212
0.000216579
0
0
0
1682192112.69922
msg_begin
7.75736e+06
-364098
-2.99736
7.54371e-08
7.567e-10
0
0
0
0
1682192112.74926
msg_begin
7.75736e+06
-364098
-2.99662
0.00218099
0.00163825
5.7714e-05
0
0
0
1682192112.79982
msg_begin
7.75736e+06
-364098
-2.99609
0.0177855
0.00499924
0.000701417
0
0
0
1682192112.84925
msg_begin
7.75736e+06
-364098
-2.9952
0.00408218
0.00204811
0.000160105
0
0
0
1682192112.89927
msg_begin
7.75736e+06
-364098
-2.99685
0.0233028
0.00663102
0.00062549
0
0
0
1682192112.94931
msg_begin
7.75736e+06
-364098
-2.99649
0.00522686
0.00670807
0.00106563
0
0
0
1682192112.99959
msg_begin
7.75736e+06
-364098
-2.99856
0.0154818
0.0146195
0.00137778
0
0
0
1682192113.04917
msg_begin
7.75736e+06
-364098
-3.00258
0.0029285
0.00232485
0.000191049
0
0
0
1682192113.09916
msg_begin
7.75736e+06
-364098
-3.00218
0.0028045
0.00100903
0.000174567
0
0
0
1682192113.14908
msg_begin
7.75736e+06
-364098
-3.00349
0.00999662
0.00455481
0.000609269
0
0
0
1682192113.19946
msg_begin
7.75736e+06
-364099
-3.00245
0.000765551
0.000707358
0.000381564
0
0
0
1682192113.24905
msg_begin
7.75736e+06
-364099
-3.00195
0.00827546
0.00163006
0.000449282
0
0
0
1682192113.29906
msg_begin
7.75736e+06
-364099
-3.00091
0.00303888
0.000732056
0.000179796
0
0
0
1682192113.34906
msg_begin
7.75736e+06
-364099
-3.0056
0.00289965
0.000609045
0.000462263
0
0
0
1682192113.39947
msg_begin
7.75736e+06
-364099
-3.00098
1.67638e-08
1.39698e-09
0
0
0
0
1682192113.44907
msg_begin
7.75736e+06
-364099
-3.00014
0.0101309
0.0097134
0.000701194
0
0
0
1682192113.49914
msg_begin
7.75736e+06
-364099
-3.00339
0.0119579
0.00544522
0.000924539
0
0
0
1682192113.54920
msg_begin
7.75736e+06
-364099
-3.00347
0.0119487
0.00162793
8.46539e-05
0
0
0
1682192113.59958
msg_begin
7.75736e+06
-364099
-3.00671
0.0284049
0.00655296
0.00233823
0
0
0
1682192113.64932
msg_begin
7.75736e+06
-364099
-3.0075
0.00913151
0.00539735
0.000435664
0
0
0
1682192113.69938
msg_begin
7.75736e+06
-364099
-3.00666
3.07336e-08
5.23869e-10
8.88178e-16
0
0
0
1682192113.74943
msg_begin
7.75736e+06
-364099
-3.00721
0.0157042
0.00327625
0.000785409
0
0
0
1682192113.80025
msg_begin
7.75736e+06
-364099
-3.01059
0.00985664
0.0106358
0.00173743
0
0
0
1682192113.84953
msg_begin
7.75736e+06
-364099
-3.00933
0.00307204
0.000961081
3.41929e-05
0
0
0
1682192113.89950
msg_begin
7.75736e+06
-364099
-3.00716
0.0295294
0.0101571
0.000456283
0
0
0
1682192113.94955
msg_begin
7.75736e+06
-364099
-3.00864
0.0189951
0.0119321
0.00117253
0
0
0
1682192114.00007
msg_begin
7.75736e+06
-364099
-3.00858
0.00997243
0.0140845
0.00114141
0
0
0
1682192114.04949
msg_begin
7.75736e+06
-364099
-3.0096
0.00388539
0.00115929
0.000157877
0
0
0
1682192114.09950
msg_begin
7.75736e+06
-364099
-3.01106
0.0131898
0.0076347
0.000672818
0
0
0
1682192114.14949
msg_begin
7.75736e+06
-364099
-3.01311
0.0285647
0.0049305
0.000541547
0
0
0
1682192114.20002
msg_begin
7.75736e+06
-364099
-3.01392
1.86265e-09
2.32831e-10
0
0
0
0
1682192114.24939
msg_begin
7.75736e+06
-364099
-3.01266
0.0112774
0.0084167
0.00149419
0
0
0
1682192114.29926
msg_begin
7.75736e+06
-364099
-3.01038
0.0201647
0.0144065
0.00148981
0
0
0
1682192114.34918
msg_begin
7.75736e+06
-364099
-3.0135
0.0191612
0.00516521
0.000671378
0
0
0
1682192114.39946
msg_begin
7.75736e+06
-364099
-3.01427
0.0071197
0.00368075
0.000161821
0
0
0
1682192114.44905
msg_begin
7.75736e+06
-364099
-3.01599
0.0173573
0.00512895
0.000247899
0
0
0
1682192114.49906
msg_begin
7.75736e+06
-364100
-3.01714
0.00669183
0.00359843
0.000398827
0
0
0
1682192114.54901
msg_begin
7.75735e+06
-364100
-3.01803
5.4948e-08
7.567e-10
8.88178e-16
0
0
0
1682192114.59935
msg_begin
7.75735e+06
-364100
-3.01797
0.00269647
0.00124381
0.000262533
0
0
0
1682192114.64893
msg_begin
7.75735e+06
-364100
-3.02122
0.0080362
0.0113407
0.000558406
0
0
0
1682192114.69896
msg_begin
7.75735e+06
-364100
-3.02487
0.0183938
0.00648956
0.00132593
0
0
0
1682192114.74893
msg_begin
7.75735e+06
-364100
-3.02598
0.007772
0.00212617
0.000384037
0
0
0
1682192114.79942
msg_begin
7.75735e+06
-364100
-3.0301
0.0107521
0.00285905
0.000990047
0
0
0
1682192114.84894
msg_begin
7.75735e+06
-364100
-3.03324
0.00610426
0.00158273
0.000189658
0
0
0
1682192114.89898
msg_begin
7.75735e+06
-364100
-3.03585
0.00252058
0.00140776
0.000394446
0
0
0
1682192114.94898
msg_begin
7.75735e+06
-364100
-3.03839
5.21541e-08
2.03727e-09
4.44089e-16
0
0
0
1682192114.99933
msg_begin
7.75735e+06
-364100
-3.04074
0.00188879
0.00139247
0.000246708
0
0
0
1682192115.04918
msg_begin
7.75735e+06
-364100
-3.03866
0.00501673
0.00319375
0.000487675
0
0
0
1682192115.09915
msg_begin
7.75735e+06
-364100
-3.04113
0.0012696
0.000359474
0.000122879
0
0
0
1682192115.14921
msg_begin
7.75735e+06
-364100
-3.04073
0.00775009
0.00182683
0.000346685
0
0
0
1682192115.19983
msg_begin
7.75735e+06
-364100
-3.04146
0.00836512
0.00275483
0.000413104
0
0
0
1682192115.24923
msg_begin
7.75735e+06
-364100
-3.04551
0.0186399
0.00586351
0.00106791
0
0
0
1682192115.29931
msg_begin
7.75735e+06
-364100
-3.04327
0.00247143
0.00176547
0.000159713
0
0
0
1682192115.34940
msg_begin
7.75735e+06
-364100
-3.04281
0.00992433
0.00202662
0.000714707
0
0
0
1682192115.39952
msg_begin
7.75735e+06
-364100
-3.04355
0.00124725
0.00448325
0.000188905
0
0
0
1682192115.44939
msg_begin
7.75735e+06
-364100
-3.04549
0.0114101
0.0106972
0.000428599
0
0
0
1682192115.49938
msg_begin
7.75735e+06
-364100
-3.04969
0.00178361
0.00151268
0.000226148
0
0
0
1682192115.54936
msg_begin
7.75735e+06
-364100
-3.05077
0.00356342
0.00175921
0.000293974
0
0
0
1682192115.59999
msg_begin
7.75735e+06
-364100
-3.05327
0.00576267
0.00869105
0.00114725
0
0
0
1682192115.64926
msg_begin
7.75735e+06
-364100
-3.05465
0.0153584
0.00337952
0.000546871
0
0
0
1682192115.69933
msg_begin
7.75735e+06
-364100
-3.05439
0.00187478
0.00254948
0.000507085
0
0
0
1682192115.74917
msg_begin
7.75735e+06
-364100
-3.059
0.00629597
0.00142693
0.000367098
0
0
0
1682192115.79916
msg_begin
7.75735e+06
-364100
-3.06176
0.0127771
0.00459684
0.00173264
0
0
0
1682192115.84909
msg_begin
7.75735e+06
-364100
-3.0624
0.0195068
0.00378377
0.000323054
0
0
0
1682192115.89909
msg_begin
7.75735e+06
-364100
-3.06418
0.0194548
0.010886
0.00142616
0
0
0
1682192115.94904
msg_begin
7.75735e+06
-364100
-3.06761
0.0384403
0.0172655
0.00100845
0
0
0
1682192115.99903
msg_begin
7.75735e+06
-364100
-3.06941
0.000347821
0.00100224
0.000198162
0
0
0
1682192116.04914
msg_begin
7.75735e+06
-364100
-3.06951
0.0144762
0.00321144
0.000536413
0
0
0
1682192116.09902
msg_begin
7.75735e+06
-364100
-3.06957
0.00893323
0.00425783
0.000537042
0
0
0
1682192116.14896
msg_begin
7.75735e+06
-364100
-3.07525
0.006162
0.00551202
0.00069049
0
0
0
1682192116.19906
msg_begin
7.75735e+06
-364101
-3.07873
0.0163684
0.00235435
0.00139653
0
0
0
1682192116.24894
msg_begin
7.75735e+06
-364101
-3.07808
0.0245135
0.00829507
0.00146417
0
0
0
1682192116.29892
msg_begin
7.75735e+06
-364101
-3.08338
0.000937586
0.000889834
2.33859e-05
0
0
0
1682192116.34896
msg_begin
7.75735e+06
-364101
-3.08379
0.00320868
0.00358723
0.000314763
0
0
0
1682192116.39886
msg_begin
7.75735e+06
-364101
-3.09089
0.00488544
0.00402814
0.000299185
0
0
0
1682192116.44891
msg_begin
7.75734e+06
-364101
-3.09123
0.00301859
0.000732585
0.00014583
0
0
0
1682192116.49901
msg_begin
7.75734e+06
-364101
-3.09591
0.0112536
0.00390122
0.00101837
0
0
0
1682192116.54896
msg_begin
7.75734e+06
-364101
-3.09776
0.00869697
0.00874014
0.000980765
0
0
0
1682192116.59907
msg_begin
7.75734e+06
-364101
-3.09729
0.010411
0.00171194
0.000132509
0
0
0
1682192116.64903
msg_begin
7.75734e+06
-364101
-3.0977
0.00272892
0.00398475
9.55579e-05
0
0
0
1682192116.69902
msg_begin
7.75734e+06
-364101
-3.09839
0.018402
0.00702543
0.000926788
0
0
0
1682192116.74905
msg_begin
7.75734e+06
-364101
-3.10246
0.0102186
0.0110823
0.000984945
0
0
0
1682192116.79906
msg_begin
7.75734e+06
-364101
-3.10537
5.4948e-08
5.23869e-10
0
0
0
0
1682192116.84905
msg_begin
7.75734e+06
-364101
-3.10716
0.00533256
0.00214468
0.000176151
0
0
0
1682192116.89900
msg_begin
7.75734e+06
-364101
-3.10626
6.98492e-08
3.49246e-10
0
0
0
0
1682192116.94899
msg_begin
7.75734e+06
-364101
-3.10729
0.00312441
0.0045372
0.000382148
0
0
0
1682192116.99898
msg_begin
7.75734e+06
-364101
-3.11121
0.0078374
0.00458581
0.00117204
0
0
0
1682192117.04903
msg_begin
7.75734e+06
-364101
-3.10985
0.000293964
0.00253876
7.38351e-05
0
0
0
1682192117.09898
msg_begin
7.75734e+06
-364101
-3.11429
0.000487695
0.000217759
5.23235e-05
0
0
0
1682192117.14902
msg_begin
7.75734e+06
-364101
-3.11435
0.00795856
0.00165432
0.000450156
0
0
0
1682192117.19974
msg_begin
7.75734e+06
-364101
-3.11541
0.0067399
0.0064697
0.0002328
0
0
0
1682192117.24908
msg_begin
7.75734e+06
-364101
-3.11698
0.00445373
0.00817236
0.000674257
0
0
0
1682192117.29918
msg_begin
7.75734e+06
-364101
-3.11684
0.0159867
0.00440908
0.00115137
0
0
0
1682192117.34919
msg_begin
7.75734e+06
-364101
-3.11872
0.0138526
0.00512104
0.000598049
0
0
0
1682192117.39977
msg_begin
7.75734e+06
-364101
-3.11679
4.93601e-08
1.28057e-09
0
0
0
0
1682192117.44923
msg_begin
7.75734e+06
-364101
-3.12267
0.0174929
0.0148001
0.000784635
0
0
0
1682192117.49921
msg_begin
7.75734e+06
-364101
-3.12787
0.014032
0.0059525
0.000629275
0
0
0
1682192117.54925
msg_begin
7.75734e+06
-364101
-3.12869
0.00938978
0.00182332
0.000849405
0
0
0
1682192117.59929
msg_begin
7.75734e+06
-364101
-3.12936
0.0272704
0.00176078
0.000363988
0
0
0
1682192117.64928
msg_begin
7.75734e+06
-364101
-3.13177
0.023936
0.00328518
0.00281351
0
0
0
1682192117.69927
msg_begin
7.75734e+06
-364101
-3.12986
0.00340179
0.00110275
0.000664723
0
0
0
1682192117.74912
msg_begin
7.75734e+06
-364101
-3.13957
3.07336e-08
2.79397e-09
0
0
0
0
1682192117.79914
msg_begin
7.75734e+06
-364101
-3.14077
0.0297553
0.00152332
0.000118629
0
0
0
1682192117.84903
msg_begin
7.75734e+06
-364101
-3.14088
0.0153397
0.00708586
0.000480893
0
0
0
1682192117.89895
msg_begin
7.75734e+06
-364101
-3.14063
0.033663
0.00331668
0.000174031
0
0
0
1682192117.94887
msg_begin
7.75734e+06
-364101
-3.14074
0.000621022
0.00711926
0.000168409
0
0
0
1682192117.99878
msg_begin
7.75733e+06
-364101
3.14061
0.0264772
0.00664014
0.00153878
0
0
0
1682192118.04870
msg_begin
7.75733e+06
-364101
3.14023
0.00354016
0.00217921
0.000180826
0
0
0
1682192118.09863
msg_begin
7.75733e+06
-364101
3.13825
0.00563786
0.00331463
0.000540077
0
0
0
1682192118.14857
msg_begin
7.75733e+06
-364101
3.13658
0.00140144
0.00216279
0.000159165
0
0
0
1682192118.19866
msg_begin
7.75733e+06
-364101
3.13377
0.0037659
0.000559537
0.000311291
0
0
0
1682192118.24858
msg_begin
7.75733e+06
-364101
3.12901
0.00278566
0.0016012
0.000173699
0
0
0
1682192118.29860
msg_begin
7.75733e+06
-364101
3.12839
0.0252192
0.00383849
0.00123899
0
0
0
1682192118.34857
msg_begin
7.75733e+06
-364101
3.12786
0.028056
0.00947212
0.00161202
0
0
0
1682192118.39856
msg_begin
7.75733e+06
-364101
3.12538
0.0185615
0.00337152
0.00104168
0
0
0
1682192118.44861
msg_begin
7.75733e+06
-364101
3.12404
0.0226821
0.00212487
0.000614654
0
0
0
1682192118.49861
msg_begin
7.75733e+06
-364101
3.12303
0.00838638
0.00301194
0.000681707
0
0
0
1682192118.54866
msg_begin
7.75733e+06
-364101
3.12064
0.0109482
0.011689
0.000945334
0
0
0
1682192118.59869
msg_begin
7.75733e+06
-364101
3.11735
0.00948471
0.00100942
0.000161917
0
0
0
1682192118.64872
msg_begin
7.75733e+06
-364101
3.11674
0.00162066
0.00239365
0.000217624
0
0
0
1682192118.69874
msg_begin
7.75733e+06
-364101
3.11481
0.020573
0.00295221
0.000902441
0
0
0
1682192118.74903
msg_begin
7.75733e+06
-364101
3.11271
0.00775301
0.00904361
0.000681473
0
0
0
1682192118.79917
msg_begin
7.75733e+06
-364101
3.11432
0.00691631
0.00430035
0.00031627
0
0
0
1682192118.84886
msg_begin
7.75733e+06
-364101
3.10883
0.00803356
0.0028408
0.000326973
0
0
0
1682192118.89889
msg_begin
7.75733e+06
-364101
3.10674
0.0132839
0.00186392
0.000420178
0
0
0
1682192118.94890
msg_begin
7.75733e+06
-364101
3.10255
0.0126556
0.00218364
0.000342189
0
0
0
1682192118.99897
msg_begin
7.75733e+06
-364101
3.10328
0.000467362
0.000480512
9.01608e-05
0
0
0
1682192119.04882
msg_begin
7.75733e+06
-364101
3.10011
0.00160711
0.0009115
0.000112577
0
0
0
1682192119.09884
msg_begin
7.75733e+06
-364101
3.09483
0.00455824
0.00374504
0.000381302
0
0
0
1682192119.14879
msg_begin
7.75733e+06
-364101
3.0927
0.0197808
0.00567805
0.00073753
0
0
0
1682192119.19904
msg_begin
7.75733e+06
-364101
3.0916
0.00035697
4.50218e-05
7.40161e-06
0
0
0
1682192119.24880
msg_begin
7.75733e+06
-364101
3.09213
0.00336874
0.00323998
0.000272939
0
0
0
1682192119.29876
msg_begin
7.75733e+06
-364101
3.09188
0.024486
0.00751878
0.00135388
0
0
0
1682192119.34919
msg_begin
7.75733e+06
-364101
3.08932
0.00926996
0.00117743
0.000120818
0
0
0
1682192119.39955
msg_begin
7.75732e+06
-364101
3.0889
0.00257888
0.00133131
0.000287472
0
0
0
1682192119.44882
msg_begin
7.75732e+06
-364101
3.08814
0.000770763
0.0099063
0.000350305
0
0
0
1682192119.49884
msg_begin
7.75732e+06
-364101
3.08345
0.00270117
0.00664518
0.000321065
0
0
0
1682192119.54910
msg_begin
7.75732e+06
-364101
3.08119
0.018382
0.00972021
0.000817548
0
0
0
1682192119.59950
msg_begin
7.75732e+06
-364101
3.07738
0.00774567
0.00137932
0.000367326
0
0
0
1682192119.64897
msg_begin
7.75732e+06
-364101
3.07467
0.0151761
0.00328572
0.000756597
0
0
0
1682192119.69904
msg_begin
7.75732e+06
-364101
3.07188
4.74975e-08
1.39698e-09
4.44089e-16
0
0
0
1682192119.74894
msg_begin
7.75732e+06
-364101
3.0708
0.0180364
0.00200343
0.000365999
0
0
0
1682192119.79902
msg_begin
7.75732e+06
-364101
3.06617
7.72998e-08
9.8953e-10
8.88178e-16
0
0
0
1682192119.84897
msg_begin
7.75732e+06
-364101
3.06541
0.00736434
0.00343332
0.000744813
0
0
0
1682192119.89898
msg_begin
7.75732e+06
-364101
3.06378
0.0220788
0.00627867
0.0012125
0
0
0
1682192119.94891
msg_begin
7.75732e+06
-364101
3.06213
0.00490867
0.00201857
0.000310829
0
0
0
1682192119.99886
msg_begin
7.75732e+06
-364101
3.06114
0.00942921
0.00682638
0.000351348
0
0
0
1682192120.04883
msg_begin
7.75732e+06
-364101
3.05883
1.37187e-05
0.000307769
4.21858e-05
0
0
0
1682192120.09876
msg_begin
7.75732e+06
-364101
3.05886
0.0253608
0.00380232
0.00141349
0
0
0
1682192120.14869
msg_begin
7.75732e+06
-364101
3.05712
0.00595476
0.00332155
0.000580744
0
0
0
1682192120.19867
msg_begin
7.75732e+06
-364101
3.05687
0.0110337
0.00469494
0.00106534
0
0
0
1682192120.24855
msg_begin
7.75732e+06
-364100
3.05626
0.00507815
0.00252741
0.000204703
0
0
0
1682192120.29843
msg_begin
7.75732e+06
-364100
3.05587
0.00692352
0.00395314
0.00125367
0
0
0
1682192120.34834
msg_begin
7.75732e+06
-364100
3.0571
0.0134591
0.00394522
0.00145836
0
0
0
1682192120.39826
msg_begin
7.75732e+06
-364100
3.05524
0.0119661
0.00217724
0.000226814
0
0
0
1682192120.44817
msg_begin
7.75732e+06
-364100
3.05066
6.79865e-08
2.85218e-09
0
0
0
0
1682192120.49807
msg_begin
7.75732e+06
-364100
3.05026
0.0039591
0.00196825
0.000222678
0
0
0
1682192120.54815
msg_begin
7.75732e+06
-364100
3.04905
0.0188499
0.00621574
0.000724149
0
0
0
1682192120.59803
msg_begin
7.75732e+06
-364100
3.04997
0.00375838
0.00628661
0.000564929
0
0
0
1682192120.64800
msg_begin
7.75732e+06
-364100
3.05106
0.00377535
0.00265143
0.000146899
0
0
0
1682192120.69805
msg_begin
7.75732e+06
-364100
3.04943
0.00272016
0.00015556
0.000562263
0
0
0
1682192120.74931
msg_begin
7.75732e+06
-364100
3.04939
0.0134374
0.00188962
0.000124309
0
0
0
1682192120.79840
msg_begin
7.75732e+06
-364100
3.0502
0.000888039
0.000419394
6.36034e-05
0
0
0
1682192120.84799
msg_begin
7.75731e+06
-364100
3.04949
0.0159021
0.0107271
0.000555405
0
0
0
1682192120.89808
msg_begin
7.75731e+06
-364100
3.04819
0.0207332
0.00382202
0.000655573
0
0
0
1682192120.94868
msg_begin
7.75731e+06
-364100
3.04775
0.00274996
0.000274828
4.6942e-05
0
0
0
1682192120.99814
msg_begin
7.75731e+06
-364100
3.04867
9.31323e-09
4.01633e-09
4.44089e-16
0
0
0
1682192121.04822
msg_begin
7.75731e+06
-364100
3.04836
0.0707143
0.0175625
0.00128632
0
0
0
1682192121.09823
msg_begin
7.75731e+06
-364100
3.0487
0.0031678
0.00316817
0.000108863
0
0
0
1682192121.14945
msg_begin
7.75731e+06
-364100
3.04863
0.0111889
0.00393236
0.000537086
0
0
0
1682192121.19855
msg_begin
7.75731e+06
-364100
3.05003
0.00552286
0.00119746
0.000248539
0
0
0
1682192121.24822
msg_begin
7.75731e+06
-364100
3.05077
0.000699136
0.000321665
9.08121e-05
0
0
0
1682192121.29824
msg_begin
7.75731e+06
-364100
3.04815
0.0174963
0.00442996
0.000349163
0
0
0
1682192121.34858
msg_begin
7.75731e+06
-364100
3.04738
0.0315582
0.00225809
0.000225506
0
0
0
1682192121.39877
msg_begin
7.75731e+06
-364100
3.0463
0.0134336
0.00115787
0.000431638
0
0
0
1682192121.44835
msg_begin
7.75731e+06
-364100
3.04821
0.01204
0.00692298
0.000562087
0
0
0
1682192121.49840
msg_begin
7.75731e+06
-364100
3.04693
0.000363598
0.000443979
3.97545e-05
0
0
0
1682192121.54895
msg_begin
7.75731e+06
-364100
3.04769
0.0135221
0.00199838
0.00103455
0
0
0
1682192121.59881
msg_begin
7.75731e+06
-364100
3.04634
0.00324805
0.00600701
0.000145027
0
0
0
1682192121.64861
msg_begin
7.75731e+06
-364100
3.04608
0.00629196
0.0037675
0.000191974
0
0
0
1682192121.69862
msg_begin
7.75731e+06
-364100
3.04386
0.0134522
0.00302426
0.00048791
0
0
0
1682192121.74849
msg_begin
7.75731e+06
-364100
3.04273
0.0121463
0.00456515
0.000713691
0
0
0
1682192121.79855
msg_begin
7.75731e+06
-364100
3.04142
0.00109759
0.00101226
2.02776e-05
0
0
0
1682192121.84843
msg_begin
7.75731e+06
-364100
3.04116
0.00368491
0.0046437
0.00048951
0
0
0
1682192121.89846
msg_begin
7.75731e+06
-364100
3.03818
0.0272477
0.00713153
0.00123418
0
0
0
1682192121.94839
msg_begin
7.75731e+06
-364100
3.04046
0.00133471
2.278e-06
3.71124e-05
0
0
0
1682192121.99840
msg_begin
7.75731e+06
-364100
3.03879
0.0132685
0.00489457
0.000576888
0
0
0
1682192122.04832
msg_begin
7.75731e+06
-364100
3.03792
0.0275218
0.00466016
0.00125753
0
0
0
1682192122.09834
msg_begin
7.75731e+06
-364100
3.03473
0.00750226
0.00645045
0.00285032
0
0
0
1682192122.14831
msg_begin
7.75731e+06
-364100
3.03282
0.00945196
0.00395781
0.000680096
0
0
0
1682192122.19831
msg_begin
7.75731e+06
-364100
3.03315
0.00661185
0.0041305
0.000469789
0
0
0
1682192122.24833
msg_begin
7.75731e+06
-364100
3.03131
0.0046369
0.00317041
0.000255777
0
0
0
1682192122.29836
msg_begin
7.75731e+06
-364100
3.0314
0.0134137
0.00202191
0.000399705
0
0
0
1682192122.34841
msg_begin
7.75731e+06
-364100
3.02963
0.00877068
0.00979877
0.00051711
0
0
0
1682192122.39847
msg_begin
7.75731e+06
-364100
3.03206
0.00310006
0.00551532
0.000744713
0
0
0
1682192122.44848
msg_begin
7.75731e+06
-364100
3.02977
0.00380101
0.0043875
0.000471914
0
0
0
1682192122.49852
msg_begin
7.75731e+06
-364100
3.02906
0.00674218
0.00288239
0.000279649
0
0
0
1682192122.54863
msg_begin
7.75731e+06
-364100
3.02991
0.0039877
0.00428285
0.000633115
0
0
0
1682192122.59852
msg_begin
7.75731e+06
-364100
3.02697
0.0116925
0.00956451
0.00148046
0
0
0
1682192122.64852
msg_begin
7.75731e+06
-364100
3.02589
0.025845
0.0171631
0.00189037
0
0
0
1682192122.69853
msg_begin
7.75731e+06
-364100
3.02408
0.0138365
0.00446446
0.000501863
0
0
0
1682192122.74853
msg_begin
7.75731e+06
-364099
3.02325
0.0293829
0.0112288
0.00264714
0
0
0
1682192122.79905
msg_begin
7.75731e+06
-364099
3.02175
0.00541399
0.0073489
0.000433728
0
0
0
1682192122.84841
msg_begin
7.75731e+06
-364099
3.02125
0.00383829
0.00590886
0.000525852
0
0
0
1682192122.89836
msg_begin
7.75731e+06
-364099
3.02005
0.0120695
0.00042926
0.000655602
0
0
0
1682192122.94836
msg_begin
7.75731e+06
-364099
3.01612
0.00868764
0.00285834
0.000190416
0
0
0
1682192122.99837
msg_begin
7.75731e+06
-364099
3.01616
0.00148402
0.00442296
0.000252531
0
0
0
1682192123.04825
msg_begin
7.75731e+06
-364099
3.01422
0.00927292
0.00342183
0.000358907
0
0
0
1682192123.09825
msg_begin
7.75731e+06
-364099
3.01535
0.00734452
0.00802728
0.000493629
0
0
0
1682192123.14816
msg_begin
7.75731e+06
-364099
3.01396
0.000856527
0.00248393
0.000222146
0
0
0
1682192123.19823
msg_begin
7.75731e+06
-364099
3.01306
0.0179402
0.00996198
0.000990397
0
0
0
1682192123.24819
msg_begin
7.7573e+06
-364099
3.01342
0.0132726
0.00519846
0.000421662
0
0
0
1682192123.29824
msg_begin
7.7573e+06
-364099
3.01269
0.00445181
0.00442992
0.000735233
0
0
0
1682192123.34821
msg_begin
7.7573e+06
-364099
3.0117
0.017018
0.0125762
0.000917377
0
0
0
1682192123.39872
msg_begin
7.7573e+06
-364099
3.00951
0.00798244
0.0065288
0.00137163
0
0
0
1682192123.44832
msg_begin
7.7573e+06
-364099
3.01363
0.00183673
0.00144264
0.000307943
0
0
0
1682192123.49837
msg_begin
7.7573e+06
-364099
3.01003
0.0116035
0.00265422
0.000297093
0
0
0
1682192123.54840
msg_begin
7.7573e+06
-364099
3.00738
0.0188431
0.0128399
0.0005313
0
0
0
1682192123.59889
msg_begin
7.7573e+06
-364099
3.00631
0.0127168
0.00478556
0.000377914
0
0
0
1682192123.64845
msg_begin
7.7573e+06
-364099
3.00404
0.0143958
0.00371017
0.000292974
0
0
0
1682192123.69856
msg_begin
7.7573e+06
-364099
3.00329
0.00374955
0.00210341
0.000396437
0
0
0
1682192123.74846
msg_begin
7.7573e+06
-364099
3.00376
0.00665831
0.004597
0.000320162
0
0
0
1682192123.79848
msg_begin
7.7573e+06
-364099
3.004
0.0115409
0.00207549
9.2735e-05
0
0
0
1682192123.84843
msg_begin
7.7573e+06
-364099
3.00633
0.0260757
0.00322816
0.0011972
0
0
0
1682192123.89839
msg_begin
7.7573e+06
-364099
3.00472
0.000883376
0.000824825
8.3997e-05
0
0
0
1682192123.94838
msg_begin
7.7573e+06
-364099
3.0038
0.00875675
0.00304444
0.000607127
0
0
0
1682192123.99832
msg_begin
7.7573e+06
-364099
3.00593
0.0180616
0.00568555
0.000852964
0
0
0
1682192124.04834
msg_begin
7.7573e+06
-364099
3.0057
0.0102304
0.0109349
0.000857541
0
0
0
1682192124.09833
msg_begin
7.7573e+06
-364099
3.00397
0.00726621
0.00749602
0.00077395
0
0
0
1682192124.14828
msg_begin
7.7573e+06
-364099
3.00089
0.0296333
0.00465866
0.000643668
0
0
0
1682192124.19841
msg_begin
7.7573e+06
-364099
3.00062
0.039583
0.00537938
0.00147232
0
0
0
1682192124.24825
msg_begin
7.7573e+06
-364099
2.99974
0.0159931
0.00940887
0.00184935
0
0
0
1682192124.29826
msg_begin
7.7573e+06
-364099
2.9981
0.00214288
0.00190218
7.49647e-05
0
0
0
1682192124.34826
msg_begin
7.7573e+06
-364099
2.99776
0.00719013
0.00670301
0.000306298
0
0
0
1682192124.39890
msg_begin
7.7573e+06
-364099
2.99828
0.00565764
0.00181194
0.000133256
0
0
0
1682192124.44837
msg_begin
7.7573e+06
-364099
2.99719
0.0152872
0.00786455
0.000593139
0
0
0
1682192124.49838
msg_begin
7.7573e+06
-364099
2.99752
0.0120487
0.00742189
0.000907506
0
0
0
1682192124.54844
msg_begin
7.7573e+06
-364099
2.9952
0.0220535
0.0124289
0.000597505
0
0
0
1682192124.59854
msg_begin
7.7573e+06
-364099
2.99522
0.0121573
0.00916
0.000403196
0
0
0
1682192124.64851
msg_begin
7.7573e+06
-364099
2.99788
0.00217607
0.00216582
0.000384116
0
0
0
1682192124.69851
msg_begin
7.7573e+06
-364098
2.99812
0.00535674
0.00176935
0.000192005
0
0
0
1682192124.74843
msg_begin
7.7573e+06
-364098
2.99518
0.0114038
0.00435868
0.000537554
0
0
0
1682192124.79902
msg_begin
7.7573e+06
-364098
2.99404
8.3819e-09
1.04774e-09
1.77636e-15
0
0
0
1682192124.84838
msg_begin
7.7573e+06
-364098
2.99563
0.0158146
0.0122258
0.00192908
0
0
0
1682192124.89842
msg_begin
7.7573e+06
-364098
2.99467
0.00489767
0.00224301
0.000141804
0
0
0
1682192124.94831
msg_begin
7.7573e+06
-364098
2.99491
0.0143842
0.00220117
0.000238738
0
0
0
1682192124.99859
msg_begin
7.7573e+06
-364098
2.99428
0.00106791
0.00162456
0.000956816
0
0
0
1682192125.04833
msg_begin
7.7573e+06
-364098
2.99662
0.00987251
0.00509233
0.000588558
0
0
0
1682192125.09831
msg_begin
7.7573e+06
-364098
2.99508
0.00125621
0.00114308
0.000126701
0
0
0
1682192125.14810
msg_begin
7.7573e+06
-364098
2.99485
0.0119311
0.00325337
0.00065074
0
0
0
1682192125.19802
msg_begin
7.7573e+06
-364098
2.99259
0.0103812
0.00344825
0.000378474
0
0
0
1682192125.24806
msg_begin
7.7573e+06
-364098
2.99577
0.000543192
0.00102827
9.29417e-05
0
0
0
1682192125.29800
msg_begin
7.7573e+06
-364098
2.9947
0.00646981
0.00284665
0.000217399
0
0
0
1682192125.34821
msg_begin
7.75729e+06
-364098
2.9948
0.00973809
0.000531435
0.000172794
0
0
0
1682192125.39816
msg_begin
7.75729e+06
-364098
2.99438
0.00463563
0.00437499
0.000440197
0
0
0
1682192125.44797
msg_begin
7.75729e+06
-364098
2.994
0.0202814
0.0020923
6.79366e-05
0
0
0
1682192125.49814
msg_begin
7.75729e+06
-364098
2.99376
0.0176973
0.00630702
0.00017997
0
0
0
1682192125.54805
msg_begin
7.75729e+06
-364098
2.99467
0.0136093
0.0103366
0.00112834
0
0
0
1682192125.59847
msg_begin
7.75729e+06
-364098
2.99588
0.00724688
0.00600281
0.000520065
0
0
0
1682192125.64813
msg_begin
7.75729e+06
-364098
2.99694
0.0140475
0.00298775
0.000422354
0
0
0
1682192125.69818
msg_begin
7.75729e+06
-364098
2.998
0.00735649
0.00574958
0.00050765
0
0
0
1682192125.74827
msg_begin
7.75729e+06
-364098
2.99709
0.00766429
0.002246
0.000342911
0
0
0
1682192125.79823
msg_begin
7.75729e+06
-364098
2.99719
0.0124662
0.00113788
0.000155067
0
0
0
1682192125.84832
msg_begin
7.75729e+06
-364098
2.99707
0.00172221
0.000709753
0.000204279
0
0
0
1682192125.89836
msg_begin
7.75729e+06
-364098
2.99675
0.00466451
0.00624842
0.000853319
0
0
0
1682192125.94841
msg_begin
7.75729e+06
-364098
2.99594
0.00525291
0.00128556
0.000413142
0
0
0
1682192125.99848
msg_begin
7.75729e+06
-364098
2.99724
0.0173126
0.00170819
0.000663253
0
0
0
1682192126.04847
msg_begin
7.75729e+06
-364097
2.9975
0.0120372
0.00483477
0.00230892
0
0
0
1682192126.09846
msg_begin
7.75729e+06
-364097
2.999
0.00931089
0.00171618
0.00012378
0
0
0
1682192126.14845
msg_begin
7.75729e+06
-364097
2.99917
0.00731291
0.0052055
0.000310674
0
0
0
1682192126.19842
msg_begin
7.75729e+06
-364097
2.99959
0.0258214
0.00365498
0.000489265
0
0
0
1682192126.24831
msg_begin
7.75729e+06
-364097
3.00064
0.0170993
0.00343211
0.000246108
0
0
0
1682192126.29827
msg_begin
7.75729e+06
-364097
3.00041
0.0128613
0.00235296
0.000380909
0
0
0
1682192126.34825
msg_begin
7.75729e+06
-364097
3.00128
0.00359241
0.00352323
0.000258075
0
0
0
1682192126.39862
msg_begin
7.75729e+06
-364097
2.99976
0.00323737
0.00435785
0.000298245
0
0
0
1682192126.44826
msg_begin
7.75729e+06
-364097
3.00192
0.00142447
0.000801707
0.000582732
0
0
0
1682192126.49829
msg_begin
7.75729e+06
-364097
2.99874
0.0072311
0.0044834
0.000394442
0
0
0
1682192126.54830
msg_begin
7.75729e+06
-364097
2.99877
0.0227607
0.0226176
0.00307277
0
0
0
1682192126.59829
msg_begin
7.75729e+06
-364097
3.00167
0.0124401
0.0110907
0.000720966
0
0
0
1682192126.64832
msg_begin
7.75729e+06
-364097
3.00071
0.0178765
0.00344058
0.000488225
0
0
0
1682192126.69832
msg_begin
7.75729e+06
-364097
3.00214
0.00207778
0.00376795
0.000301006
0
0
0
1682192126.74839
msg_begin
7.75729e+06
-364097
3.00165
0.0286375
0.0096817
0.000822306
0
0
0
1682192126.79837
msg_begin
7.75729e+06
-364097
2.99853
0.000509254
0.000302088
8.47114e-07
0
0
0
1682192126.84845
msg_begin
7.75729e+06
-364097
2.99977
0.0224529
0.00512594
0.00179858
0
0
0
1682192126.89845
msg_begin
7.75729e+06
-364097
2.99827
0.00963277
0.00473942
0.000275471
0
0
0
1682192126.94849
msg_begin
7.75728e+06
-364097
2.99812
0.00115716
0.00243252
0.000385393
0
0
0
1682192126.99854
msg_begin
7.75728e+06
-364097
2.9992
0.00154332
0.00107637
0.000128675
0
0
0
1682192127.04853
msg_begin
7.75728e+06
-364097
2.99969
0.00412033
0.00407806
0.000592335
0
0
0
1682192127.09848
msg_begin
7.75728e+06
-364097
2.99769
0.0334028
0.00632897
0.00102613
0
0
0
1682192127.14845
msg_begin
7.75728e+06
-364097
2.99861
0.0123975
0.00298059
0.000317037
0
0
0
1682192127.19848
msg_begin
7.75728e+06
-364097
2.99866
0.0524481
0.00770103
0.000651587
0
0
0
1682192127.24846
msg_begin
7.75728e+06
-364096
2.99897
0.0378162
0.00316476
0.0002771
0
0
0
1682192127.29841
msg_begin
7.75728e+06
-364096
2.99985
0.00290459
0.000713783
0.000497148
0
0
0
1682192127.34857
msg_begin
7.75728e+06
-364096
3.00151
0.0120339
0.0057825
0.000556323
0
0
0
1682192127.39847
msg_begin
7.75728e+06
-364096
2.99807
0.0116759
0.00796875
0.0014368
0
0
0
1682192127.44846
msg_begin
7.75728e+06
-364096
3.0011
0.0128836
0.00995863
0.000830244
0
0
0
1682192127.49846
msg_begin
7.75728e+06
-364096
3.00082
0.00999937
0.00681251
0.00205704
0
0
0
1682192127.54846
msg_begin
7.75728e+06
-364096
2.99798
0.0259909
0.00246154
0.000773563
0
0
0
1682192127.59850
msg_begin
7.75728e+06
-364096
2.99827
0.00555432
0.00231206
0.000466053
0
0
0
1682192127.64857
msg_begin
7.75728e+06
-364096
2.99859
0.00296038
0.000170223
9.48997e-05
0
0
0
1682192127.69859
msg_begin
7.75728e+06
-364096
2.99898
0.0109171
0.00138077
0.000294171
0
0
0
1682192127.74867
msg_begin
7.75728e+06
-364096
3.00109
0.00246961
0.00598565
0.000391129
0
0
0
1682192127.79864
msg_begin
7.75728e+06
-364096
2.99709
0.00296629
0.000899554
9.7166e-05
0
0
0
1682192127.84876
msg_begin
7.75728e+06
-364096
2.99724
0.00487074
0.00142006
0.000402473
0
0
0
1682192127.89871
msg_begin
7.75728e+06
-364096
2.99966
0.00382926
0.000788018
8.92672e-06
0
0
0
1682192127.94869
msg_begin
7.75728e+06
-364096
2.99853
0.00318732
0.00151911
0.000472999
0
0
0
1682192127.99873
msg_begin
7.75728e+06
-364096
2.99997
0.0203568
0.00481916
0.0010366
0
0
0
1682192128.04870
msg_begin
7.75728e+06
-364096
2.99904
0.00942289
0.00395691
0.000718913
0
0
0
1682192128.09864
msg_begin
7.75728e+06
-364096
2.99757
0.0289436
0.0045861
0.00150196
0
0
0
1682192128.14862
msg_begin
7.75728e+06
-364096
2.99651
0.0023263
0.00413208
0.000419972
0
0
0
1682192128.19854
msg_begin
7.75728e+06
-364096
2.99809
0.00107834
0.0100083
0.000288904
0
0
0
1682192128.24855
msg_begin
7.75728e+06
-364096
2.99807
0.000645166
0.00176565
0.000435179
0
0
0
1682192128.29850
msg_begin
7.75728e+06
-364096
2.99884
0.0176289
0.00361083
0.000351348
0
0
0
1682192128.34845
msg_begin
7.75728e+06
-364096
2.99467
0.0337947
0.0136242
0.00128668
0
0
0
1682192128.39853
msg_begin
7.75727e+06
-364096
2.99691
0.0259779
0.0103677
0.00135402
0
0
0
1682192128.44852
msg_begin
7.75727e+06
-364095
2.99509
0.00921445
0.0104533
0.00145269
0
0
0
1682192128.49849
msg_begin
7.75727e+06
-364095
2.99695
0.011242
0.00218793
0.000889225
0
0
0
1682192128.54863
msg_begin
7.75727e+06
-364095
2.9948
0.00197958
0.00108973
0.000118371
0
0
0
1682192128.59888
msg_begin
7.75727e+06
-364095
2.99399
0.00264812
0.000419715
0.000136931
0
0
0
1682192128.64860
msg_begin
7.75727e+06
-364095
2.99533
0.00492076
0.00103155
0.000109157
0
0
0
1682192128.69865
msg_begin
7.75727e+06
-364095
2.99616
0.00794703
0.00418687
0.000358934
0
0
0
1682192128.74868
msg_begin
7.75727e+06
-364095
2.99552
0.0245233
0.00631584
0.000491053
0
0
0
1682192128.79879
msg_begin
7.75727e+06
-364095
2.99029
0.00432375
0.00391224
0.000247052
0
0
0
1682192128.84875
msg_begin
7.75727e+06
-364095
2.98848
0.00320251
0.00258908
0.000455992
0
0
0
1682192128.89878
msg_begin
7.75727e+06
-364095
2.98893
0.00737164
0.00244665
0.000561711
0
0
0
1682192128.94871
msg_begin
7.75727e+06
-364095
2.99172
4.65661e-09
2.32831e-10
0
0
0
0
1682192128.99873
msg_begin
7.75727e+06
-364095
2.99439
0.0174424
0.00718818
0.00249596
0
0
0
1682192129.04870
msg_begin
7.75727e+06
-364095
2.99499
0.00998908
0.00638552
0.000289591
0
0
0
1682192129.09866
msg_begin
7.75727e+06
-364095
2.9957
3.72529e-08
3.60887e-09
8.88178e-16
0
0
0
1682192129.14855
msg_begin
7.75727e+06
-364095
2.9941
0.000259619
0.000227045
8.94934e-06
0
0
0
1682192129.19850
msg_begin
7.75727e+06
-364095
2.99009
0.00314072
0.000121883
9.75554e-05
0
0
0
1682192129.24844
msg_begin
7.75727e+06
-364095
2.98991
0.00711768
0.00217417
0.000156167
0
0
0
1682192129.29835
msg_begin
7.75727e+06
-364095
2.99033
0.0019612
0.000718964
0.000122583
0
0
0
1682192129.34829
msg_begin
7.75727e+06
-364095
2.99024
0.0123888
0.0103244
0.00111294
0
0
0
1682192129.39826
msg_begin
7.75727e+06
-364094
2.9884
0.00991213
0.00361505
0.000303383
0
0
0
1682192129.44824
msg_begin
7.75727e+06
-364094
2.98777
0.0245585
0.00357741
0.000929042
0
0
0
1682192129.49826
msg_begin
7.75727e+06
-364094
2.98888
0.00563682
0.00660344
0.000288463
0
0
0
1682192129.54826
msg_begin
7.75727e+06
-364094
2.98675
0.0064213
0.0022333
0.000100925
0
0
0
1682192129.59818
msg_begin
7.75727e+06
-364094
2.98601
0.00934666
0.00308404
0.000827076
0
0
0
1682192129.64815
msg_begin
7.75727e+06
-364094
2.98632
0.00687899
0.00644788
0.000491876
0
0
0
1682192129.69834
msg_begin
7.75727e+06
-364094
2.98853
0.0235613
0.00135761
0.000262054
0
0
0
1682192129.74819
msg_begin
7.75726e+06
-364094
2.98899
0.00298534
0.00575455
0.000175104
0
0
0
1682192129.79828
msg_begin
7.75726e+06
-364094
2.98732
0.00345871
0.00178956
0.00020724
0
0
0
1682192129.84827
msg_begin
7.75726e+06
-364094
2.98747
0.0175745
0.00256027
0.000573501
0
0
0
1682192129.89836
msg_begin
7.75726e+06
-364094
2.98851
0.000450226
0.00150696
3.87798e-05
0
0
0
1682192129.94827
msg_begin
7.75726e+06
-364094
2.98404
0.0135281
0.00430424
0.000297104
0
0
0
1682192129.99833
msg_begin
7.75726e+06
-364094
2.98517
0.0293611
0.00479856
0.000289914
0
0
0
1682192130.04838
msg_begin
7.75726e+06
-364094
2.98557
0.00329624
0.00359068
0.000182895
0
0
0
1682192130.09836
msg_begin
7.75726e+06
-364094
2.98652
0.00781949
0.00381268
0.000435007
0
0
0
1682192130.14831
msg_begin
7.75726e+06
-364094
2.98803
0.00820958
0.00246849
0.000154779
0
0
0
1682192130.19829
msg_begin
7.75726e+06
-364094
2.98751
0.0190304
0.00279208
0.000449998
0
0
0
1682192130.24822
msg_begin
7.75726e+06
-364094
2.98761
0.00330403
0.00126092
0.000382013
0
0
0
1682192130.29826
msg_begin
7.75726e+06
-364093
2.98647
0.0209589
0.00505292
0.000738314
0
0
0
1682192130.34820
msg_begin
7.75726e+06
-364093
2.98711
0.00295469
0.000251932
8.27045e-05
0
0
0
1682192130.39815
msg_begin
7.75726e+06
-364093
2.98804
0.0070002
0.00888885
0.000471431
0
0
0
1682192130.44815
msg_begin
7.75726e+06
-364093
2.98804
0.00527211
0.00399899
0.000191531
0
0
0
1682192130.49811
msg_begin
7.75726e+06
-364093
2.98728
0.00621855
0.00102201
0.000189981
0
0
0
1682192130.54805
msg_begin
7.75726e+06
-364093
2.98664
0.00709366
0.0025242
0.000161504
0
0
0
1682192130.59799
msg_begin
7.75726e+06
-364093
2.98611
1.58325e-08
3.72529e-09
8.88178e-16
0
0
0
1682192130.64800
msg_begin
7.75726e+06
-364093
2.9819
0.0107074
0.00127309
0.000507434
0
0
0
1682192130.69956
msg_begin
7.75726e+06
-364093
2.98284
0.00579907
0.00329521
0.000456931
0
0
0
1682192130.74875
msg_begin
7.75726e+06
-364093
2.98179
0.00252437
0.00114214
0.000113847
0
0
0
1682192130.79790
msg_begin
7.75726e+06
-364093
2.98234
3.63216e-08
2.67755e-09
1.33227e-15
0
0
0
1682192130.84792
msg_begin
7.75726e+06
-364093
2.97975
0.0044109
0.0029572
0.00035993
0
0
0
1682192130.89793
msg_begin
7.75726e+06
-364093
2.98043
0.0066478
0.00199093
0.000671679
0
0
0
1682192130.94789
msg_begin
7.75726e+06
-364093
2.98002
0.00343159
0.00210656
0.000369929
0
0
0
1682192130.99793
msg_begin
7.75725e+06
-364093
2.97941
0.0152113
0.0124128
0.00045583
0
0
0
1682192131.04799
msg_begin
7.75725e+06
-364093
2.9775
0
1.28057e-09
1.33227e-15
0
0
0
1682192131.11795
msg_begin
7.75725e+06
-364093
2.97698
0.0237342
0.00707777
0.00104551
0
0
0
1682192131.14810
msg_begin
7.75725e+06
-364093
2.98386
5.12227e-08
1.16415e-10
8.88178e-16
0
0
0
1682192131.19812
msg_begin
7.75725e+06
-364092
2.98441
0.00687896
0.0037592
0.000262271
0
0
0
1682192131.24810
msg_begin
7.75725e+06
-364092
2.98388
0.00158458
0.00119853
0.000127952
0
0
0
1682192131.29808
msg_begin
7.75725e+06
-364092
2.98079
0.0143401
0.00441593
0.000227373
0
0
0
1682192131.34811
msg_begin
7.75725e+06
-364092
2.98092
0.0100394
0.00371809
0.000190486
0
0
0
1682192131.39805
msg_begin
7.75725e+06
-364092
2.98085
0.0102965
0.00281007
0.000405217
0
0
0
1682192131.44806
msg_begin
7.75725e+06
-364092
2.98032
0.00271111
0.00346689
0.000677656
0
0
0
1682192131.49809
msg_begin
7.75725e+06
-364092
2.9806
0.0270881
0.00560864
0.000947283
0
0
0
1682192131.54807
msg_begin
7.75725e+06
-364092
2.98303
0.00624329
0.000828956
0.000154985
0
0
0
1682192131.59804
msg_begin
7.75725e+06
-364092
2.98455
0.00135378
0.000866251
6.30071e-05
0
0
0
1682192131.64803
msg_begin
7.75725e+06
-364092
2.98272
0.0062969
0.00330636
0.000490404
0
0
0
1682192131.69819
msg_begin
7.75725e+06
-364092
2.9813
0.0092418
0.000179885
0.000324895
0
0
0
1682192131.74814
msg_begin
7.75725e+06
-364092
2.98152
0.0253942
0.00488462
0.00191647
0
0
0
1682192131.79832
msg_begin
7.75725e+06
-364092
2.9818
0.00842342
0.00294753
0.000381464
0
0
0
1682192131.84814
msg_begin
7.75725e+06
-364092
2.97943
0.00564056
0.00292314
0.000309712
0
0
0
1682192131.89820
msg_begin
7.75725e+06
-364092
2.98105
0.0158885
0.00847672
0.00115188
0
0
0
1682192131.94832
msg_begin
7.75725e+06
-364092
2.97967
0.0133276
0.00400534
0.000519965
0
0
0
1682192131.99864
msg_begin
7.75725e+06
-364092
2.97723
0.0158012
0.00381713
0.000647691
0
0
0
1682192132.04831
msg_begin
7.75725e+06
-364092
2.9769
0.0055303
0.00556248
0.000437192
0
0
0
1682192132.09837
msg_begin
7.75725e+06
-364091
2.97544
0.00373996
0.00274686
0.00044726
0
0
0
1682192132.14838
msg_begin
7.75725e+06
-364091
2.97127
0.00698035
0.00701619
0.000526896
0
0
0
1682192132.19895
msg_begin
7.75725e+06
-364091
2.97074
0.00302537
0.000494243
0.000150411
0
0
0
1682192132.24837
msg_begin
7.75724e+06
-364091
2.97319
0.000188533
0.00231544
7.55292e-05
0
0
0
1682192132.29830
msg_begin
7.75724e+06
-364091
2.97342
0.0212019
0.0233195
0.00201837
0
0
0
1682192132.34835
msg_begin
7.75724e+06
-364091
2.97579
0.0131041
0.00557395
0.000832436
0
0
0
1682192132.39902
msg_begin
7.75724e+06
-364091
2.97495
0.0215066
0.00460109
0.000686209
0
0
0
1682192132.44824
msg_begin
7.75724e+06
-364091
2.97337
0.0218798
0.00356263
0.00175419
0
0
0
1682192132.49821
msg_begin
7.75724e+06
-364091
2.97665
0.00748723
0.00257891
0.000988495
0
0
0
1682192132.54818
msg_begin
7.75724e+06
-364091
2.97463
0.00396084
0.00189511
0.000780314
0
0
0
1682192132.59859
msg_begin
7.75724e+06
-364091
2.9744
0.0108165
0.00656421
0.000809668
0
0
0
1682192132.64799
msg_begin
7.75724e+06
-364091
2.97325
0.0419877
0.00345576
0.000745759
0
0
0
1682192132.69800
msg_begin
7.75724e+06
-364091
2.96963
0.00646919
0.00868603
0.000533451
0
0
0
1682192132.74797
msg_begin
7.75724e+06
-364091
2.96837
0.0230462
0.00978758
0.00132128
0
0
0
1682192132.79803
msg_begin
7.75724e+06
-364091
2.96621
4.00469e-08
3.89991e-09
0
0
0
0
1682192132.84805
msg_begin
7.75724e+06
-364090
2.96524
0.0130423
0.00456493
0.000981815
0
0
0
1682192132.89801
msg_begin
7.75724e+06
-364090
2.96506
0.00249613
0.00313622
0.000407489
0
0
0
1682192132.94803
msg_begin
7.75724e+06
-364090
2.96341
0.0201414
0.0037618
0.000914406
0
0
0
1682192132.99801
msg_begin
7.75724e+06
-364090
2.96469
0.00306113
0.000695462
0.000144308
0
0
0
1682192133.04806
msg_begin
7.75724e+06
-364090
2.96034
0.00856144
0.00361969
0.000596886
0
0
0
1682192133.09811
msg_begin
7.75724e+06
-364090
2.95808
0.0277622
0.00174012
0.00161179
0
0
0
1682192133.14812
msg_begin
7.75724e+06
-364090
2.95677
0.0255741
0.00338023
0.000557864
0
0
0
1682192133.19817
msg_begin
7.75724e+06
-364090
2.95665
0.0108339
0.00127626
0.000251631
0
0
0
1682192133.24820
msg_begin
7.75724e+06
-364090
2.95437
0.00214224
0.00125555
0.000171829
0
0
0
1682192133.29824
msg_begin
7.75724e+06
-364090
2.95358
0.0352138
0.00641757
0.0014832
0
0
0
1682192133.34836
msg_begin
7.75724e+06
-364090
2.95465
3.25963e-08
3.37604e-09
4.44089e-16
0
0
0
1682192133.39835
msg_begin
7.75724e+06
-364090
2.95543
0.0152263
0.00293742
0.000767546
0
0
0
1682192133.44843
msg_begin
7.75723e+06
-364090
2.95566
0.0286175
0.00922074
0.000567619
0
0
0
1682192133.49843
msg_begin
7.75723e+06
-364090
2.95171
0.00702285
0.00334253
0.000483874
0
0
0
1682192133.54848
msg_begin
7.75723e+06
-364089
2.94878
0.0112667
0.00368188
0.000556988
0
0
0
1682192133.59849
msg_begin
7.75723e+06
-364089
2.94893
0.00603756
0.00324562
0.000219445
0
0
0
1682192133.64844
msg_begin
7.75723e+06
-364089
2.94713
2.80729e-05
0.00160607
1.74974e-05
0
0
0
1682192133.69852
msg_begin
7.75723e+06
-364089
2.94294
0.00202601
0.000104855
0.000246715
0
0
0
1682192133.74848
msg_begin
7.75723e+06
-364089
2.94221
0.00815179
0.00259839
0.000234033
0
0
0
1682192133.79855
msg_begin
7.75723e+06
-364089
2.94291
0.00552113
0.00518634
0.000473684
0
0
0
1682192133.84851
msg_begin
7.75723e+06
-364089
2.93827
0.0113756
0.0109632
0.00121673
0
0
0
1682192133.89860
msg_begin
7.75723e+06
-364089
2.93367
0.00432828
0.00895438
0.00120583
0
0
0
1682192133.94871
msg_begin
7.75723e+06
-364089
2.9326
0.0212779
0.00542534
0.000727903
0
0
0
1682192133.99859
msg_begin
7.75723e+06
-364089
2.9326
0.00236031
0.00240775
0.000143555
0
0
0
1682192134.04861
msg_begin
7.75723e+06
-364089
2.93152
0.0036112
0.0135885
0.000547996
0
0
0
1682192134.09860
msg_begin
7.75723e+06
-364089
2.93041
0.0229595
0.0104738
0.00125551
0
0
0
1682192134.14861
msg_begin
7.75723e+06
-364088
2.9337
0.00488539
0.000540955
0.000164586
0
0
0
1682192134.19860
msg_begin
7.75723e+06
-364088
2.92749
0.0202398
0.00616615
0.000784629
0
0
0
1682192134.24853
msg_begin
7.75723e+06
-364088
2.9279
0.0090383
0.00764297
0.00119455
0
0
0
1682192134.29844
msg_begin
7.75723e+06
-364088
2.92437
0.0123411
0.00653867
0.000688796
0
0
0
1682192134.34837
msg_begin
7.75723e+06
-364088
2.92213
0.00918251
0.00950145
0.00238494
0
0
0
1682192134.39836
msg_begin
7.75723e+06
-364088
2.92178
0.00558699
0.00195885
0.000273742
0
0
0
1682192134.44825
msg_begin
7.75723e+06
-364088
2.91915
0.0134502
0.00762618
0.00051398
0
0
0
1682192134.49821
msg_begin
7.75723e+06
-364088
2.92045
8.00937e-08
1.80444e-09
0
0
0
0
1682192134.54822
msg_begin
7.75723e+06
-364088
2.91992
0.0125894
0.003573
0.000786149
0
0
0
1682192134.59822
msg_begin
7.75722e+06
-364088
2.92136
0.0173957
0.00292725
0.000682478
0
0
0
1682192134.64819
msg_begin
7.75722e+06
-364088
2.91387
0.00458655
0.00139241
0.000101472
0
0
0
1682192134.69820
msg_begin
7.75722e+06
-364087
2.91334
0.0107772
0.00365391
0.00131458
0
0
0
1682192134.74823
msg_begin
7.75722e+06
-364087
2.91064
0.00469757
0.00470789
0.000124545
0
0
0
1682192134.79829
msg_begin
7.75722e+06
-364087
2.90947
0.0232284
0.00869325
0.00050067
0
0
0
1682192134.84826
msg_begin
7.75722e+06
-364087
2.90917
0.00521021
0.00226676
0.000160572
0
0
0
1682192134.89824
msg_begin
7.75722e+06
-364087
2.90935
0.000912113
0.00169116
0.00032961
0
0
0
1682192134.94828
msg_begin
7.75722e+06
-364087
2.90503
0.0116255
0.0108476
0.000909756
0
0
0
1682192134.99831
msg_begin
7.75722e+06
-364087
2.90615
0.00950474
0.00143167
0.000644561
0
0
0
1682192135.04828
msg_begin
7.75722e+06
-364087
2.90657
0.0101065
0.00480661
0.00046086
0
0
0
1682192135.09835
msg_begin
7.75722e+06
-364087
2.90359
0.00871113
0.00383484
0.000429812
0
0
0
1682192135.14843
msg_begin
7.75722e+06
-364087
2.90481
0.00510007
0.00186176
0.000128928
0
0
0
1682192135.19838
msg_begin
7.75722e+06
-364086
2.90387
3.72529e-09
2.2701e-09
0
0
0
0
1682192135.24837
msg_begin
7.75722e+06
-364086
2.90383
5.46436e-05
2.69572e-05
1.75023e-05
0
0
0
1682192135.29834
msg_begin
7.75722e+06
-364086
2.90217
0.0134525
0.00996365
0.00121426
0
0
0
1682192135.34844
msg_begin
7.75722e+06
-364086
2.90193
1.86265e-08
8.14907e-10
2.22045e-15
0
0
0
1682192135.39841
msg_begin
7.75722e+06
-364086
2.89768
0.0306591
0.00840127
0.00106074
0
0
0
1682192135.44845
msg_begin
7.75722e+06
-364086
2.89506
6.42613e-08
1.45519e-09
1.33227e-15
0
0
0
1682192135.49854
msg_begin
7.75722e+06
-364086
2.8945
0.0229
0.0146929
0.00129217
0
0
0
1682192135.54854
msg_begin
7.75722e+06
-364086
2.896
5.58794e-08
1.92085e-09
0
0
0
0
1682192135.59858
msg_begin
7.75722e+06
-364086
2.90054
7.45058e-09
8.14907e-10
1.77636e-15
0
0
0
1682192135.64852
msg_begin
7.75722e+06
-364086
2.89854
0.00725981
0.00185892
0.000342057
0
0
0
1682192135.69848
msg_begin
7.75721e+06
-364085
2.89658
0.0251935
0.0144736
0.00079211
0
0
0
1682192135.74839
msg_begin
7.75721e+06
-364085
2.89422
0.0218837
0.00774622
0.00123676
0
0
0
1682192135.79845
msg_begin
7.75721e+06
-364085
2.89527
0.00873453
0.00217296
0.000538658
0
0
0
1682192135.84838
msg_begin
7.75721e+06
-364085
2.8924
0.00169842
0.000231706
4.83218e-05
0
0
0
1682192135.89842
msg_begin
7.75721e+06
-364085
2.89494
0.00523227
0.00256017
0.00016576
0
0
0
1682192135.94830
msg_begin
7.75721e+06
-364085
2.89446
0.00477014
0.00232382
0.00132109
0
0
0
1682192135.99827
msg_begin
7.75721e+06
-364085
2.88992
0.00959228
0.0117933
0.000513999
0
0
0
1682192136.04828
msg_begin
7.75721e+06
-364085
2.88887
0.000881061
0.00084857
1.86966e-05
0
0
0
1682192136.09830
msg_begin
7.75721e+06
-364085
2.88718
0.014637
0.00599149
0.000977549
0
0
0
1682192136.14824
msg_begin
7.75721e+06
-364084
2.88735
0.0210762
0.00593348
0.00080827
0
0
0
1682192136.19831
msg_begin
7.75721e+06
-364084
2.88643
0.0287338
0.0117834
0.000592581
0
0
0
1682192136.24838
msg_begin
7.75721e+06
-364084
2.88542
0.0255766
0.00853196
0.00089401
0
0
0
1682192136.29839
msg_begin
7.75721e+06
-364084
2.89001
1.21072e-08
2.32831e-10
2.22045e-15
0
0
0
1682192136.34839
msg_begin
7.75721e+06
-364084
2.8921
0.00134414
0.00075437
8.30499e-05
0
0
0
1682192136.39850
msg_begin
7.75721e+06
-364084
2.89125
0.0292307
0.0106508
0.00115314
0
0
0
1682192136.44846
msg_begin
7.75721e+06
-364084
2.89189
0.0640011
0.0187029
0.00142286
0
0
0
1682192136.49852
msg_begin
7.75721e+06
-364084
2.89144
0.0200149
0.00576883
0.000585661
0
0
0
1682192136.54855
msg_begin
7.75721e+06
-364084
2.89276
0.0289172
0.00374598
0.00134587
0
0
0
1682192136.59850
msg_begin
7.75721e+06
-364083
2.89297
0.0132507
0.00408448
0.000771073
0
0
0
1682192136.64848
msg_begin
7.75721e+06
-364083
2.89012
0.0223622
0.00732054
0.00102383
0
0
0
1682192136.69924
msg_begin
7.75721e+06
-364083
2.89135
0.0314737
0.0116558
0.000873934
0
0
0
1682192136.74834
msg_begin
7.75721e+06
-364083
2.88947
0.002507
0.00022259
0.000236689
0
0
0
1682192136.79854
msg_begin
7.7572e+06
-364083
2.89223
0.0616478
0.026131
0.000575999
0
0
0
1682192136.84832
msg_begin
7.7572e+06
-364083
2.88971
0.00687494
0.000812977
0.00038169
0
0
0
1682192136.89829
msg_begin
7.7572e+06
-364083
2.89073
0.0317046
0.00617572
0.000667938
0
0
0
1682192136.94834
msg_begin
7.7572e+06
-364083
2.89068
0.0127351
0.00353689
8.80777e-05
0
0
0
1682192136.99896
msg_begin
7.7572e+06
-364082
2.89222
0.0339028
0.00411865
0.000800142
0
0
0
1682192137.04835
msg_begin
7.7572e+06
-364082
2.88918
3.72529e-09
2.56114e-09
1.33227e-15
0
0
0
1682192137.09837
msg_begin
7.7572e+06
-364082
2.89231
0.0161812
0.00152929
0.000484884
0
0
0
1682192137.14836
msg_begin
7.7572e+06
-364082
2.89505
0.00158515
0.00133206
0.000193725
0
0
0
1682192137.19845
msg_begin
7.7572e+06
-364082
2.89471
0.0361841
0.00633802
0.000817159
0
0
0
1682192137.24845
msg_begin
7.7572e+06
-364082
2.89118
0.0039209
0.000898272
0.000344832
0
0
0
1682192137.29842
msg_begin
7.7572e+06
-364082
2.89197
8.3819e-09
2.67755e-09
1.33227e-15
0
0
0
1682192137.34851
msg_begin
7.7572e+06
-364082
2.89678
2.23517e-08
5.82077e-11
2.66454e-15
0
0
0
1682192137.39852
msg_begin
7.7572e+06
-364082
2.89567
0.0051866
0.00448455
0.000469313
0
0
0
1682192137.44863
msg_begin
7.7572e+06
-364081
2.89785
0.0336688
0.00839358
0.000479369
0
0
0
1682192137.49867
msg_begin
7.7572e+06
-364081
2.89797
0.0135284
0.00613283
0.000389402
0
0
0
1682192137.54866
msg_begin
7.7572e+06
-364081
2.89805
0.00411817
0.00179037
0.000212487
0
0
0
1682192137.59911
msg_begin
7.7572e+06
-364081
2.89795
0.0196788
0.002851
0.00023139
0
0
0
1682192137.64888
msg_begin
7.7572e+06
-364081
2.89936
0.0130489
0.0040834
0.00143623
0
0
0
1682192137.69888
msg_begin
7.7572e+06
-364081
2.89723
0.0608944
0.0234886
0.00181958
0
0
0
1682192137.74903
msg_begin
7.7572e+06
-364081
2.89939
0.0195332
0.00672384
0.00167361
0
0
0
1682192137.79901
msg_begin
7.7572e+06
-364081
2.90444
0.00865537
0.00341521
0.00136195
0
0
0
1682192137.84899
msg_begin
7.75719e+06
-364081
2.90602
0.0169237
0.0102027
0.000615759
0
0
0
1682192137.89898
msg_begin
7.75719e+06
-364081
2.90115
7.26432e-08
3.31784e-09
1.33227e-15
0
0
0
1682192137.94900
msg_begin
7.75719e+06
-364080
2.90181
0.00812428
0.00102572
7.68998e-05
0
0
0
1682192137.99903
msg_begin
7.75719e+06
-364080
2.90563
0.00347035
0.00122587
6.77928e-05
0
0
0
1682192138.04895
msg_begin
7.75719e+06
-364080
2.9093
0.0499574
0.00889929
0.000354813
0
0
0
1682192138.09890
msg_begin
7.75719e+06
-364080
2.90593
1.95578e-08
3.20142e-09
8.88178e-16
0
0
0
1682192138.14879
msg_begin
7.75719e+06
-364080
2.91028
0.00248958
0.00138687
7.14772e-05
0
0
0
1682192138.19878
msg_begin
7.75719e+06
-364080
2.91309
0.00154485
0.00151411
0.000164714
0
0
0
1682192138.24869
msg_begin
7.75719e+06
-364080
2.91393
0.0106605
0.00216259
0.00060526
0
0
0
1682192138.29864
msg_begin
7.75719e+06
-364080
2.91705
0.0408287
0.0128386
0.0019732
0
0
0
1682192138.34853
msg_begin
7.75719e+06
-364080
2.91829
0.0020793
0.00149035
0.00024783
0
0
0
1682192138.39844
msg_begin
7.75719e+06
-364080
2.91985
0.0168004
0.00341854
0.0016363
0
0
0
1682192138.44835
msg_begin
7.75719e+06
-364079
2.91749
0.0197603
0.0076314
0.00125717
0
0
0
1682192138.49830
msg_begin
7.75719e+06
-364079
2.92153
0.0127858
0.008456
0.00120627
0
0
0
1682192138.54834
msg_begin
7.75719e+06
-364079
2.92165
0.0143242
0.00184378
0.00112973
0
0
0
1682192138.59826
msg_begin
7.75719e+06
-364079
2.92874
1.39698e-08
1.5134e-09
0
0
0
0
1682192138.64825
msg_begin
7.75719e+06
-364079
2.92798
0.0156732
0.00460177
0.000589069
0
0
0
1682192138.69871
msg_begin
7.75719e+06
-364079
2.92966
0.00779502
0.00268427
0.000561348
0
0
0
1682192138.74831
msg_begin
7.75719e+06
-364079
2.931
0.00257876
0.000268589
0.000162108
0
0
0
1682192138.79820
msg_begin
7.75719e+06
-364079
2.93364
0.002182
0.000805425
0.000175655
0
0
0
1682192138.84819
msg_begin
7.75719e+06
-364079
2.93836
0.00759466
0.00341803
0.000418942
0
0
0
1682192138.89823
msg_begin
7.75719e+06
-364079
2.93916
0.00461823
0.00102078
9.16731e-07
0
0
0
1682192138.94818
msg_begin
7.75718e+06
-364078
2.9385
0.0121723
0.00189301
0.000117462
0
0
0
1682192138.99820
msg_begin
7.75718e+06
-364078
2.94371
0.0140075
0.000483437
0.000313921
0
0
0
1682192139.04815
msg_begin
7.75718e+06
-364078
2.94696
0.0322785
0.00975741
0.00110312
0
0
0
1682192139.09824
msg_begin
7.75718e+06
-364078
2.94876
0.00412841
0.00502112
0.000639191
0
0
0
1682192139.14835
msg_begin
7.75718e+06
-364078
2.95544
0.00764765
0.00220439
0.000578152
0
0
0
1682192139.19828
msg_begin
7.75718e+06
-364078
2.95997
0.00358882
0.00110738
0.000354411
0
0
0
1682192139.24826
msg_begin
7.75718e+06
-364078
2.95956
0.00579344
0.0039969
0.000220029
0
0
0
1682192139.29819
msg_begin
7.75718e+06
-364078
2.96108
0.00259435
0.00040274
2.17294e-05
0
0
0
1682192139.34809
msg_begin
7.75718e+06
-364078
2.96244
0.00971098
0.00129488
0.000386571
0
0
0
1682192139.39860
msg_begin
7.75718e+06
-364078
2.96313
6.51926e-09
2.79397e-09
1.77636e-15
0
0
0
1682192139.44814
msg_begin
7.75718e+06
-364078
2.96556
0.0141089
0.00662769
0.00137701
0
0
0
1682192139.49811
msg_begin
7.75718e+06
-364078
2.96936
0.0126302
0.00353463
0.000617902
0
0
0
1682192139.54815
msg_begin
7.75718e+06
-364077
2.97019
0.00192486
0.00469204
0.000220586
0
0
0
1682192139.59814
msg_begin
7.75718e+06
-364077
2.97064
0.0344148
0.00539123
0.000997846
0
0
0
1682192139.64812
msg_begin
7.75718e+06
-364077
2.9739
0.00370825
0.00133829
0.000208282
0
0
0
1682192139.69810
msg_begin
7.75718e+06
-364077
2.97649
0.0327565
0.00385687
0.00231604
0
0
0
1682192139.74824
msg_begin
7.75718e+06
-364077
2.9741
0.0121599
0.00880149
0.000783739
0
0
0
1682192139.79817
msg_begin
7.75718e+06
-364077
2.97673
0.00930492
0.00323068
0.000905833
0
0
0
1682192139.84818
msg_begin
7.75718e+06
-364077
2.98184
0.00706046
0.00924381
0.00120577
0
0
0
1682192139.89826
msg_begin
7.75718e+06
-364077
2.98178
0.00384415
0.00393099
0.000283955
0
0
0
1682192139.94828
msg_begin
7.75718e+06
-364077
2.98211
0.0114457
0.00503492
0.000362702
0
0
0
1682192139.99836
msg_begin
7.75717e+06
-364077
2.9843
0.0401927
0.00758023
0.000739127
0
0
0
1682192140.04837
msg_begin
7.75717e+06
-364077
2.99112
0.00229036
0.000464192
3.628e-05
0
0
0
1682192140.09840
msg_begin
7.75717e+06
-364077
2.99163
0.0141757
0.00383983
0.000224019
0
0
0
1682192140.14845
msg_begin
7.75717e+06
-364077
2.99155
0.00996841
0.00443569
0.000679028
0
0
0
1682192140.19849
msg_begin
7.75717e+06
-364076
2.99451
0.0108372
0.00541033
0.000487263
0
0
0
1682192140.24857
msg_begin
7.75717e+06
-364076
2.99644
0.0111277
0.00282532
0.000336692
0
0
0
1682192140.29855
msg_begin
7.75717e+06
-364076
2.99903
0.0194751
0.00997966
0.00171373
0
0
0
1682192140.34853
msg_begin
7.75717e+06
-364076
3.00024
0.0526264
0.00705252
0.00170202
0
0
0
1682192140.39857
msg_begin
7.75717e+06
-364076
3.00151
0.012909
0.00486387
0.00112283
0
0
0
1682192140.44854
msg_begin
7.75717e+06
-364076
3.00549
0.0278149
0.0019766
0.000143986
0
0
0
1682192140.49851
msg_begin
7.75717e+06
-364076
3.00661
0.0012445
0.00138487
3.35537e-05
0
0
0
1682192140.54856
msg_begin
7.75717e+06
-364076
3.00795
0.00243635
0.00580799
0.000345469
0
0
0
1682192140.59855
msg_begin
7.75717e+06
-364076
3.00988
0.0117646
0.00915337
0.00047779
0
0
0
1682192140.64853
msg_begin
7.75717e+06
-364076
3.011
0.00510886
0.0043732
0.00057821
0
0
0
1682192140.69913
msg_begin
7.75717e+06
-364076
3.01535
0.0060868
0.000609828
0.000898099
0
0
0
1682192140.74861
msg_begin
7.75717e+06
-364076
3.01561
0.0326809
0.0036075
0.000577727
0
0
0
1682192140.79869
msg_begin
7.75717e+06
-364076
3.01618
0.0138033
0.00580992
0.000435008
0
0
0
1682192140.84867
msg_begin
7.75717e+06
-364076
3.01963
0.00713477
0.003444
0.000860525
0
0
0
1682192140.89873
msg_begin
7.75717e+06
-364076
3.02136
0.0135563
0.00655069
0.000433597
0
0
0
1682192140.94873
msg_begin
7.75717e+06
-364076
3.01991
0.0128726
0.007521
0.000649091
0
0
0
1682192140.99950
msg_begin
7.75716e+06
-364076
3.02145
0.00312201
0.00211274
0.000111969
0
0
0
1682192141.04873
msg_begin
7.75716e+06
-364075
3.0242
0.00836111
0.00207316
0.000336244
0
0
0
1682192141.09865
msg_begin
7.75716e+06
-364075
3.02444
0.00119934
1.02723e-05
3.17131e-05
0
0
0
1682192141.14879
msg_begin
7.75716e+06
-364075
3.02795
0.00713817
0.00664541
0.000241864
0
0
0
1682192141.19874
msg_begin
7.75716e+06
-364075
3.02796
0.0112642
0.0142441
0.000416193
0
0
0
1682192141.24867
msg_begin
7.75716e+06
-364075
3.02837
0.0108166
0.00799596
0.00193557
0
0
0
1682192141.29867
msg_begin
7.75716e+06
-364075
3.02763
0.0214991
0.00380964
0.00281232
0
0
0
1682192141.34861
msg_begin
7.75716e+06
-364075
3.03343
0.000800653
0.00133901
4.54899e-05
0
0
0
1682192141.39925
msg_begin
7.75716e+06
-364075
3.0304
0.0208014
0.009813
0.000228903
0
0
0
1682192141.44867
msg_begin
7.75716e+06
-364075
3.03128
0.0113247
0.00147245
0.000132021
0
0
0
1682192141.49866
msg_begin
7.75716e+06
-364075
3.03347
0.00551018
0.0114578
0.00045004
0
0
0
1682192141.54870
msg_begin
7.75716e+06
-364075
3.03353
0.025771
0.00387142
0.000307451
0
0
0
1682192141.59871
msg_begin
7.75716e+06
-364075
3.03188
0.000794091
0.000622139
8.65447e-05
0
0
0
1682192141.64879
msg_begin
7.75716e+06
-364075
3.03149
0.00590251
0.00460615
0.000289707
0
0
0
1682192141.69878
msg_begin
7.75716e+06
-364075
3.03476
0.0161064
0.000418135
0.000227028
0
0
0
1682192141.74876
msg_begin
7.75716e+06
-364075
3.03785
0.00523189
1.29999e-05
4.1554e-05
0
0
0
1682192141.79880
msg_begin
7.75716e+06
-364075
3.03888
0.00432184
0.000359872
0.000434171
0
0
0
1682192141.84878
msg_begin
7.75716e+06
-364075
3.03734
0.0114031
0.00244477
0.00174404
0
0
0
1682192141.89878
msg_begin
7.75716e+06
-364075
3.03667
0.00563182
0.00132369
0.000395984
0
0
0
1682192141.94872
msg_begin
7.75716e+06
-364075
3.03876
0.0127938
0.00298065
0.000723681
0
0
0
1682192141.99871
msg_begin
7.75716e+06
-364075
3.04013
0.0229205
0.00658059
0.000422568
0
0
0
1682192142.04869
msg_begin
7.75715e+06
-364075
3.04259
0.00857766
0.00558
0.00053429
0
0
0
1682192142.09873
msg_begin
7.75715e+06
-364075
3.04149
0.0170008
0.0064304
0.000832331
0
0
0
1682192142.14863
msg_begin
7.75715e+06
-364074
3.04145
0.0111546
0.0031125
0.000138864
0
0
0
1682192142.19857
msg_begin
7.75715e+06
-364074
3.04207
0.0281013
0.00281653
0.000504882
0
0
0
1682192142.24864
msg_begin
7.75715e+06
-364074
3.04211
0.0238634
0.010917
0.00110507
0
0
0
1682192142.29865
msg_begin
7.75715e+06
-364074
3.03816
0.00340417
0.00674452
0.000653068
0
0
0
1682192142.34863
msg_begin
7.75715e+06
-364074
3.04298
0.00291539
0.00260312
0.000332347
0
0
0
1682192142.39874
msg_begin
7.75715e+06
-364074
3.04344
0.00827827
0.00330257
0.000584254
0
0
0
1682192142.44867
msg_begin
7.75715e+06
-364074
3.04549
0.0172804
0.00776286
0.00065347
0
0
0
1682192142.49873
msg_begin
7.75715e+06
-364074
3.04562
0.00402725
0.00111308
0.000135778
0
0
0
1682192142.54878
msg_begin
7.75715e+06
-364074
3.04296
0.0252992
0.00461125
0.001359
0
0
0
1682192142.59886
msg_begin
7.75715e+06
-364074
3.04576
0.00455408
0.00535115
0.000163908
0
0
0
1682192142.64890
msg_begin
7.75715e+06
-364074
3.04719
0.00405634
0.00447535
0.000327146
0
0
0
1682192142.69922
msg_begin
7.75715e+06
-364074
3.04998
0.00803584
0.00513058
0.00084135
0
0
0
1682192142.74885
msg_begin
7.75715e+06
-364074
3.04915
0.0113405
0.00220537
0.000387206
0
0
0
1682192142.79907
msg_begin
7.75715e+06
-364074
3.05084
0.00796737
0.00461827
0.00073155
0
0
0
1682192142.84884
msg_begin
7.75715e+06
-364074
3.04758
0.00671254
0.00419275
0.000881688
0
0
0
1682192142.89885
msg_begin
7.75715e+06
-364074
3.04734
0.0669298
0.0117924
0.00135011
0
0
0
1682192142.94952
msg_begin
7.75715e+06
-364074
3.04666
0.0219229
0.00734061
0.00122024
0
0
0
1682192142.99944
msg_begin
7.75715e+06
-364074
3.04706
0.00370031
0.00306091
0.000223273
0
0
0
1682192143.04870
msg_begin
7.75715e+06
-364074
3.04962
0.0270641
0.00575164
0.00117366
0
0
0
1682192143.09859
msg_begin
7.75714e+06
-364074
3.04677
0.0103134
0.00918392
0.000612251
0
0
0
1682192143.14850
msg_begin
7.75714e+06
-364074
3.04924
0.0242451
0.00253803
0.000371528
0
0
0
1682192143.19874
msg_begin
7.75714e+06
-364074
3.05009
0.067155
0.0031461
0.000155013
0
0
0
1682192143.24842
msg_begin
7.75714e+06
-364074
3.05146
0.00359596
0.00191737
0.000392027
0
0
0
1682192143.29836
msg_begin
7.75714e+06
-364074
3.05022
0.0343931
0.00458542
0.00132797
0
0
0
1682192143.34839
msg_begin
7.75714e+06
-364074
3.04972
0.0162613
0.00161287
0.000340632
0
0
0
1682192143.39903
msg_begin
7.75714e+06
-364074
3.05045
0.00795708
0.00774263
0.00128415
0
0
0
1682192143.44831
msg_begin
7.75714e+06
-364073
3.04897
0.0131337
0.00421295
0.000546175
0
0
0
1682192143.49837
msg_begin
7.75714e+06
-364073
3.05004
0.0259725
0.00180843
0.000719242
0
0
0
1682192143.54835
msg_begin
7.75714e+06
-364073
3.04974
0.0264371
0.00586199
0.00115258
0
0
0
1682192143.59879
msg_begin
7.75714e+06
-364073
3.04778
0.0212972
0.010049
0.000756696
0
0
0
1682192143.64844
msg_begin
7.75714e+06
-364073
3.04818
0.00414571
0.00107874
0.000317616
0
0
0
1682192143.69842
msg_begin
7.75714e+06
-364073
3.0472
0.0079978
0.00374545
0.000541243
0
0
0
1682192143.74837
msg_begin
7.75714e+06
-364073
3.04998
4.47035e-08
2.03727e-09
0
0
0
0
1682192143.79840
msg_begin
7.75714e+06
-364073
3.04977
0.0036595
0.00210598
9.82135e-05
0
0
0
1682192143.84837
msg_begin
7.75714e+06
-364073
3.04725
0.0288852
0.0046798
0.00112339
0
0
0
1682192143.89847
msg_begin
7.75714e+06
-364073
3.05042
0.00842043
0.00176875
0.00036774
0
0
0
1682192143.94868
msg_begin
7.75714e+06
-364073
3.04691
0.0194856
0.00127965
0.000164656
0
0
0
1682192143.99852
msg_begin
7.75714e+06
-364073
3.04735
0.00518532
0.00306722
0.000309058
0
0
0
1682192144.04855
msg_begin
7.75714e+06
-364073
3.04786
0.00366825
0.00229758
0.000316367
0
0
0
1682192144.09857
msg_begin
7.75714e+06
-364073
3.04491
0.0253897
0.00746586
0.00117287
0
0
0
1682192144.14862
msg_begin
7.75713e+06
-364073
3.04389
0.0214869
0.00221658
0.000538967
0
0
0
1682192144.19867
msg_begin
7.75713e+06
-364073
3.04582
0.00230092
5.01774e-05
3.77475e-05
0
0
0
1682192144.24867
msg_begin
7.75713e+06
-364073
3.04643
0.00583566
0.000672258
0.000248326
0
0
0
1682192144.29877
msg_begin
7.75713e+06
-364073
3.04204
0.0043251
0.00295531
0.000429442
0
0
0
1682192144.34886
msg_begin
7.75713e+06
-364073
3.04232
0.00959712
0.0047691
0.000433374
0
0
0
1682192144.39885
msg_begin
7.75713e+06
-364073
3.03642
8.56817e-08
3.14321e-09
8.88178e-16
0
0
0
1682192144.44896
msg_begin
7.75713e+06
-364073
3.03706
0.0267284
0.00767936
0.00116898
0
0
0
1682192144.49904
msg_begin
7.75713e+06
-364073
3.03714
0.00741259
0.00370164
0.000235669
0
0
0
1682192144.54946
msg_begin
7.75713e+06
-364073
3.03853
0.0155444
0.00745668
0.000800968
0
0
0
1682192144.59911
msg_begin
7.75713e+06
-364073
3.0363
4.47035e-08
2.21189e-09
4.44089e-16
0
0
0
1682192144.64914
msg_begin
7.75713e+06
-364073
3.03741
0.0114389
0.00377523
0.00059965
0
0
0
1682192144.69955
msg_begin
7.75713e+06
-364072
3.03797
0.0132255
0.00563034
0.000825977
0
0
0
1682192144.74911
msg_begin
7.75713e+06
-364072
3.0364
0.0171426
0.00349507
0.000633797
0
0
0
1682192144.79911
msg_begin
7.75713e+06
-364072
3.03487
0.021065
0.00710055
0.000288117
0
0
0
1682192144.84905
msg_begin
7.75713e+06
-364072
3.03705
0.0233093
0.00609598
0.000422122
0
0
0
1682192144.89902
msg_begin
7.75713e+06
-364072
3.03705
0.00368064
0.00118641
0.000190368
0
0
0
1682192144.94899
msg_begin
7.75713e+06
-364072
3.03252
0.00791905
0.000806194
0.000107702
0
0
0
1682192144.99944
msg_begin
7.75713e+06
-364072
3.03392
0.0180704
0.00366265
0.000256982
0
0
0
1682192145.05645
msg_begin
7.75713e+06
-364072
3.03011
0.00657368
0.00269215
0.000476854
0
0
0
1682192145.09885
msg_begin
7.75713e+06
-364072
3.03109
0.00433534
0.00419985
0.000449512
0
0
0
1682192145.14869
msg_begin
7.75713e+06
-364072
3.03135
0.0165163
0.00397902
0.00141084
0
0
0
1682192145.19859
msg_begin
7.75713e+06
-364072
3.03344
0.00353426
0.00170016
7.32518e-05
0
0
0
1682192145.24854
msg_begin
7.75712e+06
-364072
3.02809
0.0258993
0.00972087
0.00104995
0
0
0
1682192145.29845
msg_begin
7.75712e+06
-364072
3.02724
0.00283262
0.00163439
0.000331215
0
0
0
1682192145.34843
msg_begin
7.75712e+06
-364072
3.02794
0.00183808
0.00287415
0.000549111
0
0
0
1682192145.39898
msg_begin
7.75712e+06
-364072
3.02674
0.00972358
0.00539247
0.000300382
0
0
0
1682192145.44834
msg_begin
7.75712e+06
-364072
3.02131
0.00413257
0.00204059
0.000455521
0
0
0
1682192145.49840
msg_begin
7.75712e+06
-364072
3.02064
0.00946757
0.00442687
0.000118342
0
0
0
1682192145.54842
msg_begin
7.75712e+06
-364072
3.01992
0.0103071
0.00746253
0.00124606
0
0
0
1682192145.59857
msg_begin
7.75712e+06
-364072
3.01921
0.00612305
0.00530664
0.000463251
0
0
0
1682192145.64852
msg_begin
7.75712e+06
-364072
3.01752
0.00121846
0.000597268
6.05296e-05
0
0
0
1682192145.69869
msg_begin
7.75712e+06
-364072
3.0186
0.0229353
0.00492779
0.000450492
0
0
0
1682192145.74907
msg_begin
7.75712e+06
-364071
3.01862
0.0394357
0.00311154
0.00224917
0
0
0
1682192145.79878
msg_begin
7.75712e+06
-364071
3.01591
0.0406306
0.00834162
0.0012657
0
0
0
1682192145.84883
msg_begin
7.75712e+06
-364071
3.0125
1.30385e-08
4.65661e-10
0
0
0
0
1682192145.89886
msg_begin
7.75712e+06
-364071
3.01168
0.00145963
0.000348645
0.000100247
0
0
0
1682192145.94925
msg_begin
7.75712e+06
-364071
3.01178
0.017632
0.00138864
0.00030221
0
0
0
1682192145.99892
msg_begin
7.75712e+06
-364071
3.01203
0.0144504
0.00877058
0.00159998
0
0
0
1682192146.04893
msg_begin
7.75712e+06
-364071
3.01295
0.000534674
0.000513609
0.000171281
0
0
0
1682192146.09895
msg_begin
7.75712e+06
-364071
3.01143
0.0226146
0.0044272
0.000376436
0
0
0
1682192146.14894
msg_begin
7.75712e+06
-364071
3.00994
0.0236529
0.00500234
0.000166422
0
0
0
1682192146.19891
msg_begin
7.75712e+06
-364071
3.00583
0.0210316
0.00469541
0.00043574
0
0
0
1682192146.24880
msg_begin
7.75712e+06
-364071
3.00573
0.0168216
0.00852111
0.0018467
0
0
0
1682192146.29874
msg_begin
7.75712e+06
-364071
3.00348
0.0138249
0.00490178
0.000183108
0
0
0
1682192146.34889
msg_begin
7.75711e+06
-364071
3.00407
0.0110716
0.00422326
0.000968437
0
0
0
1682192146.39860
msg_begin
7.75711e+06
-364071
3.00351
0.0182558
0.00620832
0.00112131
0
0
0
1682192146.44860
msg_begin
7.75711e+06
-364071
3.00192
0.00852134
0.00328323
0.000469803
0
0
0
1682192146.49853
msg_begin
7.75711e+06
-364071
3.00345
0.0085938
0.00194926
0.000175669
0
0
0
1682192146.54864
msg_begin
7.75711e+06
-364071
2.99927
0.00149502
0.00645286
0.000561362
0
0
0
1682192146.59841
msg_begin
7.75711e+06
-364071
2.99835
0.0109759
0.000743408
0.000115123
0
0
0
1682192146.64841
msg_begin
7.75711e+06
-364070
2.99966
0.0110296
0.00470505
0.000145722
0
0
0
1682192146.69913
msg_begin
7.75711e+06
-364070
2.99911
0.0052418
0.000395006
2.16375e-05
0
0
0
1682192146.74842
msg_begin
7.75711e+06
-364070
3.00041
0.0150943
0.0110692
0.000147198
0
0
0
1682192146.79841
msg_begin
7.75711e+06
-364070
2.99615
0.00259559
0.00108669
0.000256778
0
0
0
1682192146.84839
msg_begin
7.75711e+06
-364070
2.99439
0.00282793
0.00135045
0.000268634
0
0
0
1682192146.89844
msg_begin
7.75711e+06
-364070
2.99678
0.0260767
0.00955321
0.000701336
0
0
0
1682192146.94846
msg_begin
7.75711e+06
-364070
2.99416
0.0417278
0.00187395
0.00155458
0
0
0
1682192146.99926
msg_begin
7.75711e+06
-364070
2.9958
0.019085
0.00656995
0.00123411
0
0
0
1682192147.04852
msg_begin
7.75711e+06
-364070
2.99769
0.00886573
0.00297429
0.00046993
0
0
0
1682192147.09854
msg_begin
7.75711e+06
-364070
2.99649
0.00411549
0.0033704
0.000351948
0
0
0
1682192147.14857
msg_begin
7.75711e+06
-364070
2.99542
0.0047018
0.00779914
0.000880581
0
0
0
1682192147.19854
msg_begin
7.75711e+06
-364070
2.99612
0.00221078
0.0022077
0.000413609
0
0
0
1682192147.24853
msg_begin
7.75711e+06
-364070
2.99664
0.023858
0.0107436
0.000373884
0
0
0
1682192147.29850
msg_begin
7.75711e+06
-364070
2.9956
0.0206919
0.00844306
0.000571808
0
0
0
1682192147.34853
msg_begin
7.75711e+06
-364070
2.99448
0.0141029
0.00792938
0.00201562
0
0
0
1682192147.39852
msg_begin
7.75711e+06
-364070
2.99506
0.00137188
0.00063045
0.00010499
0
0
0
1682192147.44833
msg_begin
7.75711e+06
-364070
2.99692
0.00591871
0.00446389
0.000963752
0
0
0
1682192147.49833
msg_begin
7.7571e+06
-364070
2.99653
0.00123158
0.00270517
0.00032299
0
0
0
1682192147.54819
msg_begin
7.7571e+06
-364069
2.99565
0.037174
0.00758676
0.00177105
0
0
0
1682192147.59817
msg_begin
7.7571e+06
-364069
2.99522
0.0100765
0.000155905
3.34909e-07
0
0
0
1682192147.64820
msg_begin
7.7571e+06
-364069
2.99366
0.00829594
0.00512627
0.000486049
0
0
0
1682192147.69814
msg_begin
7.7571e+06
-364069
2.99404
0.00277617
0.000619165
0.00011209
0
0
0
1682192147.74877
msg_begin
7.7571e+06
-364069
2.99407
0.023628
0.0016632
0.000157844
0
0
0
1682192147.79818
msg_begin
7.7571e+06
-364069
2.99378
0.0179293
0.00715169
0.000581245
0
0
0
1682192147.84810
msg_begin
7.7571e+06
-364069
2.99254
0.00769011
0.00239351
0.000715883
0
0
0
1682192147.89815
msg_begin
7.7571e+06
-364069
2.99565
0.0109474
0.00112751
8.64575e-05
0
0
0
1682192147.94863
msg_begin
7.7571e+06
-364069
2.9998
0.00168352
8.65386e-05
0.00011569
0
0
0
1682192148.09832
msg_begin
7.7571e+06
-364069
2.9992
0.0115981
0.000981077
8.79039e-05
0
0
0
1682192148.14834
msg_begin
7.7571e+06
-364069
2.99824
0.0160652
0.00225321
0.000271865
0
0
0
1682192148.19836
msg_begin
7.7571e+06
-364069
2.99758
6.95537e-05
7.90714e-05
0.000123085
0
0
0
1682192148.24831
msg_begin
7.7571e+06
-364069
2.99711
0.0182998
0.000482872
0.000900527
0
0
0
1682192148.29830
msg_begin
7.7571e+06
-364069
3.00032
0.00364768
0.00304977
0.000365596
0
0
0
1682192148.34829
msg_begin
7.7571e+06
-364069
3.00192
0.00485551
0.00284544
0.000694616
0
0
0
1682192148.39823
msg_begin
7.7571e+06
-364069
3.00117
0.00705083
0.00234481
0.000148719
0
0
0
1682192148.44813
msg_begin
7.7571e+06
-364068
2.9987
0.00177317
0.00243243
0.00114243
0
0
0
1682192148.49809
msg_begin
7.7571e+06
-364068
3.00176
0.0160939
0.00539164
0.00108857
0
0
0
1682192148.54824
msg_begin
7.7571e+06
-364068
3.00378
0.000971665
0.00217097
0.000181155
0
0
0
1682192148.59797
msg_begin
7.7571e+06
-364068
3.00855
0.00931615
0.00557016
0.00103912
0
0
0
1682192148.64783
msg_begin
7.7571e+06
-364068
3.00758
0.0173956
0.00636758
0.00025134
0
0
0
1682192148.69826
msg_begin
7.75709e+06
-364068
3.00716
0.00414483
0.0025514
0.000263001
0
0
0
1682192148.74774
msg_begin
7.75709e+06
-364068
3.01415
0.00640394
0.00567496
0.000728974
0
0
0
1682192148.79765
msg_begin
7.75709e+06
-364068
3.01633
0.000475363
0.000173052
4.30244e-05
0
0
0
1682192148.84766
msg_begin
7.75709e+06
-364068
3.01729
0.00094612
0.000185932
9.78088e-05
0
0
0
1682192148.89758
msg_begin
7.75709e+06
-364068
3.01851
0.00154853
0.0003953
0.000100364
0
0
0
1682192148.94757
msg_begin
7.75709e+06
-364068
3.02061
0.00113539
0.000460948
8.86017e-05
0
0
0
1682192148.99753
msg_begin
7.75709e+06
-364068
3.02228
0.0200838
0.0043128
0.00094231
0
0
0
1682192149.04757
msg_begin
7.75709e+06
-364068
3.02535
0.00275383
0.00205104
0.000601851
0
0
0
1682192149.09755
msg_begin
7.75709e+06
-364068
3.02925
6.14673e-08
0
8.88178e-16
0
0
0
1682192149.14759
msg_begin
7.75709e+06
-364068
3.03164
0.0136335
0.0155319
0.00065008
0
0
0
1682192149.19764
msg_begin
7.75709e+06
-364068
3.03332
0.0173135
0.0058192
0.000763506
0
0
0
1682192149.24764
msg_begin
7.75709e+06
-364068
3.03463
0.0576818
0.0242032
0.00146198
0
0
0
1682192149.29777
msg_begin
7.75709e+06
-364068
3.03826
0.0129375
0.0121473
0.00172256
0
0
0
1682192149.34900
msg_begin
7.75709e+06
-364068
3.0384
0.027518
0.00433256
0.000621132
0
0
0
1682192149.39785
msg_begin
7.75709e+06
-364068
3.04006
0.0661884
0.00836686
0.000546759
0
0
0
1682192149.44828
msg_begin
7.75709e+06
-364068
3.04447
0.0140826
0.009576
0.00114153
0
0
0
1682192149.49793
msg_begin
7.75709e+06
-364067
3.04682
0.00869806
0.00953359
0.00152352
0
0
0
1682192149.54798
msg_begin
7.75709e+06
-364067
3.05101
1.49012e-08
1.74623e-10
4.44089e-16
0
0
0
1682192149.59804
msg_begin
7.75709e+06
-364067
3.05381
0.0111652
0.00312569
0.000856837
0
0
0
1682192149.64813
msg_begin
7.75709e+06
-364067
3.05466
0.0209861
0.00212958
0.000394733
0
0
0
1682192149.69848
msg_begin
7.75709e+06
-364067
3.06056
0.0143753
0.00248644
0.000484983
0
0
0
1682192149.74852
msg_begin
7.75709e+06
-364067
3.06242
0.00609813
0.000419639
1.75298e-05
0
0
0
1682192149.79816
msg_begin
7.75709e+06
-364067
3.06333
0.0157832
0.00488072
0.00134728
0
0
0
1682192149.84810
msg_begin
7.75709e+06
-364067
3.06233
0.00615901
0.00235123
0.000319061
0
0
0
1682192149.89814
msg_begin
7.75708e+06
-364067
3.06332
0.00116364
0.000538302
5.542e-05
0
0
0
1682192149.94810
msg_begin
7.75708e+06
-364067
3.06527
0.0202171
0.00577854
0.000600878
0
0
0
1682192149.99812
msg_begin
7.75708e+06
-364067
3.0716
0.0165079
0.005404
0.00158451
0
0
0
1682192150.04807
msg_begin
7.75708e+06
-364067
3.07472
0.00770328
0.00277754
0.000184182
0
0
0
1682192150.09806
msg_begin
7.75708e+06
-364067
3.07769
0.0169992
0.0104702
0.000949178
0
0
0
1682192150.14819
msg_begin
7.75708e+06
-364067
3.07987
0.00871431
0.00331294
0.000318068
0
0
0
1682192150.19812
msg_begin
7.75708e+06
-364067
3.08244
0.0324894
0.00501679
0.0022594
0
0
0
1682192150.24812
msg_begin
7.75708e+06
-364067
3.0841
0.00307663
0.00685935
0.0011421
0
0
0
1682192150.29814
msg_begin
7.75708e+06
-364067
3.08579
0.0215776
0.00607695
0.000577443
0
0
0
1682192150.34822
msg_begin
7.75708e+06
-364067
3.08997
0.00211572
0.000909222
0.00010968
0
0
0
1682192150.39821
msg_begin
7.75708e+06
-364067
3.09338
0.0151789
0.00412808
0.000387731
0
0
0
1682192150.44828
msg_begin
7.75708e+06
-364067
3.09418
0.0101349
0.00110814
0.00107854
0
0
0
1682192150.49834
msg_begin
7.75708e+06
-364067
3.09678
0.00213979
0.000909205
0.000165052
0
0
0
1682192150.54830
msg_begin
7.75708e+06
-364067
3.09727
0.0229887
0.00122984
7.71949e-05
0
0
0
1682192150.59838
msg_begin
7.75708e+06
-364067
3.10236
0.0242889
0.00382356
0.00109248
0
0
0
1682192150.64837
msg_begin
7.75708e+06
-364067
3.10352
0.0102218
0.00761494
0.000746639
0
0
0
1682192150.69938
msg_begin
7.75708e+06
-364067
3.10501
0.00280621
0.00197493
0.000247927
0
0
0
1682192150.74837
msg_begin
7.75708e+06
-364067
3.10655
0.0377004
0.00680998
0.000436014
0
0
0
1682192150.79833
msg_begin
7.75708e+06
-364067
3.10681
0.000714557
0.0011887
4.80339e-05
0
0
0
1682192150.84830
msg_begin
7.75708e+06
-364067
3.10723
0.00370491
0.00115184
0.000146638
0
0
0
1682192150.89823
msg_begin
7.75708e+06
-364067
3.10726
0.00977291
0.00376753
0.000225684
0
0
0
1682192150.94818
msg_begin
7.75708e+06
-364067
3.10978
0.00621301
0.00555979
0.000368876
0
0
0
1682192150.99813
msg_begin
7.75708e+06
-364067
3.11001
0.00266673
0.00636589
0.000607172
0
0
0
1682192151.04809
msg_begin
7.75708e+06
-364067
3.11303
0.00906066
0.00247509
0.000857916
0
0
0
1682192151.09806
msg_begin
7.75707e+06
-364067
3.11335
0.0283267
0.00243177
0.000413627
0
0
0
1682192151.14801
msg_begin
7.75707e+06
-364067
3.11487
0.015734
0.00208352
0.000168944
0
0
0
1682192151.19795
msg_begin
7.75707e+06
-364067
3.11463
0.0201918
0.00893032
0.00134683
0
0
0
1682192151.24796
msg_begin
7.75707e+06
-364067
3.11343
0.00841043
0.00443827
0.000485245
0
0
0
1682192151.29808
msg_begin
7.75707e+06
-364067
3.11575
0.00609056
0.00319435
0.000237291
0
0
0
1682192151.34803
msg_begin
7.75707e+06
-364067
3.11534
0.00757338
0.000702413
0.000276208
0
0
0
1682192151.39811
msg_begin
7.75707e+06
-364067
3.11645
0.0248964
0.00449653
0.000687369
0
0
0
1682192151.44818
msg_begin
7.75707e+06
-364067
3.11569
0.00515696
0.00912821
0.000406408
0
0
0
1682192151.49824
msg_begin
7.75707e+06
-364067
3.11562
0.0135338
0.0071908
0.000404384
0
0
0
1682192151.54827
msg_begin
7.75707e+06
-364067
3.11397
0.00233518
0.00370264
0.000250522
0
0
0
1682192151.59843
msg_begin
7.75707e+06
-364067
3.11607
0.0010132
0.000103343
5.06832e-05
0
0
0
1682192151.64841
msg_begin
7.75707e+06
-364067
3.11655
0.015278
0.0046226
0.00116484
0
0
0
1682192151.69936
msg_begin
7.75707e+06
-364067
3.11727
0.0163237
0.0072887
0.000478628
0
0
0
1682192151.74859
msg_begin
7.75707e+06
-364067
3.11682
0.0064641
0.00429208
0.000464712
0
0
0
1682192151.79878
msg_begin
7.75707e+06
-364067
3.11556
0.00481361
0.00736851
0.000404025
0
0
0
1682192151.84883
msg_begin
7.75707e+06
-364067
3.11585
0.0111324
0.000936466
0.000147789
0
0
0
1682192151.89891
msg_begin
7.75707e+06
-364067
3.11209
0.0140539
0.00221384
0.00024543
0
0
0
1682192151.94888
msg_begin
7.75707e+06
-364067
3.11025
0.0373684
0.00458393
0.00104327
0
0
0
1682192151.99902
msg_begin
7.75707e+06
-364067
3.10939
0.0271509
0.00359123
0.000257282
0
0
0
1682192152.04894
msg_begin
7.75707e+06
-364067
3.10419
0.0104832
0.00522031
0.00121388
0
0
0
1682192152.09897
msg_begin
7.75707e+06
-364067
3.1032
0.00582672
0.00294833
0.000221439
0
0
0
1682192152.14896
msg_begin
7.75707e+06
-364067
3.1036
0.0242516
0.00413659
0.000250542
0
0
0
1682192152.19898
msg_begin
7.75707e+06
-364067
3.10185
0.0299151
0.0047802
0.000845669
0
0
0
1682192152.24895
msg_begin
7.75707e+06
-364067
3.09681
0.00782679
0.00484406
0.00102433
0
0
0
1682192152.29891
msg_begin
7.75706e+06
-364067
3.09517
0.0175574
0.00299615
0.000275627
0
0
0
1682192152.34886
msg_begin
7.75706e+06
-364067
3.09423
5.7742e-08
1.45519e-09
0
0
0
0
1682192152.39885
msg_begin
7.75706e+06
-364067
3.09347
0.0142096
0.00557988
0.000930148
0
0
0
1682192152.44881
msg_begin
7.75706e+06
-364067
3.09298
0.00488164
0.00253958
0.000374021
0
0
0
1682192152.49881
msg_begin
7.75706e+06
-364067
3.08727
6.98492e-08
2.91038e-09
0
0
0
0
1682192152.54876
msg_begin
7.75706e+06
-364067
3.08503
0.00746844
0.00280895
0.000252853
0
0
0
1682192152.59866
msg_begin
7.75706e+06
-364067
3.08525
0.0184108
0.00516135
0.000656657
0
0
0
1682192152.64864
msg_begin
7.75706e+06
-364067
3.08253
0.00716897
0.00462445
0.000538105
0
0
0
1682192152.69933
msg_begin
7.75706e+06
-364067
3.0825
0.00817642
0.00755827
0.000609386
0
0
0
1682192152.74845
msg_begin
7.75706e+06
-364067
3.07735
0.0239001
0.00801348
0.00204867
0
0
0
1682192152.79844
msg_begin
7.75706e+06
-364067
3.07579
0.0236303
0.00352758
0.000607814
0
0
0
1682192152.84843
msg_begin
7.75706e+06
-364067
3.07456
0.00793563
0.00612083
0.000439301
0
0
0
1682192152.89839
msg_begin
7.75706e+06
-364067
3.07369
0.00850114
0.00376367
0.000258711
0
0
0
1682192152.94843
msg_begin
7.75706e+06
-364067
3.07249
0.0170915
0.00383344
0.00145242
0
0
0
1682192152.99834
msg_begin
7.75706e+06
-364067
3.07156
0.0156903
0.00571527
0.00175116
0
0
0
1682192153.04838
msg_begin
7.75706e+06
-364066
3.06607
0.00537197
0.00719842
0.000474859
0
0
0
1682192153.09841
msg_begin
7.75706e+06
-364066
3.06441
0.00644422
0.00196118
0.000351273
0
0
0
1682192153.14905
msg_begin
7.75706e+06
-364066
3.0639
0.00737347
0.00429554
0.000680754
0
0
0
1682192153.19843
msg_begin
7.75706e+06
-364066
3.06358
0.0220766
0.00523204
0.000515379
0
0
0
1682192153.24846
msg_begin
7.75706e+06
-364066
3.05793
0.0017241
0.000521882
5.80355e-05
0
0
0
1682192153.29843
msg_begin
7.75706e+06
-364066
3.05715
0.0142672
0.00414552
0.000635244
0
0
0
1682192153.34861
msg_begin
7.75706e+06
-364066
3.05735
0.00812072
0.00339282
0.000383742
0
0
0
1682192153.39839
msg_begin
7.75706e+06
-364066
3.05434
0.00848276
0.0117629
0.000453953
0
0
0
1682192153.44831
msg_begin
7.75706e+06
-364066
3.05131
0.020475
0.00394747
0.00076461
0
0
0
1682192153.49830
msg_begin
7.75706e+06
-364066
3.04918
0.0145511
0.0026942
0.00039542
0
0
0
1682192153.54855
msg_begin
7.75706e+06
-364066
3.04747
0.00221018
0.000497703
0.000102166
0
0
0
1682192153.59831
msg_begin
7.75705e+06
-364066
3.04533
0.001782
0.00351993
5.92169e-05
0
0
0
1682192153.64830
msg_begin
7.75705e+06
-364066
3.04225
0.00865381
0.00438834
0.000287037
0
0
0
1682192153.69853
msg_begin
7.75705e+06
-364066
3.04249
0.0330403
0.00890423
0.000465905
0
0
0
1682192153.74836
msg_begin
7.75705e+06
-364066
3.04141
0.000791157
0.00134909
5.08869e-05
0
0
0
1682192153.79838
msg_begin
7.75705e+06
-364066
3.03975
0.0277857
0.00862586
0.000864907
0
0
0
1682192153.84841
msg_begin
7.75705e+06
-364066
3.03734
0.000265851
0.000973911
1.36576e-05
0
0
0
1682192153.89852
msg_begin
7.75705e+06
-364066
3.03595
0.00732066
0.00428797
0.000283371
0
0
0
1682192153.94842
msg_begin
7.75705e+06
-364066
3.03509
0.00729691
0.00505445
0.000590762
0
0
0
1682192153.99847
msg_begin
7.75705e+06
-364066
3.03579
0.00483979
0.00120925
8.77219e-05
0
0
0
1682192154.04847
msg_begin
7.75705e+06
-364066
3.03068
0.0105072
0.00226218
0.000180356
0
0
0
1682192154.09845
msg_begin
7.75705e+06
-364066
3.02973
0.00522654
0.00480805
0.000210178
0
0
0
1682192154.14868
msg_begin
7.75705e+06
-364066
3.02911
0.0360309
0.0046688
0.000510077
0
0
0
1682192154.19851
msg_begin
7.75705e+06
-364066
3.02709
0.0190415
0.0111862
0.000692002
0
0
0
1682192154.24846
msg_begin
7.75705e+06
-364066
3.02636
0.0196623
0.00695479
0.000773944
0
0
0
1682192154.29847
msg_begin
7.75705e+06
-364066
3.02574
0.0222725
0.00613488
0.00115665
0
0
0
1682192154.34836
msg_begin
7.75705e+06
-364066
3.02343
0.0136208
0.00198203
0.000203491
0
0
0
1682192154.39828
msg_begin
7.75705e+06
-364066
3.02141
0.00428645
0.00187643
0.000140479
0
0
0
1682192154.44830
msg_begin
7.75705e+06
-364066
3.02034
0.00846562
0.00174651
0.000325468
0
0
0
1682192154.49826
msg_begin
7.75705e+06
-364066
3.01857
0.0191349
0.00354826
0.000699055
0
0
0
1682192154.54829
msg_begin
7.75705e+06
-364066
3.01678
0.0256271
0.00435547
0.000506922
0
0
0
1682192154.59825
msg_begin
7.75705e+06
-364065
3.02018
0.00591107
0.00242165
0.00107046
0
0
0
1682192154.64834
msg_begin
7.75705e+06
-364065
3.02028
0.00892569
0.00641017
0.000627688
0
0
0
1682192154.69889
msg_begin
7.75705e+06
-364065
3.02075
0.00377263
0.00477313
0.000143617
0
0
0
1682192154.74856
msg_begin
7.75705e+06
-364065
3.01701
0.013439
0.0031768
0.000549762
0
0
0
1682192154.79852
msg_begin
7.75705e+06
-364065
3.01638
0.0154085
0.00288299
8.43525e-05
0
0
0
1682192154.84841
msg_begin
7.75705e+06
-364065
3.01617
0.0428405
0.00678512
0.000362871
0
0
0
1682192154.89843
msg_begin
7.75704e+06
-364065
3.01646
0.0219752
0.00024735
7.47501e-05
0
0
0
1682192154.94903
msg_begin
7.75704e+06
-364065
3.01464
0.0151576
0.00637952
0.00197914
0
0
0
1682192154.99842
msg_begin
7.75704e+06
-364065
3.01434
0.00413786
0.00336283
0.000334864
0
0
0
1682192155.04842
msg_begin
7.75704e+06
-364065
3.01484
0.0194867
0.00888245
0.000608243
0
0
0
1682192155.09842
msg_begin
7.75704e+06
-364065
3.01089
2.32831e-08
4.65661e-10
0
0
0
0
1682192155.14841
msg_begin
7.75704e+06
-364065
3.01067
0.0020264
0.00162275
0.000159087
0
0
0
1682192155.19830
msg_begin
7.75704e+06
-364065
3.00876
0.00389327
0.000959786
0.000235917
0
0
0
1682192155.24832
msg_begin
7.75704e+06
-364065
3.00774
0.00310546
0.000930345
7.38544e-05
0
0
0
1682192155.29824
msg_begin
7.75704e+06
-364065
3.00535
0.0104617
0.00333742
0.000577182
0
0
0
1682192155.34967
msg_begin
7.75704e+06
-364065
3.00497
0.00400037
0.000900485
0.000539515
0
0
0
1682192155.39821
msg_begin
7.75704e+06
-364065
3.00634
0.00552115
0.00464645
6.32785e-05
0
0
0
1682192155.44826
msg_begin
7.75704e+06
-364065
3.00501
0.00539393
0.00454726
0.000501964
0
0
0
1682192155.49824
msg_begin
7.75704e+06
-364065
3.00575
0.0024696
0.000722272
5.67852e-05
0
0
0
1682192155.54839
msg_begin
7.75704e+06
-364065
3.00614
0.00420888
0.00230353
6.85992e-05
0
0
0
1682192155.59834
msg_begin
7.75704e+06
-364065
3.00384
0.0177587
0.00542782
0.000878848
0
0
0
1682192155.64828
msg_begin
7.75704e+06
-364065
3.00028
0.0114525
0.00731573
0.00169592
0
0
0
1682192155.69882
msg_begin
7.75704e+06
-364064
3.00263
0.00309675
0.000363541
0.000341143
0
0
0
1682192155.74902
msg_begin
7.75704e+06
-364064
3.00096
0.0321608
0.0109618
0.000844905
0
0
0
1682192155.79826
msg_begin
7.75704e+06
-364064
3.00371
1.95578e-08
2.03727e-09
0
0
0
0
1682192155.84819
msg_begin
7.75704e+06
-364064
3.00038
0.00421254
0.00531626
0.000138751
0
0
0
1682192155.89817
msg_begin
7.75704e+06
-364064
2.99914
0.00311173
0.00477922
0.000782007
0
0
0
1682192155.94806
msg_begin
7.75704e+06
-364064
3.00067
0.00391597
0.00102611
3.53433e-05
0
0
0
1682192155.99797
msg_begin
7.75704e+06
-364064
2.9992
0.0063625
0.00216279
0.000294635
0
0
0
1682192156.04794
msg_begin
7.75704e+06
-364064
2.99751
0.0129222
0.00743843
0.00088389
0
0
0
1682192156.09788
msg_begin
7.75704e+06
-364064
2.99978
0.0161063
0.00398436
0.000277902
0
0
0
1682192156.14879
msg_begin
7.75704e+06
-364064
2.99846
0.00737387
0.0021763
0.000847795
0
0
0
1682192156.19785
msg_begin
7.75703e+06
-364064
2.99681
0.0161352
0.0128366
0.000839014
0
0
0
1682192156.24783
msg_begin
7.75703e+06
-364064
2.99355
0.0166765
0.00404541
0.00116968
0
0
0
1682192156.29783
msg_begin
7.75703e+06
-364064
2.99389
0.00629815
0.000354392
8.46119e-05
0
0
0
1682192156.34790
msg_begin
7.75703e+06
-364064
2.99533
0.0304166
0.0107626
0.0020244
0
0
0
1682192156.39784
msg_begin
7.75703e+06
-364064
2.9922
0.00602031
0.000502862
4.56221e-05
0
0
0
1682192156.44791
msg_begin
7.75703e+06
-364064
2.9926
0.00488046
0.00191538
0.000228958
0
0
0
1682192156.49793
msg_begin
7.75703e+06
-364064
2.99283
0.00391089
0.00258541
0.000192056
0
0
0
1682192156.54787
msg_begin
7.75703e+06
-364064
2.99348
0.00539643
0.00194218
0.00028706
0
0
0
1682192156.59786
msg_begin
7.75703e+06
-364064
2.99509
0.0210229
0.00348689
0.000638605
0
0
0
1682192156.64778
msg_begin
7.75703e+06
-364064
2.99412
0.00447433
0.00117935
0.000181022
0
0
0
1682192156.69775
msg_begin
7.75703e+06
-364063
2.99344
0.00419058
0.00740306
0.000533538
0
0
0
1682192156.74878
msg_begin
7.75703e+06
-364063
2.9957
0.0222098
0.00879738
0.000531898
0
0
0
1682192156.79775
msg_begin
7.75703e+06
-364063
2.99491
8.3819e-09
2.56114e-09
0
0
0
0
1682192156.84770
msg_begin
7.75703e+06
-364063
2.99554
0.00105395
0.00260029
6.45808e-05
0
0
0
1682192156.89772
msg_begin
7.75703e+06
-364063
2.99591
0.00112881
0.000611439
7.09936e-05
0
0
0
1682192156.94768
msg_begin
7.75703e+06
-364063
2.99543
0.0227447
0.00752144
0.000459413
0
0
0
1682192156.99770
msg_begin
7.75703e+06
-364063
2.9982
0.00093564
0.000173518
3.39484e-05
0
0
0
1682192157.04770
msg_begin
7.75703e+06
-364063
3.00006
1.11759e-08
2.56114e-09
1.77636e-15
0
0
0
1682192157.09778
msg_begin
7.75703e+06
-364063
2.99832
0.000299654
0.000155331
1.36337e-05
0
0
0
1682192157.14777
msg_begin
7.75703e+06
-364063
2.99893
0.0033349
0.00425321
0.000667886
0
0
0
1682192157.19783
msg_begin
7.75703e+06
-364063
2.99553
0.0207593
0.00152671
0.000851639
0
0
0
1682192157.24789
msg_begin
7.75703e+06
-364063
2.99764
0.0254526
0.00266995
0.000552749
0
0
0
1682192157.29797
msg_begin
7.75703e+06
-364063
2.99812
0.00705846
0.0135241
0.000182502
0
0
0
1682192157.34796
msg_begin
7.75703e+06
-364063
2.9979
0.00265171
0.00236595
6.00197e-05
0
0
0
1682192157.39806
msg_begin
7.75703e+06
-364063
2.99793
0.00203658
0.0025556
0.000225378
0
0
0
1682192157.44812
msg_begin
7.75703e+06
-364063
2.9974
0.0107675
0.00176607
0.000612903
0
0
0
1682192157.49818
msg_begin
7.75703e+06
-364063
2.9968
0.00791458
0.00199188
0.000492724
0
0
0
1682192157.54821
msg_begin
7.75702e+06
-364063
2.9963
0.00140409
0.00305047
0.000350943
0
0
0
1682192157.59836
msg_begin
7.75702e+06
-364063
2.99861
0.00523394
0.00120232
0.000207586
0
0
0
1682192157.64834
msg_begin
7.75702e+06
-364063
2.99675
0.00511965
0.00135043
0.000561069
0
0
0
1682192157.69875
msg_begin
7.75702e+06
-364063
3.00005
0.00913509
0.00395202
0.000515709
0
0
0
1682192157.74933
msg_begin
7.75702e+06
-364062
3.0003
0.0011875
0.000760969
0.000129047
0
0
0
1682192157.79838
msg_begin
7.75702e+06
-364062
2.9986
0.010918
0.00146571
0.000101256
0
0
0
1682192157.84832
msg_begin
7.75702e+06
-364062
3.00071
0.00991653
0.00439049
0.00043898
0
0
0
1682192157.89834
msg_begin
7.75702e+06
-364062
2.99824
0.00595514
0.00181964
0.000469467
0
0
0
1682192157.94828
msg_begin
7.75702e+06
-364062
3.00102
0.00482043
0.00724519
0.000759931
0
0
0
1682192157.99822
msg_begin
7.75702e+06
-364062
3.00072
0.00327028
0.00830376
0.000421304
0
0
0
1682192158.04819
msg_begin
7.75702e+06
-364062
2.9994
0.0128746
0.00529278
0.000160838
0
0
0
1682192158.09820
msg_begin
7.75702e+06
-364062
3.00086
0.00852178
0.00510288
0.000251496
0
0
0
1682192158.14813
msg_begin
7.75702e+06
-364062
3.00178
0.0162869
0.0024639
0.000372765
0
0
0
1682192158.19810
msg_begin
7.75702e+06
-364062
3.00052
0.015813
0.00826631
0.000676264
0
0
0
1682192158.24816
msg_begin
7.75702e+06
-364062
2.99872
0.00447716
0.00473528
0.000800706
0
0
0
1682192158.29815
msg_begin
7.75702e+06
-364062
2.99882
0.00627441
0.0022942
0.000523055
0
0
0
1682192158.34816
msg_begin
7.75702e+06
-364062
2.99801
0.00804033
0.00500098
0.000601606
0
0
0
1682192158.39823
msg_begin
7.75702e+06
-364062
2.99645
0.00184358
1.75154e-05
9.9476e-05
0
0
0
1682192158.44830
msg_begin
7.75702e+06
-364062
2.99485
0.00933459
0.00420667
0.000684954
0
0
0
1682192158.49831
msg_begin
7.75702e+06
-364062
2.99828
0.000554337
0.000230516
4.73206e-05
0
0
0
1682192158.54836
msg_begin
7.75702e+06
-364062
2.99714
0.00671335
0.00514548
0.000589147
0
0
0
1682192158.59837
msg_begin
7.75702e+06
-364062
2.99679
0.0181037
0.00660923
0.000472759
0
0
0
1682192158.64834
msg_begin
7.75702e+06
-364062
2.9984
0.00326766
0.00702749
3.99208e-05
0
0
0
1682192158.69865
msg_begin
7.75702e+06
-364062
2.99971
0.0084191
0.0020885
0.000418666
0
0
0
1682192158.74837
msg_begin
7.75702e+06
-364062
2.99785
0.0086779
0.00989625
0.00185977
0
0
0
1682192158.79835
msg_begin
7.75702e+06
-364061
2.99791
0.00254842
0.00764609
0.00028172
0
0
0
1682192158.84834
msg_begin
7.75702e+06
-364061
2.99837
1.30385e-08
6.40284e-10
0
0
0
0
1682192158.89831
msg_begin
7.75701e+06
-364061
2.99562
0.0100779
0.00407932
0.000377437
0
0
0
1682192158.94907
msg_begin
7.75701e+06
-364061
2.99609
0.0012909
0.000342182
7.22136e-05
0
0
0
1682192158.99822
msg_begin
7.75701e+06
-364061
2.99445
0.0100297
0.00256975
0.00112516
0
0
0
1682192159.04814
msg_begin
7.75701e+06
-364061
2.99278
0.0104858
0.0121301
0.000625183
0
0
0
1682192159.09816
msg_begin
7.75701e+06
-364061
2.99326
0.00352033
0.00128632
0.000417896
0
0
0
1682192159.14809
msg_begin
7.75701e+06
-364061
2.9959
0.0219567
0.00459867
0.000727909
0
0
0
1682192159.19800
msg_begin
7.75701e+06
-364061
2.99388
0.0188388
0.00883407
0.000660221
0
0
0
1682192159.24799
msg_begin
7.75701e+06
-364061
2.99327
0.0171876
0.00600589
0.000766283
0
0
0
1682192159.29800
msg_begin
7.75701e+06
-364061
2.99248
0.00498349
0.00647904
0.000563124
0
0
0
1682192159.34795
msg_begin
7.75701e+06
-364061
2.98922
0.0138578
0.00539228
0.00101276
0
0
0
1682192159.39795
msg_begin
7.75701e+06
-364061
2.99392
0.0215943
0.00214021
0.000454894
0
0
0
1682192159.44799
msg_begin
7.75701e+06
-364061
2.99442
0.00850081
0.00625385
0.000523888
0
0
0
1682192159.49799
msg_begin
7.75701e+06
-364061
2.991
0.0194216
0.00620237
0.000749339
0
0
0
1682192159.54807
msg_begin
7.75701e+06
-364061
2.99067
0.00864719
0.00538856
0.000492608
0
0
0
1682192159.59806
msg_begin
7.75701e+06
-364061
2.99232
0.00265437
0.00198046
0.000436083
0
0
0
1682192159.64811
msg_begin
7.75701e+06
-364061
2.99215
0.00617777
0.00196378
0.000332908
0
0
0
1682192159.69855
msg_begin
7.75701e+06
-364061
2.9914
0.00129792
0.000338796
9.67037e-05
0
0
0
1682192159.74822
msg_begin
7.75701e+06
-364061
2.98792
0.00101572
0.000183642
0.000107098
0
0
0
1682192159.79832
msg_begin
7.75701e+06
-364061
2.99288
0.00217374
0.00113771
0.000350914
0
0
0
1682192159.84836
msg_begin
7.75701e+06
-364060
2.99186
0.00202054
0.00127117
0.000217062
0
0
0
1682192159.89834
msg_begin
7.75701e+06
-364060
2.99156
0.00683321
0.00174313
0.000251711
0
0
0
1682192159.94836
msg_begin
7.75701e+06
-364060
2.98911
0.0051961
0.00417268
0.000371782
0
0
0
1682192159.99835
msg_begin
7.75701e+06
-364060
2.98909
0.00862247
0.00571049
0.000239532
0
0
0
1682192160.04838
msg_begin
7.75701e+06
-364060
2.99104
0.017131
0.00393523
0.000139139
0
0
0
1682192160.09833
msg_begin
7.75701e+06
-364060
2.99105
0.00931315
0.00492628
0.00154486
0
0
0
1682192160.14831
msg_begin
7.75701e+06
-364060
2.99008
0.00206533
0.000674199
6.66685e-05
0
0
0
1682192160.19826
msg_begin
7.75701e+06
-364060
2.99131
0.0154567
0.00245439
0.000598654
0
0
0
1682192160.24819
msg_begin
7.757e+06
-364060
2.99502
0.00329308
0.0025822
0.000188326
0
0
0
1682192160.29817
msg_begin
7.757e+06
-364060
2.99188
3.72529e-09
5.82077e-11
1.33227e-15
0
0
0
1682192160.34815
msg_begin
7.757e+06
-364060
2.99136
0.00949785
0.00202899
0.000892655
0
0
0
1682192160.39815
msg_begin
7.757e+06
-364060
2.9918
0.000981248
0.000551012
7.60576e-05
0
0
0
1682192160.44817
msg_begin
7.757e+06
-364060
2.99195
0.000846441
0.000369685
5.44063e-05
0
0
0
1682192160.49829
msg_begin
7.757e+06
-364060
2.99373
0.00237147
0.00113673
0.000488412
0
0
0
1682192160.54818
msg_begin
7.757e+06
-364060
2.99534
3.07336e-08
1.33878e-09
4.44089e-16
0
0
0
1682192160.59823
msg_begin
7.757e+06
-364060
2.99222
0.0292703
0.0102055
0.00111189
0
0
0
1682192160.64830
msg_begin
7.757e+06
-364060
2.99121
0.00141584
0.000995833
9.95373e-05
0
0
0
1682192160.69829
msg_begin
7.757e+06
-364060
2.99115
0.00155405
0.00158657
0.000960196
0
0
0
1682192160.74886
msg_begin
7.757e+06
-364060
2.98863
0.00180757
0.000656731
0.000337989
0
0
0
1682192160.79840
msg_begin
7.757e+06
-364060
2.98905
0.00937937
0.00800917
0.000970394
0
0
0
1682192160.84845
msg_begin
7.757e+06
-364059
2.99133
0.0236578
0.0118688
0.000649919
0
0
0
1682192160.89972
msg_begin
7.757e+06
-364059
2.99126
0.0305015
0.00856127
0.00183936
0
0
0
1682192160.94870
msg_begin
7.757e+06
-364059
2.99409
0.0132594
0.00686803
0.000535869
0
0
0
1682192160.99851
msg_begin
7.757e+06
-364059
2.99398
0.000502632
0.000326677
2.42696e-05
0
0
0
1682192161.04849
msg_begin
7.757e+06
-364059
2.99304
0.00195923
0.000859502
0.000173895
0
0
0
1682192161.09857
msg_begin
7.757e+06
-364059
2.99215
0.00689943
0.00693479
0.00138291
0
0
0
1682192161.14889
msg_begin
7.757e+06
-364059
2.99564
0.0335383
0.00562046
0.000648628
0
0
0
1682192161.19867
msg_begin
7.757e+06
-364059
2.99437
0.00623785
0.00262123
0.000428904
0
0
0
1682192161.24867
msg_begin
7.757e+06
-364059
2.9964
0.00585901
0.00131321
0.000511655
0
0
0
1682192161.29868
msg_begin
7.757e+06
-364059
2.9986
0.000116428
0.00130684
8.75615e-05
0
0
0
1682192161.34936
msg_begin
7.757e+06
-364059
3.00059
5.11451e-05
0.000124801
3.17625e-05
0
0
0
1682192161.39871
msg_begin
7.757e+06
-364059
2.99902
0.031044
0.00651877
0.000990445
0
0
0
1682192161.44872
msg_begin
7.757e+06
-364059
2.99899
0.0277602
0.00553746
0.000529107
0
0
0
1682192161.49875
msg_begin
7.757e+06
-364059
2.99616
0.00706271
0.000888954
0.000123691
0
0
0
1682192161.54878
msg_begin
7.757e+06
-364059
2.99525
0.0128138
0.00722112
0.000690494
0
0
0
1682192161.59861
msg_begin
7.757e+06
-364059
2.99653
0.00460106
0.000683063
0.000144935
0
0
0
1682192161.64862
msg_begin
7.75699e+06
-364059
2.99342
0.0110751
0.00508075
0.00132889
0
0
0
1682192161.69868
msg_begin
7.75699e+06
-364059
2.99434
0.0088934
0.00411174
0.00079121
0
0
0
1682192161.74853
msg_begin
7.75699e+06
-364059
2.99576
0.0227002
0.00408435
0.000779963
0
0
0
1682192161.79860
msg_begin
7.75699e+06
-364059
2.9962
0.013233
0.00257596
0.00101508
0
0
0
1682192161.84856
msg_begin
7.75699e+06
-364059
2.9921
0.00823064
0.0021753
0.000208064
0
0
0
1682192161.89856
msg_begin
7.75699e+06
-364058
2.9961
0.00727046
0.00320559
0.00122468
0
0
0
1682192161.94861
msg_begin
7.75699e+06
-364058
2.99856
0.00194622
0.00498916
0.000183885
0
0
0
1682192161.99870
msg_begin
7.75699e+06
-364058
2.99873
0.0105769
0.00497111
0.0014039
0
0
0
1682192162.04868
msg_begin
7.75699e+06
-364058
2.99944
0.00864202
0.00234855
0.00030372
0
0
0
1682192162.09874
msg_begin
7.75699e+06
-364058
3.00002
0.00783512
0.00903546
0.00100417
0
0
0
1682192162.14884
msg_begin
7.75699e+06
-364058
2.99881
0.0100458
0.00639264
0.00110744
0
0
0
1682192162.19875
msg_begin
7.75699e+06
-364058
2.99617
0.00462438
0.00615599
0.000444856
0
0
0
1682192162.24880
msg_begin
7.75699e+06
-364058
2.9988
0.040281
0.00960616
0.00153913
0
0
0
1682192162.29871
msg_begin
7.75699e+06
-364058
3.00049
0.00555269
0.00250878
0.000519285
0
0
0
1682192162.34885
msg_begin
7.75699e+06
-364058
3.00023
0.00516379
0.00451611
0.000460074
0
0
0
1682192162.39884
msg_begin
7.75699e+06
-364058
2.99658
0.00759662
0.00607354
0.000283256
0
0
0
1682192162.44866
msg_begin
7.75699e+06
-364058
2.99686
0.0164438
0.00618211
0.000640674
0
0
0
1682192162.49861
msg_begin
7.75699e+06
-364058
2.99649
0.00796633
0.0035633
0.000356732
0
0
0
1682192162.54852
msg_begin
7.75699e+06
-364058
2.99919
0.0104312
0.00790164
0.000847827
0
0
0
1682192162.60600
msg_begin
7.75699e+06
-364058
2.99592
0.00500274
0.0049888
0.00049749
0
0
0
1682192162.64845
msg_begin
7.75699e+06
-364058
2.9966
0.00139881
0.00183992
0.000415104
0
0
0
1682192162.69850
msg_begin
7.75699e+06
-364058
2.99829
1.30385e-08
3.08501e-09
8.88178e-16
0
0
0
1682192162.74859
msg_begin
7.75699e+06
-364058
2.99853
0.004354
0.0105598
0.000456976
0
0
0
1682192162.79848
msg_begin
7.75699e+06
-364058
2.99993
0.00768043
0.0156422
0.000318494
0
0
0
1682192162.84841
msg_begin
7.75699e+06
-364058
2.99775
0.02066
0.0128134
0.00117079
0
0
0
1682192162.89843
msg_begin
7.75699e+06
-364058
2.99766
0.0216134
0.00423328
0.00138477
0
0
0
1682192162.94886
msg_begin
7.75699e+06
-364057
2.99595
0.000380426
0.00149862
3.88169e-05
0
0
0
1682192162.99833
msg_begin
7.75698e+06
-364057
2.99892
6.51926e-09
2.96859e-09
1.33227e-15
0
0
0
1682192163.04831
msg_begin
7.75698e+06
-364057
2.99878
0.00749662
0.00511284
0.000465535
0
0
0
1682192163.09877
msg_begin
7.75698e+06
-364057
2.99713
0.0284441
0.00676598
0.000233588
0
0
0
1682192163.14922
msg_begin
7.75698e+06
-364057
2.99718
0.00852586
0.00600619
0.000416289
0
0
0
1682192163.19832
msg_begin
7.75698e+06
-364057
2.99932
0.00473144
0.00162827
0.00033595
0
0
0
1682192163.24832
msg_begin
7.75698e+06
-364057
2.99922
0.00187344
0.000658782
0.000176898
0
0
0
1682192163.29894
msg_begin
7.75698e+06
-364057
2.99824
0.00473455
0.0111842
0.00012198
0
0
0
1682192163.34874
msg_begin
7.75698e+06
-364057
3.00001
0.0121204
0.00329597
0.000407808
0
0
0
1682192163.39845
msg_begin
7.75698e+06
-364057
2.99848
7.45058e-09
3.49246e-10
8.88178e-16
0
0
0
1682192163.44846
msg_begin
7.75698e+06
-364057
2.99842
0.00931764
0.0014395
0.000185017
0
0
0
1682192163.49847
msg_begin
7.75698e+06
-364057
2.99533
9.03383e-08
2.32831e-10
0
0
0
0
1682192163.54898
msg_begin
7.75698e+06
-364057
2.99912
0.00207477
0.000291988
5.92735e-05
0
0
0
1682192163.59838
msg_begin
7.75698e+06
-364057
3.00047
8.6613e-08
3.0268e-09
4.44089e-16
0
0
0
1682192163.64834
msg_begin
7.75698e+06
-364057
2.99865
0.00444371
0.000139169
3.48614e-05
0
0
0
1682192163.69884
msg_begin
7.75698e+06
-364057
2.99694
0.0125291
0.00383878
0.00048904
0
0
0
1682192163.74822
msg_begin
7.75698e+06
-364057
2.99949
0.00858587
0.00418875
0.000219275
0
0
0
1682192163.79814
msg_begin
7.75698e+06
-364057
3.00031
0.0130837
0.00660129
0.0007827
0
0
0
1682192163.84808
msg_begin
7.75698e+06
-364057
3.00133
0.0188774
0.004173
0.000467165
0
0
0
1682192163.89800
msg_begin
7.75698e+06
-364057
2.99524
6.98492e-08
6.98492e-10
4.44089e-16
0
0
0
1682192163.94795
msg_begin
7.75698e+06
-364057
2.99315
7.72998e-08
3.55067e-09
8.88178e-16
0
0
0
1682192163.99793
msg_begin
7.75698e+06
-364056
2.99642
0.0271728
0.00323673
0.000309866
0
0
0
1682192164.04791
msg_begin
7.75698e+06
-364056
2.99689
0.0256735
0.00385153
0.000657079
0
0
0
1682192164.09793
msg_begin
7.75698e+06
-364056
2.9993
0.00135765
0.00098724
0.000107449
0
0
0
1682192164.14790
msg_begin
7.75698e+06
-364056
2.99768
0.0103245
0.0117128
0.000776767
0
0
0
1682192164.19788
msg_begin
7.75698e+06
-364056
2.99715
0.00975388
0.00530991
0.000294615
0
0
0
1682192164.24793
msg_begin
7.75698e+06
-364056
2.99795
0.00260979
0.000210511
0.000137471
0
0
0
1682192164.29795
msg_begin
7.75698e+06
-364056
2.9966
0.0161721
0.00466641
0.00111829
0
0
0
1682192164.34801
msg_begin
7.75697e+06
-364056
2.99839
0.00235672
0.0015855
0.000237084
0
0
0
1682192164.39799
msg_begin
7.75697e+06
-364056
2.99468
5.86733e-08
5.82077e-11
0
0
0
0
1682192164.44806
msg_begin
7.75697e+06
-364056
2.99784
0.00176432
0.000595713
6.55233e-05
0
0
0
1682192164.49804
msg_begin
7.75697e+06
-364056
2.99883
0.0244626
0.00613214
0.000572319
0
0
0
1682192164.54811
msg_begin
7.75697e+06
-364056
2.99717
0.0324558
0.0131575
0.000938306
0
0
0
1682192164.59816
msg_begin
7.75697e+06
-364056
2.99759
0.0195657
0.00111371
0.000374892
0
0
0
1682192164.64824
msg_begin
7.75697e+06
-364056
2.99555
0.000109127
0.000480928
4.26662e-05
0
0
0
1682192164.69827
msg_begin
7.75697e+06
-364056
2.99378
0.0155918
0.00545192
0.000812605
0
0
0
1682192164.74887
msg_begin
7.75697e+06
-364056
2.99459
0.054032
0.00621972
0.00043465
0
0
0
1682192164.79842
msg_begin
7.75697e+06
-364056
2.99657
0.023955
0.0043584
0.000498719
0
0
0
1682192164.84851
msg_begin
7.75697e+06
-364056
2.99529
0.0169751
0.0113104
0.00148828
0
0
0
1682192164.89856
msg_begin
7.75697e+06
-364056
2.99298
0.0121767
0.00588259
0.00117376
0
0
0
1682192164.94896
msg_begin
7.75697e+06
-364056
2.99546
0.0131308
0.0042072
0.000401307
0
0
0
1682192164.99866
msg_begin
7.75697e+06
-364056
2.99256
0.000946709
0.000565355
6.40637e-05
0
0
0
1682192165.04886
msg_begin
7.75697e+06
-364055
2.99466
0.0129146
0.00193066
0.000343246
0
0
0
1682192165.09879
msg_begin
7.75697e+06
-364055
2.99603
0.00419417
0.00183409
0.000235631
0
0
0
1682192165.14942
msg_begin
7.75697e+06
-364055
2.99473
0.0111985
0.00507447
0.000568799
0
0
0
1682192165.19878
msg_begin
7.75697e+06
-364055
2.99514
0.0137994
0.00255517
0.00032723
0
0
0
1682192165.24877
msg_begin
7.75697e+06
-364055
2.99357
0.0312447
0.00589941
0.000279822
0
0
0
1682192165.29874
msg_begin
7.75697e+06
-364055
2.99517
0.0178923
0.00456421
0.000852886
0
0
0
1682192165.34942
msg_begin
7.75697e+06
-364055
2.99526
0.00633943
0.00632846
0.00055054
0
0
0
1682192165.39870
msg_begin
7.75697e+06
-364055
2.9946
0.00698628
0.00700139
0.000331931
0
0
0
1682192165.44866
msg_begin
7.75697e+06
-364055
2.9936
0.00729476
0.000980949
0.00016271
0
0
0
1682192165.49875
msg_begin
7.75697e+06
-364055
2.99377
0.00328538
0.000930189
0.000116856
0
0
0
1682192165.54926
msg_begin
7.75697e+06
-364055
2.99642
0.000218383
3.06082e-05
1.93393e-05
0
0
0
1682192165.59859
msg_begin
7.75697e+06
-364055
2.99696
0.00442406
0.00134819
0.000234447
0
0
0
1682192165.64861
msg_begin
7.75697e+06
-364055
2.99406
0.0181341
0.00532171
0.000573013
0
0
0
1682192165.69886
msg_begin
7.75697e+06
-364055
2.99163
0.00147821
0.00113736
0.000117526
0
0
0
1682192165.74852
msg_begin
7.75696e+06
-364055
2.99318
0.044052
0.00651745
0.000768858
0
0
0
1682192165.79855
msg_begin
7.75696e+06
-364055
2.99241
0.0125294
0.0102838
0.00101069
0
0
0
1682192165.84846
msg_begin
7.75696e+06
-364055
2.99106
0.00894936
0.00479998
0.000901497
0
0
0
1682192165.89841
msg_begin
7.75696e+06
-364055
2.99013
0.00855155
0.01024
0.000819934
0
0
0
1682192165.94837
msg_begin
7.75696e+06
-364055
2.99085
0.008424
0.00360161
0.000665621
0
0
0
1682192165.99831
msg_begin
7.75696e+06
-364055
2.98925
0.0168055
0.00719529
0.000918875
0
0
0
1682192166.04826
msg_begin
7.75696e+06
-364054
2.98916
0.0377955
0.00845679
0.000241513
0
0
0
1682192166.09820
msg_begin
7.75696e+06
-364054
2.9894
0.00898166
0.0108337
0.000649566
0
0
0
1682192166.14807
msg_begin
7.75696e+06
-364054
2.98933
0.00697942
0.00292119
0.000354884
0
0
0
1682192166.19801
msg_begin
7.75696e+06
-364054
2.99007
0.00341249
0.00512321
0.000624229
0
0
0
1682192166.24796
msg_begin
7.75696e+06
-364054
2.98682
0.000477659
0.000748449
3.13116e-05
0
0
0
1682192166.29800
msg_begin
7.75696e+06
-364054
2.98808
0.002161
6.11446e-05
2.72898e-05
0
0
0
1682192166.34798
msg_begin
7.75696e+06
-364054
2.98926
0.0123083
0.00995556
0.000596218
0
0
0
1682192166.39797
msg_begin
7.75696e+06
-364054
2.99005
0.00733218
0.000548643
0.000148109
0
0
0
1682192166.44797
msg_begin
7.75696e+06
-364054
2.98969
0.00447398
0.00523717
0.000382808
0
0
0
1682192166.49801
msg_begin
7.75696e+06
-364054
2.9899
0.0108849
0.00305024
0.000439375
0
0
0
1682192166.54806
msg_begin
7.75696e+06
-364054
2.98604
0.013234
0.00441016
0.000735789
0
0
0
1682192166.59809
msg_begin
7.75696e+06
-364054
2.98752
0.0185691
0.00618943
0.000717496
0
0
0
1682192166.64813
msg_begin
7.75696e+06
-364054
2.98889
0.0121257
0.00353885
0.000418381
0
0
0
1682192166.69818
msg_begin
7.75696e+06
-364054
2.98978
0.00591426
0.00369146
0.000958426
0
0
0
1682192166.74839
msg_begin
7.75696e+06
-364054
2.98772
0.00399101
0.00113573
8.75049e-05
0
0
0
1682192166.79834
msg_begin
7.75696e+06
-364054
2.98739
0.0187351
0.00385052
0.000317808
0
0
0
1682192166.84835
msg_begin
7.75696e+06
-364054
2.9863
0.0171574
0.00592991
0.00111002
0
0
0
1682192166.89859
msg_begin
7.75696e+06
-364054
2.98569
0.0145244
0.00641628
0.000764964
0
0
0
1682192166.94904
msg_begin
7.75696e+06
-364054
2.98598
0.00436022
0.00153049
0.000200559
0
0
0
1682192166.99856
msg_begin
7.75696e+06
-364054
2.98767
0.0422337
0.0100111
0.000403153
0
0
0
1682192167.04858
msg_begin
7.75696e+06
-364054
2.99015
0.00448433
0.000937685
0.000241893
0
0
0
1682192167.09890
msg_begin
7.75696e+06
-364053
2.98922
0.0116032
0.0101168
0.000418041
0
0
0
1682192167.14936
msg_begin
7.75695e+06
-364053
2.98772
0.00314024
0.0014216
0.000290532
0
0
0
1682192167.19865
msg_begin
7.75695e+06
-364053
2.98817
0.0369154
0.0147659
0.000634409
0
0
0
1682192167.24862
msg_begin
7.75695e+06
-364053
2.98739
0.0320769
0.00782744
0.00230783
0
0
0
1682192167.29859
msg_begin
7.75695e+06
-364053
2.98632
0.025189
0.0067325
0.000810355
0
0
0
1682192167.34871
msg_begin
7.75695e+06
-364053
2.98768
0.0110858
0.0036939
0.000439778
0
0
0
1682192167.39856
msg_begin
7.75695e+06
-364053
2.98976
0.0170296
0.00280055
0.000494995
0
0
0
1682192167.44846
msg_begin
7.75695e+06
-364053
2.98799
8.84756e-08
1.97906e-09
8.88178e-16
0
0
0
1682192167.49839
msg_begin
7.75695e+06
-364053
2.99007
0.0325191
0.00599331
0.00233469
0
0
0
1682192167.54891
msg_begin
7.75695e+06
-364053
2.985
0.00280021
0.000783657
0.00017478
0
0
0
1682192167.59831
msg_begin
7.75695e+06
-364053
2.98572
0.0033216
0.000622548
0.00013548
0
0
0
1682192167.64830
msg_begin
7.75695e+06
-364053
2.98776
0.0163992
0.00742401
0.000740942
0
0
0
1682192167.69876
msg_begin
7.75695e+06
-364053
2.98978
0.00171228
0.000945291
0.000144935
0
0
0
1682192167.74822
msg_begin
7.75695e+06
-364053
2.9876
0.0485768
0.00725267
0.000484516
0
0
0
1682192167.79821
msg_begin
7.75695e+06
-364053
2.98619
0.00887661
0.00477353
0.00116964
0
0
0
1682192167.84825
msg_begin
7.75695e+06
-364053
2.98791
0.0289667
0.00213907
0.000997592
0
0
0
1682192167.89838
msg_begin
7.75695e+06
-364053
2.9874
0.0139163
0.0063637
0.000544746
0
0
0
1682192167.94830
msg_begin
7.75695e+06
-364053
2.98729
0.0137375
0.00294534
0.000273901
0
0
0
1682192167.99832
msg_begin
7.75695e+06
-364053
2.98706
0.00530988
0.00179842
0.000332531
0
0
0
1682192168.04836
msg_begin
7.75695e+06
-364052
2.98627
0.00579297
0.0044899
0.00028732
0
0
0
1682192168.09841
msg_begin
7.75695e+06
-364052
2.98508
0.0106773
0.00188392
0.000148881
0
0
0
1682192168.14846
msg_begin
7.75695e+06
-364052
2.98577
0.00195569
0.000673382
0.000116991
0
0
0
1682192168.19851
msg_begin
7.75695e+06
-364052
2.98656
0.0575291
0.00835573
0.000844464
0
0
0
1682192168.24848
msg_begin
7.75695e+06
-364052
2.98739
0.000793035
0.000520707
3.2187e-05
0
0
0
1682192168.29854
msg_begin
7.75695e+06
-364052
2.98769
0.0304363
0.00572045
0.00108965
0
0
0
1682192168.34853
msg_begin
7.75695e+06
-364052
2.98666
0.0179841
0.00421335
0.000401571
0
0
0
1682192168.39850
msg_begin
7.75695e+06
-364052
2.98692
0.0239749
0.00184498
0.000528647
0
0
0
1682192168.44856
msg_begin
7.75695e+06
-364052
2.98861
0.0314102
0.0023541
0.000237727
0
0
0
1682192168.49844
msg_begin
7.75695e+06
-364052
2.98705
0.0089789
0.0112018
0.000562965
0
0
0
1682192168.54840
msg_begin
7.75694e+06
-364052
2.98974
0.000470536
0.0010021
0.00018353
0
0
0
1682192168.59842
msg_begin
7.75694e+06
-364052
2.98732
0.000704027
0.000544405
5.98565e-05
0
0
0
1682192168.64833
msg_begin
7.75694e+06
-364052
2.98575
0.0122185
0.00828613
0.000889963
0
0
0
1682192168.69838
msg_begin
7.75694e+06
-364052
2.9876
0.0227395
0.0111119
0.000972955
0
0
0
1682192168.74865
msg_begin
7.75694e+06
-364052
2.98906
0.0176755
0.00299957
0.00111267
0
0
0
1682192168.79841
msg_begin
7.75694e+06
-364052
2.99033
0.0138506
0.00260603
0.000885651
0
0
0
1682192168.84847
msg_begin
7.75694e+06
-364052
2.99098
0.0240992
0.00322002
0.00125445
0
0
0
1682192168.89850
msg_begin
7.75694e+06
-364052
2.99188
0.0107882
0.00582682
0.000825724
0
0
0
1682192168.94879
msg_begin
7.75694e+06
-364052
2.98992
0.013464
0.0114902
0.000725417
0
0
0
1682192168.99850
msg_begin
7.75694e+06
-364052
2.98844
0.050004
0.00682894
0.00110774
0
0
0
1682192169.04857
msg_begin
7.75694e+06
-364052
2.9896
0.00733057
0.0026299
0.000582511
0
0
0
1682192169.09869
msg_begin
7.75694e+06
-364051
2.9913
0.0221195
0.00362679
0.00079991
0
0
0
1682192169.14909
msg_begin
7.75694e+06
-364051
2.98944
0.0328409
0.00314954
0.00139999
0
0
0
1682192169.19863
msg_begin
7.75694e+06
-364051
2.9863
0.00299979
0.00168822
7.41278e-05
0
0
0
1682192169.24859
msg_begin
7.75694e+06
-364051
2.98753
0.0019386
0.000902255
3.10992e-07
0
0
0
1682192169.29853
msg_begin
7.75694e+06
-364051
2.99017
0.0383
0.00497498
0.000755567
0
0
0
1682192169.34899
msg_begin
7.75694e+06
-364051
2.98987
0.00847111
0.00809847
0.00040345
0
0
0
1682192169.39849
msg_begin
7.75694e+06
-364051
2.99261
0.00140853
0.00146327
0.000142911
0
0
0
1682192169.44841
msg_begin
7.75694e+06
-364051
2.99425
0.0116807
0.00644572
0.000915785
0
0
0
1682192169.49846
msg_begin
7.75694e+06
-364051
2.9927
0.0294946
0.0079751
0.00192653
0
0
0
1682192169.54912
msg_begin
7.75694e+06
-364051
2.99269
0.00562796
0.000751708
0.000132124
0
0
0
1682192169.59825
msg_begin
7.75694e+06
-364051
2.99108
0.00895321
0.00780509
0.000590414
0
0
0
1682192169.64819
msg_begin
7.75694e+06
-364051
2.99156
0.00769103
0.00256712
0.000146791
0
0
0
1682192169.69862
msg_begin
7.75694e+06
-364051
2.99114
0.00849693
0.00675977
0.000291418
0
0
0
1682192169.74806
msg_begin
7.75694e+06
-364051
2.99175
0.00967735
0.00467392
0.000389187
0
0
0
1682192169.79799
msg_begin
7.75694e+06
-364051
2.99192
0.00761129
0.00718903
0.000262549
0
0
0
1682192169.84803
msg_begin
7.75694e+06
-364051
2.99128
0.00733911
0.00129858
0.000301626
0
0
0
1682192169.89802
msg_begin
7.75694e+06
-364051
2.99027
0.0169229
0.00438483
0.000669268
0
0
0
1682192169.94802
msg_begin
7.75694e+06
-364051
2.98809
0.0225131
0.00284983
0.000772283
0
0
0
1682192169.99800
msg_begin
7.75693e+06
-364051
2.98875
0.0172425
0.00699614
0.000816519
0
0
0
1682192170.04802
msg_begin
7.75693e+06
-364051
2.98952
0.00409847
0.00223983
0.000165638
0
0
0
1682192170.09803
msg_begin
7.75693e+06
-364051
2.99179
0.0176351
0.00040054
0.000142827
0
0
0
1682192170.14808
msg_begin
7.75693e+06
-364050
2.99183
0.032353
0.00514809
0.000821666
0
0
0
1682192170.19812
msg_begin
7.75693e+06
-364050
2.99126
0.00586505
0.00047227
0.000309278
0
0
0
1682192170.24815
msg_begin
7.75693e+06
-364050
2.98944
6.89179e-08
2.15368e-09
4.44089e-16
0
0
0
1682192170.29833
msg_begin
7.75693e+06
-364050
2.9894
0.0418399
0.0110129
0.000844151
0
0
0
1682192170.34824
msg_begin
7.75693e+06
-364050
2.99142
0.0486677
0.00660893
0.000467653
0
0
0
1682192170.39832
msg_begin
7.75693e+06
-364050
2.99171
0.00307173
0.00238537
0.000519798
0
0
0
1682192170.44839
msg_begin
7.75693e+06
-364050
2.98946
0.00533371
0.00302304
0.0011245
0
0
0
1682192170.49848
msg_begin
7.75693e+06
-364050
2.98951
0.00171947
0.00361504
0.000325307
0
0
0
1682192170.54858
msg_begin
7.75693e+06
-364050
2.9889
0.00635914
0.0063221
0.000254636
0
0
0
1682192170.59861
msg_begin
7.75693e+06
-364050
2.98845
0.0138971
0.00724591
0.000856708
0
0
0
1682192170.64869
msg_begin
7.75693e+06
-364050
2.99033
0.00574507
0.00966524
0.000335424
0
0
0
1682192170.69876
msg_begin
7.75693e+06
-364050
2.991
0.000949963
0.000711342
5.08809e-05
0
0
0
1682192170.74935
msg_begin
7.75693e+06
-364050
2.99019
0.0151828
0.00456421
0.000540703
0
0
0
1682192170.79884
msg_begin
7.75693e+06
-364050
2.99018
0.0138817
0.00652041
0.000674453
0
0
0
1682192170.84882
msg_begin
7.75693e+06
-364050
2.9888
0.0161569
0.0047991
0.000652685
0
0
0
1682192170.89884
msg_begin
7.75693e+06
-364050
2.99046
0.00379661
0.00339215
0.000243172
0
0
0
1682192170.94950
msg_begin
7.75693e+06
-364050
2.99208
0.0101751
0.00325806
0.00112301
0
0
0
1682192170.99881
msg_begin
7.75693e+06
-364050
2.99434
0.013637
0.00384354
0.00098878
0
0
0
1682192171.04878
msg_begin
7.75693e+06
-364050
2.99433
0.0136705
0.00481708
0.00122241
0
0
0
1682192171.09878
msg_begin
7.75693e+06
-364050
2.99272
0.0030105
0.000705909
9.75659e-05
0
0
0
1682192171.14961
msg_begin
7.75693e+06
-364050
2.9951
0.00739368
0.00393293
0.000301179
0
0
0
1682192171.19872
msg_begin
7.75693e+06
-364050
2.99393
0.0117241
0.00455712
0.00141431
0
0
0
1682192171.24870
msg_begin
7.75693e+06
-364049
2.99289
0.0273826
0.00125818
0.000282516
0
0
0
1682192171.29870
msg_begin
7.75693e+06
-364049
2.99351
0.0191994
0.00341744
0.000414276
0
0
0
1682192171.34892
msg_begin
7.75693e+06
-364049
2.99133
0.000532241
2.64521e-05
7.05929e-05
0
0
0
1682192171.39874
msg_begin
7.75692e+06
-364049
2.99297
0.00584211
0.00758324
0.000583807
0
0
0
1682192171.44875
msg_begin
7.75692e+06
-364049
2.99612
0.0085057
0.0046389
0.000561963
0
0
0
1682192171.49891
msg_begin
7.75692e+06
-364049
2.99125
0.00185931
2.60763e-05
0.000229453
0
0
0
1682192171.54941
msg_begin
7.75692e+06
-364049
2.99349
0.0105151
0.00971325
0.000413769
0
0
0
1682192171.59888
msg_begin
7.75692e+06
-364049
2.99318
0.00737749
0.00262108
0.00012895
0
0
0
1682192171.64884
msg_begin
7.75692e+06
-364049
2.99312
0.0082601
0.00121195
0.000481623
0
0
0
1682192171.69883
msg_begin
7.75692e+06
-364049
2.99015
0.00517456
0.00233522
0.000493609
0
0
0
1682192171.74907
msg_begin
7.75692e+06
-364049
2.9918
0.0587291
0.0163747
0.002277
0
0
0
1682192171.79890
msg_begin
7.75692e+06
-364049
2.99146
0.0458543
0.00651807
0.0026316
0
0
0
1682192171.84895
msg_begin
7.75692e+06
-364049
2.9904
0.0105647
0.00125544
0.00039163
0
0
0
1682192171.89901
msg_begin
7.75692e+06
-364049
2.99358
0.0133948
0.00461791
0.000193505
0
0
0
1682192171.94967
msg_begin
7.75692e+06
-364049
2.99103
0.0270247
0.00272642
0.000665147
0
0
0
1682192171.99914
msg_begin
7.75692e+06
-364049
2.99235
0.0217046
0.00310614
0.00094846
0
0
0
1682192172.04917
msg_begin
7.75692e+06
-364049
2.99326
0.0262302
0.00340065
0.000581798
0
0
0
1682192172.09921
msg_begin
7.75692e+06
-364049
2.9921
0.0389332
0.00102102
0.000407153
0
0
0
1682192172.15003
msg_begin
7.75692e+06
-364049
2.99149
0.0274339
0.0148046
0.00116115
0
0
0
1682192172.19928
msg_begin
7.75692e+06
-364049
2.9933
0.0166379
0.0105784
0.000609622
0
0
0
1682192172.24932
msg_begin
7.75692e+06
-364048
2.99434
0.00868577
0.00705651
0.00046433
0
0
0
1682192172.29929
msg_begin
7.75692e+06
-364048
2.99474
0.0140667
0.010858
0.00138616
0
0
0
1682192172.35002
msg_begin
7.75692e+06
-364048
2.99763
2.23517e-08
1.45519e-09
4.44089e-16
0
0
0
1682192172.39928
msg_begin
7.75692e+06
-364048
2.99719
0.0124765
0.0100961
0.000667795
0
0
0
1682192172.44913
msg_begin
7.75692e+06
-364048
2.9935
0.00699751
0.00365784
0.000425673
0
0
0
1682192172.49918
msg_begin
7.75692e+06
-364048
2.99265
0.00975803
0.00417987
0.000560601
0
0
0
1682192172.54947
msg_begin
7.75692e+06
-364048
2.99449
0.0216607
0.00291118
0.000403888
0
0
0
1682192172.59897
msg_begin
7.75692e+06
-364048
2.99507
0.00254113
6.9788e-05
8.94668e-05
0
0
0
1682192172.64899
msg_begin
7.75692e+06
-364048
2.99503
0.00857891
0.00212008
0.000283406
0
0
0
1682192172.69896
msg_begin
7.75692e+06
-364048
2.99688
0.012841
0.0057513
0.000687491
0
0
0
1682192172.74933
msg_begin
7.75692e+06
-364048
2.99797
0.0216166
0.00194523
0.000792143
0
0
0
1682192172.79878
msg_begin
7.75692e+06
-364048
2.99776
0.00102614
0.00289862
0.000267986
0
0
0
1682192172.84870
msg_begin
7.75691e+06
-364048
2.99968
0.0116955
0.00202407
0.000431759
0
0
0
1682192172.89868
msg_begin
7.75691e+06
-364048
2.9968
0.00723014
0.00804127
0.000590814
0
0
0
1682192172.94880
msg_begin
7.75691e+06
-364048
2.99701
0.00870059
0.00318919
0.000467727
0
0
0
1682192172.99844
msg_begin
7.75691e+06
-364048
2.99686
0.0205089
0.00785746
0.000732203
0
0
0
1682192173.04835
msg_begin
7.75691e+06
-364048
2.9968
0.02673
0.00815181
0.000235027
0
0
0
1682192173.09834
msg_begin
7.75691e+06
-364048
2.99728
0.00887664
0.00204015
0.000464328
0
0
0
1682192173.14887
msg_begin
7.75691e+06
-364048
2.99796
0.0265849
0.0129636
0.000799792
0
0
0
1682192173.19819
msg_begin
7.75691e+06
-364048
2.99899
0.0275203
0.0116891
0.00128835
0
0
0
1682192173.24815
msg_begin
7.75691e+06
-364048
3.00009
9.03383e-08
2.32831e-09
0
0
0
0
1682192173.29814
msg_begin
7.75691e+06
-364048
3.00004
0.00626567
0.00107245
0.00105561
0
0
0
1682192173.34815
msg_begin
7.75691e+06
-364048
3.00354
0.00489307
0.00182531
0.000169965
0
0
0
1682192173.39817
msg_begin
7.75691e+06
-364048
3.00465
7.26432e-08
3.49246e-10
4.44089e-16
0
0
0
1682192173.44824
msg_begin
7.75691e+06
-364047
3.00137
0.00679218
0.0012242
0.000437534
0
0
0
1682192173.49832
msg_begin
7.75691e+06
-364047
2.99881
0.0181139
0.00654226
0.00134312
0
0
0
1682192173.54842
msg_begin
7.75691e+06
-364047
3.00439
0.00754077
0.00668906
0.000264829
0
0
0
1682192173.59832
msg_begin
7.75691e+06
-364047
3.00516
0.00384578
0.00107928
0.000184184
0
0
0
1682192173.64838
msg_begin
7.75691e+06
-364047
3.00517
0.00100846
0.000297736
7.87794e-05
0
0
0
1682192173.69840
msg_begin
7.75691e+06
-364047
3.0061
0.00385253
0.00390883
0.000446534
0
0
0
1682192173.74874
msg_begin
7.75691e+06
-364047
3.00673
0.030358
0.00777941
0.000751617
0
0
0
1682192173.79835
msg_begin
7.75691e+06
-364047
3.00733
0.00289024
0.0144111
0.000218622
0
0
0
1682192173.84841
msg_begin
7.75691e+06
-364047
3.00728
0.0151839
0.0151964
0.00194871
0
0
0
1682192173.89834
msg_begin
7.75691e+06
-364047
3.00856
0.0030853
0.00231916
0.000141805
0
0
0
1682192173.94911
msg_begin
7.75691e+06
-364047
3.00864
0.0059942
0.00428116
0.000225887
0
0
0
1682192173.99837
msg_begin
7.75691e+06
-364047
3.0028
0.00106101
0.000956344
0.000571286
0
0
0
1682192174.04839
msg_begin
7.75691e+06
-364047
3.00388
0.0202931
0.00787067
0.00150238
0
0
0
1682192174.09824
msg_begin
7.75691e+06
-364047
3.00398
0.00189472
0.00106824
0.000146591
0
0
0
1682192174.14838
msg_begin
7.75691e+06
-364047
3.00357
0.0128879
0.00561267
0.000829936
0
0
0
1682192174.19817
msg_begin
7.75691e+06
-364047
3.00276
6.90356e-05
0.00144624
4.4178e-05
0
0
0
1682192174.24816
msg_begin
7.75691e+06
-364047
3.00323
0.00797643
0.00272843
0.000799499
0
0
0
1682192174.29809
msg_begin
7.75691e+06
-364047
3.00607
0.0244901
0.00583909
0.000951687
0
0
0
1682192174.34834
msg_begin
7.75691e+06
-364047
3.00431
0.0310905
0.00723417
0.000388762
0
0
0
1682192174.39823
msg_begin
7.75691e+06
-364047
3.00499
0.00607125
0.00119569
0.000533893
0
0
0
1682192174.44823
msg_begin
7.7569e+06
-364047
3.00587
0.0107878
0.00519682
0.000880721
0
0
0
1682192174.49827
msg_begin
7.7569e+06
-364047
3.00307
0.0164213
0.00466845
0.000314122
0
0
0
1682192174.54857
msg_begin
7.7569e+06
-364047
3.00368
0.00985098
0.00300203
0.000414881
0
0
0
1682192174.59826
msg_begin
7.7569e+06
-364047
3.00293
0.0263954
0.00524286
0.000338323
0
0
0
1682192174.64826
msg_begin
7.7569e+06
-364047
3.00513
0.0118423
0.00204822
0.000803869
0
0
0
1682192174.69830
msg_begin
7.7569e+06
-364047
3.0074
0.0251815
0.0068006
0.00077948
0
0
0
1682192174.74886
msg_begin
7.7569e+06
-364047
3.0079
4.19095e-08
2.61934e-09
8.88178e-16
0
0
0
1682192174.79823
msg_begin
7.7569e+06
-364047
3.00609
0.00721295
0.00565321
0.000521428
0
0
0
1682192174.84824
msg_begin
7.7569e+06
-364047
3.00679
0.0185882
0.00875257
0.000361897
0
0
0
1682192174.89820
msg_begin
7.7569e+06
-364047
3.00603
0.0305805
0.00719832
0.00170633
0
0
0
1682192174.94816
msg_begin
7.7569e+06
-364046
3.00705
0.00233449
0.00134585
3.78452e-06
0
0
0
1682192174.99811
msg_begin
7.7569e+06
-364046
3.00811
0.0114273
0.00666422
0.00041866
0
0
0
1682192175.04808
msg_begin
7.7569e+06
-364046
3.00833
6.42613e-08
3.60887e-09
4.44089e-16
0
0
0
1682192175.09806
msg_begin
7.7569e+06
-364046
3.00763
0.0252324
0.00434349
0.000456039
0
0
0
1682192175.14881
msg_begin
7.7569e+06
-364046
3.00835
0.00565468
0.00473878
0.00060728
0
0
0
1682192175.19808
msg_begin
7.7569e+06
-364046
3.00832
5.58794e-08
1.16415e-10
4.44089e-16
0
0
0
1682192175.24803
msg_begin
7.7569e+06
-364046
3.00705
0.00707024
0.00716596
0.000266323
0
0
0
1682192175.29811
msg_begin
7.7569e+06
-364046
3.00392
0.0022456
0.00179383
0.000327568
0
0
0
1682192175.34834
msg_begin
7.7569e+06
-364046
3.00191
0.00639675
0.00428102
0.00064358
0
0
0
1682192175.39811
msg_begin
7.7569e+06
-364046
3.00261
0.00701012
0.00250832
0.000472434
0
0
0
1682192175.44812
msg_begin
7.7569e+06
-364046
3.00551
0.0165111
0.00656978
0.00149001
0
0
0
1682192175.49817
msg_begin
7.7569e+06
-364046
3.00324
0.00168452
0.00286872
0.000156269
0
0
0
1682192175.54846
msg_begin
7.7569e+06
-364046
3.00457
0.0230609
0.0064139
0.00069874
0
0
0
1682192175.59826
msg_begin
7.7569e+06
-364046
3.00102
0.00755502
0.00145331
0.000302291
0
0
0
1682192175.64829
msg_begin
7.7569e+06
-364046
3.00198
0.0458871
0.0159054
0.00114509
0
0
0
1682192175.69829
msg_begin
7.7569e+06
-364046
3.00142
0.0491501
0.00480152
0.00115009
0
0
0
1682192175.74851
msg_begin
7.7569e+06
-364046
2.99978
0.0305708
0.00354006
0.00124048
0
0
0
1682192175.79843
msg_begin
7.7569e+06
-364046
2.99854
0.00772071
0.00393416
0.000762406
0
0
0
1682192175.84856
msg_begin
7.7569e+06
-364046
3.0008
0.0212492
0.00729167
0.000632073
0
0
0
1682192175.89855
msg_begin
7.7569e+06
-364046
3.00204
0.002061
0.00102518
8.49978e-05
0
0
0
1682192175.94915
msg_begin
7.7569e+06
-364046
3.00371
0.0362648
0.0102779
0.000491668
0
0
0
1682192175.99854
msg_begin
7.7569e+06
-364046
3.00493
0.0193617
0.00662675
0.000854178
0
0
0
1682192176.04864
msg_begin
7.7569e+06
-364046
3.00245
0.00458246
0.00178777
0.000362826
0
0
0
1682192176.09850
msg_begin
7.7569e+06
-364046
2.99906
0.0031274
0.00645236
0.00202217
0
0
0
1682192176.14858
msg_begin
7.7569e+06
-364046
2.99825
0.00678708
0.00285423
9.05863e-05
0
0
0
1682192176.19844
msg_begin
7.7569e+06
-364046
2.99791
0.0103351
0.00413636
0.000343503
0
0
0
1682192176.24838
msg_begin
7.7569e+06
-364046
2.99747
0.0111179
0.00334803
0.000351037
0
0
0
1682192176.29835
msg_begin
7.7569e+06
-364046
3.00054
0.00707723
0.00358573
0.00170439
0
0
0
1682192176.34898
msg_begin
7.7569e+06
-364046
2.99952
0.015766
0.00653537
0.000840011
0
0
0
1682192176.39824
msg_begin
7.7569e+06
-364046
2.99752
0.0369396
0.00989882
0.00122163
0
0
0
1682192176.44819
msg_begin
7.7569e+06
-364046
2.9982
0.00895801
0.0118791
0.000522012
0
0
0
1682192176.49816
msg_begin
7.7569e+06
-364046
2.99841
0.0213158
0.00350379
0.000583008
0
0
0
1682192176.54837
msg_begin
7.7569e+06
-364046
2.99973
0.00535285
0.00118108
9.52913e-05
0
0
0
1682192176.59820
msg_begin
7.7569e+06
-364046
2.9986
0.00374393
0.00109295
0.000119431
0
0
0
1682192176.64821
msg_begin
7.7569e+06
-364046
2.99775
0.00311998
0.00174496
0.000280185
0
0
0
1682192176.69817
msg_begin
7.7569e+06
-364046
2.99847
0.0153672
0.0063027
0.000608763
0
0
0
1682192176.74822
msg_begin
7.7569e+06
-364046
3.00036
0.0116194
7.57092e-05
2.73335e-05
0
0
0
1682192176.79824
msg_begin
7.75689e+06
-364045
3.00028
8.47504e-08
2.79397e-09
1.33227e-15
0
0
0
1682192176.84825
msg_begin
7.75689e+06
-364045
3.00255
0.00265474
0.00029676
8.65521e-05
0
0
0
1682192176.89821
msg_begin
7.75689e+06
-364045
2.9977
0.00786806
0.00447606
0.000723131
0
0
0
1682192176.94826
msg_begin
7.75689e+06
-364045
2.99994
0.0151866
0.000598415
0.000237344
0
0
0
1682192176.99814
msg_begin
7.75689e+06
-364045
2.99908
0.00898648
0.00722432
0.000719237
0
0
0
1682192177.04814
msg_begin
7.75689e+06
-364045
2.99868
0.0211799
0.0101635
0.000787909
0
0
0
1682192177.09808
msg_begin
7.75689e+06
-364045
2.99603
0.0217239
0.00585284
0.00105967
0
0
0
1682192177.14853
msg_begin
7.75689e+06
-364045
2.99864
0.00885513
0.0050678
0.000366051
0
0
0
1682192177.19812
msg_begin
7.75689e+06
-364045
2.99861
0.0181064
0.0156573
0.000674195
0
0
0
1682192177.24811
msg_begin
7.75689e+06
-364045
2.99836
0.00532024
0.00262356
0.000133713
0
0
0
1682192177.29822
msg_begin
7.75689e+06
-364045
2.99663
1.02445e-08
2.03727e-09
0
0
0
0
1682192177.34845
msg_begin
7.75689e+06
-364045
2.9956
0.0122174
0.00689467
0.00118706
0
0
0
1682192177.39828
msg_begin
7.75689e+06
-364045
2.99557
0.00903759
0.00242822
0.00050989
0
0
0
1682192177.44829
msg_begin
7.75689e+06
-364045
2.99414
0.00412102
0.00448926
9.95302e-05
0
0
0
1682192177.49842
msg_begin
7.75689e+06
-364045
2.99304
0.00780301
0.00211753
0.000256033
0
0
0
1682192177.54856
msg_begin
7.75689e+06
-364045
2.99621
0.00445864
0.00148535
0.000315648
0
0
0
1682192177.59834
msg_begin
7.75689e+06
-364045
2.9958
0.00606191
0.00735938
0.00073419
0
0
0
1682192177.64834
msg_begin
7.75689e+06
-364045
2.99488
0.0220962
0.00471147
0.000750278
0
0
0
1682192177.69836
msg_begin
7.75689e+06
-364045
2.99505
0.024272
0.00534033
0.00111918
0
0
0
1682192177.74852
msg_begin
7.75689e+06
-364045
2.995
0.00564337
0.00297415
0.000195794
0
0
0
1682192177.79830
msg_begin
7.75689e+06
-364045
2.99317
0.00561531
0.00318305
0.000413484
0
0
0
1682192177.84830
msg_begin
7.75689e+06
-364045
2.99511
0.0100113
0.00529312
0.000618348
0
0
0
1682192177.89828
msg_begin
7.75689e+06
-364045
2.99433
0.00414618
0.00180607
0.000305283
0
0
0
1682192177.94880
msg_begin
7.75689e+06
-364045
2.99425
0.0282057
0.00113396
0.00027528
0
0
0
1682192177.99817
msg_begin
7.75689e+06
-364045
2.99257
0.0261632
0.00100773
0.00153168
0
0
0
1682192178.04808
msg_begin
7.75689e+06
-364045
2.99212
0.0218298
0.00797064
0.000886663
0
0
0
1682192178.09807
msg_begin
7.75689e+06
-364045
2.99134
0.0150541
0.00497654
0.000575136
0
0
0
1682192178.14807
msg_begin
7.75689e+06
-364045
2.99411
0.0211042
0.00490304
0.00252799
0
0
0
1682192178.19805
msg_begin
7.75689e+06
-364045
2.99572
0.0105167
0.00491844
0.000905562
0
0
0
1682192178.24806
msg_begin
7.75689e+06
-364045
2.99477
0.0352148
0.0122366
0.00144299
0
0
0
1682192178.29813
msg_begin
7.75689e+06
-364045
2.99386
0.0123799
0.00747515
0.00072851
0
0
0
1682192178.34847
msg_begin
7.75689e+06
-364045
2.992
0.00290361
0.00170798
0.000180244
0
0
0
1682192178.39812
msg_begin
7.75689e+06
-364045
2.99411
0.017628
0.00880527
0.00139796
0
0
0
1682192178.44817
msg_begin
7.75689e+06
-364045
2.99324
0.00490471
0.00121813
0.000301957
0
0
0
1682192178.49821
msg_begin
7.75689e+06
-364045
2.99499
0.0120976
0.00119983
0.000598599
0
0
0
1682192178.54839
msg_begin
7.75689e+06
-364045
2.99625
0.0271954
0.00901895
0.00114982
0
0
0
1682192178.59838
msg_begin
7.75689e+06
-364045
2.99505
0.00195103
0.00204142
8.46297e-05
0
0
0
1682192178.64833
msg_begin
7.75689e+06
-364045
2.99492
0.00813284
0.00315136
0.000669828
0
0
0
1682192178.69840
msg_begin
7.75689e+06
-364044
2.99536
0.0132992
0.00316364
0.000445226
0
0
0
1682192178.74902
msg_begin
7.75689e+06
-364044
2.99483
0.0235134
0.00860048
0.00158087
0
0
0
1682192178.79835
msg_begin
7.75689e+06
-364044
2.99317
0.00292069
0.00247304
0.000251872
0
0
0
1682192178.84831
msg_begin
7.75689e+06
-364044
2.99335
0.00522984
0.0038306
0.00035722
0
0
0
1682192178.89838
msg_begin
7.75689e+06
-364044
2.99587
0.0192427
0.0125332
0.00116809
0
0
0
1682192178.94829
msg_begin
7.75689e+06
-364044
2.99852
0.0156014
0.00414527
0.000251986
0
0
0
1682192178.99831
msg_begin
7.75689e+06
-364044
2.99794
0.0234408
0.00361781
0.000913196
0
0
0
1682192179.04827
msg_begin
7.75689e+06
-364044
2.99817
0.00837803
0.00294151
0.000593756
0
0
0
1682192179.09828
msg_begin
7.75689e+06
-364044
2.9984
0.0396487
0.00176691
0.00036696
0
0
0
1682192179.14895
msg_begin
7.75688e+06
-364044
2.99666
0.0114137
0.00371513
0.000396576
0
0
0
1682192179.19835
msg_begin
7.75688e+06
-364044
2.99925
0.0169037
0.00357731
0.00073663
0
0
0
1682192179.24833
msg_begin
7.75688e+06
-364044
3.00035
0.00846129
0.00333791
0.000323246
0
0
0
1682192179.29880
msg_begin
7.75688e+06
-364044
2.9984
0.0100654
0.00853595
0.000257449
0
0
0
1682192179.34864
msg_begin
7.75688e+06
-364044
2.9987
0.00886342
0.00279592
0.000746049
0
0
0
1682192179.39846
msg_begin
7.75688e+06
-364044
2.99828
0.00367994
0.00168872
0.000351161
0
0
0
1682192179.44848
msg_begin
7.75688e+06
-364044
2.99968
0.0169124
0.00995302
0.00103818
0
0
0
1682192179.49843
msg_begin
7.75688e+06
-364044
2.99991
0.00759175
0.00448952
0.000366487
0
0
0
1682192179.54918
msg_begin
7.75688e+06
-364044
2.99817
0.0108747
0.00768973
0.000870733
0
0
0
1682192179.59846
msg_begin
7.75688e+06
-364044
2.99713
0.0197875
0.00129771
0.000721618
0
0
0
1682192179.64846
msg_begin
7.75688e+06
-364044
2.99689
0.0322567
0.00718521
0.000804522
0
0
0
1682192179.69840
msg_begin
7.75688e+06
-364044
2.99541
0.0191105
0.00464321
0.00077704
0
0
0
1682192179.74835
msg_begin
7.75688e+06
-364044
2.99819
0.0222406
0.00562368
0.000639404
0
0
0
1682192179.79837
msg_begin
7.75688e+06
-364044
2.9982
0.000994952
0.00020394
8.35733e-05
0
0
0
1682192179.84827
msg_begin
7.75688e+06
-364044
2.9977
0.0266254
0.0124361
0.000751915
0
0
0
1682192179.89838
msg_begin
7.75688e+06
-364044
2.99829
0.0107954
0.0068652
0.000445956
0
0
0
1682192179.94912
msg_begin
7.75688e+06
-364044
2.9996
0.0177982
0.00653002
0.000341088
0
0
0
1682192179.99841
msg_begin
7.75688e+06
-364044
2.9987
0.0533379
0.0134411
0.00112988
0
0
0
1682192180.04843
msg_begin
7.75688e+06
-364044
2.99616
0.0175476
0.00350054
0.000483459
0
0
0
1682192180.09848
msg_begin
7.75688e+06
-364044
2.99823
0.0031142
0.000169884
0.00016231
0
0
0
1682192180.14852
msg_begin
7.75688e+06
-364044
2.9989
0.00954571
0.00369336
0.000368402
0
0
0
1682192180.19863
msg_begin
7.75688e+06
-364043
2.99691
0.0236904
0.00317899
0.000675861
0
0
0
1682192180.24857
msg_begin
7.75688e+06
-364043
2.99958
0.0207243
0.00372022
0.000484868
0
0
0
1682192180.29860
msg_begin
7.75688e+06
-364043
2.9969
0.00883378
0.00677757
0.00132117
0
0
0
1682192180.34924
msg_begin
7.75688e+06
-364043
2.99923
0.00829475
0.00357641
0.000592934
0
0
0
1682192180.39857
msg_begin
7.75688e+06
-364043
2.99636
0.00272818
0.005924
0.000412101
0
0
0
1682192180.44850
msg_begin
7.75688e+06
-364043
2.99851
0.013926
0.0108873
0.000912726
0
0
0
1682192180.49848
msg_begin
7.75688e+06
-364043
2.99827
0.00860365
0.00197876
0.000102949
0
0
0
1682192180.54859
msg_begin
7.75688e+06
-364043
2.99726
0.0122692
0.00654503
0.00101034
0
0
0
1682192180.59844
msg_begin
7.75688e+06
-364043
2.99981
0.0343903
0.0162512
0.000941325
0
0
0
1682192180.64839
msg_begin
7.75688e+06
-364043
2.99736
0.000947224
0.000745709
0.000147456
0
0
0
1682192180.69839
msg_begin
7.75688e+06
-364043
2.99822
0.0231087
0.00975744
0.0014354
0
0
0
1682192180.74912
msg_begin
7.75688e+06
-364043
2.99804
0.0176122
0.00283535
0.000394952
0
0
0
1682192180.79841
msg_begin
7.75688e+06
-364043
2.99646
0.000584667
0.00165479
0.000761919
0
0
0
1682192180.84848
msg_begin
7.75688e+06
-364043
2.99578
0.000867213
0.000784022
8.31273e-05
0
0
0
1682192180.89853
msg_begin
7.75688e+06
-364043
2.99536
0.0162083
0.00486712
0.0010747
0
0
0
1682192180.94853
msg_begin
7.75688e+06
-364043
2.99441
0.0318829
0.00670457
0.000901372
0
0
0
1682192180.99851
msg_begin
7.75687e+06
-364043
2.99698
0.0117342
0.00448172
0.000995518
0
0
0
1682192181.04857
msg_begin
7.75687e+06
-364043
2.99988
0.00947097
0.00556746
0.000683138
0
0
0
1682192181.09860
msg_begin
7.75687e+06
-364043
2.99958
0.0208803
0.0120182
0.0011568
0
0
0
1682192181.14914
msg_begin
7.75687e+06
-364043
2.99878
1.06217e-05
0.000279326
1.88719e-05
0
0
0
1682192181.19856
msg_begin
7.75687e+06
-364043
2.99631
0.0226693
0.00485873
0.000739962
0
0
0
1682192181.24856
msg_begin
7.75687e+06
-364043
2.99556
0.00633694
0.00751692
0.000313779
0
0
0
1682192181.29856
msg_begin
7.75687e+06
-364043
2.99499
0.0241437
0.00422916
0.000507323
0
0
0
1682192181.34851
msg_begin
7.75687e+06
-364043
2.99416
0.0397862
0.0119002
0.00108625
0
0
0
1682192181.39845
msg_begin
7.75687e+06
-364043
2.99446
0.0216298
0.0080726
0.000737213
0
0
0
1682192181.44841
msg_begin
7.75687e+06
-364043
2.9945
0.0193393
0.00404804
0.000299058
0
0
0
1682192181.49840
msg_begin
7.75687e+06
-364043
2.99758
0.0209852
0.00285919
0.00156917
0
0
0
1682192181.54896
msg_begin
7.75687e+06
-364042
2.99803
0.00651791
0.00112432
4.41306e-05
0
0
0
1682192181.59833
msg_begin
7.75687e+06
-364042
2.998
5.30854e-08
3.66708e-09
0
0
0
0
1682192181.64831
msg_begin
7.75687e+06
-364042
2.99817
1.86265e-09
1.04774e-09
4.44089e-16
0
0
0
1682192181.69830
msg_begin
7.75687e+06
-364042
2.99761
0.0220544
0.00700947
0.000469958
0
0
0
1682192181.74837
msg_begin
7.75687e+06
-364042
2.99686
0.0191215
0.00856784
0.000214506
0
0
0
1682192181.79828
msg_begin
7.75687e+06
-364042
2.99772
0.00577816
0.0056218
0.000241716
0
0
0
1682192181.84832
msg_begin
7.75687e+06
-364042
2.99725
0.0186361
0.00326598
0.000772056
0
0
0
1682192181.89927
msg_begin
7.75687e+06
-364042
2.99719
0.00566589
0.00197401
0.000382735
0
0
0
1682192181.94903
msg_begin
7.75687e+06
-364042
2.99725
0.0291613
0.00242301
0.000185042
0
0
0
1682192181.99838
msg_begin
7.75687e+06
-364042
2.99795
0.0208471
0.00488583
0.000500807
0
0
0
1682192182.04837
msg_begin
7.75687e+06
-364042
2.99805
0.00453364
0.000722242
8.7651e-05
0
0
0
1682192182.09843
msg_begin
7.75687e+06
-364042
2.99782
0.00879702
0.000773773
0.00015485
0
0
0
1682192182.14838
msg_begin
7.75687e+06
-364042
2.99764
0.0161716
0.00272065
0.000136989
0
0
0
1682192182.19840
msg_begin
7.75687e+06
-364042
2.99777
0.0120828
0.00978526
0.000389026
0
0
0
1682192182.24831
msg_begin
7.75687e+06
-364042
2.99977
0.00685049
0.00625485
0.000842199
0
0
0
1682192182.29825
msg_begin
7.75687e+06
-364042
3.00078
0.00229544
0.00147987
9.60956e-05
0
0
0
1682192182.34882
msg_begin
7.75687e+06
-364042
2.99899
0.00264959
0.00205518
0.000609444
0
0
0
1682192182.39827
msg_begin
7.75687e+06
-364042
2.99743
0.00520059
0.00330717
0.000247927
0
0
0
1682192182.44820
msg_begin
7.75687e+06
-364042
2.99898
0.00322053
0.000974364
0.000122933
0
0
0
1682192182.49818
msg_begin
7.75687e+06
-364042
2.99996
0.0151866
0.00334107
0.000301603
0
0
0
1682192182.54817
msg_begin
7.75687e+06
-364042
2.99932
0.00388788
0.00284221
0.000141118
0
0
0
1682192182.59813
msg_begin
7.75687e+06
-364042
3.00107
0.0151061
0.0137637
0.00050229
0
0
0
1682192182.64804
msg_begin
7.75686e+06
-364042
2.99848
0.0129198
0.00426451
0.000465768
0
0
0
1682192182.69802
msg_begin
7.75686e+06
-364042
2.99568
0.0032911
0.00581467
0.000370118
0
0
0
1682192182.74798
msg_begin
7.75686e+06
-364041
2.99705
0.00320388
0.0104192
0.00119619
0
0
0
1682192182.79792
msg_begin
7.75686e+06
-364041
2.99796
0.0124034
0.00463948
0.000665119
0
0
0
1682192182.84785
msg_begin
7.75686e+06
-364041
2.99797
2.04891e-08
2.38651e-09
4.44089e-16
0
0
0
1682192182.89784
msg_begin
7.75686e+06
-364041
2.99532
0.0170895
0.00886318
0.00134193
0
0
0
1682192182.94787
msg_begin
7.75686e+06
-364041
2.99267
0.00604402
0.00290187
6.2789e-05
0
0
0
1682192182.99787
msg_begin
7.75686e+06
-364041
2.99577
0.0156351
0.00442991
0.000490901
0
0
0
1682192183.04786
msg_begin
7.75686e+06
-364041
2.99765
0.0211612
0.0126709
0.000741485
0
0
0
1682192183.09798
msg_begin
7.75686e+06
-364041
2.99554
0.00896296
0.00493193
0.000967075
0
0
0
1682192183.14792
msg_begin
7.75686e+06
-364041
2.99728
0.00484478
0.0022992
0.000244467
0
0
0
1682192183.19794
msg_begin
7.75686e+06
-364041
2.99724
0.0141516
0.00268854
0.00090652
0
0
0
1682192183.24796
msg_begin
7.75686e+06
-364041
2.99556
0.0251078
0.00189207
0.000335993
0
0
0
1682192183.29793
msg_begin
7.75686e+06
-364041
2.99469
0.0166138
0.0131728
0.000863534
0
0
0
1682192183.34790
msg_begin
7.75686e+06
-364041
2.99492
0.0214243
0.00502485
0.000414521
0
0
0
1682192183.39795
msg_begin
7.75686e+06
-364041
2.99232
0.00101516
0.00396543
0.00024798
0
0
0
1682192183.44783
msg_begin
7.75686e+06
-364041
2.99262
0.000709777
0.0013819
2.94621e-05
0
0
0
1682192183.49785
msg_begin
7.75686e+06
-364041
2.99307
0.00239363
0.00256713
0.000224792
0
0
0
1682192183.54778
msg_begin
7.75686e+06
-364041
2.99175
0.000639278
0.000729106
0.000242641
0
0
0
1682192183.59775
msg_begin
7.75686e+06
-364041
2.99237
0.00144405
0.00158447
0.000178973
0
0
0
1682192183.64764
msg_begin
7.75686e+06
-364041
2.99073
0.00843638
0.00330166
0.000328848
0
0
0
1682192183.69767
msg_begin
7.75686e+06
-364041
2.99036
0.00218455
0.00070829
0.000238082
0
0
0
1682192183.74762
msg_begin
7.75686e+06
-364041
2.98987
0.0166608
0.0138664
0.00184565
0
0
0
1682192183.79765
msg_begin
7.75686e+06
-364041
2.98662
0.0222635
0.00856446
0.00106909
0
0
0
1682192183.84758
msg_begin
7.75686e+06
-364041
2.98755
0.0119511
0.00135823
0.000237009
0
0
0
1682192183.89764
msg_begin
7.75686e+06
-364040
2.98777
0.0251116
0.011781
0.000618102
0
0
0
1682192183.94789
msg_begin
7.75686e+06
-364040
2.98843
0.0114894
0.00797735
0.00166524
0
0
0
1682192183.99770
msg_begin
7.75686e+06
-364040
2.99099
0.00333109
0.00565787
0.000560879
0
0
0
1682192184.04773
msg_begin
7.75686e+06
-364040
2.98831
0.00724399
0.0119098
0.000646669
0
0
0
1682192184.09770
msg_begin
7.75686e+06
-364040
2.98754
0.00466459
0.000942228
0.000265506
0
0
0
1682192184.14772
msg_begin
7.75686e+06
-364040
2.98772
0.00179556
0.000723075
2.77681e-05
0
0
0
1682192184.19764
msg_begin
7.75685e+06
-364040
2.98699
0.0251625
0.0065426
0.00076247
0
0
0
1682192184.24759
msg_begin
7.75685e+06
-364040
2.98744
0.00257307
0.00387708
0.000342457
0
0
0
1682192184.29759
msg_begin
7.75685e+06
-364040
2.9884
0.00475844
0.00027609
0.000155851
0
0
0
1682192184.34788
msg_begin
7.75685e+06
-364040
2.9849
0.0194309
0.00140754
0.000188205
0
0
0
1682192184.39745
msg_begin
7.75685e+06
-364040
2.98561
0.00600429
0.00187445
0.000207797
0
0
0
1682192184.44746
msg_begin
7.75685e+06
-364040
2.98493
0.0183293
0.00505041
0.000716718
0
0
0
1682192184.49748
msg_begin
7.75685e+06
-364040
2.9858
3.91155e-08
2.91038e-10
8.88178e-16
0
0
0
1682192184.54747
msg_begin
7.75685e+06
-364040
2.98188
0.0204963
0.00256735
0.000432264
0
0
0
1682192184.59750
msg_begin
7.75685e+06
-364040
2.97842
0.0077372
0.00280287
0.00068846
0
0
0
1682192184.64754
msg_begin
7.75685e+06
-364040
2.98047
0.00490458
0.00243216
0.000292363
0
0
0
1682192184.69752
msg_begin
7.75685e+06
-364040
2.98389
0.000563186
0.00018169
7.8883e-05
0
0
0
1682192184.74757
msg_begin
7.75685e+06
-364040
2.98046
0.00463417
0.00282517
0.00039091
0
0
0
1682192184.79766
msg_begin
7.75685e+06
-364040
2.97742
0.0167922
0.00628424
0.00109339
0
0
0
1682192184.84762
msg_begin
7.75685e+06
-364040
2.97859
0.00277911
0.0055787
0.000264301
0
0
0
1682192184.89836
msg_begin
7.75685e+06
-364039
2.97748
0.0305159
0.00160349
0.00134452
0
0
0
1682192184.94762
msg_begin
7.75685e+06
-364039
2.9751
0.00967157
0.00421463
0.000621542
0
0
0
1682192184.99759
msg_begin
7.75685e+06
-364039
2.97707
0.00142141
0.000356681
1.93864e-05
0
0
0
1682192185.04758
msg_begin
7.75685e+06
-364039
2.97625
0.00896646
0.00431875
0.000480402
0
0
0
1682192185.09774
msg_begin
7.75685e+06
-364039
2.97646
0.00287711
0.00205534
0.000377619
0
0
0
1682192185.14746
msg_begin
7.75685e+06
-364039
2.97739
0.00354742
0.00139208
0.000269729
0
0
0
1682192185.19745
msg_begin
7.75685e+06
-364039
2.97631
0.0177122
0.00814419
0.000760265
0
0
0
1682192185.24738
msg_begin
7.75685e+06
-364039
2.97697
0.0120193
0.00475116
0.00108245
0
0
0
1682192185.29759
msg_begin
7.75685e+06
-364039
2.97512
0.00654812
0.000905614
0.000550653
0
0
0
1682192185.34745
msg_begin
7.75685e+06
-364039
2.97356
0.0154883
0.00871758
0.000768763
0
0
0
1682192185.39734
msg_begin
7.75685e+06
-364039
2.97299
0.0159075
0.00565545
0.00237862
0
0
0
1682192185.44736
msg_begin
7.75685e+06
-364039
2.97206
0.0148632
0.00760755
0.00231765
0
0
0
1682192185.49741
msg_begin
7.75685e+06
-364039
2.97563
0.00519679
0.00305399
0.000353573
0
0
0
1682192185.54736
msg_begin
7.75685e+06
-364039
2.9772
0.0247117
0.00942996
0.000970893
0
0
0
1682192185.59744
msg_begin
7.75685e+06
-364039
2.97828
0.00851971
0.00791355
0.000456992
0
0
0
1682192185.64746
msg_begin
7.75685e+06
-364039
2.97795
0.0128737
0.00778729
0.000223973
0
0
0
1682192185.69749
msg_begin
7.75685e+06
-364039
2.98016
0.00708899
0.004603
0.000211571
0
0
0
1682192185.74749
msg_begin
7.75684e+06
-364039
2.98099
0.00723755
0.000731686
0.000151949
0
0
0
1682192185.79749
msg_begin
7.75684e+06
-364039
2.97772
0.00487862
0.00337025
0.000386727
0
0
0
1682192185.84752
msg_begin
7.75684e+06
-364039
2.97519
0.0187917
0.00858572
0.000812822
0
0
0
1682192185.89753
msg_begin
7.75684e+06
-364039
2.9776
0.00975837
0.00641861
0.00116098
0
0
0
1682192185.94754
msg_begin
7.75684e+06
-364039
2.98136
0.027449
0.00258058
0.000482389
0
0
0
1682192185.99758
msg_begin
7.75684e+06
-364039
2.98094
0.0108915
0.00564406
0.000661454
0
0
0
1682192186.04757
msg_begin
7.75684e+06
-364038
2.97712
6.61239e-08
2.96859e-09
1.77636e-15
0
0
0
1682192186.09766
msg_begin
7.75684e+06
-364038
2.98134
0.00168849
0.00114167
0.000299358
0
0
0
1682192186.14762
msg_begin
7.75684e+06
-364038
2.98018
0.0170506
0.00998181
0.00140915
0
0
0
1682192186.19768
msg_begin
7.75684e+06
-364038
2.98119
0.00125951
0.00246159
0.000129259
0
0
0
1682192186.24771
msg_begin
7.75684e+06
-364038
2.98013
0.00379904
0.00132958
0.000325905
0
0
0
1682192186.29795
msg_begin
7.75684e+06
-364038
2.97616
0.013258
0.00412924
0.00106403
0
0
0
1682192186.34760
msg_begin
7.75684e+06
-364038
2.97504
0.0105505
0.00277919
0.000507844
0
0
0
1682192186.39765
msg_begin
7.75684e+06
-364038
2.97965
0.0243669
0.00655387
0.000668209
0
0
0
1682192186.44762
msg_begin
7.75684e+06
-364038
2.97575
0.00115178
6.49793e-05
4.45702e-05
0
0
0
1682192186.49766
msg_begin
7.75684e+06
-364038
2.97535
0.00965057
0.00848294
0.000909372
0
0
0
1682192186.54759
msg_begin
7.75684e+06
-364038
2.97824
0.0300241
0.0114715
0.00201436
0
0
0
1682192186.59759
msg_begin
7.75684e+06
-364038
2.97585
0.00727253
0.000265361
0.000248096
0
0
0
1682192186.64769
msg_begin
7.75684e+06
-364038
2.97872
0.00364485
0.000729337
1.5964e-05
0
0
0
1682192186.69769
msg_begin
7.75684e+06
-364038
2.97942
0.0068861
0.00387088
0.000570077
0
0
0
1682192186.74772
msg_begin
7.75684e+06
-364038
2.97984
0.00293161
0.00108577
0.000158884
0
0
0
1682192186.79776
msg_begin
7.75684e+06
-364038
2.97811
0.0168983
0.00756527
0.000927513
0
0
0
1682192186.84782
msg_begin
7.75684e+06
-364038
2.97847
0.0435834
0.0121837
0.00134425
0
0
0
1682192186.89817
msg_begin
7.75684e+06
-364038
2.97864
0.0183636
0.00628313
0.000403023
0
0
0
1682192186.94781
msg_begin
7.75684e+06
-364038
2.9764
0.00249433
0.000330898
0.000651042
0
0
0
1682192186.99782
msg_begin
7.75684e+06
-364038
2.977
0.00395759
0.0040701
0.000638104
0
0
0
1682192187.04785
msg_begin
7.75684e+06
-364038
2.97798
0.00049195
0.00145192
5.66389e-05
0
0
0
1682192187.09835
msg_begin
7.75684e+06
-364038
2.97859
0.0034028
0.00394718
0.000312272
0
0
0
1682192187.14783
msg_begin
7.75684e+06
-364038
2.9775
0.0093083
0.00143215
0.000546471
0
0
0
1682192187.19781
msg_begin
7.75684e+06
-364038
2.97786
0.0115671
0.00728972
0.000610996
0
0
0
1682192187.24778
msg_begin
7.75684e+06
-364038
2.97506
0.0178712
0.0089975
0.000921315
0
0
0
1682192187.29811
msg_begin
7.75684e+06
-364038
2.97712
0.0082111
0.00230189
0.000413896
0
0
0
1682192187.34770
msg_begin
7.75684e+06
-364038
2.97795
0.0275252
0.00460109
0.000963641
0
0
0
1682192187.39771
msg_begin
7.75684e+06
-364038
2.9788
0.024271
0.0147615
0.000602955
0
0
0
1682192187.44777
msg_begin
7.75684e+06
-364037
2.97632
0.0382294
0.00343416
0.000899639
0
0
0
1682192187.49829
msg_begin
7.75684e+06
-364037
2.9806
3.44589e-08
1.04774e-09
1.33227e-15
0
0
0
1682192187.54783
msg_begin
7.75684e+06
-364037
2.97717
0.0122672
0.00653237
0.000729004
0
0
0
1682192187.59790
msg_begin
7.75684e+06
-364037
2.97342
0.0121901
0.00575977
0.00106483
0
0
0
1682192187.64791
msg_begin
7.75684e+06
-364037
2.97461
0.0221199
0.00180415
0.00045578
0
0
0
1682192187.69801
msg_begin
7.75684e+06
-364037
2.97409
0.00581866
0.00452297
0.000283538
0
0
0
1682192187.74804
msg_begin
7.75683e+06
-364037
2.9755
0.0137204
0.00377394
0.000470402
0
0
0
1682192187.79805
msg_begin
7.75683e+06
-364037
2.97616
0.00328145
0.000966146
0.000131695
0
0
0
1682192187.84814
msg_begin
7.75683e+06
-364037
2.9763
0.0113289
0.00377843
0.000618671
0
0
0
1682192187.89965
msg_begin
7.75683e+06
-364037
2.97704
0.00969612
0.0142582
0.000839793
0
0
0
1682192187.94809
msg_begin
7.75683e+06
-364037
2.97478
0.0144271
0.0106054
0.000616127
0
0
0
1682192187.99817
msg_begin
7.75683e+06
-364037
2.9754
0.00207638
0.00229293
0.000213561
0
0
0
1682192188.04814
msg_begin
7.75683e+06
-364037
2.97478
0.0118855
0.00657608
0.000608422
0
0
0
1682192188.09809
msg_begin
7.75683e+06
-364037
2.97406
0.00140988
0.000816865
6.36972e-06
0
0
0
1682192188.14812
msg_begin
7.75683e+06
-364037
2.97371
0.0102091
0.00751809
0.000832397
0
0
0
1682192188.19806
msg_begin
7.75683e+06
-364037
2.973
0.0135274
0.00879166
0.000525636
0
0
0
1682192188.24801
msg_begin
7.75683e+06
-364037
2.97378
0.00142488
0.00142088
0.000149473
0
0
0
1682192188.29799
msg_begin
7.75683e+06
-364037
2.96974
0.00592835
0.00310864
0.000952555
0
0
0
1682192188.34787
msg_begin
7.75683e+06
-364037
2.96992
0.00595868
0.00607492
0.000915323
0
0
0
1682192188.39782
msg_begin
7.75683e+06
-364037
2.9697
1.95578e-08
1.74623e-10
1.77636e-15
0
0
0
1682192188.44779
msg_begin
7.75683e+06
-364037
2.96854
0.00652724
0.00336746
0.000420928
0
0
0
1682192188.49763
msg_begin
7.75683e+06
-364037
2.96953
0.00416837
0.00726309
0.000273577
0
0
0
1682192188.54758
msg_begin
7.75683e+06
-364037
2.96856
0.00488014
0.004331
0.000120159
0
0
0
1682192188.59757
msg_begin
7.75683e+06
-364037
2.96991
0.00423585
0.00779898
0.000742399
0
0
0
1682192188.64751
msg_begin
7.75683e+06
-364037
2.96865
0.0206449
0.00301142
0.000349592
0
0
0
1682192188.69749
msg_begin
7.75683e+06
-364037
2.9671
0.014061
0.00467434
0.000607952
0
0
0
1682192188.74748
msg_begin
7.75683e+06
-364037
2.96551
0.0036817
0.000967167
5.67491e-05
0
0
0
1682192188.79752
msg_begin
7.75683e+06
-364037
2.9644
0.00486167
0.00247573
0.000765953
0
0
0
1682192188.84749
msg_begin
7.75683e+06
-364037
2.96271
0.0107407
0.00758127
0.000327156
0
0
0
1682192188.89782
msg_begin
7.75683e+06
-364037
2.96208
0.0118848
0.0040103
0.00118342
0
0
0
1682192188.94756
msg_begin
7.75683e+06
-364037
2.962
0.00587408
0.00543232
0.000432739
0
0
0
1682192188.99756
msg_begin
7.75683e+06
-364037
2.96213
0.0157465
0.0114919
0.00160699
0
0
0
1682192189.04756
msg_begin
7.75683e+06
-364036
2.95967
0.0174012
0.00552936
0.000996183
0
0
0
1682192189.09760
msg_begin
7.75683e+06
-364036
2.96231
0.00737867
0.0115232
0.00144096
0
0
0
1682192189.14770
msg_begin
7.75683e+06
-364036
2.96303
0.0132307
0.00580203
0.000563905
0
0
0
1682192189.19772
msg_begin
7.75683e+06
-364036
2.96524
0.00294939
0.00138654
0.000292135
0
0
0
1682192189.24772
msg_begin
7.75683e+06
-364036
2.96165
0.0044682
0.00782062
0.000412655
0
0
0
1682192189.29816
msg_begin
7.75683e+06
-364036
2.95875
0.0156288
0.00789742
0.000678658
0
0
0
1682192189.34777
msg_begin
7.75683e+06
-364036
2.95803
0.0166149
0.00547243
0.00115455
0
0
0
1682192189.39784
msg_begin
7.75683e+06
-364036
2.95952
0.00855522
0.00736195
0.00147843
0
0
0
1682192189.44775
msg_begin
7.75683e+06
-364036
2.96113
0.0110643
0.00184259
0.000198433
0
0
0
1682192189.49826
msg_begin
7.75683e+06
-364036
2.9598
0.0149983
0.00307269
0.000733001
0
0
0
1682192189.54780
msg_begin
7.75683e+06
-364036
2.95834
0.0224299
0.00554429
0.00101255
0
0
0
1682192189.59779
msg_begin
7.75683e+06
-364036
2.95738
0.0164781
0.008261
0.00209997
0
0
0
1682192189.64776
msg_begin
7.75683e+06
-364036
2.95938
0.0145772
0.00315259
0.00151746
0
0
0
1682192189.69769
msg_begin
7.75683e+06
-364036
2.95452
0.0424148
0.0104864
0.0011177
0
0
0
1682192189.74769
msg_begin
7.75683e+06
-364036
2.95365
0.0461551
0.0076886
0.000992387
0
0
0
1682192189.79761
msg_begin
7.75683e+06
-364036
2.95269
0.00128378
0.000559719
7.5904e-05
0
0
0
1682192189.84757
msg_begin
7.75683e+06
-364036
2.95685
0.00256132
0.00164162
0.000207285
0
0
0
1682192189.89758
msg_begin
7.75683e+06
-364036
2.95622
0.0127055
0.00767299
0.000778075
0
0
0
1682192189.94755
msg_begin
7.75683e+06
-364036
2.95193
0.00306776
0.00295592
7.37309e-05
0
0
0
1682192189.99756
msg_begin
7.75683e+06
-364036
2.95146
0.00958177
0.00825829
0.00175135
0
0
0
1682192190.04754
msg_begin
7.75683e+06
-364036
2.94674
0.0178182
0.00662982
0.0013844
0
0
0
1682192190.09747
msg_begin
7.75683e+06
-364036
2.94751
0.0163337
0.00925623
0.000409687
0
0
0
1682192190.14758
msg_begin
7.75682e+06
-364036
2.94555
0.0112721
0.0107427
0.00108208
0
0
0
1682192190.19765
msg_begin
7.75682e+06
-364036
2.94633
0.00390879
0.000634762
9.36117e-05
0
0
0
1682192190.24763
msg_begin
7.75682e+06
-364036
2.94833
0.000676601
0.00214327
0.000117935
0
0
0
1682192190.29779
msg_begin
7.75682e+06
-364036
2.94866
0.000630795
0.000189151
2.13807e-05
0
0
0
1682192190.34779
msg_begin
7.75682e+06
-364035
2.94677
0.0236679
0.00502561
0.000493194
0
0
0
1682192190.39776
msg_begin
7.75682e+06
-364035
2.94707
0.00911036
0.00386642
0.000340946
0
0
0
1682192190.44782
msg_begin
7.75682e+06
-364035
2.94427
0.0133076
0.00438238
0.000494352
0
0
0
1682192190.49792
msg_begin
7.75682e+06
-364035
2.94161
0.00962233
0.00305011
0.000390024
0
0
0
1682192190.54787
msg_begin
7.75682e+06
-364035
2.94122
0.00266598
0.00151698
7.83185e-05
0
0
0
1682192190.59788
msg_begin
7.75682e+06
-364035
2.93838
0.0157661
0.0104588
0.00196536
0
0
0
1682192190.64788
msg_begin
7.75682e+06
-364035
2.94052
0.00654546
0.00357869
0.000281805
0
0
0
1682192190.69777
msg_begin
7.75682e+06
-364035
2.94001
0.0241954
0.01092
0.00116656
0
0
0
1682192190.74771
msg_begin
7.75682e+06
-364035
2.93837
0.0107761
0.0119423
0.00103852
0
0
0
1682192190.79772
msg_begin
7.75682e+06
-364035
2.93938
0.00381265
0.00796005
0.000508546
0
0
0
1682192190.84770
msg_begin
7.75682e+06
-364035
2.93499
7.44543e-05
0.000476137
6.91945e-05
0
0
0
1682192190.89762
msg_begin
7.75682e+06
-364035
2.93567
0.00135469
0.000896668
0.000163575
0
0
0
1682192190.94766
msg_begin
7.75682e+06
-364035
2.93409
9.31323e-10
3.20142e-09
2.22045e-15
0
0
0
1682192190.99765
msg_begin
7.75682e+06
-364035
2.92795
0.0024783
0.00189869
0.000169275
0
0
0
1682192191.04767
msg_begin
7.75682e+06
-364035
2.92737
0.01362
0.00231082
0.00058364
0
0
0
1682192191.09769
msg_begin
7.75682e+06
-364035
2.92726
0.0102602
0.00335047
0.000459353
0
0
0
1682192191.14779
msg_begin
7.75682e+06
-364035
2.92515
0.0420246
0.00958834
0.00211784
0
0
0
1682192191.19791
msg_begin
7.75682e+06
-364035
2.92151
0.00391438
0.00162186
6.9795e-05
0
0
0
1682192191.24783
msg_begin
7.75682e+06
-364035
2.91793
0.0219491
0.00799023
0.00154062
0
0
0
1682192191.29825
msg_begin
7.75682e+06
-364035
2.91626
0.00316811
0.000748391
0.000359441
0
0
0
1682192191.34792
msg_begin
7.75682e+06
-364035
2.9158
0.00225513
0.00210131
8.48636e-06
0
0
0
1682192191.39794
msg_begin
7.75682e+06
-364034
2.91345
0.00402633
0.0074374
0.000672732
0
0
0
1682192191.44793
msg_begin
7.75682e+06
-364034
2.9113
0.00428517
0.0086081
0.000595293
0
0
0
1682192191.49833
msg_begin
7.75682e+06
-364034
2.91323
0.0109703
0.0092002
0.000650867
0
0
0
1682192191.54788
msg_begin
7.75682e+06
-364034
2.91136
0.0229604
0.00510432
0.00201472
0
0
0
1682192191.59788
msg_begin
7.75682e+06
-364034
2.911
0.00665427
0.0053654
0.000598857
0
0
0
1682192191.64782
msg_begin
7.75682e+06
-364034
2.90669
0.00634996
0.0142982
0.000842918
0
0
0
1682192191.69782
msg_begin
7.75682e+06
-364034
2.90405
0.00447231
0.000876766
6.96443e-05
0
0
0
1682192191.74773
msg_begin
7.75682e+06
-364034
2.89954
0.0165148
0.014269
0.000859518
0
0
0
1682192191.79771
msg_begin
7.75682e+06
-364034
2.89398
0.0204956
0.0102971
0.00155977
0
0
0
1682192191.84760
msg_begin
7.75682e+06
-364034
2.89199
0.0099508
0.0100778
0.000730878
0
0
0
1682192191.89773
msg_begin
7.75682e+06
-364034
2.89214
0.00502898
0.000472785
0.000135697
0
0
0
1682192191.94758
msg_begin
7.75682e+06
-364034
2.89047
0.0112917
0.00966903
0.000931232
0
0
0
1682192191.99760
msg_begin
7.75682e+06
-364034
2.88956
0.0164131
0.014212
0.00151914
0
0
0
1682192192.04759
msg_begin
7.75681e+06
-364034
2.88139
0.00818273
0.00202305
0.000189209
0
0
0
1682192192.09764
msg_begin
7.75681e+06
-364034
2.87764
0.0137726
0.00718261
0.00155738
0
0
0
1682192192.14758
msg_begin
7.75681e+06
-364033
2.87556
0.0083443
0.00819081
0.00117342
0
0
0
1682192192.19762
msg_begin
7.75681e+06
-364033
2.873
0.00821296
0.00547512
0.000972557
0
0
0
1682192192.24774
msg_begin
7.75681e+06
-364033
2.86855
0.0218821
0.0139958
0.00141112
0
0
0
1682192192.29826
msg_begin
7.75681e+06
-364033
2.86834
0.0179635
0.0106607
0.00165217
0
0
0
1682192192.34770
msg_begin
7.75681e+06
-364033
2.86365
0.0267742
0.00926767
0.00225766
0
0
0
1682192192.39773
msg_begin
7.75681e+06
-364033
2.86104
0.00419794
0.00129515
7.1969e-05
0
0
0
1682192192.44766
msg_begin
7.75681e+06
-364033
2.85935
0.0409209
0.0146202
0.00116228
0
0
0
1682192192.49786
msg_begin
7.75681e+06
-364033
2.8555
0.0273016
0.0113309
0.000514957
0
0
0
1682192192.54759
msg_begin
7.75681e+06
-364033
2.85201
0.00240015
0.00169548
0.000331987
0
0
0
1682192192.59756
msg_begin
7.75681e+06
-364033
2.8519
0.00540351
0.003431
0.000517285
0
0
0
1682192192.64760
msg_begin
7.75681e+06
-364033
2.84475
0.00798199
0.00283096
0.000878805
0
0
0
1682192192.69758
msg_begin
7.75681e+06
-364033
2.84099
0.00974145
0.00423131
0.000677443
0
0
0
1682192192.74766
msg_begin
7.75681e+06
-364033
2.84027
0.00899621
0.00221193
0.000985719
0
0
0
1682192192.79765
msg_begin
7.75681e+06
-364032
2.83786
0.0581842
0.0117121
0.00141076
0
0
0
1682192192.84768
msg_begin
7.75681e+06
-364032
2.83323
0.00416375
0.00341027
0.000517142
0
0
0
1682192192.89805
msg_begin
7.75681e+06
-364032
2.83111
0.000877656
0.000394323
1.91374e-05
0
0
0
1682192192.94763
msg_begin
7.75681e+06
-364032
2.83007
6.51926e-09
1.68802e-09
2.22045e-15
0
0
0
1682192192.99766
msg_begin
7.75681e+06
-364032
2.82659
0.00825072
0.00199056
0.000171206
0
0
0
1682192193.04761
msg_begin
7.75681e+06
-364032
2.82458
0.0267981
0.0147626
0.00248554
0
0
0
1682192193.09811
msg_begin
7.75681e+06
-364032
2.82221
0.00818944
0.00389832
0.000449315
0
0
0
1682192193.14754
msg_begin
7.75681e+06
-364032
2.81992
0.00422733
0.00370203
0.000325654
0
0
0
1682192193.19755
msg_begin
7.75681e+06
-364032
2.81426
0.00302301
0.00419497
0.00110252
0
0
0
1682192193.24749
msg_begin
7.75681e+06
-364032
2.81766
0.019635
0.0145774
0.00198851
0
0
0
1682192193.29748
msg_begin
7.75681e+06
-364032
2.81777
0.0192558
0.00932751
0.0012221
0
0
0
1682192193.34750
msg_begin
7.75681e+06
-364031
2.81572
0.0693513
0.0236282
0.00218982
0
0
0
1682192193.39759
msg_begin
7.75681e+06
-364031
2.81083
0.0264977
0.00902794
0.000786794
0
0
0
1682192193.44776
msg_begin
7.75681e+06
-364031
2.80755
7.45058e-09
3.20142e-09
2.66454e-15
0
0
0
1682192193.49802
msg_begin
7.75681e+06
-364031
2.80727
0.021246
0.0147726
0.00100841
0
0
0
1682192193.54764
msg_begin
7.75681e+06
-364031
2.80651
0.0132022
0.0254166
0.000687664
0
0
0
1682192193.59767
msg_begin
7.75681e+06
-364031
2.80618
0.0200639
0.00864708
0.000598368
0
0
0
1682192193.64858
msg_begin
7.75681e+06
-364031
2.80223
0.0103484
0.00119184
0.000648785
0
0
0
1682192193.69762
msg_begin
7.75681e+06
-364031
2.80185
0.0103898
0.00282261
0.000612366
0
0
0
1682192193.74756
msg_begin
7.7568e+06
-364031
2.79511
0.0154473
0.00113527
0.00112568
0
0
0
1682192193.79766
msg_begin
7.7568e+06
-364030
2.79462
0.0139176
0.00714269
0.00107046
0
0
0
1682192193.84853
msg_begin
7.7568e+06
-364030
2.79307
0.0210228
0.00829967
0.00100224
0
0
0
1682192193.89753
msg_begin
7.7568e+06
-364030
2.79167
0.017555
0.00910983
0.000533827
0
0
0
1682192193.94751
msg_begin
7.7568e+06
-364030
2.78739
0.0300111
0.0158259
0.00157143
0
0
0
1682192193.99749
msg_begin
7.7568e+06
-364030
2.78695
0.0160085
0.00490887
0.000170177
0
0
0
1682192194.04769
msg_begin
7.7568e+06
-364030
2.78868
0.0204484
0.00776131
0.000735604
0
0
0
1682192194.09791
msg_begin
7.7568e+06
-364030
2.78438
0.0106859
0.00787629
0.00102991
0
0
0
1682192194.14755
msg_begin
7.7568e+06
-364030
2.78199
0.00552381
0.00740485
0.000324038
0
0
0
1682192194.19759
msg_begin
7.7568e+06
-364030
2.78049
0.00589487
0.00278956
2.55635e-05
0
0
0
1682192194.24789
msg_begin
7.7568e+06
-364030
2.78191
0.00199726
0.00663297
0.0016314
0
0
0
1682192194.29766
msg_begin
7.7568e+06
-364029
2.78215
0.0295865
0.0126466
0.000663099
0
0
0
1682192194.34770
msg_begin
7.7568e+06
-364029
2.77994
0.00240123
0.00220709
0.000318802
0
0
0
1682192194.39784
msg_begin
7.7568e+06
-364029
2.77744
0.0256596
0.00122325
0.000216891
0
0
0
1682192194.44889
msg_begin
7.7568e+06
-364029
2.77683
0.00605349
0.00252253
0.000103411
0
0
0
1682192194.49832
msg_begin
7.7568e+06
-364029
2.77513
0.00923235
0.00481726
0.000903971
0
0
0
1682192194.54790
msg_begin
7.7568e+06
-364029
2.77144
0.000348093
0.000207223
6.51605e-05
0
0
0
1682192194.59792
msg_begin
7.7568e+06
-364029
2.76738
0.00658772
0.00102364
0.000140021
0
0
0
1682192194.64918
msg_begin
7.7568e+06
-364029
2.76691
0.00959495
0.00569609
0.000752337
0
0
0
1682192194.69790
msg_begin
7.7568e+06
-364029
2.7642
0.00788761
0.0155179
0.00124437
0
0
0
1682192194.74790
msg_begin
7.7568e+06
-364028
2.76805
0.00692029
0.00337675
0.000269177
0
0
0
1682192194.79786
msg_begin
7.7568e+06
-364028
2.76625
0.0097651
0.00454158
0.00092591
0
0
0
1682192194.84802
msg_begin
7.7568e+06
-364028
2.76598
0.0059195
0.0102074
0.000546973
0
0
0
1682192194.89803
msg_begin
7.7568e+06
-364028
2.76758
0.000421725
0.00169551
4.9017e-05
0
0
0
1682192194.94776
msg_begin
7.7568e+06
-364028
2.76354
0.00018886
0.000880705
0.00010488
0
0
0
1682192194.99771
msg_begin
7.7568e+06
-364028
2.7659
0.0195997
0.00333324
0.000847416
0
0
0
1682192195.04886
msg_begin
7.7568e+06
-364028
2.76538
0.0107696
0.000869868
0.000855414
0
0
0
1682192195.09814
msg_begin
7.7568e+06
-364028
2.76587
0.0160589
0.00467185
0.000768784
0
0
0
1682192195.14771
msg_begin
7.7568e+06
-364027
2.76386
0.00983208
0.00631403
0.000608171
0
0
0
1682192195.19774
msg_begin
7.7568e+06
-364027
2.76238
0.00943778
0.00668637
0.00132199
0
0
0
1682192195.24812
msg_begin
7.7568e+06
-364027
2.76609
5.21541e-08
1.92085e-09
1.33227e-15
0
0
0
1682192195.29810
msg_begin
7.7568e+06
-364027
2.76457
0.00332326
0.00241433
0.000477282
0
0
0
1682192195.34784
msg_begin
7.7568e+06
-364027
2.76625
0.0258496
0.0149571
0.00078033
0
0
0
1682192195.39789
msg_begin
7.75679e+06
-364027
2.76815
0.054395
0.0219924
0.0012144
0
0
0
1682192195.44935
msg_begin
7.75679e+06
-364027
2.76784
0.00681264
0.00293094
8.08593e-05
0
0
0
1682192195.49807
msg_begin
7.75679e+06
-364027
2.76894
0.0106935
0.00600898
0.000589346
0
0
0
1682192195.54795
msg_begin
7.75679e+06
-364027
2.77274
0.00615761
0.0041603
0.000941164
0
0
0
1682192195.59796
msg_begin
7.75679e+06
-364026
2.77505
0.00653666
0.0051955
0.000678686
0
0
0
1682192195.64800
msg_begin
7.75679e+06
-364026
2.77411
0.000359821
0.000374769
3.42178e-05
0
0
0
1682192195.69794
msg_begin
7.75679e+06
-364026
2.7711
0.0129167
0.00377376
0.000297564
0
0
0
1682192195.74791
msg_begin
7.75679e+06
-364026
2.77134
0.00405128
0.00108401
0.000271688
0
0
0
1682192195.79784
msg_begin
7.75679e+06
-364026
2.77428
0.0142668
0.00271833
0.000378736
0
0
0
1682192195.84908
msg_begin
7.75679e+06
-364026
2.77441
0.00944127
0.000627109
0.000188838
0
0
0
1682192195.89828
msg_begin
7.75679e+06
-364026
2.77674
0.00275858
0.000914134
6.76251e-05
0
0
0
1682192195.94783
msg_begin
7.75679e+06
-364026
2.7744
0.000194131
0.00231631
0.00015913
0
0
0
1682192195.99784
msg_begin
7.75679e+06
-364026
2.77464
0.0113105
0.00336266
0.000322857
0
0
0
1682192196.04785
msg_begin
7.75679e+06
-364025
2.77809
0.000959848
0.00252876
0.000120331
0
0
0
1682192196.09826
msg_begin
7.75679e+06
-364025
2.7775
0.0385089
0.0242447
0.00133562
0
0
0
1682192196.14791
msg_begin
7.75679e+06
-364025
2.77808
0.00960791
0.00407482
0.000449609
0
0
0
1682192196.19796
msg_begin
7.75679e+06
-364025
2.77826
0.030943
0.00529513
0.000509983
0
0
0
1682192196.24811
msg_begin
7.75679e+06
-364025
2.77646
0.0071232
0.00397349
0.000732782
0
0
0
1682192196.29857
msg_begin
7.75679e+06
-364025
2.7796
0.00699446
0.00667594
0.000869978
0
0
0
1682192196.34803
msg_begin
7.75679e+06
-364025
2.77673
0.0179224
0.00875405
0.00125786
0
0
0
1682192196.39805
msg_begin
7.75679e+06
-364025
2.77929
0.00609876
0.0095931
0.000245865
0
0
0
1682192196.44923
msg_begin
7.75679e+06
-364025
2.77882
0.00622797
0.000380045
0.000604742
0
0
0
1682192196.49801
msg_begin
7.75679e+06
-364025
2.77675
0.00251489
0.000336562
4.34754e-05
0
0
0
1682192196.54798
msg_begin
7.75679e+06
-364024
2.78034
0.000140372
0.00115429
3.26693e-05
0
0
0
1682192196.59795
msg_begin
7.75679e+06
-364024
2.77848
0.0203714
0.00548279
0.000797899
0
0
0
1682192196.64789
msg_begin
7.75679e+06
-364024
2.77804
0.00412408
0.00249403
0.000192669
0
0
0
1682192196.69794
msg_begin
7.75679e+06
-364024
2.77779
0.00554485
0.00516623
0.000359076
0
0
0
1682192196.74784
msg_begin
7.75679e+06
-364024
2.77843
0.022133
0.0157384
0.00140211
0
0
0
1682192196.79783
msg_begin
7.75679e+06
-364024
2.77584
0.0152937
0.00951919
0.00151358
0
0
0
1682192196.84902
msg_begin
7.75679e+06
-364024
2.77539
0.0163432
0.00780412
0.000619811
0
0
0
1682192196.89798
msg_begin
7.75679e+06
-364024
2.77626
5.21541e-08
0
1.77636e-15
0
0
0
1682192196.94775
msg_begin
7.75679e+06
-364024
2.77684
0.00143786
0.00143309
0.000193663
0
0
0
1682192196.99783
msg_begin
7.75679e+06
-364024
2.77887
0.0202587
0.00759868
0.000582394
0
0
0
1682192197.04864
msg_begin
7.75679e+06
-364024
2.77946
9.31323e-10
2.61934e-09
4.44089e-16
0
0
0
1682192197.09790
msg_begin
7.75679e+06
-364024
2.77755
0.00271939
0.00400743
0.000404124
0
0
0
1682192197.14793
msg_begin
7.75679e+06
-364024
2.77896
0.00280771
0.00168747
0.000154237
0
0
0
1682192197.19788
msg_begin
7.75679e+06
-364023
2.78162
0.0135629
0.00418376
0.0011597
0
0
0
1682192197.24797
msg_begin
7.75678e+06
-364023
2.78449
0.00601668
0.00427973
0.00105892
0
0
0
1682192197.29795
msg_begin
7.75678e+06
-364023
2.78035
1.21072e-08
2.21189e-09
4.44089e-15
0
0
0
1682192197.34784
msg_begin
7.75678e+06
-364023
2.7836
0.00166336
0.00409867
0.00128983
0
0
0
1682192197.39789
msg_begin
7.75678e+06
-364023
2.78261
0.0126473
0.00333363
0.000667252
0
0
0
1682192197.44788
msg_begin
7.75678e+06
-364023
2.78417
0.00169417
0.000867416
8.15716e-05
0
0
0
1682192197.49788
msg_begin
7.75678e+06
-364023
2.78332
4.93601e-08
5.23869e-10
8.88178e-16
0
0
0
1682192197.54780
msg_begin
7.75678e+06
-364023
2.7829
0.00199278
0.000408719
2.81952e-05
0
0
0
1682192197.59778
msg_begin
7.75678e+06
-364023
2.78097
0.0170772
0.0144046
0.000847275
0
0
0
1682192197.64771
msg_begin
7.75678e+06
-364023
2.78186
0.00454028
0.00842727
0.000837713
0
0
0
1682192197.69767
msg_begin
7.75678e+06
-364023
2.78043
0.0086356
0.0056461
0.000550797
0
0
0
1682192197.74769
msg_begin
7.75678e+06
-364023
2.77819
0.00927807
0.00280193
0.000459762
0
0
0
1682192197.79763
msg_begin
7.75678e+06
-364023
2.77882
0.00699766
0.00279413
0.000733437
0
0
0
1682192197.84765
msg_begin
7.75678e+06
-364022
2.77897
0.00209335
0.000589844
0.000138233
0
0
0
1682192197.89771
msg_begin
7.75678e+06
-364022
2.78047
0.0141159
0.00205407
0.000701758
0
0
0
1682192197.94769
msg_begin
7.75678e+06
-364022
2.77853
0.00475774
0.0121372
0.00038383
0
0
0
1682192197.99771
msg_begin
7.75678e+06
-364022
2.77897
0.00067518
0.00165458
6.74021e-05
0
0
0
1682192198.04788
msg_begin
7.75678e+06
-364022
2.78035
0.0040965
0.0029115
0.00020527
0
0
0
1682192198.14786
msg_begin
7.75678e+06
-364022
2.77998
0.0218607
0.00840549
0.00110326
0
0
0
1682192198.19793
msg_begin
7.75678e+06
-364022
2.77945
0.0223265
0.0109661
0.000425276
0
0
0
1682192198.24916
msg_begin
7.75678e+06
-364022
2.78052
0.0162496
0.00567763
0.000396098
0
0
0
1682192198.29842
msg_begin
7.75678e+06
-364022
2.77912
6.61239e-08
1.10595e-09
3.10862e-15
0
0
0
1682192198.34797
msg_begin
7.75678e+06
-364022
2.78048
0.00586912
0.00717003
0.0010146
0
0
0
1682192198.39792
msg_begin
7.75678e+06
-364022
2.78188
0.00450793
0.00727243
0.000878619
0
0
0
1682192198.44788
msg_begin
7.75678e+06
-364022
2.78188
0.00165462
0.00129109
9.60207e-05
0
0
0
1682192198.49847
msg_begin
7.75678e+06
-364022
2.78307
0.0072097
0.0036838
0.000683093
0
0
0
1682192198.54783
msg_begin
7.75678e+06
-364022
2.78185
0.0116677
0.00194765
0.000216657
0
0
0
1682192198.59781
msg_begin
7.75678e+06
-364021
2.77814
0.0301014
0.0153165
0.00134835
0
0
0
1682192198.64885
msg_begin
7.75678e+06
-364021
2.77728
0.0140382
0.00326112
0.000533141
0
0
0
1682192198.69774
msg_begin
7.75678e+06
-364021
2.77769
0.0133532
0.00344937
0.000336158
0
0
0
1682192198.74772
msg_begin
7.75678e+06
-364021
2.77856
0.0156864
0.00466546
0.0011671
0
0
0
1682192198.79771
msg_begin
7.75678e+06
-364021
2.77742
0.0446311
0.00703647
0.00133368
0
0
0
1682192198.84769
msg_begin
7.75678e+06
-364021
2.78272
0.00399636
0.00278808
0.000129074
0
0
0
1682192198.89814
msg_begin
7.75678e+06
-364021
2.78432
0.00118897
0.0015325
0.000172915
0
0
0
1682192198.94766
msg_begin
7.75678e+06
-364021
2.78399
0.0117739
0.00541411
0.0011861
0
0
0
1682192198.99769
msg_begin
7.75678e+06
-364021
2.78103
0.000984715
0.000373428
3.25713e-05
0
0
0
1682192199.04871
msg_begin
7.75678e+06
-364021
2.78203
0.0173902
0.00466595
0.000264879
0
0
0
1682192199.09779
msg_begin
7.75678e+06
-364021
2.78474
0.00309747
0.000892901
0.00039239
0
0
0
1682192199.14774
msg_begin
7.75678e+06
-364021
2.78524
0.00180216
0.00195328
0.000405612
0
0
0
1682192199.19781
msg_begin
7.75678e+06
-364021
2.782
0.0178685
0.0014174
0.00207705
0
0
0
1682192199.24781
msg_begin
7.75678e+06
-364021
2.78202
0.00906623
0.00023415
6.4966e-05
0
0
0
1682192199.29813
msg_begin
7.75678e+06
-364021
2.78291
0.0114077
0.00434864
0.000402025
0
0
0
1682192199.34778
msg_begin
7.75678e+06
-364021
2.78408
0.00615321
0.00339683
0.000408646
0
0
0
1682192199.39780
msg_begin
7.75678e+06
-364021
2.78076
0.0140262
0.00596869
0.000824737
0
0
0
1682192199.44793
msg_begin
7.75678e+06
-364020
2.78407
0.0143175
0.00546056
0.00138698
0
0
0
1682192199.49826
msg_begin
7.75678e+06
-364020
2.77773
0.00377996
0.00802111
0.00105581
0
0
0
1682192199.54788
msg_begin
7.75678e+06
-364020
2.77768
0.00362346
0.00481731
0.000391439
0
0
0
1682192199.59794
msg_begin
7.75678e+06
-364020
2.7785
0.00147044
0.0062504
0.000211477
0
0
0
1682192199.64799
msg_begin
7.75678e+06
-364020
2.78031
0.0063463
0.00621579
0.000309891
0
0
0
1682192199.69812
msg_begin
7.75678e+06
-364020
2.78243
0.0157931
0.00406814
0.00108935
0
0
0
1682192199.74814
msg_begin
7.75678e+06
-364020
2.78245
0.0212214
0.0148469
0.00134944
0
0
0
1682192199.79820
msg_begin
7.75678e+06
-364020
2.78432
5.7742e-08
2.21189e-09
2.22045e-15
0
0
0
1682192199.84826
msg_begin
7.75678e+06
-364020
2.78415
0.00354531
0.000884683
0.000101969
0
0
0
1682192199.89870
msg_begin
7.75678e+06
-364020
2.78095
2.23517e-08
2.32831e-09
0
0
0
0
1682192199.94841
msg_begin
7.75678e+06
-364020
2.78405
0.00639383
0.0055018
0.000552621
0
0
0
1682192199.99840
msg_begin
7.75678e+06
-364020
2.78405
8.56817e-08
7.567e-10
0
0
0
0
1682192200.04955
msg_begin
7.75678e+06
-364020
2.78667
0.0016758
0.00476753
0.00051722
0
0
0
1682192200.09908
msg_begin
7.75678e+06
-364020
2.78504
0.004582
0.00517827
0.000429137
0
0
0
1682192200.14844
msg_begin
7.75677e+06
-364020
2.78529
0.00390829
0.00458167
0.00110058
0
0
0
1682192200.19836
msg_begin
7.75677e+06
-364020
2.78162
0.0151398
0.00458473
0.000552045
0
0
0
1682192200.24844
msg_begin
7.75677e+06
-364020
2.78135
0.000670408
0.000235811
1.84171e-05
0
0
0
1682192200.29911
msg_begin
7.75677e+06
-364020
2.78408
0.00473215
0.00422984
0.000386516
0
0
0
1682192200.34831
msg_begin
7.75677e+06
-364020
2.78172
0.00860343
0.00245098
0.00046388
0
0
0
1682192200.39825
msg_begin
7.75677e+06
-364019
2.78451
0.00111822
0.000468253
0.000153679
0
0
0
1682192200.44822
msg_begin
7.75677e+06
-364019
2.78406
0.0173799
0.00562912
0.000711882
0
0
0
1682192200.49862
msg_begin
7.75677e+06
-364019
2.78421
0.00807303
0.00636021
0.000387356
0
0
0
1682192200.54804
msg_begin
7.75677e+06
-364019
2.78452
0.00263129
0.00643547
0.000865461
0
0
0
1682192200.59800
msg_begin
7.75677e+06
-364019
2.78463
0.0105091
0.00402052
0.000412015
0
0
0
1682192200.64786
msg_begin
7.75677e+06
-364019
2.78209
0.00606918
0.00293198
0.000321801
0
0
0
1682192200.69782
msg_begin
7.75677e+06
-364019
2.78365
0.00272898
0.0034894
0.000402342
0
0
0
1682192200.74774
msg_begin
7.75677e+06
-364019
2.78668
0.000924492
0.00057758
7.29005e-05
0
0
0
1682192200.79767
msg_begin
7.75677e+06
-364019
2.78503
0.00931271
0.00165609
0.000375468
0
0
0
1682192200.84763
msg_begin
7.75677e+06
-364019
2.78314
0.0256965
0.00473535
0.00132383
0
0
0
1682192200.89826
msg_begin
7.75677e+06
-364019
2.78463
0.0156347
0.00934247
0.00113584
0
0
0
1682192200.94762
msg_begin
7.75677e+06
-364019
2.78537
0.00255784
0.00786533
0.000300757
0
0
0
1682192200.99762
msg_begin
7.75677e+06
-364019
2.78417
0.000302657
0.000444507
3.01353e-05
0
0
0
1682192201.04768
msg_begin
7.75677e+06
-364019
2.78279
0.025575
0.0052821
0.000928033
0
0
0
1682192201.09769
msg_begin
7.75677e+06
-364019
2.78484
0.0114105
0.00445435
0.000411641
0
0
0
1682192201.14773
msg_begin
7.75677e+06
-364019
2.78701
0.0025537
0.00639796
0.000898974
0
0
0
1682192201.19770
msg_begin
7.75677e+06
-364019
2.78432
0.000225301
0.000277675
0.00044477
0
0
0
1682192201.24866
msg_begin
7.75677e+06
-364019
2.78252
0.00805279
0.0123677
0.00140329
0
0
0
1682192201.29842
msg_begin
7.75677e+06
-364019
2.7839
0.0151026
0.00569383
0.0012279
0
0
0
1682192201.34777
msg_begin
7.75677e+06
-364019
2.78584
0.00382876
0.00139767
0.000151897
0
0
0
1682192201.39778
msg_begin
7.75677e+06
-364018
2.78673
0.00554442
0.00175157
0.000394132
0
0
0
1682192201.44837
msg_begin
7.75677e+06
-364018
2.78999
0.00874457
0.00615142
0.000632384
0
0
0
1682192201.49813
msg_begin
7.75677e+06
-364018
2.7851
6.51926e-08
9.31323e-10
8.88178e-16
0
0
0
1682192201.54777
msg_begin
7.75677e+06
-364018
2.78477
0.002936
0.00436978
0.000234912
0
0
0
1682192201.59772
msg_begin
7.75677e+06
-364018
2.78717
0.00736887
0.00699619
0.000943976
0
0
0
1682192201.64763
msg_begin
7.75677e+06
-364018
2.78734
0.00407215
0.00296654
0.000289683
0
0
0
1682192201.69766
msg_begin
7.75677e+06
-364018
2.7842
0.00624733
0.00680573
0.00129644
0
0
0
1682192201.74767
msg_begin
7.75677e+06
-364018
2.78583
0.0217969
0.00819373
0.000590418
0
0
0
1682192201.79765
msg_begin
7.75677e+06
-364018
2.78708
0.00607338
0.00345709
0.000252931
0
0
0
1682192201.84773
msg_begin
7.75677e+06
-364018
2.78434
0.00209898
0.000999717
9.4159e-05
0
0
0
1682192201.89765
msg_begin
7.75677e+06
-364018
2.78439
0.00711844
0.00725011
0.000551472
0
0
0
1682192201.94765
msg_begin
7.75677e+06
-364018
2.78601
0.0049552
0.000727566
0.000287987
0
0
0
1682192201.99779
msg_begin
7.75677e+06
-364018
2.78517
0.0132798
0.00635959
0.000931894
0
0
0
1682192202.04780
msg_begin
7.75677e+06
-364018
2.7881
0.00449837
0.00364849
0.000193385
0
0
0
1682192202.09832
msg_begin
7.75677e+06
-364018
2.78913
0.0180536
0.00613499
0.000625005
0
0
0
1682192202.14791
msg_begin
7.75677e+06
-364018
2.79068
0.0346091
0.00861599
0.00163615
0
0
0
1682192202.19794
msg_begin
7.75677e+06
-364018
2.79009
0.0395127
0.0110426
0.00059179
0
0
0
1682192202.24799
msg_begin
7.75677e+06
-364017
2.79347
0.00100641
0.00333216
0.000267467
0
0
0
1682192202.29805
msg_begin
7.75677e+06
-364017
2.79436
0.0268696
0.00118676
0.000770645
0
0
0
1682192202.34813
msg_begin
7.75677e+06
-364017
2.79086
0.0297364
0.00437484
0.00137201
0
0
0
1682192202.39811
msg_begin
7.75677e+06
-364017
2.78797
0.000266568
0.00122983
0.000208711
0
0
0
1682192202.44806
msg_begin
7.75677e+06
-364017
2.78853
0.0102573
0.00610935
0.000612306
0
0
0
1682192202.49813
msg_begin
7.75677e+06
-364017
2.78859
5.96046e-08
2.79397e-09
8.88178e-16
0
0
0
1682192202.54809
msg_begin
7.75677e+06
-364017
2.78952
0.0111834
0.00276844
0.000523344
0
0
0
1682192202.59811
msg_begin
7.75677e+06
-364017
2.78964
0.0173233
0.00631402
0.00121089
0
0
0
1682192202.64803
msg_begin
7.75677e+06
-364017
2.78986
0.00815376
0.00220122
0.000262879
0
0
0
1682192202.69798
msg_begin
7.75677e+06
-364017
2.79099
0.00149758
0.00205855
0.000476799
0
0
0
1682192202.74798
msg_begin
7.75677e+06
-364017
2.79032
0.00441785
0.00192701
0.000381091
0
0
0
1682192202.79792
msg_begin
7.75677e+06
-364017
2.78968
0.00958942
0.00787929
0.000704307
0
0
0
1682192202.84791
msg_begin
7.75677e+06
-364017
2.78879
0.00299191
0.00469011
0.000929317
0
0
0
1682192202.89813
msg_begin
7.75677e+06
-364017
2.78865
0.0108506
0.00523077
0.000639238
0
0
0
1682192202.94764
msg_begin
7.75677e+06
-364017
2.78934
0.00392721
0.00576518
0.000886348
0
0
0
1682192202.99764
msg_begin
7.75677e+06
-364016
2.78826
0.0166881
0.0117598
0.00099814
0
0
0
1682192203.04757
msg_begin
7.75677e+06
-364016
2.7887
0.00614429
0.00226852
0.000314575
0
0
0
1682192203.09797
msg_begin
7.75677e+06
-364016
2.79089
0.0149771
0.0112439
0.000815001
0
0
0
1682192203.14731
msg_begin
7.75677e+06
-364016
2.79021
0.0287269
0.0164634
0.00117417
0
0
0
1682192203.19727
msg_begin
7.75676e+06
-364016
2.78843
0.00113251
0.00290059
0.00046169
0
0
0
1682192203.24802
msg_begin
7.75676e+06
-364016
2.7905
0.0180648
0.011515
0.000755306
0
0
0
1682192203.29748
msg_begin
7.75676e+06
-364016
2.79201
0.00122367
0.000310309
0.000346769
0
0
0
1682192203.34716
msg_begin
7.75676e+06
-364016
2.79352
0.00351225
0.00176597
0.000280874
0
0
0
1682192203.39721
msg_begin
7.75676e+06
-364016
2.79104
0.0125969
0.00203214
0.000508097
0
0
0
1682192203.44714
msg_begin
7.75676e+06
-364016
2.79367
0.0116442
0.00491008
0.000456544
0
0
0
1682192203.49749
msg_begin
7.75676e+06
-364016
2.78942
0.00952704
0.00740754
0.00153945
0
0
0
1682192203.54718
msg_begin
7.75676e+06
-364016
2.78952
0.00775844
0.00080399
0.000238667
0
0
0
1682192203.59725
msg_begin
7.75676e+06
-364015
2.78892
0.00795354
0.00169424
0.000533722
0
0
0
1682192203.64732
msg_begin
7.75676e+06
-364015
2.79043
0.0190593
0.00623953
0.00125477
0
0
0
1682192203.69727
msg_begin
7.75676e+06
-364015
2.78938
0.000617818
0.000255447
1.87799e-05
0
0
0
1682192203.74738
msg_begin
7.75676e+06
-364015
2.79136
0.0562232
0.0206737
0.00217732
0
0
0
1682192203.79742
msg_begin
7.75676e+06
-364015
2.7898
0.00681344
0.00665054
0.000559111
0
0
0
1682192203.84748
msg_begin
7.75676e+06
-364015
2.78522
0.00549036
0.00664871
0.000406766
0
0
0
1682192203.89780
msg_begin
7.75676e+06
-364015
2.78959
0.00204182
0.00212696
0.000132034
0
0
0
1682192203.94761
msg_begin
7.75676e+06
-364015
2.78801
0.0151507
0.00404757
0.000655176
0
0
0
1682192203.99764
msg_begin
7.75676e+06
-364015
2.7874
0.0372552
0.0152107
0.00150436
0
0
0
1682192204.04789
msg_begin
7.75676e+06
-364015
2.78608
0.00565548
0.00176584
0.000242374
0
0
0
1682192204.09813
msg_begin
7.75676e+06
-364015
2.78834
0.00594169
0.00262647
2.5039e-05
0
0
0
1682192204.14762
msg_begin
7.75676e+06
-364015
2.78647
0.0421457
0.0103584
0.00152914
0
0
0
1682192204.19752
msg_begin
7.75676e+06
-364014
2.78811
0.000933592
0.000479299
8.28896e-05
0
0
0
1682192204.24754
msg_begin
7.75676e+06
-364014
2.78461
0.00255308
0.00215362
1.88476e-05
0
0
0
1682192204.29754
msg_begin
7.75676e+06
-364014
2.78407
0.00049838
0.000266532
5.19397e-05
0
0
0
1682192204.34741
msg_begin
7.75676e+06
-364014
2.78497
0.0729391
0.0305089
0.00193652
0
0
0
1682192204.39737
msg_begin
7.75676e+06
-364014
2.7837
0.00452091
0.000653453
0.000727267
0
0
0
1682192204.44805
msg_begin
7.75676e+06
-364014
2.78351
0.0139863
0.00943036
0.000969687
0
0
0
1682192204.49777
msg_begin
7.75676e+06
-364014
2.78094
0.0164438
0.0122339
0.0013428
0
0
0
1682192204.54737
msg_begin
7.75676e+06
-364014
2.7816
0.00967144
0.00447946
0.000276246
0
0
0
1682192204.59736
msg_begin
7.75676e+06
-364014
2.77955
0.00726432
0.00523121
0.000854139
0
0
0
1682192204.64788
msg_begin
7.75676e+06
-364014
2.77862
0.00502167
0.00163327
0.000552898
0
0
0
1682192204.69737
msg_begin
7.75676e+06
-364013
2.77744
0.00772119
0.00179896
0.000235621
0
0
0
1682192204.74737
msg_begin
7.75676e+06
-364013
2.77807
0.0216928
0.0148076
0.00107053
0
0
0
1682192204.79745
msg_begin
7.75676e+06
-364013
2.77628
0.0103581
0.00547418
0.000349098
0
0
0
1682192204.84755
msg_begin
7.75676e+06
-364013
2.7772
7.91624e-08
5.82077e-11
2.66454e-15
0
0
0
1682192204.89752
msg_begin
7.75676e+06
-364013
2.77597
0.00657008
0.00653177
0.000738998
0
0
0
1682192204.94759
msg_begin
7.75676e+06
-364013
2.77178
0.0169765
0.00674205
0.000416426
0
0
0
1682192204.99767
msg_begin
7.75676e+06
-364013
2.77177
0.0173605
0.00415334
0.000688909
0
0
0
1682192205.04775
msg_begin
7.75676e+06
-364013
2.77128
0.0110637
0.00498557
0.000295
0
0
0
1682192205.09818
msg_begin
7.75676e+06
-364013
2.77306
0.00158885
0.00142396
0.000156799
0
0
0
1682192205.14780
msg_begin
7.75675e+06
-364012
2.77074
0.0110447
0.00643416
0.000845475
0
0
0
1682192205.19792
msg_begin
7.75675e+06
-364012
2.76967
0.00551012
0.00314398
0.000172502
0
0
0
1682192205.24802
msg_begin
7.75675e+06
-364012
2.76534
0.00918094
0.00304765
0.000381602
0
0
0
1682192205.29902
msg_begin
7.75675e+06
-364012
2.76249
3.35276e-08
3.7835e-09
4.44089e-16
0
0
0
1682192205.34812
msg_begin
7.75675e+06
-364012
2.76051
0.00560189
0.000800229
4.66621e-05
0
0
0
1682192205.39812
msg_begin
7.75675e+06
-364012
2.75751
0.00337995
0.00171447
0.000256621
0
0
0
1682192205.44818
msg_begin
7.75675e+06
-364012
2.75696
0.00216924
0.0019705
0.000444825
0
0
0
1682192205.49812
msg_begin
7.75675e+06
-364012
2.75775
0.012174
0.00124938
0.000275606
0
0
0
1682192205.54808
msg_begin
7.75675e+06
-364012
2.75596
0.0249749
0.0127954
0.0016444
0
0
0
1682192205.59810
msg_begin
7.75675e+06
-364012
2.75487
0.00149354
0.00239977
0.000531365
0
0
0
1682192205.64806
msg_begin
7.75675e+06
-364011
2.75461
0.00482655
0.00157175
0.000553582
0
0
0
1682192205.69799
msg_begin
7.75675e+06
-364011
2.75491
0.0124363
0.00539365
0.00157395
0
0
0
1682192205.74796
msg_begin
7.75675e+06
-364011
2.75061
0.0156771
0.00976473
0.00126274
0
0
0
1682192205.79797
msg_begin
7.75675e+06
-364011
2.75
0.00105952
0.00107035
6.90204e-05
0
0
0
1682192205.84793
msg_begin
7.75675e+06
-364011
2.74958
0.000678332
0.000663123
8.1111e-05
0
0
0
1682192205.89791
msg_begin
7.75675e+06
-364011
2.747
0.00523485
0.00256438
0.000276526
0
0
0
1682192205.94790
msg_begin
7.75675e+06
-364011
2.74645
0.0426148
0.0164225
0.000444621
0
0
0
1682192205.99785
msg_begin
7.75675e+06
-364010
2.74424
0.0343589
0.0123067
0.000786411
0
0
0
1682192206.04792
msg_begin
7.75675e+06
-364010
2.74399
0.0146113
0.00497254
0.000248718
0
0
0
1682192206.09788
msg_begin
7.75675e+06
-364010
2.74303
0.00907643
0.00429292
0.000359552
0
0
0
1682192206.14797
msg_begin
7.75675e+06
-364010
2.7378
8.00937e-08
2.21189e-09
4.44089e-15
0
0
0
1682192206.19793
msg_begin
7.75675e+06
-364010
2.73435
0.0110488
0.00742499
0.000950614
0
0
0
1682192206.24790
msg_begin
7.75675e+06
-364010
2.73347
0.000364119
0.000459973
4.24695e-05
0
0
0
1682192206.29791
msg_begin
7.75675e+06
-364010
2.73439
0.00720801
0.00918305
0.000584739
0
0
0
1682192206.34785
msg_begin
7.75675e+06
-364010
2.73471
0.0126327
0.00845682
0.000351018
0
0
0
1682192206.39781
msg_begin
7.75675e+06
-364010
2.73205
0.00073425
0.00136381
9.62045e-05
0
0
0
1682192206.44770
msg_begin
7.75675e+06
-364009
2.72961
0.0162002
0.00982825
0.000455298
0
0
0
1682192206.49776
msg_begin
7.75675e+06
-364009
2.72458
0.0111878
0.00229296
0.00016011
0
0
0
1682192206.54766
msg_begin
7.75675e+06
-364009
2.72557
0.000375695
0.000614398
4.73468e-06
0
0
0
1682192206.59760
msg_begin
7.75675e+06
-364009
2.72462
0.00847251
0.00279615
0.000482606
0
0
0
1682192206.64759
msg_begin
7.75675e+06
-364009
2.7228
0.00871959
0.0043426
0.000340695
0
0
0
1682192206.69758
msg_begin
7.75675e+06
-364009
2.71993
0.0107334
0.012024
0.00109311
0
0
0
1682192206.74758
msg_begin
7.75675e+06
-364009
2.71823
0.00577573
0.0119876
0.000246864
0
0
0
1682192206.79758
msg_begin
7.75674e+06
-364008
2.71887
0.00666162
0.00825361
0.000639389
0
0
0
1682192206.84757
msg_begin
7.75674e+06
-364008
2.71752
0.0086663
0.0102173
0.00155715
0
0
0
1682192206.89802
msg_begin
7.75674e+06
-364008
2.71635
0.0211642
0.0105886
0.0010832
0
0
0
1682192206.94766
msg_begin
7.75674e+06
-364008
2.71519
0.000571465
0.00164316
0.000119302
0
0
0
1682192206.99777
msg_begin
7.75674e+06
-364008
2.71282
0.010951
0.00214547
0.000844957
0
0
0
1682192207.04836
msg_begin
7.75674e+06
-364008
2.71062
0.0080866
0.00739399
0.00086453
0
0
0
1682192207.09782
msg_begin
7.75674e+06
-364007
2.70961
0.00266035
0.0061341
0.00046819
0
0
0
1682192207.14776
msg_begin
7.75674e+06
-364007
2.70815
0.0105224
0.0100445
0.000547601
0
0
0
1682192207.19779
msg_begin
7.75674e+06
-364007
2.70825
0.0207647
0.0117343
0.000980556
0
0
0
1682192207.24786
msg_begin
7.75674e+06
-364007
2.7053
0.0103012
0.0110781
0.000959102
0
0
0
1682192207.29830
msg_begin
7.75674e+06
-364007
2.70278
0.000755099
0.00055796
5.56957e-05
0
0
0
1682192207.34781
msg_begin
7.75674e+06
-364007
2.70032
0.0147337
0.00721796
0.000762657
0
0
0
1682192207.39778
msg_begin
7.75674e+06
-364007
2.70105
0.00868174
0.00493591
0.00120944
0
0
0
1682192207.44789
msg_begin
7.75674e+06
-364006
2.69994
0.0203359
0.00423297
0.000362451
0
0
0
1682192207.49803
msg_begin
7.75674e+06
-364006
2.6942
0.0210718
0.0114683
0.00153344
0
0
0
1682192207.54793
msg_begin
7.75674e+06
-364006
2.6963
0.00706114
0.00206352
0.000236305
0
0
0
1682192207.59795
msg_begin
7.75674e+06
-364006
2.69474
0.0360196
0.0258296
0.00116902
0
0
0
1682192207.64827
msg_begin
7.75674e+06
-364006
2.68989
0.0234923
0.0196429
0.00204784
0
0
0
1682192207.69805
msg_begin
7.75674e+06
-364006
2.69094
0.00869159
0.00522153
0.000460292
0
0
0
1682192207.74804
msg_begin
7.75674e+06
-364006
2.68977
0.0127383
0.0039786
0.00052746
0
0
0
1682192207.79801
msg_begin
7.75674e+06
-364005
2.68532
0.00454666
0.00181463
0.000242557
0
0
0
1682192207.84800
msg_begin
7.75674e+06
-364005
2.68572
0.00337605
0.00199853
0.000710409
0
0
0
1682192207.89794
msg_begin
7.75674e+06
-364005
2.68638
0.0126344
0.0049293
0.00119711
0
0
0
1682192207.94795
msg_begin
7.75674e+06
-364005
2.68227
0.00277449
0.00438176
6.88985e-05
0
0
0
1682192207.99791
msg_begin
7.75674e+06
-364005
2.67998
0.00392586
0.0026936
0.000611027
0
0
0
1682192208.04776
msg_begin
7.75674e+06
-364005
2.6782
0.011404
0.0123985
0.000288078
0
0
0
1682192208.09776
msg_begin
7.75674e+06
-364004
2.67654
0.0152206
0.00595243
0.00177375
0
0
0
1682192208.14761
msg_begin
7.75674e+06
-364004
2.67087
0.00905445
0.00266999
0.000456536
0
0
0
1682192208.19764
msg_begin
7.75674e+06
-364004
2.67073
0.00226838
0.000715695
6.67158e-05
0
0
0
1682192208.24761
msg_begin
7.75673e+06
-364004
2.66995
0.00954297
0.00362079
0.000637316
0
0
0
1682192208.29751
msg_begin
7.75673e+06
-364004
2.66946
0.0134778
0.00619715
0.000688779
0
0
0
1682192208.34752
msg_begin
7.75673e+06
-364003
2.66449
0.00393596
0.00141117
0.000230019
0
0
0
1682192208.39755
msg_begin
7.75673e+06
-364003
2.66178
0.00269
0.0010084
0.000226624
0
0
0
1682192208.44751
msg_begin
7.75673e+06
-364003
2.65945
0.00935836
0.00257695
0.000503058
0
0
0
1682192208.49753
msg_begin
7.75673e+06
-364003
2.65855
0.0199224
0.0105651
0.000875136
0
0
0
1682192208.54755
msg_begin
7.75673e+06
-364003
2.65728
0.00496639
0.00111726
0.000302533
0
0
0
1682192208.59758
msg_begin
7.75673e+06
-364003
2.65449
0.0119546
0.00321647
0.000836494
0
0
0
1682192208.64765
msg_begin
7.75673e+06
-364002
2.65361
0.0370923
0.0102181
0.000858333
0
0
0
1682192208.69763
msg_begin
7.75673e+06
-364002
2.65067
0.0278923
0.0188858
0.00159615
0
0
0
1682192208.74765
msg_begin
7.75673e+06
-364002
2.64908
0.000454833
0.00108374
0.000120719
0
0
0
1682192208.79794
msg_begin
7.75673e+06
-364002
2.64879
0.0121428
0.00471412
0.000461972
0
0
0
1682192208.84782
msg_begin
7.75673e+06
-364002
2.64669
0.0113266
0.00521792
0.000557131
0
0
0
1682192208.89787
msg_begin
7.75673e+06
-364001
2.64218
0.0109029
0.0015867
0.000415893
0
0
0
1682192208.94775
msg_begin
7.75673e+06
-364001
2.64037
7.07805e-08
1.92085e-09
8.88178e-16
0
0
0
1682192208.99771
msg_begin
7.75673e+06
-364001
2.63805
0.00427813
0.0082414
0.000288814
0
0
0
1682192209.04769
msg_begin
7.75673e+06
-364001
2.6352
0.0132793
0.0026299
0.000290483
0
0
0
1682192209.09784
msg_begin
7.75673e+06
-364001
2.63195
0.0143303
0.00571822
0.00142151
0
0
0
1682192209.14759
msg_begin
7.75673e+06
-364000
2.63108
0.00679931
0.000101166
4.06064e-05
0
0
0
1682192209.19751
msg_begin
7.75673e+06
-364000
2.62563
0.000796054
0.00026411
9.17512e-05
0
0
0
1682192209.24745
msg_begin
7.75673e+06
-364000
2.6242
1.21072e-08
1.57161e-09
8.88178e-16
0
0
0
1682192209.34168
msg_begin
7.75673e+06
-364000
2.62587
0.00616228
0.00400428
0.000462242
0
0
0
1682192209.35035
msg_begin
7.75673e+06
-364000
2.62292
0.0148933
0.00865602
0.000553407
0
0
0
1682192209.39731
msg_begin
7.75673e+06
-363999
2.62219
0.00968019
0.00180241
0.000705999
0
0
0
1682192209.44733
msg_begin
7.75673e+06
-363999
2.61945
0.00181831
0.0014645
0.000157292
0
0
0
1682192209.49782
msg_begin
7.75673e+06
-363999
2.61799
0.0233055
0.0132193
0.00152266
0
0
0
1682192209.54741
msg_begin
7.75673e+06
-363999
2.61413
3.07336e-08
1.45519e-09
3.55271e-15
0
0
0
1682192209.59745
msg_begin
7.75672e+06
-363999
2.61359
0.0111707
0.00284362
0.000733348
0
0
0
1682192209.64748
msg_begin
7.75672e+06
-363998
2.60881
0.00586925
0.00257611
0.000495652
0
0
0
1682192209.69753
msg_begin
7.75672e+06
-363998
2.60716
0.0386965
0.0279542
0.000586757
0
0
0
1682192209.74759
msg_begin
7.75672e+06
-363998
2.60584
0.0141182
0.00319123
0.000588561
0
0
0
1682192209.79763
msg_begin
7.75672e+06
-363998
2.60679
0.00247912
0.00234346
0.000352351
0
0
0
1682192209.84767
msg_begin
7.75672e+06
-363998
2.60101
0.0183573
0.0129282
0.00163719
0
0
0
1682192209.89766
msg_begin
7.75672e+06
-363997
2.60203
0.0011053
0.00217983
0.000298517
0
0
0
1682192209.94761
msg_begin
7.75672e+06
-363997
2.60262
0.00875213
0.0106102
0.00042062
0
0
0
1682192209.99764
msg_begin
7.75672e+06
-363997
2.60167
0.00313544
0.00108442
0.000208349
0
0
0
1682192210.04761
msg_begin
7.75672e+06
-363997
2.59872
0.000961899
0.000598892
9.00731e-05
0
0
0
1682192210.09757
msg_begin
7.75672e+06
-363996
2.59588
0.00895022
0.00743284
0.000617199
0
0
0
1682192210.14759
msg_begin
7.75672e+06
-363996
2.59292
0.00437879
0.00118983
0.000316686
0
0
0
1682192210.19757
msg_begin
7.75672e+06
-363996
2.59255
0.000978341
7.22972e-05
8.20992e-05
0
0
0
1682192210.24758
msg_begin
7.75672e+06
-363996
2.59382
0.000208366
0.000339448
1.59643e-05
0
0
0
1682192210.29758
msg_begin
7.75672e+06
-363995
2.59291
1.86265e-09
2.79397e-09
1.33227e-15
0
0
0
1682192210.34755
msg_begin
7.75672e+06
-363995
2.59014
0.0040869
0.00159724
0.000214227
0
0
0
1682192210.39765
msg_begin
7.75672e+06
-363995
2.58743
0.010759
0.00103213
0.00074151
0
0
0
1682192210.44759
msg_begin
7.75672e+06
-363995
2.58735
0.0120602
0.00259449
0.00036254
0
0
0
1682192210.49763
msg_begin
7.75672e+06
-363995
2.58422
0.0232206
0.0142807
0.000804807
0
0
0
1682192210.54766
msg_begin
7.75672e+06
-363994
2.58371
0.00558621
0.00326424
0.000404149
0
0
0
1682192210.59768
msg_begin
7.75672e+06
-363994
2.58481
0.0188371
0.00595342
0.00109221
0
0
0
1682192210.64763
msg_begin
7.75672e+06
-363994
2.58524
0.000678084
0.00361519
0.000165088
0
0
0
1682192210.69762
msg_begin
7.75672e+06
-363994
2.58397
0.00570092
0.0051115
0.000738141
0
0
0
1682192210.74752
msg_begin
7.75672e+06
-363993
2.58356
0.00472193
0.00860283
0.000471369
0
0
0
1682192210.79753
msg_begin
7.75672e+06
-363993
2.58208
7.16546e-05
0.00227534
4.75012e-05
0
0
0
1682192210.84745
msg_begin
7.75672e+06
-363993
2.58216
0.00406212
0.00225858
0.000279778
0
0
0
1682192210.89742
msg_begin
7.75671e+06
-363993
2.58219
0.00285143
0.00434624
0.000227548
0
0
0
1682192210.94737
msg_begin
7.75671e+06
-363992
2.58191
0.000165077
0.000638951
5.43864e-06
0
0
0
1682192210.99743
msg_begin
7.75671e+06
-363992
2.58223
0.00298399
0.00389335
0.000453413
0
0
0
1682192211.04886
msg_begin
7.75671e+06
-363992
2.5818
0.0108192
0.00633892
0.00139439
0
0
0
1682192211.09733
msg_begin
7.75671e+06
-363992
2.58312
0.0114334
0.00301951
0.000258442
0
0
0
1682192211.14736
msg_begin
7.75671e+06
-363991
2.58325
0.0183975
0.00544258
0.000602117
0
0
0
1682192211.19736
msg_begin
7.75671e+06
-363991
2.58373
0.0193662
0.0190836
0.000997014
0
0
0
1682192211.24743
msg_begin
7.75671e+06
-363991
2.5813
0.0150838
0.0139905
0.000379805
0
0
0
1682192211.29735
msg_begin
7.75671e+06
-363991
2.58107
2.23517e-08
3.0268e-09
8.88178e-16
0
0
0
1682192211.34735
msg_begin
7.75671e+06
-363990
2.58168
0.00578913
0.0033577
0.000274838
0
0
0
1682192211.39732
msg_begin
7.75671e+06
-363990
2.58103
0.00674378
0.00478517
0.000600121
0
0
0
1682192211.44745
msg_begin
7.75671e+06
-363990
2.58293
0.0024305
0.00369333
0.000207735
0
0
0
1682192211.49734
msg_begin
7.75671e+06
-363990
2.58114
0.00181812
0.00262126
0.000238018
0
0
0
1682192211.54739
msg_begin
7.75671e+06
-363989
2.5796
0.0175432
0.0112183
0.000961131
0
0
0
1682192211.59738
msg_begin
7.75671e+06
-363989
2.58015
0.00131751
0.00188239
7.86876e-05
0
0
0
1682192211.64743
msg_begin
7.75671e+06
-363989
2.58056
0.0104145
0.0154634
0.000611831
0
0
0
1682192211.69739
msg_begin
7.75671e+06
-363989
2.58148
8.28877e-08
2.15368e-09
3.10862e-15
0
0
0
1682192211.74743
msg_begin
7.75671e+06
-363988
2.57933
0.00944224
0.00507585
0.000560976
0
0
0
1682192211.79741
msg_begin
7.75671e+06
-363988
2.58019
0.0649715
0.0475341
0.00060648
0
0
0
1682192211.84742
msg_begin
7.75671e+06
-363988
2.57966
0.0081226
0.0122349
0.000571637
0
0
0
1682192211.89772
msg_begin
7.75671e+06
-363988
2.58129
0.0226688
0.0139263
0.000515519
0
0
0
1682192211.94743
msg_begin
7.75671e+06
-363987
2.58316
0.0157817
0.0126077
0.000659004
0
0
0
1682192211.99740
msg_begin
7.75671e+06
-363987
2.5818
0.00373418
0.00267481
0.000172327
0
0
0
1682192212.04732
msg_begin
7.75671e+06
-363987
2.58315
0.0118061
0.00982784
0.000768498
0
0
0
1682192212.09747
msg_begin
7.75671e+06
-363987
2.58351
0.00101652
0.00194662
6.84651e-05
0
0
0
1682192212.14730
msg_begin
7.7567e+06
-363986
2.58208
0.0474429
0.0187463
0.0014365
0
0
0
1682192212.19729
msg_begin
7.7567e+06
-363986
2.58393
0.0154212
0.00379006
0.000178052
0
0
0
1682192212.24882
msg_begin
7.7567e+06
-363986
2.58182
0.00768533
0.00172757
0.00048374
0
0
0
1682192212.29724
msg_begin
7.7567e+06
-363986
2.58262
0.0109306
0.0166475
0.000615261
0
0
0
1682192212.34730
msg_begin
7.7567e+06
-363985
2.58019
0.00584798
0.00486096
0.00150298
0
0
0
1682192212.39736
msg_begin
7.7567e+06
-363985
2.58129
0.0063286
0.0115238
0.00165571
0
0
0
1682192212.44734
msg_begin
7.7567e+06
-363985
2.58124
0.0260614
0.00992664
0.00202674
0
0
0
1682192212.49744
msg_begin
7.7567e+06
-363985
2.5796
0.0708017
0.0346182
0.000480422
0
0
0
1682192212.54735
msg_begin
7.7567e+06
-363984
2.57944
1.30385e-08
1.62981e-09
3.55271e-15
0
0
0
1682192212.59737
msg_begin
7.7567e+06
-363984
2.57881
0.0170305
0.00625611
0.000932833
0
0
0
1682192212.64740
msg_begin
7.7567e+06
-363984
2.57902
0.0173
0.016358
0.000826338
0
0
0
1682192212.69736
msg_begin
7.7567e+06
-363984
2.57869
0.0280886
0.0125689
0.000275081
0
0
0
1682192212.74740
msg_begin
7.7567e+06
-363983
2.57947
0.00846529
0.00910147
0.000580648
0
0
0
1682192212.79736
msg_begin
7.7567e+06
-363983
2.58132
0.00655986
0.00971096
0.000683292
0
0
0
1682192212.84761
msg_begin
7.7567e+06
-363983
2.57907
0.0139231
0.0143967
0.000556239
0
0
0
1682192212.89735
msg_begin
7.7567e+06
-363982
2.57987
0.00440644
0.00173726
0.000779027
0
0
0
1682192212.94742
msg_begin
7.7567e+06
-363982
2.57975
0.0036596
0.0015333
1.22704e-05
0
0
0
1682192212.99726
msg_begin
7.7567e+06
-363982
2.57912
0.00907272
0.00789462
0.000329217
0
0
0
1682192213.04730
msg_begin
7.7567e+06
-363982
2.58076
0.0110683
0.00623005
0.00131227
0
0
0
1682192213.09724
msg_begin
7.7567e+06
-363981
2.58111
0.00188447
0.00264396
0.000524417
0
0
0
1682192213.14724
msg_begin
7.7567e+06
-363981
2.58236
0.0310417
0.0208304
0.000536527
0
0
0
1682192213.19719
msg_begin
7.7567e+06
-363981
2.58113
0.00664765
0.00968853
0.000369896
0
0
0
1682192213.24717
msg_begin
7.7567e+06
-363981
2.58043
0.0115066
0.00185067
0.000630217
0
0
0
1682192213.29719
msg_begin
7.75669e+06
-363980
2.58136
0.00242735
0.00109191
0.00031478
0
0
0
1682192213.34732
msg_begin
7.75669e+06
-363980
2.58075
2.79397e-09
4.65661e-10
3.55271e-15
0
0
0
1682192213.39720
msg_begin
7.75669e+06
-363980
2.58119
0.0140769
0.0149338
0.00186339
0
0
0
1682192213.44724
msg_begin
7.75669e+06
-363980
2.57991
0.0318969
0.0173441
0.000636622
0
0
0
1682192213.49724
msg_begin
7.75669e+06
-363979
2.5832
0.0047392
0.00649691
0.000595429
0
0
0
1682192213.54726
msg_begin
7.75669e+06
-363979
2.58663
0.000707878
0.00154012
0.00027265
0
0
0
1682192213.59734
msg_begin
7.75669e+06
-363979
2.58621
0.00108305
0.00429267
0.000192732
0
0
0
1682192213.64741
msg_begin
7.75669e+06
-363979
2.58364
0.00975239
0.00675671
0.000689354
0
0
0
1682192213.69737
msg_begin
7.75669e+06
-363978
2.57944
0.00121578
3.50504e-05
5.08762e-05
0
0
0
1682192213.74737
msg_begin
7.75669e+06
-363978
2.57965
0.00314514
0.00250925
0.000338755
0
0
0
1682192213.79737
msg_begin
7.75669e+06
-363978
2.58128
0.0183851
0.00698634
0.00246751
0
0
0
1682192213.84738
msg_begin
7.75669e+06
-363978
2.58535
0.00202741
0.00248551
0.000415627
0
0
0
1682192213.89736
msg_begin
7.75669e+06
-363977
2.58302
0.0312011
0.0237161
0.000445788
0
0
0
1682192213.94741
msg_begin
7.75669e+06
-363977
2.58266
0.0186626
0.0117597
0.000935959
0
0
0
1682192213.99744
msg_begin
7.75669e+06
-363977
2.58402
0.0143835
0.00655969
0.00046725
0
0
0
1682192214.04736
msg_begin
7.75669e+06
-363976
2.58435
0.054474
0.0357864
0.0008962
0
0
0
1682192214.09760
msg_begin
7.75669e+06
-363976
2.58324
0.00725265
0.00386652
0.000492272
0
0
0
1682192214.14744
msg_begin
7.75669e+06
-363976
2.58342
0.015419
0.0191441
0.00112033
0
0
0
1682192214.19744
msg_begin
7.75669e+06
-363976
2.5813
0.0225726
0.0133853
0.00088488
0
0
0
1682192214.24748
msg_begin
7.75669e+06
-363975
2.57922
0.00502402
0.00544583
0.000499575
0
0
0
1682192214.29749
msg_begin
7.75669e+06
-363975
2.58259
0.0128554
0.00802462
0.000290109
0
0
0
1682192214.34753
msg_begin
7.75669e+06
-363975
2.58124
0.00746428
0.0104366
0.000991027
0
0
0
1682192214.39753
msg_begin
7.75669e+06
-363975
2.58358
0.00280924
0.0026238
0.000477281
0
0
0
1682192214.44764
msg_begin
7.75668e+06
-363974
2.5824
0.0156635
0.0172228
0.0010316
0
0
0
1682192214.49796
msg_begin
7.75668e+06
-363974
2.58319
0.011607
0.00365436
0.000616015
0
0
0
1682192214.54769
msg_begin
7.75668e+06
-363974
2.58454
0.0226204
0.0138045
0.000498717
0
0
0
1682192214.59771
msg_begin
7.75668e+06
-363973
2.58132
0.00600598
0.00448426
0.00117269
0
0
0
1682192214.64769
msg_begin
7.75668e+06
-363973
2.58244
0.0187129
0.0108816
0.000833525
0
0
0
1682192214.69775
msg_begin
7.75668e+06
-363973
2.58366
0.00988327
0.0074932
0.000930498
0
0
0
1682192214.74774
msg_begin
7.75668e+06
-363973
2.58257
0.0131352
0.00732684
0.000640387
0
0
0
1682192214.79781
msg_begin
7.75668e+06
-363972
2.5835
0.00505944
0.00498062
0.000365716
0
0
0
1682192214.84776
msg_begin
7.75668e+06
-363972
2.58331
0.020668
0.0179166
0.00100807
0
0
0
1682192214.89775
msg_begin
7.75668e+06
-363972
2.58271
0.0182801
0.0170372
0.000937405
0
0
0
1682192214.94773
msg_begin
7.75668e+06
-363971
2.57897
0.0089643
0.00481265
0.000819419
0
0
0
1682192214.99778
msg_begin
7.75668e+06
-363971
2.57973
0.00152967
0.000833001
0.000271679
0
0
0
1682192215.04774
msg_begin
7.75668e+06
-363971
2.58149
0.00138714
0.00101093
0.000304076
0
0
0
1682192215.09776
msg_begin
7.75668e+06
-363971
2.58376
0.00838522
0.00921101
0.000298987
0
0
0
1682192215.14778
msg_begin
7.75668e+06
-363970
2.58211
0.0196693
0.009247
0.000627648
0
0
0
1682192215.19782
msg_begin
7.75668e+06
-363970
2.58237
0.0132348
0.00798546
0.00125643
0
0
0
1682192215.24784
msg_begin
7.75668e+06
-363970
2.58262
0.00296878
0.00168452
0.000559701
0
0
0
1682192215.29787
msg_begin
7.75668e+06
-363970
2.58142
0.0294144
0.0167218
0.000753119
0
0
0
1682192215.34790
msg_begin
7.75668e+06
-363969
2.57932
0.00271432
0.00374695
0.000613376
0
0
0
1682192215.39791
msg_begin
7.75668e+06
-363969
2.57956
0.0296722
0.0250481
0.000265707
0
0
0
1682192215.44789
msg_begin
7.75668e+06
-363969
2.57854
0.00682015
0.00244249
0.000307207
0
0
0
1682192215.49796
msg_begin
7.75668e+06
-363968
2.57986
0.000539884
5.19711e-05
2.14029e-05
0
0
0
1682192215.54784
msg_begin
7.75667e+06
-363968
2.57692
8.28877e-08
0
2.22045e-15
0
0
0
1682192215.59783
msg_begin
7.75667e+06
-363968
2.57822
0.010745
0.00615976
0.000250388
0
0
0
1682192215.64778
msg_begin
7.75667e+06
-363968
2.57709
0.0286611
0.0231387
0.00198227
0
0
0
1682192215.69775
msg_begin
7.75667e+06
-363967
2.57664
0.0200136
0.0169017
0.00134889
0
0
0
1682192215.74774
msg_begin
7.75667e+06
-363967
2.57441
0.00369263
0.00451285
0.00054972
0
0
0
1682192215.79775
msg_begin
7.75667e+06
-363967
2.57279
0.00478304
0.000516386
0.000165287
0
0
0
1682192215.84780
msg_begin
7.75667e+06
-363966
2.57334
0.00384727
0.00419832
0.00148944
0
0
0
1682192215.89780
msg_begin
7.75667e+06
-363966
2.57472
0.0307333
0.0222372
0.00180244
0
0
0
1682192215.94775
msg_begin
7.75667e+06
-363966
2.57571
0.00206583
0.00342512
7.98782e-05
0
0
0
1682192215.99781
msg_begin
7.75667e+06
-363966
2.57387
0.00349811
0.00356014
0.000239858
0
0
0
1682192216.04783
msg_begin
7.75667e+06
-363965
2.57249
0.0101284
0.00624973
0.000723285
0
0
0
1682192216.09784
msg_begin
7.75667e+06
-363965
2.57147
0.0042924
0.00107606
0.000111298
0
0
0
1682192216.14792
msg_begin
7.75667e+06
-363965
2.57029
0.000669826
0.000282584
1.21252e-05
0
0
0
1682192216.19795
msg_begin
7.75667e+06
-363964
2.57127
0.0223387
0.0110897
0.000588547
0
0
0
1682192216.24792
msg_begin
7.75667e+06
-363964
2.56913
0.00203712
0.000890348
6.85199e-05
0
0
0
1682192216.29799
msg_begin
7.75667e+06
-363964
2.57276
0.00901762
0.0064532
0.000321385
0
0
0
1682192216.34801
msg_begin
7.75667e+06
-363963
2.57162
0.00901454
0.00611783
0.000415673
0
0
0
1682192216.39789
msg_begin
7.75667e+06
-363963
2.57354
0.00416016
0.00163231
0.0006196
0
0
0
1682192216.44789
msg_begin
7.75667e+06
-363963
2.57429
0.00324309
0.0030595
0.000864392
0
0
0
1682192216.49788
msg_begin
7.75667e+06
-363963
2.57451
0.00117824
0.000427608
0.000134185
0
0
0
1682192216.54781
msg_begin
7.75667e+06
-363962
2.57373
0.0373719
0.0232201
0.00143744
0
0
0
1682192216.59779
msg_begin
7.75666e+06
-363962
2.57439
0.0162434
0.0118338
0.000398234
0
0
0
1682192216.64774
msg_begin
7.75666e+06
-363962
2.57472
0.0203821
0.0218062
0.000804699
0
0
0
1682192216.69765
msg_begin
7.75666e+06
-363961
2.57347
0.0420848
0.0261557
0.000891382
0
0
0
1682192216.74764
msg_begin
7.75666e+06
-363961
2.57358
0.00587362
0.00448844
0.00076233
0
0
0
1682192216.79766
msg_begin
7.75666e+06
-363961
2.57243
0.0242416
0.0125499
0.000392596
0
0
0
1682192216.84769
msg_begin
7.75666e+06
-363960
2.57128
0.0045096
0.0024246
0.000172009
0
0
0
1682192216.89767
msg_begin
7.75666e+06
-363960
2.57158
0.00854129
0.00504187
0.000151594
0
0
0
1682192216.94771
msg_begin
7.75666e+06
-363960
2.57308
0.031837
0.0255902
0.00195561
0
0
0
1682192216.99770
msg_begin
7.75666e+06
-363959
2.5727
0.0154354
0.00871548
0.00028148
0
0
0
1682192217.04770
msg_begin
7.75666e+06
-363959
2.57246
0.00103218
0.000161314
7.33883e-05
0
0
0
1682192217.09768
msg_begin
7.75666e+06
-363959
2.57505
0.00767474
0.00646597
0.000875245
0
0
0
1682192217.14772
msg_begin
7.75666e+06
-363959
2.57314
0.0135887
0.00757686
0.000469428
0
0
0
1682192217.19773
msg_begin
7.75666e+06
-363958
2.57431
0.00283282
0.004646
0.000392974
0
0
0
1682192217.24777
msg_begin
7.75666e+06
-363958
2.57395
0.00119029
0.00033137
1.59441e-05
0
0
0
1682192217.29861
msg_begin
7.75666e+06
-363958
2.57246
0.00711135
0.00565976
0.000272834
0
0
0
1682192217.34781
msg_begin
7.75666e+06
-363957
2.57382
0.0361531
0.0155558
0.000542278
0
0
0
1682192217.39785
msg_begin
7.75666e+06
-363957
2.57076
0.00718949
0.00537257
0.000216083
0
0
0
1682192217.44786
msg_begin
7.75666e+06
-363957
2.5714
0.0117812
0.0101081
0.000466858
0
0
0
1682192217.49800
msg_begin
7.75666e+06
-363956
2.5712
0.0011997
0.000431486
0.000146742
0
0
0
1682192217.54778
msg_begin
7.75666e+06
-363956
2.5716
0.0195406
0.0127901
0.000797289
0
0
0
1682192217.59780
msg_begin
7.75665e+06
-363956
2.5721
0.0102405
0.00448279
0.000632725
0
0
0
1682192217.64771
msg_begin
7.75665e+06
-363955
2.56916
0.00937989
0.00296569
0.000452045
0
0
0
1682192217.69775
msg_begin
7.75665e+06
-363955
2.57201
0.00172932
0.000333517
2.04333e-05
0
0
0
1682192217.74770
msg_begin
7.75665e+06
-363955
2.57363
0.00657894
0.00589652
0.000488477
0
0
0
1682192217.79771
msg_begin
7.75665e+06
-363955
2.57233
0.0221413
0.0206008
0.00148093
0
0
0
1682192217.84768
msg_begin
7.75665e+06
-363954
2.57434
0.0254438
0.0225803
0.000137175
0
0
0
1682192217.89775
msg_begin
7.75665e+06
-363954
2.57293
0.0114328
0.00656627
0.000693296
0
0
0
1682192217.94774
msg_begin
7.75665e+06
-363954
2.57216
0.008212
0.0100312
0.00073172
0
0
0
1682192217.99777
msg_begin
7.75665e+06
-363953
2.57077
0.048047
0.0295153
0.000885075
0
0
0
1682192218.04794
msg_begin
7.75665e+06
-363953
2.57244
0.00040368
0.000595071
5.47765e-05
0
0
0
1682192218.09783
msg_begin
7.75665e+06
-363953
2.5735
0.00841622
0.0070223
0.000332449
0
0
0
1682192218.14777
msg_begin
7.75665e+06
-363952
2.57179
0.000437614
0.000736686
9.12455e-05
0
0
0
1682192218.19781
msg_begin
7.75665e+06
-363952
2.56853
0.00106183
0.000784001
0.000417432
0
0
0
1682192218.24797
msg_begin
7.75665e+06
-363952
2.5671
0.00874186
0.00972225
0.000606473
0
0
0
1682192218.29790
msg_begin
7.75665e+06
-363951
2.56844
0.00969866
0.0101047
0.000270116
0
0
0
1682192218.34787
msg_begin
7.75665e+06
-363951
2.56967
0.0103236
0.00681334
0.000495381
0
0
0
1682192218.39788
msg_begin
7.75665e+06
-363951
2.56849
0.00782228
0.00511302
0.000416092
0
0
0
1682192218.44820
msg_begin
7.75665e+06
-363950
2.56998
0.0118645
0.00578076
0.000613254
0
0
0
1682192218.49807
msg_begin
7.75665e+06
-363950
2.56957
0.00328265
0.00075143
0.000156739
0
0
0
1682192218.54801
msg_begin
7.75665e+06
-363950
2.57155
0.00119162
0.00333095
0.000312396
0
0
0
1682192218.59792
msg_begin
7.75664e+06
-363950
2.56808
7.07805e-08
2.32831e-10
1.33227e-15
0
0
0
1682192218.64814
msg_begin
7.75664e+06
-363949
2.56972
0.0093909
0.0108845
0.000657645
0
0
0
1682192218.69792
msg_begin
7.75664e+06
-363949
2.56987
0.00404038
0.00796982
0.00027953
0
0
0
1682192218.74792
msg_begin
7.75664e+06
-363949
2.57043
0.00752727
0.00973944
0.000393912
0
0
0
1682192218.79783
msg_begin
7.75664e+06
-363948
2.56771
0.0329382
0.0164384
0.00097731
0
0
0
1682192218.84782
msg_begin
7.75664e+06
-363948
2.57092
0.0113
0.0225991
0.000752234
0
0
0
1682192218.89782
msg_begin
7.75664e+06
-363948
2.57172
0.067936
0.0395937
0.0007229
0
0
0
1682192218.94782
msg_begin
7.75664e+06
-363947
2.57175
0.00205626
0.000235303
0.0002091
0
0
0
1682192218.99789
msg_begin
7.75664e+06
-363947
2.56953
0.000446814
0.00154926
6.79393e-05
0
0
0
1682192219.04786
msg_begin
7.75664e+06
-363947
2.56939
0.0132063
0.00935232
0.00131953
0
0
0
1682192219.09787
msg_begin
7.75664e+06
-363946
2.56885
0.00968535
0.015821
0.000521659
0
0
0
1682192219.14786
msg_begin
7.75664e+06
-363946
2.56792
0.0161795
0.00666304
0.000553742
0
0
0
1682192219.19783
msg_begin
7.75664e+06
-363946
2.5682
0.000726358
0.000193521
3.7591e-05
0
0
0
1682192219.24810
msg_begin
7.75664e+06
-363945
2.56752
0.00329799
0.00278211
0.000261682
0
0
0
1682192219.29766
msg_begin
7.75664e+06
-363945
2.56782
0.00738429
0.00584287
0.000505964
0
0
0
1682192219.34769
msg_begin
7.75664e+06
-363945
2.56714
0.00995755
0.00995193
0.000348705
0
0
0
1682192219.39765
msg_begin
7.75664e+06
-363945
2.56642
0.0163149
0.0053511
0.000350242
0
0
0
1682192219.44762
msg_begin
7.75664e+06
-363944
2.56707
0.00115585
0.000545632
4.35246e-05
0
0
0
1682192219.49761
msg_begin
7.75664e+06
-363944
2.56589
7.91624e-08
3.37604e-09
4.44089e-16
0
0
0
1682192219.54765
msg_begin
7.75664e+06
-363944
2.56714
0.00104849
0.000406404
0.000166302
0
0
0
1682192219.59764
msg_begin
7.75663e+06
-363943
2.56644
0.00105318
0.000786371
2.42307e-05
0
0
0
1682192219.64791
msg_begin
7.75663e+06
-363943
2.56822
0.0217465
0.0165206
0.000693327
0
0
0
1682192219.69769
msg_begin
7.75663e+06
-363943
2.57084
0.0143446
0.00979921
0.000319097
0
0
0
1682192219.74770
msg_begin
7.75663e+06
-363942
2.5729
0.0118438
0.00573864
0.00113906
0
0
0
1682192219.79778
msg_begin
7.75663e+06
-363942
2.57247
0.00552043
0.00489722
0.000687191
0
0
0
1682192219.84835
msg_begin
7.75663e+06
-363942
2.57295
2.16185e-06
2.13456e-05
0.000264668
0
0
0
1682192219.89782
msg_begin
7.75663e+06
-363941
2.574
0.0164204
0.00996286
0.000704759
0
0
0
1682192219.94789
msg_begin
7.75663e+06
-363941
2.57573
0.00367243
0.000269949
4.16949e-05
0
0
0
1682192219.99800
msg_begin
7.75663e+06
-363941
2.57631
0.000908544
0.00263801
4.49959e-05
0
0
0
1682192220.04806
msg_begin
7.75663e+06
-363940
2.57435
0.0197927
0.012523
0.00056881
0
0
0
1682192220.09834
msg_begin
7.75663e+06
-363940
2.57888
0.0014584
0.00059499
0.000368905
0
0
0
1682192220.14823
msg_begin
7.75663e+06
-363940
2.5774
0.00103097
0.000947226
5.06357e-05
0
0
0
1682192220.19827
msg_begin
7.75663e+06
-363940
2.57581
0.0230114
0.0143898
0.00136427
0
0
0
1682192220.24825
msg_begin
7.75663e+06
-363939
2.5752
0.00223644
0.000441711
1.50909e-05
0
0
0
1682192220.29830
msg_begin
7.75663e+06
-363939
2.5757
0.0367097
0.0155881
0.000743348
0
0
0
1682192220.34828
msg_begin
7.75663e+06
-363939
2.57642
0.0129971
0.00650736
0.000350518
0
0
0
1682192220.39822
msg_begin
7.75663e+06
-363938
2.57779
0.00216286
0.0031899
0.000264918
0
0
0
1682192220.44824
msg_begin
7.75663e+06
-363938
2.57914
0.00741401
0.0067254
0.000238274
0
0
0
1682192220.49885
msg_begin
7.75663e+06
-363938
2.57716
0.00466738
0.00831699
0.000238747
0
0
0
1682192220.54818
msg_begin
7.75663e+06
-363938
2.57752
0.00107957
0.00165961
8.5189e-05
0
0
0
1682192220.59816
msg_begin
7.75663e+06
-363937
2.57746
0.0491759
0.0290777
0.00023722
0
0
0
1682192220.64818
msg_begin
7.75662e+06
-363937
2.57761
0.0385943
0.0270271
0.00168624
0
0
0
1682192220.69810
msg_begin
7.75662e+06
-363937
2.57838
0.00742686
0.00865365
0.000371736
0
0
0
1682192220.74810
msg_begin
7.75662e+06
-363936
2.57939
0.0301856
0.0177284
0.000626441
0
0
0
1682192220.79806
msg_begin
7.75662e+06
-363936
2.58022
0.012973
0.00592605
0.000442636
0
0
0
1682192220.84859
msg_begin
7.75662e+06
-363936
2.57582
0.0212738
0.00375853
0.000206941
0
0
0
1682192220.89792
msg_begin
7.75662e+06
-363935
2.5768
0.0139746
0.00614633
0.000262287
0
0
0
1682192220.94788
msg_begin
7.75662e+06
-363935
2.57671
0.0540779
0.0439806
0.00172901
0
0
0
1682192220.99779
msg_begin
7.75662e+06
-363935
2.58013
0.0250169
0.0208689
0.000967644
0
0
0
1682192221.04773
msg_begin
7.75662e+06
-363935
2.57644
0.0127699
0.00639161
0.0004154
0
0
0
1682192221.09771
msg_begin
7.75662e+06
-363934
2.57852
0.0394495
0.0244069
0.00128018
0
0
0
1682192221.14763
msg_begin
7.75662e+06
-363934
2.57615
0.00477174
0.00446683
0.000270245
0
0
0
1682192221.19758
msg_begin
7.75662e+06
-363934
2.57758
0.0157873
0.00918306
0.000512168
0
0
0
1682192221.24757
msg_begin
7.75662e+06
-363933
2.57787
0.00893667
0.00101342
0.000245391
0
0
0
1682192221.29761
msg_begin
7.75662e+06
-363933
2.57959
0.000696593
0.00164322
5.3504e-05
0
0
0
1682192221.34762
msg_begin
7.75662e+06
-363933
2.57675
0.00615132
0.00309333
4.23887e-05
0
0
0
1682192221.39764
msg_begin
7.75662e+06
-363932
2.57557
0.00624051
0.00659492
0.000456214
0
0
0
1682192221.44807
msg_begin
7.75662e+06
-363932
2.57824
6.23986e-08
3.84171e-09
2.22045e-15
0
0
0
1682192221.49762
msg_begin
7.75662e+06
-363932
2.57585
0.0149056
0.0099189
0.00107221
0
0
0
1682192221.54762
msg_begin
7.75662e+06
-363931
2.57487
1.95578e-08
2.91038e-09
4.44089e-16
0
0
0
1682192221.59762
msg_begin
7.75661e+06
-363931
2.57803
0.00733264
0.00861971
0.000217672
0
0
0
1682192221.64765
msg_begin
7.75661e+06
-363931
2.57795
0.00210707
0.00377235
0.000628897
0
0
0
1682192221.69774
msg_begin
7.75661e+06
-363930
2.57875
1.76951e-08
3.49246e-09
5.32907e-15
0
0
0
1682192221.74771
msg_begin
7.75661e+06
-363930
2.5796
0.0107077
0.00511748
0.000208322
0
0
0
1682192221.79782
msg_begin
7.75661e+06
-363930
2.57975
0.0042801
0.00213226
0.000326435
0
0
0
1682192221.84827
msg_begin
7.75661e+06
-363930
2.57961
0.0273775
0.0202994
0.000929835
0
0
0
1682192221.89790
msg_begin
7.75661e+06
-363929
2.57581
0.0131313
0.00637489
0.000378464
0
0
0
1682192221.94796
msg_begin
7.75661e+06
-363929
2.57482
0.00576252
0.00569951
0.000252327
0
0
0
1682192221.99801
msg_begin
7.75661e+06
-363929
2.57695
7.54371e-08
2.09548e-09
3.9968e-15
0
0
0
1682192222.04864
msg_begin
7.75661e+06
-363928
2.576
0.0113595
0.00985997
0.000384964
0
0
0
1682192222.09810
msg_begin
7.75661e+06
-363928
2.57862
1.21072e-08
3.31784e-09
0
0
0
0
1682192222.14819
msg_begin
7.75661e+06
-363928
2.57625
0.00561959
0.00297848
0.000172079
0
0
0
1682192222.19833
msg_begin
7.75661e+06
-363928
2.57604
0.0234217
0.0117816
0.00079864
0
0
0
1682192222.24823
msg_begin
7.75661e+06
-363927
2.57664
0.00137685
0.00164802
9.48353e-05
0
0
0
1682192222.29827
msg_begin
7.75661e+06
-363927
2.57694
0.0113387
0.00989529
0.000609818
0
0
0
1682192222.34830
msg_begin
7.75661e+06
-363927
2.57822
0.000635178
0.000997429
2.75131e-05
0
0
0
1682192222.39827
msg_begin
7.75661e+06
-363926
2.57807
0.0253809
0.00996398
0.000666844
0
0
0
1682192222.44856
msg_begin
7.75661e+06
-363926
2.57842
0.00572833
0.00324253
0.000114105
0
0
0
1682192222.49832
msg_begin
7.75661e+06
-363926
2.57667
0.000514871
0.0014078
7.47826e-05
0
0
0
1682192222.54834
msg_begin
7.75661e+06
-363925
2.57677
1.21072e-08
3.95812e-09
2.66454e-15
0
0
0
1682192222.64981
msg_begin
7.75661e+06
-363925
2.57836
5.30854e-08
2.38651e-09
2.66454e-15
0
0
0
1682192222.69838
msg_begin
7.7566e+06
-363925
2.57796
0.0229391
0.0186299
0.000480601
0
0
0
1682192222.74840
msg_begin
7.7566e+06
-363924
2.57912
1.95578e-08
3.60887e-09
0
0
0
0
1682192222.79840
msg_begin
7.7566e+06
-363924
2.58072
0.00160182
0.000991368
6.46894e-05
0
0
0
1682192222.84859
msg_begin
7.7566e+06
-363924
2.57973
0.00744347
0.00367691
0.000303625
0
0
0
1682192222.89838
msg_begin
7.7566e+06
-363923
2.58063
0.000522983
1.69405e-05
3.03454e-05
0
0
0
1682192222.94830
msg_begin
7.7566e+06
-363923
2.582
0.0015755
0.00133291
0.000185927
0
0
0
1682192222.99829
msg_begin
7.7566e+06
-363923
2.58343
0.00538586
0.00311797
0.000337133
0
0
0
1682192223.04865
msg_begin
7.7566e+06
-363923
2.58133
0.0257457
0.0167206
0.001594
0
0
0
1682192223.09816
msg_begin
7.7566e+06
-363922
2.58208
0.010082
0.00702647
0.000304971
0
0
0
1682192223.14816
msg_begin
7.7566e+06
-363922
2.58326
0.00209166
0.00138706
0.000108723
0
0
0
1682192223.19814
msg_begin
7.7566e+06
-363922
2.58246
0.0427597
0.0233805
0.000548729
0
0
0
1682192223.24815
msg_begin
7.7566e+06
-363921
2.58094
0.00510359
0.00282009
0.000331224
0
0
0
1682192223.29815
msg_begin
7.7566e+06
-363921
2.58249
0.0273849
0.0197614
0.00177183
0
0
0
1682192223.34815
msg_begin
7.7566e+06
-363921
2.58363
3.72529e-09
3.49246e-10
8.88178e-16
0
0
0
1682192223.39815
msg_begin
7.7566e+06
-363921
2.58547
3.72529e-09
1.74623e-09
1.33227e-15
0
0
0
1682192223.44859
msg_begin
7.7566e+06
-363920
2.58651
0.0102651
0.00499407
0.000608188
0
0
0
1682192223.49812
msg_begin
7.7566e+06
-363920
2.58557
0.000833605
0.00367108
0.000403488
0
0
0
1682192223.54808
msg_begin
7.7566e+06
-363920
2.58787
0.000595531
0.00443625
0.000387735
0
0
0
1682192223.59814
msg_begin
7.7566e+06
-363919
2.58728
6.14673e-08
1.39698e-09
4.44089e-16
0
0
0
1682192223.64881
msg_begin
7.7566e+06
-363919
2.58417
0.000769517
0.000623017
4.09847e-05
0
0
0
1682192223.69818
msg_begin
7.75659e+06
-363919
2.58378
0.010224
0.00777558
0.000465788
0
0
0
1682192223.74815
msg_begin
7.75659e+06
-363919
2.58575
0.00542098
0.00426973
0.000350677
0
0
0
1682192223.79821
msg_begin
7.75659e+06
-363918
2.5865
0.00732153
0.0132719
0.000422608
0
0
0
1682192223.84857
msg_begin
7.75659e+06
-363918
2.58325
0.00671353
0.0044215
0.000765853
0
0
0
1682192223.89827
msg_begin
7.75659e+06
-363918
2.58668
0.00337051
0.00399457
0.000624
0
0
0
1682192223.94831
msg_begin
7.75659e+06
-363917
2.58647
0.00224226
0.000596192
0.000182602
0
0
0
1682192223.99840
msg_begin
7.75659e+06
-363917
2.58395
0.000626269
0.000657534
0.000127915
0
0
0
1682192224.04912
msg_begin
7.75659e+06
-363917
2.58464
0.0168125
0.0100592
0.000690752
0
0
0
1682192224.09856
msg_begin
7.75659e+06
-363917
2.58707
0.00613206
0.00264122
2.88342e-07
0
0
0
1682192224.14855
msg_begin
7.75659e+06
-363916
2.58631
0.0219013
0.0131917
0.000543554
0
0
0
1682192224.19865
msg_begin
7.75659e+06
-363916
2.58763
0.00135511
0.00153494
0.000146788
0
0
0
1682192224.24878
msg_begin
7.75659e+06
-363916
2.58758
0.0168063
0.00954218
0.000766309
0
0
0
1682192224.29867
msg_begin
7.75659e+06
-363916
2.58862
0.00646782
0.00872349
0.000865821
0
0
0
1682192224.34874
msg_begin
7.75659e+06
-363915
2.58799
0.00380752
0.00715617
0.000240159
0
0
0
1682192224.39877
msg_begin
7.75659e+06
-363915
2.58404
0.00200794
0.00129357
0.000111738
0
0
0
1682192224.44911
msg_begin
7.75659e+06
-363915
2.58539
8.00937e-08
1.16415e-10
4.44089e-16
0
0
0
1682192224.49874
msg_begin
7.75659e+06
-363914
2.58645
0.00180772
0.00100974
0.000107243
0
0
0
1682192224.54873
msg_begin
7.75659e+06
-363914
2.58536
0.005056
0.00329871
0.000204016
0
0
0
1682192224.59869
msg_begin
7.75659e+06
-363914
2.5862
0.00190295
0.00130913
7.52574e-05
0
0
0
1682192224.64924
msg_begin
7.75659e+06
-363914
2.58624
0.00298859
0.00323734
0.000684192
0
0
0
1682192224.69867
msg_begin
7.75659e+06
-363913
2.58662
0.0161664
0.00898966
0.000167083
0
0
0
1682192224.74864
msg_begin
7.75659e+06
-363913
2.58768
0.000813478
0.000633528
1.75575e-05
0
0
0
1682192224.79868
msg_begin
7.75658e+06
-363913
2.58683
0.00156871
0.00140252
0.00023055
0
0
0
1682192224.84883
msg_begin
7.75658e+06
-363913
2.58702
0.0201541
0.00581407
0.000460916
0
0
0
1682192224.89869
msg_begin
7.75658e+06
-363912
2.58726
0.023609
0.0108863
0.000457455
0
0
0
1682192224.94869
msg_begin
7.75658e+06
-363912
2.58637
0.0152641
0.00539377
0.000603033
0
0
0
1682192224.99878
msg_begin
7.75658e+06
-363912
2.58562
0.000520954
0.000558001
5.46653e-05
0
0
0
1682192225.04882
msg_begin
7.75658e+06
-363911
2.58519
0.0015473
0.000410926
8.12404e-05
0
0
0
1682192225.09883
msg_begin
7.75658e+06
-363911
2.58493
0.0274319
0.00660871
0.000597341
0
0
0
1682192225.14887
msg_begin
7.75658e+06
-363911
2.58502
0.00923206
0.00895246
0.000365407
0
0
0
1682192225.19892
msg_begin
7.75658e+06
-363911
2.5837
2.32831e-08
2.79397e-09
8.88178e-16
0
0
0
1682192225.24912
msg_begin
7.75658e+06
-363910
2.5859
0.00445083
0.00778211
0.000569707
0
0
0
1682192225.29891
msg_begin
7.75658e+06
-363910
2.58536
0.0342229
0.020117
0.00146453
0
0
0
1682192225.34885
msg_begin
7.75658e+06
-363910
2.58581
0.016266
0.00559086
0.000318777
0
0
0
1682192225.39890
msg_begin
7.75658e+06
-363910
2.58451
0.0152617
0.0135319
0.000760988
0
0
0
1682192225.44941
msg_begin
7.75658e+06
-363909
2.58613
0.00911001
0.00784028
0.000133752
0
0
0
1682192225.49882
msg_begin
7.75658e+06
-363909
2.58651
0.0264253
0.0115795
0.000780529
0
0
0
1682192225.54873
msg_begin
7.75658e+06
-363909
2.58457
0.00804637
0.0150226
0.000198068
0
0
0
1682192225.59866
msg_begin
7.75658e+06
-363909
2.58488
0.0337586
0.0170056
0.000608622
0
0
0
1682192225.64918
msg_begin
7.75658e+06
-363908
2.585
0.0227878
0.00686844
0.000557125
0
0
0
1682192225.69861
msg_begin
7.75658e+06
-363908
2.58376
0.00767931
0.00288319
0.000357662
0
0
0
1682192225.74862
msg_begin
7.75658e+06
-363908
2.5836
0.00636718
0.000260509
2.41946e-05
0
0
0
1682192225.79855
msg_begin
7.75658e+06
-363908
2.58408
0.00235075
0.00543755
0.000287502
0
0
0
1682192225.84896
msg_begin
7.75658e+06
-363907
2.58539
1.86265e-09
2.67755e-09
3.55271e-15
0
0
0
1682192225.89859
msg_begin
7.75658e+06
-363907
2.58426
0.0228375
0.013492
0.000582228
0
0
0
1682192225.94858
msg_begin
7.75657e+06
-363907
2.58624
0.0186556
0.0183411
0.00152575
0
0
0
1682192225.99861
msg_begin
7.75657e+06
-363907
2.58441
0.0361747
0.00334232
0.00102841
0
0
0
1682192226.04907
msg_begin
7.75657e+06
-363906
2.58321
0.000927104
0.0005872
0.000170845
0
0
0
1682192226.09865
msg_begin
7.75657e+06
-363906
2.58431
0.00100174
0.000142095
2.37593e-05
0
0
0
1682192226.14870
msg_begin
7.75657e+06
-363906
2.58376
0.00487287
0.0045492
0.000414721
0
0
0
1682192226.19875
msg_begin
7.75657e+06
-363906
2.58365
0.0121402
0.00674019
0.000790209
0
0
0
1682192226.24958
msg_begin
7.75657e+06
-363905
2.58155
0
3.20142e-09
3.10862e-15
0
0
0
1682192226.29880
msg_begin
7.75657e+06
-363905
2.58172
0.0106597
0.00775094
1.09023e-05
0
0
0
1682192226.34877
msg_begin
7.75657e+06
-363905
2.58187
0.0456585
0.0270425
0.000849431
0
0
0
1682192226.39883
msg_begin
7.75657e+06
-363904
2.58435
0.00696859
0.0103687
0.000997721
0
0
0
1682192226.44912
msg_begin
7.75657e+06
-363904
2.58067
0.027695
0.0038813
0.000399379
0
0
0
1682192226.49880
msg_begin
7.75657e+06
-363904
2.5814
0.00373477
0.00676769
0.00114146
0
0
0
1682192226.54878
msg_begin
7.75657e+06
-363904
2.58058
0.00893946
0.00399814
0.000202813
0
0
0
1682192226.59874
msg_begin
7.75657e+06
-363903
2.57851
0.0187722
0.0114899
0.000251556
0
0
0
1682192226.64925
msg_begin
7.75657e+06
-363903
2.58019
0.00486167
0.00372688
0.000335864
0
0
0
1682192226.69870
msg_begin
7.75657e+06
-363903
2.57929
0.0324291
0.0349396
0.000438786
0
0
0
1682192226.74859
msg_begin
7.75657e+06
-363903
2.57764
0.00646472
0.0036509
0.000556731
0
0
0
1682192226.79853
msg_begin
7.75657e+06
-363903
2.57917
0.00473765
0.00318406
0.000607795
0
0
0
1682192226.84878
msg_begin
7.75657e+06
-363902
2.57915
0.0195446
0.00874901
0.000286334
0
0
0
1682192226.89856
msg_begin
7.75657e+06
-363902
2.57725
0.0112122
0.00589832
0.000102443
0
0
0
1682192226.94854
msg_begin
7.75657e+06
-363902
2.57526
0.0109498
0.00639694
0.00090659
0
0
0
1682192226.99859
msg_begin
7.75657e+06
-363902
2.57463
0.0137313
0.011953
0.00107257
0
0
0
1682192227.04892
msg_begin
7.75657e+06
-363901
2.57398
0.00153533
0.00124581
2.62019e-05
0
0
0
1682192227.09860
msg_begin
7.75657e+06
-363901
2.57211
5.58794e-09
8.14907e-10
1.77636e-15
0
0
0
1682192227.14861
msg_begin
7.75657e+06
-363901
2.56956
0.00542982
0.00130576
1.94636e-05
0
0
0
1682192227.19865
msg_begin
7.75656e+06
-363901
2.56744
0.0106566
0.00125165
0.000720917
0
0
0
1682192227.24927
msg_begin
7.75656e+06
-363900
2.56739
0.00125777
0.0027445
8.49663e-05
0
0
0
1682192227.29864
msg_begin
7.75656e+06
-363900
2.56438
0.00518085
0.00138792
8.0555e-05
0
0
0
1682192227.34866
msg_begin
7.75656e+06
-363900
2.56366
0.00188645
9.3534e-05
0.000332263
0
0
0
1682192227.39862
msg_begin
7.75656e+06
-363900
2.56022
0.0126974
0.000293466
2.97975e-05
0
0
0
1682192227.44908
msg_begin
7.75656e+06
-363900
2.55769
0.0082092
0.0138899
0.00130719
0
0
0
1682192227.49867
msg_begin
7.75656e+06
-363899
2.55191
0.0196779
0.00789826
0.00160651
0
0
0
1682192227.54870
msg_begin
7.75656e+06
-363899
2.55101
0.0152018
0.00113295
0.000512186
0
0
0
1682192227.59868
msg_begin
7.75656e+06
-363899
2.54792
0.0113882
0.0252621
0.00119674
0
0
0
1682192227.64944
msg_begin
7.75656e+06
-363899
2.54628
0.0210805
0.0227134
0.000752331
0
0
0
1682192227.69887
msg_begin
7.75656e+06
-363898
2.54325
0.00178569
0.00222614
0.000232625
0
0
0
1682192227.74881
msg_begin
7.75656e+06
-363898
2.54208
5.58794e-09
2.21189e-09
2.22045e-15
0
0
0
1682192227.79885
msg_begin
7.75656e+06
-363898
2.54028
0.00257484
0.000893229
0.000104914
0
0
0
1682192227.84887
msg_begin
7.75656e+06
-363898
2.53769
0.00231903
0.00236747
0.000398008
0
0
0
1682192227.89896
msg_begin
7.75656e+06
-363898
2.53669
0.00428358
0.000857583
0.000151974
0
0
0
1682192227.94897
msg_begin
7.75656e+06
-363897
2.53153
0.00317264
0.00524126
0.000740238
0
0
0
1682192227.99889
msg_begin
7.75656e+06
-363897
2.53183
0.006477
0.00765729
0.000616981
0
0
0
1682192228.04881
msg_begin
7.75656e+06
-363897
2.52901
0.0111621
0.0112403
0.000742769
0
0
0
1682192228.09882
msg_begin
7.75656e+06
-363897
2.52447
0.00730489
0.0019177
0.000746831
0
0
0
1682192228.14878
msg_begin
7.75656e+06
-363896
2.52096
0.00190102
0.000944559
3.66252e-05
0
0
0
1682192228.19866
msg_begin
7.75656e+06
-363896
2.5195
1.67638e-08
2.44472e-09
3.55271e-15
0
0
0
1682192228.24859
msg_begin
7.75656e+06
-363896
2.5178
0.0011083
0.0011394
0.000153112
0
0
0
1682192228.29857
msg_begin
7.75656e+06
-363896
2.51786
0.000315662
0.00248875
0.000227559
0
0
0
1682192228.34852
msg_begin
7.75656e+06
-363896
2.51575
0.000442175
0.000751783
0.000124532
0
0
0
1682192228.39852
msg_begin
7.75656e+06
-363895
2.51055
0.00430344
0.00129474
0.000835023
0
0
0
1682192228.44855
msg_begin
7.75656e+06
-363895
2.51058
0.0107437
0.00912883
0.00110457
0
0
0
1682192228.49852
msg_begin
7.75656e+06
-363895
2.50832
0.00469573
0.0120653
0.000444767
0
0
0
1682192228.54853
msg_begin
7.75656e+06
-363895
2.50676
6.79865e-08
8.73115e-10
3.10862e-15
0
0
0
1682192228.59857
msg_begin
7.75656e+06
-363895
2.50506
0.00300578
0.000270625
0.000122154
0
0
0
1682192228.64870
msg_begin
7.75656e+06
-363894
2.49836
2.79397e-08
3.31784e-09
5.32907e-15
0
0
0
1682192228.69865
msg_begin
7.75655e+06
-363894
2.50091
1.11759e-08
3.89991e-09
4.44089e-16
0
0
0
1682192228.74874
msg_begin
7.75655e+06
-363894
2.49555
0.00178107
0.00415624
0.000120692
0
0
0
1682192228.79876
msg_begin
7.75655e+06
-363894
2.49191
0.00908736
0.00551973
0.000498056
0
0
0
1682192228.84950
msg_begin
7.75655e+06
-363893
2.48816
0.00319465
0.00324911
0.00020893
0
0
0
1682192228.89877
msg_begin
7.75655e+06
-363893
2.4872
0.0125984
0.0117811
0.000319897
0
0
0
1682192228.94877
msg_begin
7.75655e+06
-363893
2.48303
0.0441915
0.0254395
0.00191089
0
0
0
1682192228.99879
msg_begin
7.75655e+06
-363893
2.48231
0.00168114
0.00853304
0.0001755
0
0
0
1682192229.04953
msg_begin
7.75655e+06
-363893
2.47663
0.0133368
0.00831548
0.000467269
0
0
0
1682192229.09874
msg_begin
7.75655e+06
-363892
2.4769
0.0104833
0.00862578
0.000166898
0
0
0
1682192229.14874
msg_begin
7.75655e+06
-363892
2.47524
9.31323e-09
4.65661e-10
5.77316e-15
0
0
0
1682192229.19868
msg_begin
7.75655e+06
-363892
2.4728
0.00262148
0.000506555
9.97571e-05
0
0
0
1682192229.24910
msg_begin
7.75655e+06
-363892
2.46687
0.000717529
0.000451627
4.25861e-05
0
0
0
1682192229.29859
msg_begin
7.75655e+06
-363892
2.46292
1.86265e-08
1.57161e-09
1.33227e-15
0
0
0
1682192229.34865
msg_begin
7.75655e+06
-363891
2.46101
0.00231517
0.00653739
0.000640097
0
0
0
1682192229.39862
msg_begin
7.75655e+06
-363891
2.45812
0.000564741
0.00109968
0.000159673
0
0
0
1682192229.44915
msg_begin
7.75655e+06
-363891
2.45406
0.00459258
0.00205422
0.00019534
0
0
0
1682192229.49874
msg_begin
7.75655e+06
-363891
2.44749
0.000308854
6.22147e-05
5.25716e-05
0
0
0
1682192229.54868
msg_begin
7.75655e+06
-363890
2.4459
0.000661356
0.000146018
4.4736e-05
0
0
0
1682192229.59873
msg_begin
7.75655e+06
-363890
2.44282
0.027176
0.02647
0.000544669
0
0
0
1682192229.64939
msg_begin
7.75655e+06
-363890
2.43769
0.0133646
0.0126662
0.00187135
0
0
0
1682192229.69889
msg_begin
7.75655e+06
-363890
2.43659
0.00444368
0.00163826
0.000222981
0
0
0
1682192229.74889
msg_begin
7.75655e+06
-363890
2.4321
0.00834367
0.00714305
0.000816057
0
0
0
1682192229.79902
msg_begin
7.75655e+06
-363889
2.42807
0.018799
0.0151484
0.000793468
0
0
0
1682192229.84904
msg_begin
7.75655e+06
-363889
2.42442
0.0206738
0.0145236
0.000663934
0
0
0
1682192229.91465
msg_begin
7.75655e+06
-363889
2.41739
0.00730029
0.00370681
0.000143825
0
0
0
1682192229.94917
msg_begin
7.75655e+06
-363889
2.41343
0.00718156
0.00304155
0.000757013
0
0
0
1682192229.99914
msg_begin
7.75655e+06
-363889
2.40825
0.0102555
0.00279646
0.000591448
0
0
0
1682192230.05061
msg_begin
7.75655e+06
-363888
2.40257
0.00966552
0.01432
0.00112896
0
0
0
1682192230.09913
msg_begin
7.75655e+06
-363888
2.39994
0.0198808
0.00860855
0.000521864
0
0
0
1682192230.14909
msg_begin
7.75655e+06
-363888
2.39374
0.00376727
0.0040723
0.000368141
0
0
0
1682192230.19915
msg_begin
7.75655e+06
-363888
2.38748
0.0129182
0.0153805
0.000581451
0
0
0
1682192230.24914
msg_begin
7.75655e+06
-363888
2.38378
0.000422943
0.0045614
0.000439799
0
0
0
1682192230.29906
msg_begin
7.75655e+06
-363887
2.37905
0.0176765
0.007193
0.00163147
0
0
0
1682192230.34904
msg_begin
7.75655e+06
-363887
2.37558
0.00773324
0.00576721
0.000501165
0
0
0
1682192230.39897
msg_begin
7.75655e+06
-363887
2.37011
0.00755715
0.00396746
0.000507996
0
0
0
1682192230.44897
msg_begin
7.75655e+06
-363887
2.36464
0.00391698
0.00288346
0.000136148
0
0
0
1682192230.49892
msg_begin
7.75655e+06
-363887
2.35924
0.00161685
0.00345464
3.32984e-05
0
0
0
1682192230.54883
msg_begin
7.75655e+06
-363886
2.35244
0.000484884
0.00117201
8.94454e-05
0
0
0
1682192230.59878
msg_begin
7.75655e+06
-363886
2.3526
0.00279593
0.00367641
0.000587363
0
0
0
1682192230.64878
msg_begin
7.75655e+06
-363886
2.34315
0.00430772
0.0021738
0.00013732
0
0
0
1682192230.69882
msg_begin
7.75655e+06
-363886
2.33904
0.0300577
0.0217718
0.00143971
0
0
0
1682192230.74886
msg_begin
7.75654e+06
-363886
2.3333
0.000464863
0.000532214
5.76065e-05
0
0
0
1682192230.79906
msg_begin
7.75654e+06
-363885
2.32747
0.00274293
0.00400956
0.000862205
0
0
0
1682192230.84945
msg_begin
7.75654e+06
-363885
2.3208
0.00519339
0.00336492
0.000407808
0
0
0
1682192230.89894
msg_begin
7.75654e+06
-363885
2.32195
0.0105894
0.00465639
0.000864955
0
0
0
1682192230.94893
msg_begin
7.75654e+06
-363885
2.31135
0.00494558
0.00145629
0.00176292
0
0
0
1682192230.99898
msg_begin
7.75654e+06
-363885
2.30752
0.0187519
0.0134621
0.000393866
0
0
0
1682192231.04932
msg_begin
7.75654e+06
-363884
2.3064
0.0073365
0.0171139
0.000725278
0
0
0
1682192231.09910
msg_begin
7.75654e+06
-363884
2.29972
0.0151658
0.0295887
0.00107291
0
0
0
1682192231.14913
msg_begin
7.75654e+06
-363884
2.29395
0.00777936
0.0162491
0.000518446
0
0
0
1682192231.19969
msg_begin
7.75654e+06
-363884
2.28926
8.28067e-06
0.000853876
9.44322e-05
0
0
0
1682192231.24973
msg_begin
7.75654e+06
-363884
2.28312
0.00218086
0.00196566
7.46441e-05
0
0
0
1682192231.29917
msg_begin
7.75654e+06
-363884
2.27886
0.000353939
0.000678321
3.19549e-06
0
0
0
1682192231.34915
msg_begin
7.75654e+06
-363883
2.27643
0.00547135
0.00109718
0.00116018
0
0
0
1682192231.39917
msg_begin
7.75654e+06
-363883
2.27197
0.0257775
0.0272212
0.000971813
0
0
0
1682192231.44964
msg_begin
7.75654e+06
-363883
2.26435
0.0136917
0.00891814
0.000503768
0
0
0
1682192231.49902
msg_begin
7.75654e+06
-363883
2.26304
0.0070441
0.0107975
0.00107641
0
0
0
1682192231.54897
msg_begin
7.75654e+06
-363883
2.25731
0.00381689
0.00348845
0.000515985
0
0
0
1682192231.59906
msg_begin
7.75654e+06
-363883
2.25276
0.00112157
0.00197071
0.000226656
0
0
0
1682192231.64936
msg_begin
7.75654e+06
-363882
2.24535
0.0119495
0.0171036
0.00093044
0
0
0
1682192231.69886
msg_begin
7.75654e+06
-363882
2.24427
0.00604176
0.00826776
0.000685028
0
0
0
1682192231.74873
msg_begin
7.75654e+06
-363882
2.24053
0.012825
0.0155888
0.00105955
0
0
0
1682192231.79879
msg_begin
7.75654e+06
-363882
2.23616
0.0115929
0.00635802
0.000860303
0
0
0
1682192231.84883
msg_begin
7.75654e+06
-363882
2.23423
0.010773
0.0186402
0.00177156
0
0
0
1682192231.89877
msg_begin
7.75654e+06
-363881
2.22806
0.00998221
0.0135886
0.000507347
0
0
0
1682192231.94884
msg_begin
7.75654e+06
-363881
2.22638
0.00366372
0.00783305
0.000370411
0
0
0
1682192231.99882
msg_begin
7.75654e+06
-363881
2.21867
7.07805e-08
3.14321e-09
4.44089e-16
0
0
0
1682192232.04889
msg_begin
7.75654e+06
-363881
2.21325
0.00148005
0.0071369
0.000427167
0
0
0
1682192232.09893
msg_begin
7.75654e+06
-363881
2.21116
0.0017384
0.00426051
0.000125989
0
0
0
1682192232.14891
msg_begin
7.75654e+06
-363881
2.20687
0.00509028
0.00609756
0.000551647
0
0
0
1682192232.19883
msg_begin
7.75654e+06
-363881
2.20467
2.51457e-08
3.49246e-09
4.44089e-16
0
0
0
1682192232.24901
msg_begin
7.75654e+06
-363880
2.20225
0.0185883
0.00525353
0.00123883
0
0
0
1682192232.29881
msg_begin
7.75654e+06
-363880
2.19893
0.0144856
0.0129704
0.000956691
0
0
0
1682192232.34885
msg_begin
7.75654e+06
-363880
2.19135
0.000120515
0.00064132
9.89367e-05
0
0
0
1682192232.39882
msg_begin
7.75654e+06
-363880
2.18763
0.0139695
0.0343608
0.000978609
0
0
0
1682192232.44882
msg_begin
7.75654e+06
-363880
2.18754
0.00620746
0.00615081
0.000502257
0
0
0
1682192232.49883
msg_begin
7.75654e+06
-363880
2.18651
2.79397e-08
2.79397e-09
1.33227e-15
0
0
0
1682192232.54885
msg_begin
7.75654e+06
-363879
2.18109
0.0217804
0.015105
0.00136726
0
0
0
1682192232.59896
msg_begin
7.75654e+06
-363879
2.1791
0.000606308
0.00155218
5.38871e-05
0
0
0
1682192232.64893
msg_begin
7.75654e+06
-363879
2.17133
0.000609105
0.000424512
6.38092e-06
0
0
0
1682192232.69899
msg_begin
7.75654e+06
-363879
2.16714
0.00365687
0.0083561
0.000708045
0
0
0
1682192232.74894
msg_begin
7.75654e+06
-363879
2.16514
0.00203024
0.00208262
9.38529e-05
0
0
0
1682192232.79942
msg_begin
7.75654e+06
-363879
2.16284
0.0036645
0.00339502
0.000497108
0
0
0
1682192232.84968
msg_begin
7.75654e+06
-363879
2.16066
0.00208823
0.00398752
0.000425761
0
0
0
1682192232.89885
msg_begin
7.75654e+06
-363878
2.15931
0.00448039
0.0099038
0.000404399
0
0
0
1682192232.94885
msg_begin
7.75654e+06
-363878
2.15757
0.0183216
0.0104124
0.000974182
0
0
0
1682192232.99890
msg_begin
7.75654e+06
-363878
2.14666
0.0102564
0.0137121
0.00166299
0
0
0
1682192233.04910
msg_begin
7.75654e+06
-363878
2.14393
0.00298581
0.00146818
0.000858057
0
0
0
1682192233.09867
msg_begin
7.75654e+06
-363878
2.14351
0.00741721
0.00472721
0.000667269
0
0
0
1682192233.14860
msg_begin
7.75654e+06
-363878
2.13975
0.00117091
0.00310418
0.000117601
0
0
0
1682192233.19859
msg_begin
7.75654e+06
-363877
2.13524
6.98492e-08
2.2701e-09
1.33227e-15
0
0
0
1682192233.24926
msg_begin
7.75654e+06
-363877
2.12982
0.00322754
0.0033566
0.000475454
0
0
0
1682192233.29857
msg_begin
7.75654e+06
-363877
2.12793
0.00377797
0.0090706
0.000315759
0
0
0
1682192233.34853
msg_begin
7.75654e+06
-363877
2.12153
0.0155732
0.00926531
0.00034841
0
0
0
1682192233.39919
msg_begin
7.75654e+06
-363877
2.11892
0.00438256
0.00518492
0.000581705
0
0
0
1682192233.44931
msg_begin
7.75654e+06
-363877
2.11422
0.00240622
0.00372268
0.000559384
0
0
0
1682192233.49858
msg_begin
7.75654e+06
-363877
2.11275
0.00271076
0.00403835
0.000254148
0
0
0
1682192233.54861
msg_begin
7.75654e+06
-363877
2.10913
0.000818221
0.00176527
5.92658e-05
0
0
0
1682192233.59867
msg_begin
7.75654e+06
-363876
2.10521
0.00113871
0.00327526
4.28299e-05
0
0
0
1682192233.64925
msg_begin
7.75654e+06
-363876
2.10154
0.00153451
0.00147237
7.04063e-05
0
0
0
1682192233.69878
msg_begin
7.75654e+06
-363876
2.1006
0.00451977
0.00540689
0.000538826
0
0
0
1682192233.74883
msg_begin
7.75654e+06
-363876
2.09398
0.00165938
0.00179141
5.52433e-05
0
0
0
1682192233.79896
msg_begin
7.75654e+06
-363876
2.09313
0.00557397
0.000580383
0.000106484
0
0
0
1682192233.84892
msg_begin
7.75654e+06
-363876
2.087
8.00937e-08
3.66708e-09
0
0
0
0
1682192233.89896
msg_begin
7.75654e+06
-363876
2.09059
0.015646
0.0172356
0.00238968
0
0
0
1682192233.94897
msg_begin
7.75654e+06
-363875
2.08605
0.000173741
7.62633e-06
7.94275e-07
0
0
0
1682192233.99898
msg_begin
7.75654e+06
-363875
2.07897
0.00210097
0.00347627
0.000398138
0
0
0
1682192234.04898
msg_begin
7.75654e+06
-363875
2.0767
0.00628091
0.0045936
0.000350193
0
0
0
1682192234.09896
msg_begin
7.75654e+06
-363875
2.07499
0.00778906
0.00564552
0.0003157
0
0
0
1682192234.14886
msg_begin
7.75654e+06
-363875
2.07452
0.00191375
0.0112985
0.000136753
0
0
0
1682192234.19879
msg_begin
7.75654e+06
-363875
2.07169
0.00858051
0.0103207
0.000308355
0
0
0
1682192234.24876
msg_begin
7.75654e+06
-363875
2.06876
0.00550975
0.00880814
0.000297613
0
0
0
1682192234.29878
msg_begin
7.75654e+06
-363875
2.06922
0.00211014
0.00204506
0.000288419
0
0
0
1682192234.34870
msg_begin
7.75654e+06
-363874
2.0648
0.000318177
0.00384689
0.000340917
0
0
0
1682192234.39869
msg_begin
7.75654e+06
-363874
2.05853
0.016574
0.0168944
0.00108701
0
0
0
1682192234.44867
msg_begin
7.75654e+06
-363874
2.05618
0.00318949
0.00714782
0.00107859
0
0
0
1682192234.49873
msg_begin
7.75654e+06
-363874
2.05247
6.70552e-08
8.73115e-10
1.33227e-15
0
0
0
1682192234.54874
msg_begin
7.75654e+06
-363874
2.05112
6.0536e-08
1.16415e-10
4.44089e-16
0
0
0
1682192234.59878
msg_begin
7.75654e+06
-363874
2.05328
0.00156488
0.00284791
0.000162866
0
0
0
1682192234.64883
msg_begin
7.75654e+06
-363874
2.04864
0.00535676
0.0168465
0.000841591
0
0
0
1682192234.69884
msg_begin
7.75654e+06
-363874
2.04334
0.00409207
0.0109223
0.00147984
0
0
0
1682192234.74887
msg_begin
7.75654e+06
-363874
2.04481
0.00443024
0.00678576
0.00106645
0
0
0
1682192234.79895
msg_begin
7.75654e+06
-363873
2.04365
7.16936e-05
0.000365561
8.24254e-06
0
0
0
1682192234.84960
msg_begin
7.75654e+06
-363873
2.041
0.00161643
0.00285316
0.000177217
0
0
0
1682192234.89890
msg_begin
7.75654e+06
-363873
2.03728
0.00315885
0.00504396
0.000240788
0
0
0
1682192234.94889
msg_begin
7.75654e+06
-363873
2.03634
5.69197e-05
0.00134599
1.17701e-05
0
0
0
1682192234.99891
msg_begin
7.75654e+06
-363873
2.0327
0.00669573
0.00469882
0.000590346
0
0
0
1682192235.04901
msg_begin
7.75654e+06
-363873
2.03041
0.00496062
0.00890387
0.000310003
0
0
0
1682192235.09897
msg_begin
7.75654e+06
-363873
2.03011
0.00406706
0.00236545
0.00028881
0
0
0
1682192235.14900
msg_begin
7.75654e+06
-363873
2.02506
0.00365858
0.00497074
0.000173055
0
0
0
1682192235.19913
msg_begin
7.75654e+06
-363872
2.02475
0.0152327
0.0144349
0.000377022
0
0
0
1682192235.24971
msg_begin
7.75654e+06
-363872
2.02256
0.0127586
0.0145304
0.000698588
0
0
0
1682192235.29910
msg_begin
7.75654e+06
-363872
2.02062
0.00338593
0.00759205
0.000580504
0
0
0
1682192235.34915
msg_begin
7.75654e+06
-363872
2.01985
0.0015292
0.000978065
7.53544e-05
0
0
0
1682192235.39919
msg_begin
7.75654e+06
-363872
2.01946
0.00446907
0.000834434
0.000236621
0
0
0
1682192235.44993
msg_begin
7.75654e+06
-363872
2.01872
0.00258545
0.00484715
7.1569e-05
0
0
0
1682192235.49922
msg_begin
7.75654e+06
-363872
2.01921
0.00250346
0.00187564
7.42216e-05
0
0
0
1682192235.54924
msg_begin
7.75654e+06
-363872
2.01707
0.0125032
0.0165384
0.00131134
0
0
0
1682192235.59935
msg_begin
7.75653e+06
-363872
2.0176
0.00882881
0.00356435
0.000324292
0
0
0
1682192235.64978
msg_begin
7.75653e+06
-363872
2.01887
0.00218859
0.0172364
0.000269911
0
0
0
1682192235.69920
msg_begin
7.75653e+06
-363871
2.01633
0.00304123
0.00739598
0.000132966
0
0
0
1682192235.74912
msg_begin
7.75653e+06
-363871
2.013
0.00108389
0.0003325
4.87707e-05
0
0
0
1682192235.79912
msg_begin
7.75653e+06
-363871
2.0094
0.00135045
0.00671911
0.000217544
0
0
0
1682192235.84905
msg_begin
7.75653e+06
-363871
2.00932
0.0154397
0.00895251
0.000540864
0
0
0
1682192235.89899
msg_begin
7.75653e+06
-363871
2.00805
0.00147598
0.00200438
0.000345375
0
0
0
1682192235.94893
msg_begin
7.75653e+06
-363871
2.00942
0.00459314
0.00257331
0.00129227
0
0
0
1682192235.99885
msg_begin
7.75653e+06
-363871
2.00692
0.0155027
0.00919868
0.000474967
0
0
0
1682192236.04876
msg_begin
7.75653e+06
-363871
2.00727
0.00402173
0.0059193
0.000956241
0
0
0
1682192236.09867
msg_begin
7.75653e+06
-363871
2.00481
0.00416304
0.00662786
0.000567302
0
0
0
1682192236.14873
msg_begin
7.75653e+06
-363870
2.00427
0.00150991
0.00565018
0.000379317
0
0
0
1682192236.19872
msg_begin
7.75653e+06
-363870
2.00129
0.00601302
0.00589489
0.000475062
0
0
0
1682192236.24871
msg_begin
7.75653e+06
-363870
1.99999
0.00133329
0.00466183
0.000163728
0
0
0
1682192236.29880
msg_begin
7.75653e+06
-363870
1.9966
0.00124719
0.000784586
3.32597e-05
0
0
0
1682192236.34880
msg_begin
7.75653e+06
-363870
1.9983
0.00274018
0.00120077
0.000171395
0
0
0
1682192236.39888
msg_begin
7.75653e+06
-363870
1.99818
0.00190046
0.00700173
0.000196399
0
0
0
1682192236.44891
msg_begin
7.75653e+06
-363870
1.99296
0.00660229
0.0115809
0.00188079
0
0
0
1682192236.49900
msg_begin
7.75653e+06
-363870
1.9952
0.00197579
0.00512506
0.000282419
0
0
0
1682192236.54899
msg_begin
7.75653e+06
-363869
1.99204
0.0054204
0.00471818
0.000279395
0
0
0
1682192236.59903
msg_begin
7.75653e+06
-363869
1.98893
0.00159881
0.00178251
0.000108478
0
0
0
1682192236.64899
msg_begin
7.75653e+06
-363869
1.98775
0.00657146
0.00999207
0.00227944
0
0
0
1682192236.69893
msg_begin
7.75653e+06
-363869
1.98589
0.0049165
0.0029383
0.000347685
0
0
0
1682192236.74892
msg_begin
7.75653e+06
-363869
1.98312
0.00508796
0.00564744
0.000493951
0
0
0
1682192236.79895
msg_begin
7.75653e+06
-363869
1.9855
0.00409257
0.00999842
0.00207777
0
0
0
1682192236.84924
msg_begin
7.75653e+06
-363869
1.98288
8.28877e-08
2.21189e-09
2.22045e-16
0
0
0
1682192236.89881
msg_begin
7.75653e+06
-363869
1.98506
0.00408317
0.00644854
0.000652275
0
0
0
1682192236.94882
msg_begin
7.75653e+06
-363869
1.98192
0.00194351
0.00313069
0.000290244
0
0
0
1682192236.99872
msg_begin
7.75653e+06
-363868
1.9801
0.00351338
0.0152197
0.000572852
0
0
0
1682192237.04872
msg_begin
7.75653e+06
-363868
1.97963
0.00175198
0.00378559
7.56438e-05
0
0
0
1682192237.09870
msg_begin
7.75653e+06
-363868
1.98045
0.00519359
0.0115782
0.00129889
0
0
0
1682192237.14873
msg_begin
7.75653e+06
-363868
1.9786
0.0019849
0.00468409
0.000325446
0
0
0
1682192237.19876
msg_begin
7.75653e+06
-363868
1.98079
0.00439851
0.00183627
0.000380296
0
0
0
1682192237.24931
msg_begin
7.75653e+06
-363868
1.97762
0.000300937
0.000987238
0.000109772
0
0
0
1682192237.29876
msg_begin
7.75653e+06
-363868
1.9749
0.000343014
0.00122533
0.000137324
0
0
0
1682192237.34879
msg_begin
7.75653e+06
-363868
1.97595
0.00197979
0.00943592
0.000326393
0
0
0
1682192237.39888
msg_begin
7.75653e+06
-363868
1.97556
0.00127455
0.00624899
0.000236337
0
0
0
1682192237.44971
msg_begin
7.75653e+06
-363867
1.97678
0.0142456
0.00693942
0.000435709
0
0
0
1682192237.49894
msg_begin
7.75653e+06
-363867
1.97501
0.00256265
0.00350546
0.000372438
0
0
0
1682192237.54896
msg_begin
7.75653e+06
-363867
1.97134
2.98023e-08
3.20142e-09
1.9984e-15
0
0
0
1682192237.59897
msg_begin
7.75653e+06
-363867
1.97046
0.00369642
0.00285763
0.000506848
0
0
0
1682192237.64963
msg_begin
7.75653e+06
-363867
1.97228
0.00981773
0.00619634
0.000516785
0
0
0
1682192237.69902
msg_begin
7.75653e+06
-363867
1.97375
0.0158711
0.0133018
0.000835592
0
0
0
1682192237.74894
msg_begin
7.75653e+06
-363867
1.96975
0.00534394
0.00262937
0.0002943
0
0
0
1682192237.79901
msg_begin
7.75653e+06
-363867
1.97218
5.58794e-09
3.25963e-09
1.77636e-15
0
0
0
1682192237.84894
msg_begin
7.75653e+06
-363867
1.96993
0.000438637
0.00141208
4.03453e-05
0
0
0
1682192237.89887
msg_begin
7.75653e+06
-363866
1.96996
0.000365491
0.0011052
6.79816e-05
0
0
0
1682192237.94890
msg_begin
7.75653e+06
-363866
1.96949
0.00706455
0.00644617
0.000398168
0
0
0
1682192237.99884
msg_begin
7.75653e+06
-363866
1.96644
0.00215548
0.00655337
0.000427017
0
0
0
1682192238.04882
msg_begin
7.75653e+06
-363866
1.96392
0.00396861
0.00622481
0.000299106
0
0
0
1682192238.09883
msg_begin
7.75653e+06
-363866
1.96346
0.00376725
0.0099098
0.000211342
0
0
0
1682192238.14884
msg_begin
7.75653e+06
-363866
1.96512
0.0155819
0.0418235
0.00157998
0
0
0
1682192238.19892
msg_begin
7.75653e+06
-363866
1.96722
0.00280245
0.000677587
0.000319151
0
0
0
1682192238.24886
msg_begin
7.75653e+06
-363865
1.96542
0.0087214
0.0101794
0.000942273
0
0
0
1682192238.29892
msg_begin
7.75653e+06
-363865
1.96274
1.02445e-08
1.10595e-09
4.44089e-16
0
0
0
1682192238.34901
msg_begin
7.75653e+06
-363865
1.96186
0.00280514
0.00508099
7.58896e-05
0
0
0
1682192238.39901
msg_begin
7.75653e+06
-363865
1.96188
0.00190047
0.0100683
0.000534922
0
0
0
1682192238.44908
msg_begin
7.75653e+06
-363865
1.95916
0.000123067
0.000183961
3.28315e-05
0
0
0
1682192238.49913
msg_begin
7.75653e+06
-363865
1.95808
0.00572694
0.00934932
0.000198557
0
0
0
1682192238.54910
msg_begin
7.75653e+06
-363865
1.9594
0.00279003
5.51592e-05
6.23894e-06
0
0
0
1682192238.59910
msg_begin
7.75653e+06
-363864
1.95617
6.61239e-08
2.50293e-09
6.66134e-16
0
0
0
1682192238.64906
msg_begin
7.75653e+06
-363864
1.95535
0.00807695
0.0182404
0.000673559
0
0
0
1682192238.69906
msg_begin
7.75653e+06
-363864
1.95599
0.00458493
0.0246484
0.000226359
0
0
0
1682192238.74901
msg_begin
7.75653e+06
-363864
1.9546
6.0536e-08
1.39698e-09
3.9968e-15
0
0
0
1682192238.79907
msg_begin
7.75653e+06
-363864
1.95528
0.00212185
0.0200043
0.000788441
0
0
0
1682192238.84890
msg_begin
7.75653e+06
-363863
1.95436
0.00174245
0.0124861
0.000444896
0
0
0
1682192238.89891
msg_begin
7.75653e+06
-363863
1.95145
0.0057088
0.0173898
0.000293002
0
0
0
1682192238.94882
msg_begin
7.75653e+06
-363863
1.94995
1.16844e-05
0.00120914
0.000103617
0
0
0
1682192238.99880
msg_begin
7.75653e+06
-363863
1.95019
0.0135145
0.00555361
0.000570163
0
0
0
1682192239.04878
msg_begin
7.75653e+06
-363863
1.95027
0.0104316
0.0153888
0.000823984
0
0
0
1682192239.09869
msg_begin
7.75653e+06
-363863
1.94949
0.000943407
0.00026409
0.000285548
0
0
0
1682192239.14866
msg_begin
7.75653e+06
-363862
1.94721
0.00803037
0.00513591
0.000862794
0
0
0
1682192239.19868
msg_begin
7.75653e+06
-363862
1.94507
0.000742839
0.000520309
3.02446e-06
0
0
0
1682192239.24865
msg_begin
7.75653e+06
-363862
1.94114
0.00640324
0.00469552
0.000675282
0
0
0
1682192239.29864
msg_begin
7.75653e+06
-363862
1.94111
0.0123048
0.0129381
0.000827596
0
0
0
1682192239.34867
msg_begin
7.75653e+06
-363862
1.93353
0.00539562
0.00599651
0.000473397
0
0
0
1682192239.39875
msg_begin
7.75653e+06
-363861
1.93527
0.00738401
0.00380861
0.000324642
0
0
0
1682192239.44871
msg_begin
7.75653e+06
-363861
1.93407
0.00102735
0.00216987
0.000136173
0
0
0
1682192239.49879
msg_begin
7.75653e+06
-363861
1.93379
0.0100327
0.012447
0.000570156
0
0
0
1682192239.54885
msg_begin
7.75653e+06
-363861
1.9276
0.00602789
0.00825774
0.000267444
0
0
0
1682192239.59886
msg_begin
7.75653e+06
-363861
1.92606
0.000414411
0.0037425
0.00013923
0
0
0
1682192239.64892
msg_begin
7.75653e+06
-363860
1.92567
0.00628882
0.00733777
0.000631189
0
0
0
1682192239.69901
msg_begin
7.75653e+06
-363860
1.92362
0.00507236
0.00480247
0.000551478
0
0
0
1682192239.74905
msg_begin
7.75653e+06
-363860
1.91879
0.000669909
0.00391252
3.45481e-05
0
0
0
1682192239.79913
msg_begin
7.75653e+06
-363860
1.91595
8.72849e-05
0.000728997
1.85057e-05
0
0
0
1682192239.84919
msg_begin
7.75653e+06
-363860
1.91245
0.00658498
0.00858827
0.000489014
0
0
0
1682192239.89933
msg_begin
7.75653e+06
-363859
1.90907
0.00169767
0.00261058
0.000168485
0
0
0
1682192239.94935
msg_begin
7.75653e+06
-363859
1.9072
5.58794e-09
2.21189e-09
1.77636e-15
0
0
0
1682192239.99943
msg_begin
7.75653e+06
-363859
1.90356
0.00119802
0.00393669
0.000233334
0
0
0
1682192240.04952
msg_begin
7.75653e+06
-363859
1.90214
0.00283225
0.00517682
0.000417362
0
0
0
1682192240.09956
msg_begin
7.75653e+06
-363859
1.89615
0.0012264
0.00446691
0.000199006
0
0
0
1682192240.14950
msg_begin
7.75653e+06
-363858
1.89006
0.000762794
0.00408531
8.71324e-05
0
0
0
1682192240.19953
msg_begin
7.75653e+06
-363858
1.89186
8.19564e-08
3.7835e-09
1.33227e-15
0
0
0
1682192240.24954
msg_begin
7.75653e+06
-363858
1.88462
0.00177625
0.00162159
7.59209e-05
0
0
0
1682192240.29955
msg_begin
7.75653e+06
-363858
1.87721
0.00153072
0.0069861
0.000663606
0
0
0
1682192240.34949
msg_begin
7.75653e+06
-363858
1.87614
0.00597958
0.00490766
0.00135411
0
0
0
1682192240.39946
msg_begin
7.75653e+06
-363857
1.87228
0.00140361
0.00378613
0.000561316
0
0
0
1682192240.44942
msg_begin
7.75653e+06
-363857
1.86586
0.000283399
0.000791618
2.62834e-05
0
0
0
1682192240.49940
msg_begin
7.75653e+06
-363857
1.86626
0.000824029
0.00403914
0.000276356
0
0
0
1682192240.54936
msg_begin
7.75653e+06
-363857
1.85999
0.000791741
0.000858989
0.000436032
0
0
0
1682192240.59926
msg_begin
7.75653e+06
-363856
1.85474
0.00119541
0.00203381
0.00012839
0
0
0
1682192240.64925
msg_begin
7.75653e+06
-363856
1.85059
0.00312108
0.00940537
0.000331305
0
0
0
1682192240.69915
msg_begin
7.75653e+06
-363856
1.84413
0.0031828
0.00314684
0.000403146
0
0
0
1682192240.74947
msg_begin
7.75653e+06
-363856
1.84067
0.00482249
0.0076735
0.000495578
0
0
0
1682192240.79925
msg_begin
7.75653e+06
-363855
1.83525
0.00113592
0.0151659
0.00097518
0
0
0
1682192240.84908
msg_begin
7.75653e+06
-363855
1.83069
0.000906713
0.00205338
0.000202849
0
0
0
1682192240.89917
msg_begin
7.75653e+06
-363855
1.82654
0.00334435
0.00595218
0.000276475
0
0
0
1682192240.94917
msg_begin
7.75653e+06
-363855
1.82271
0.0006254
0.00388505
0.000584779
0
0
0
1682192240.99918
msg_begin
7.75653e+06
-363854
1.81499
0.0145436
0.00803375
0.000254107
0
0
0
1682192241.04928
msg_begin
7.75653e+06
-363854
1.8115
0.000451729
0.00192284
0.00020844
0
0
0
1682192241.09930
msg_begin
7.75653e+06
-363854
1.80471
0.000596647
0.0355136
0.000376159
0
0
0
1682192241.14932
msg_begin
7.75653e+06
-363854
1.80069
0.00185698
0.000284589
6.05992e-05
0
0
0
1682192241.19947
msg_begin
7.75653e+06
-363853
1.79387
1.39698e-08
1.74623e-10
0
0
0
0
1682192241.24940
msg_begin
7.75653e+06
-363853
1.79188
0.00699952
0.00731167
0.00068711
0
0
0
1682192241.29937
msg_begin
7.75653e+06
-363853
1.787
0.00581124
0.0100681
0.000969426
0
0
0
1682192241.34933
msg_begin
7.75653e+06
-363853
1.78302
0.000439739
0.000388246
1.79687e-07
0
0
0
1682192241.39931
msg_begin
7.75653e+06
-363852
1.77792
0.00548412
0.0242457
0.00185976
0
0
0
1682192241.44939
msg_begin
7.75653e+06
-363852
1.77299
0.00115329
0.00463008
0.000538806
0
0
0
1682192241.49925
msg_begin
7.75653e+06
-363852
1.7653
0.00103393
0.000957487
6.35899e-05
0
0
0
1682192241.54918
msg_begin
7.75653e+06
-363852
1.75828
0.00202325
0.00808636
0.000378861
0
0
0
1682192241.59910
msg_begin
7.75653e+06
-363851
1.75621
0.00203555
0.00220537
1.87118e-05
0
0
0
1682192241.64906
msg_begin
7.75653e+06
-363851
1.74757
0.00592263
0.00435042
0.000583348
0
0
0
1682192241.69905
msg_begin
7.75653e+06
-363851
1.74413
3.81842e-08
3.66708e-09
4.44089e-16
0
0
0
1682192241.74905
msg_begin
7.75653e+06
-363850
1.737
0.00296615
0.0070464
0.00053499
0
0
0
1682192241.79906
msg_begin
7.75653e+06
-363850
1.73347
0.00343257
0.006396
0.000313937
0
0
0
1682192241.84902
msg_begin
7.75653e+06
-363850
1.72528
4.56348e-08
2.91038e-09
1.11022e-15
0
0
0
1682192241.89905
msg_begin
7.75653e+06
-363850
1.72211
2.6077e-08
3.60887e-09
6.66134e-16
0
0
0
1682192241.94908
msg_begin
7.75653e+06
-363849
1.72052
0.00136591
0.00664125
0.000391201
0
0
0
1682192241.99912
msg_begin
7.75653e+06
-363849
1.71249
0.00270577
0.00753916
0.000202978
0
0
0
1682192242.04915
msg_begin
7.75653e+06
-363849
1.70568
0.00279109
0.00180118
0.000264981
0
0
0
1682192242.09923
msg_begin
7.75653e+06
-363849
1.70127
0.00223961
0.00613577
0.000359044
0
0
0
1682192242.14920
msg_begin
7.75653e+06
-363848
1.6962
4.65661e-08
5.82077e-10
1.55431e-15
0
0
0
1682192242.19928
msg_begin
7.75653e+06
-363848
1.68941
0.0030112
0.00974452
0.000880275
0
0
0
1682192242.24938
msg_begin
7.75653e+06
-363848
1.68606
0.00285682
0.0231599
0.000531502
0
0
0
1682192242.29946
msg_begin
7.75653e+06
-363847
1.67866
0.000191092
0.00262924
9.07164e-05
0
0
0
1682192242.34952
msg_begin
7.75653e+06
-363847
1.67276
0.000867528
0.0031768
9.70422e-05
0
0
0
1682192242.39955
msg_begin
7.75653e+06
-363847
1.66666
0.00509391
0.00347131
0.000243132
0
0
0
1682192242.44964
msg_begin
7.75653e+06
-363846
1.66016
0.00148621
0.00317545
0.000107006
0
0
0
1682192242.49965
msg_begin
7.75653e+06
-363846
1.65584
0.00137882
0.00899248
0.00014728
0
0
0
1682192242.54965
msg_begin
7.75653e+06
-363846
1.64493
0.00296815
0.0142536
0.00195533
0
0
0
1682192242.59966
msg_begin
7.75653e+06
-363845
1.64411
0.00175235
0.0172384
0.000123268
0
0
0
1682192242.64965
msg_begin
7.75653e+06
-363845
1.63684
0.00164053
0.000529653
6.1368e-05
0
0
0
1682192242.69959
msg_begin
7.75653e+06
-363845
1.62998
0.000564047
8.62669e-05
1.4432e-05
0
0
0
1682192242.74956
msg_begin
7.75653e+06
-363845
1.62679
1.11759e-08
8.14907e-10
4.44089e-16
0
0
0
1682192242.79952
msg_begin
7.75653e+06
-363844
1.61897
0.00290473
0.0115274
0.000357051
0
0
0
1682192242.84947
msg_begin
7.75653e+06
-363844
1.61375
0.00968811
0.00318077
0.00180327
0
0
0
1682192242.89946
msg_begin
7.75653e+06
-363844
1.60835
0.00526992
0.00659238
0.000777027
0
0
0
1682192242.94940
msg_begin
7.75653e+06
-363843
1.60107
0.000255795
0.0034864
1.25323e-05
0
0
0
1682192242.99934
msg_begin
7.75653e+06
-363843
1.59566
0.00589511
0.00639785
0.000307608
0
0
0
1682192243.04924
msg_begin
7.75653e+06
-363843
1.59117
0.000400977
0.0141426
8.13922e-05
0
0
0
1682192243.09919
msg_begin
7.75653e+06
-363842
1.58618
0.00205992
0.00302749
0.00106227
0
0
0
1682192243.14914
msg_begin
7.75653e+06
-363842
1.57808
0.00312434
0.00693526
0.000486727
0
0
0
1682192243.19902
msg_begin
7.75653e+06
-363841
1.57273
0.000913544
0.00171452
0.000125852
0
0
0
1682192243.24899
msg_begin
7.75653e+06
-363841
1.57003
0.00117918
0.017333
4.52638e-05
0
0
0
1682192243.29898
msg_begin
7.75653e+06
-363841
1.5662
0.000608678
0.0112141
0.000186706
0
0
0
1682192243.34894
msg_begin
7.75653e+06
-363841
1.5591
7.35745e-08
2.44472e-09
0
0
0
0
1682192243.39897
msg_begin
7.75653e+06
-363840
1.55654
0.000573709
0.00162012
0.000336499
0
0
0
1682192243.44895
msg_begin
7.75653e+06
-363840
1.55015
0.00192254
0.0203407
0.000621924
0
0
0
1682192243.49906
msg_begin
7.75653e+06
-363840
1.5444
0.00272314
0.0576306
0.000957896
0
0
0
1682192243.54900
msg_begin
7.75653e+06
-363840
1.53758
0.000154384
0.000717619
0.000184783
0
0
0
1682192243.59909
msg_begin
7.75653e+06
-363839
1.53686
2.23517e-08
1.10595e-09
0
0
0
0
1682192243.64913
msg_begin
7.75653e+06
-363839
1.53012
2.32831e-08
5.23869e-10
6.66134e-16
0
0
0
1682192243.69923
msg_begin
7.75653e+06
-363839
1.52697
0.00099951
0.0240626
6.52203e-05
0
0
0
1682192243.74935
msg_begin
7.75653e+06
-363838
1.52426
1.58325e-08
2.91038e-09
0
0
0
0
1682192243.79940
msg_begin
7.75653e+06
-363838
1.52012
0.00864935
0.00891068
0.00109898
0
0
0
1682192243.84937
msg_begin
7.75653e+06
-363838
1.51407
0.00676179
0.00693233
0.000193981
0
0
0
1682192243.89943
msg_begin
7.75653e+06
-363837
1.5083
9.89244e-05
0.000977345
1.50307e-05
0
0
0
1682192243.94943
msg_begin
7.75653e+06
-363837
1.50508
0.00221087
0.010744
0.000448893
0
0
0
1682192243.99945
msg_begin
7.75653e+06
-363837
1.49905
8.3819e-09
1.10595e-09
0
0
0
0
1682192244.04946
msg_begin
7.75653e+06
-363836
1.49702
0.00276511
0.00950275
0.00130675
0
0
0
1682192244.09950
msg_begin
7.75653e+06
-363836
1.49148
0.00641331
0.00397757
0.000779139
0
0
0
1682192244.14949
msg_begin
7.75653e+06
-363836
1.48918
6.51926e-08
2.50293e-09
2.22045e-16
0
0
0
1682192244.19941
msg_begin
7.75653e+06
-363836
1.48376
4.84288e-08
7.567e-10
4.44089e-16
0
0
0
1682192244.24935
msg_begin
7.75653e+06
-363835
1.47836
0.0094942
0.00102186
0.00138789
0
0
0
1682192244.29931
msg_begin
7.75653e+06
-363835
1.46951
0.00106569
0.000599967
0.000122835
0
0
0
1682192244.34935
msg_begin
7.75653e+06
-363835
1.46825
0.000930717
0.00796279
0.000656958
0
0
0
1682192244.39917
msg_begin
7.75653e+06
-363834
1.46387
0.00161927
0.01225
0.000775501
0
0
0
1682192244.44910
msg_begin
7.75653e+06
-363834
1.46014
3.07336e-08
3.49246e-10
2.22045e-16
0
0
0
1682192244.49904
msg_begin
7.75653e+06
-363833
1.45577
0.00033354
0.00166162
4.13491e-05
0
0
0
1682192244.54894
msg_begin
7.75653e+06
-363833
1.45213
0.00192052
0.00512658
0.00109803
0
0
0
1682192244.59895
msg_begin
7.75653e+06
-363833
1.44846
0.00229739
0.0319917
0.000408051
0
0
0
1682192244.64901
msg_begin
7.75653e+06
-363832
1.4454
0.00628448
0.0107662
0.000735054
0
0
0
1682192244.69902
msg_begin
7.75653e+06
-363832
1.44407
0.00151565
0.000803362
4.82276e-05
0
0
0
1682192244.74987
msg_begin
7.75653e+06
-363832
1.44016
0.000119966
0.000858992
2.65228e-05
0
0
0
1682192244.79913
msg_begin
7.75653e+06
-363831
1.437
0.0102445
0.00523607
0.00119781
0
0
0
1682192244.84972
msg_begin
7.75653e+06
-363831
1.4323
0.000107775
0.000589092
6.61645e-07
0
0
0
1682192244.89904
msg_begin
7.75653e+06
-363830
1.43173
0.00360759
0.020697
0.000297856
0
0
0
1682192244.94897
msg_begin
7.75653e+06
-363830
1.42878
1.95578e-08
3.14321e-09
2.22045e-16
0
0
0
1682192244.99919
msg_begin
7.75653e+06
-363830
1.42841
1.58325e-08
4.07454e-10
1.33227e-15
0
0
0
1682192245.04934
msg_begin
7.75653e+06
-363829
1.42271
0.0060935
0.00183136
0.000260302
0
0
0
1682192245.09912
msg_begin
7.75653e+06
-363829
1.42145
1.76951e-08
4.65661e-10
8.88178e-16
0
0
0
1682192245.14914
msg_begin
7.75653e+06
-363829
1.42032
7.82311e-08
8.14907e-10
1.11022e-15
0
0
0
1682192245.19921
msg_begin
7.75653e+06
-363828
1.41962
0.00276368
0.002764
0.000191744
0
0
0
1682192245.24989
msg_begin
7.75653e+06
-363828
1.41651
0.00123718
0.0184958
0.000728236
0
0
0
1682192245.29911
msg_begin
7.75653e+06
-363828
1.41459
6.51926e-09
2.38651e-09
1.33227e-15
0
0
0
1682192245.34907
msg_begin
7.75653e+06
-363827
1.40978
0.00650163
0.0190435
0.000988205
0
0
0
1682192245.39910
msg_begin
7.75653e+06
-363827
1.41022
4.37722e-08
2.73576e-09
4.44089e-16
0
0
0
1682192245.44938
msg_begin
7.75653e+06
-363826
1.40938
5.41454e-05
0.00427031
9.37168e-05
0
0
0
1682192245.49916
msg_begin
7.75653e+06
-363826
1.40889
0.002757
0.00812779
0.000678847
0
0
0
1682192245.54914
msg_begin
7.75653e+06
-363826
1.4094
0.00312925
1.88437e-05
7.84317e-06
0
0
0
1682192245.59910
msg_begin
7.75653e+06
-363825
1.40847
5.86733e-08
1.80444e-09
2.22045e-16
0
0
0
1682192245.64949
msg_begin
7.75653e+06
-363825
1.40691
0.00120561
0.000461947
7.06187e-05
0
0
0
1682192245.69908
msg_begin
7.75653e+06
-363825
1.40968
0.00969531
0.0204969
0.000453792
0
0
0
1682192245.74930
msg_begin
7.75653e+06
-363824
1.40972
0.00316583
0.00965486
0.000348276
0
0
0
1682192245.79896
msg_begin
7.75653e+06
-363824
1.40862
0.00333765
0.00155873
6.50732e-05
0
0
0
1682192245.84893
msg_begin
7.75653e+06
-363824
1.40912
5.12227e-08
5.23869e-10
1.77636e-15
0
0
0
1682192245.89886
msg_begin
7.75653e+06
-363823
1.41049
0.00567364
0.0293895
0.000840667
0
0
0
1682192245.94890
msg_begin
7.75653e+06
-363823
1.41228
0.0111004
0.0160483
0.000359637
0
0
0
1682192245.99885
msg_begin
7.75653e+06
-363822
1.41384
0.00284295
0.0210208
0.000714606
0
0
0
1682192246.04895
msg_begin
7.75653e+06
-363822
1.41345
0.00672309
0.01457
0.000297405
0
0
0
1682192246.09896
msg_begin
7.75653e+06
-363822
1.4146
0.00607593
0.0211598
0.000302841
0
0
0
1682192246.14903
msg_begin
7.75653e+06
-363821
1.41381
0.00296786
0.00605058
0.000619998
0
0
0
1682192246.19913
msg_begin
7.75653e+06
-363821
1.4139
0.00245239
0.0135825
0.000438576
0
0
0
1682192246.24923
msg_begin
7.75653e+06
-363820
1.41383
0.00402702
0.00644415
0.000245257
0
0
0
1682192246.29931
msg_begin
7.75653e+06
-363820
1.41434
0.000231306
0.00152686
1.3947e-05
0
0
0
1682192246.34941
msg_begin
7.75653e+06
-363820
1.41622
0.0010481
0.00346951
0.000159452
0
0
0
1682192246.39938
msg_begin
7.75653e+06
-363819
1.41526
0.0056395
0.00118068
0.00095866
0
0
0
1682192246.44941
msg_begin
7.75653e+06
-363819
1.41415
0.00246753
0.0133517
0.000660567
0
0
0
1682192246.49934
msg_begin
7.75653e+06
-363819
1.41644
0.00104253
0.000721576
0.0001095
0
0
0
1682192246.54932
msg_begin
7.75653e+06
-363818
1.41599
0.00640928
0.012504
0.000958209
0
0
0
1682192246.59938
msg_begin
7.75653e+06
-363818
1.41396
0.00444398
0.00748269
0.000582416
0
0
0
1682192246.64914
msg_begin
7.75653e+06
-363817
1.41373
0.00159537
0.00576692
0.000379175
0
0
0
1682192246.69909
msg_begin
7.75653e+06
-363817
1.41312
0.00488519
0.00878912
0.000663626
0
0
0
1682192246.74980
msg_begin
7.75653e+06
-363816
1.41541
0.00165698
0.00160603
1.94705e-05
0
0
0
1682192246.79895
msg_begin
7.75653e+06
-363816
1.41626
0.00347916
0.00152629
0.000232887
0
0
0
1682192246.84952
msg_begin
7.75653e+06
-363816
1.41713
5.58794e-09
3.0268e-09
1.33227e-15
0
0
0
1682192246.89884
msg_begin
7.75653e+06
-363815
1.41679
0.00169406
0.010521
0.00010473
0
0
0
1682192246.94883
msg_begin
7.75653e+06
-363815
1.4168
0.00132728
0.000908711
9.49354e-05
0
0
0
1682192246.99882
msg_begin
7.75653e+06
-363814
1.41456
5.58794e-09
3.14321e-09
1.33227e-15
0
0
0
1682192247.04905
msg_begin
7.75653e+06
-363814
1.4138
0.000399029
0.0013135
7.82927e-05
0
0
0
1682192247.09887
msg_begin
7.75653e+06
-363813
1.41405
0.0081489
0.0118652
0.00062576
0
0
0
1682192247.14890
msg_begin
7.75653e+06
-363813
1.41442
0.000257323
0.00172016
6.2005e-06
0
0
0
1682192247.19895
msg_begin
7.75653e+06
-363813
1.41418
0.00100305
0.00793109
0.000230897
0
0
0
1682192247.24987
msg_begin
7.75653e+06
-363812
1.41434
0.00105461
0.0332537
0.000348987
0
0
0
1682192247.29902
msg_begin
7.75653e+06
-363812
1.41428
0.00197768
0.00848609
0.000723668
0
0
0
1682192247.34914
msg_begin
7.75653e+06
-363811
1.41578
0.00343071
0.0272651
0.000241015
0
0
0
1682192247.39921
msg_begin
7.75653e+06
-363811
1.41347
1.58325e-08
3.60887e-09
1.33227e-15
0
0
0
1682192247.45011
msg_begin
7.75653e+06
-363811
1.4151
3.72529e-09
2.79397e-09
6.66134e-16
0
0
0
1682192247.49929
msg_begin
7.75653e+06
-363810
1.41425
5.96046e-08
1.57161e-09
1.77636e-15
0
0
0
1682192247.54929
msg_begin
7.75653e+06
-363810
1.41267
1.79725e-06
1.21033e-05
1.20884e-07
0
0
0
1682192247.59935
msg_begin
7.75653e+06
-363810
1.41258
0.000844871
0.0080189
0.000296467
0
0
0
1682192247.65000
msg_begin
7.75653e+06
-363810
1.41175
0.00110887
0.0113053
3.06753e-05
0
0
0
1682192247.69933
msg_begin
7.75653e+06
-363809
1.41107
2.32831e-08
1.16415e-10
8.88178e-16
0
0
0
1682192247.74964
msg_begin
7.75653e+06
-363809
1.4087
0.0013057
0.0145961
0.000478381
0
0
0
1682192247.79927
msg_begin
7.75653e+06
-363808
1.40703
3.72529e-09
3.72529e-09
1.55431e-15
0
0
0
1682192247.84926
msg_begin
7.75653e+06
-363808
1.40362
4.65661e-09
3.31784e-09
6.66134e-16
0
0
0
1682192247.89926
msg_begin
7.75653e+06
-363807
1.39988
6.61239e-08
9.31323e-10
1.55431e-15
0
0
0
1682192247.94922
msg_begin
7.75653e+06
-363807
1.40138
0.0024071
0.00899964
0.000675684
0
0
0
1682192247.99915
msg_begin
7.75653e+06
-363806
1.40023
0.00506408
0.0663193
0.00110776
0
0
0
1682192248.04911
msg_begin
7.75653e+06
-363806
1.40106
0.00819222
0.0116427
0.000826812
0
0
0
1682192248.09915
msg_begin
7.75653e+06
-363805
1.39838
0.00257735
0.0015952
0.000238278
0
0
0
1682192248.14908
msg_begin
7.75653e+06
-363805
1.39544
0.00130573
0.00142789
0.000107273
0
0
0
1682192248.19913
msg_begin
7.75653e+06
-363804
1.39415
0.0061498
0.0225764
0.00100034
0
0
0
1682192248.24910
msg_begin
7.75653e+06
-363804
1.39324
0.000214364
9.2007e-05
0.000124353
0
0
0
1682192248.29907
msg_begin
7.75653e+06
-363804
1.39267
0.0059152
0.0239692
0.000467309
0
0
0
1682192248.34910
msg_begin
7.75653e+06
-363803
1.39037
0.0106686
0.00320881
0.00067217
0
0
0
1682192248.39921
msg_begin
7.75653e+06
-363803
1.3922
8.28877e-08
1.39698e-09
8.88178e-16
0
0
0
1682192248.44930
msg_begin
7.75653e+06
-363802
1.39251
5.49534e-05
0.00354157
0.000103032
0
0
0
1682192248.49924
msg_begin
7.75653e+06
-363802
1.3893
0.00613168
0.0590554
0.00127851
0
0
0
1682192248.54925
msg_begin
7.75653e+06
-363801
1.38491
2.79397e-09
1.22236e-09
1.11022e-15
0
0
0
1682192248.59921
msg_begin
7.75653e+06
-363801
1.38377
0.00135825
0.0109095
0.00032347
0
0
0
1682192248.64926
msg_begin
7.75653e+06
-363801
1.38012
0.00282494
0.00437253
0.000489069
0
0
0
1682192248.69923
msg_begin
7.75653e+06
-363800
1.38046
5.12227e-08
5.23869e-10
1.55431e-15
0
0
0
1682192248.75029
msg_begin
7.75653e+06
-363800
1.37742
0.0167824
0.0536103
0.00139284
0
0
0
1682192248.79928
msg_begin
7.75653e+06
-363799
1.37321
6.51926e-09
1.92085e-09
1.11022e-15
0
0
0
1682192248.84964
msg_begin
7.75653e+06
-363799
1.37235
0.00422636
0.0158168
0.00079949
0
0
0
1682192248.89910
msg_begin
7.75653e+06
-363799
1.37021
0.000123912
0.00705583
0.000101514
0
0
0
1682192248.94903
msg_begin
7.75653e+06
-363798
1.37006
6.0536e-08
2.67755e-09
0
0
0
0
1682192248.99890
msg_begin
7.75653e+06
-363798
1.36919
0.00456694
0.00494653
0.00088344
0
0
0
1682192249.04932
msg_begin
7.75653e+06
-363797
1.36811
0.0212187
0.09528
0.00201408
0
0
0
1682192249.09883
msg_begin
7.75653e+06
-363797
1.3627
0.000202796
0.0104597
4.30457e-05
0
0
0
1682192249.14884
msg_begin
7.75653e+06
-363796
1.35853
0.00655046
0.00890446
0.000192835
0
0
0
1682192249.19887
msg_begin
7.75653e+06
-363796
1.35563
0.000920534
0.000726604
6.30452e-05
0
0
0
1682192249.24897
msg_begin
7.75653e+06
-363795
1.35621
6.72857e-05
0.000382062
3.58686e-07
0
0
0
1682192249.29877
msg_begin
7.75653e+06
-363795
1.3495
0.00183689
0.00620071
7.60756e-05
0
0
0
1682192249.34868
msg_begin
7.75653e+06
-363795
1.34441
0.00400849
0.015362
0.00155184
0
0
0
1682192249.39873
msg_begin
7.75653e+06
-363794
1.34376
1.30385e-08
2.32831e-10
6.66134e-16
0
0
0
1682192249.44940
msg_begin
7.75653e+06
-363793
1.33937
0.00512771
0.0170199
0.00049682
0
0
0
1682192249.49876
msg_begin
7.75653e+06
-363793
1.33596
0.0203781
0.0586299
0.00141973
0
0
0
1682192249.54880
msg_begin
7.75653e+06
-363793
1.33253
0.000992267
0.00595876
0.00101077
0
0
0
1682192249.59885
msg_begin
7.75653e+06
-363792
1.32853
0.00737331
0.00633251
0.000480325
0
0
0
1682192249.64942
msg_begin
7.75653e+06
-363792
1.32526
0.000811885
1.54892e-05
6.76946e-06
0
0
0
1682192249.69896
msg_begin
7.75653e+06
-363791
1.32003
2.32831e-08
1.5134e-09
1.11022e-15
0
0
0
1682192249.74919
msg_begin
7.75653e+06
-363791
1.31583
0.000890171
0.0262706
0.000523004
0
0
0
1682192249.79920
msg_begin
7.75653e+06
-363790
1.31195
0.000622048
0.00270153
9.47319e-05
0
0
0
1682192249.84917
msg_begin
7.75653e+06
-363790
1.30649
6.51926e-08
4.65661e-10
6.66134e-16
0
0
0
1682192249.89923
msg_begin
7.75653e+06
-363790
1.30478
0.0078655
0.01552
0.0004553
0
0
0
1682192249.94932
msg_begin
7.75653e+06
-363789
1.29763
3.25963e-08
4.13274e-09
2.22045e-16
0
0
0
1682192249.99936
msg_begin
7.75653e+06
-363789
1.29308
0.000817661
0.00694098
5.51868e-05
0
0
0
1682192250.04931
msg_begin
7.75653e+06
-363788
1.2898
0.00168066
0.0165954
0.000338539
0
0
0
1682192250.09929
msg_begin
7.75653e+06
-363788
1.28361
3.63216e-08
3.49246e-10
2.88658e-15
0
0
0
1682192250.14935
msg_begin
7.75653e+06
-363787
1.28052
0.0127328
0.0269181
0.00135608
0
0
0
1682192250.19939
msg_begin
7.75653e+06
-363787
1.27512
0.00153169
0.00467936
6.97701e-05
0
0
0
1682192250.24932
msg_begin
7.75653e+06
-363787
1.26968
0.00486375
0.0197694
0.000517321
0
0
0
1682192250.29934
msg_begin
7.75653e+06
-363786
1.26063
0.0108264
0.0343928
0.00120807
0
0
0
1682192250.34934
msg_begin
7.75653e+06
-363786
1.25178
2.51457e-08
5.23869e-10
6.66134e-16
0
0
0
1682192250.39924
msg_begin
7.75653e+06
-363785
1.24796
0.00378877
0.0104856
0.000290315
0
0
0
1682192250.44926
msg_begin
7.75654e+06
-363785
1.23997
0.00441976
0.00902339
0.000714676
0
0
0
1682192250.49931
msg_begin
7.75654e+06
-363784
1.23519
0.0111965
0.0109381
0.00060867
0
0
0
1682192250.54925
msg_begin
7.75654e+06
-363784
1.22773
5.25599e-05
0.000787237
5.25232e-05
0
0
0
1682192250.59932
msg_begin
7.75654e+06
-363783
1.22094
0.0236237
0.0347231
0.0020121
0
0
0
1682192250.64925
msg_begin
7.75654e+06
-363783
1.21515
0.0145587
0.0270835
0.00159399
0
0
0
1682192250.69931
msg_begin
7.75654e+06
-363783
1.20606
0.0108824
0.0223576
0.000812718
0
0
0
1682192250.75011
msg_begin
7.75654e+06
-363782
1.20013
0.00564442
0.00201571
0.000891835
0
0
0
1682192250.79936
msg_begin
7.75654e+06
-363782
1.19431
0.0167597
0.0398625
0.000997663
0
0
0
1682192250.84940
msg_begin
7.75654e+06
-363781
1.18825
0.00248485
0.00328376
0.000364661
0
0
0
1682192250.89943
msg_begin
7.75654e+06
-363781
1.18474
0.00127537
0.00379572
0.000182078
0
0
0
1682192250.94950
msg_begin
7.75654e+06
-363780
1.17644
0.0011169
0.00435134
0.00037506
0
0
0
1682192250.99951
msg_begin
7.75654e+06
-363780
1.17188
0.000605042
0.00122473
5.78483e-05
0
0
0
1682192251.05028
msg_begin
7.75654e+06
-363780
1.16613
0.000444658
0.000591845
1.25383e-05
0
0
0
1682192251.09957
msg_begin
7.75654e+06
-363779
1.15798
0.000258961
6.06254e-05
1.65843e-05
0
0
0
1682192251.14964
msg_begin
7.75654e+06
-363779
1.1507
5.12227e-08
1.92085e-09
6.66134e-16
0
0
0
1682192251.19964
msg_begin
7.75654e+06
-363778
1.14558
0.00176483
0.00301345
0.000193932
0
0
0
1682192251.24984
msg_begin
7.75654e+06
-363778
1.13844
0.0180297
0.0390971
0.00199325
0
0
0
1682192251.29959
msg_begin
7.75654e+06
-363778
1.1339
0.00210836
0.00115624
0.00106461
0
0
0
1682192251.34956
msg_begin
7.75654e+06
-363777
1.12344
5.58794e-09
2.61934e-09
3.33067e-15
0
0
0
1682192251.39954
msg_begin
7.75654e+06
-363777
1.11531
0.0102173
0.0130608
0.00096259
0
0
0
1682192251.45055
msg_begin
7.75654e+06
-363776
1.1068
0.00225837
0.0040534
0.00100654
0
0
0
1682192251.49939
msg_begin
7.75654e+06
-363776
1.10004
0.000857243
0.000396172
3.02616e-05
0
0
0
1682192251.54927
msg_begin
7.75654e+06
-363775
1.08876
3.44589e-08
1.33878e-09
1.33227e-15
0
0
0
1682192251.59923
msg_begin
7.75654e+06
-363775
1.0811
0.00410392
0.0120724
0.000317444
0
0
0
1682192251.64925
msg_begin
7.75654e+06
-363775
1.07357
0.000605696
0.00188757
0.000175868
0
0
0
1682192251.69916
msg_begin
7.75654e+06
-363774
1.0696
0.00186895
0.00126319
0.000439075
0
0
0
1682192251.74915
msg_begin
7.75654e+06
-363774
1.05916
0.0066974
0.00745674
0.000238965
0
0
0
1682192251.79904
msg_begin
7.75654e+06
-363773
1.05041
0.00066647
0.00126667
9.09209e-05
0
0
0
1682192251.84905
msg_begin
7.75654e+06
-363773
1.04577
9.31323e-10
2.67755e-09
4.44089e-15
0
0
0
1682192251.89906
msg_begin
7.75654e+06
-363773
1.04119
8.00937e-08
0
3.9968e-15
0
0
0
1682192251.94900
msg_begin
7.75654e+06
-363772
1.03184
0.00198471
0.00317239
0.000271458
0
0
0
1682192251.99908
msg_begin
7.75654e+06
-363772
1.02794
6.89179e-08
1.04774e-09
3.9968e-15
0
0
0
1682192252.04892
msg_begin
7.75654e+06
-363771
1.0148
0.00228744
0.00293759
6.57496e-05
0
0
0
1682192252.09896
msg_begin
7.75654e+06
-363771
1.0091
8.00937e-08
9.31323e-10
5.55112e-15
0
0
0
1682192252.14892
msg_begin
7.75654e+06
-363771
1.00111
3.72529e-09
8.73115e-10
3.55271e-15
0
0
0
1682192252.19903
msg_begin
7.75654e+06
-363770
0.997507
1.02445e-08
2.67755e-09
6.66134e-16
0
0
0
1682192252.24901
msg_begin
7.75654e+06
-363770
0.984359
0.000340162
4.21344e-05
4.47454e-05
0
0
0
1682192252.29892
msg_begin
7.75654e+06
-363769
0.983119
7.63685e-08
5.82077e-10
2.9976e-15
0
0
0
1682192252.34900
msg_begin
7.75654e+06
-363769
0.975711
0.00133496
0.00972645
0.000148447
0
0
0
1682192252.39906
msg_begin
7.75654e+06
-363769
0.96649
0.00465266
0.00851434
0.000560185
0
0
0
1682192252.44906
msg_begin
7.75654e+06
-363768
0.954057
2.79397e-09
9.8953e-10
3.55271e-15
0
0
0
1682192252.49911
msg_begin
7.75654e+06
-363768
0.945628
2.6077e-08
1.74623e-10
2.66454e-15
0
0
0
1682192252.54919
msg_begin
7.75654e+06
-363768
0.943983
0.00767699
0.00197882
0.00142631
0
0
0
1682192252.59921
msg_begin
7.75654e+06
-363767
0.928542
5.86733e-08
4.65661e-10
1.9984e-15
0
0
0
1682192252.69923
msg_begin
7.75654e+06
-363766
0.919699
0.00925818
0.0157219
0.00108026
0
0
0
1682192252.74993
msg_begin
7.75654e+06
-363766
0.910371
2.04891e-08
1.45519e-09
5.55112e-16
0
0
0
1682192252.79931
msg_begin
7.75654e+06
-363766
0.900655
8.3819e-09
1.16415e-09
3.55271e-15
0
0
0
1682192252.84922
msg_begin
7.75655e+06
-363765
0.891239
8.84756e-08
3.60887e-09
5.66214e-15
0
0
0
1682192252.89914
msg_begin
7.75655e+06
-363765
0.880384
0.00587734
0.0100442
0.000896872
0
0
0
1682192252.94910
msg_begin
7.75655e+06
-363765
0.875172
2.8871e-08
3.49246e-10
2.22045e-15
0
0
0
1682192252.99899
msg_begin
7.75655e+06
-363764
0.870237
7.91624e-08
8.73115e-10
9.99201e-16
0
0
0
1682192253.05627
msg_begin
7.75655e+06
-363764
0.855396
6.42613e-08
9.8953e-10
2.55351e-15
0
0
0
1682192253.09886
msg_begin
7.75655e+06
-363763
0.852496
0.0191326
0.0213775
0.0016429
0
0
0
1682192253.14878
msg_begin
7.75655e+06
-363763
0.8446
0.00133823
0.00132253
0.000190244
0
0
0
1682192253.19874
msg_begin
7.75655e+06
-363763
0.838198
0.00598384
0.00105541
0.000108656
0
0
0
1682192253.24911
msg_begin
7.75655e+06
-363762
0.829923
1.86265e-09
3.14321e-09
2.44249e-15
0
0
0
1682192253.29870
msg_begin
7.75655e+06
-363762
0.819195
0.00726136
0.0014935
0.000855313
0
0
0
1682192253.34871
msg_begin
7.75655e+06
-363762
0.810688
7.45058e-09
1.16415e-10
7.77156e-16
0
0
0
1682192253.39874
msg_begin
7.75655e+06
-363761
0.809589
0.00547001
0.00100079
0.000306022
0
0
0
1682192253.44922
msg_begin
7.75655e+06
-363761
0.805769
5.4948e-08
5.23869e-10
4.996e-15
0
0
0
1682192253.49881
msg_begin
7.75655e+06
-363761
0.800271
0.00900541
0.0254733
0.00245091
0
0
0
1682192253.54883
msg_begin
7.75655e+06
-363760
0.790133
8.3819e-08
3.60887e-09
2.9976e-15
0
0
0
1682192253.59889
msg_begin
7.75655e+06
-363760
0.777941
6.89179e-08
2.61934e-09
4.44089e-16
0
0
0
1682192253.64921
msg_begin
7.75655e+06
-363760
0.767938
7.45058e-09
3.49246e-10
2.44249e-15
0
0
0
1682192253.69894
msg_begin
7.75655e+06
-363759
0.760677
0.00292067
0.00744287
0.000464844
0
0
0
1682192253.74898
msg_begin
7.75655e+06
-363759
0.757882
0.00525665
0.00365993
0.000194965
0
0
0
1682192253.79896
msg_begin
7.75655e+06
-363759
0.754261
1.58325e-08
3.49246e-10
3.88578e-15
0
0
0
1682192253.84892
msg_begin
7.75655e+06
-363758
0.746038
0.00623992
0.0110913
0.000636617
0
0
0
1682192253.89903
msg_begin
7.75655e+06
-363758
0.737594
0.0341956
0.0295423
0.00214239
0
0
0
1682192253.94892
msg_begin
7.75655e+06
-363758
0.731311
0.00103572
0.00629477
0.000209779
0
0
0
1682192253.99883
msg_begin
7.75655e+06
-363757
0.724877
0.00246305
0.00115498
0.000499206
0
0
0
1682192254.04884
msg_begin
7.75655e+06
-363757
0.721781
0.000324537
0.000296737
4.46485e-05
0
0
0
1682192254.09886
msg_begin
7.75655e+06
-363757
0.717652
1.30385e-08
4.65661e-10
9.99201e-16
0
0
0
1682192254.14889
msg_begin
7.75655e+06
-363757
0.709672
2.79397e-09
9.8953e-10
4.44089e-15
0
0
0
1682192254.19887
msg_begin
7.75655e+06
-363756
0.707702
0.0349378
0.02125
0.0024009
0
0
0
1682192254.24887
msg_begin
7.75655e+06
-363756
0.706792
0.00266627
0.000648167
0.000105989
0
0
0
1682192254.29892
msg_begin
7.75655e+06
-363756
0.701587
4.65661e-09
1.74623e-10
1.22125e-15
0
0
0
1682192254.34896
msg_begin
7.75655e+06
-363755
0.697985
0.00625198
0.00416988
0.000289046
0
0
0
1682192254.39898
msg_begin
7.75656e+06
-363755
0.692029
0.00449727
0.00155162
0.000263627
0
0
0
1682192254.44907
msg_begin
7.75656e+06
-363755
0.690114
0.0122544
0.00612694
0.000527517
0
0
0
1682192254.49905
msg_begin
7.75656e+06
-363754
0.686729
0.00232291
0.00391593
0.000469406
0
0
0
1682192254.54907
msg_begin
7.75656e+06
-363754
0.685528
0.00931758
0.00263405
0.00058941
0
0
0
1682192254.59901
msg_begin
7.75656e+06
-363754
0.681177
0.0135059
0.0194051
0.000840584
0
0
0
1682192254.64906
msg_begin
7.75656e+06
-363753
0.679078
7.54371e-08
2.03727e-09
3.21965e-15
0
0
0
1682192254.69906
msg_begin
7.75656e+06
-363753
0.677169
0.00140644
0.00149592
2.77795e-05
0
0
0
1682192254.74959
msg_begin
7.75656e+06
-363753
0.674597
2.98023e-08
0
2.9976e-15
0
0
0
1682192254.79893
msg_begin
7.75656e+06
-363752
0.673089
2.42144e-08
3.89991e-09
2.9976e-15
0
0
0
1682192254.84894
msg_begin
7.75656e+06
-363752
0.670451
0.000970087
0.000538813
5.59897e-05
0
0
0
1682192254.89891
msg_begin
7.75656e+06
-363752
0.669414
7.72998e-08
2.91038e-10
1.66533e-15
0
0
0
1682192254.94889
msg_begin
7.75656e+06
-363752
0.671068
0.00549751
0.000790912
0.000394009
0
0
0
1682192254.99886
msg_begin
7.75656e+06
-363751
0.665995
7.45058e-09
4.65661e-10
0
0
0
0
1682192255.04958
msg_begin
7.75656e+06
-363751
0.663824
0.0309822
0.0245297
0.000729971
0
0
0
1682192255.09879
msg_begin
7.75656e+06
-363751
0.659444
8.3819e-08
1.39698e-09
3.33067e-16
0
0
0
1682192255.14867
msg_begin
7.75656e+06
-363750
0.659291
0.0070091
0.0045234
0.00137311
0
0
0
1682192255.19870
msg_begin
7.75656e+06
-363750
0.657043
8.00937e-08
6.98492e-10
2.10942e-15
0
0
0
1682192255.24859
msg_begin
7.75656e+06
-363750
0.657043
0.015623
0.00947316
0.000769671
0
0
0
1682192255.29857
msg_begin
7.75656e+06
-363750
0.653984
8.75443e-08
3.31784e-09
3.21965e-15
0
0
0
1682192255.34854
msg_begin
7.75656e+06
-363749
0.655649
0.00489651
0.00420876
0.000284367
0
0
0
1682192255.39853
msg_begin
7.75656e+06
-363749
0.650561
0.00307211
0.000122962
0.000430928
0
0
0
1682192255.44941
msg_begin
7.75656e+06
-363749
0.649679
0.00466922
0.00345897
0.000806281
0
0
0
1682192255.49841
msg_begin
7.75656e+06
-363748
0.648691
7.65717e-05
0.0132849
1.17732e-05
0
0
0
1682192255.54832
msg_begin
7.75656e+06
-363748
0.647258
0.021584
0.00783803
0.000961224
0
0
0
1682192255.59840
msg_begin
7.75656e+06
-363748
0.648476
6.51926e-09
4.65661e-10
7.77156e-16
0
0
0
1682192255.64848
msg_begin
7.75656e+06
-363748
0.653753
0.00741751
0.00740247
0.000124292
0
0
0
1682192255.69836
msg_begin
7.75656e+06
-363747
0.651237
0.016065
0.014048
0.00102333
0
0
0
1682192255.74840
msg_begin
7.75657e+06
-363747
0.654105
0.000117866
0.000844952
0.000101404
0
0
0
1682192255.79860
msg_begin
7.75657e+06
-363747
0.652086
0.0013862
0.00951604
0.000248832
0
0
0
1682192255.84843
msg_begin
7.75657e+06
-363746
0.652373
0.00624264
0.00297481
0.000103751
0
0
0
1682192255.89849
msg_begin
7.75657e+06
-363746
0.65419
0.0368111
0.0192774
0.00111529
0
0
0
1682192255.94850
msg_begin
7.75657e+06
-363746
0.653471
0.0686589
0.0460175
0.00194355
0
0
0
1682192255.99857
msg_begin
7.75657e+06
-363746
0.652695
7.35745e-08
2.85218e-09
1.44329e-15
0
0
0
1682192256.04849
msg_begin
7.75657e+06
-363745
0.654152
0.00287651
0.00264302
0.000149842
0
0
0
1682192256.09844
msg_begin
7.75657e+06
-363745
0.652006
0.0792297
0.0501543
0.000475525
0
0
0
1682192256.14841
msg_begin
7.75657e+06
-363745
0.654245
2.6077e-08
3.08501e-09
3.33067e-16
0
0
0
1682192256.19859
msg_begin
7.75657e+06
-363744
0.652772
0.0439731
0.023765
0.000184972
0
0
0
1682192256.24830
msg_begin
7.75657e+06
-363744
0.654255
0.00188624
0.0036029
0.000436631
0
0
0
1682192256.29820
msg_begin
7.75657e+06
-363744
0.65284
7.35745e-08
4.01633e-09
9.99201e-16
0
0
0
1682192256.34813
msg_begin
7.75657e+06
-363744
0.652692
0.00784581
0.0117167
0.000276802
0
0
0
1682192256.39811
msg_begin
7.75657e+06
-363743
0.649012
0.0175203
0.0175535
0.000251428
0
0
0
1682192256.44803
msg_begin
7.75657e+06
-363743
0.645479
0.00125605
0.000362844
0.00022634
0
0
0
1682192256.49804
msg_begin
7.75657e+06
-363743
0.641439
0.0143868
0.00920946
0.000561388
0
0
0
1682192256.54796
msg_begin
7.75657e+06
-363742
0.639625
1.86265e-09
2.85218e-09
1.11022e-15
0
0
0
1682192256.59815
msg_begin
7.75657e+06
-363742
0.641337
0.00125055
0.00605707
0.000594194
0
0
0
1682192256.64809
msg_begin
7.75657e+06
-363742
0.637255
0.001395
0.00131239
0.000237318
0
0
0
1682192256.69812
msg_begin
7.75657e+06
-363742
0.639704
0.0377354
0.0237867
0.00297142
0
0
0
1682192256.74865
msg_begin
7.75657e+06
-363741
0.63876
0.00686301
0.00438566
0.000582182
0
0
0
1682192256.79834
msg_begin
7.75657e+06
-363741
0.636698
0.0106669
0.0134676
0.000385874
0
0
0
1682192256.84848
msg_begin
7.75657e+06
-363741
0.639545
0.0224801
0.00558844
0.000609398
0
0
0
1682192256.89849
msg_begin
7.75657e+06
-363740
0.641408
2.98023e-08
5.82077e-11
1.44329e-15
0
0
0
1682192256.94862
msg_begin
7.75657e+06
-363740
0.637773
0.0105498
0.00166925
0.000955809
0
0
0
1682192256.99864
msg_begin
7.75657e+06
-363740
0.637756
0.00701248
0.0087756
0.000496916
0
0
0
1682192257.04930
msg_begin
7.75657e+06
-363739
0.641724
1.11759e-08
1.62981e-09
3.33067e-15
0
0
0
1682192257.09877
msg_begin
7.75658e+06
-363739
0.641271
0.0039697
0.00140891
1.56943e-05
0
0
0
1682192257.14878
msg_begin
7.75658e+06
-363739
0.639877
0.00892776
0.00647726
0.000498391
0
0
0
1682192257.19874
msg_begin
7.75658e+06
-363739
0.636924
1.86265e-09
5.23869e-10
4.55191e-15
0
0
0
1682192257.24873
msg_begin
7.75658e+06
-363738
0.635514
0.000912333
0.000956337
9.65477e-05
0
0
0
1682192257.29865
msg_begin
7.75658e+06
-363738
0.636739
8.00937e-08
1.33878e-09
2.22045e-16
0
0
0
1682192257.34863
msg_begin
7.75658e+06
-363738
0.632345
0.00149424
0.000523914
0.000136983
0
0
0
1682192257.39852
msg_begin
7.75658e+06
-363737
0.633617
0.0154108
0.0107637
0.0010745
0
0
0
1682192257.44904
msg_begin
7.75658e+06
-363737
0.632574
0.0170998
0.0121332
0.000611804
0
0
0
1682192257.49830
msg_begin
7.75658e+06
-363737
0.635081
0.00204894
0.0155155
0.000532755
0
0
0
1682192257.54824
msg_begin
7.75658e+06
-363737
0.634069
4.47035e-08
2.56114e-09
3.66374e-15
0
0
0
1682192257.59820
msg_begin
7.75658e+06
-363736
0.634707
0.0182754
0.00911102
0.000731727
0
0
0
1682192257.64812
msg_begin
7.75658e+06
-363736
0.632055
0
8.73115e-10
3.33067e-15
0
0
0
1682192257.69807
msg_begin
7.75658e+06
-363736
0.636603
0.0132936
0.00775432
0.00103501
0
0
0
1682192257.74804
msg_begin
7.75658e+06
-363735
0.634615
0.00552308
0.000939813
5.54075e-05
0
0
0
1682192257.79851
msg_begin
7.75658e+06
-363735
0.636011
0.000516245
0.00033482
0.0001241
0
0
0
1682192257.84801
msg_begin
7.75658e+06
-363735
0.636521
0.00610323
0.000871141
8.10564e-05
0
0
0
1682192257.89804
msg_begin
7.75658e+06
-363734
0.636646
0.00190199
0.000826259
3.2766e-05
0
0
0
1682192257.94805
msg_begin
7.75658e+06
-363734
0.638771
0.0026882
0.000597343
3.62401e-05
0
0
0
1682192257.99867
msg_begin
7.75658e+06
-363734
0.638719
0.000745111
0.00205668
8.47841e-05
0
0
0
1682192258.04809
msg_begin
7.75658e+06
-363734
0.636349
0.00117394
0.000215283
0.00024228
0
0
0
1682192258.09811
msg_begin
7.75658e+06
-363733
0.636466
2.79397e-09
9.31323e-10
1.9984e-15
0
0
0
1682192258.14812
msg_begin
7.75658e+06
-363733
0.636379
0.0172978
0.0154518
0.00171437
0
0
0
1682192258.19863
msg_begin
7.75658e+06
-363733
0.636155
0.0121469
0.00931304
7.923e-05
0
0
0
1682192258.24811
msg_begin
7.75658e+06
-363733
0.63683
0.00286616
0.00746233
0.000570049
0
0
0
1682192258.29811
msg_begin
7.75658e+06
-363732
0.638297
0.000751899
0.00475937
0.000203433
0
0
0
1682192258.34811
msg_begin
7.75658e+06
-363732
0.640484
0.00176937
0.00506268
0.000652943
0
0
0
1682192258.39850
msg_begin
7.75658e+06
-363732
0.64198
0.00706794
0.0027605
0.000620813
0
0
0
1682192258.44812
msg_begin
7.75659e+06
-363732
0.641483
0.0565673
0.0398948
0.00104115
0
0
0
1682192258.49817
msg_begin
7.75659e+06
-363731
0.640674
0.00756915
0.00791801
0.00042361
0
0
0
1682192258.54814
msg_begin
7.75659e+06
-363731
0.643329
1.86265e-08
3.0268e-09
1.55431e-15
0
0
0
1682192258.59830
msg_begin
7.75659e+06
-363731
0.643753
0.00923111
0.00214195
9.83554e-05
0
0
0
1682192258.64818
msg_begin
7.75659e+06
-363730
0.644402
0.00475291
0.00448026
0.000425252
0
0
0
1682192258.69819
msg_begin
7.75659e+06
-363730
0.648631
6.23986e-08
2.32831e-10
2.44249e-15
0
0
0
1682192258.74898
msg_begin
7.75659e+06
-363730
0.644354
6.61239e-08
9.8953e-10
2.22045e-15
0
0
0
1682192258.79827
msg_begin
7.75659e+06
-363729
0.642111
5.12227e-08
3.37604e-09
4.21885e-15
0
0
0
1682192258.84828
msg_begin
7.75659e+06
-363729
0.643529
0.0372097
0.0284624
0.00112488
0
0
0
1682192258.89835
msg_begin
7.75659e+06
-363729
0.6488
0.00714156
0.00430562
0.00127915
0
0
0
1682192258.94844
msg_begin
7.75659e+06
-363729
0.643261
9.31323e-10
1.74623e-10
2.10942e-15
0
0
0
1682192258.99859
msg_begin
7.75659e+06
-363728
0.645168
7.35745e-08
6.98492e-10
3.55271e-15
0
0
0
1682192259.04887
msg_begin
7.75659e+06
-363728
0.644193
0.00554547
0.008992
6.40771e-05
0
0
0
1682192259.09865
msg_begin
7.75659e+06
-363728
0.645094
0.00689605
0.00604039
0.000397759
0
0
0
1682192259.14873
msg_begin
7.75659e+06
-363728
0.645167
0.0485468
0.0238161
0.000296024
0
0
0
1682192259.19880
msg_begin
7.75659e+06
-363727
0.644897
0.00737893
0.00348346
0.000244579
0
0
0
1682192259.24882
msg_begin
7.75659e+06
-363727
0.646388
0.0309425
0.0227036
0.00105321
0
0
0
1682192259.29891
msg_begin
7.75659e+06
-363727
0.645011
5.4948e-08
2.32831e-09
1.11022e-15
0
0
0
1682192259.34895
msg_begin
7.75659e+06
-363727
0.646339
2.6077e-08
1.33878e-09
3.21965e-15
0
0
0
1682192259.39896
msg_begin
7.75659e+06
-363726
0.648859
0.0240656
0.0134672
0.00165016
0
0
0
1682192259.44974
msg_begin
7.75659e+06
-363726
0.64523
5.7742e-08
2.32831e-10
3.33067e-15
0
0
0
1682192259.49890
msg_begin
7.75659e+06
-363726
0.647346
0.00406564
0.00210874
0.000456595
0
0
0
1682192259.54892
msg_begin
7.75659e+06
-363725
0.64702
0.018248
0.0154182
0.000809127
0
0
0
1682192259.59919
msg_begin
7.75659e+06
-363725
0.648002
0.00120129
0.000692025
0.000117552
0
0
0
1682192259.64886
msg_begin
7.75659e+06
-363725
0.64669
4.65661e-09
1.22236e-09
3.21965e-15
0
0
0
1682192259.69883
msg_begin
7.75659e+06
-363724
0.649438
0.00847078
0.0172939
0.000682362
0
0
0
1682192259.74982
msg_begin
7.75659e+06
-363724
0.647898
0.0118295
0.0220973
0.000653532
0
0
0
1682192259.79881
msg_begin
7.7566e+06
-363724
0.647644
0.0107567
0.0060301
0.000774661
0
0
0
1682192259.84935
msg_begin
7.7566e+06
-363724
0.644452
0.0243525
0.0106637
0.00038563
0
0
0
1682192259.89881
msg_begin
7.7566e+06
-363723
0.645639
0.0157213
0.0090312
0.000931166
0
0
0
1682192259.94881
msg_begin
7.7566e+06
-363723
0.642338
0.0302089
0.0190794
0.000956618
0
0
0
1682192259.99886
msg_begin
7.7566e+06
-363723
0.642634
0.0224478
0.0166475
0.000374769
0
0
0
1682192260.04884
msg_begin
7.7566e+06
-363723
0.643336
0.00629063
0.00940953
0.000556999
0
0
0
1682192260.09888
msg_begin
7.7566e+06
-363722
0.646859
0.00747247
0.00466913
0.000443966
0
0
0
1682192260.14891
msg_begin
7.7566e+06
-363722
0.646759
0.0174307
0.00618724
0.000775706
0
0
0
1682192260.19898
msg_begin
7.7566e+06
-363722
0.648118
0.0146789
0.0155951
0.00223845
0
0
0
1682192260.24902
msg_begin
7.7566e+06
-363722
0.648317
0.00283566
0.00618339
0.000199141
0
0
0
1682192260.29919
msg_begin
7.7566e+06
-363721
0.64351
5.21541e-08
6.98492e-10
2.10942e-15
0
0
0
1682192260.34904
msg_begin
7.7566e+06
-363721
0.644315
1.11759e-08
2.38651e-09
0
0
0
0
1682192260.39906
msg_begin
7.7566e+06
-363721
0.644228
0.00236965
0.000591648
0.000232224
0
0
0
1682192260.44902
msg_begin
7.7566e+06
-363721
0.644007
2.79397e-09
3.49246e-09
1.88738e-15
0
0
0
1682192260.49901
msg_begin
7.7566e+06
-363720
0.644381
0.00955274
0.0131671
0.000478811
0
0
0
1682192260.54902
msg_begin
7.7566e+06
-363720
0.644527
0.00686928
0.00483143
0.000288357
0
0
0
1682192260.59894
msg_begin
7.7566e+06
-363720
0.645432
2.32831e-08
5.82077e-10
4.10783e-15
0
0
0
1682192260.64895
msg_begin
7.7566e+06
-363719
0.646557
0.0424314
0.0286388
0.000574793
0
0
0
1682192260.69888
msg_begin
7.7566e+06
-363719
0.645026
0.00235464
0.00107108
0.000405792
0
0
0
1682192260.74951
msg_begin
7.7566e+06
-363719
0.647789
0.0400558
0.0226277
0.000424668
0
0
0
1682192260.79893
msg_begin
7.7566e+06
-363719
0.651578
0.000934997
0.000387432
4.78751e-05
0
0
0
1682192260.84898
msg_begin
7.7566e+06
-363718
0.650111
0.000206407
0.000147528
3.31535e-05
0
0
0
1682192260.89902
msg_begin
7.7566e+06
-363718
0.647564
0.00651581
0.00527286
0.000279511
0
0
0
1682192260.94898
msg_begin
7.7566e+06
-363718
0.645934
0.0103634
0.000811246
0.000202739
0
0
0
1682192260.99905
msg_begin
7.7566e+06
-363717
0.64114
0.00527393
0.000978176
0.00168997
0
0
0
1682192261.04907
msg_begin
7.7566e+06
-363717
0.650922
0.0204147
0.0103587
0.00170814
0
0
0
1682192261.09909
msg_begin
7.7566e+06
-363717
0.650282
0.0122756
0.00139077
0.000603734
0
0
0
1682192261.14909
msg_begin
7.7566e+06
-363717
0.648702
0.00492552
0.00065004
0.00032711
0
0
0
1682192261.19919
msg_begin
7.7566e+06
-363716
0.645606
0.0282401
0.0185117
0.000896455
0
0
0
1682192261.24928
msg_begin
7.75661e+06
-363716
0.647929
0.0036427
0.000482878
0.000134777
0
0
0
1682192261.29934
msg_begin
7.75661e+06
-363716
0.650073
0.00677504
0.00293123
0.000258016
0
0
0
1682192261.34942
msg_begin
7.75661e+06
-363716
0.646351
9.31323e-10
1.10595e-09
2.22045e-16
0
0
0
1682192261.39942
msg_begin
7.75661e+06
-363715
0.648756
0.000119093
0.000126356
4.01328e-05
0
0
0
1682192261.44945
msg_begin
7.75661e+06
-363715
0.645317
0.00614078
0.00434577
5.71303e-05
0
0
0
1682192261.49940
msg_begin
7.75661e+06
-363715
0.644149
0.00356388
0.00661046
0.00025958
0
0
0
1682192261.54940
msg_begin
7.75661e+06
-363714
0.644636
0.0195792
0.0175111
0.000682382
0
0
0
1682192261.59934
msg_begin
7.75661e+06
-363714
0.645869
0.00687567
0.00450048
0.000340867
0
0
0
1682192261.64924
msg_begin
7.75661e+06
-363714
0.648164
0.00711636
0.0075779
0.000615338
0
0
0
1682192261.69922
msg_begin
7.75661e+06
-363714
0.648225
7.07805e-08
1.62981e-09
1.66533e-15
0
0
0
1682192261.75020
msg_begin
7.75661e+06
-363713
0.646257
0.00115266
0.000171382
2.82917e-05
0
0
0
1682192261.79923
msg_begin
7.75661e+06
-363713
0.645031
0.0222773
0.0190986
0.000891705
0
0
0
1682192261.84921
msg_begin
7.75661e+06
-363713
0.645163
0.000706944
0.00267723
4.76684e-05
0
0
0
1682192261.89922
msg_begin
7.75661e+06
-363713
0.647397
0.0150365
0.00156436
0.000206591
0
0
0
1682192261.94923
msg_begin
7.75661e+06
-363712
0.64498
0.00117438
0.00110832
0.000155433
0
0
0
1682192261.99924
msg_begin
7.75661e+06
-363712
0.644322
0.0103361
0.00619351
0.00126273
0
0
0
1682192262.04935
msg_begin
7.75661e+06
-363712
0.645898
0.00429999
0.00289192
0.00024142
0
0
0
1682192262.09938
msg_begin
7.75661e+06
-363712
0.645347
0.0077735
0.00633302
0.00018759
0
0
0
1682192262.14945
msg_begin
7.75661e+06
-363711
0.643171
0.0202408
0.0259614
0.0015083
0
0
0
1682192262.19941
msg_begin
7.75661e+06
-363711
0.643653
0.0220207
0.0147453
0.00074341
0
0
0
1682192262.24944
msg_begin
7.75661e+06
-363711
0.642978
1.02445e-08
1.62981e-09
1.55431e-15
0
0
0
1682192262.29942
msg_begin
7.75661e+06
-363711
0.64579
0.000454563
8.03268e-06
2.5823e-05
0
0
0
1682192262.34933
msg_begin
7.75661e+06
-363710
0.643484
0.0063693
0.0104428
0.00129818
0
0
0
1682192262.39927
msg_begin
7.75661e+06
-363710
0.648355
0.0144057
0.0210823
0.000547025
0
0
0
1682192262.44920
msg_begin
7.75661e+06
-363710
0.652754
0.00208867
0.00151827
0.000245899
0
0
0
1682192262.49921
msg_begin
7.75661e+06
-363710
0.651756
2.23517e-08
4.65661e-10
5.44009e-15
0
0
0
1682192262.54914
msg_begin
7.75661e+06
-363709
0.652055
0.00199682
0.00509491
0.000173056
0
0
0
1682192262.59897
msg_begin
7.75661e+06
-363709
0.653054
0.00745766
0.00685224
0.000382866
0
0
0
1682192262.64890
msg_begin
7.75661e+06
-363709
0.650945
1.02445e-08
2.91038e-10
8.88178e-16
0
0
0
1682192262.69886
msg_begin
7.75661e+06
-363709
0.656318
5.58794e-08
3.49246e-10
2.10942e-15
0
0
0
1682192262.74983
msg_begin
7.75662e+06
-363708
0.655223
0.00124878
0.000958192
0.000152467
0
0
0
1682192262.79879
msg_begin
7.75662e+06
-363708
0.657455
0.00149381
0.0104897
4.8262e-05
0
0
0
1682192262.84877
msg_begin
7.75662e+06
-363708
0.662583
0.000675542
0.000959964
0.000105565
0
0
0
1682192262.89870
msg_begin
7.75662e+06
-363708
0.662209
0.000893872
0.000836519
7.50326e-05
0
0
0
1682192262.94867
msg_begin
7.75662e+06
-363707
0.662464
0.00833607
0.00382976
0.000382778
0
0
0
1682192262.99874
msg_begin
7.75662e+06
-363707
0.661714
0.00395989
0.00470642
0.000458167
0
0
0
1682192263.04874
msg_begin
7.75662e+06
-363707
0.661319
0.0127962
0.000959046
0.000428565
0
0
0
1682192263.09875
msg_begin
7.75662e+06
-363707
0.66463
8.3819e-09
4.07454e-10
2.22045e-16
0
0
0
1682192263.14880
msg_begin
7.75662e+06
-363706
0.662566
0.00270434
0.00340629
0.000184579
0
0
0
1682192263.19878
msg_begin
7.75662e+06
-363706
0.663651
0.00186407
0.000895808
0.000237612
0
0
0
1682192263.24881
msg_begin
7.75662e+06
-363706
0.662714
5.12227e-08
2.09548e-09
2.44249e-15
0
0
0
1682192263.29893
msg_begin
7.75662e+06
-363706
0.665557
0.0158699
0.0178184
0.00105121
0
0
0
1682192263.34893
msg_begin
7.75662e+06
-363705
0.666756
0.00972485
0.00730202
0.000480132
0
0
0
1682192263.39901
msg_begin
7.75662e+06
-363705
0.665611
0.00247669
0.00377692
0.000197219
0
0
0
1682192263.44900
msg_begin
7.75662e+06
-363705
0.663961
0.00900017
0.00751494
0.000108347
0
0
0
1682192263.49910
msg_begin
7.75662e+06
-363704
0.665536
5.7742e-08
3.0268e-09
2.44249e-15
0
0
0
1682192263.54912
msg_begin
7.75662e+06
-363704
0.665932
0.00803976
0.00315438
0.000415737
0
0
0
1682192263.59914
msg_begin
7.75662e+06
-363704
0.666536
7.45058e-09
8.73115e-10
4.44089e-16
0
0
0
1682192263.64902
msg_begin
7.75662e+06
-363704
0.666812
0.00392133
0.00764073
0.000772927
0
0
0
1682192263.69900
msg_begin
7.75662e+06
-363704
0.668395
0.00763026
0.00550493
0.00151293
0
0
0
1682192263.74900
msg_begin
7.75662e+06
-363703
0.669719
0.00271497
0.000780211
0.000121578
0
0
0
1682192263.79943
msg_begin
7.75662e+06
-363703
0.668087
0.00316284
0.00276598
0.000162903
0
0
0
1682192263.84890
msg_begin
7.75662e+06
-363703
0.670089
0.00128193
0.000503139
9.58079e-05
0
0
0
1682192263.89885
msg_begin
7.75662e+06
-363703
0.669376
0.000335459
0.000649593
4.78273e-05
0
0
0
1682192263.94893
msg_begin
7.75662e+06
-363702
0.668686
0.0167608
0.017986
9.35184e-05
0
0
0
1682192263.99916
msg_begin
7.75662e+06
-363702
0.667285
0.00457794
0.0127135
0.00127513
0
0
0
1682192264.04877
msg_begin
7.75662e+06
-363702
0.661646
2.51457e-08
1.62981e-09
3.10862e-15
0
0
0
1682192264.09877
msg_begin
7.75662e+06
-363702
0.661817
0.0206493
0.0131231
0.00121454
0
0
0
1682192264.14881
msg_begin
7.75662e+06
-363701
0.659033
0.0610263
0.0385788
0.00174623
0
0
0
1682192264.19930
msg_begin
7.75662e+06
-363701
0.656309
0.00233879
0.00385401
0.000411112
0
0
0
1682192264.24891
msg_begin
7.75662e+06
-363701
0.659548
0.00191437
0.00263801
0.000209849
0
0
0
1682192264.29891
msg_begin
7.75663e+06
-363700
0.659394
0.00572151
0.00602168
0.000883304
0
0
0
1682192264.34901
msg_begin
7.75663e+06
-363700
0.658434
0
2.44472e-09
3.88578e-15
0
0
0
1682192264.39959
msg_begin
7.75663e+06
-363700
0.658815
1.49012e-08
8.73115e-10
1.22125e-15
0
0
0
1682192264.44903
msg_begin
7.75663e+06
-363700
0.662887
0.0053319
0.00543095
0.00031797
0
0
0
1682192264.49911
msg_begin
7.75663e+06
-363699
0.662859
0.00432492
0.00830949
0.000634056
0
0
0
1682192264.54915
msg_begin
7.75663e+06
-363699
0.661911
0.0320471
0.0272413
0.000976947
0
0
0
1682192264.59977
msg_begin
7.75663e+06
-363699
0.657529
7.17118e-08
8.14907e-10
9.99201e-16
0
0
0
1682192264.64918
msg_begin
7.75663e+06
-363699
0.655659
0.000619052
5.12233e-05
7.71142e-05
0
0
0
1682192264.69911
msg_begin
7.75663e+06
-363698
0.654709
0.00452174
0.00266681
0.000159594
0
0
0
1682192264.74907
msg_begin
7.75663e+06
-363698
0.653614
9.22009e-08
2.56114e-09
3.9968e-15
0
0
0
1682192264.79904
msg_begin
7.75663e+06
-363698
0.653394
0.0113698
0.00586116
0.00180751
0
0
0
1682192264.84902
msg_begin
7.75663e+06
-363697
0.656427
0.0121482
0.0177299
0.000440762
0
0
0
1682192264.89900
msg_begin
7.75663e+06
-363697
0.660445
7.26432e-08
3.49246e-10
1.9984e-15
0
0
0
1682192264.94898
msg_begin
7.75663e+06
-363697
0.65829
0.00484907
0.00476514
0.00228531
0
0
0
1682192264.99899
msg_begin
7.75663e+06
-363696
0.65736
0.00131686
0.010357
0.000383863
0
0
0
1682192265.04893
msg_begin
7.75663e+06
-363696
0.65409
0.0524706
0.0541701
0.000376911
0
0
0
1682192265.09896
msg_begin
7.75663e+06
-363696
0.654297
0.0231703
0.0203107
0.000333984
0
0
0
1682192265.14897
msg_begin
7.75663e+06
-363696
0.652838
0.00185924
0.000736604
3.23821e-05
0
0
0
1682192265.19900
msg_begin
7.75663e+06
-363695
0.652811
2.51457e-08
8.73115e-10
1.77636e-15
0
0
0
1682192265.24913
msg_begin
7.75663e+06
-363695
0.652433
0.0104527
0.0044198
0.000796127
0
0
0
1682192265.29912
msg_begin
7.75663e+06
-363695
0.652711
0.00786751
0.0128255
0.000587015
0
0
0
1682192265.34914
msg_begin
7.75663e+06
-363694
0.653417
0.0190399
0.00517974
0.00129861
0
0
0
1682192265.39914
msg_begin
7.75663e+06
-363694
0.653025
5.96046e-08
4.65661e-10
2.44249e-15
0
0
0
1682192265.44924
msg_begin
7.75663e+06
-363694
0.654504
0.0209003
0.00617631
0.000644094
0
0
0
1682192265.49939
msg_begin
7.75663e+06
-363694
0.655858
0.00217099
0.000526746
2.66731e-05
0
0
0
1682192265.54934
msg_begin
7.75663e+06
-363693
0.654236
0.00636816
0.00693614
0.0019757
0
0
0
1682192265.59937
msg_begin
7.75663e+06
-363693
0.653267
3.53903e-08
9.31323e-10
4.44089e-16
0
0
0
1682192265.64948
msg_begin
7.75663e+06
-363693
0.654265
0.00165603
0.00120042
8.46825e-05
0
0
0
1682192265.69941
msg_begin
7.75664e+06
-363693
0.651825
0.00782027
0.00431424
0.000414546
0
0
0
1682192265.75051
msg_begin
7.75664e+06
-363692
0.651576
0.00270991
0.00317536
3.91385e-05
0
0
0
1682192265.79957
msg_begin
7.75664e+06
-363692
0.651031
1.49012e-08
3.31784e-09
1.77636e-15
0
0
0
1682192265.84930
msg_begin
7.75664e+06
-363692
0.650462
0.017351
0.00644174
0.000886674
0
0
0
1682192265.89924
msg_begin
7.75664e+06
-363692
0.651193
0.00756913
0.00352918
0.000184224
0
0
0
1682192265.94923
msg_begin
7.75664e+06
-363691
0.651187
0.00087054
0.000989726
6.63298e-05
0
0
0
1682192265.99912
msg_begin
7.75664e+06
-363691
0.651787
0.00365577
0.00259516
0.00150672
0
0
0
1682192266.04912
msg_begin
7.75664e+06
-363691
0.651513
0.0137565
0.00645245
0.00117009
0
0
0
1682192266.09907
msg_begin
7.75664e+06
-363691
0.649675
0.0130632
0.00759459
0.00110661
0
0
0
1682192266.14903
msg_begin
7.75664e+06
-363690
0.647727
0.0128807
0.00204202
0.000159051
0
0
0
1682192266.19904
msg_begin
7.75664e+06
-363690
0.649958
6.89179e-08
1.39698e-09
1.9984e-15
0
0
0
1682192266.24898
msg_begin
7.75664e+06
-363690
0.648129
0.00823369
0.00315583
0.000391907
0
0
0
1682192266.29906
msg_begin
7.75664e+06
-363690
0.646862
0.0319238
0.0197092
0.00188927
0
0
0
1682192266.34910
msg_begin
7.75664e+06
-363689
0.649756
2.6077e-08
1.16415e-10
1.77636e-15
0
0
0
1682192266.39912
msg_begin
7.75664e+06
-363689
0.649666
5.4948e-08
7.567e-10
1.33227e-15
0
0
0
1682192266.44926
msg_begin
7.75664e+06
-363689
0.648073
0.00408724
0.00281193
0.000631693
0
0
0
1682192266.49925
msg_begin
7.75664e+06
-363689
0.647386
0.0105882
0.00907883
0.00215221
0
0
0
1682192266.54929
msg_begin
7.75664e+06
-363688
0.647153
1.11759e-08
2.67755e-09
1.66533e-15
0
0
0
1682192266.59957
msg_begin
7.75664e+06
-363688
0.646846
0.00184527
0.0022048
0.00011522
0
0
0
1682192266.64929
msg_begin
7.75664e+06
-363688
0.644548
0.000856579
0.000740821
0.000328791
0
0
0
1682192266.69934
msg_begin
7.75664e+06
-363688
0.646413
0.0283238
0.0242529
0.000809892
0
0
0
1682192266.74927
msg_begin
7.75664e+06
-363687
0.647724
0.0378734
0.0323731
0.000378378
0
0
0
1682192266.80000
msg_begin
7.75664e+06
-363687
0.648829
0.0701305
0.0637158
0.000203505
0
0
0
1682192266.84928
msg_begin
7.75664e+06
-363687
0.649592
0.000729736
0.000106829
5.21485e-05
0
0
0
1682192266.89931
msg_begin
7.75664e+06
-363686
0.649672
0.00507281
0.00380307
0.000259252
0
0
0
1682192266.94932
msg_begin
7.75664e+06
-363686
0.649169
8.00937e-08
8.14907e-10
1.33227e-15
0
0
0
1682192267.00015
msg_begin
7.75664e+06
-363686
0.64865
0.00315866
0.00292306
0.0005853
0
0
0
1682192267.04941
msg_begin
7.75664e+06
-363686
0.648491
0.0239427
0.0255733
0.000299785
0
0
0
1682192267.09944
msg_begin
7.75664e+06
-363685
0.647163
0.0020023
0.00307363
0.000258801
0
0
0
1682192267.15000
msg_begin
7.75664e+06
-363685
0.648917
0.00922875
0.00659824
0.000844537
0
0
0
1682192267.19990
msg_begin
7.75665e+06
-363685
0.64779
0.000122485
0.000233345
7.68131e-05
0
0
0
1682192267.24937
msg_begin
7.75665e+06
-363685
0.6441
0.0383683
0.0298748
0.000927629
0
0
0
1682192267.29927
msg_begin
7.75665e+06
-363684
0.644684
0.0166485
0.0110021
0.000427553
0
0
0
1682192267.34914
msg_begin
7.75665e+06
-363684
0.643043
0.00137173
0.000698288
0.000246315
0
0
0
1682192267.39964
msg_begin
7.75665e+06
-363684
0.643497
0.00853817
0.00460963
0.000587923
0
0
0
1682192267.44906
msg_begin
7.75665e+06
-363684
0.646021
0.000447384
0.000952848
0.000356183
0
0
0
1682192267.49901
msg_begin
7.75665e+06
-363683
0.645028
0.0246302
0.0173703
0.000198193
0
0
0
1682192267.54899
msg_begin
7.75665e+06
-363683
0.644523
0.015743
0.0105769
0.000109506
0
0
0
1682192267.59966
msg_begin
7.75665e+06
-363683
0.643435
0.00855141
0.00724673
0.000716111
0
0
0
1682192267.64917
msg_begin
7.75665e+06
-363682
0.641638
2.77064e-05
9.38118e-05
0.00020702
0
0
0
1682192267.69921
msg_begin
7.75665e+06
-363682
0.6432
0.037071
0.029546
0.000916135
0
0
0
1682192267.74927
msg_begin
7.75665e+06
-363682
0.641145
0.0486019
0.0364327
0.00100543
0
0
0
1682192267.79938
msg_begin
7.75665e+06
-363682
0.641551
0.010159
0.0052631
0.000258714
0
0
0
1682192267.84946
msg_begin
7.75665e+06
-363681
0.638704
5.40167e-08
2.50293e-09
2.22045e-16
0
0
0
1682192267.89957
msg_begin
7.75665e+06
-363681
0.635893
0.00632847
0.00369681
0.000724201
0
0
0
1682192267.94966
msg_begin
7.75665e+06
-363681
0.633712
5.58794e-08
2.73576e-09
1.44329e-15
0
0
0
1682192267.99978
msg_begin
7.75665e+06
-363680
0.633711
0.000181164
0.000134587
0.00011627
0
0
0
1682192268.04984
msg_begin
7.75665e+06
-363680
0.632089
3.44589e-08
1.92085e-09
3.33067e-16
0
0
0
1682192268.09979
msg_begin
7.75665e+06
-363680
0.63268
4.00469e-08
1.74623e-10
1.11022e-15
0
0
0
1682192268.14988
msg_begin
7.75665e+06
-363680
0.630531
0.00616851
0.00174147
0.000558611
0
0
0
1682192268.19992
msg_begin
7.75665e+06
-363679
0.631612
0.0147722
0.0135483
0.000800835
0
0
0
1682192268.24983
msg_begin
7.75665e+06
-363679
0.629895
0.00112198
0.00386193
0.000120965
0
0
0
1682192268.29975
msg_begin
7.75665e+06
-363679
0.62991
0.00583505
0.00644142
0.000643331
0
0
0
1682192268.34980
msg_begin
7.75665e+06
-363679
0.628949
0.0146054
0.00577854
0.000429837
0
0
0
1682192268.39973
msg_begin
7.75665e+06
-363678
0.628087
0.0103558
0.00589458
0.00114183
0
0
0
1682192268.44973
msg_begin
7.75665e+06
-363678
0.621922
0.00496409
0.00826315
0.00190248
0
0
0
1682192268.49963
msg_begin
7.75665e+06
-363678
0.625507
0.00318673
0.0120708
0.000940662
0
0
0
1682192268.54963
msg_begin
7.75665e+06
-363677
0.622822
1.49012e-08
2.38651e-09
1.44329e-15
0
0
0
1682192268.59948
msg_begin
7.75666e+06
-363677
0.623303
5.12227e-08
3.49246e-10
3.33067e-16
0
0
0
1682192268.64940
msg_begin
7.75666e+06
-363677
0.619593
0.0106498
0.00751927
0.000661254
0
0
0
1682192268.69931
msg_begin
7.75666e+06
-363677
0.617708
0.0302706
0.0418416
0.0004038
0
0
0
1682192268.74925
msg_begin
7.75666e+06
-363676
0.614456
0.00474294
0.0260752
0.000377355
0
0
0
1682192268.79972
msg_begin
7.75666e+06
-363676
0.608233
5.4948e-08
2.21189e-09
9.99201e-16
0
0
0
1682192268.84899
msg_begin
7.75666e+06
-363676
0.607716
0.0143834
0.00256483
0.000397393
0
0
0
1682192268.89903
msg_begin
7.75666e+06
-363676
0.609124
6.89179e-08
3.37604e-09
5.55112e-16
0
0
0
1682192268.94929
msg_begin
7.75666e+06
-363675
0.606315
0.0424091
0.0181025
0.00220674
0
0
0
1682192268.99961
msg_begin
7.75666e+06
-363675
0.609512
0.0148831
0.00735083
0.00171915
0
0
0
1682192269.04895
msg_begin
7.75666e+06
-363675
0.609834
0.00033605
0.00111078
8.8596e-05
0
0
0
1682192269.09903
msg_begin
7.75666e+06
-363675
0.606882
0.00806718
0.00581138
0.00135319
0
0
0
1682192269.15012
msg_begin
7.75666e+06
-363675
0.600187
6.61239e-08
9.8953e-10
3.44169e-15
0
0
0
1682192269.19964
msg_begin
7.75666e+06
-363674
0.596004
0.00337154
0.000294099
0.00101631
0
0
0
1682192269.24904
msg_begin
7.75666e+06
-363674
0.594304
0.00863956
0.00484434
0.00062624
0
0
0
1682192269.29907
msg_begin
7.75666e+06
-363674
0.593624
0.00040164
0.000981249
5.04881e-06
0
0
0
1682192269.34979
msg_begin
7.75666e+06
-363674
0.588665
0.00176879
0.00570391
0.000806517
0
0
0
1682192269.39970
msg_begin
7.75666e+06
-363673
0.586372
0.0411397
0.0193484
0.000367181
0
0
0
1682192269.44927
msg_begin
7.75666e+06
-363673
0.581603
0.00259029
0.00172856
9.92404e-05
0
0
0
1682192269.49928
msg_begin
7.75666e+06
-363673
0.579648
0.0181053
0.0138843
0.0003596
0
0
0
1682192269.55003
msg_begin
7.75666e+06
-363673
0.57356
0.0139965
0.0130844
0.000433485
0
0
0
1682192269.59970
msg_begin
7.75666e+06
-363673
0.571056
0.000514276
0.00117673
5.43264e-06
0
0
0
1682192269.64935
msg_begin
7.75666e+06
-363672
0.570032
0.00289196
0.00287788
0.000324906
0
0
0
1682192269.69939
msg_begin
7.75666e+06
-363672
0.564988
0.0040227
0.000856137
0.000229597
0
0
0
1682192269.74951
msg_begin
7.75666e+06
-363672
0.563605
0.000758309
0.00579689
3.75296e-05
0
0
0
1682192269.79944
msg_begin
7.75666e+06
-363672
0.557818
0.016385
0.0118971
0.00189322
0
0
0
1682192269.84948
msg_begin
7.75666e+06
-363671
0.553058
0.0127286
0.00921394
0.00103075
0
0
0
1682192269.89957
msg_begin
7.75666e+06
-363671
0.549775
0.0117411
0.00211016
0.000590002
0
0
0
1682192269.94954
msg_begin
7.75666e+06
-363671
0.544263
0.00605271
0.00123277
0.000611019
0
0
0
1682192269.99963
msg_begin
7.75666e+06
-363671
0.541025
0.000267797
0.00590792
0.00069513
0
0
0
1682192270.04951
msg_begin
7.75667e+06
-363671
0.539533
0.00234576
0.00114755
0.000839527
0
0
0
1682192270.09949
msg_begin
7.75667e+06
-363670
0.537429
7.63685e-08
2.50293e-09
4.77396e-15
0
0
0
1682192270.14950
msg_begin
7.75667e+06
-363670
0.530615
0.00275965
0.000471836
0.000108018
0
0
0
1682192270.19942
msg_begin
7.75667e+06
-363670
0.527437
0.0031916
0.00127946
0.000163807
0
0
0
1682192270.24938
msg_begin
7.75667e+06
-363670
0.524087
0.0020722
0.000827449
0.000374743
0
0
0
1682192270.29938
msg_begin
7.75667e+06
-363669
0.514652
4.65661e-08
2.32831e-09
2.33147e-15
0
0
0
1682192270.34935
msg_begin
7.75667e+06
-363669
0.513568
0.00151539
0.0027472
0.000656371
0
0
0
1682192270.39923
msg_begin
7.75667e+06
-363669
0.509182
0.00354723
0.00775052
0.00216589
0
0
0
1682192270.44923
msg_begin
7.75667e+06
-363669
0.501946
0.00459038
0.00384071
0.000480858
0
0
0
1682192270.49923
msg_begin
7.75667e+06
-363669
0.500884
0.00370302
0.000695272
0.000177193
0
0
0
1682192270.54913
msg_begin
7.75667e+06
-363668
0.492447
0.00599407
0.0034115
0.000671622
0
0
0
1682192270.59915
msg_begin
7.75667e+06
-363668
0.488889
0.0193195
0.00654612
0.00190667
0
0
0
1682192270.64904
msg_begin
7.75667e+06
-363668
0.486529
0.0139982
0.0144687
0.0012347
0
0
0
1682192270.69909
msg_begin
7.75667e+06
-363668
0.482423
0.0122284
0.00576857
0.000601791
0
0
0
1682192270.74907
msg_begin
7.75667e+06
-363668
0.475537
9.31323e-10
3.14321e-09
4.16334e-15
0
0
0
1682192270.79981
msg_begin
7.75667e+06
-363667
0.467063
0.00394558
0.00297156
0.000245167
0
0
0
1682192270.84888
msg_begin
7.75667e+06
-363667
0.466685
0.000950593
0.00350884
0.000321153
0
0
0
1682192270.89889
msg_begin
7.75667e+06
-363667
0.463221
0.0267095
0.0176936
0.00143999
0
0
0
1682192270.94878
msg_begin
7.75667e+06
-363667
0.456523
0.0485352
0.0282867
0.00110024
0
0
0
1682192270.99898
msg_begin
7.75667e+06
-363667
0.448418
0.0161704
0.00762545
0.000811714
0
0
0
1682192271.04874
msg_begin
7.75667e+06
-363667
0.444503
0.0267828
0.0168871
0.00170581
0
0
0
1682192271.09879
msg_begin
7.75667e+06
-363666
0.446094
0.0130509
0.0157087
0.00287299
0
0
0
1682192271.14885
msg_begin
7.75667e+06
-363666
0.444773
1.86265e-08
2.96859e-09
5.27356e-15
0
0
0
1682192271.19945
msg_begin
7.75667e+06
-363666
0.442443
0.00590439
0.00291589
3.79784e-05
0
0
0
1682192271.24881
msg_begin
7.75667e+06
-363666
0.440589
0.000891516
0.0060293
2.43335e-05
0
0
0
1682192271.29882
msg_begin
7.75667e+06
-363666
0.435568
0.00573402
0.00780565
0.000359711
0
0
0
1682192271.34963
msg_begin
7.75667e+06
-363666
0.428974
9.31323e-10
1.33878e-09
3.33067e-15
0
0
0
1682192271.39936
msg_begin
7.75667e+06
-363665
0.423718
0.00113714
0.00284607
0.000132875
0
0
0
1682192271.44890
msg_begin
7.75667e+06
-363665
0.423775
0.0131991
0.00687473
0.000387412
0
0
0
1682192271.49891
msg_begin
7.75668e+06
-363665
0.422308
0.000623184
0.00112716
8.54383e-05
0
0
0
1682192271.54889
msg_begin
7.75668e+06
-363665
0.417262
0.0135821
0.00552963
0.00144863
0
0
0
1682192271.59949
msg_begin
7.75668e+06
-363665
0.420161
0.0134111
0.00597456
0.0008289
0
0
0
1682192271.64892
msg_begin
7.75668e+06
-363665
0.419285
3.72529e-09
2.32831e-10
2.77556e-15
0
0
0
1682192271.69906
msg_begin
7.75668e+06
-363665
0.418414
5.40167e-08
1.45519e-09
2.77556e-16
0
0
0
1682192271.74910
msg_begin
7.75668e+06
-363664
0.417542
4.47035e-08
1.62981e-09
3.10862e-15
0
0
0
1682192271.79916
msg_begin
7.75668e+06
-363664
0.413015
0.0261775
0.00948312
0.000397653
0
0
0
1682192271.84916
msg_begin
7.75668e+06
-363664
0.411624
5.86733e-08
2.32831e-10
9.4369e-16
0
0
0
1682192271.89921
msg_begin
7.75668e+06
-363664
0.409679
0.0560244
0.0221796
0.00116401
0
0
0
1682192271.94917
msg_begin
7.75668e+06
-363664
0.401922
1.30385e-08
6.98492e-10
9.99201e-16
0
0
0
1682192271.99916
msg_begin
7.75668e+06
-363664
0.398984
0.00370444
0.00345099
0.000834511
0
0
0
1682192272.04918
msg_begin
7.75668e+06
-363664
0.394388
0.00665106
0.00204502
0.000182847
0
0
0
1682192272.09908
msg_begin
7.75668e+06
-363663
0.393477
5.21541e-08
1.10595e-09
2.77556e-16
0
0
0
1682192272.14902
msg_begin
7.75668e+06
-363663
0.393511
6.51926e-09
2.09548e-09
1.88738e-15
0
0
0
1682192272.19894
msg_begin
7.75668e+06
-363663
0.390456
0.00168788
0.000755132
7.28217e-05
0
0
0
1682192272.24890
msg_begin
7.75668e+06
-363663
0.385195
0.000647093
0.00080316
6.89832e-05
0
0
0
1682192272.29878
msg_begin
7.75668e+06
-363663
0.383138
6.01234e-05
0.000786755
4.32823e-05
0
0
0
1682192272.34868
msg_begin
7.75668e+06
-363663
0.377266
2.79397e-09
4.65661e-10
7.77156e-16
0
0
0
1682192272.39869
msg_begin
7.75668e+06
-363662
0.37779
0.0101221
0.00139168
0.000364064
0
0
0
1682192272.44860
msg_begin
7.75668e+06
-363662
0.374149
0.00250986
0.00363193
0.000670956
0
0
0
1682192272.49863
msg_begin
7.75668e+06
-363662
0.369472
0.00637242
0.00182504
0.000541914
0
0
0
1682192272.54866
msg_begin
7.75668e+06
-363662
0.362433
0.0356569
0.00947605
0.00242294
0
0
0
1682192272.59860
msg_begin
7.75668e+06
-363662
0.364502
0.0216982
0.00496319
0.0018132
0
0
0
1682192272.64865
msg_begin
7.75668e+06
-363662
0.35952
0.0036062
0.00010637
1.00708e-05
0
0
0
1682192272.69872
msg_begin
7.75668e+06
-363662
0.358375
6.51926e-09
3.84171e-09
3.10862e-15
0
0
0
1682192272.74871
msg_begin
7.75668e+06
-363661
0.356779
0.00405908
0.000462034
0.000197895
0
0
0
1682192272.79925
msg_begin
7.75668e+06
-363661
0.354784
0.00681808
0.00193772
0.00102525
0
0
0
1682192272.84882
msg_begin
7.75668e+06
-363661
0.349396
2.98023e-08
2.38651e-09
2.05391e-15
0
0
0
1682192272.89889
msg_begin
7.75669e+06
-363661
0.344779
0.0287099
0.0167672
0.00119218
0
0
0
1682192272.94899
msg_begin
7.75669e+06
-363661
0.341788
0.0242162
0.00881986
0.000396357
0
0
0
1682192272.99913
msg_begin
7.75669e+06
-363661
0.342234
0.0158182
0.00665151
0.00084393
0
0
0
1682192273.04884
msg_begin
7.75669e+06
-363660
0.338665
0.00163285
2.98241e-05
3.70516e-05
0
0
0
1682192273.09881
msg_begin
7.75669e+06
-363660
0.337734
5.86733e-08
7.567e-10
1.9984e-15
0
0
0
1682192273.14876
msg_begin
7.75669e+06
-363660
0.335323
8.3819e-09
1.28057e-09
2.72005e-15
0
0
0
1682192273.19955
msg_begin
7.75669e+06
-363660
0.332445
0.00159408
0.00293677
0.000243201
0
0
0
1682192273.24884
msg_begin
7.75669e+06
-363660
0.328426
0.00239936
0.00103998
0.000212901
0
0
0
1682192273.29870
msg_begin
7.75669e+06
-363660
0.321986
0.0115295
0.00451053
8.1088e-05
0
0
0
1682192273.34868
msg_begin
7.75669e+06
-363660
0.317587
0.0127569
0.00424246
0.000271255
0
0
0
1682192273.39921
msg_begin
7.75669e+06
-363659
0.312368
0.00273781
0.00340749
0.00034141
0
0
0
1682192273.44874
msg_begin
7.75669e+06
-363659
0.304543
0.0664389
0.0337773
0.000755231
0
0
0
1682192273.49878
msg_begin
7.75669e+06
-363659
0.303764
0.0530025
0.0222291
0.00105879
0
0
0
1682192273.54890
msg_begin
7.75669e+06
-363659
0.300165
0.00584313
0.00151513
5.73609e-05
0
0
0
1682192273.59928
msg_begin
7.75669e+06
-363659
0.293953
8.84756e-08
1.57161e-09
1.44329e-15
0
0
0
1682192273.64888
msg_begin
7.75669e+06
-363659
0.289346
0.0091331
0.000590018
0.00115334
0
0
0
1682192273.69886
msg_begin
7.75669e+06
-363659
0.285443
0.0135101
0.00403278
0.00204878
0
0
0
1682192273.74895
msg_begin
7.75669e+06
-363659
0.285015
0.023305
0.00273396
0.00227241
0
0
0
1682192273.79896
msg_begin
7.75669e+06
-363658
0.279765
3.25963e-08
2.96859e-09
4.996e-16
0
0
0
1682192273.84902
msg_begin
7.75669e+06
-363658
0.276816
6.89179e-08
4.65661e-10
1.60982e-15
0
0
0
1682192273.89897
msg_begin
7.75669e+06
-363658
0.272332
0.000650889
0.000582347
1.4337e-05
0
0
0
1682192273.94895
msg_begin
7.75669e+06
-363658
0.270472
0.00889337
0.0117997
0.00230349
0
0
0
1682192273.99902
msg_begin
7.75669e+06
-363658
0.26964
0.0177651
0.00449522
0.000325357
0
0
0
1682192274.04893
msg_begin
7.75669e+06
-363658
0.265021
0.0058487
0.00523732
0.000742173
0
0
0
1682192274.09891
msg_begin
7.75669e+06
-363658
0.262182
0.00164514
0.0025456
0.000149432
0
0
0
1682192274.14878
msg_begin
7.7567e+06
-363658
0.26069
1.86265e-09
1.74623e-10
8.88178e-16
0
0
0
1682192274.19887
msg_begin
7.7567e+06
-363657
0.254175
0.0104937
0.0135171
0.000337707
0
0
0
1682192274.24875
msg_begin
7.7567e+06
-363657
0.247681
0.00841108
0.000279775
0.000106512
0
0
0
1682192274.29876
msg_begin
7.7567e+06
-363657
0.248686
0.00225137
6.66167e-05
3.59483e-05
0
0
0
1682192274.34877
msg_begin
7.7567e+06
-363657
0.242639
5.40167e-08
2.67755e-09
1.16573e-15
0
0
0
1682192274.39877
msg_begin
7.7567e+06
-363657
0.238095
0.00474745
0.00448304
0.000279656
0
0
0
1682192274.44882
msg_begin
7.7567e+06
-363657
0.236571
0.033819
0.00789554
0.000587717
0
0
0
1682192274.49885
msg_begin
7.7567e+06
-363657
0.234102
0.00955
0.0063653
0.00064595
0
0
0
1682192274.54890
msg_begin
7.7567e+06
-363657
0.22646
7.17118e-08
1.45519e-09
4.71845e-16
0
0
0
1682192274.59888
msg_begin
7.7567e+06
-363657
0.225526
0.0116206
0.0024381
0.000331096
0
0
0
1682192274.64891
msg_begin
7.7567e+06
-363656
0.217395
8.00937e-08
6.40284e-10
1.249e-15
0
0
0
1682192274.69889
msg_begin
7.7567e+06
-363656
0.216879
0.00715517
0.00176494
0.000148407
0
0
0
1682192274.74890
msg_begin
7.7567e+06
-363656
0.215808
0.025849
0.00748304
0.00123175
0
0
0
1682192274.79943
msg_begin
7.7567e+06
-363656
0.210898
0.0285375
0.0079276
0.00169058
0
0
0
1682192274.84882
msg_begin
7.7567e+06
-363656
0.20981
0.00209909
0.000790685
0.000238599
0
0
0
1682192274.89890
msg_begin
7.7567e+06
-363656
0.20274
4.65661e-09
8.73115e-10
4.44089e-16
0
0
0
1682192274.94899
msg_begin
7.7567e+06
-363656
0.196451
0.00440924
0.00193569
0.00122637
0
0
0
1682192274.99936
msg_begin
7.7567e+06
-363656
0.193625
0.00847177
0.0113689
0.000661947
0
0
0
1682192275.04878
msg_begin
7.7567e+06
-363656
0.190995
0.00293579
0.000124383
3.94893e-05
0
0
0
1682192275.09873
msg_begin
7.7567e+06
-363656
0.186513
0.00153593
0.00193783
0.000149726
0
0
0
1682192275.14871
msg_begin
7.7567e+06
-363655
0.178968
0.00263483
0.00141678
0.000268013
0
0
0
1682192275.19928
msg_begin
7.7567e+06
-363655
0.176427
0.0189041
0.00360089
0.000921295
0
0
0
1682192275.24869
msg_begin
7.7567e+06
-363655
0.171318
6.14673e-08
1.86265e-09
1.44329e-15
0
0
0
1682192275.29874
msg_begin
7.75671e+06
-363655
0.169749
0.0291498
0.0102009
0.00227882
0
0
0
1682192275.34880
msg_begin
7.75671e+06
-363655
0.162622
0.011583
0.00516507
0.000233602
0
0
0
1682192275.39939
msg_begin
7.75671e+06
-363655
0.158812
0.00258219
0.00289529
0.000594869
0
0
0
1682192275.44874
msg_begin
7.75671e+06
-363655
0.157214
1.11759e-08
9.31323e-10
1.66533e-16
0
0
0
1682192275.49885
msg_begin
7.75671e+06
-363655
0.154466
5.58794e-09
5.82077e-10
5.82867e-16
0
0
0
1682192275.54880
msg_begin
7.75671e+06
-363655
0.151545
0.00779749
0.00313999
0.00055592
0
0
0
1682192275.59948
msg_begin
7.75671e+06
-363655
0.15001
2.98023e-08
1.33878e-09
9.99201e-16
0
0
0
1682192275.64884
msg_begin
7.75671e+06
-363655
0.144421
7.54371e-08
8.14907e-10
9.15934e-16
0
0
0
1682192275.69895
msg_begin
7.75671e+06
-363655
0.14215
7.07805e-08
3.20142e-09
4.44089e-16
0
0
0
1682192275.74893
msg_begin
7.75671e+06
-363655
0.13793
0.00653387
0.000276418
0.000330065
0
0
0
1682192275.79896
msg_begin
7.75671e+06
-363655
0.133333
0.00844381
0.00478153
0.000760104
0
0
0
1682192275.84887
msg_begin
7.75671e+06
-363654
0.130388
0.0066654
0.00183581
0.000330927
0
0
0
1682192275.89891
msg_begin
7.75671e+06
-363654
0.128374
0.0253424
0.00259076
0.000771391
0
0
0
1682192275.94883
msg_begin
7.75671e+06
-363654
0.120181
0.0840439
0.00330454
0.00186072
0
0
0
1682192275.99878
msg_begin
7.75671e+06
-363654
0.110435
0.00715261
0.00161702
0.0007339
0
0
0
1682192276.04868
msg_begin
7.75671e+06
-363654
0.104548
0.00183256
0.00320092
8.94942e-05
0
0
0
1682192276.09862
msg_begin
7.75671e+06
-363654
0.10224
0.00240162
0.00590303
0.00016181
0
0
0
1682192276.14849
msg_begin
7.75671e+06
-363654
0.0969317
0.00577881
0.00146407
0.000353615
0
0
0
1682192276.19852
msg_begin
7.75671e+06
-363654
0.0909009
0.0242836
0.00273512
0.00137271
0
0
0
1682192276.24850
msg_begin
7.75671e+06
-363654
0.0829436
0.00454059
0.00415842
0.00034683
0
0
0
1682192276.29852
msg_begin
7.75671e+06
-363654
0.0835828
0.000876477
8.45252e-05
5.05818e-05
0
0
0
1682192276.34844
msg_begin
7.75671e+06
-363654
0.0813696
0.00225092
0.00172426
1.82867e-05
0
0
0
1682192276.39847
msg_begin
7.75671e+06
-363654
0.0725751
5.58794e-08
0
6.245e-16
0
0
0
1682192276.44857
msg_begin
7.75671e+06
-363654
0.0698418
6.51926e-09
1.57161e-09
4.16334e-17
0
0
0
1682192276.49858
msg_begin
7.75672e+06
-363654
0.0671752
2.79397e-09
2.91038e-09
3.747e-16
0
0
0
1682192276.54858
msg_begin
7.75672e+06
-363654
0.0632603
0.000182006
0.000451396
1.49672e-05
0
0
0
1682192276.59861
msg_begin
7.75672e+06
-363654
0.0595759
0.00222993
0.00076355
0.000305154
0
0
0
1682192276.64862
msg_begin
7.75672e+06
-363654
0.057889
1.11759e-08
1.28057e-09
4.92661e-16
0
0
0
1682192276.69867
msg_begin
7.75672e+06
-363654
0.0508103
0.00954141
0.00110749
0.00082541
0
0
0
1682192276.74869
msg_begin
7.75672e+06
-363654
0.0435206
0.00645924
0.00354033
0.000428069
0
0
0
1682192276.79927
msg_begin
7.75672e+06
-363654
0.0424347
9.31323e-10
5.23869e-10
1.80411e-16
0
0
0
1682192276.84878
msg_begin
7.75672e+06
-363654
0.0351229
0.00746551
0.00488956
0.002052
0
0
0
1682192276.89882
msg_begin
7.75672e+06
-363654
0.0346044
0.00141537
0.00162346
4.46317e-05
0
0
0
1682192276.94887
msg_begin
7.75672e+06
-363654
0.0327165
0.0213734
0.0036336
0.000251627
0
0
0
1682192276.99916
msg_begin
7.75672e+06
-363654
0.0250776
0.036734
0.00491725
0.000823703
0
0
0
1682192277.04906
msg_begin
7.75672e+06
-363654
0.0287037
0.0115921
3.37394e-05
0.000402304
0
0
0
1682192277.09914
msg_begin
7.75672e+06
-363654
0.0256787
0.00282914
0.00430347
0.000601249
0
0
0
1682192277.14927
msg_begin
7.75672e+06
-363654
0.0208458
0.00528069
4.72959e-05
8.45812e-06
0
0
0
1682192277.20003
msg_begin
7.75672e+06
-363653
0.0125502
1.86265e-08
4.65661e-10
2.60209e-17
0
0
0
1682192277.24942
msg_begin
7.75672e+06
-363653
0.00526049
8.00937e-08
4.65661e-10
8.67362e-18
0
0
0
1682192277.29941
msg_begin
7.75672e+06
-363653
0.00490689
0.000961202
0.001262
0.000257584
0
0
0
1682192277.34949
msg_begin
7.75672e+06
-363653
0.00186326
0.00103106
0.000817304
7.03093e-05
0
0
0
1682192277.40020
msg_begin
7.75672e+06
-363653
-0.00406062
0.0189817
0.00780382
0.0017525
0
0
0
1682192277.44953
msg_begin
7.75672e+06
-363653
-0.00325888
0.0112873
0.00549325
0.00162778
0
0
0
1682192277.49946
msg_begin
7.75672e+06
-363653
-0.00606756
0.0112473
0.00516728
0.00261341
0
0
0
1682192277.54936
msg_begin
7.75672e+06
-363653
-0.0107629
0.00102199
0.000421716
0.000327716
0
0
0
1682192277.60033
msg_begin
7.75672e+06
-363653
-0.0124378
0.00225362
0.000974279
0.000172673
0
0
0
1682192277.64915
msg_begin
7.75673e+06
-363653
-0.0155768
0.000144667
0.000615538
3.7235e-05
0
0
0
1682192277.69908
msg_begin
7.75673e+06
-363653
-0.0217843
8.00937e-08
1.16415e-10
1.97758e-16
0
0
0
1682192277.74905
msg_begin
7.75673e+06
-363653
-0.0231065
0.00206092
0.00178062
0.000196623
0
0
0
1682192277.79892
msg_begin
7.75673e+06
-363653
-0.0312488
0.0112976
0.0055328
0.00076028
0
0
0
1682192277.84881
msg_begin
7.75673e+06
-363653
-0.0332581
0.00440815
0.00408805
0.00075413
0
0
0
1682192277.89882
msg_begin
7.75673e+06
-363654
-0.0322436
0.035772
0.00458802
0.000183756
0
0
0
1682192277.94879
msg_begin
7.75673e+06
-363654
-0.0367296
0.0112458
0.00143222
0.000153101
0
0
0
1682192277.99875
msg_begin
7.75673e+06
-363654
-0.0411455
4.56348e-08
1.39698e-09
3.33067e-16
0
0
0
1682192278.04871
msg_begin
7.75673e+06
-363654
-0.0398205
2.11071e-06
8.29065e-08
3.25042e-08
0
0
0
1682192278.09868
msg_begin
7.75673e+06
-363654
-0.0459109
7.26432e-08
2.56114e-09
4.85723e-17
0
0
0
1682192278.14868
msg_begin
7.75673e+06
-363654
-0.0474212
0.01034
0.000497028
9.83748e-06
0
0
0
1682192278.19871
msg_begin
7.75673e+06
-363654
-0.0532639
0.00673006
0.00648004
0.000253207
0
0
0
1682192278.24873
msg_begin
7.75673e+06
-363654
-0.0567751
4.09782e-08
2.2701e-09
3.46945e-17
0
0
0
1682192278.29870
msg_begin
7.75673e+06
-363654
-0.0585298
0.00901305
0.00295555
0.000401657
0
0
0
1682192278.34873
msg_begin
7.75673e+06
-363654
-0.0595456
0.00791288
0.00599569
0.000831013
0
0
0
1682192278.39879
msg_begin
7.75673e+06
-363654
-0.0631995
0.00103389
0.000492265
7.31213e-05
0
0
0
1682192278.44883
msg_begin
7.75673e+06
-363654
-0.0703317
0.0169136
0.00420919
0.000859487
0
0
0
1682192278.49888
msg_begin
7.75673e+06
-363654
-0.0731777
0.00961328
0.00475615
0.000294829
0
0
0
1682192278.54892
msg_begin
7.75673e+06
-363654
-0.0802774
8.3819e-09
4.65661e-10
1.66533e-16
0
0
0
1682192278.59902
msg_begin
7.75673e+06
-363654
-0.0813408
0.0185977
0.000855058
0.000166758
0
0
0
1682192278.64906
msg_begin
7.75673e+06
-363654
-0.0829223
0.00775201
0.00379254
0.000628271
0
0
0
1682192278.71116
msg_begin
7.75673e+06
-363654
-0.0871946
0.0248044
0.00798159
0.00115872
0
0
0
1682192278.74918
msg_begin
7.75673e+06
-363654
-0.0924913
0.0111426
0.00187142
0.00143876
0
0
0
1682192278.79982
msg_begin
7.75673e+06
-363654
-0.0935782
0.0145411
0.00273101
0.000538474
0
0
0
1682192278.84917
msg_begin
7.75673e+06
-363654
-0.0953792
0.00854425
0.0019228
0.000336695
0
0
0
1682192278.89928
msg_begin
7.75674e+06
-363654
-0.0995398
0.0139694
0.00141547
0.000411015
0
0
0
1682192278.94924
msg_begin
7.75674e+06
-363654
-0.103343
0.00962798
0.0036701
0.000144416
0
0
0
1682192278.99988
msg_begin
7.75674e+06
-363654
-0.106513
0.0159734
0.0152579
0.000947515
0
0
0
1682192279.04922
msg_begin
7.75674e+06
-363654
-0.10951
0.00545542
0.00155772
0.000365373
0
0
0
1682192279.09915
msg_begin
7.75674e+06
-363654
-0.115013
0.00317858
0.00185398
0.000646002
0
0
0
1682192279.14908
msg_begin
7.75674e+06
-363654
-0.117309
0.038992
0.0101964
0.00108176
0
0
0
1682192279.19972
msg_begin
7.75674e+06
-363654
-0.123153
0.00326341
0.00131567
7.72769e-05
0
0
0
1682192279.24903
msg_begin
7.75674e+06
-363654
-0.125824
0.00302934
0.00104813
0.000341518
0
0
0
1682192279.29894
msg_begin
7.75674e+06
-363654
-0.127691
0.0153008
0.00218596
0.000565245
0
0
0
1682192279.34892
msg_begin
7.75674e+06
-363654
-0.12913
0.00816895
0.00297726
0.000164237
0
0
0
1682192279.39961
msg_begin
7.75674e+06
-363654
-0.13304
0.00157125
0.000272958
7.98429e-05
0
0
0
1682192279.44879
msg_begin
7.75674e+06
-363654
-0.134736
0.0182615
0.00386024
0.000445792
0
0
0
1682192279.49871
msg_begin
7.75674e+06
-363654
-0.135202
0.0106047
0.00398809
0.000373874
0
0
0
1682192279.54874
msg_begin
7.75674e+06
-363654
-0.135725
1.68879e-05
0.000294769
7.93349e-06
0
0
0
1682192279.59902
msg_begin
7.75674e+06
-363655
-0.136824
0.0352467
0.00640667
0.000889697
0
0
0
1682192279.64862
msg_begin
7.75674e+06
-363655
-0.140347
0.0041059
0.0016067
5.83567e-05
0
0
0
1682192279.69864
msg_begin
7.75674e+06
-363655
-0.143509
0.00337182
0.000392842
9.21798e-05
0
0
0
1682192279.74866
msg_begin
7.75674e+06
-363655
-0.146708
5.4948e-08
2.91038e-10
1.22125e-15
0
0
0
1682192279.79869
msg_begin
7.75674e+06
-363655
-0.148293
0.013824
0.00303933
0.000593193
0
0
0
1682192279.84875
msg_begin
7.75674e+06
-363655
-0.147913
0.0062213
0.00686323
0.00133162
0
0
0
1682192279.89884
msg_begin
7.75674e+06
-363655
-0.148824
0.00967329
0.0021224
0.000233945
0
0
0
1682192279.94889
msg_begin
7.75674e+06
-363655
-0.150838
0.019175
0.0013515
0.000307436
0
0
0
1682192279.99897
msg_begin
7.75674e+06
-363655
-0.148768
0.000711718
0.00104353
0.000102487
0
0
0
1682192280.04896
msg_begin
7.75674e+06
-363655
-0.151254
0.0208637
0.00138578
0.000239698
0
0
0
1682192280.09899
msg_begin
7.75675e+06
-363655
-0.150675
0.00337743
0.0015661
0.000188451
0
0
0
1682192280.14903
msg_begin
7.75675e+06
-363655
-0.147609
0.0259808
0.00795185
0.000921532
0
0
0
1682192280.19900
msg_begin
7.75675e+06
-363655
-0.149028
0.0353389
0.00386949
0.000879514
0
0
0
1682192280.24902
msg_begin
7.75675e+06
-363655
-0.14971
0.00545506
0.0020679
0.000315356
0
0
0
1682192280.29896
msg_begin
7.75675e+06
-363655
-0.152811
4.65661e-09
1.74623e-10
2.498e-16
0
0
0
1682192280.34893
msg_begin
7.75675e+06
-363655
-0.152896
0.0247964
0.0126921
0.00138843
0
0
0
1682192280.39879
msg_begin
7.75675e+06
-363655
-0.150869
6.89179e-08
3.14321e-09
1.83187e-15
0
0
0
1682192280.44874
msg_begin
7.75675e+06
-363655
-0.151809
0.0263446
0.00304234
0.000565762
0
0
0
1682192280.49863
msg_begin
7.75675e+06
-363656
-0.151733
0.0176185
0.0037274
0.000495238
0
0
0
1682192280.54855
msg_begin
7.75675e+06
-363656
-0.150928
0.0161062
0.00644013
0.000142132
0
0
0
1682192280.59851
msg_begin
7.75675e+06
-363656
-0.149114
0.00878308
0.00564933
0.000312064
0
0
0
1682192280.64843
msg_begin
7.75675e+06
-363656
-0.147838
0.00210099
0.00013077
0.000197748
0
0
0
1682192280.69839
msg_begin
7.75675e+06
-363656
-0.149572
0.0139565
0.00362809
0.000543282
0
0
0
1682192280.74834
msg_begin
7.75675e+06
-363656
-0.151847
0.0071653
0.0082798
0.000329568
0
0
0
1682192280.79880
msg_begin
7.75675e+06
-363656
-0.148676
0.0104363
0.011425
0.000702372
0
0
0
1682192280.84817
msg_begin
7.75675e+06
-363656
-0.148165
6.61239e-08
4.65661e-10
1.11022e-16
0
0
0
1682192280.89825
msg_begin
7.75675e+06
-363656
-0.147683
0.00279361
0.00749985
0.000761882
0
0
0
1682192280.94833
msg_begin
7.75675e+06
-363656
-0.146585
0.00173412
0.000803061
0.000291986
0
0
0
1682192280.99860
msg_begin
7.75675e+06
-363656
-0.144613
5.21541e-08
3.49246e-10
4.16334e-16
0
0
0
1682192281.04817
msg_begin
7.75675e+06
-363656
-0.145751
0.0191997
0.00574541
0.000328453
0
0
0
1682192281.09822
msg_begin
7.75675e+06
-363656
-0.145476
0.00326572
0.00853608
0.00073996
0
0
0
1682192281.14825
msg_begin
7.75675e+06
-363656
-0.145962
0.0226641
0.00290736
0.000189276
0
0
0
1682192281.19845
msg_begin
7.75675e+06
-363656
-0.145229
0.00333132
0.000147347
4.9837e-06
0
0
0
1682192281.24828
msg_begin
7.75676e+06
-363656
-0.146042
0.052672
0.00211103
0.00100302
0
0
0
1682192281.29831
msg_begin
7.75676e+06
-363656
-0.146273
0.0780253
0.00829274
0.00131944
0
0
0
1682192281.34835
msg_begin
7.75676e+06
-363657
-0.147234
0.00129123
0.000318437
0.000134082
0
0
0
1682192281.39897
msg_begin
7.75676e+06
-363657
-0.150146
0.00372415
0.00113276
0.000206941
0
0
0
1682192281.44845
msg_begin
7.75676e+06
-363657
-0.150614
0.0358256
0.0053598
0.00181382
0
0
0
1682192281.49847
msg_begin
7.75676e+06
-363657
-0.147537
0.00763556
0.00162178
0.000608904
0
0
0
1682192281.54852
msg_begin
7.75676e+06
-363657
-0.1451
0.0241823
0.006833
0.000943612
0
0
0
1682192281.59877
msg_begin
7.75676e+06
-363657
-0.143932
0.0147167
0.0156244
0.00230302
0
0
0
1682192281.64853
msg_begin
7.75676e+06
-363657
-0.143334
0.00180826
0.00288436
8.95188e-05
0
0
0
1682192281.69852
msg_begin
7.75676e+06
-363657
-0.14542
0.00260657
0.000776868
1.7994e-05
0
0
0
1682192281.74850
msg_begin
7.75676e+06
-363657
-0.142853
0.0129923
0.00193586
0.000788728
0
0
0
1682192281.79851
msg_begin
7.75676e+06
-363657
-0.142852
0.00737007
9.79227e-05
3.60485e-05
0
0
0
1682192281.84844
msg_begin
7.75676e+06
-363657
-0.143841
0.0109678
0.00451223
0.000280618
0
0
0
1682192281.89846
msg_begin
7.75676e+06
-363657
-0.145856
0.00549088
0.00189048
0.00020805
0
0
0
1682192281.94845
msg_begin
7.75676e+06
-363657
-0.147244
0.00042677
0.000263226
4.28967e-05
0
0
0
1682192281.99833
msg_begin
7.75676e+06
-363657
-0.148342
0.0135328
0.00581207
0.000573829
0
0
0
1682192282.04830
msg_begin
7.75676e+06
-363657
-0.146633
0.00699304
0.00504066
0.000903933
0
0
0
1682192282.09823
msg_begin
7.75676e+06
-363657
-0.143455
0.00117786
0.00159902
0.000103571
0
0
0
1682192282.14826
msg_begin
7.75676e+06
-363657
-0.143979
0.00603426
0.00669572
0.000439699
0
0
0
1682192282.19821
msg_begin
7.75676e+06
-363658
-0.142591
0.0136438
0.00516518
0.000442818
0
0
0
1682192282.24823
msg_begin
7.75676e+06
-363658
-0.14352
0.0227735
0.00897393
0.00111976
0
0
0
1682192282.29821
msg_begin
7.75676e+06
-363658
-0.143347
0.0421558
0.00583732
0.000627115
0
0
0
1682192282.34822
msg_begin
7.75676e+06
-363658
-0.141379
0.0102213
0.00132079
0.00010675
0
0
0
1682192282.39823
msg_begin
7.75677e+06
-363658
-0.142449
0.000736341
0.000130428
4.83285e-05
0
0
0
1682192282.44824
msg_begin
7.75677e+06
-363658
-0.143388
8.10251e-08
1.68802e-09
1.38778e-15
0
0
0
1682192282.49831
msg_begin
7.75677e+06
-363658
-0.142576
0.00255668
0.00266841
0.000194498
0
0
0
1682192282.54829
msg_begin
7.75677e+06
-363658
-0.143213
4.02728e-05
0.000747355
7.53526e-05
0
0
0
1682192282.59830
msg_begin
7.75677e+06
-363658
-0.140993
0.00960421
0.00602278
0.00132766
0
0
0
1682192282.64832
msg_begin
7.75677e+06
-363658
-0.139632
0.0332492
0.0118442
0.00195852
0
0
0
1682192282.69825
msg_begin
7.75677e+06
-363658
-0.141358
1.49012e-08
2.91038e-10
1.02696e-15
0
0
0
1682192282.74820
msg_begin
7.75677e+06
-363658
-0.138787
0.0190503
0.00611232
0.00141069
0
0
0
1682192282.79881
msg_begin
7.75677e+06
-363658
-0.138083
0.0140874
0.00291518
0.00264905
0
0
0
1682192282.84804
msg_begin
7.75677e+06
-363658
-0.141411
0.0128314
0.004491
0.000381375
0
0
0
1682192282.89794
msg_begin
7.75677e+06
-363658
-0.139476
0.0219697
0.00491332
0.00102654
0
0
0
1682192282.94802
msg_begin
7.75677e+06
-363658
-0.140794
0.00232177
0.000517359
0.000121916
0
0
0
1682192282.99809
msg_begin
7.75677e+06
-363658
-0.137156
5.40167e-08
7.567e-10
5.55112e-17
0
0
0
1682192283.04780
msg_begin
7.75677e+06
-363659
-0.138316
3.1665e-08
2.91038e-10
1.88738e-15
0
0
0
1682192283.09780
msg_begin
7.75677e+06
-363659
-0.135397
0.00816371
0.000224755
0.00120929
0
0
0
1682192283.14779
msg_begin
7.75677e+06
-363659
-0.137002
0.00296517
0.00347126
2.62983e-05
0
0
0
1682192283.19814
msg_begin
7.75677e+06
-363659
-0.134472
0.00277566
0.00103288
0.000256574
0
0
0
1682192283.24782
msg_begin
7.75677e+06
-363659
-0.133983
0.00076391
0.00564194
4.61409e-05
0
0
0
1682192283.29788
msg_begin
7.75677e+06
-363659
-0.133016
0.00194183
7.14779e-05
0.000158678
0
0
0
1682192283.34807
msg_begin
7.75677e+06
-363659
-0.13265
0.00607434
0.000568142
0.000127838
0
0
0
1682192283.39836
msg_begin
7.75677e+06
-363659
-0.132589
0.00149362
0.00289115
0.000995275
0
0
0
1682192283.44816
msg_begin
7.75677e+06
-363659
-0.133728
0.00850008
0.00161904
0.000150143
0
0
0
1682192283.49827
msg_begin
7.75678e+06
-363659
-0.132351
9.31323e-10
2.67755e-09
2.498e-16
0
0
0
1682192283.54830
msg_begin
7.75678e+06
-363659
-0.129981
0.00546669
0.00244896
0.00033211
0
0
0
1682192283.59872
msg_begin
7.75678e+06
-363659
-0.131317
0.00166682
2.04056e-05
5.33893e-06
0
0
0
1682192283.64839
msg_begin
7.75678e+06
-363659
-0.132694
0.000993265
0.000963373
0.000118451
0
0
0
1682192283.69836
msg_begin
7.75678e+06
-363659
-0.130812
0.0440274
0.0149126
0.000965563
0
0
0
1682192283.74827
msg_begin
7.75678e+06
-363659
-0.131364
0.00365546
0.00649378
0.00035491
0
0
0
1682192283.79822
msg_begin
7.75678e+06
-363659
-0.134317
0.00585108
0.00336103
0.00122338
0
0
0
1682192283.84815
msg_begin
7.75678e+06
-363659
-0.134774
6.42613e-08
3.20142e-09
1.38778e-16
0
0
0
1682192283.89823
msg_begin
7.75678e+06
-363659
-0.130993
9.31323e-08
1.74623e-10
0
0
0
0
1682192283.94809
msg_begin
7.75678e+06
-363660
-0.12977
6.79865e-08
2.73576e-09
9.71445e-16
0
0
0
1682192283.99823
msg_begin
7.75678e+06
-363660
-0.13073
0.00798953
0.000321543
0.000179054
0
0
0
1682192284.04814
msg_begin
7.75678e+06
-363660
-0.129428
2.51457e-08
1.16415e-09
4.71845e-16
0
0
0
1682192284.09817
msg_begin
7.75678e+06
-363660
-0.13206
0.0198796
0.00410608
0.000226246
0
0
0
1682192284.14819
msg_begin
7.75678e+06
-363660
-0.133638
7.45058e-09
2.15368e-09
3.88578e-16
0
0
0
1682192284.19823
msg_begin
7.75678e+06
-363660
-0.135077
0.0337213
0.00168407
0.000615228
0
0
0
1682192284.24819
msg_begin
7.75678e+06
-363660
-0.136975
0.0298367
0.00138041
0.000538517
0
0
0
1682192284.29827
msg_begin
7.75678e+06
-363660
-0.138318
1.95578e-08
1.39698e-09
5.82867e-16
0
0
0
1682192284.34831
msg_begin
7.75678e+06
-363660
-0.136627
0.00953096
0.0042035
0.000341096
0
0
0
1682192284.39833
msg_begin
7.75678e+06
-363660
-0.137008
0.0576701
0.00967008
0.00139097
0
0
0
1682192284.44829
msg_begin
7.75678e+06
-363660
-0.137167
0.0203015
0.00369653
0.000285771
0
0
0
1682192284.49830
msg_begin
7.75678e+06
-363660
-0.136536
0.0118039
0.010968
0.000420951
0
0
0
1682192284.54822
msg_begin
7.75679e+06
-363660
-0.139865
0.000991416
0.000941054
1.27631e-05
0
0
0
1682192284.59820
msg_begin
7.75679e+06
-363660
-0.138525
0.00337322
0.00497038
0.000344254
0
0
0
1682192284.64816
msg_begin
7.75679e+06
-363660
-0.136882
0.00420939
0.00931093
0.000413615
0
0
0
1682192284.69813
msg_begin
7.75679e+06
-363660
-0.138834
2.51457e-08
5.82077e-11
9.4369e-16
0
0
0
1682192284.74809
msg_begin
7.75679e+06
-363660
-0.13752
2.04891e-08
1.62981e-09
1.11022e-15
0
0
0
1682192284.79861
msg_begin
7.75679e+06
-363660
-0.13674
0.00302558
0.000781933
0.000106373
0
0
0
1682192284.84815
msg_begin
7.75679e+06
-363661
-0.136829
1.58325e-08
1.10595e-09
3.33067e-16
0
0
0
1682192284.89823
msg_begin
7.75679e+06
-363661
-0.1368
8.3819e-09
1.39698e-09
1.38778e-16
0
0
0
1682192284.94817
msg_begin
7.75679e+06
-363661
-0.13504
0.0351075
0.00365138
0.000200581
0
0
0
1682192284.99859
msg_begin
7.75679e+06
-363661
-0.136061
7.91624e-08
3.72529e-09
1.94289e-16
0
0
0
1682192285.04829
msg_begin
7.75679e+06
-363661
-0.138055
0.0356864
0.00792253
0.00135947
0
0
0
1682192285.09831
msg_begin
7.75679e+06
-363661
-0.14087
0.00243799
0.000183776
0.000106682
0
0
0
1682192285.14841
msg_begin
7.75679e+06
-363661
-0.139517
0.00446987
0.00539844
0.000179409
0
0
0
1682192285.19872
msg_begin
7.75679e+06
-363661
-0.141465
0.00549676
0.0080833
0.000776306
0
0
0
1682192285.24830
msg_begin
7.75679e+06
-363661
-0.142467
0.0218765
0.0127048
0.000621303
0
0
0
1682192285.29831
msg_begin
7.75679e+06
-363661
-0.145386
0.000350729
0.000102572
0.000190534
0
0
0
1682192285.34833
msg_begin
7.75679e+06
-363661
-0.143233
1.86265e-08
2.61934e-09
2.498e-16
0
0
0
1682192285.39868
msg_begin
7.75679e+06
-363661
-0.146379
0.00660615
0.00434393
0.001051
0
0
0
1682192285.44835
msg_begin
7.75679e+06
-363661
-0.149034
0.00192312
0.00127866
0.000106485
0
0
0
1682192285.49842
msg_begin
7.75679e+06
-363661
-0.151877
0.0036956
0.00116602
0.000863595
0
0
0
1682192285.54857
msg_begin
7.75679e+06
-363661
-0.148301
0.00796349
0.00306541
0.000161015
0
0
0
1682192285.59881
msg_begin
7.75679e+06
-363661
-0.149936
2.70084e-08
7.567e-10
1.66533e-16
0
0
0
1682192285.64854
msg_begin
7.75679e+06
-363661
-0.150631
0.0690411
0.00469044
0.000630407
0
0
0
1682192285.69856
msg_begin
7.75679e+06
-363662
-0.147231
0.00308556
0.00131954
0.000208658
0
0
0
1682192285.74861
msg_begin
7.7568e+06
-363662
-0.14649
0.0525344
0.00393946
0.000501751
0
0
0
1682192285.79870
msg_begin
7.7568e+06
-363662
-0.148569
0.00352362
0.00343997
0.000478523
0
0
0
1682192285.84878
msg_begin
7.7568e+06
-363662
-0.150611
0.0124536
0.0025633
0.000247588
0
0
0
1682192285.89880
msg_begin
7.7568e+06
-363662
-0.149516
0.00101574
0.000535526
4.95244e-05
0
0
0
1682192285.94889
msg_begin
7.7568e+06
-363662
-0.143599
4.65661e-09
0
9.15934e-16
0
0
0
1682192285.99882
msg_begin
7.7568e+06
-363662
-0.143135
0.0140867
0.0136472
0.00138394
0
0
0
1682192286.04884
msg_begin
7.7568e+06
-363662
-0.142376
0.0067927
0.00411648
0.000566462
0
0
0
1682192286.09888
msg_begin
7.7568e+06
-363662
-0.143306
0.00510182
2.60441e-05
0.000687557
0
0
0
1682192286.14882
msg_begin
7.7568e+06
-363662
-0.14422
0.030071
0.0113283
0.000545442
0
0
0
1682192286.19886
msg_begin
7.7568e+06
-363662
-0.141993
0.0408412
0.0114852
0.000711991
0
0
0
1682192286.24879
msg_begin
7.7568e+06
-363662
-0.137659
0.000756279
4.81501e-05
3.93229e-05
0
0
0
1682192286.29867
msg_begin
7.7568e+06
-363662
-0.13727
0.00227562
0.00269568
0.000435178
0
0
0
1682192286.34876
msg_begin
7.7568e+06
-363662
-0.137077
8.3819e-09
4.65661e-10
1.4988e-15
0
0
0
1682192286.39865
msg_begin
7.7568e+06
-363662
-0.134297
0.050619
0.000179499
0.000248255
0
0
0
1682192286.44860
msg_begin
7.7568e+06
-363662
-0.131713
0.01905
0.00414469
0.00149095
0
0
0
1682192286.49855
msg_begin
7.7568e+06
-363662
-0.129137
0.0457144
0.00137217
0.000978628
0
0
0
1682192286.54839
msg_begin
7.7568e+06
-363663
-0.125765
0.0245981
0.00354767
0.000478865
0
0
0
1682192286.59838
msg_begin
7.7568e+06
-363663
-0.122837
5.21541e-08
2.61934e-09
5.27356e-16
0
0
0
1682192286.64832
msg_begin
7.7568e+06
-363663
-0.121965
7.45058e-09
4.65661e-10
5.13478e-16
0
0
0
1682192286.69820
msg_begin
7.7568e+06
-363663
-0.121763
0.000136763
0.000276427
1.23904e-05
0
0
0
1682192286.74820
msg_begin
7.7568e+06
-363663
-0.123176
0.0104112
0.000437643
0.000195973
0
0
0
1682192286.79856
msg_begin
7.7568e+06
-363663
-0.121996
0.00821228
0.00290697
0.000529031
0
0
0
1682192286.84810
msg_begin
7.7568e+06
-363663
-0.121957
0.00315482
0.00162579
4.96093e-05
0
0
0
1682192286.89812
msg_begin
7.75681e+06
-363663
-0.123028
0.0202098
0.00433108
0.000431101
0
0
0
1682192286.97056
msg_begin
7.75681e+06
-363663
-0.124034
0.00618221
0.00165597
0.000421925
0
0
0
1682192286.99813
msg_begin
7.75681e+06
-363663
-0.124948
6.79865e-08
2.56114e-09
1.6237e-15
0
0
0
1682192287.04813
msg_begin
7.75681e+06
-363663
-0.121225
6.33299e-08
3.43425e-09
8.32667e-16
0
0
0
1682192287.09810
msg_begin
7.75681e+06
-363663
-0.11797
5.40167e-08
3.66708e-09
7.35523e-16
0
0
0
1682192287.14817
msg_begin
7.75681e+06
-363663
-0.116531
0.0112879
0.00445872
0.000418219
0
0
0
1682192287.19856
msg_begin
7.75681e+06
-363663
-0.117963
0.00223292
0.000349182
8.62568e-05
0
0
0
1682192287.24823
msg_begin
7.75681e+06
-363663
-0.116188
0.0174871
0.00132798
0.000253547
0
0
0
1682192287.29828
msg_begin
7.75681e+06
-363663
-0.118768
0.0150906
0.00206394
0.000200399
0
0
0
1682192287.34829
msg_begin
7.75681e+06
-363663
-0.11572
0.00442194
0.00978435
0.000144978
0
0
0
1682192287.39843
msg_begin
7.75681e+06
-363663
-0.118743
0.0142374
0.00528679
0.000789809
0
0
0
1682192287.44840
msg_begin
7.75681e+06
-363663
-0.1172
0.0138926
0.0025423
0.00132477
0
0
0
1682192287.49847
msg_begin
7.75681e+06
-363663
-0.115942
0.0287499
0.0041909
0.00169315
0
0
0
1682192287.54851
msg_begin
7.75681e+06
-363663
-0.113816
0.0023571
0.00376978
0.000214839
0
0
0
1682192287.59902
msg_begin
7.75681e+06
-363663
-0.115072
0.00190446
0.00523326
0.000280776
0
0
0
1682192287.64859
msg_begin
7.75681e+06
-363664
-0.118413
9.31323e-09
2.85218e-09
3.05311e-16
0
0
0
1682192287.69863
msg_begin
7.75681e+06
-363664
-0.117947
2.6077e-08
3.66708e-09
2.498e-16
0
0
0
1682192287.74867
msg_begin
7.75681e+06
-363664
-0.120295
0.00066766
0.000327231
0.000162287
0
0
0
1682192287.79870
msg_begin
7.75681e+06
-363664
-0.124213
1.11759e-08
1.10595e-09
2.08167e-16
0
0
0
1682192287.84876
msg_begin
7.75681e+06
-363664
-0.123427
0.0297291
0.00270939
0.000860676
0
0
0
1682192287.89877
msg_begin
7.75681e+06
-363664
-0.125203
0.0328642
0.00325241
0.00106537
0
0
0
1682192287.94876
msg_begin
7.75681e+06
-363664
-0.12736
0.011387
0.00851652
0.00167253
0
0
0
1682192287.99867
msg_begin
7.75681e+06
-363664
-0.125303
0.00243805
0.00281675
0.000183177
0
0
0
1682192288.04868
msg_begin
7.75681e+06
-363664
-0.126231
7.64808e-05
2.73906e-05
0.000180333
0
0
0
1682192288.09861
msg_begin
7.75682e+06
-363664
-0.126337
0.00627474
0.00127791
0.000746006
0
0
0
1682192288.14859
msg_begin
7.75682e+06
-363664
-0.127831
0.00740436
0.00858819
0.000163075
0
0
0
1682192288.19853
msg_begin
7.75682e+06
-363664
-0.127311
0.0191698
0.00435175
0.000410421
0
0
0
1682192288.24842
msg_begin
7.75682e+06
-363664
-0.127122
0.00754985
0.00300999
0.000184795
0
0
0
1682192288.29838
msg_begin
7.75682e+06
-363664
-0.12744
0.0138148
0.00136272
0.000290039
0
0
0
1682192288.34826
msg_begin
7.75682e+06
-363664
-0.126291
5.7742e-08
1.92085e-09
1.16573e-15
0
0
0
1682192288.39820
msg_begin
7.75682e+06
-363664
-0.125106
6.98492e-08
2.91038e-10
1.36002e-15
0
0
0
1682192288.44806
msg_begin
7.75682e+06
-363664
-0.12523
0.000828155
0.0149522
0.000958806
0
0
0
1682192288.49793
msg_begin
7.75682e+06
-363664
-0.128476
0.000483049
0.000410198
2.92208e-05
0
0
0
1682192288.54796
msg_begin
7.75682e+06
-363664
-0.128917
0.000645594
0.000281275
4.06455e-05
0
0
0
1682192288.59794
msg_begin
7.75682e+06
-363664
-0.130116
0.00398672
0.00293793
0.00021595
0
0
0
1682192288.64788
msg_begin
7.75682e+06
-363664
-0.130513
0.00644209
0.00326861
0.000376815
0
0
0
1682192288.69781
msg_begin
7.75682e+06
-363665
-0.131879
0.0043855
0.00362373
0.000268428
0
0
0
1682192288.74782
msg_begin
7.75682e+06
-363665
-0.135758
0.0065123
0.00202919
9.5106e-05
0
0
0
1682192288.79821
msg_begin
7.75682e+06
-363665
-0.136369
0.0111985
0.00348085
0.00119724
0
0
0
1682192288.84781
msg_begin
7.75682e+06
-363665
-0.138084
0.00168175
0.000334273
6.79395e-05
0
0
0
1682192288.89779
msg_begin
7.75682e+06
-363665
-0.135787
0.0100601
0.0015028
6.05082e-05
0
0
0
1682192288.94789
msg_begin
7.75682e+06
-363665
-0.136055
0.0084885
0.00480231
0.000682571
0
0
0
1682192288.99793
msg_begin
7.75682e+06
-363665
-0.136904
0.000881806
0.000594117
3.84881e-05
0
0
0
1682192289.04798
msg_begin
7.75682e+06
-363665
-0.138301
5.21541e-08
9.8953e-10
5.55112e-16
0
0
0
1682192289.09804
msg_begin
7.75682e+06
-363665
-0.138993
0.0108118
0.000537029
0.00049068
0
0
0
1682192289.14810
msg_begin
7.75682e+06
-363665
-0.136843
0.000944924
0.000760802
0.00025232
0
0
0
1682192289.19859
msg_begin
7.75682e+06
-363665
-0.136268
0.0128163
0.00245305
0.000373735
0
0
0
1682192289.24828
msg_begin
7.75682e+06
-363665
-0.135024
0.0143616
0.00438344
0.000266993
0
0
0
1682192289.29832
msg_begin
7.75682e+06
-363665
-0.135586
0.00799617
0.00128506
0.000654467
0
0
0
1682192289.34852
msg_begin
7.75683e+06
-363665
-0.133734
0.00173601
0.00115487
3.97273e-05
0
0
0
1682192289.39877
msg_begin
7.75683e+06
-363665
-0.130906
0.0164653
0.0112856
0.00212725
0
0
0
1682192289.44869
msg_begin
7.75683e+06
-363665
-0.133525
0.0290249
0.00419797
0.000882799
0
0
0
1682192289.49870
msg_begin
7.75683e+06
-363665
-0.136725
0.00611028
0.00764426
0.000943807
0
0
0
1682192289.54878
msg_begin
7.75683e+06
-363665
-0.134893
0.011625
0.00634205
0.000827282
0
0
0
1682192289.59967
msg_begin
7.75683e+06
-363665
-0.136467
0.000349283
0.00033384
5.23882e-05
0
0
0
1682192289.64882
msg_begin
7.75683e+06
-363665
-0.137101
0.0172314
0.00378553
0.000276561
0
0
0
1682192289.69896
msg_begin
7.75683e+06
-363665
-0.13643
0.000999674
0.000932054
0.000133832
0
0
0
1682192289.74882
msg_begin
7.75683e+06
-363666
-0.133729
0.00324788
0.000524041
0.000334077
0
0
0
1682192289.79886
msg_begin
7.75683e+06
-363666
-0.135751
0.00363133
0.00193608
0.000153143
0
0
0
1682192289.84879
msg_begin
7.75683e+06
-363666
-0.134847
0.00373351
0.0073704
0.00084004
0
0
0
1682192289.89874
msg_begin
7.75683e+06
-363666
-0.136387
0.0320051
0.0105375
0.00115541
0
0
0
1682192289.94865
msg_begin
7.75683e+06
-363666
-0.132333
0.0149328
0.00134763
0.000908891
0
0
0
1682192289.99857
msg_begin
7.75683e+06
-363666
-0.133971
4.93601e-08
1.5134e-09
1.08247e-15
0
0
0
1682192290.04849
msg_begin
7.75683e+06
-363666
-0.136541
0.0230368
0.00149482
0.000318057
0
0
0
1682192290.09851
msg_begin
7.75683e+06
-363666
-0.136489
0.00179782
0.000558327
7.64508e-05
0
0
0
1682192290.14840
msg_begin
7.75683e+06
-363666
-0.13393
0.011805
0.00245588
0.000367083
0
0
0
1682192290.19843
msg_begin
7.75683e+06
-363666
-0.129884
0.00818588
0.00286007
0.000745851
0
0
0
1682192290.24848
msg_begin
7.75683e+06
-363666
-0.127004
0.000471703
8.18084e-05
1.62849e-05
0
0
0
1682192290.29853
msg_begin
7.75683e+06
-363666
-0.127904
0.0203908
0.00502781
0.000234999
0
0
0
1682192290.34856
msg_begin
7.75683e+06
-363666
-0.129169
0.0242791
0.00819437
0.00187495
0
0
0
1682192290.39868
msg_begin
7.75683e+06
-363666
-0.127409
0.00302657
0.00644375
0.000105653
0
0
0
1682192290.44869
msg_begin
7.75683e+06
-363666
-0.126717
0.00894549
0.00023818
6.3425e-05
0
0
0
1682192290.49878
msg_begin
7.75683e+06
-363666
-0.127627
0.0221759
0.00877301
0.00118766
0
0
0
1682192290.54875
msg_begin
7.75683e+06
-363666
-0.130074
0.0435121
0.0101617
0.00103188
0
0
0
1682192290.59878
msg_begin
7.75683e+06
-363666
-0.131121
0.000566685
0.000376379
4.53187e-05
0
0
0
1682192290.64878
msg_begin
7.75684e+06
-363666
-0.129631
0.0241942
0.00715388
0.00122077
0
0
0
1682192290.69875
msg_begin
7.75684e+06
-363666
-0.127498
0.0129376
0.0133158
0.00131951
0
0
0
1682192290.74874
msg_begin
7.75684e+06
-363666
-0.125792
0.000170959
0.00174141
0.000466751
0
0
0
1682192290.79960
msg_begin
7.75684e+06
-363667
-0.125429
0.0239672
0.011778
0.00061686
0
0
0
1682192290.84862
msg_begin
7.75684e+06
-363667
-0.121053
0.0063258
0.000732188
0.00174727
0
0
0
1682192290.89860
msg_begin
7.75684e+06
-363667
-0.125377
0.00315634
8.43971e-05
1.92537e-05
0
0
0
1682192290.94849
msg_begin
7.75684e+06
-363667
-0.123628
0.0185071
0.0126877
0.00154513
0
0
0
1682192290.99847
msg_begin
7.75684e+06
-363667
-0.125281
0.00240256
0.00171519
0.000212701
0
0
0
1682192291.04839
msg_begin
7.75684e+06
-363667
-0.126944
7.07805e-08
1.86265e-09
5.55112e-16
0
0
0
1682192291.09837
msg_begin
7.75684e+06
-363667
-0.126417
0.00700353
0.00231324
0.000262406
0
0
0
1682192291.14831
msg_begin
7.75684e+06
-363667
-0.125583
0.0217068
0.00982131
0.00078689
0
0
0
1682192291.19894
msg_begin
7.75684e+06
-363667
-0.123078
0.0214485
0.00998493
0.000396837
0
0
0
1682192291.24834
msg_begin
7.75684e+06
-363667
-0.122207
0.0238728
0.002907
0.000260976
0
0
0
1682192291.29835
msg_begin
7.75684e+06
-363667
-0.123781
0.0169195
0.00397185
0.000423641
0
0
0
1682192291.34833
msg_begin
7.75684e+06
-363667
-0.12377
0.00680949
0.00430652
0.000396294
0
0
0
1682192291.39833
msg_begin
7.75684e+06
-363667
-0.124636
0.054572
0.00843091
0.00137871
0
0
0
1682192291.44838
msg_begin
7.75684e+06
-363667
-0.122413
0.00539271
0.00324444
0.000385104
0
0
0
1682192291.49844
msg_begin
7.75684e+06
-363667
-0.123488
0.00615533
0.00283281
0.000824007
0
0
0
1682192291.54843
msg_begin
7.75684e+06
-363667
-0.121597
0.0145231
0.00108905
0.000531201
0
0
0
1682192291.59922
msg_begin
7.75684e+06
-363667
-0.119223
0.0045068
0.00555427
0.00117612
0
0
0
1682192291.64863
msg_begin
7.75684e+06
-363667
-0.117199
0.0214478
0.00591709
0.000786296
0
0
0
1682192291.69861
msg_begin
7.75684e+06
-363667
-0.118863
0.00713508
0.00285588
0.000282048
0
0
0
1682192291.74866
msg_begin
7.75684e+06
-363667
-0.117879
0.0258286
0.00798098
0.000908427
0
0
0
1682192291.79871
msg_begin
7.75684e+06
-363667
-0.121054
0.0120144
0.00439547
0.000939694
0
0
0
1682192291.84877
msg_begin
7.75684e+06
-363667
-0.119997
0.00338826
0.00096822
4.43944e-05
0
0
0
1682192291.89878
msg_begin
7.75685e+06
-363667
-0.118721
0.0143693
0.00412683
0.000696341
0
0
0
1682192291.94878
msg_begin
7.75685e+06
-363668
-0.120789
0.000146367
0.000441371
1.38324e-05
0
0
0
1682192291.99881
msg_begin
7.75685e+06
-363668
-0.122148
0.00221965
0.00266535
0.000242454
0
0
0
1682192292.04884
msg_begin
7.75685e+06
-363668
-0.12085
0.00848742
0.00311117
0.000441207
0
0
0
1682192292.09894
msg_begin
7.75685e+06
-363668
-0.124427
0.0034968
0.00970425
0.000481379
0
0
0
1682192292.14888
msg_begin
7.75685e+06
-363668
-0.120842
0.000880642
2.24523e-05
2.33898e-05
0
0
0
1682192292.24882
msg_begin
7.75685e+06
-363668
-0.122457
3.1665e-08
1.10595e-09
9.71445e-17
0
0
0
1682192292.29877
msg_begin
7.75685e+06
-363668
-0.122229
0.0119911
0.00382349
0.0004272
0
0
0
1682192292.34873
msg_begin
7.75685e+06
-363668
-0.122158
0.0109969
0.00620348
0.000699036
0
0
0
1682192292.39867
msg_begin
7.75685e+06
-363668
-0.12024
0.0153434
0.00495604
0.000472796
0
0
0
1682192292.44859
msg_begin
7.75685e+06
-363668
-0.122603
0.00853723
0.00457786
0.000420921
0
0
0
1682192292.49846
msg_begin
7.75685e+06
-363668
-0.123366
0.0558483
0.00396284
0.00108435
0
0
0
1682192292.54841
msg_begin
7.75685e+06
-363668
-0.125589
0.00386699
0.00142052
0.000385097
0
0
0
1682192292.59835
msg_begin
7.75685e+06
-363668
-0.125517
0.00518085
0.00210706
0.000294192
0
0
0
1682192292.64834
msg_begin
7.75685e+06
-363668
-0.124345
0.00414743
0.00118042
0.0001191
0
0
0
1682192292.69833
msg_begin
7.75685e+06
-363668
-0.124724
0.000140134
0.000584863
4.26027e-05
0
0
0
1682192292.74858
msg_begin
7.75685e+06
-363668
-0.125148
0.00658855
0.00131524
0.000130984
0
0
0
1682192292.79836
msg_begin
7.75685e+06
-363668
-0.125392
0.00451378
0.00406518
0.000308999
0
0
0
1682192292.84831
msg_begin
7.75685e+06
-363668
-0.125844
0.0139703
0.0056276
0.000266081
0
0
0
1682192292.89837
msg_begin
7.75685e+06
-363668
-0.125129
0.00878155
0.00633318
0.000209774
0
0
0
1682192292.94830
msg_begin
7.75685e+06
-363668
-0.123153
0.0408931
0.00441091
0.000331204
0
0
0
1682192292.99829
msg_begin
7.75685e+06
-363669
-0.121845
0.032741
0.0024829
0.00098531
0
0
0
1682192293.04823
msg_begin
7.75685e+06
-363669
-0.125346
0.00104008
0.000421313
8.84769e-05
0
0
0
1682192293.09816
msg_begin
7.75685e+06
-363669
-0.12629
6.79865e-08
2.91038e-09
9.4369e-16
0
0
0
1682192293.14811
msg_begin
7.75686e+06
-363669
-0.12592
0.0139491
0.00643027
0.000487152
0
0
0
1682192293.19808
msg_begin
7.75686e+06
-363669
-0.125816
0.00852774
0.00203076
0.000400129
0
0
0
1682192293.24807
msg_begin
7.75686e+06
-363669
-0.124304
0.00101814
0.00052549
2.36786e-05
0
0
0
1682192293.29803
msg_begin
7.75686e+06
-363669
-0.124768
0.0253305
0.0124671
0.000935467
0
0
0
1682192293.34812
msg_begin
7.75686e+06
-363669
-0.125264
0.0227837
0.00667612
0.00063929
0
0
0
1682192293.39806
msg_begin
7.75686e+06
-363669
-0.125658
0.00274868
0.000353415
0.000286743
0
0
0
1682192293.44812
msg_begin
7.75686e+06
-363669
-0.126645
0.00287504
0.00522436
0.00019678
0
0
0
1682192293.49814
msg_begin
7.75686e+06
-363669
-0.130067
0.00844035
0.00478718
0.000365281
0
0
0
1682192293.54860
msg_begin
7.75686e+06
-363669
-0.127206
0.0106756
0.00370741
0.00046497
0
0
0
1682192293.59839
msg_begin
7.75686e+06
-363669
-0.127171
0.0051956
0.000433986
4.70051e-05
0
0
0
1682192293.64848
msg_begin
7.75686e+06
-363669
-0.126667
0.0047287
0.000887076
0.000137354
0
0
0
1682192293.69862
msg_begin
7.75686e+06
-363669
-0.124506
0.000279081
0.000936409
0.000119955
0
0
0
1682192293.74907
msg_begin
7.75686e+06
-363669
-0.128911
0.0171399
0.00268081
0.000250772
0
0
0
1682192293.79878
msg_begin
7.75686e+06
-363669
-0.128173
0.00455585
0.00141834
0.000185808
0
0
0
1682192293.84880
msg_begin
7.75686e+06
-363669
-0.123515
6.70552e-08
2.21189e-09
6.93889e-17
0
0
0
1682192293.89877
msg_begin
7.75686e+06
-363669
-0.122751
0.0196241
0.00358242
0.000741775
0
0
0
1682192293.94905
msg_begin
7.75686e+06
-363669
-0.128137
8.3819e-09
8.14907e-10
1.27676e-15
0
0
0
1682192293.99876
msg_begin
7.75686e+06
-363669
-0.125932
0.00311164
0.00305775
0.000287399
0
0
0
1682192294.04874
msg_begin
7.75686e+06
-363669
-0.126168
0.00250143
0.000852008
0.000119561
0
0
0
1682192294.09869
msg_begin
7.75686e+06
-363669
-0.126855
0.00425631
0.000735093
0.000527109
0
0
0
1682192294.14898
msg_begin
7.75686e+06
-363669
-0.125054
1.39698e-08
2.03727e-09
1.22125e-15
0
0
0
1682192294.19865
msg_begin
7.75686e+06
-363670
-0.124709
0.00535448
0.000951757
0.000281399
0
0
0
1682192294.24859
msg_begin
7.75686e+06
-363670
-0.125417
0.0048176
0.000174538
6.69521e-05
0
0
0
1682192294.29852
msg_begin
7.75686e+06
-363670
-0.128458
0.000871226
0.00195458
2.98374e-05
0
0
0
1682192294.34877
msg_begin
7.75687e+06
-363670
-0.131183
0.00831957
0.00688297
0.000338693
0
0
0
1682192294.39839
msg_begin
7.75687e+06
-363670
-0.127805
0.000172579
0.000487724
1.75204e-05
0
0
0
1682192294.44834
msg_begin
7.75687e+06
-363670
-0.130736
5.96046e-08
9.8953e-10
2.22045e-16
0
0
0
1682192294.49829
msg_begin
7.75687e+06
-363670
-0.130051
9.31323e-10
1.39698e-09
8.32667e-17
0
0
0
1682192294.54821
msg_begin
7.75687e+06
-363670
-0.129897
0.0374674
0.00350531
0.000672858
0
0
0
1682192294.59819
msg_begin
7.75687e+06
-363670
-0.129581
0.00443718
0.000927835
0.000584183
0
0
0
1682192294.64814
msg_begin
7.75687e+06
-363670
-0.129499
0.010783
0.00873735
0.00182985
0
0
0
1682192294.69809
msg_begin
7.75687e+06
-363670
-0.127932
0.00391996
0.00837809
0.00108073
0
0
0
1682192294.74822
msg_begin
7.75687e+06
-363670
-0.128491
0.00336979
0.00137445
0.000406546
0
0
0
1682192294.79804
msg_begin
7.75687e+06
-363670
-0.125266
4.56348e-08
1.22236e-09
3.05311e-16
0
0
0
1682192294.84813
msg_begin
7.75687e+06
-363670
-0.125823
0.0083668
0.00158373
0.000565422
0
0
0
1682192294.89799
msg_begin
7.75687e+06
-363670
-0.127174
0.00704832
0.0020501
0.000221089
0
0
0
1682192294.94811
msg_begin
7.75687e+06
-363670
-0.131722
0.000954109
0.00189801
0.000116495
0
0
0
1682192294.99813
msg_begin
7.75687e+06
-363670
-0.133429
0.010697
0.00209474
0.000197092
0
0
0
1682192295.04805
msg_begin
7.75687e+06
-363670
-0.135782
0.033051
0.00966141
0.000364026
0
0
0
1682192295.09808
msg_begin
7.75687e+06
-363670
-0.135586
0.0127554
0.00284329
0.000110731
0
0
0
1682192295.14823
msg_begin
7.75687e+06
-363671
-0.135169
0.0223527
0.00843103
0.00163893
0
0
0
1682192295.19813
msg_begin
7.75687e+06
-363671
-0.137645
0.000588406
0.000423478
6.73351e-05
0
0
0
1682192295.24816
msg_begin
7.75687e+06
-363671
-0.134097
0.00900959
0.00444495
0.000557471
0
0
0
1682192295.29820
msg_begin
7.75687e+06
-363671
-0.133151
0.00695452
0.00381353
0.000397227
0
0
0
1682192295.34847
msg_begin
7.75687e+06
-363671
-0.129588
0.00516165
0.00416965
0.000305503
0
0
0
1682192295.39822
msg_begin
7.75687e+06
-363671
-0.130716
0.0110203
0.00202256
0.000252051
0
0
0
1682192295.44824
msg_begin
7.75687e+06
-363671
-0.130196
0.0047645
0.00264605
0.000690313
0
0
0
1682192295.49828
msg_begin
7.75687e+06
-363671
-0.131842
0.000598484
8.72486e-05
6.95118e-05
0
0
0
1682192295.54844
msg_begin
7.75688e+06
-363671
-0.133973
0.00446198
0.00110416
0.000674454
0
0
0
1682192295.59818
msg_begin
7.75688e+06
-363671
-0.13239
0.0108061
0.0110404
0.000927163
0
0
0
1682192295.64813
msg_begin
7.75688e+06
-363671
-0.129525
0.00258926
0.000663005
0.000126172
0
0
0
1682192295.69811
msg_begin
7.75688e+06
-363671
-0.13199
0.000689114
0.000413694
6.86058e-05
0
0
0
1682192295.74810
msg_begin
7.75688e+06
-363671
-0.131746
0.00177057
0.000159472
2.29994e-06
0
0
0
1682192295.79800
msg_begin
7.75688e+06
-363671
-0.133279
0.00388865
0.00149124
5.07242e-05
0
0
0
1682192295.84795
msg_begin
7.75688e+06
-363671
-0.131704
0.0252287
0.00143982
0.000207229
0
0
0
1682192295.89791
msg_begin
7.75688e+06
-363671
-0.13139
0.000721828
0.00692928
0.000178256
0
0
0
1682192295.94846
msg_begin
7.75688e+06
-363671
-0.129479
7.82311e-08
1.39698e-09
1.08247e-15
0
0
0
1682192295.99789
msg_begin
7.75688e+06
-363671
-0.131381
0.00845843
0.00146217
0.000415362
0
0
0
1682192296.04793
msg_begin
7.75688e+06
-363671
-0.133303
0.0171841
0.0012498
0.000955377
0
0
0
1682192296.09797
msg_begin
7.75688e+06
-363671
-0.134748
4.28408e-08
4.65661e-10
7.49401e-16
0
0
0
1682192296.14802
msg_begin
7.75688e+06
-363672
-0.133286
0.0414906
0.0050275
0.000554321
0
0
0
1682192296.19795
msg_begin
7.75688e+06
-363672
-0.132999
0.0047998
0.00386398
0.00067397
0
0
0
1682192296.24792
msg_begin
7.75688e+06
-363672
-0.132787
0.00410094
0.00936618
0.000378878
0
0
0
1682192296.29794
msg_begin
7.75688e+06
-363672
-0.135783
0.0332024
0.00602821
0.000635485
0
0
0
1682192296.34828
msg_begin
7.75688e+06
-363672
-0.136242
0.0212405
0.0106752
0.00122368
0
0
0
1682192296.39786
msg_begin
7.75688e+06
-363672
-0.138174
3.1665e-08
8.14907e-10
9.71445e-16
0
0
0
1682192296.44780
msg_begin
7.75688e+06
-363672
-0.138219
0.0111374
0.00266768
0.001235
0
0
0
1682192296.49782
msg_begin
7.75688e+06
-363672
-0.136718
4.37722e-08
1.45519e-09
2.498e-16
0
0
0
1682192296.54799
msg_begin
7.75688e+06
-363672
-0.136607
0.00735863
0.00726461
0.00092511
0
0
0
1682192296.59796
msg_begin
7.75688e+06
-363672
-0.137789
0.00781323
0.0004963
0.000217602
0
0
0
1682192296.64780
msg_begin
7.75688e+06
-363672
-0.13799
0.00750288
0.00267583
0.000204766
0
0
0
1682192296.69778
msg_begin
7.75689e+06
-363672
-0.139493
0.00341931
0.00250568
0.000464134
0
0
0
1682192296.74806
msg_begin
7.75689e+06
-363672
-0.142864
0.00296574
0.000172777
0.000144216
0
0
0
1682192296.79790
msg_begin
7.75689e+06
-363672
-0.141676
0.00165263
0.00152089
0.000392421
0
0
0
1682192296.84792
msg_begin
7.75689e+06
-363672
-0.138658
5.4948e-08
1.74623e-10
1.02696e-15
0
0
0
1682192296.89796
msg_begin
7.75689e+06
-363672
-0.139323
0.0134547
0.00165237
0.000803182
0
0
0
1682192296.94822
msg_begin
7.75689e+06
-363672
-0.139382
0.00987057
0.00963212
0.00105947
0
0
0
1682192296.99798
msg_begin
7.75689e+06
-363672
-0.137633
0.0173582
0.0104099
0.000529643
0
0
0
1682192297.04797
msg_begin
7.75689e+06
-363672
-0.137707
0.0318052
0.00938954
0.00115057
0
0
0
1682192297.09798
msg_begin
7.75689e+06
-363673
-0.138483
0.0134045
0.00213078
0.000264289
0
0
0
1682192297.14838
msg_begin
7.75689e+06
-363673
-0.140088
0.0271783
0.00925414
0.00144204
0
0
0
1682192297.19800
msg_begin
7.75689e+06
-363673
-0.138792
0.00284591
0.0104649
0.000228462
0
0
0
1682192297.24793
msg_begin
7.75689e+06
-363673
-0.138274
0.00124808
0.000366615
0.000129379
0
0
0
1682192297.29801
msg_begin
7.75689e+06
-363673
-0.138348
0.00460621
0.00140444
0.000148611
0
0
0
1682192297.34823
msg_begin
7.75689e+06
-363673
-0.138773
0.000344745
0.000467996
4.87735e-05
0
0
0
1682192297.39806
msg_begin
7.75689e+06
-363673
-0.141499
0.0371281
0.00859264
0.0013814
0
0
0
1682192297.44805
msg_begin
7.75689e+06
-363673
-0.140832
0.0849685
0.00619394
0.000648366
0
0
0
1682192297.49811
msg_begin
7.75689e+06
-363673
-0.140766
0.0197693
0.000864834
6.71646e-05
0
0
0
1682192297.54820
msg_begin
7.75689e+06
-363673
-0.139423
0.0977546
0.00490686
0.000236548
0
0
0
1682192297.59813
msg_begin
7.75689e+06
-363673
-0.13866
0.00395846
0.00472749
0.000199606
0
0
0
1682192297.64813
msg_begin
7.75689e+06
-363673
-0.14013
0.00227072
0.00328242
0.000716832
0
0
0
1682192297.69821
msg_begin
7.75689e+06
-363673
-0.141676
0.0031966
0.00378573
0.000987835
0
0
0
1682192297.74826
msg_begin
7.75689e+06
-363673
-0.143485
0.0322337
0.0196729
0.000872066
0
0
0
1682192297.79833
msg_begin
7.7569e+06
-363673
-0.143405
0.00300623
0.00147458
0.000129905
0
0
0
1682192297.84827
msg_begin
7.7569e+06
-363673
-0.14352
0.00708606
0.00129362
0.000187279
0
0
0
1682192297.89829
msg_begin
7.7569e+06
-363674
-0.14642
0.00369368
0.00100851
0.000390153
0
0
0
1682192297.94843
msg_begin
7.7569e+06
-363674
-0.144048
0.0178231
0.00508595
0.00144947
0
0
0
1682192297.99825
msg_begin
7.7569e+06
-363674
-0.146948
0.00713014
0.00284465
0.000386274
0
0
0
1682192298.04820
msg_begin
7.7569e+06
-363674
-0.148407
6.93773e-05
1.10849e-05
2.42549e-07
0
0
0
1682192298.09811
msg_begin
7.7569e+06
-363674
-0.146615
0.0100515
0.00061252
0.00192753
0
0
0
1682192298.14837
msg_begin
7.7569e+06
-363674
-0.146825
6.14673e-08
2.32831e-10
9.4369e-16
0
0
0
1682192298.19796
msg_begin
7.7569e+06
-363674
-0.148571
0.0245536
0.00559465
0.000679204
0
0
0
1682192298.24795
msg_begin
7.7569e+06
-363674
-0.147307
0.00297195
0.00414776
0.000200168
0
0
0
1682192298.29792
msg_begin
7.7569e+06
-363674
-0.148553
0.014796
0.000893226
0.000894161
0
0
0
1682192298.34820
msg_begin
7.7569e+06
-363674
-0.150641
1.39698e-08
5.82077e-11
1.19349e-15
0
0
0
1682192298.39786
msg_begin
7.7569e+06
-363674
-0.148382
0.0530199
0.00566253
0.00185476
0
0
0
1682192298.44787
msg_begin
7.7569e+06
-363674
-0.150436
0.00851119
0.00272161
0.000420812
0
0
0
1682192298.49786
msg_begin
7.7569e+06
-363674
-0.154012
2.98023e-08
0
5.55112e-16
0
0
0
1682192298.54807
msg_begin
7.7569e+06
-363674
-0.154076
6.0536e-08
7.567e-10
1.11022e-16
0
0
0
1682192298.59790
msg_begin
7.7569e+06
-363674
-0.151989
0.0103592
0.0075294
0.000757357
0
0
0
1682192298.64799
msg_begin
7.7569e+06
-363674
-0.151645
0.000789786
1.83829e-05
1.72372e-05
0
0
0
1682192298.69801
msg_begin
7.7569e+06
-363675
-0.150008
0.0102837
0.00294978
0.000248831
0
0
0
1682192298.74827
msg_begin
7.7569e+06
-363675
-0.152891
0.00450431
0.000250631
8.69218e-05
0
0
0
1682192298.79811
msg_begin
7.7569e+06
-363675
-0.156299
0.00170072
0.000126735
0.000119894
0
0
0
1682192298.84809
msg_begin
7.7569e+06
-363675
-0.159996
0.0013741
0.000929719
4.4691e-05
0
0
0
1682192298.89812
msg_begin
7.7569e+06
-363675
-0.159361
7.26432e-08
8.14907e-10
2.05391e-15
0
0
0
1682192298.94850
msg_begin
7.75691e+06
-363675
-0.160311
0.00753522
0.00446821
0.000589337
0
0
0
1682192298.99817
msg_begin
7.75691e+06
-363675
-0.158705
0.00432477
0.00619661
0.000346405
0
0
0
1682192299.04809
msg_begin
7.75691e+06
-363675
-0.157211
0.00440994
0.0068217
0.000624806
0
0
0
1682192299.09806
msg_begin
7.75691e+06
-363675
-0.159478
0.00025667
0.00103301
5.89455e-05
0
0
0
1682192299.14839
msg_begin
7.75691e+06
-363675
-0.160565
6.42613e-08
3.08501e-09
1.11022e-16
0
0
0
1682192299.20105
msg_begin
7.75691e+06
-363675
-0.159487
0.00363095
0.00734934
0.000152955
0
0
0
1682192299.24795
msg_begin
7.75691e+06
-363675
-0.162824
0.00875505
0.00378291
0.00072326
0
0
0
1682192299.29790
msg_begin
7.75691e+06
-363675
-0.159855
0.00478276
0.00288432
0.000110689
0
0
0
1682192299.34808
msg_begin
7.75691e+06
-363675
-0.161395
0.00421107
0.000579807
0.0001362
0
0
0
1682192299.39790
msg_begin
7.75691e+06
-363675
-0.161112
0.0149427
0.00276628
0.00171494
0
0
0
1682192299.44785
msg_begin
7.75691e+06
-363676
-0.160093
0.0159885
0.00137399
0.000377339
0
0
0
1682192299.49787
msg_begin
7.75691e+06
-363676
-0.161893
0.00771981
0.00556088
0.000238841
0
0
0
1682192299.54812
msg_begin
7.75691e+06
-363676
-0.164618
5.96046e-08
1.74623e-10
3.88578e-16
0
0
0
1682192299.59787
msg_begin
7.75691e+06
-363676
-0.163782
0.00247883
0.000995524
9.30673e-05
0
0
0
1682192299.64787
msg_begin
7.75691e+06
-363676
-0.161596
0.00294707
0.00844946
0.00158585
0
0
0
1682192299.69788
msg_begin
7.75691e+06
-363676
-0.162806
0.00293715
0.000705651
0.00030069
0
0
0
1682192299.74793
msg_begin
7.75691e+06
-363676
-0.16215
0.00131748
0.00201109
0.000272373
0
0
0
1682192299.79789
msg_begin
7.75691e+06
-363676
-0.16241
0.00300163
0.00712523
0.000198238
0
0
0
1682192299.84786
msg_begin
7.75691e+06
-363676
-0.162476
0.00751846
0.001294
5.23425e-05
0
0
0
1682192299.89789
msg_begin
7.75691e+06
-363676
-0.164462
0.00645617
0.00187485
0.000820083
0
0
0
1682192299.94807
msg_begin
7.75691e+06
-363676
-0.166716
0.000876208
0.00193094
0.000291892
0
0
0
1682192299.99780
msg_begin
7.75691e+06
-363676
-0.16679
0.0115801
0.0032208
0.00111369
0
0
0
1682192300.04788
msg_begin
7.75691e+06
-363676
-0.167313
0.00337371
9.61133e-05
5.46041e-05
0
0
0
1682192300.09786
msg_begin
7.75692e+06
-363676
-0.166267
0.000767689
0.000287057
0.000171929
0
0
0
1682192300.14822
msg_begin
7.75692e+06
-363676
-0.164771
6.33299e-08
3.25963e-09
1.77636e-15
0
0
0
1682192300.19793
msg_begin
7.75692e+06
-363676
-0.163942
0.0106221
0.00269517
0.000839389
0
0
0
1682192300.24796
msg_begin
7.75692e+06
-363677
-0.164626
0.0244451
0.00444381
0.000664446
0
0
0
1682192300.29798
msg_begin
7.75692e+06
-363677
-0.169455
6.70552e-08
2.61934e-09
6.66134e-16
0
0
0
1682192300.34809
msg_begin
7.75692e+06
-363677
-0.168441
0.00105858
0.000768034
5.51945e-05
0
0
0
1682192300.39793
msg_begin
7.75692e+06
-363677
-0.167979
0.0113984
0.00284423
0.000398289
0
0
0
1682192300.44792
msg_begin
7.75692e+06
-363677
-0.166217
0.0118946
0.00269132
0.000488773
0
0
0
1682192300.49783
msg_begin
7.75692e+06
-363677
-0.165766
0.00449614
0.000250332
0.000132873
0
0
0
1682192300.54826
msg_begin
7.75692e+06
-363677
-0.167499
0.0137803
0.000426781
5.95939e-05
0
0
0
1682192300.59783
msg_begin
7.75692e+06
-363677
-0.169335
0.0159731
0.0094095
0.00104004
0
0
0
1682192300.64775
msg_begin
7.75692e+06
-363677
-0.17088
0.0368577
0.00845357
0.00109817
0
0
0
1682192300.69773
msg_begin
7.75692e+06
-363677
-0.17126
0.0284857
0.0159893
0.000398958
0
0
0
1682192300.74807
msg_begin
7.75692e+06
-363677
-0.171162
0.0119571
0.00854023
0.000339621
0
0
0
1682192300.79767
msg_begin
7.75692e+06
-363677
-0.17082
0.000235322
0.00165151
6.46836e-05
0
0
0
1682192300.84763
msg_begin
7.75692e+06
-363677
-0.171692
0.00559549
0.00463408
0.000208467
0
0
0
1682192300.89767
msg_begin
7.75692e+06
-363677
-0.17233
0.00777821
0.000888168
6.50689e-05
0
0
0
1682192300.94786
msg_begin
7.75692e+06
-363678
-0.172455
0.0214027
0.00273976
0.000538152
0
0
0
1682192300.99769
msg_begin
7.75692e+06
-363678
-0.173968
0.00559905
0.00190262
3.82241e-05
0
0
0
1682192301.04772
msg_begin
7.75692e+06
-363678
-0.176406
4.00469e-08
2.44472e-09
1.11022e-15
0
0
0
1682192301.09766
msg_begin
7.75692e+06
-363678
-0.175089
0.0146038
0.0103283
0.000505909
0
0
0
1682192301.14795
msg_begin
7.75692e+06
-363678
-0.175137
0.000300308
0.000263933
6.2919e-05
0
0
0
1682192301.19771
msg_begin
7.75692e+06
-363678
-0.174888
0.00230025
0.00111986
0.000168926
0
0
0
1682192301.24776
msg_begin
7.75693e+06
-363678
-0.177081
0.00637874
0.00144486
0.000119525
0
0
0
1682192301.29769
msg_begin
7.75693e+06
-363678
-0.177202
1.67638e-08
6.40284e-10
1.4988e-15
0
0
0
1682192301.34795
msg_begin
7.75693e+06
-363678
-0.175815
0.0165824
0.00040519
0.000260432
0
0
0
1682192301.39778
msg_begin
7.75693e+06
-363678
-0.177403
0.00260498
0.00215665
0.000294548
0
0
0
1682192301.44780
msg_begin
7.75693e+06
-363678
-0.176003
0.00885659
0.00261766
0.000443766
0
0
0
1682192301.49787
msg_begin
7.75693e+06
-363678
-0.172834
3.07336e-08
5.82077e-11
2.02616e-15
0
0
0
1682192301.54827
msg_begin
7.75693e+06
-363678
-0.170544
4.47035e-08
2.38651e-09
8.88178e-16
0
0
0
1682192301.59790
msg_begin
7.75693e+06
-363678
-0.170511
2.23517e-08
8.14907e-10
1.30451e-15
0
0
0
1682192301.64797
msg_begin
7.75693e+06
-363679
-0.174101
0.00140305
2.03008e-05
0.000250953
0
0
0
1682192301.69786
msg_begin
7.75693e+06
-363679
-0.172323
0.0179443
0.00171724
0.000982625
0
0
0
1682192301.74818
msg_begin
7.75693e+06
-363679
-0.172702
0.00552912
0.00664263
0.0012273
0
0
0
1682192301.79793
msg_begin
7.75693e+06
-363679
-0.172459
0.00704848
0.00340284
0.000343174
0
0
0
1682192301.84792
msg_begin
7.75693e+06
-363679
-0.172151
0.00237374
0.0030386
0.000224557
0
0
0
1682192301.89794
msg_begin
7.75693e+06
-363679
-0.1703
0.0354178
0.00341894
0.00102243
0
0
0
1682192301.94794
msg_begin
7.75693e+06
-363679
-0.171401
0.00023655
0.000386942
1.67114e-05
0
0
0
1682192301.99803
msg_begin
7.75693e+06
-363679
-0.170302
7.45058e-09
6.40284e-10
1.77636e-15
0
0
0
1682192302.04801
msg_begin
7.75693e+06
-363679
-0.16749
9.31323e-10
1.10595e-09
3.05311e-16
0
0
0
1682192302.09803
msg_begin
7.75693e+06
-363679
-0.166251
0.000157961
0.000564758
0.000421376
0
0
0
1682192302.14819
msg_begin
7.75693e+06
-363679
-0.163614
0.0221939
0.0047215
0.00059935
0
0
0
1682192302.19809
msg_begin
7.75693e+06
-363679
-0.163891
0.0205299
0.00571472
0.000641978
0
0
0
1682192302.24799
msg_begin
7.75693e+06
-363679
-0.163988
0.00464096
0.00274422
0.000110487
0
0
0
1682192302.29796
msg_begin
7.75693e+06
-363679
-0.161162
2.51457e-08
3.49246e-10
7.49401e-16
0
0
0
1682192302.34807
msg_begin
7.75693e+06
-363679
-0.163987
0.0172569
0.00355026
0.00106627
0
0
0
1682192302.39787
msg_begin
7.75693e+06
-363679
-0.162571
0.0217298
0.002514
0.00101926
0
0
0
1682192302.44787
msg_begin
7.75694e+06
-363680
-0.161875
0.00334383
0.000154037
1.788e-05
0
0
0
1682192302.49783
msg_begin
7.75694e+06
-363680
-0.161529
0.0139364
0.00966573
0.000366935
0
0
0
1682192302.54803
msg_begin
7.75694e+06
-363680
-0.161704
0.0062367
0.00806529
0.000519341
0
0
0
1682192302.59791
msg_begin
7.75694e+06
-363680
-0.161134
5.96046e-08
3.49246e-09
1.11022e-16
0
0
0
1682192302.64791
msg_begin
7.75694e+06
-363680
-0.160057
0.0296986
0.00697132
0.00161024
0
0
0
1682192302.69796
msg_begin
7.75694e+06
-363680
-0.161841
0.00141621
0.000831278
0.000201918
0
0
0
1682192302.74848
msg_begin
7.75694e+06
-363680
-0.158468
9.83027e-05
0.000622341
0.000198983
0
0
0
1682192302.79802
msg_begin
7.75694e+06
-363680
-0.155705
0.00222816
0.0143019
0.0013466
0
0
0
1682192302.84799
msg_begin
7.75694e+06
-363680
-0.156267
0.00562583
0.00458771
0.000465573
0
0
0
1682192302.89795
msg_begin
7.75694e+06
-363680
-0.154143
6.0536e-08
2.21189e-09
5.55112e-16
0
0
0
1682192302.94833
msg_begin
7.75694e+06
-363680
-0.152325
0.0225189
0.00359561
0.00035564
0
0
0
1682192302.99793
msg_begin
7.75694e+06
-363680
-0.150123
9.31323e-10
2.38651e-09
2.22045e-16
0
0
0
1682192303.04793
msg_begin
7.75694e+06
-363680
-0.149208
0.0126894
0.00783552
0.000551401
0
0
0
1682192303.09797
msg_begin
7.75694e+06
-363680
-0.152177
0.00335009
0.000194297
7.42242e-05
0
0
0
1682192303.14821
msg_begin
7.75694e+06
-363680
-0.150842
0.0184357
0.00254196
0.000987282
0
0
0
1682192303.19805
msg_begin
7.75694e+06
-363680
-0.150262
0.0174638
0.00254135
0.00124763
0
0
0
1682192303.24807
msg_begin
7.75694e+06
-363680
-0.149871
0.00913135
0.00959451
0.000671369
0
0
0
1682192303.29808
msg_begin
7.75694e+06
-363681
-0.150283
0.0232479
0.00372864
0.000726976
0
0
0
1682192303.34843
msg_begin
7.75694e+06
-363681
-0.150069
0.00482745
7.72414e-05
5.26305e-05
0
0
0
1682192303.39822
msg_begin
7.75694e+06
-363681
-0.152663
0.00118229
0.000190613
0.000140611
0
0
0
1682192303.44826
msg_begin
7.75694e+06
-363681
-0.152062
0.011374
0.00579185
0.000757007
0
0
0
1682192303.49829
msg_begin
7.75694e+06
-363681
-0.15072
1.39698e-08
5.82077e-11
9.99201e-16
0
0
0
1682192303.54866
msg_begin
7.75694e+06
-363681
-0.14822
0.0142191
0.000511418
2.57749e-05
0
0
0
1682192303.59838
msg_begin
7.75695e+06
-363681
-0.15184
6.61239e-08
3.14321e-09
1.38778e-15
0
0
0
1682192303.64835
msg_begin
7.75695e+06
-363681
-0.149915
0
2.32831e-10
1.94289e-16
0
0
0
1682192303.69833
msg_begin
7.75695e+06
-363681
-0.147433
0.004808
0.00553627
0.000727667
0
0
0
1682192303.74872
msg_begin
7.75695e+06
-363681
-0.149028
0.00814407
0.00227886
0.000349259
0
0
0
1682192303.79828
msg_begin
7.75695e+06
-363681
-0.146829
2.98023e-08
3.0268e-09
8.60423e-16
0
0
0
1682192303.84825
msg_begin
7.75695e+06
-363681
-0.148709
0.000551793
0.000415877
0.000122741
0
0
0
1682192303.89824
msg_begin
7.75695e+06
-363681
-0.146376
0.00970839
0.00526588
0.000484761
0
0
0
1682192303.94858
msg_begin
7.75695e+06
-363681
-0.146301
0.00422571
0.00571075
0.000213246
0
0
0
1682192303.99811
msg_begin
7.75695e+06
-363681
-0.148492
0.00614157
0.000429087
0.000149285
0
0
0
1682192304.04807
msg_begin
7.75695e+06
-363681
-0.147884
0.00637804
0.0037314
0.000318886
0
0
0
1682192304.09798
msg_begin
7.75695e+06
-363681
-0.14686
0.0259763
0.00523125
0.000465901
0
0
0
1682192304.14807
msg_begin
7.75695e+06
-363682
-0.146313
0.00613056
0.000798236
0.000266126
0
0
0
1682192304.19789
msg_begin
7.75695e+06
-363682
-0.144792
5.02914e-08
1.10595e-09
1.02696e-15
0
0
0
1682192304.24781
msg_begin
7.75695e+06
-363682
-0.146633
0.00239029
0.00303406
0.000117945
0
0
0
1682192304.29830
msg_begin
7.75695e+06
-363682
-0.146805
0.0158764
0.00588528
0.00119732
0
0
0
1682192304.34790
msg_begin
7.75695e+06
-363682
-0.149501
0.00623678
0.00524254
0.00103436
0
0
0
1682192304.39781
msg_begin
7.75695e+06
-363682
-0.150299
0.0039494
0.002153
0.000597733
0
0
0
1682192304.44776
msg_begin
7.75695e+06
-363682
-0.151195
0.00460835
0.00256342
0.000172052
0
0
0
1682192304.49774
msg_begin
7.75695e+06
-363682
-0.151636
7.91624e-08
1.28057e-09
4.44089e-16
0
0
0
1682192304.59935
msg_begin
7.75695e+06
-363682
-0.148505
4.93601e-08
4.13274e-09
1.30451e-15
0
0
0
1682192304.64790
msg_begin
7.75695e+06
-363682
-0.147417
0.00116339
0.000590548
1.29989e-05
0
0
0
1682192304.69815
msg_begin
7.75695e+06
-363682
-0.147986
0.00376859
0.00516107
0.00011321
0
0
0
1682192304.74834
msg_begin
7.75696e+06
-363682
-0.147538
8.00937e-08
4.65661e-10
8.04912e-16
0
0
0
1682192304.79815
msg_begin
7.75696e+06
-363682
-0.141743
0.0226609
0.00293422
0.00124067
0
0
0
1682192304.84825
msg_begin
7.75696e+06
-363682
-0.143215
3.72529e-09
2.61934e-09
1.66533e-16
0
0
0
1682192304.89867
msg_begin
7.75696e+06
-363682
-0.143236
0.00146244
0.000112755
9.4731e-06
0
0
0
1682192304.94870
msg_begin
7.75696e+06
-363682
-0.141571
0.00761161
0.00582033
0.000595235
0
0
0
1682192304.99835
msg_begin
7.75696e+06
-363682
-0.144076
0.00934004
0.00442613
0.000949591
0
0
0
1682192305.04840
msg_begin
7.75696e+06
-363683
-0.14308
0.00897579
0.00299107
0.00019779
0
0
0
1682192305.09901
msg_begin
7.75696e+06
-363683
-0.146645
3.72529e-09
2.38651e-09
6.10623e-16
0
0
0
1682192305.14843
msg_begin
7.75696e+06
-363683
-0.14433
1.21072e-08
3.20142e-09
9.15934e-16
0
0
0
1682192305.19821
msg_begin
7.75696e+06
-363683
-0.14623
0.00241492
0.00582683
0.000249453
0
0
0
1682192305.24820
msg_begin
7.75696e+06
-363683
-0.148435
0.00929211
0.00148501
3.93007e-05
0
0
0
1682192305.29856
msg_begin
7.75696e+06
-363683
-0.15201
0.00767455
0.00567866
0.000781985
0
0
0
1682192305.34860
msg_begin
7.75696e+06
-363683
-0.152411
0.00435055
0.00225302
0.000392752
0
0
0
1682192305.39820
msg_begin
7.75696e+06
-363683
-0.152264
0.00256669
0.00568742
0.00033979
0
0
0
1682192305.44816
msg_begin
7.75696e+06
-363683
-0.152494
0.0020926
0.000200706
0.000190779
0
0
0
1682192305.49888
msg_begin
7.75696e+06
-363683
-0.150255
0.0271309
0.00678788
0.000520062
0
0
0
1682192305.54874
msg_begin
7.75696e+06
-363683
-0.147054
0.00467706
0.00240657
0.000343157
0
0
0
1682192305.59827
msg_begin
7.75696e+06
-363683
-0.148186
7.54371e-08
8.14907e-10
8.04912e-16
0
0
0
1682192305.64832
msg_begin
7.75696e+06
-363683
-0.148361
0.00992066
0.00227256
0.00105403
0
0
0
1682192305.69847
msg_begin
7.75696e+06
-363683
-0.148583
0.00401223
0.00785888
0.000658364
0
0
0
1682192305.74889
msg_begin
7.75696e+06
-363683
-0.147537
0.0189281
0.00238223
0.000230567
0
0
0
1682192305.79855
msg_begin
7.75696e+06
-363683
-0.144614
3.25963e-08
2.2701e-09
5.55112e-17
0
0
0
1682192305.84858
msg_begin
7.75696e+06
-363683
-0.144001
0.0116968
0.00492156
0.00031729
0
0
0
1682192305.89873
msg_begin
7.75696e+06
-363684
-0.143792
0.0159137
0.016345
0.000487515
0
0
0
1682192305.94914
msg_begin
7.75697e+06
-363684
-0.143456
0.00408895
0.00712269
0.000469166
0
0
0
1682192305.99876
msg_begin
7.75697e+06
-363684
-0.143436
6.0536e-08
4.65661e-10
5.55112e-17
0
0
0
1682192306.04875
msg_begin
7.75697e+06
-363684
-0.145548
0.0153885
0.00711426
0.000655959
0
0
0
1682192306.09894
msg_begin
7.75697e+06
-363684
-0.145829
0.000151834
0.000368974
2.56652e-05
0
0
0
1682192306.14925
msg_begin
7.75697e+06
-363684
-0.147789
0.00306968
0.000274819
1.0329e-05
0
0
0
1682192306.19865
msg_begin
7.75697e+06
-363684
-0.146992
0.0143844
0.00471533
0.00059704
0
0
0
1682192306.24857
msg_begin
7.75697e+06
-363684
-0.146578
0.00379402
0.00427365
0.000201796
0
0
0
1682192306.29974
msg_begin
7.75697e+06
-363684
-0.144512
0.000207833
0.000158904
8.61704e-05
0
0
0
1682192306.34883
msg_begin
7.75697e+06
-363684
-0.145175
0.00762236
0.00950102
0.0015871
0
0
0
1682192306.39831
msg_begin
7.75697e+06
-363684
-0.145494
0.0128198
0.00353425
0.000192098
0
0
0
1682192306.44824
msg_begin
7.75697e+06
-363684
-0.144077
0.00692075
0.00282008
0.000580608
0
0
0
1682192306.49964
msg_begin
7.75697e+06
-363684
-0.146901
0.00518067
0.00178598
0.00031323
0
0
0
1682192306.54852
msg_begin
7.75697e+06
-363684
-0.146226
6.60937e-05
7.27167e-05
1.59082e-05
0
0
0
1682192306.59816
msg_begin
7.75697e+06
-363684
-0.144663
0.0067762
0.00036003
0.000402746
0
0
0
1682192306.64819
msg_begin
7.75697e+06
-363684
-0.145977
0.00214074
0.00136455
0.000178671
0
0
0
1682192306.69862
msg_begin
7.75697e+06
-363684
-0.145593
0.0016783
0.00132539
0.000184242
0
0
0
1682192306.74843
msg_begin
7.75697e+06
-363684
-0.14473
0.000243406
0.000682469
4.50149e-05
0
0
0
1682192306.79814
msg_begin
7.75697e+06
-363684
-0.142981
0.00237206
0.000975059
3.34987e-05
0
0
0
1682192306.84826
msg_begin
7.75697e+06
-363685
-0.142525
0.0231568
0.00247141
0.000398732
0
0
0
1682192306.89845
msg_begin
7.75697e+06
-363685
-0.141385
0.0253223
0.00330141
0.00054301
0
0
0
1682192306.94872
msg_begin
7.75697e+06
-363685
-0.1416
1.95578e-08
1.74623e-10
6.10623e-16
0
0
0
1682192306.99832
msg_begin
7.75697e+06
-363685
-0.142703
0.00573788
0.00197219
9.0015e-05
0
0
0
1682192307.04839
msg_begin
7.75697e+06
-363685
-0.143191
0.00359543
0.00547812
0.000139586
0
0
0
1682192307.09948
msg_begin
7.75697e+06
-363685
-0.144073
0.0226686
0.0174964
0.00174004
0
0
0
1682192307.14880
msg_begin
7.75697e+06
-363685
-0.140988
0.00563968
0.00472506
0.000177688
0
0
0
1682192307.19835
msg_begin
7.75698e+06
-363685
-0.141425
6.0536e-08
9.8953e-10
6.93889e-16
0
0
0
1682192307.24841
msg_begin
7.75698e+06
-363685
-0.14095
0.00190349
0.00112282
7.0683e-05
0
0
0
1682192307.29920
msg_begin
7.75698e+06
-363685
-0.140278
1.76951e-08
2.96859e-09
8.04912e-16
0
0
0
1682192307.34854
msg_begin
7.75698e+06
-363685
-0.138456
0.00244022
0.00238249
0.000252038
0
0
0
1682192307.39844
msg_begin
7.75698e+06
-363685
-0.13716
0.00664758
0.00432079
0.000964397
0
0
0
1682192307.44853
msg_begin
7.75698e+06
-363685
-0.135254
5.86733e-08
1.04774e-09
1.44329e-15
0
0
0
1682192307.49940
msg_begin
7.75698e+06
-363685
-0.135208
0.00290277
0.00335621
0.000150578
0
0
0
1682192307.54875
msg_begin
7.75698e+06
-363685
-0.136586
0.00786133
0.00882383
0.000193631
0
0
0
1682192307.59854
msg_begin
7.75698e+06
-363685
-0.133953
0.00439532
0.00203861
0.000727578
0
0
0
1682192307.64851
msg_begin
7.75698e+06
-363685
-0.133665
0.0144006
0.00312983
0.000329489
0
0
0
1682192307.69967
msg_begin
7.75698e+06
-363685
-0.135955
0.00355666
0.00261175
0.000274761
0
0
0
1682192307.74904
msg_begin
7.75698e+06
-363685
-0.134341
0.00262611
0.000836106
0.000157044
0
0
0
1682192307.79846
msg_begin
7.75698e+06
-363685
-0.135792
0.00261041
0.00119113
0.000179203
0
0
0
1682192307.84847
msg_begin
7.75698e+06
-363686
-0.134541
0.00586488
0.00642415
0.000453762
0
0
0
1682192307.89977
msg_begin
7.75698e+06
-363686
-0.134468
0.00885098
0.00640895
0.000564813
0
0
0
1682192307.94875
msg_begin
7.75698e+06
-363686
-0.134023
0.00051442
0.00125958
8.16732e-06
0
0
0
1682192307.99830
msg_begin
7.75698e+06
-363686
-0.130743
0.0167916
0.00552328
0.000545692
0
0
0
1682192308.04830
msg_begin
7.75698e+06
-363686
-0.131264
5.58794e-09
2.32831e-10
2.77556e-17
0
0
0
1682192308.09824
msg_begin
7.75698e+06
-363686
-0.131643
0.00918911
0.0093344
0.000654503
0
0
0
1682192308.14863
msg_begin
7.75698e+06
-363686
-0.131154
0.00544254
0.000694719
1.28588e-05
0
0
0
1682192308.19816
msg_begin
7.75698e+06
-363686
-0.129619
0.0286272
0.00372361
0.000958418
0
0
0
1682192308.24816
msg_begin
7.75698e+06
-363686
-0.128724
0.0410364
0.0072318
0.0015713
0
0
0
1682192308.29816
msg_begin
7.75698e+06
-363686
-0.129772
0.00592441
0.00264821
0.000768368
0
0
0
1682192308.34860
msg_begin
7.75698e+06
-363686
-0.130509
0.000717301
0.000369343
7.06774e-05
0
0
0
1682192308.39818
msg_begin
7.75698e+06
-363686
-0.129648
0.00597288
0.00463919
0.000807244
0
0
0
1682192308.44825
msg_begin
7.75699e+06
-363686
-0.129842
0.00391004
0.00797861
0.000372939
0
0
0
1682192308.49824
msg_begin
7.75699e+06
-363686
-0.130636
0.00223533
0.00288807
0.000152795
0
0
0
1682192308.54862
msg_begin
7.75699e+06
-363686
-0.129505
0.00126765
0.00256553
5.33668e-05
0
0
0
1682192308.59836
msg_begin
7.75699e+06
-363686
-0.130386
2.79397e-09
1.74623e-10
8.60423e-16
0
0
0
1682192308.64841
msg_begin
7.75699e+06
-363686
-0.130527
0.00571269
0.00370301
0.000756117
0
0
0
1682192308.69852
msg_begin
7.75699e+06
-363686
-0.12999
0.0085866
0.0047294
0.000150501
0
0
0
1682192308.74860
msg_begin
7.75699e+06
-363686
-0.127896
0.0038016
0.00121702
2.14421e-05
0
0
0
1682192308.79859
msg_begin
7.75699e+06
-363686
-0.129295
0.0099538
0.00236343
0.000612032
0
0
0
1682192308.84860
msg_begin
7.75699e+06
-363686
-0.128303
0.00672222
0.00270009
0.000696861
0
0
0
1682192308.89862
msg_begin
7.75699e+06
-363687
-0.12853
0.00991031
0.00190499
0.000316397
0
0
0
1682192308.94890
msg_begin
7.75699e+06
-363687
-0.127523
6.0536e-08
1.16415e-09
3.33067e-16
0
0
0
1682192308.99873
msg_begin
7.75699e+06
-363687
-0.125614
0.0032374
0.00659615
7.79644e-05
0
0
0
1682192309.04862
msg_begin
7.75699e+06
-363687
-0.124455
0.00374437
0.0137009
0.000396833
0
0
0
1682192309.09916
msg_begin
7.75699e+06
-363687
-0.127641
0.00125819
0.000265093
0.000223942
0
0
0
1682192309.14912
msg_begin
7.75699e+06
-363687
-0.128898
0.00949392
0.0049288
0.00224799
0
0
0
1682192309.19861
msg_begin
7.75699e+06
-363687
-0.125556
0.00547176
0.000375594
0.00056316
0
0
0
1682192309.24844
msg_begin
7.75699e+06
-363687
-0.126416
0.00838704
0.00937804
0.000652694
0
0
0
1682192309.29851
msg_begin
7.75699e+06
-363687
-0.129384
0.0177841
0.00181342
0.000299965
0
0
0
1682192309.34888
msg_begin
7.75699e+06
-363687
-0.130857
2.79397e-09
2.21189e-09
1.38778e-16
0
0
0
1682192309.39828
msg_begin
7.75699e+06
-363687
-0.131009
0.00169525
0.00111108
0.000110486
0
0
0
1682192309.44817
msg_begin
7.75699e+06
-363687
-0.131572
0.0217848
0.00206232
0.000484115
0
0
0
1682192309.49816
msg_begin
7.75699e+06
-363687
-0.130653
2.79397e-09
9.31323e-10
4.44089e-16
0
0
0
1682192309.54844
msg_begin
7.75699e+06
-363687
-0.131904
0.00912734
0.0135674
0.000382055
0
0
0
1682192309.59810
msg_begin
7.75699e+06
-363687
-0.130571
0.0230789
0.000894025
0.000110885
0
0
0
1682192309.64813
msg_begin
7.757e+06
-363687
-0.132802
0.00529606
0.0034334
0.000145938
0
0
0
1682192309.69816
msg_begin
7.757e+06
-363687
-0.133013
0.00209132
0.0012669
1.107e-06
0
0
0
1682192309.74855
msg_begin
7.757e+06
-363687
-0.133108
0.00187157
0.000258948
9.65418e-05
0
0
0
1682192309.79821
msg_begin
7.757e+06
-363687
-0.135043
0.00320838
0.000952084
0.000120036
0
0
0
1682192309.84822
msg_begin
7.757e+06
-363687
-0.133555
0.00627296
0.00308766
0.000371746
0
0
0
1682192309.89821
msg_begin
7.757e+06
-363688
-0.132497
0.00396507
0.0022203
0.00014971
0
0
0
1682192309.94860
msg_begin
7.757e+06
-363688
-0.132446
0.011075
0.00413079
0.000448592
0
0
0
1682192309.99822
msg_begin
7.757e+06
-363688
-0.131188
4.65661e-09
8.73115e-10
5.82867e-16
0
0
0
1682192310.04818
msg_begin
7.757e+06
-363688
-0.130204
0.00904641
0.00453024
0.000375001
0
0
0
1682192310.09817
msg_begin
7.757e+06
-363688
-0.132331
1.11759e-08
2.91038e-10
1.66533e-16
0
0
0
1682192310.14868
msg_begin
7.757e+06
-363688
-0.132944
0.0204149
0.00601807
0.000970009
0
0
0
1682192310.19803
msg_begin
7.757e+06
-363688
-0.130804
5.58794e-09
1.86265e-09
3.60822e-16
0
0
0
1682192310.24799
msg_begin
7.757e+06
-363688
-0.132385
0.00337899
0.00469169
0.000708679
0
0
0
1682192310.29819
msg_begin
7.757e+06
-363688
-0.1342
0.0219645
0.00322359
0.00134667
0
0
0
1682192310.34831
msg_begin
7.757e+06
-363688
-0.133676
0.00495326
0.00432372
0.000407144
0
0
0
1682192310.39781
msg_begin
7.757e+06
-363688
-0.132742
0.00478898
0.00263058
0.000199062
0
0
0
1682192310.44779
msg_begin
7.757e+06
-363688
-0.132511
8.3819e-09
1.74623e-10
1.66533e-16
0
0
0
1682192310.49785
msg_begin
7.757e+06
-363688
-0.135458
0.0138695
0.00503944
0.00045529
0
0
0
1682192310.54799
msg_begin
7.757e+06
-363688
-0.136367
0.0392158
0.00612169
0.000840099
0
0
0
1682192310.59772
msg_begin
7.757e+06
-363688
-0.137243
5.68107e-08
3.25963e-09
6.10623e-16
0
0
0
1682192310.64773
msg_begin
7.757e+06
-363688
-0.141703
0.00676591
0.00304046
0.000458394
0
0
0
1682192310.69777
msg_begin
7.757e+06
-363688
-0.142276
0.00109471
0.000769829
4.80927e-05
0
0
0
1682192310.74772
msg_begin
7.757e+06
-363688
-0.140689
2.70084e-08
1.33878e-09
3.05311e-16
0
0
0
1682192310.79775
msg_begin
7.757e+06
-363688
-0.14027
0.0115846
0.0122419
0.000907868
0
0
0
1682192310.84771
msg_begin
7.75701e+06
-363688
-0.140342
0.0162959
0.00246923
0.000725218
0
0
0
1682192310.89782
msg_begin
7.75701e+06
-363688
-0.141066
0.00471778
0.00903339
0.000503402
0
0
0
1682192310.94776
msg_begin
7.75701e+06
-363689
-0.141835
0.00590116
0.000592242
0.00023664
0
0
0
1682192310.99771
msg_begin
7.75701e+06
-363689
-0.142413
0.0021316
0.00111077
0.000166904
0
0
0
1682192311.04765
msg_begin
7.75701e+06
-363689
-0.142073
0.00274981
0.00651212
0.000283132
0
0
0
1682192311.09765
msg_begin
7.75701e+06
-363689
-0.140709
0.00584059
0.00584824
0.00111998
0
0
0
1682192311.14763
msg_begin
7.75701e+06
-363689
-0.141006
0.00471981
0.000406374
5.65473e-05
0
0
0
1682192311.19765
msg_begin
7.75701e+06
-363689
-0.144268
0.0118559
0.00635023
0.000349584
0
0
0
1682192311.24766
msg_begin
7.75701e+06
-363689
-0.143169
0.024841
0.0133974
0.00098603
0
0
0
1682192311.29792
msg_begin
7.75701e+06
-363689
-0.142666
0.0209457
0.0140723
0.00100215
0
0
0
1682192311.34775
msg_begin
7.75701e+06
-363689
-0.145326
0.00141858
0.00157135
0.000230306
0
0
0
1682192311.39777
msg_begin
7.75701e+06
-363689
-0.145746
0.00910845
0.00431501
0.00226662
0
0
0
1682192311.44777
msg_begin
7.75701e+06
-363689
-0.145769
0.00212487
0.000547642
1.22565e-06
0
0
0
1682192311.49785
msg_begin
7.75701e+06
-363689
-0.145805
0.0028625
0.00158532
7.07899e-05
0
0
0
1682192311.54778
msg_begin
7.75701e+06
-363689
-0.146911
5.40167e-08
1.28057e-09
3.05311e-16
0
0
0
1682192311.59779
msg_begin
7.75701e+06
-363689
-0.147376
0.00540131
0.00354287
0.000420401
0
0
0
1682192311.64786
msg_begin
7.75701e+06
-363689
-0.1485
0.0131319
0.00869943
0.00102457
0
0
0
1682192311.69783
msg_begin
7.75701e+06
-363689
-0.146413
3.44589e-08
6.98492e-10
3.88578e-16
0
0
0
1682192311.74833
msg_begin
7.75701e+06
-363689
-0.145643
0.00303601
0.00111645
0.000100955
0
0
0
1682192311.79798
msg_begin
7.75701e+06
-363689
-0.14621
0.013637
0.00452044
0.000369868
0
0
0
1682192311.84798
msg_begin
7.75701e+06
-363690
-0.148451
0.0234007
0.00801809
0.000220187
0
0
0
1682192311.89820
msg_begin
7.75701e+06
-363690
-0.147758
0.00720256
0.0100691
0.000107072
0
0
0
1682192311.94822
msg_begin
7.75701e+06
-363690
-0.146735
0.00557106
0.00155466
7.45306e-05
0
0
0
1682192311.99804
msg_begin
7.75701e+06
-363690
-0.14576
0.0032877
0.00256877
0.00021659
0
0
0
1682192312.04800
msg_begin
7.75701e+06
-363690
-0.146357
0.0225096
0.00204633
0.00101465
0
0
0
1682192312.09807
msg_begin
7.75702e+06
-363690
-0.144513
0.00116089
0.00134613
0.00021639
0
0
0
1682192312.14835
msg_begin
7.75702e+06
-363690
-0.144406
6.42613e-08
2.32831e-10
6.93889e-16
0
0
0
1682192312.19785
msg_begin
7.75702e+06
-363690
-0.145443
0.0157319
0.00378335
0.000479723
0
0
0
1682192312.24778
msg_begin
7.75702e+06
-363690
-0.144744
0.0136322
0.00827681
0.000462228
0
0
0
1682192312.29769
msg_begin
7.75702e+06
-363690
-0.144693
8.00937e-08
3.49246e-10
8.60423e-16
0
0
0
1682192312.34801
msg_begin
7.75702e+06
-363690
-0.144647
9.31323e-08
1.16415e-10
9.71445e-16
0
0
0
1682192312.39757
msg_begin
7.75702e+06
-363690
-0.143393
0.016015
0.00684042
0.000373366
0
0
0
1682192312.44746
msg_begin
7.75702e+06
-363690
-0.145701
0.00422018
0.00154943
0.000263507
0
0
0
1682192312.49740
msg_begin
7.75702e+06
-363690
-0.143578
0.0132155
0.00918428
0.000702794
0
0
0
1682192312.54749
msg_begin
7.75702e+06
-363690
-0.143615
0.00547258
0.00307482
0.000308732
0
0
0
1682192312.59735
msg_begin
7.75702e+06
-363690
-0.142725
0.0144204
0.0027785
0.000184643
0
0
0
1682192312.64732
msg_begin
7.75702e+06
-363690
-0.140632
0.00454038
0.00340614
0.000589168
0
0
0
1682192312.69728
msg_begin
7.75702e+06
-363690
-0.143344
5.30854e-08
2.21189e-09
1.30451e-15
0
0
0
1682192312.74726
msg_begin
7.75702e+06
-363690
-0.143388
0.00893152
0.00410727
0.000280843
0
0
0
1682192312.79732
msg_begin
7.75702e+06
-363691
-0.143139
6.61239e-08
1.62981e-09
4.16334e-16
0
0
0
1682192312.84727
msg_begin
7.75702e+06
-363691
-0.143134
0.0141445
0.000445728
0.000241381
0
0
0
1682192312.89727
msg_begin
7.75702e+06
-363691
-0.143312
5.58794e-09
2.91038e-10
3.33067e-16
0
0
0
1682192312.94734
msg_begin
7.75702e+06
-363691
-0.14279
0.00326484
0.000713031
0.000106113
0
0
0
1682192312.99747
msg_begin
7.75702e+06
-363691
-0.141873
0.00300579
0.00917801
0.000204278
0
0
0
1682192313.04753
msg_begin
7.75702e+06
-363691
-0.140819
0.0127276
0.0162058
0.00114108
0
0
0
1682192313.09756
msg_begin
7.75702e+06
-363691
-0.140729
0.000400343
0.00116394
0.000152057
0
0
0
1682192313.14762
msg_begin
7.75702e+06
-363691
-0.137334
0.0138162
0.00358417
0.00138164
0
0
0
1682192313.19773
msg_begin
7.75702e+06
-363691
-0.141532
0.00706386
0.0046795
0.000382382
0
0
0
1682192313.24771
msg_begin
7.75702e+06
-363691
-0.139333
0.00585795
0.009524
0.000944471
0
0
0
1682192313.29785
msg_begin
7.75702e+06
-363691
-0.14085
0.0133313
0.00365954
0.000215327
0
0
0
1682192313.34788
msg_begin
7.75703e+06
-363691
-0.139501
0.00986655
0.00273488
0.00071191
0
0
0
1682192313.39789
msg_begin
7.75703e+06
-363691
-0.138333
0.00547085
0.00735013
0.000404052
0
0
0
1682192313.44793
msg_begin
7.75703e+06
-363691
-0.139665
0.0112224
0.00340055
0.000362944
0
0
0
1682192313.49786
msg_begin
7.75703e+06
-363691
-0.138388
0.0184753
0.00119125
0.00025513
0
0
0
1682192313.54793
msg_begin
7.75703e+06
-363691
-0.137498
0.00859413
0.00343027
0.000710822
0
0
0
1682192313.59792
msg_begin
7.75703e+06
-363691
-0.140569
0.00577054
0.000903987
0.00037641
0
0
0
1682192313.64796
msg_begin
7.75703e+06
-363691
-0.137529
0.00616583
0.00765663
0.00089715
0
0
0
1682192313.69798
msg_begin
7.75703e+06
-363691
-0.139812
0.00793132
0.00288887
0.000673845
0
0
0
1682192313.74845
msg_begin
7.75703e+06
-363691
-0.136704
0.00529002
0.000535958
0.000286883
0
0
0
1682192313.79809
msg_begin
7.75703e+06
-363692
-0.136445
0.0113529
0.00256742
8.10346e-05
0
0
0
1682192313.84810
msg_begin
7.75703e+06
-363692
-0.136926
0.00429201
0.00172801
0.000179837
0
0
0
1682192313.89816
msg_begin
7.75703e+06
-363692
-0.137671
0.0115817
0.00190719
0.00119537
0
0
0
1682192313.94850
msg_begin
7.75703e+06
-363692
-0.134808
0.0122869
0.00457967
0.000416855
0
0
0
1682192313.99815
msg_begin
7.75703e+06
-363692
-0.13253
5.7742e-08
5.23869e-10
8.88178e-16
0
0
0
1682192314.04808
msg_begin
7.75703e+06
-363692
-0.134899
0.023253
0.0015198
0.000430792
0
0
0
1682192314.09818
msg_begin
7.75703e+06
-363692
-0.134445
0.00844934
0.00853664
0.000399745
0
0
0
1682192314.14822
msg_begin
7.75703e+06
-363692
-0.133391
0.0086004
0.00539977
0.000263937
0
0
0
1682192314.19803
msg_begin
7.75703e+06
-363692
-0.133791
0.00823238
0.000967575
7.99932e-05
0
0
0
1682192314.24794
msg_begin
7.75703e+06
-363692
-0.133919
1.30385e-08
9.31323e-10
8.32667e-17
0
0
0
1682192314.29797
msg_begin
7.75703e+06
-363692
-0.134349
0.00192952
0.003048
0.000127693
0
0
0
1682192314.34814
msg_begin
7.75703e+06
-363692
-0.133853
0.00587238
0.0010658
0.000249111
0
0
0
1682192314.39771
msg_begin
7.75703e+06
-363692
-0.132609
0.012846
0.000878253
0.000377936
0
0
0
1682192314.44773
msg_begin
7.75703e+06
-363692
-0.134268
0.00571175
0.00695114
0.000677434
0
0
0
1682192314.49765
msg_begin
7.75703e+06
-363692
-0.134931
0.0155586
0.0042666
0.000497777
0
0
0
1682192314.54788
msg_begin
7.75703e+06
-363692
-0.133602
0.0242878
0.00157908
0.000294789
0
0
0
1682192314.59761
msg_begin
7.75703e+06
-363692
-0.1314
0.00770397
0.00026204
0.000180386
0
0
0
1682192314.64763
msg_begin
7.75703e+06
-363692
-0.133958
0.0133807
0.0024476
0.000352381
0
0
0
1682192314.69759
msg_begin
7.75704e+06
-363692
-0.132223
0.00880005
0.00839426
0.000543989
0
0
0
1682192314.74761
msg_begin
7.75704e+06
-363692
-0.130613
0.0163637
0.00307054
0.000349338
0
0
0
1682192314.79765
msg_begin
7.75704e+06
-363692
-0.129247
0.00301296
0.000694011
0.000223229
0
0
0
1682192314.84761
msg_begin
7.75704e+06
-363692
-0.12932
0.00589625
2.43407e-05
8.57358e-06
0
0
0
1682192314.89770
msg_begin
7.75704e+06
-363692
-0.128203
7.72998e-08
1.45519e-09
1.33227e-15
0
0
0
1682192314.94765
msg_begin
7.75704e+06
-363692
-0.128286
0.00348743
0.0022644
0.000257034
0
0
0
1682192314.99771
msg_begin
7.75704e+06
-363692
-0.127766
0.00263969
0.00462785
3.34565e-05
0
0
0
1682192315.04771
msg_begin
7.75704e+06
-363692
-0.13009
0.0147762
0.00210677
0.00046466
0
0
0
1682192315.09775
msg_begin
7.75704e+06
-363693
-0.127697
0.00339865
0.00528961
0.00137662
0
0
0
1682192315.14771
msg_begin
7.75704e+06
-363693
-0.126798
0.00201676
0.00112962
0.000510141
0
0
0
1682192315.19767
msg_begin
7.75704e+06
-363693
-0.128282
0.00203645
0.000333001
7.03655e-05
0
0
0
1682192315.24782
msg_begin
7.75704e+06
-363693
-0.129557
0.00221995
0.00173348
0.00012141
0
0
0
1682192315.29781
msg_begin
7.75704e+06
-363693
-0.130355
0.00352763
8.40227e-05
6.27442e-05
0
0
0
1682192315.34783
msg_begin
7.75704e+06
-363693
-0.129567
0.00375569
0.00139897
3.50119e-05
0
0
0
1682192315.39783
msg_begin
7.75704e+06
-363693
-0.131241
0.000272189
0.000228234
4.13941e-05
0
0
0
1682192315.44792
msg_begin
7.75704e+06
-363693
-0.130692
0.00532474
0.00586046
0.000192172
0
0
0
1682192315.49802
msg_begin
7.75704e+06
-363693
-0.131236
0.0322504
0.00316226
0.000718042
0
0
0
1682192315.54809
msg_begin
7.75704e+06
-363693
-0.131197
0.0116702
0.00341197
0.00100089
0
0
0
1682192315.59816
msg_begin
7.75704e+06
-363693
-0.131895
0.00321293
0.00132442
4.2441e-05
0
0
0
1682192315.64818
msg_begin
7.75704e+06
-363693
-0.132636
0.032528
0.0112551
0.00111943
0
0
0
1682192315.69836
msg_begin
7.75704e+06
-363693
-0.132626
0.00987326
0.0019069
0.000216299
0
0
0
1682192315.74878
msg_begin
7.75704e+06
-363693
-0.132426
0.00629879
0.00505083
0.00103031
0
0
0
1682192315.79829
msg_begin
7.75704e+06
-363693
-0.131796
0.0427304
0.00764475
0.00126895
0
0
0
1682192315.84831
msg_begin
7.75704e+06
-363693
-0.131308
3.1665e-08
5.82077e-11
7.21645e-16
0
0
0
1682192315.89832
msg_begin
7.75704e+06
-363693
-0.13235
0.00627316
0.00488018
0.000459319
0
0
0
1682192315.94906
msg_begin
7.75704e+06
-363693
-0.133345
0.00302462
0.00594196
0.000321909
0
0
0
1682192315.99832
msg_begin
7.75704e+06
-363693
-0.132452
0.0285062
0.00836178
0.000632981
0
0
0
1682192316.04835
msg_begin
7.75704e+06
-363693
-0.133359
2.98023e-08
2.32831e-10
1.66533e-16
0
0
0
1682192316.09828
msg_begin
7.75704e+06
-363693
-0.134534
0.00671378
0.00344979
0.00047281
0
0
0
1682192316.14859
msg_begin
7.75704e+06
-363693
-0.134473
0.00689818
0.0021952
0.000591093
0
0
0
1682192316.19826
msg_begin
7.75704e+06
-363693
-0.13673
0.00220656
0.000436681
0.000122829
0
0
0
1682192316.24827
msg_begin
7.75704e+06
-363693
-0.139614
0.00306486
0.000478006
3.51116e-05
0
0
0
1682192316.29828
msg_begin
7.75704e+06
-363693
-0.139394
0.000920801
0.000557554
2.60379e-05
0
0
0
1682192316.34866
msg_begin
7.75704e+06
-363693
-0.138371
0.00163248
0.000883934
3.29053e-05
0
0
0
1682192316.39802
msg_begin
7.75704e+06
-363693
-0.139502
0.0119245
0.00599594
0.000417295
0
0
0
1682192316.44801
msg_begin
7.75704e+06
-363693
-0.140194
0.033385
0.00104449
0.000288401
0
0
0
1682192316.49794
msg_begin
7.75705e+06
-363693
-0.139515
0.0270949
0.00208912
0.000498195
0
0
0
1682192316.54814
msg_begin
7.75705e+06
-363693
-0.141531
0.00926049
0.0100504
0.00115669
0
0
0
1682192316.59773
msg_begin
7.75705e+06
-363693
-0.139706
0.00427509
0.00217887
0.000608856
0
0
0
1682192316.64768
msg_begin
7.75705e+06
-363693
-0.142105
0.0141045
0.00398231
0.00122561
0
0
0
1682192316.69762
msg_begin
7.75705e+06
-363694
-0.142507
0.00470581
0.00323772
0.000516632
0
0
0
1682192316.74759
msg_begin
7.75705e+06
-363694
-0.142211
0.0328139
0.005149
0.000717897
0
0
0
1682192316.79754
msg_begin
7.75705e+06
-363694
-0.140474
0.0112979
0.00481098
0.000589148
0
0
0
1682192316.84752
msg_begin
7.75705e+06
-363694
-0.142583
0.0155111
0.00639013
0.00060092
0
0
0
1682192316.89754
msg_begin
7.75705e+06
-363694
-0.144442
0.00102878
0.00091713
3.25733e-05
0
0
0
1682192316.94754
msg_begin
7.75705e+06
-363694
-0.144004
0.00538887
0.00211795
8.83313e-05
0
0
0
1682192316.99751
msg_begin
7.75705e+06
-363694
-0.143091
0.00626337
0.000226941
3.90332e-05
0
0
0
1682192317.04760
msg_begin
7.75705e+06
-363694
-0.147357
8.47504e-08
2.15368e-09
8.04912e-16
0
0
0
1682192317.09763
msg_begin
7.75705e+06
-363694
-0.145459
0.00926487
0.00713832
0.000619105
0
0
0
1682192317.14770
msg_begin
7.75705e+06
-363694
-0.144951
0.00194467
0.000314109
6.22128e-06
0
0
0
1682192317.19775
msg_begin
7.75705e+06
-363694
-0.147354
0.0314042
0.00672329
0.000916262
0
0
0
1682192317.24776
msg_begin
7.75705e+06
-363694
-0.14722
0.000608594
0.000891456
6.75552e-05
0
0
0
1682192317.29788
msg_begin
7.75705e+06
-363694
-0.148269
0.00433645
0.00144067
5.65774e-05
0
0
0
1682192317.34783
msg_begin
7.75705e+06
-363694
-0.147453
0.00639858
0.00934325
0.000251898
0
0
0
1682192317.39789
msg_begin
7.75705e+06
-363694
-0.147431
0.000959473
0.00105587
0.000170342
0
0
0
1682192317.44794
msg_begin
7.75705e+06
-363694
-0.147881
0.00653387
0.000274706
0.000162599
0
0
0
1682192317.49790
msg_begin
7.75705e+06
-363694
-0.145987
0.0105929
0.00410617
0.000667979
0
0
0
1682192317.54791
msg_begin
7.75705e+06
-363694
-0.149071
0.00632161
0.00930948
0.000675469
0
0
0
1682192317.59791
msg_begin
7.75705e+06
-363694
-0.148958
0.000163273
0.00163288
4.48458e-06
0
0
0
1682192317.64782
msg_begin
7.75705e+06
-363694
-0.148993
0.00359889
0.00311469
0.000301081
0
0
0
1682192317.69781
msg_begin
7.75705e+06
-363694
-0.150067
0.00265932
0.00204073
0.000176679
0
0
0
1682192317.74790
msg_begin
7.75705e+06
-363694
-0.149053
0.00631548
0.00470545
0.000584492
0
0
0
1682192317.79779
msg_begin
7.75705e+06
-363694
-0.148817
0.0171904
0.00250599
0.000438848
0
0
0
1682192317.84767
msg_begin
7.75705e+06
-363694
-0.150513
0.00126745
0.00133912
6.80105e-05
0
0
0
1682192317.89763
msg_begin
7.75705e+06
-363694
-0.151791
0.00919462
0.00788115
0.000855653
0
0
0
1682192317.94759
msg_begin
7.75705e+06
-363694
-0.151408
0.00364462
0.00225907
0.000520884
0
0
0
1682192317.99748
msg_begin
7.75705e+06
-363694
-0.155311
0.000106583
0.00114631
9.73023e-05
0
0
0
1682192318.04750
msg_begin
7.75705e+06
-363694
-0.156024
0.0265353
0.0136
0.000983748
0
0
0
1682192318.09757
msg_begin
7.75705e+06
-363694
-0.155871
0.00393607
0.0119489
0.000799527
0
0
0
1682192318.14794
msg_begin
7.75705e+06
-363694
-0.152935
9.31323e-09
4.07454e-10
4.16334e-16
0
0
0
1682192318.19745
msg_begin
7.75705e+06
-363694
-0.155155
0.0178779
0.005434
0.00165379
0
0
0
1682192318.24747
msg_begin
7.75705e+06
-363694
-0.15617
0.010942
0.013404
0.000479486
0
0
0
1682192318.29757
msg_begin
7.75705e+06
-363695
-0.155849
0.00791629
0.00355622
0.000315661
0
0
0
1682192318.34777
msg_begin
7.75705e+06
-363695
-0.156983
0.00244905
0.0050778
0.000152975
0
0
0
1682192318.39750
msg_begin
7.75705e+06
-363695
-0.160486
0.000199302
0.000228534
3.72043e-05
0
0
0
1682192318.44752
msg_begin
7.75705e+06
-363695
-0.161747
8.3819e-09
1.74623e-10
0
0
0
0
1682192318.49751
msg_begin
7.75705e+06
-363695
-0.159322
0.0168519
0.00493885
0.00041574
0
0
0
1682192318.54749
msg_begin
7.75705e+06
-363695
-0.158601
0.00264972
0.00538113
0.000324737
0
0
0
1682192318.59748
msg_begin
7.75705e+06
-363695
-0.158316
0.0159667
0.00354421
0.000802947
0
0
0
1682192318.64744
msg_begin
7.75706e+06
-363695
-0.162212
0.0213324
0.00325502
0.00041449
0
0
0
1682192318.69749
msg_begin
7.75706e+06
-363695
-0.162621
0.00189805
0.00282038
0.000104198
0
0
0
1682192318.74743
msg_begin
7.75706e+06
-363695
-0.162843
0.018177
0.0010504
0.000299191
0
0
0
1682192318.79740
msg_begin
7.75706e+06
-363695
-0.162542
0.0245189
0.00931119
0.00139899
0
0
0
1682192318.84736
msg_begin
7.75706e+06
-363695
-0.162772
0.000158728
8.63424e-05
2.26322e-05
0
0
0
1682192318.89734
msg_begin
7.75706e+06
-363695
-0.162593
0.00237196
0.000852189
3.42301e-05
0
0
0
1682192318.94735
msg_begin
7.75706e+06
-363695
-0.163963
0.0140022
0.000815608
8.61587e-05
0
0
0
1682192318.99733
msg_begin
7.75706e+06
-363695
-0.163626
0.01177
0.00127875
0.000381082
0
0
0
1682192319.04736
msg_begin
7.75706e+06
-363695
-0.164988
0.0158939
0.00274612
0.000532762
0
0
0
1682192319.09734
msg_begin
7.75706e+06
-363695
-0.165035
0.011625
0.00611826
0.000672774
0
0
0
1682192319.14737
msg_begin
7.75706e+06
-363695
-0.164942
0.00501042
0.000224988
3.33438e-05
0
0
0
1682192319.19741
msg_begin
7.75706e+06
-363695
-0.165433
0.00411286
0.000573053
3.49599e-05
0
0
0
1682192319.24743
msg_begin
7.75706e+06
-363695
-0.165301
0.00126496
0.00127274
0.000103684
0
0
0
1682192319.29749
msg_begin
7.75706e+06
-363695
-0.165628
0.00681399
0.00996023
0.000587939
0
0
0
1682192319.34754
msg_begin
7.75706e+06
-363695
-0.165523
0.0151049
0.000612187
6.55728e-05
0
0
0
1682192319.39760
msg_begin
7.75706e+06
-363695
-0.166715
0.0209811
0.00368782
0.000583037
0
0
0
1682192319.44763
msg_begin
7.75706e+06
-363695
-0.167048
0.00460374
0.000337499
0.000194906
0
0
0
1682192319.49768
msg_begin
7.75706e+06
-363695
-0.167089
0.0012061
0.000258169
4.77868e-05
0
0
0
1682192319.54769
msg_begin
7.75706e+06
-363695
-0.167324
0.00805444
0.00425783
0.000491084
0
0
0
1682192319.59767
msg_begin
7.75706e+06
-363695
-0.167315
0.0127476
0.0106261
0.000248907
0
0
0
1682192319.64763
msg_begin
7.75706e+06
-363695
-0.167669
0.0278897
0.0022595
0.000294658
0
0
0
1682192319.69763
msg_begin
7.75706e+06
-363696
-0.167662
0.00479026
0.0079344
0.000585489
0
0
0
1682192319.74758
msg_begin
7.75706e+06
-363696
-0.169202
0.00713374
0.00579937
0.000555236
0
0
0
1682192319.79748
msg_begin
7.75706e+06
-363696
-0.169145
0.0160393
0.00922935
0.00119645
0
0
0
1682192319.84742
msg_begin
7.75706e+06
-363696
-0.167141
0.0203193
0.00234367
0.000672083
0
0
0
1682192319.89736
msg_begin
7.75706e+06
-363696
-0.167135
0.0406993
0.00239155
0.000836897
0
0
0
1682192319.94727
msg_begin
7.75706e+06
-363696
-0.166762
0.000865861
0.000149718
5.60386e-05
0
0
0
1682192319.99727
msg_begin
7.75706e+06
-363696
-0.165426
0.0186538
0.00663377
0.000456481
0
0
0
1682192320.04718
msg_begin
7.75706e+06
-363696
-0.16708
0.00519668
0.000816366
0.000219356
0
0
0
1682192320.09715
msg_begin
7.75706e+06
-363696
-0.164481
0.000906123
0.00115455
0.000130261
0
0
0
1682192320.14712
msg_begin
7.75706e+06
-363696
-0.163391
0.00294626
0.000187851
0.000141104
0
0
0
1682192320.19714
msg_begin
7.75706e+06
-363696
-0.160966
7.26432e-08
6.98492e-10
9.15934e-16
0
0
0
1682192320.24721
msg_begin
7.75706e+06
-363696
-0.158791
5.86733e-08
3.49246e-09
5.27356e-16
0
0
0
1682192320.29734
msg_begin
7.75706e+06
-363696
-0.156688
0.00398339
0.00549113
0.00027667
0
0
0
1682192320.34724
msg_begin
7.75706e+06
-363696
-0.154369
0.00510414
0.00489843
0.00039654
0
0
0
1682192320.39734
msg_begin
7.75706e+06
-363696
-0.151406
1.49012e-08
1.97906e-09
1.16573e-15
0
0
0
1682192320.44732
msg_begin
7.75706e+06
-363696
-0.147949
0.00383564
0.00670646
0.000590487
0
0
0
1682192320.49738
msg_begin
7.75706e+06
-363696
-0.145785
0.00213894
0.00115228
0.000106628
0
0
0
1682192320.54726
msg_begin
7.75706e+06
-363696
-0.144184
0.00506466
1.69141e-05
3.93964e-05
0
0
0
1682192320.59732
msg_begin
7.75706e+06
-363696
-0.141388
0.0152995
0.00701008
0.00119085
0
0
0
1682192320.64724
msg_begin
7.75706e+06
-363696
-0.139849
0.00380198
6.3592e-05
1.31651e-05
0
0
0
1682192320.69714
msg_begin
7.75707e+06
-363696
-0.136701
0.0115198
0.0056868
0.000397628
0
0
0
1682192320.74712
msg_begin
7.75707e+06
-363696
-0.134523
0.00680532
0.00456478
0.000420265
0
0
0
1682192320.79715
msg_begin
7.75707e+06
-363696
-0.130545
0.0118671
0.0037256
0.000610933
0
0
0
1682192320.84717
msg_begin
7.75707e+06
-363696
-0.125445
0.0313503
0.00483736
0.00228987
0
0
0
1682192320.89718
msg_begin
7.75707e+06
-363696
-0.125896
0.00348784
0.000175334
0.00032472
0
0
0
1682192320.94719
msg_begin
7.75707e+06
-363696
-0.122014
0.0130152
0.00251943
0.000508098
0
0
0
1682192320.99717
msg_begin
7.75707e+06
-363697
-0.117823
0.00556945
0.000778805
0.000572464
0
0
0
1682192321.04716
msg_begin
7.75707e+06
-363697
-0.113884
0.00669342
0.00470392
0.000216077
0
0
0
1682192321.09725
msg_begin
7.75707e+06
-363697
-0.11006
0.00198605
0.00236888
0.000404284
0
0
0
1682192321.14714
msg_begin
7.75707e+06
-363697
-0.104151
0.0136183
0.0052137
0.000343681
0
0
0
1682192321.19711
msg_begin
7.75707e+06
-363697
-0.0988241
4.47035e-08
2.44472e-09
2.498e-16
0
0
0
1682192321.24700
msg_begin
7.75707e+06
-363697
-0.090588
8.9407e-08
8.73115e-10
1.31839e-15
0
0
0
1682192321.29703
msg_begin
7.75707e+06
-363697
-0.0852609
0.0199624
0.0111724
0.00234951
0
0
0
1682192321.34695
msg_begin
7.75707e+06
-363697
-0.080465
6.51926e-09
2.79397e-09
3.60822e-16
0
0
0
1682192321.39693
msg_begin
7.75707e+06
-363697
-0.0690413
0.0308845
0.00240093
0.000703325
0
0
0
1682192321.44698
msg_begin
7.75707e+06
-363697
-0.0624913
0.00992915
0.00385324
0.00112967
0
0
0
1682192321.49685
msg_begin
7.75707e+06
-363697
-0.0509907
0.00276013
0.0117209
0.000217224
0
0
0
1682192321.54685
msg_begin
7.75707e+06
-363697
-0.038518
6.33299e-08
1.33878e-09
2.77556e-17
0
0
0
1682192321.59691
msg_begin
7.75707e+06
-363697
-0.0300639
0.0125426
0.00794082
0.000903017
0
0
0
1682192321.64686
msg_begin
7.75707e+06
-363697
-0.0157952
2.42144e-08
4.07454e-10
5.20417e-17
0
0
0
1682192321.69706
msg_begin
7.75707e+06
-363697
-0.00585896
0.00873008
0.0143968
0.00101128
0
0
0
1682192321.74692
msg_begin
7.75707e+06
-363697
0.0083855
0.00678563
0.00189531
0.000341039
0
0
0
1682192321.79698
msg_begin
7.75707e+06
-363697
0.0202493
0.0220068
0.00353384
0.000888887
0
0
0
1682192321.84700
msg_begin
7.75707e+06
-363697
0.0324413
0.0134835
0.00108343
0.000132103
0
0
0
1682192321.89701
msg_begin
7.75707e+06
-363697
0.0555273
0.00491902
0.000113828
0.000249457
0
0
0
1682192321.94701
msg_begin
7.75707e+06
-363697
0.0669689
0.0143296
0.00810621
0.000848214
0
0
0
1682192321.99701
msg_begin
7.75707e+06
-363697
0.0829185
0.00413814
0.00472226
0.000574332
0
0
0
1682192322.04703
msg_begin
7.75707e+06
-363697
0.101815
5.68107e-08
1.16415e-10
2.35922e-16
0
0
0
1682192322.09698
msg_begin
7.75707e+06
-363697
0.11032
6.61239e-08
4.65661e-10
4.44089e-16
0
0
0
1682192322.14696
msg_begin
7.75707e+06
-363697
0.128857
0.00685628
0.0085567
0.0012542
0
0
0
1682192322.19693
msg_begin
7.75707e+06
-363697
0.140411
0.00232235
0.0112002
0.000324522
0
0
0
1682192322.24694
msg_begin
7.75707e+06
-363696
0.158653
0.0197204
0.00597305
0.000892778
0
0
0
1682192322.29699
msg_begin
7.75707e+06
-363696
0.171913
0.0264332
0.0144809
0.000523712
0
0
0
1682192322.34701
msg_begin
7.75707e+06
-363696
0.186387
0.0054027
0.000976272
0.000267717
0
0
0
1682192322.39705
msg_begin
7.75707e+06
-363696
0.199083
5.68107e-08
6.40284e-10
2.27596e-15
0
0
0
1682192322.44704
msg_begin
7.75707e+06
-363696
0.217215
0.00304651
0.00406279
0.000292849
0
0
0
1682192322.49712
msg_begin
7.75707e+06
-363696
0.233856
0.00282629
0.00744532
0.000362506
0
0
0
1682192322.54711
msg_begin
7.75708e+06
-363696
0.247569
0.00712222
0.00197449
0.00014259
0
0
0
1682192322.59717
msg_begin
7.75708e+06
-363696
0.258028
0.00711125
0.00456855
0.000666802
0
0
0
1682192322.64721
msg_begin
7.75708e+06
-363696
0.273044
0.00646864
0.00957292
0.000509244
0
0
0
1682192322.69719
msg_begin
7.75708e+06
-363696
0.287457
4.47035e-08
9.31323e-10
5.55112e-17
0
0
0
1682192322.74724
msg_begin
7.75708e+06
-363696
0.298367
0.0065137
0.00233098
0.000286624
0
0
0
1682192322.79721
msg_begin
7.75708e+06
-363696
0.314861
0.00229996
8.75282e-05
7.69567e-05
0
0
0
1682192322.84729
msg_begin
7.75708e+06
-363696
0.329643
0.00126295
0.00303221
0.000202943
0
0
0
1682192322.89731
msg_begin
7.75708e+06
-363696
0.340208
0.00171702
0.000486862
3.75702e-05
0
0
0
1682192322.94741
msg_begin
7.75708e+06
-363695
0.351002
0.00859961
0.0054963
0.000555046
0
0
0
1682192322.99738
msg_begin
7.75708e+06
-363695
0.36491
0.00164654
0.00121231
0.000146106
0
0
0
1682192323.04748
msg_begin
7.75708e+06
-363695
0.372273
8.3819e-09
4.07454e-09
1.9984e-15
0
0
0
1682192323.09758
msg_begin
7.75708e+06
-363695
0.379794
8.56817e-08
1.74623e-09
9.99201e-16
0
0
0
1682192323.14759
msg_begin
7.75708e+06
-363695
0.389295
0.00124886
0.00166922
0.000178313
0
0
0
1682192323.19761
msg_begin
7.75708e+06
-363695
0.397617
0.00253852
0.0021543
0.000229493
0
0
0
1682192323.24764
msg_begin
7.75708e+06
-363695
0.403373
0.00642465
0.00351889
5.26188e-05
0
0
0
1682192323.29764
msg_begin
7.75708e+06
-363695
0.408344
2.79397e-08
4.07454e-10
6.66134e-16
0
0
0
1682192323.40735
msg_begin
7.75708e+06
-363695
0.415971
0.0101125
0.000394425
0.000985201
0
0
0
1682192323.44769
msg_begin
7.75708e+06
-363694
0.423583
0.000341612
0.00054266
1.74529e-05
0
0
0
1682192323.49769
msg_begin
7.75708e+06
-363694
0.431059
9.65329e-05
0.00084074
3.45309e-05
0
0
0
1682192323.54773
msg_begin
7.75708e+06
-363694
0.434947
0.00239965
0.00176649
0.000114735
0
0
0
1682192323.59766
msg_begin
7.75708e+06
-363694
0.438446
0.0078888
0.00276416
0.000967195
0
0
0
1682192323.64762
msg_begin
7.75708e+06
-363694
0.4442
0.000353029
0.000709743
1.30763e-06
0
0
0
1682192323.69757
msg_begin
7.75708e+06
-363694
0.449577
0.0173928
0.00133745
0.000142414
0
0
0
1682192323.74795
msg_begin
7.75708e+06
-363694
0.453956
0.0031063
0.00259574
0.000163036
0
0
0
1682192323.79755
msg_begin
7.75708e+06
-363693
0.459338
0.000674983
0.00108933
5.62529e-05
0
0
0
1682192323.84748
msg_begin
7.75708e+06
-363693
0.461875
0.00276205
0.0125744
0.000190533
0
0
0
1682192323.89745
msg_begin
7.75708e+06
-363693
0.465969
0.00389282
0.00184013
0.000165659
0
0
0
1682192323.94749
msg_begin
7.75708e+06
-363693
0.47142
5.86733e-08
1.04774e-09
4.27436e-15
0
0
0
1682192323.99748
msg_begin
7.75708e+06
-363693
0.475253
0.00688461
0.00252083
0.000464251
0
0
0
1682192324.04753
msg_begin
7.75708e+06
-363693
0.476051
8.3819e-09
2.56114e-09
6.10623e-16
0
0
0
1682192324.09753
msg_begin
7.75708e+06
-363692
0.479047
4.93601e-08
1.10595e-09
3.4972e-15
0
0
0
1682192324.14792
msg_begin
7.75708e+06
-363692
0.480323
0.0091789
0.00858615
0.000859945
0
0
0
1682192324.19761
msg_begin
7.75708e+06
-363692
0.481751
0.00808825
0.00360017
0.000462661
0
0
0
1682192324.24762
msg_begin
7.75708e+06
-363692
0.485497
0.0118897
0.00736046
0.00057144
0
0
0
1682192324.29761
msg_begin
7.75708e+06
-363692
0.486414
0.00171341
0.000768239
0.000110624
0
0
0
1682192324.34761
msg_begin
7.75709e+06
-363692
0.488916
7.91624e-08
0
4.27436e-15
0
0
0
1682192324.39761
msg_begin
7.75709e+06
-363692
0.491538
0.00382962
0.00207989
0.000436376
0
0
0
1682192324.44770
msg_begin
7.75709e+06
-363691
0.493206
0.0345534
0.00621133
0.000527086
0
0
0
1682192324.49760
msg_begin
7.75709e+06
-363691
0.497896
0.00662371
0.00954914
0.000118373
0
0
0
1682192324.54798
msg_begin
7.75709e+06
-363691
0.499866
0.00285525
0.00106314
7.68715e-05
0
0
0
1682192324.59761
msg_begin
7.75709e+06
-363691
0.499178
0.0101796
0.00230628
7.62201e-05
0
0
0
1682192324.64760
msg_begin
7.75709e+06
-363691
0.502722
0.0094945
0.0153168
0.00186005
0
0
0
1682192324.69760
msg_begin
7.75709e+06
-363691
0.503298
0.00085481
0.00221944
5.4518e-05
0
0
0
1682192324.74765
msg_begin
7.75709e+06
-363690
0.503991
0.00741118
0.00175755
0.000257292
0
0
0
1682192324.79765
msg_begin
7.75709e+06
-363690
0.506169
0.000608086
0.0052167
0.000286838
0
0
0
1682192324.84768
msg_begin
7.75709e+06
-363690
0.506032
0.00285667
0.00101293
0.000146002
0
0
0
1682192324.89772
msg_begin
7.75709e+06
-363690
0.509082
7.45058e-09
1.57161e-09
3.77476e-15
0
0
0
1682192324.94769
msg_begin
7.75709e+06
-363690
0.510077
0.00120531
0.00336235
0.000328013
0
0
0
1682192324.99764
msg_begin
7.75709e+06
-363690
0.512734
0.00331155
0.00472946
0.000145886
0
0
0
1682192325.04762
msg_begin
7.75709e+06
-363689
0.515257
0.00286616
0.00562275
0.000421376
0
0
0
1682192325.09764
msg_begin
7.75709e+06
-363689
0.517863
0.00908617
0.00758777
0.000744973
0
0
0
1682192325.14752
msg_begin
7.75709e+06
-363689
0.518037
0.010569
0.00203824
0.000601523
0
0
0
1682192325.19752
msg_begin
7.75709e+06
-363689
0.522233
0.0138829
0.00853561
0.000467914
0
0
0
1682192325.24757
msg_begin
7.75709e+06
-363689
0.525241
2.6077e-08
5.82077e-11
8.88178e-16
0
0
0
1682192325.29754
msg_begin
7.75709e+06
-363688
0.524771
0.0130565
0.00567952
0.000200692
0
0
0
1682192325.34759
msg_begin
7.75709e+06
-363688
0.523951
0.012933
0.00664128
0.00141557
0
0
0
1682192325.39755
msg_begin
7.75709e+06
-363688
0.525355
3.07336e-08
2.38651e-09
1.22125e-15
0
0
0
1682192325.44766
msg_begin
7.75709e+06
-363688
0.526047
0.000505621
0.000727671
0.00020296
0
0
0
1682192325.49768
msg_begin
7.75709e+06
-363688
0.528532
0.0029326
0.00489651
0.000188053
0
0
0
1682192325.54774
msg_begin
7.75709e+06
-363688
0.531079
0.00601255
0.00447609
0.000506212
0
0
0
1682192325.59778
msg_begin
7.75709e+06
-363687
0.532048
0.00218616
0.000337851
0.00019777
0
0
0
1682192325.64780
msg_begin
7.75709e+06
-363687
0.53477
0.00165041
0.00170153
0.000153321
0
0
0
1682192325.69781
msg_begin
7.75709e+06
-363687
0.533497
0.0113324
0.0111727
0.00153863
0
0
0
1682192325.74778
msg_begin
7.75709e+06
-363687
0.53744
0.00595802
0.00433682
0.0018033
0
0
0
1682192325.79783
msg_begin
7.75709e+06
-363687
0.539546
0.00426205
0.00103646
0.000158835
0
0
0
1682192325.84786
msg_begin
7.75709e+06
-363686
0.537038
0.00159254
0.00159752
0.000332788
0
0
0
1682192325.89786
msg_begin
7.75709e+06
-363686
0.54047
0.0117846
0.00443752
0.000626313
0
0
0
1682192325.94848
msg_begin
7.75709e+06
-363686
0.540198
0.00451243
0.00321699
0.00025304
0
0
0
1682192325.99766
msg_begin
7.75709e+06
-363686
0.541921
0.00473954
0.00304539
5.59529e-05
0
0
0
1682192326.04764
msg_begin
7.75709e+06
-363686
0.540966
0.0284184
0.0185207
0.00207613
0
0
0
1682192326.09763
msg_begin
7.7571e+06
-363686
0.540786
0.00522091
0.00192199
1.03805e-05
0
0
0
1682192326.14783
msg_begin
7.7571e+06
-363685
0.543685
2.04891e-08
4.65661e-10
1.77636e-15
0
0
0
1682192326.19747
msg_begin
7.7571e+06
-363685
0.542362
0.000594863
8.93009e-05
7.8671e-05
0
0
0
1682192326.24747
msg_begin
7.7571e+06
-363685
0.542349
9.31323e-10
4.65661e-10
4.21885e-15
0
0
0
1682192326.29737
msg_begin
7.7571e+06
-363685
0.541814
0.0124961
0.000774883
0.000695743
0
0
0
1682192326.34755
msg_begin
7.7571e+06
-363685
0.538056
0.00117725
0.000932368
0.000113267
0
0
0
1682192326.39725
msg_begin
7.7571e+06
-363685
0.537909
0.0116852
0.00954359
0.000407807
0
0
0
1682192326.44713
msg_begin
7.7571e+06
-363684
0.534002
6.51926e-09
3.08501e-09
7.77156e-16
0
0
0
1682192326.49709
msg_begin
7.7571e+06
-363684
0.536588
9.31323e-09
0
6.66134e-16
0
0
0
1682192326.54724
msg_begin
7.7571e+06
-363684
0.540325
4.65661e-09
2.91038e-09
2.22045e-15
0
0
0
1682192326.59700
msg_begin
7.7571e+06
-363684
0.537956
0.000753222
0.000482379
0.000114487
0
0
0
1682192326.64700
msg_begin
7.7571e+06
-363684
0.53692
0.0142728
0.0114168
0.000753318
0
0
0
1682192326.69704
msg_begin
7.7571e+06
-363684
0.53612
7.82311e-08
6.40284e-10
4.32987e-15
0
0
0
1682192326.80364
msg_begin
7.7571e+06
-363683
0.531796
2.79397e-09
2.32831e-10
1.22125e-15
0
0
0
1682192326.84729
msg_begin
7.7571e+06
-363683
0.529549
0.00317394
0.0034163
0.000451948
0
0
0
1682192326.89740
msg_begin
7.7571e+06
-363683
0.528343
0.00757193
0.00315715
0.000577429
0
0
0
1682192326.94740
msg_begin
7.7571e+06
-363683
0.529206
2.23517e-08
2.96859e-09
1.9984e-15
0
0
0
1682192326.99746
msg_begin
7.7571e+06
-363683
0.529486
0.00137185
0.000107333
5.07558e-05
0
0
0
1682192327.04752
msg_begin
7.7571e+06
-363683
0.529693
4.56348e-08
1.39698e-09
1.55431e-15
0
0
0
1682192327.09756
msg_begin
7.7571e+06
-363683
0.528468
0.00614815
0.000956654
0.000309926
0
0
0
1682192327.14757
msg_begin
7.7571e+06
-363683
0.531248
1.49012e-08
3.49246e-10
4.44089e-16
0
0
0
1682192327.19755
msg_begin
7.7571e+06
-363682
0.53263
8.3819e-09
4.07454e-10
1.77636e-15
0
0
0
1682192327.24747
msg_begin
7.7571e+06
-363682
0.52938
0.00465211
0.00147499
0.000172078
0
0
0
1682192327.29749
msg_begin
7.7571e+06
-363682
0.527302
0.0178949
0.010092
0.00173935
0
0
0
1682192327.34742
msg_begin
7.7571e+06
-363682
0.527575
0.000206355
0.00209285
5.79739e-05
0
0
0
1682192327.39740
msg_begin
7.7571e+06
-363682
0.531688
0.00783467
0.00444328
0.00018324
0
0
0
1682192327.44735
msg_begin
7.7571e+06
-363682
0.533715
0.0028697
0.0137687
0.000122701
0
0
0
1682192327.49732
msg_begin
7.7571e+06
-363682
0.536202
5.68107e-08
2.09548e-09
3.77476e-15
0
0
0
1682192327.54730
msg_begin
7.7571e+06
-363682
0.532821
0.0102378
0.00609661
0.000793602
0
0
0
1682192327.59716
msg_begin
7.7571e+06
-363681
0.533517
0.0352392
0.0128218
0.000830778
0
0
0
1682192327.64711
msg_begin
7.7571e+06
-363681
0.533944
0.0064503
0.00426274
0.000242047
0
0
0
1682192327.69708
msg_begin
7.7571e+06
-363681
0.535627
2.32831e-08
2.73576e-09
5.21805e-15
0
0
0
1682192327.74700
msg_begin
7.7571e+06
-363681
0.536609
0.00933158
0.011605
0.000740688
0
0
0
1682192327.79708
msg_begin
7.7571e+06
-363681
0.536101
0.0020623
0.000458158
0.000103013
0
0
0
1682192327.84706
msg_begin
7.7571e+06
-363681
0.537227
0.0117564
0.00843826
0.00124925
0
0
0
1682192327.89697
msg_begin
7.7571e+06
-363681
0.536042
9.03383e-08
1.28057e-09
2.66454e-15
0
0
0
1682192327.94737
msg_begin
7.7571e+06
-363681
0.535558
2.51457e-08
3.31784e-09
5.32907e-15
0
0
0
1682192327.99695
msg_begin
7.7571e+06
-363681
0.534824
0.00820279
0.00248892
0.000580151
0
0
0
1682192328.04698
msg_begin
7.7571e+06
-363681
0.536807
0.00333759
0.000734282
0.00103483
0
0
0
1682192328.09698
msg_begin
7.7571e+06
-363680
0.533403
0.00713008
0.00339257
0.00110411
0
0
0
1682192328.14703
msg_begin
7.7571e+06
-363680
0.53433
0.00529459
0.00293824
0.000312723
0
0
0
1682192328.19704
msg_begin
7.7571e+06
-363680
0.535172
0.0120422
0.0031213
0.000725948
0
0
0
1682192328.24705
msg_begin
7.7571e+06
-363680
0.534503
0.000622078
0.000782827
0.000126789
0
0
0
1682192328.29696
msg_begin
7.7571e+06
-363680
0.53699
8.3819e-09
2.50293e-09
9.99201e-16
0
0
0
1682192328.34765
msg_begin
7.7571e+06
-363680
0.535971
0.000274751
0.000200922
4.58022e-05
0
0
0
1682192328.39690
msg_begin
7.7571e+06
-363680
0.53536
0.00863112
0.00478034
0.00167379
0
0
0
1682192328.44686
msg_begin
7.7571e+06
-363680
0.541048
0.00548677
0.00399069
0.000143505
0
0
0
1682192328.49680
msg_begin
7.7571e+06
-363680
0.540009
0.00126353
0.000536572
2.03518e-05
0
0
0
1682192328.54672
msg_begin
7.7571e+06
-363680
0.541645
0.00392971
0.00448832
0.000292152
0
0
0
1682192328.59665
msg_begin
7.75711e+06
-363679
0.540647
7.82311e-08
4.07454e-10
2.22045e-16
0
0
0
1682192328.64658
msg_begin
7.75711e+06
-363679
0.539575
0.0124758
0.0102667
0.000842137
0
0
0
1682192328.69655
msg_begin
7.75711e+06
-363679
0.541647
0.00130371
0.000429821
0.000100832
0
0
0
1682192328.74648
msg_begin
7.75711e+06
-363679
0.538845
0.0002446
0.00290656
5.25142e-05
0
0
0
1682192328.79646
msg_begin
7.75711e+06
-363679
0.540067
0.000909112
0.000354553
0.000154649
0
0
0
1682192328.84643
msg_begin
7.75711e+06
-363679
0.536675
0.00108697
0.000618361
0.000303313
0
0
0
1682192328.89644
msg_begin
7.75711e+06
-363679
0.536355
0.00619082
0.00713133
0.000265888
0
0
0
1682192328.94653
msg_begin
7.75711e+06
-363679
0.535544
0.00509313
0.00708163
0.000293084
0
0
0
1682192328.99650
msg_begin
7.75711e+06
-363679
0.536528
0.00580905
0.0019065
0.000134842
0
0
0
1682192329.04656
msg_begin
7.75711e+06
-363679
0.538996
0.00563005
0.00105328
0.000192874
0
0
0
1682192329.09660
msg_begin
7.75711e+06
-363678
0.541434
0.00572783
0.00862066
0.00118805
0
0
0
1682192329.14699
msg_begin
7.75711e+06
-363678
0.539153
0.00949473
0.00566884
0.000242228
0
0
0
1682192329.19672
msg_begin
7.75711e+06
-363678
0.537422
5.96046e-08
5.23869e-10
1.55431e-15
0
0
0
1682192329.24681
msg_begin
7.75711e+06
-363678
0.538714
0.00382712
0.00411703
0.000429715
0
0
0
1682192329.29690
msg_begin
7.75711e+06
-363678
0.538841
8.3819e-09
2.79397e-09
3.77476e-15
0
0
0
1682192329.34700
msg_begin
7.75711e+06
-363678
0.537728
0.00879812
0.00373604
0.000363605
0
0
0
1682192329.39703
msg_begin
7.75711e+06
-363678
0.537945
0.00405594
0.00148376
0.000132839
0
0
0
1682192329.44707
msg_begin
7.75711e+06
-363678
0.537989
2.6077e-08
1.33878e-09
4.32987e-15
0
0
0
1682192329.49710
msg_begin
7.75711e+06
-363678
0.538888
0.0145091
0.0027056
0.00103907
0
0
0
1682192329.54754
msg_begin
7.75711e+06
-363677
0.537788
0.0055065
0.0035506
0.000129199
0
0
0
1682192329.59711
msg_begin
7.75711e+06
-363677
0.537501
0.000358746
0.000383682
0.000216982
0
0
0
1682192329.64709
msg_begin
7.75711e+06
-363677
0.537364
0.00207817
0.00322614
0.00023092
0
0
0
1682192329.69706
msg_begin
7.75711e+06
-363677
0.538437
0.00457118
0.00208478
0.00028575
0
0
0
1682192329.74709
msg_begin
7.75711e+06
-363677
0.538096
0.00254182
0.0034905
0.000133517
0
0
0
1682192329.79699
msg_begin
7.75711e+06
-363677
0.533553
0.00247437
0.00050145
0.000226192
0
0
0
1682192329.84695
msg_begin
7.75711e+06
-363677
0.532943
7.44146e-05
0.00168196
5.82505e-05
0
0
0
1682192329.89687
msg_begin
7.75711e+06
-363677
0.531407
0.0020551
0.00703478
0.000126273
0
0
0
1682192329.94685
msg_begin
7.75711e+06
-363676
0.527831
0.00989595
0.00744755
0.000714001
0
0
0
1682192329.99688
msg_begin
7.75711e+06
-363676
0.52851
0.000627838
0.000269624
4.23209e-05
0
0
0
1682192330.04675
msg_begin
7.75711e+06
-363676
0.530328
0.00627613
0.00123828
0.000379966
0
0
0
1682192330.09669
msg_begin
7.75711e+06
-363676
0.527925
0.000791781
0.00152216
0.000139833
0
0
0
1682192330.14671
msg_begin
7.75711e+06
-363676
0.528312
0.0062757
0.00277289
0.000169202
0
0
0
1682192330.19672
msg_begin
7.75711e+06
-363676
0.528587
0.00356356
0.003597
0.0001653
0
0
0
1682192330.24669
msg_begin
7.75711e+06
-363676
0.528092
0.00253745
0.00398853
0.000414552
0
0
0
1682192330.29675
msg_begin
7.75711e+06
-363676
0.528369
5.21541e-08
1.45519e-09
8.88178e-16
0
0
0
1682192330.34674
msg_begin
7.75711e+06
-363675
0.529169
0.00954677
0.003616
0.000375541
0
0
0
1682192330.39666
msg_begin
7.75711e+06
-363675
0.531433
0.00039041
0.000340001
4.32386e-05
0
0
0
1682192330.44675
msg_begin
7.75711e+06
-363675
0.530537
0.000446122
0.00172479
0.000120048
0
0
0
1682192330.49683
msg_begin
7.75711e+06
-363675
0.528227
0.00517077
0.00127763
0.000547737
0
0
0
1682192330.54686
msg_begin
7.75711e+06
-363675
0.526854
0.00167309
0.00336832
0.00065297
0
0
0
1682192330.59690
msg_begin
7.75711e+06
-363675
0.524239
0.0196647
0.00778744
0.00104744
0
0
0
1682192330.64691
msg_begin
7.75711e+06
-363675
0.52411
0.00491927
0.00339951
4.03421e-05
0
0
0
1682192330.69694
msg_begin
7.75711e+06
-363675
0.523554
0.0294679
0.0167185
0.0012039
0
0
0
1682192330.74752
msg_begin
7.75711e+06
-363674
0.525475
0.00952778
0.00840566
0.000382361
0
0
0
1682192330.79708
msg_begin
7.75711e+06
-363674
0.526887
0.00142657
0.000764568
6.46136e-05
0
0
0
1682192330.84717
msg_begin
7.75711e+06
-363674
0.528135
0.0028345
0.000801493
0.000250167
0
0
0
1682192330.89717
msg_begin
7.75711e+06
-363674
0.526117
0.00233948
0.00110296
0.000367124
0
0
0
1682192330.94725
msg_begin
7.75711e+06
-363674
0.524005
6.51926e-09
2.50293e-09
1.22125e-15
0
0
0
1682192330.99727
msg_begin
7.75711e+06
-363674
0.525406
0.00671179
0.00566964
0.000673147
0
0
0
1682192331.04723
msg_begin
7.75711e+06
-363674
0.524099
0.0122233
0.00134652
0.000665656
0
0
0
1682192331.09715
msg_begin
7.75711e+06
-363673
0.523464
7.72303e-06
0.000486269
5.12646e-05
0
0
0
1682192331.14755
msg_begin
7.75712e+06
-363673
0.52347
4.56348e-08
1.74623e-10
3.10862e-15
0
0
0
1682192331.19710
msg_begin
7.75712e+06
-363673
0.523546
0.00153325
0.0012466
5.59167e-05
0
0
0
1682192331.24715
msg_begin
7.75712e+06
-363673
0.523912
0.0178181
0.0106205
0.000676091
0
0
0
1682192331.29708
msg_begin
7.75712e+06
-363673
0.527608
0.00141632
0.00176729
0.000229357
0
0
0
1682192331.34706
msg_begin
7.75712e+06
-363673
0.526961
1.95578e-08
4.07454e-10
1.77636e-15
0
0
0
1682192331.39705
msg_begin
7.75712e+06
-363672
0.525999
0.000825515
0.000392823
2.29871e-05
0
0
0
1682192331.44711
msg_begin
7.75712e+06
-363672
0.522004
1.95578e-08
3.49246e-09
4.77396e-15
0
0
0
1682192331.49702
msg_begin
7.75712e+06
-363672
0.520706
0.000105224
0.000740822
6.97214e-05
0
0
0
1682192331.54754
msg_begin
7.75712e+06
-363672
0.519509
0.00336098
0.00461635
0.000782545
0
0
0
1682192331.59696
msg_begin
7.75712e+06
-363672
0.518677
0.00462733
0.00342895
0.000848177
0
0
0
1682192331.64698
msg_begin
7.75712e+06
-363672
0.517841
0.00570044
0.00549072
0.000216908
0
0
0
1682192331.69692
msg_begin
7.75712e+06
-363672
0.515918
0.00858916
0.00432878
0.00152792
0
0
0
1682192331.74702
msg_begin
7.75712e+06
-363671
0.514587
0.00225104
0.0108879
0.000231234
0
0
0
1682192331.79701
msg_begin
7.75712e+06
-363671
0.514605
0.000407688
0.000535298
1.00909e-05
0
0
0
1682192331.84701
msg_begin
7.75712e+06
-363671
0.513422
0.00899569
0.00532613
0.000404011
0
0
0
1682192331.89710
msg_begin
7.75712e+06
-363671
0.511567
0.00163267
0.00109626
0.000187244
0
0
0
1682192331.94708
msg_begin
7.75712e+06
-363671
0.510828
0.00474219
0.0035091
0.000117205
0
0
0
1682192331.99707
msg_begin
7.75712e+06
-363671
0.507598
0.00224376
0.00356642
0.000705927
0
0
0
1682192332.04706
msg_begin
7.75712e+06
-363670
0.507542
0.00365154
0.000169843
5.93207e-05
0
0
0
1682192332.09707
msg_begin
7.75712e+06
-363670
0.509404
0.00673725
0.00513376
0.000624683
0
0
0
1682192332.14701
msg_begin
7.75712e+06
-363670
0.510532
0.000430487
0.000195743
9.44655e-06
0
0
0
1682192332.19697
msg_begin
7.75712e+06
-363670
0.507043
0.00714666
0.000211729
0.000433678
0
0
0
1682192332.24703
msg_begin
7.75712e+06
-363670
0.509048
0.0145968
0.00785957
0.00128398
0
0
0
1682192332.29707
msg_begin
7.75712e+06
-363670
0.50788
0.00473107
0.000773165
0.000239821
0
0
0
1682192332.34707
msg_begin
7.75712e+06
-363669
0.505005
0.00309917
0.0013364
0.000290819
0
0
0
1682192332.39709
msg_begin
7.75712e+06
-363669
0.505952
0.000544386
0.000299071
0.000171817
0
0
0
1682192332.44709
msg_begin
7.75712e+06
-363669
0.503827
0.00287504
0.000447285
4.33378e-05
0
0
0
1682192332.49710
msg_begin
7.75712e+06
-363669
0.502312
0.00678564
0.0021231
0.000375925
0
0
0
1682192332.54712
msg_begin
7.75712e+06
-363669
0.502254
0.00457406
0.00637228
9.06051e-05
0
0
0
1682192332.59721
msg_begin
7.75712e+06
-363669
0.497676
0.018638
0.0194533
0.000979423
0
0
0
1682192332.64720
msg_begin
7.75712e+06
-363668
0.499202
8.10251e-08
1.62981e-09
5.44009e-15
0
0
0
1682192332.69720
msg_begin
7.75712e+06
-363668
0.49994
0.00469594
0.00663267
0.000529307
0
0
0
1682192332.74753
msg_begin
7.75712e+06
-363668
0.499421
0.00245117
0.00667756
0.000538319
0
0
0
1682192332.79720
msg_begin
7.75712e+06
-363668
0.502607
0.028878
0.0186397
0.0003203
0
0
0
1682192332.84728
msg_begin
7.75712e+06
-363668
0.501522
0.0158212
0.00898302
0.000809981
0
0
0
1682192332.89721
msg_begin
7.75712e+06
-363668
0.499408
0.00124158
0.00150385
0.000156232
0
0
0
1682192332.94724
msg_begin
7.75713e+06
-363667
0.50356
1.49012e-08
1.97906e-09
1.33227e-15
0
0
0
1682192332.99726
msg_begin
7.75713e+06
-363667
0.501426
0.000798676
0.00335358
0.000258637
0
0
0
1682192333.04723
msg_begin
7.75713e+06
-363667
0.501385
0.000790171
0.000649373
8.63527e-05
0
0
0
1682192333.09730
msg_begin
7.75713e+06
-363667
0.500993
0.00726536
0.00988292
0.000286001
0
0
0
1682192333.14726
msg_begin
7.75713e+06
-363667
0.502666
0.00118415
0.00103094
0.000129958
0
0
0
1682192333.19725
msg_begin
7.75713e+06
-363666
0.499336
0.00800683
0.00771574
0.00132144
0
0
0
1682192333.29731
msg_begin
7.75713e+06
-363666
0.496931
0.0116472
0.00897769
0.000897056
0
0
0
1682192333.34731
msg_begin
7.75713e+06
-363666
0.496519
0.00842342
0.00311655
0.000272481
0
0
0
1682192333.39722
msg_begin
7.75713e+06
-363666
0.501063
5.96046e-08
1.97906e-09
5.21805e-15
0
0
0
1682192333.44716
msg_begin
7.75713e+06
-363666
0.501116
0.00302245
0.00421807
0.000496286
0
0
0
1682192333.49711
msg_begin
7.75713e+06
-363665
0.500921
0.0035532
0.00141958
0.00015202
0
0
0
1682192333.54708
msg_begin
7.75713e+06
-363665
0.499254
0.0177428
0.00121162
0.000747503
0
0
0
1682192333.59703
msg_begin
7.75713e+06
-363665
0.498884
0.00221156
0.00247958
0.00039789
0
0
0
1682192333.64701
msg_begin
7.75713e+06
-363665
0.499605
0.00360706
0.00900458
0.000215597
0
0
0
1682192333.69712
msg_begin
7.75713e+06
-363665
0.499006
0.00246018
0.00342161
0.000627922
0
0
0
1682192333.74701
msg_begin
7.75713e+06
-363665
0.500322
0.0103484
0.00616869
0.000697934
0
0
0
1682192333.79702
msg_begin
7.75713e+06
-363664
0.498242
0.0071732
0.00933004
0.000582026
0
0
0
1682192333.84707
msg_begin
7.75713e+06
-363664
0.496942
0.00754263
0.00550124
0.000935982
0
0
0
1682192333.89724
msg_begin
7.75713e+06
-363664
0.495318
0.00634862
0.000733195
0.00143273
0
0
0
1682192333.94712
msg_begin
7.75713e+06
-363664
0.496619
5.86733e-08
2.91038e-10
1.83187e-15
0
0
0
1682192333.99710
msg_begin
7.75713e+06
-363664
0.495383
0.00855208
0.0082923
0.000487947
0
0
0
1682192334.04715
msg_begin
7.75713e+06
-363663
0.495941
0.00971173
0.00258104
0.000477587
0
0
0
1682192334.09728
msg_begin
7.75713e+06
-363663
0.49457
0.00711455
0.00143188
0.00022073
0
0
0
1682192334.14726
msg_begin
7.75713e+06
-363663
0.494445
0.00462206
0.00486041
0.000389617
0
0
0
1682192334.19727
msg_begin
7.75713e+06
-363663
0.494748
0.0039894
0.00556413
0.000399131
0
0
0
1682192334.24736
msg_begin
7.75713e+06
-363663
0.497859
0.00603914
0.00301066
0.00067194
0
0
0
1682192334.29742
msg_begin
7.75713e+06
-363663
0.49737
0.0104371
0.00880229
0.00073741
0
0
0
1682192334.34748
msg_begin
7.75713e+06
-363662
0.497371
0.0014417
0.00107934
0.000101548
0
0
0
1682192334.39757
msg_begin
7.75713e+06
-363662
0.496253
0.011958
0.00859299
0.000641116
0
0
0
1682192334.44761
msg_begin
7.75713e+06
-363662
0.495136
0.014549
0.00140343
0.000200189
0
0
0
1682192334.49771
msg_begin
7.75714e+06
-363662
0.492839
0.0101231
0.012692
0.000980625
0
0
0
1682192334.54760
msg_begin
7.75714e+06
-363662
0.49257
2.6077e-08
3.49246e-10
3.88578e-16
0
0
0
1682192334.59756
msg_begin
7.75714e+06
-363661
0.490524
0.00269904
0.0016473
4.77485e-05
0
0
0
1682192334.64758
msg_begin
7.75714e+06
-363661
0.495123
0.000252177
0.00103025
0.000186005
0
0
0
1682192334.69752
msg_begin
7.75714e+06
-363661
0.494804
0.0126338
0.0040284
0.0011481
0
0
0
1682192334.74745
msg_begin
7.75714e+06
-363661
0.49505
0.00303201
0.00267714
0.000182737
0
0
0
1682192334.79741
msg_begin
7.75714e+06
-363661
0.494354
0.0154345
0.00262877
0.00122424
0
0
0
1682192334.84740
msg_begin
7.75714e+06
-363660
0.496206
0.00569842
0.00206922
0.00049706
0
0
0
1682192334.89764
msg_begin
7.75714e+06
-363660
0.49567
0.00150567
0.00032192
5.87362e-05
0
0
0
1682192334.94727
msg_begin
7.75714e+06
-363660
0.491116
0.00720786
0.00254595
0.00124911
0
0
0
1682192334.99716
msg_begin
7.75714e+06
-363660
0.489232
0.00221673
0.00416428
0.000610722
0
0
0
1682192335.04713
msg_begin
7.75714e+06
-363660
0.490368
0.00416959
0.00171714
8.27084e-05
0
0
0
1682192335.09740
msg_begin
7.75714e+06
-363659
0.490713
0.0116786
0.00884756
0.00100418
0
0
0
1682192335.14703
msg_begin
7.75714e+06
-363659
0.493747
7.63685e-08
1.62981e-09
2.22045e-16
0
0
0
1682192335.19699
msg_begin
7.75714e+06
-363659
0.494006
5.7742e-08
1.04774e-09
5.55112e-17
0
0
0
1682192335.24696
msg_begin
7.75714e+06
-363659
0.495446
0.0196262
0.0124675
0.000520296
0
0
0
1682192335.29699
msg_begin
7.75714e+06
-363659
0.494511
0.0352752
0.0247319
0.000739879
0
0
0
1682192335.34687
msg_begin
7.75714e+06
-363659
0.493525
0.0191603
0.0162576
0.000249435
0
0
0
1682192335.39691
msg_begin
7.75714e+06
-363658
0.494238
0.000559218
0.0012078
5.24584e-05
0
0
0
1682192335.44690
msg_begin
7.75714e+06
-363658
0.494869
4.65661e-09
4.01633e-09
3.33067e-15
0
0
0
1682192335.49690
msg_begin
7.75714e+06
-363658
0.496182
0.00340302
0.00439018
0.000181267
0
0
0
1682192335.54688
msg_begin
7.75714e+06
-363658
0.495565
0.00445456
0.000808981
0.000307432
0
0
0
1682192335.59695
msg_begin
7.75714e+06
-363658
0.494749
0.00697006
0.00840162
0.000601798
0
0
0
1682192335.64690
msg_begin
7.75714e+06
-363657
0.494819
0.00463922
0.00141968
0.000258421
0
0
0
1682192335.69724
msg_begin
7.75714e+06
-363657
0.496629
0.00173423
0.00101154
0.000185089
0
0
0
1682192335.74697
msg_begin
7.75714e+06
-363657
0.49584
0.000407153
0.00155751
0.000101272
0
0
0
1682192335.79696
msg_begin
7.75714e+06
-363657
0.495163
0.0190278
0.00545025
0.00135255
0
0
0
1682192335.84699
msg_begin
7.75714e+06
-363657
0.496774
0.00521621
0.00377744
0.000276214
0
0
0
1682192335.89713
msg_begin
7.75714e+06
-363656
0.497992
0.00400107
0.00216813
0.000140015
0
0
0
1682192335.94699
msg_begin
7.75715e+06
-363656
0.498928
0.0130744
0.00740708
0.00113757
0
0
0
1682192335.99703
msg_begin
7.75715e+06
-363656
0.498284
0.016011
0.00659763
0.000400823
0
0
0
1682192336.04700
msg_begin
7.75715e+06
-363656
0.497906
0.00722876
0.00857343
0.000594612
0
0
0
1682192336.09728
msg_begin
7.75715e+06
-363656
0.504181
0.00499294
0.00215848
0.000613054
0
0
0
1682192336.14701
msg_begin
7.75715e+06
-363656
0.502375
0.00180379
0.00186115
0.000554632
0
0
0
1682192336.19713
msg_begin
7.75715e+06
-363655
0.506316
0.0122044
0.00867397
0.000723394
0
0
0
1682192336.24708
msg_begin
7.75715e+06
-363655
0.50563
0.00686577
0.00112123
0.000315366
0
0
0
1682192336.29705
msg_begin
7.75715e+06
-363655
0.504656
0.000603944
0.00083463
4.92702e-05
0
0
0
1682192336.34707
msg_begin
7.75715e+06
-363655
0.508815
0.0140882
0.00663532
0.000268448
0
0
0
1682192336.39704
msg_begin
7.75715e+06
-363654
0.511668
1.11759e-08
3.49246e-10
1.77636e-15
0
0
0
1682192336.44692
msg_begin
7.75715e+06
-363654
0.513234
0.00188543
0.00117036
0.000374585
0
0
0
1682192336.49711
msg_begin
7.75715e+06
-363654
0.517997
0.0120084
0.00972079
0.000505202
0
0
0
1682192336.54688
msg_begin
7.75715e+06
-363654
0.520038
0.0152402
0.0141788
0.000346199
0
0
0
1682192336.59683
msg_begin
7.75715e+06
-363654
0.522795
0.00893178
0.000628429
0.000287603
0
0
0
1682192336.64687
msg_begin
7.75715e+06
-363654
0.524228
0.015035
0.00640433
0.000332607
0
0
0
1682192336.69693
msg_begin
7.75715e+06
-363653
0.527189
0.00642659
0.00833309
0.000381825
0
0
0
1682192336.74695
msg_begin
7.75715e+06
-363653
0.530412
0.019818
0.00311566
0.000349922
0
0
0
1682192336.79695
msg_begin
7.75715e+06
-363653
0.538534
5.12227e-08
1.16415e-10
2.22045e-15
0
0
0
1682192336.84706
msg_begin
7.75715e+06
-363653
0.539683
0.0018103
0.0107137
0.00073413
0
0
0
1682192336.89706
msg_begin
7.75715e+06
-363653
0.53957
0.00135103
0.0031255
0.000475471
0
0
0
1682192336.94711
msg_begin
7.75715e+06
-363652
0.54384
0.0213838
0.0173933
0.00115161
0
0
0
1682192336.99710
msg_begin
7.75715e+06
-363652
0.544221
0.0107364
0.000200459
2.58438e-05
0
0
0
1682192337.04708
msg_begin
7.75715e+06
-363652
0.545955
0.00336337
0.00221773
0.000108973
0
0
0
1682192337.09760
msg_begin
7.75715e+06
-363652
0.550711
0.0447675
0.0322084
0.00123227
0
0
0
1682192337.14704
msg_begin
7.75715e+06
-363652
0.55309
0.00437459
0.00729074
0.00109095
0
0
0
1682192337.19692
msg_begin
7.75715e+06
-363652
0.55301
0.00613211
0.00546848
0.000765168
0
0
0
1682192337.24681
msg_begin
7.75715e+06
-363651
0.557129
0.00075391
0.00041306
0.00011561
0
0
0
1682192337.29749
msg_begin
7.75715e+06
-363651
0.561862
0.0121616
0.00449533
0.00116263
0
0
0
1682192337.34664
msg_begin
7.75715e+06
-363651
0.565445
0.0129988
0.00349094
0.000453677
0
0
0
1682192337.39658
msg_begin
7.75715e+06
-363651
0.566608
0.0124523
0.012856
0.000372281
0
0
0
1682192337.44655
msg_begin
7.75715e+06
-363651
0.569893
5.86733e-08
9.31323e-10
3.9968e-15
0
0
0
1682192337.49725
msg_begin
7.75715e+06
-363650
0.573069
0.0294033
0.0178795
0.00166061
0
0
0
1682192337.54643
msg_begin
7.75716e+06
-363650
0.575906
0.0436194
0.0284085
0.000798268
0
0
0
1682192337.59640
msg_begin
7.75716e+06
-363650
0.576439
0.0173007
0.0234525
0.00269357
0
0
0
1682192337.64645
msg_begin
7.75716e+06
-363650
0.580936
3.25963e-08
1.74623e-09
3.77476e-15
0
0
0
1682192337.69646
msg_begin
7.75716e+06
-363650
0.585444
0.0195885
0.0125091
0.000251891
0
0
0
1682192337.74640
msg_begin
7.75716e+06
-363649
0.591035
0.00274046
0.00316268
4.93735e-05
0
0
0
1682192337.79645
msg_begin
7.75716e+06
-363649
0.595959
0.00307277
0.00394109
0.000487618
0
0
0
1682192337.84645
msg_begin
7.75716e+06
-363649
0.605974
0.000848058
0.000987732
0.000206606
0
0
0
1682192337.89649
msg_begin
7.75716e+06
-363649
0.60865
0.00161948
0.00171779
5.98295e-05
0
0
0
1682192337.94648
msg_begin
7.75716e+06
-363648
0.616363
0.00350801
0.00341727
0.000133447
0
0
0
1682192337.99656
msg_begin
7.75716e+06
-363648
0.621501
0.013116
0.0120484
0.000684958
0
0
0
1682192338.04668
msg_begin
7.75716e+06
-363648
0.626261
0.0112522
0.014771
0.000982949
0
0
0
1682192338.09666
msg_begin
7.75716e+06
-363648
0.63451
0.000988206
0.000181966
4.63397e-05
0
0
0
1682192338.14679
msg_begin
7.75716e+06
-363648
0.637134
0.000309813
0.000777611
9.4865e-05
0
0
0
1682192338.19680
msg_begin
7.75716e+06
-363647
0.639775
0.00594858
0.0124767
0.000457644
0
0
0
1682192338.24729
msg_begin
7.75716e+06
-363647
0.646653
0.00471982
0.00245354
8.73855e-05
0
0
0
1682192338.29712
msg_begin
7.75716e+06
-363647
0.657036
1.67638e-08
3.49246e-10
1.55431e-15
0
0
0
1682192338.34705
msg_begin
7.75716e+06
-363647
0.664462
0.0452958
0.0318971
0.00145581
0
0
0
1682192338.39710
msg_begin
7.75716e+06
-363646
0.675206
0.00766325
0.00796567
0.00175518
0
0
0
1682192338.44704
msg_begin
7.75716e+06
-363646
0.678558
0.0133708
0.0113878
9.44218e-05
0
0
0
1682192338.49714
msg_begin
7.75716e+06
-363646
0.686776
5.58794e-09
1.74623e-10
1.11022e-16
0
0
0
1682192338.54698
msg_begin
7.75716e+06
-363646
0.698196
6.70552e-08
1.57161e-09
1.22125e-15
0
0
0
1682192338.59677
msg_begin
7.75716e+06
-363646
0.704976
0.0206772
0.0222842
0.000820691
0
0
0
1682192338.64675
msg_begin
7.75716e+06
-363645
0.711111
0.00993676
0.00611608
0.000862628
0
0
0
1682192338.69655
msg_begin
7.75716e+06
-363645
0.713632
8.3819e-09
2.38651e-09
2.22045e-16
0
0
0
1682192338.74642
msg_begin
7.75716e+06
-363645
0.726432
0.00464418
0.00461638
0.000291382
0
0
0
1682192338.79635
msg_begin
7.75716e+06
-363645
0.73617
0.0188095
0.0183107
0.000342715
0
0
0
1682192338.84624
msg_begin
7.75716e+06
-363644
0.740556
0.00340235
0.0048247
0.000287387
0
0
0
1682192338.89611
msg_begin
7.75716e+06
-363644
0.748518
0.0221455
0.0148454
0.00150275
0
0
0
1682192338.94608
msg_begin
7.75716e+06
-363644
0.757873
0.00439204
0.00449885
0.000200964
0
0
0
1682192338.99602
msg_begin
7.75716e+06
-363644
0.765911
0.000968149
2.61686e-05
4.3234e-05
0
0
0
1682192339.04608
msg_begin
7.75716e+06
-363644
0.774009
0.00348472
0.00908332
0.000714113
0
0
0
1682192339.09657
msg_begin
7.75716e+06
-363643
0.786393
0.0174819
0.00437503
0.000857828
0
0
0
1682192339.14605
msg_begin
7.75716e+06
-363643
0.794631
6.0536e-08
4.65661e-10
3.21965e-15
0
0
0
1682192339.19597
msg_begin
7.75716e+06
-363643
0.806772
0.00273718
0.00436324
0.000372078
0
0
0
1682192339.24602
msg_begin
7.75716e+06
-363642
0.818262
3.72529e-09
3.7835e-09
3.66374e-15
0
0
0
1682192339.29726
msg_begin
7.75716e+06
-363642
0.830011
2.14204e-08
6.40284e-10
1.22125e-15
0
0
0
1682192339.34604
msg_begin
7.75717e+06
-363642
0.841962
0.00667129
0.00787651
0.000416014
0
0
0
1682192339.39612
msg_begin
7.75717e+06
-363642
0.850186
0.000650767
0.00162981
5.62828e-05
0
0
0
1682192339.44622
msg_begin
7.75717e+06
-363641
0.862217
0.0229711
0.0263585
0.00100922
0
0
0
1682192339.49613
msg_begin
7.75717e+06
-363641
0.875755
0.0253486
0.0318377
0.00115341
0
0
0
1682192339.54629
msg_begin
7.75717e+06
-363641
0.889518
0.00485214
0.00386327
0.000421392
0
0
0
1682192339.59624
msg_begin
7.75717e+06
-363641
0.903664
0.0121423
0.0140314
0.00172435
0
0
0
1682192339.64628
msg_begin
7.75717e+06
-363640
0.913317
0.00783314
0.0119673
0.0013411
0
0
0
1682192339.69746
msg_begin
7.75717e+06
-363640
0.930099
4.65661e-08
2.61934e-09
4.77396e-15
0
0
0
1682192339.74637
msg_begin
7.75717e+06
-363640
0.942235
0.009788
0.00437613
0.000531097
0
0
0
1682192339.79649
msg_begin
7.75717e+06
-363640
0.958739
0.00264801
0.000729269
0.000104862
0
0
0
1682192339.84655
msg_begin
7.75717e+06
-363639
0.969791
0.00245189
0.00946545
0.000746551
0
0
0
1682192339.89663
msg_begin
7.75717e+06
-363639
0.979883
0.00203969
0.00846029
0.000281973
0
0
0
1682192339.94673
msg_begin
7.75717e+06
-363639
0.988355
0.00432118
0.00608621
0.000733554
0
0
0
1682192339.99673
msg_begin
7.75717e+06
-363639
0.999769
0.000956951
0.000404505
0.000173494
0
0
0
1682192340.04672
msg_begin
7.75717e+06
-363638
1.01605
0.00252833
0.00995222
0.000142891
0
0
0
1682192340.09692
msg_begin
7.75717e+06
-363638
1.02245
0.0162445
0.0204261
0.00114437
0
0
0
1682192340.14681
msg_begin
7.75717e+06
-363638
1.03056
0.00589294
0.0135206
0.00135203
0
0
0
1682192340.19671
msg_begin
7.75717e+06
-363637
1.04425
0.0198233
0.0105605
0.00118285
0
0
0
1682192340.24665
msg_begin
7.75717e+06
-363637
1.05433
0.0186903
0.0179769
0.00183395
0
0
0
1682192340.29667
msg_begin
7.75717e+06
-363637
1.06791
0.00121393
0.000878888
9.62915e-05
0
0
0
1682192340.34662
msg_begin
7.75717e+06
-363636
1.07938
0.00979905
0.012164
0.00123269
0
0
0
1682192340.39654
msg_begin
7.75717e+06
-363636
1.09077
0.00587984
0.00602879
0.000587853
0
0
0
1682192340.44661
msg_begin
7.75717e+06
-363636
1.10015
5.7742e-08
1.16415e-09
4.44089e-16
0
0
0
1682192340.49771
msg_begin
7.75717e+06
-363636
1.10912
0.0110811
0.0201659
0.00165782
0
0
0
1682192340.54646
msg_begin
7.75717e+06
-363635
1.11511
0.0009353
0.0027416
0.000421673
0
0
0
1682192340.59641
msg_begin
7.75717e+06
-363635
1.1266
0.00315263
0.00590637
0.00037735
0
0
0
1682192340.64641
msg_begin
7.75717e+06
-363635
1.13654
0.00318913
0.0101339
9.54712e-05
0
0
0
1682192340.69635
msg_begin
7.75717e+06
-363634
1.14587
0.00708275
0.00944286
0.00156917
0
0
0
1682192340.74638
msg_begin
7.75717e+06
-363634
1.15333
8.09216e-05
7.1238e-05
0.000102395
0
0
0
1682192340.79644
msg_begin
7.75717e+06
-363634
1.16068
0.00211889
0.0035189
0.00016533
0
0
0
1682192340.84651
msg_begin
7.75717e+06
-363633
1.16434
0.00762634
0.00961418
0.00111999
0
0
0
1682192340.89670
msg_begin
7.75717e+06
-363633
1.16908
0.00096891
0.0016784
0.000266793
0
0
0
1682192340.94662
msg_begin
7.75717e+06
-363633
1.17264
0.00773144
0.013741
0.000461061
0
0
0
1682192340.99664
msg_begin
7.75717e+06
-363633
1.17674
0.011146
0.0264254
0.00099106
0
0
0
1682192341.04672
msg_begin
7.75717e+06
-363632
1.18474
0.0010866
0.00155392
5.21596e-05
0
0
0
1682192341.09676
msg_begin
7.75717e+06
-363632
1.18835
7.07805e-08
3.08501e-09
2.22045e-15
0
0
0
1682192341.14678
msg_begin
7.75717e+06
-363632
1.19106
0.0128467
0.023512
0.00179185
0
0
0
1682192341.19687
msg_begin
7.75717e+06
-363631
1.19291
2.98023e-08
3.49246e-10
2.22045e-16
0
0
0
1682192341.24684
msg_begin
7.75717e+06
-363631
1.19553
9.03383e-08
2.79397e-09
3.55271e-15
0
0
0
1682192341.29683
msg_begin
7.75717e+06
-363631
1.19943
0.00164587
0.00127952
0.000128149
0
0
0
1682192341.34679
msg_begin
7.75717e+06
-363630
1.20177
0.00274888
0.00936614
0.000211804
0
0
0
1682192341.39683
msg_begin
7.75717e+06
-363630
1.20503
0.000580097
0.00317293
0.000182821
0
0
0
1682192341.44690
msg_begin
7.75717e+06
-363630
1.20955
7.45058e-09
3.7835e-09
6.66134e-16
0
0
0
1682192341.49674
msg_begin
7.75717e+06
-363630
1.21013
0.0031595
0.0162603
0.000170341
0
0
0
1682192341.54670
msg_begin
7.75717e+06
-363629
1.21336
0.000475961
0.00127206
0.000313032
0
0
0
1682192341.59669
msg_begin
7.75717e+06
-363629
1.21258
0.0195401
0.0280081
0.000760451
0
0
0
1682192341.64680
msg_begin
7.75717e+06
-363629
1.214
0.00997016
0.00735982
0.00100749
0
0
0
1682192341.69696
msg_begin
7.75717e+06
-363628
1.21479
0.00490446
0.00975997
0.00162059
0
0
0
1682192341.74661
msg_begin
7.75717e+06
-363628
1.21634
0.00518464
0.0184784
0.000194872
0
0
0
1682192341.79661
msg_begin
7.75717e+06
-363628
1.21611
0.0034335
0.0261163
0.000153622
0
0
0
1682192341.84668
msg_begin
7.75717e+06
-363627
1.21655
5.02914e-08
5.82077e-11
0
0
0
0
1682192341.89679
msg_begin
7.75717e+06
-363627
1.21332
0.00750325
0.0102602
0.000653934
0
0
0
1682192341.94661
msg_begin
7.75717e+06
-363627
1.21322
6.70552e-08
1.33878e-09
1.33227e-15
0
0
0
1682192341.99657
msg_begin
7.75717e+06
-363626
1.20828
0.00648869
0.00930883
0.00117537
0
0
0
1682192342.04660
msg_begin
7.75717e+06
-363626
1.20752
0.000892227
0.000238955
9.08662e-05
0
0
0
1682192342.09776
msg_begin
7.75717e+06
-363626
1.20636
5.58794e-08
2.09548e-09
0
0
0
0
1682192342.14643
msg_begin
7.75717e+06
-363625
1.20695
0.000114109
0.000511519
7.02457e-05
0
0
0
1682192342.19637
msg_begin
7.75717e+06
-363625
1.20621
1.02445e-08
4.07454e-10
3.55271e-15
0
0
0
1682192342.24640
msg_begin
7.75717e+06
-363625
1.20383
0.0185749
0.0355366
0.000899829
0
0
0
1682192342.29638
msg_begin
7.75717e+06
-363624
1.20352
0.00273951
0.00272206
8.65239e-05
0
0
0
1682192342.34627
msg_begin
7.75717e+06
-363624
1.19695
0.00807084
0.0107258
0.000481264
0
0
0
1682192342.39627
msg_begin
7.75717e+06
-363624
1.19238
0.00481184
0.00757033
0.000368583
0
0
0
1682192342.44621
msg_begin
7.75717e+06
-363623
1.18711
0.0102805
0.020057
0.000743336
0
0
0
1682192342.49686
msg_begin
7.75717e+06
-363623
1.18319
0.00189172
0.00361174
0.000151749
0
0
0
1682192342.54634
msg_begin
7.75717e+06
-363623
1.17716
0.00212627
0.00760503
0.00031998
0
0
0
1682192342.59641
msg_begin
7.75717e+06
-363622
1.17366
0.00156385
0.00527549
0.000349339
0
0
0
1682192342.64645
msg_begin
7.75717e+06
-363622
1.16729
0.000329723
0.000419006
0.000159227
0
0
0
1682192342.69663
msg_begin
7.75717e+06
-363622
1.16283
0.00423027
0.00412809
0.000310051
0
0
0
1682192342.74668
msg_begin
7.75717e+06
-363621
1.15473
0.00981694
0.00877519
0.000888808
0
0
0
1682192342.79666
msg_begin
7.75718e+06
-363621
1.14755
0.0362414
0.0456823
0.000396729
0
0
0
1682192342.84674
msg_begin
7.75718e+06
-363621
1.13763
0.0425013
0.0749066
0.00139607
0
0
0
1682192342.89794
msg_begin
7.75718e+06
-363620
1.135
6.51926e-08
9.31323e-10
4.21885e-15
0
0
0
1682192342.94683
msg_begin
7.75718e+06
-363620
1.12754
0.00363467
0.00336529
0.000290883
0
0
0
1682192342.99689
msg_begin
7.75718e+06
-363620
1.12359
1.58325e-08
1.04774e-09
3.55271e-15
0
0
0
1682192343.04687
msg_begin
7.75718e+06
-363619
1.11533
0.00143713
0.00204185
0.000469543
0
0
0
1682192343.09686
msg_begin
7.75718e+06
-363619
1.10619
0.00108127
0.0113092
0.000388402
0
0
0
1682192343.14695
msg_begin
7.75718e+06
-363619
1.10202
0.00312839
0.00147501
0.000134015
0
0
0
1682192343.19686
msg_begin
7.75718e+06
-363619
1.0935
0.00885644
0.00663926
0.000574627
0
0
0
1682192343.24681
msg_begin
7.75718e+06
-363618
1.09191
0.000906638
0.00255267
0.000282144
0
0
0
1682192343.29690
msg_begin
7.75718e+06
-363618
1.08348
0.00543971
0.0089957
0.00036197
0
0
0
1682192343.34665
msg_begin
7.75718e+06
-363618
1.07235
0.00667507
0.00675868
0.000670218
0
0
0
1682192343.39662
msg_begin
7.75718e+06
-363617
1.06198
0.00316533
0.00107128
0.000465101
0
0
0
1682192343.44663
msg_begin
7.75718e+06
-363617
1.0567
3.22623e-05
0.00155752
3.38378e-05
0
0
0
1682192343.49662
msg_begin
7.75718e+06
-363617
1.04904
0.00341746
0.0270509
0.00225763
0
0
0
1682192343.54651
msg_begin
7.75718e+06
-363616
1.04446
0.0118094
0.0148507
0.000977542
0
0
0
1682192343.59647
msg_begin
7.75718e+06
-363616
1.03496
0.000125643
1.23657e-05
6.33708e-05
0
0
0
1682192343.64646
msg_begin
7.75718e+06
-363616
1.03072
1.49012e-08
1.5134e-09
2.44249e-15
0
0
0
1682192343.69648
msg_begin
7.75718e+06
-363616
1.01942
0.00441494
0.00837681
8.67181e-05
0
0
0
1682192343.74623
msg_begin
7.75718e+06
-363615
1.01288
0.00109198
0.00308742
0.000270704
0
0
0
1682192343.79625
msg_begin
7.75718e+06
-363615
1.00325
0.0159789
0.0263944
0.0010992
0
0
0
1682192343.84622
msg_begin
7.75718e+06
-363615
0.997663
0.0020497
0.00147251
0.000103769
0
0
0
1682192343.89638
msg_begin
7.75718e+06
-363615
0.988284
0.000522344
0.000439698
0.000148858
0
0
0
1682192343.94618
msg_begin
7.75718e+06
-363614
0.979962
0.00754064
0.000383767
0.000948946
0
0
0
1682192343.99613
msg_begin
7.75718e+06
-363614
0.971462
6.89179e-08
2.32831e-09
8.88178e-16
0
0
0
1682192344.04622
msg_begin
7.75718e+06
-363614
0.966819
0.00175674
0.0073755
0.00100324
0
0
0
1682192344.09642
msg_begin
7.75718e+06
-363613
0.963405
0.00608753
0.014649
0.00182345
0
0
0
1682192344.14616
msg_begin
7.75718e+06
-363613
0.951527
0.0176582
0.0224743
0.00380727
0
0
0
1682192344.19620
msg_begin
7.75718e+06
-363613
0.942352
4.65661e-09
1.10595e-09
1.88738e-15
0
0
0
1682192344.24634
msg_begin
7.75718e+06
-363612
0.929145
0.0321339
0.0427765
0.00138396
0
0
0
1682192344.29650
msg_begin
7.75718e+06
-363612
0.917576
0.00400803
0.00505559
0.000315813
0
0
0
1682192344.34631
msg_begin
7.75718e+06
-363612
0.907848
0.00626298
0.00953893
0.000733917
0
0
0
1682192344.39634
msg_begin
7.75718e+06
-363612
0.903155
0.00393207
0.00466601
0.000376777
0
0
0
1682192344.44644
msg_begin
7.75718e+06
-363611
0.897605
0.00143455
0.00136843
0.0001614
0
0
0
1682192344.49737
msg_begin
7.75718e+06
-363611
0.887098
5.23595e-05
0.000220064
8.33615e-05
0
0
0
1682192344.54653
msg_begin
7.75718e+06
-363611
0.874539
0.00353196
0.00553409
0.00123616
0
0
0
1682192344.59658
msg_begin
7.75718e+06
-363610
0.866625
5.02914e-08
2.21189e-09
8.88178e-16
0
0
0
1682192344.64655
msg_begin
7.75718e+06
-363610
0.85345
0.00688514
0.0140932
0.00165125
0
0
0
1682192344.69658
msg_begin
7.75718e+06
-363610
0.846692
0.000521441
0.000335769
0.000100612
0
0
0
1682192344.74651
msg_begin
7.75718e+06
-363609
0.837768
0.00127445
0.00988833
0.000168189
0
0
0
1682192344.79652
msg_begin
7.75718e+06
-363609
0.824237
0.00167853
0.00572408
0.00011436
0
0
0
1682192344.84645
msg_begin
7.75718e+06
-363609
0.812455
0.00805428
0.00809321
0.000147626
0
0
0
1682192344.89764
msg_begin
7.75718e+06
-363609
0.806633
0.00821481
0.0106418
0.000293968
0
0
0
1682192344.94634
msg_begin
7.75718e+06
-363608
0.802073
3.72529e-08
3.49246e-10
7.77156e-16
0
0
0
1682192344.99630
msg_begin
7.75718e+06
-363608
0.795529
0.00145288
0.000972695
0.000339961
0
0
0
1682192345.04620
msg_begin
7.75718e+06
-363608
0.781592
2.8871e-08
5.82077e-11
1.44329e-15
0
0
0
1682192345.09612
msg_begin
7.75718e+06
-363608
0.777884
0.00144318
0.00449085
0.000633184
0
0
0
1682192345.14604
msg_begin
7.75718e+06
-363607
0.764159
0.000123652
0.000183522
1.5425e-05
0
0
0
1682192345.19598
msg_begin
7.75718e+06
-363607
0.754215
0.00459436
0.00256336
0.00046471
0
0
0
1682192345.24596
msg_begin
7.75718e+06
-363607
0.74397
0.0178576
0.0173762
0.000704736
0
0
0
1682192345.29704
msg_begin
7.75718e+06
-363607
0.739446
0.0130597
0.0134532
0.000422608
0
0
0
1682192345.34589
msg_begin
7.75718e+06
-363607
0.729226
9.31323e-10
4.07454e-10
2.44249e-15
0
0
0
1682192345.39588
msg_begin
7.75719e+06
-363606
0.719113
0.0146026
0.007412
0.000695378
0
0
0
1682192345.44585
msg_begin
7.75719e+06
-363606
0.713661
0.00653952
0.00146103
9.42013e-05
0
0
0
1682192345.49685
msg_begin
7.75719e+06
-363606
0.703941
0.0158479
0.0107472
0.00237844
0
0
0
1682192345.54583
msg_begin
7.75719e+06
-363605
0.69382
0.0078695
0.00507952
0.00108106
0
0
0
1682192345.59581
msg_begin
7.75719e+06
-363605
0.691258
0.00744768
0.00314194
0.000149806
0
0
0
1682192345.64586
msg_begin
7.75719e+06
-363605
0.686121
0.0193788
0.0160929
0.00291982
0
0
0
1682192345.69689
msg_begin
7.75719e+06
-363605
0.676467
0.00798533
0.00501148
0.000370185
0
0
0
1682192345.74583
msg_begin
7.75719e+06
-363605
0.666217
0.0125183
0.00225169
0.00237504
0
0
0
1682192345.79588
msg_begin
7.75719e+06
-363604
0.659745
0.0259501
0.0243217
0.000753206
0
0
0
1682192345.84593
msg_begin
7.75719e+06
-363604
0.654641
0.00419307
1.37348e-05
0.000318513
0
0
0
1682192345.89668
msg_begin
7.75719e+06
-363604
0.653457
0.000259568
0.00297902
0.000309973
0
0
0
1682192345.94599
msg_begin
7.75719e+06
-363604
0.64776
0.00217585
0.00701627
0.000275964
0
0
0
1682192345.99600
msg_begin
7.75719e+06
-363603
0.642648
0.00449628
0.00592054
0.000860879
0
0
0
1682192346.04608
msg_begin
7.75719e+06
-363603
0.636446
0.026848
0.0264476
0.00214947
0
0
0
1682192346.09706
msg_begin
7.75719e+06
-363603
0.628081
0.00774857
0.0103243
0.00103115
0
0
0
1682192346.14603
msg_begin
7.75719e+06
-363603
0.623071
0.0058144
0.0066916
0.000601707
0
0
0
1682192346.19596
msg_begin
7.75719e+06
-363602
0.62084
1.95578e-08
3.60887e-09
1.11022e-15
0
0
0
1682192346.24588
msg_begin
7.75719e+06
-363602
0.616206
7.45058e-09
6.40284e-10
2.66454e-15
0
0
0
1682192346.29613
msg_begin
7.75719e+06
-363602
0.614125
1.30385e-08
4.07454e-10
1.22125e-15
0
0
0
1682192346.34573
msg_begin
7.75719e+06
-363602
0.613026
0.00189851
0.00152213
0.00015263
0
0
0
1682192346.39565
msg_begin
7.75719e+06
-363601
0.607129
0.00279601
0.00813325
0.00152071
0
0
0
1682192346.44573
msg_begin
7.75719e+06
-363601
0.60218
0.000170237
6.30674e-06
6.42509e-05
0
0
0
1682192346.49638
msg_begin
7.75719e+06
-363601
0.599331
0.001943
0.00181053
0.000189893
0
0
0
1682192346.54535
msg_begin
7.75719e+06
-363601
0.594761
0.00296985
0.00167756
0.000489571
0
0
0
1682192346.59521
msg_begin
7.75719e+06
-363601
0.594069
0.0182398
0.0100001
0.00119966
0
0
0
1682192346.64520
msg_begin
7.75719e+06
-363600
0.592997
0.0253689
0.00928637
0.00054757
0
0
0
1682192346.69531
msg_begin
7.75719e+06
-363600
0.590087
0.0334687
0.0240456
0.00214801
0
0
0
1682192346.74514
msg_begin
7.75719e+06
-363600
0.589893
0.00293728
0.00177132
0.000125155
0
0
0
1682192346.79517
msg_begin
7.75719e+06
-363600
0.588413
0.00278518
0.00119665
0.000329116
0
0
0
1682192346.84527
msg_begin
7.75719e+06
-363599
0.585451
0.000886777
0.00608783
3.98976e-05
0
0
0
1682192346.89616
msg_begin
7.75719e+06
-363599
0.584012
0.00226047
0.001678
9.47721e-05
0
0
0
1682192346.94514
msg_begin
7.75719e+06
-363599
0.576746
0.00760395
0.00491643
0.000402894
0
0
0
1682192346.99516
msg_begin
7.7572e+06
-363599
0.577291
0.0353385
0.0232171
0.000532446
0
0
0
1682192347.04537
msg_begin
7.7572e+06
-363598
0.578065
0.000542085
0.000161554
0.000118578
0
0
0
1682192347.09620
msg_begin
7.7572e+06
-363598
0.571905
0.00338464
0.00141758
0.000151203
0
0
0
1682192347.14528
msg_begin
7.7572e+06
-363598
0.571511
0.00696257
0.00251955
0.000408195
0
0
0
1682192347.19530
msg_begin
7.7572e+06
-363598
0.571039
0.00135546
0.00405226
0.000235195
0
0
0
1682192347.24534
msg_begin
7.7572e+06
-363598
0.567047
0.00327419
0.00091537
0.00108135
0
0
0
1682192347.29650
msg_begin
7.7572e+06
-363597
0.565535
0.00855669
0.00403083
0.000297947
0
0
0
1682192347.34539
msg_begin
7.7572e+06
-363597
0.562515
0.00125733
0.0121774
0.00128818
0
0
0
1682192347.39539
msg_begin
7.7572e+06
-363597
0.563866
9.31323e-09
3.20142e-09
3.33067e-15
0
0
0
1682192347.44537
msg_begin
7.7572e+06
-363597
0.561547
1.21072e-08
5.82077e-11
3.44169e-15
0
0
0
1682192347.49637
msg_begin
7.7572e+06
-363596
0.557491
0.0091617
0.00762004
0.000409265
0
0
0
1682192347.54535
msg_begin
7.7572e+06
-363596
0.555107
0.00782486
0.00310491
0.000177573
0
0
0
1682192347.59524
msg_begin
7.7572e+06
-363596
0.556003
0.0293634
0.016833
0.00117657
0
0
0
1682192347.64527
msg_begin
7.7572e+06
-363596
0.55385
0.00315154
0.00427233
0.00017196
0
0
0
1682192347.69625
msg_begin
7.7572e+06
-363595
0.554254
0.00377383
0.005658
0.000226041
0
0
0
1682192347.74521
msg_begin
7.7572e+06
-363595
0.555632
2.51457e-08
0
3.44169e-15
0
0
0
1682192347.79526
msg_begin
7.7572e+06
-363595
0.551655
0.00653456
0.00619354
1.13981e-05
0
0
0
1682192347.84522
msg_begin
7.7572e+06
-363595
0.549578
0.0148892
0.00690726
0.000114297
0
0
0
1682192347.89544
msg_begin
7.7572e+06
-363595
0.544865
6.51926e-08
5.82077e-10
2.22045e-16
0
0
0
1682192347.94527
msg_begin
7.7572e+06
-363595
0.546719
0.000424056
0.00386608
5.33732e-06
0
0
0
1682192347.99535
msg_begin
7.7572e+06
-363594
0.54782
0.00112144
0.00194792
8.27926e-06
0
0
0
1682192348.04540
msg_begin
7.7572e+06
-363594
0.545144
7.82311e-08
2.73576e-09
6.66134e-16
0
0
0
1682192348.09660
msg_begin
7.7572e+06
-363594
0.543376
0.00906423
0.00897779
0.00099917
0
0
0
1682192348.14542
msg_begin
7.7572e+06
-363593
0.54114
0.045179
0.025186
0.0017726
0
0
0
1682192348.19547
msg_begin
7.7572e+06
-363593
0.546599
0.0249456
0.00333312
0.00117274
0
0
0
1682192348.24557
msg_begin
7.7572e+06
-363593
0.54728
0.0233141
0.0205103
0.000630363
0
0
0
1682192348.29587
msg_begin
7.7572e+06
-363593
0.545575
0.0186344
0.0152651
0.000564375
0
0
0
1682192348.34566
msg_begin
7.7572e+06
-363592
0.542796
0.00342726
0.00106368
0.000152222
0
0
0
1682192348.39571
msg_begin
7.75721e+06
-363592
0.54026
0.000144999
0.000599928
0.000388494
0
0
0
1682192348.44581
msg_begin
7.75721e+06
-363592
0.540835
0.0178676
0.0186779
0.000950679
0
0
0
1682192348.49685
msg_begin
7.75721e+06
-363592
0.543593
0.0177629
0.0132311
0.000265133
0
0
0
1682192348.54585
msg_begin
7.75721e+06
-363592
0.546166
0.00471887
0.0034524
0.000359827
0
0
0
1682192348.59588
msg_begin
7.75721e+06
-363591
0.543101
1.95578e-08
3.0268e-09
1.9984e-15
0
0
0
1682192348.64587
msg_begin
7.75721e+06
-363591
0.543662
0.026998
0.0170083
0.000135153
0
0
0
1682192348.69724
msg_begin
7.75721e+06
-363591
0.5475
0.0158247
0.00502126
0.000490962
0
0
0
1682192348.74567
msg_begin
7.75721e+06
-363591
0.55111
0.000699262
0.000112495
2.66972e-05
0
0
0
1682192348.79565
msg_begin
7.75721e+06
-363590
0.550513
5.21541e-08
1.5134e-09
1.77636e-15
0
0
0
1682192348.84568
msg_begin
7.75721e+06
-363590
0.553022
5.58794e-09
1.16415e-10
4.10783e-15
0
0
0
1682192348.89659
msg_begin
7.75721e+06
-363590
0.554872
5.7742e-08
2.2701e-09
1.22125e-15
0
0
0
1682192348.94551
msg_begin
7.75721e+06
-363590
0.556166
0.000815715
0.000420638
0.000144745
0
0
0
1682192348.99553
msg_begin
7.75721e+06
-363589
0.556537
0.00638409
0.00279195
0.000366775
0
0
0
1682192349.04567
msg_begin
7.75721e+06
-363589
0.555622
0.0738602
0.0425177
0.000679925
0
0
0
1682192349.10323
msg_begin
7.75721e+06
-363589
0.559156
6.70552e-08
5.23869e-10
2.22045e-15
0
0
0
1682192349.14556
msg_begin
7.75721e+06
-363589
0.560522
1.53265e-05
0.000398214
7.54051e-05
0
0
0
1682192349.19563
msg_begin
7.75721e+06
-363588
0.561413
6.70552e-08
2.32831e-10
4.55191e-15
0
0
0
1682192349.24559
msg_begin
7.75721e+06
-363588
0.563312
6.51926e-09
3.95812e-09
2.66454e-15
0
0
0
1682192349.29683
msg_begin
7.75721e+06
-363588
0.565082
0.00182108
0.000549717
6.67909e-05
0
0
0
1682192349.34566
msg_begin
7.75721e+06
-363588
0.564582
0.00702196
0.00212783
4.78712e-05
0
0
0
1682192349.39566
msg_begin
7.75721e+06
-363588
0.568613
0.00722148
0.00741022
0.000519808
0
0
0
1682192349.44567
msg_begin
7.75721e+06
-363587
0.566293
0.000939142
0.000249764
5.74531e-05
0
0
0
1682192349.49569
msg_begin
7.75721e+06
-363587
0.56659
4.09782e-08
2.96859e-09
4.55191e-15
0
0
0
1682192349.54568
msg_begin
7.75721e+06
-363587
0.567598
0.02903
0.0110821
0.000155196
0
0
0
1682192349.59569
msg_begin
7.75721e+06
-363586
0.5686
0.000289808
0.00592079
0.00062593
0
0
0
1682192349.64579
msg_begin
7.75721e+06
-363586
0.568393
7.72998e-08
2.96859e-09
2.22045e-15
0
0
0
1682192349.69566
msg_begin
7.75722e+06
-363586
0.572211
1.21072e-08
2.61934e-09
1.9984e-15
0
0
0
1682192349.74568
msg_begin
7.75722e+06
-363586
0.573036
0.0139803
0.0161021
0.000534173
0
0
0
1682192349.79565
msg_begin
7.75722e+06
-363585
0.575822
4.65661e-09
4.07454e-10
1.88738e-15
0
0
0
1682192349.84574
msg_begin
7.75722e+06
-363585
0.573993
0.031506
0.0243931
0.0017419
0
0
0
1682192349.89570
msg_begin
7.75722e+06
-363585
0.572787
0.00726458
0.00428798
0.000390226
0
0
0
1682192349.94575
msg_begin
7.75722e+06
-363585
0.573486
0.00681028
0.00639956
9.07473e-05
0
0
0
1682192349.99577
msg_begin
7.75722e+06
-363584
0.575778
0.0273847
0.0163798
3.41881e-05
0
0
0
1682192350.04581
msg_begin
7.75722e+06
-363584
0.576166
0.00719648
0.00664752
0.000390618
0
0
0
1682192350.09589
msg_begin
7.75722e+06
-363584
0.579028
0.000835963
0.00244203
0.000161395
0
0
0
1682192350.14588
msg_begin
7.75722e+06
-363584
0.578982
0.062403
0.0412915
0.000579803
0
0
0
1682192350.19596
msg_begin
7.75722e+06
-363583
0.583382
1.39698e-08
2.85218e-09
2.44249e-15
0
0
0
1682192350.24602
msg_begin
7.75722e+06
-363583
0.584172
0.0124927
0.0109676
0.000348938
0
0
0
1682192350.29605
msg_begin
7.75722e+06
-363583
0.585025
5.12227e-08
2.96859e-09
6.66134e-16
0
0
0
1682192350.34609
msg_begin
7.75722e+06
-363582
0.585202
0.00105901
0.00271132
0.000143309
0
0
0
1682192350.39610
msg_begin
7.75722e+06
-363582
0.585127
0.00111075
0.00228208
0.000221116
0
0
0
1682192350.44607
msg_begin
7.75722e+06
-363582
0.588887
8.3819e-09
2.50293e-09
1.77636e-15
0
0
0
1682192350.49600
msg_begin
7.75722e+06
-363582
0.590636
0.0152698
0.00725994
0.000210804
0
0
0
1682192350.54598
msg_begin
7.75722e+06
-363581
0.593544
5.86733e-08
2.91038e-10
2.22045e-15
0
0
0
1682192350.59590
msg_begin
7.75722e+06
-363581
0.593415
0.00195536
0.000635318
6.29165e-05
0
0
0
1682192350.64582
msg_begin
7.75722e+06
-363581
0.595915
0.0615146
0.0473765
0.00154383
0
0
0
1682192350.69579
msg_begin
7.75722e+06
-363581
0.594259
0.063173
0.031884
0.000186464
0
0
0
1682192350.74572
msg_begin
7.75722e+06
-363580
0.595186
0.000509811
0.000672922
2.3863e-05
0
0
0
1682192350.79568
msg_begin
7.75722e+06
-363580
0.597526
0.00401709
0.00578906
0.000431825
0
0
0
1682192350.84572
msg_begin
7.75722e+06
-363580
0.602524
5.02914e-08
3.49246e-10
6.66134e-16
0
0
0
1682192350.89564
msg_begin
7.75722e+06
-363580
0.601656
0.0376586
0.0276213
0.000586801
0
0
0
1682192350.94566
msg_begin
7.75722e+06
-363579
0.602325
0.015991
0.0145607
0.000837636
0
0
0
1682192350.99568
msg_begin
7.75723e+06
-363579
0.606687
0.00199471
0.0105706
4.69189e-05
0
0
0
1682192351.04576
msg_begin
7.75723e+06
-363579
0.605445
0.0391641
0.0271914
0.00083657
0
0
0
1682192351.09568
msg_begin
7.75723e+06
-363578
0.608836
0.0122374
0.0174308
0.000435022
0
0
0
1682192351.14566
msg_begin
7.75723e+06
-363578
0.611981
7.67186e-05
0.00180208
0.000102303
0
0
0
1682192351.19574
msg_begin
7.75723e+06
-363578
0.61087
0.00317169
0.00550964
0.00048289
0
0
0
1682192351.24576
msg_begin
7.75723e+06
-363578
0.614852
0.00286379
0.00305457
3.02822e-06
0
0
0
1682192351.29579
msg_begin
7.75723e+06
-363577
0.616361
0.00362512
5.93213e-06
0.00156243
0
0
0
1682192351.34580
msg_begin
7.75723e+06
-363577
0.615854
0.0632218
0.0401529
0.00185375
0
0
0
1682192351.39583
msg_begin
7.75723e+06
-363577
0.620104
0.00447215
0.001981
7.51892e-05
0
0
0
1682192351.44588
msg_begin
7.75723e+06
-363576
0.623409
0.0399116
0.0264915
0.0012721
0
0
0
1682192351.49590
msg_begin
7.75723e+06
-363576
0.624829
0.000848375
0.000814959
0.000116056
0
0
0
1682192351.54593
msg_begin
7.75723e+06
-363576
0.62756
0.000698735
0.000927423
0.000308515
0
0
0
1682192351.59594
msg_begin
7.75723e+06
-363576
0.630036
0.0115753
0.00772187
0.00102128
0
0
0
1682192351.64594
msg_begin
7.75723e+06
-363575
0.629788
0.00444659
0.00363429
0.000884184
0
0
0
1682192351.69595
msg_begin
7.75723e+06
-363575
0.630426
0.00841006
0.00447214
0.000333802
0
0
0
1682192351.74598
msg_begin
7.75723e+06
-363575
0.632872
0.0264038
0.0217309
0.0012534
0
0
0
1682192351.79596
msg_begin
7.75723e+06
-363574
0.6368
0.00595481
0.00758478
0.000297759
0
0
0
1682192351.89593
msg_begin
7.75723e+06
-363574
0.641572
6.23986e-08
2.44472e-09
1.88738e-15
0
0
0
1682192351.94594
msg_begin
7.75723e+06
-363574
0.641909
0.0135434
0.0154023
0.0009013
0
0
0
1682192351.99599
msg_begin
7.75723e+06
-363573
0.644035
0.00865742
0.0135696
0.000138739
0
0
0
1682192352.04608
msg_begin
7.75723e+06
-363573
0.642538
8.56817e-08
2.67755e-09
3.33067e-16
0
0
0
1682192352.09604
msg_begin
7.75723e+06
-363573
0.643827
0.0448174
0.0240742
0.000571369
0
0
0
1682192352.14610
msg_begin
7.75723e+06
-363573
0.645186
0.0331889
0.0190378
0.000420097
0
0
0
1682192352.19616
msg_begin
7.75723e+06
-363572
0.648696
0.00829772
0.00562103
0.000475489
0
0
0
1682192352.24623
msg_begin
7.75723e+06
-363572
0.651256
0.0174203
0.0068464
0.000871579
0
0
0
1682192352.29623
msg_begin
7.75723e+06
-363572
0.648851
0.0144356
0.0113068
0.000685397
0
0
0
1682192352.34635
msg_begin
7.75724e+06
-363571
0.651042
0.015638
0.0113241
0.000437194
0
0
0
1682192352.39634
msg_begin
7.75724e+06
-363571
0.652213
0.00117951
0.00111887
0.000275405
0
0
0
1682192352.44640
msg_begin
7.75724e+06
-363571
0.654753
0.0047618
0.0110485
0.000645789
0
0
0
1682192352.49647
msg_begin
7.75724e+06
-363571
0.656876
0.0207494
0.0158187
0.00089385
0
0
0
1682192352.54648
msg_begin
7.75724e+06
-363570
0.659458
0.00660135
0.0108225
0.000955753
0
0
0
1682192352.59651
msg_begin
7.75724e+06
-363570
0.659196
0.00950929
0.00668648
0.000435036
0
0
0
1682192352.64644
msg_begin
7.75724e+06
-363570
0.661733
0.00482728
0.00711851
0.000526185
0
0
0
1682192352.69644
msg_begin
7.75724e+06
-363569
0.660727
4.93601e-08
1.97906e-09
1.77636e-15
0
0
0
1682192352.74637
msg_begin
7.75724e+06
-363569
0.66134
7.45058e-09
5.23869e-10
1.22125e-15
0
0
0
1682192352.79628
msg_begin
7.75724e+06
-363569
0.661769
0.00563799
0.00210804
0.000238735
0
0
0
1682192352.84641
msg_begin
7.75724e+06
-363569
0.661787
7.91624e-08
2.21189e-09
1.22125e-15
0
0
0
1682192352.89616
msg_begin
7.75724e+06
-363568
0.662481
1.95578e-08
3.49246e-10
1.33227e-15
0
0
0
1682192352.94607
msg_begin
7.75724e+06
-363568
0.662402
0.00299771
0.00254762
0.000294208
0
0
0
1682192352.99606
msg_begin
7.75724e+06
-363568
0.665573
0.0105686
0.0060699
0.00078725
0
0
0
1682192353.04596
msg_begin
7.75724e+06
-363568
0.665756
0.000465991
0.000606019
0.00017078
0
0
0
1682192353.09598
msg_begin
7.75724e+06
-363567
0.666923
0.000407214
0.000990846
2.19391e-05
0
0
0
1682192353.14600
msg_begin
7.75724e+06
-363567
0.668756
0.00340706
0.00352614
0.00054016
0
0
0
1682192353.19594
msg_begin
7.75724e+06
-363567
0.670825
7.82311e-08
4.07454e-10
3.33067e-16
0
0
0
1682192353.24604
msg_begin
7.75724e+06
-363566
0.671832
0.00338765
0.00427788
0.000305411
0
0
0
1682192353.29598
msg_begin
7.75724e+06
-363566
0.673384
0.00325253
0.00137066
7.23928e-05
0
0
0
1682192353.34601
msg_begin
7.75724e+06
-363566
0.674341
0.0114
0.00522476
0.000835515
0
0
0
1682192353.39597
msg_begin
7.75724e+06
-363566
0.673135
0.0051821
0.00370109
0.000309918
0
0
0
1682192353.44591
msg_begin
7.75724e+06
-363565
0.674444
0.00697739
0.000722391
0.000109844
0
0
0
1682192353.49578
msg_begin
7.75724e+06
-363565
0.673319
0.00647956
0.00446409
5.94485e-05
0
0
0
1682192353.54572
msg_begin
7.75724e+06
-363565
0.678931
5.02914e-08
2.67755e-09
1.9984e-15
0
0
0
1682192353.59557
msg_begin
7.75724e+06
-363564
0.679728
3.63216e-08
1.5134e-09
1.33227e-15
0
0
0
1682192353.64563
msg_begin
7.75724e+06
-363564
0.678896
0.0204614
0.0245913
0.000317597
0
0
0
1682192353.69542
msg_begin
7.75724e+06
-363564
0.682821
0.00546598
0.00632051
0.000433613
0
0
0
1682192353.74540
msg_begin
7.75725e+06
-363563
0.684087
0.00141801
0.0013754
0.000104918
0
0
0
1682192353.79534
msg_begin
7.75725e+06
-363563
0.683592
0.0196706
0.0285545
0.000267303
0
0
0
1682192353.84539
msg_begin
7.75725e+06
-363563
0.683492
0.014433
0.0160462
9.82847e-06
0
0
0
1682192353.89530
msg_begin
7.75725e+06
-363563
0.681574
0.0130868
0.00800896
0.000536993
0
0
0
1682192353.94529
msg_begin
7.75725e+06
-363562
0.682752
0.0148509
0.0144353
0.000347326
0
0
0
1682192353.99529
msg_begin
7.75725e+06
-363562
0.686575
0.026376
0.0385718
0.000502239
0
0
0
1682192354.04538
msg_begin
7.75725e+06
-363561
0.686655
0.013762
0.0223331
0.00116592
0
0
0
1682192354.09534
msg_begin
7.75725e+06
-363561
0.688815
0.0207977
0.0137462
0.000534049
0
0
0
1682192354.14537
msg_begin
7.75725e+06
-363561
0.689582
0.00532722
0.00418294
0.000231104
0
0
0
1682192354.19534
msg_begin
7.75725e+06
-363561
0.689548
0.0103939
0.00862342
0.00016359
0
0
0
1682192354.24534
msg_begin
7.75725e+06
-363560
0.687565
0.00862734
0.00651849
0.000662033
0
0
0
1682192354.29544
msg_begin
7.75725e+06
-363560
0.690074
0.00379303
0.0050196
0.000682212
0
0
0
1682192354.34550
msg_begin
7.75725e+06
-363560
0.6916
0.00173894
0.000657262
7.87787e-05
0
0
0
1682192354.39554
msg_begin
7.75725e+06
-363559
0.694611
0.00704554
0.00459897
0.000581664
0
0
0
1682192354.44558
msg_begin
7.75725e+06
-363559
0.696102
0.0104166
0.0100204
0.000422604
0
0
0
1682192354.49572
msg_begin
7.75725e+06
-363559
0.694185
8.3819e-09
1.74623e-10
2.55351e-15
0
0
0
1682192354.54571
msg_begin
7.75725e+06
-363558
0.697805
6.0536e-08
1.22236e-09
3.33067e-16
0
0
0
1682192354.59577
msg_begin
7.75725e+06
-363558
0.699318
0.0112714
0.0101497
0.000490079
0
0
0
1682192354.64584
msg_begin
7.75725e+06
-363558
0.70107
6.33299e-08
8.73115e-10
4.44089e-15
0
0
0
1682192354.69582
msg_begin
7.75725e+06
-363557
0.702404
1.02445e-08
2.50293e-09
2.10942e-15
0
0
0
1682192354.74584
msg_begin
7.75725e+06
-363557
0.706934
0.000251259
0.000182891
1.5667e-05
0
0
0
1682192354.79578
msg_begin
7.75725e+06
-363557
0.708688
0.00774279
0.0129236
0.000501525
0
0
0
1682192354.84583
msg_begin
7.75725e+06
-363556
0.71304
0.0193044
0.0148104
0.00144042
0
0
0
1682192354.89575
msg_begin
7.75725e+06
-363556
0.713169
0.0646823
0.0506918
0.000141572
0
0
0
1682192354.94572
msg_begin
7.75725e+06
-363556
0.713445
0.0128532
0.000571505
7.03993e-05
0
0
0
1682192354.99567
msg_begin
7.75725e+06
-363555
0.713514
0.00499448
0.00495314
0.00123584
0
0
0
1682192355.04567
msg_begin
7.75725e+06
-363555
0.713408
0.0379929
0.0207768
0.000564191
0
0
0
1682192355.09558
msg_begin
7.75726e+06
-363555
0.717739
0.00404008
0.00388392
0.000756434
0
0
0
1682192355.14546
msg_begin
7.75726e+06
-363554
0.718091
0.00224569
0.00146269
0.000416604
0
0
0
1682192355.19545
msg_begin
7.75726e+06
-363554
0.722872
5.21541e-08
3.0268e-09
1.66533e-15
0
0
0
1682192355.24545
msg_begin
7.75726e+06
-363554
0.723644
0.0288154
0.0347804
0.000792403
0
0
0
1682192355.29521
msg_begin
7.75726e+06
-363553
0.72459
0.00763484
0.00399748
0.000162908
0
0
0
1682192355.34511
msg_begin
7.75726e+06
-363553
0.724246
0.020572
0.0175222
0.00101452
0
0
0
1682192355.39508
msg_begin
7.75726e+06
-363553
0.723637
0.00600533
0.0027289
0.000360347
0
0
0
1682192355.44493
msg_begin
7.75726e+06
-363552
0.726214
1.49012e-08
8.14907e-10
1.11022e-16
0
0
0
1682192355.49489
msg_begin
7.75726e+06
-363552
0.726603
2.70084e-08
2.2701e-09
4.10783e-15
0
0
0
1682192355.54482
msg_begin
7.75726e+06
-363552
0.725862
1.86265e-09
2.85218e-09
5.44009e-15
0
0
0
1682192355.59480
msg_begin
7.75726e+06
-363551
0.726124
5.86733e-08
1.68802e-09
1.55431e-15
0
0
0
1682192355.64470
msg_begin
7.75726e+06
-363551
0.726523
0.00420864
0.00158192
0.00011776
0
0
0
1682192355.69473
msg_begin
7.75726e+06
-363551
0.730994
0.0117835
0.0053337
0.00021905
0
0
0
1682192355.74467
msg_begin
7.75726e+06
-363550
0.734297
7.99516e-05
0.00275115
7.51865e-05
0
0
0
1682192355.79468
msg_begin
7.75726e+06
-363550
0.734323
5.32732e-05
0.000808899
3.1423e-05
0
0
0
1682192355.84471
msg_begin
7.75726e+06
-363550
0.736634
0.0174853
0.0123806
0.000233983
0
0
0
1682192355.89473
msg_begin
7.75726e+06
-363549
0.740483
0.00842386
0.0103007
0.000971806
0
0
0
1682192355.94469
msg_begin
7.75726e+06
-363549
0.742016
0.0117274
0.0103498
0.00114087
0
0
0
1682192355.99476
msg_begin
7.75726e+06
-363549
0.743575
0.00707246
0.0078278
0.000748708
0
0
0
1682192356.04470
msg_begin
7.75726e+06
-363548
0.74403
0.00460619
0.00413011
0.000193177
0
0
0
1682192356.09473
msg_begin
7.75726e+06
-363548
0.745799
0.0124812
0.0177787
0.000583195
0
0
0
1682192356.14475
msg_begin
7.75726e+06
-363548
0.746235
0.00100628
0.00139545
0.00014024
0
0
0
1682192356.19480
msg_begin
7.75726e+06
-363547
0.747163
0.00465368
0.00379761
0.000491253
0
0
0
1682192356.24479
msg_begin
7.75726e+06
-363547
0.74787
0.00250557
0.00476633
0.000333202
0
0
0
1682192356.29480
msg_begin
7.75726e+06
-363547
0.754546
1.76951e-08
1.74623e-10
6.55032e-15
0
0
0
1682192356.34482
msg_begin
7.75726e+06
-363546
0.755923
0.00992694
0.00464381
0.000404553
0
0
0
1682192356.39483
msg_begin
7.75726e+06
-363546
0.757982
0.00190783
0.00128293
0.00016829
0
0
0
1682192356.44489
msg_begin
7.75726e+06
-363545
0.761001
0.00310752
0.005033
0.000553963
0
0
0
1682192356.49495
msg_begin
7.75727e+06
-363545
0.761111
0.0320448
0.0233963
0.00117702
0
0
0
1682192356.54498
msg_begin
7.75727e+06
-363545
0.763336
0.0107265
0.0108884
0.000610458
0
0
0
1682192356.60456
msg_begin
7.75727e+06
-363545
0.765583
0.00121474
0.00285566
0.000259428
0
0
0
1682192356.64517
msg_begin
7.75727e+06
-363544
0.762185
2.79397e-09
8.14907e-10
1.77636e-15
0
0
0
1682192356.69515
msg_begin
7.75727e+06
-363544
0.759727
0.00545738
0.0128118
0.00193408
0
0
0
1682192356.74532
msg_begin
7.75727e+06
-363543
0.756046
1.95578e-08
9.31323e-10
4.66294e-15
0
0
0
1682192356.79532
msg_begin
7.75727e+06
-363543
0.754886
0.00245256
0.00374914
0.000269174
0
0
0
1682192356.84535
msg_begin
7.75727e+06
-363543
0.75423
0.00233936
0.000487612
0.000581728
0
0
0
1682192356.89527
msg_begin
7.75727e+06
-363542
0.752978
0.00398558
0.00354006
0.00044786
0
0
0
1682192356.94523
msg_begin
7.75727e+06
-363542
0.750572
0.00473449
0.00197573
0.000409111
0
0
0
1682192356.99517
msg_begin
7.75727e+06
-363542
0.752742
8.00937e-08
1.16415e-10
2.88658e-15
0
0
0
1682192357.04509
msg_begin
7.75727e+06
-363541
0.751205
0.0036979
0.00337636
0.000129338
0
0
0
1682192357.09499
msg_begin
7.75727e+06
-363541
0.749595
0.00615784
0.00791841
0.000521289
0
0
0
1682192357.14491
msg_begin
7.75727e+06
-363541
0.746644
0.0120238
0.0142179
0.000608116
0
0
0
1682192357.19483
msg_begin
7.75727e+06
-363540
0.747016
0.00344271
0.000911214
1.04494e-05
0
0
0
1682192357.24478
msg_begin
7.75727e+06
-363540
0.748191
0.000248825
0.0025249
0.000165147
0
0
0
1682192357.29479
msg_begin
7.75727e+06
-363540
0.74978
0.00482263
0.00848594
8.19171e-05
0
0
0
1682192357.34474
msg_begin
7.75727e+06
-363539
0.750721
0.00615249
0.00979022
0.000630123
0
0
0
1682192357.39475
msg_begin
7.75727e+06
-363539
0.751205
0.00953861
0.0107086
0.00094094
0
0
0
1682192357.44477
msg_begin
7.75727e+06
-363539
0.75106
0.00331235
0.00296545
0.000235542
0
0
0
1682192357.49479
msg_begin
7.75727e+06
-363538
0.750356
0.0141321
0.00982216
0.000738788
0
0
0
1682192357.54474
msg_begin
7.75727e+06
-363538
0.750116
0.000605597
0.00105416
9.95771e-05
0
0
0
1682192357.59473
msg_begin
7.75727e+06
-363538
0.746161
0.0100767
0.00114936
0.000242921
0
0
0
1682192357.64484
msg_begin
7.75727e+06
-363537
0.748457
0.0047619
0.00348517
0.000337804
0
0
0
1682192357.69485
msg_begin
7.75727e+06
-363537
0.748147
0.00171462
0.00283534
7.70402e-05
0
0
0
1682192357.74482
msg_begin
7.75727e+06
-363537
0.749457
0.00447076
0.0181696
0.0011375
0
0
0
1682192357.79492
msg_begin
7.75727e+06
-363536
0.751329
0.0105631
0.00976005
0.00124019
0
0
0
1682192357.84491
msg_begin
7.75727e+06
-363536
0.749546
0.000616097
0.000675464
5.30076e-05
0
0
0
1682192357.89499
msg_begin
7.75728e+06
-363536
0.750422
0.0102454
0.0122431
0.000223278
0
0
0
1682192357.94503
msg_begin
7.75728e+06
-363535
0.752141
0.00846645
0.00238481
0.000307109
0
0
0
1682192357.99502
msg_begin
7.75728e+06
-363535
0.752489
0.00827381
0.0104781
0.00121308
0
0
0
1682192358.04515
msg_begin
7.75728e+06
-363535
0.752196
0.00380177
0.00476322
0.000174834
0
0
0
1682192358.09514
msg_begin
7.75728e+06
-363534
0.751187
0.00263564
0.00153273
1.49223e-05
0
0
0
1682192358.14511
msg_begin
7.75728e+06
-363534
0.751237
0.0017267
0.00404993
0.000159751
0
0
0
1682192358.19518
msg_begin
7.75728e+06
-363534
0.751624
9.55064e-05
0.000218952
6.23007e-06
0
0
0
1682192358.24520
msg_begin
7.75728e+06
-363533
0.750884
4.93601e-08
9.8953e-10
5.55112e-16
0
0
0
1682192358.29522
msg_begin
7.75728e+06
-363533
0.75009
2.79397e-09
1.74623e-10
3.77476e-15
0
0
0
1682192358.34520
msg_begin
7.75728e+06
-363533
0.754175
0.0028476
0.00361054
0.000174464
0
0
0
1682192358.39523
msg_begin
7.75728e+06
-363532
0.752993
0.00435077
0.0029158
0.000392513
0
0
0
1682192358.44517
msg_begin
7.75728e+06
-363532
0.756699
6.98492e-08
2.50293e-09
4.44089e-16
0
0
0
1682192358.49519
msg_begin
7.75728e+06
-363532
0.756923
0.00378939
0.00289803
7.14596e-05
0
0
0
1682192358.54513
msg_begin
7.75728e+06
-363531
0.75611
0.00758346
0.00291021
0.00065298
0
0
0
1682192358.59509
msg_begin
7.75728e+06
-363531
0.75727
5.7742e-08
3.60887e-09
2.22045e-16
0
0
0
1682192358.64507
msg_begin
7.75728e+06
-363531
0.755084
0.00187265
0.000883177
0.000250408
0
0
0
1682192358.69509
msg_begin
7.75728e+06
-363530
0.757524
0.0299883
0.0272458
0.0010184
0
0
0
1682192358.74505
msg_begin
7.75728e+06
-363530
0.757725
9.31323e-09
3.14321e-09
3.88578e-15
0
0
0
1682192358.79515
msg_begin
7.75728e+06
-363530
0.758856
5.55539e-05
0.000271794
0.000102823
0
0
0
1682192358.84511
msg_begin
7.75728e+06
-363529
0.759279
0.0127341
0.0148638
0.00144254
0
0
0
1682192358.89518
msg_begin
7.75728e+06
-363529
0.761804
0.00154334
0.00212739
0.000109048
0
0
0
1682192358.94519
msg_begin
7.75728e+06
-363529
0.761749
0.00163594
0.000426671
2.67779e-05
0
0
0
1682192358.99528
msg_begin
7.75728e+06
-363528
0.762001
1.11759e-08
3.08501e-09
2.22045e-15
0
0
0
1682192359.04531
msg_begin
7.75728e+06
-363528
0.759551
0.00237752
0.00696336
0.000580941
0
0
0
1682192359.09532
msg_begin
7.75728e+06
-363528
0.760003
1.58325e-08
3.31784e-09
2.77556e-15
0
0
0
1682192359.14540
msg_begin
7.75728e+06
-363527
0.759546
0.0101804
0.0156334
0.000399988
0
0
0
1682192359.19535
msg_begin
7.75728e+06
-363527
0.75831
8.29972e-05
0.000251552
6.27724e-05
0
0
0
1682192359.24542
msg_begin
7.75728e+06
-363527
0.75952
0.00418974
0.00666633
0.000361515
0
0
0
1682192359.29537
msg_begin
7.75728e+06
-363526
0.7594
9.31323e-10
1.04774e-09
5.77316e-15
0
0
0
1682192359.34535
msg_begin
7.75729e+06
-363526
0.758636
0.000164206
0.000910989
0.000144162
0
0
0
1682192359.39527
msg_begin
7.75729e+06
-363526
0.758056
4.47035e-08
4.65661e-10
1.11022e-15
0
0
0
1682192359.44523
msg_begin
7.75729e+06
-363525
0.753442
2.79397e-09
8.14907e-10
1.11022e-15
0
0
0
1682192359.49520
msg_begin
7.75729e+06
-363525
0.75443
0.0125287
0.0135744
0.000862579
0
0
0
1682192359.54506
msg_begin
7.75729e+06
-363525
0.753237
0.00844339
0.00146021
5.91434e-05
0
0
0
1682192359.59504
msg_begin
7.75729e+06
-363524
0.750775
0.00618966
0.00616245
0.00026075
0
0
0
1682192359.64493
msg_begin
7.75729e+06
-363524
0.750336
0.00441523
0.00331592
0.000267235
0
0
0
1682192359.69480
msg_begin
7.75729e+06
-363524
0.750499
0.00184486
0.000206627
8.18047e-05
0
0
0
1682192359.74480
msg_begin
7.75729e+06
-363523
0.751937
0.000819169
0.000152999
9.70134e-05
0
0
0
1682192359.79474
msg_begin
7.75729e+06
-363523
0.748774
1.58325e-08
3.95812e-09
5.55112e-16
0
0
0
1682192359.84462
msg_begin
7.75729e+06
-363523
0.74653
1.86265e-09
1.39698e-09
1.55431e-15
0
0
0
1682192359.89461
msg_begin
7.75729e+06
-363522
0.747182
0.00253437
0.00215547
0.000186063
0
0
0
1682192359.94457
msg_begin
7.75729e+06
-363522
0.747083
0.00303224
0.00307757
0.000593103
0
0
0
1682192359.99457
msg_begin
7.75729e+06
-363522
0.747632
1.30385e-08
2.32831e-09
1.88738e-15
0
0
0
1682192360.04452
msg_begin
7.75729e+06
-363521
0.746607
0.00215989
0.00145767
0.0001714
0
0
0
1682192360.09446
msg_begin
7.75729e+06
-363521
0.745844
5.4948e-08
2.91038e-10
1.33227e-15
0
0
0
1682192360.14460
msg_begin
7.75729e+06
-363521
0.744812
0.00177754
0.00230472
4.36576e-06
0
0
0
1682192360.19457
msg_begin
7.75729e+06
-363520
0.743814
6.14673e-08
3.49246e-09
1.77636e-15
0
0
0
1682192360.24458
msg_begin
7.75729e+06
-363520
0.743492
0.000961611
0.000279006
2.59521e-05
0
0
0
1682192360.29467
msg_begin
7.75729e+06
-363520
0.743851
0.0256871
0.0292067
0.000441445
0
0
0
1682192360.34476
msg_begin
7.75729e+06
-363519
0.742927
0.000249516
0.00651763
3.38299e-05
0
0
0
1682192360.39480
msg_begin
7.75729e+06
-363519
0.740815
0.00923043
0.0060961
0.000399913
0
0
0
1682192360.44483
msg_begin
7.75729e+06
-363519
0.741376
8.3819e-09
1.10595e-09
1.44329e-15
0
0
0
1682192360.49496
msg_begin
7.75729e+06
-363518
0.740742
0.017727
0.0250068
0.00122391
0
0
0
1682192360.54498
msg_begin
7.75729e+06
-363518
0.744085
0.00276997
0.0018782
0.000239321
0
0
0
1682192360.59508
msg_begin
7.75729e+06
-363518
0.742219
0.0127725
0.018277
0.000563947
0
0
0
1682192360.64512
msg_begin
7.75729e+06
-363517
0.742042
0.00205512
0.000624844
3.31311e-05
0
0
0
1682192360.69518
msg_begin
7.75729e+06
-363517
0.742289
0.00659297
0.0070642
0.000397112
0
0
0
1682192360.74517
msg_begin
7.7573e+06
-363517
0.741389
0.00359599
0.00269533
0.00034602
0
0
0
1682192360.79522
msg_begin
7.7573e+06
-363516
0.740975
0.00252997
0.00513034
0.000247106
0
0
0
1682192360.84516
msg_begin
7.7573e+06
-363516
0.7421
0.00120224
0.0023892
3.70139e-05
0
0
0
1682192360.89513
msg_begin
7.7573e+06
-363516
0.74354
0.00293709
0.00285979
0.000263395
0
0
0
1682192360.94512
msg_begin
7.7573e+06
-363515
0.740562
4.47035e-08
1.10595e-09
1.11022e-16
0
0
0
1682192360.99508
msg_begin
7.7573e+06
-363515
0.739291
0.0147612
0.0126841
0.000904699
0
0
0
1682192361.04510
msg_begin
7.7573e+06
-363515
0.740719
7.45058e-09
4.65661e-10
1.11022e-16
0
0
0
1682192361.09505
msg_begin
7.7573e+06
-363514
0.739786
0.00770321
0.0116357
0.000338197
0
0
0
1682192361.14498
msg_begin
7.7573e+06
-363514
0.740336
0.00163183
0.00203182
5.99658e-05
0
0
0
1682192361.19498
msg_begin
7.7573e+06
-363514
0.738013
0.020034
0.0233143
0.000856587
0
0
0
1682192361.24486
msg_begin
7.7573e+06
-363513
0.738893
0.00250058
0.00553165
0.000367928
0
0
0
1682192361.29489
msg_begin
7.7573e+06
-363513
0.737073
0.000326555
0.00127037
0.00014282
0
0
0
1682192361.34481
msg_begin
7.7573e+06
-363513
0.736726
7.07805e-08
1.39698e-09
0
0
0
0
1682192361.39482
msg_begin
7.7573e+06
-363513
0.734419
0.00145066
0.00409322
0.000226548
0
0
0
1682192361.44479
msg_begin
7.7573e+06
-363512
0.735723
0.00209566
0.00679716
0.000521114
0
0
0
1682192361.49475
msg_begin
7.7573e+06
-363512
0.73789
6.61239e-08
1.57161e-09
4.21885e-15
0
0
0
1682192361.54483
msg_begin
7.7573e+06
-363512
0.73697
0.0260714
0.0311966
0.000959984
0
0
0
1682192361.59479
msg_begin
7.7573e+06
-363511
0.735719
6.33299e-08
3.20142e-09
4.55191e-15
0
0
0
1682192361.64487
msg_begin
7.7573e+06
-363511
0.735872
0.0033162
0.00635305
0.000530357
0
0
0
1682192361.69487
msg_begin
7.7573e+06
-363511
0.735713
5.96046e-08
3.60887e-09
1.77636e-15
0
0
0
1682192361.74481
msg_begin
7.7573e+06
-363510
0.738134
0.000613299
0.000892918
6.0455e-05
0
0
0
1682192361.79484
msg_begin
7.7573e+06
-363510
0.739147
0.00439782
0.00580058
0.000401567
0
0
0
1682192361.84484
msg_begin
7.7573e+06
-363510
0.74074
0.00531639
0.00509087
0.000190909
0
0
0
1682192361.89480
msg_begin
7.7573e+06
-363509
0.739914
0.00820481
0.0117987
0.000440404
0
0
0
1682192361.94475
msg_begin
7.7573e+06
-363509
0.741237
0.00493782
0.000746072
0.000142108
0
0
0
1682192361.99474
msg_begin
7.7573e+06
-363509
0.740648
0.0508819
0.0434261
0.000185401
0
0
0
1682192362.04470
msg_begin
7.7573e+06
-363508
0.73954
0.00861596
0.00933296
0.000974265
0
0
0
1682192362.09467
msg_begin
7.7573e+06
-363508
0.738923
0.00452952
0.0040894
0.000135861
0
0
0
1682192362.14457
msg_begin
7.7573e+06
-363508
0.737839
0.0109913
0.0195226
0.000843441
0
0
0
1682192362.19456
msg_begin
7.7573e+06
-363507
0.735233
0.0140874
0.0143362
0.0008089
0
0
0
1682192362.24449
msg_begin
7.75731e+06
-363507
0.735095
0.00844433
0.012297
0.000136276
0
0
0
1682192362.29443
msg_begin
7.75731e+06
-363507
0.737984
0.0290691
0.0287183
0.000387749
0
0
0
1682192362.34443
msg_begin
7.75731e+06
-363507
0.739343
0.00724379
0.0194017
0.00145927
0
0
0
1682192362.39445
msg_begin
7.75731e+06
-363506
0.738352
0.0261793
0.0301056
0.00159429
0
0
0
1682192362.44441
msg_begin
7.75731e+06
-363506
0.740726
0.00313779
0.00516679
0.00107553
0
0
0
1682192362.49450
msg_begin
7.75731e+06
-363506
0.741568
0.00418552
0.00747643
0.000198672
0
0
0
1682192362.54445
msg_begin
7.75731e+06
-363505
0.738079
0.028947
0.0195685
0.00136408
0
0
0
1682192362.59449
msg_begin
7.75731e+06
-363505
0.734431
0.0282472
0.0106763
0.00139674
0
0
0
1682192362.64451
msg_begin
7.75731e+06
-363505
0.733116
0.00791166
0.00925922
0.000485688
0
0
0
1682192362.69450
msg_begin
7.75731e+06
-363504
0.731887
0.00337804
0.00245938
0.00118689
0
0
0
1682192362.74447
msg_begin
7.75731e+06
-363504
0.727046
0.00838511
0.00982256
0.000535167
0
0
0
1682192362.79440
msg_begin
7.75731e+06
-363504
0.727313
0.00377294
0.000953233
0.000170883
0
0
0
1682192362.84467
msg_begin
7.75731e+06
-363504
0.724528
0.00166615
0.000671
9.48952e-05
0
0
0
1682192362.89434
msg_begin
7.75731e+06
-363503
0.718643
0.00164166
0.00507366
0.000735048
0
0
0
1682192362.94433
msg_begin
7.75731e+06
-363503
0.714426
0.002891
0.00404192
0.00058799
0
0
0
1682192362.99432
msg_begin
7.75731e+06
-363503
0.709272
0.00258476
0.0096042
0.000288751
0
0
0
1682192363.04423
msg_begin
7.75731e+06
-363502
0.704403
0.00173213
0.0045583
0.00036921
0
0
0
1682192363.09420
msg_begin
7.75731e+06
-363502
0.698498
8.3819e-09
1.92085e-09
1.11022e-16
0
0
0
1682192363.14415
msg_begin
7.75731e+06
-363502
0.692997
6.51926e-09
1.74623e-10
4.32987e-15
0
0
0
1682192363.19419
msg_begin
7.75731e+06
-363501
0.68953
6.51926e-09
1.97906e-09
1.44329e-15
0
0
0
1682192363.24416
msg_begin
7.75731e+06
-363501
0.684374
0.009265
0.0098867
0.00093531
0
0
0
1682192363.29419
msg_begin
7.75731e+06
-363501
0.68112
0.000665564
0.000925192
3.99256e-05
0
0
0
1682192363.34424
msg_begin
7.75731e+06
-363501
0.669991
0.0166368
0.00695543
0.000679965
0
0
0
1682192363.39423
msg_begin
7.75731e+06
-363500
0.655162
0.00836187
0.0100559
0.000304789
0
0
0
1682192363.44446
msg_begin
7.75731e+06
-363500
0.650453
3.72529e-08
4.65661e-10
1.66533e-15
0
0
0
1682192363.49442
msg_begin
7.75731e+06
-363500
0.639822
0.00158217
0.00180777
1.82499e-06
0
0
0
1682192363.54444
msg_begin
7.75731e+06
-363500
0.631148
0.0272379
0.0265365
0.00181726
0
0
0
1682192363.59446
msg_begin
7.75731e+06
-363499
0.619947
0.0375607
0.0267557
0.00154281
0
0
0
1682192363.64453
msg_begin
7.75731e+06
-363499
0.609674
0.0159601
0.00721042
0.000463847
0
0
0
1682192363.69455
msg_begin
7.75731e+06
-363499
0.596263
0.0277181
0.0218402
0.000487273
0
0
0
1682192363.74461
msg_begin
7.75732e+06
-363499
0.584518
6.61239e-08
3.66708e-09
4.44089e-16
0
0
0
1682192363.79467
msg_begin
7.75732e+06
-363498
0.575233
0.00527398
0.00369809
0.000866625
0
0
0
1682192363.84512
msg_begin
7.75732e+06
-363498
0.564957
0.012898
0.00540319
0.000688732
0
0
0
1682192363.89462
msg_begin
7.75732e+06
-363498
0.555283
0.0107994
0.00278976
0.000659284
0
0
0
1682192363.94462
msg_begin
7.75732e+06
-363498
0.543518
6.51926e-09
9.31323e-10
5.21805e-15
0
0
0
1682192363.99478
msg_begin
7.75732e+06
-363497
0.527797
0.00501979
0.00474182
0.00029561
0
0
0
1682192364.04543
msg_begin
7.75732e+06
-363497
0.513751
0.0133805
0.00767067
0.00103377
0
0
0
1682192364.09460
msg_begin
7.75732e+06
-363497
0.496517
0.0059027
0.00729332
0.000526536
0
0
0
1682192364.14463
msg_begin
7.75732e+06
-363497
0.483864
0.00400457
0.0019907
0.000577568
0
0
0
1682192364.19461
msg_begin
7.75732e+06
-363496
0.467625
0.00516405
0.00379736
9.95379e-05
0
0
0
1682192364.24511
msg_begin
7.75732e+06
-363496
0.456708
0.0186502
0.00906929
0.0010793
0
0
0
1682192364.29466
msg_begin
7.75732e+06
-363496
0.443701
0.0175192
0.0134487
0.001732
0
0
0
1682192364.34479
msg_begin
7.75732e+06
-363496
0.435
0
5.82077e-11
1.27676e-15
0
0
0
1682192364.39466
msg_begin
7.75732e+06
-363496
0.414986
0.0104333
0.00547419
0.00101012
0
0
0
1682192364.44545
msg_begin
7.75732e+06
-363496
0.39951
6.79865e-08
2.15368e-09
1.55431e-15
0
0
0
1682192364.49465
msg_begin
7.75732e+06
-363495
0.389345
9.31323e-09
1.80444e-09
9.4369e-16
0
0
0
1682192364.54455
msg_begin
7.75732e+06
-363495
0.374303
0.000342928
0.000210825
7.33279e-05
0
0
0
1682192364.59450
msg_begin
7.75732e+06
-363495
0.352307
0.0107009
0.00638447
0.00113172
0
0
0
1682192364.64517
msg_begin
7.75732e+06
-363495
0.345902
0.0026143
0.000657769
0.000445705
0
0
0
1682192364.69442
msg_begin
7.75732e+06
-363495
0.336379
0.00342524
0.0011547
0.000107079
0
0
0
1682192364.74431
msg_begin
7.75732e+06
-363495
0.318993
0.00315851
0.000947979
0.000410569
0
0
0
1682192364.79419
msg_begin
7.75732e+06
-363495
0.305301
0.00462595
0.00246194
2.03119e-05
0
0
0
1682192364.84526
msg_begin
7.75732e+06
-363494
0.290751
0.040346
0.0127872
0.00403608
0
0
0
1682192364.89394
msg_begin
7.75732e+06
-363494
0.277114
0.00775456
0.00434108
0.000462554
0
0
0
1682192364.94390
msg_begin
7.75732e+06
-363494
0.262909
0.0152596
0.00658376
0.000513588
0
0
0
1682192364.99389
msg_begin
7.75732e+06
-363494
0.250296
0.000904056
0.000184786
3.75816e-05
0
0
0
1682192365.04468
msg_begin
7.75732e+06
-363494
0.236138
0.0082922
0.00191105
0.000763857
0
0
0
1682192365.09372
msg_begin
7.75733e+06
-363494
0.222136
0.021005
0.00479214
0.00116985
0
0
0
1682192365.14369
msg_begin
7.75733e+06
-363494
0.210278
0.000677478
0.00552354
0.000602778
0
0
0
1682192365.19372
msg_begin
7.75733e+06
-363494
0.194231
9.31323e-10
9.31323e-10
2.77556e-17
0
0
0
1682192365.24447
msg_begin
7.75733e+06
-363493
0.178071
0.0200711
0.00326591
0.00106635
0
0
0
1682192365.29375
msg_begin
7.75733e+06
-363493
0.162363
0.00439127
0.0013513
0.000600658
0
0
0
1682192365.34375
msg_begin
7.75733e+06
-363493
0.139501
0.00165756
0.00022458
1.74524e-05
0
0
0
1682192365.39383
msg_begin
7.75733e+06
-363493
0.129572
0.0121051
0.00677857
0.000801295
0
0
0
1682192365.44417
msg_begin
7.75733e+06
-363493
0.114741
0.0138321
0.00978916
0.00106508
0
0
0
1682192365.49385
msg_begin
7.75733e+06
-363493
0.0966532
5.02914e-08
3.49246e-10
2.77556e-16
0
0
0
1682192365.54390
msg_begin
7.75733e+06
-363493
0.0820998
2.51457e-08
4.07454e-10
5.41234e-16
0
0
0
1682192365.59389
msg_begin
7.75733e+06
-363493
0.0693562
0.0217273
0.00388735
0.00299087
0
0
0
1682192365.64459
msg_begin
7.75733e+06
-363493
0.0533865
0.00154568
0.00112695
9.65772e-05
0
0
0
1682192365.69379
msg_begin
7.75733e+06
-363493
0.0453711
0.0356531
0.0089625
0.00250855
0
0
0
1682192365.74378
msg_begin
7.75733e+06
-363493
0.0338981
0.00200162
0.00256984
0.000171283
0
0
0
1682192365.79373
msg_begin
7.75733e+06
-363493
0.0211939
0.00846582
0.000110845
0.000367802
0
0
0
1682192365.84421
msg_begin
7.75733e+06
-363493
0.0105542
0.0218948
0.00234369
0.000310665
0
0
0
1682192365.89362
msg_begin
7.75733e+06
-363493
-0.0120065
7.54371e-08
8.14907e-10
1.73472e-17
0
0
0
1682192365.94356
msg_begin
7.75733e+06
-363493
-0.0228661
0.0130864
0.00521025
0.0014354
0
0
0
1682192365.99351
msg_begin
7.75733e+06
-363493
-0.0435112
0.00724318
0.00386581
0.000867216
0
0
0
1682192366.04460
msg_begin
7.75733e+06
-363493
-0.0589934
0.0162836
0.0115526
0.00227745
0
0
0
1682192366.09343
msg_begin
7.75733e+06
-363493
-0.0662231
3.72529e-09
4.07454e-10
2.91434e-16
0
0
0
1682192366.14341
msg_begin
7.75733e+06
-363493
-0.076949
0.0201054
0.00684067
0.000674579
0
0
0
1682192366.19343
msg_begin
7.75733e+06
-363493
-0.0888499
0.0046591
0.000322642
0.000409997
0
0
0
1682192366.24401
msg_begin
7.75733e+06
-363493
-0.104822
0.000332052
0.000196478
3.19654e-06
0
0
0
1682192366.29343
msg_begin
7.75733e+06
-363493
-0.118518
0.00208877
0.00176285
0.00020332
0
0
0
1682192366.34344
msg_begin
7.75733e+06
-363493
-0.129073
0.000318618
7.90705e-05
1.07834e-05
0
0
0
1682192366.39349
msg_begin
7.75734e+06
-363493
-0.14359
0.00507929
0.000816144
0.000182596
0
0
0
1682192366.44461
msg_begin
7.75734e+06
-363493
-0.15327
0.0147265
0.00801333
0.00122452
0
0
0
1682192366.49358
msg_begin
7.75734e+06
-363493
-0.165612
0.00927148
0.00087348
0.000662748
0
0
0
1682192366.54357
msg_begin
7.75734e+06
-363493
-0.174454
2.6077e-08
1.39698e-09
1.16573e-15
0
0
0
1682192366.59353
msg_begin
7.75734e+06
-363493
-0.181522
0.00377439
0.00295224
0.000132935
0
0
0
1682192366.64425
msg_begin
7.75734e+06
-363493
-0.190747
0.00106428
0.000199407
2.86167e-05
0
0
0
1682192366.69348
msg_begin
7.75734e+06
-363493
-0.200745
0.00501559
0.0176898
0.000770204
0
0
0
1682192366.74343
msg_begin
7.75734e+06
-363494
-0.21098
0.00242954
0.00429114
0.000239529
0
0
0
1682192366.79339
msg_begin
7.75734e+06
-363494
-0.21894
0.00839291
0.00387261
0.000953798
0
0
0
1682192366.84405
msg_begin
7.75734e+06
-363494
-0.228643
0.00191871
0.000903785
0.000125842
0
0
0
1682192366.89334
msg_begin
7.75734e+06
-363494
-0.238409
0.0153658
0.0042873
0.000823827
0
0
0
1682192366.94324
msg_begin
7.75734e+06
-363494
-0.244998
0.0093323
0.0122557
0.00103538
0
0
0
1682192366.99319
msg_begin
7.75734e+06
-363494
-0.252253
0.00795969
0.00243539
0.000442376
0
0
0
1682192367.04405
msg_begin
7.75734e+06
-363494
-0.257085
0.00704759
0.00430385
0.00113175
0
0
0
1682192367.09306
msg_begin
7.75734e+06
-363494
-0.263745
0.0142291
0.0109694
0.00122088
0
0
0
1682192367.14309
msg_begin
7.75734e+06
-363494
-0.267523
0.0137754
0.00633951
0.0005076
0
0
0
1682192367.19305
msg_begin
7.75734e+06
-363494
-0.276525
0.00761736
0.00128922
0.000311289
0
0
0
1682192367.24399
msg_begin
7.75734e+06
-363494
-0.277774
0.026829
0.0111822
0.000345886
0
0
0
1682192367.29305
msg_begin
7.75734e+06
-363494
-0.281868
0.00498008
0.0041472
0.000543117
0
0
0
1682192367.34305
msg_begin
7.75734e+06
-363495
-0.284941
0.017238
0.00206179
0.00116479
0
0
0
1682192367.39306
msg_begin
7.75734e+06
-363495
-0.287056
0.00954455
0.00184978
0.000289954
0
0
0
1682192367.44403
msg_begin
7.75734e+06
-363495
-0.290916
0.0209231
0.0109938
0.00140696
0
0
0
1682192367.49310
msg_begin
7.75734e+06
-363495
-0.294238
0.00515917
0.00370964
0.000239314
0
0
0
1682192367.54320
msg_begin
7.75734e+06
-363495
-0.297823
4.74975e-08
5.23869e-10
2.22045e-15
0
0
0
1682192367.59316
msg_begin
7.75734e+06
-363495
-0.300668
0.00409737
0.0011495
0.000298602
0
0
0
1682192367.64437
msg_begin
7.75734e+06
-363495
-0.304294
0.00804242
0.00602088
0.00189983
0
0
0
1682192367.69319
msg_begin
7.75735e+06
-363495
-0.304902
0.0161659
0.00740088
0.00206671
0
0
0
1682192367.74319
msg_begin
7.75735e+06
-363495
-0.306397
0.00949116
0.00611407
0.000631799
0
0
0
1682192367.79324
msg_begin
7.75735e+06
-363495
-0.303916
0.00348206
0.000236109
4.97465e-05
0
0
0
1682192367.84397
msg_begin
7.75735e+06
-363496
-0.305552
0.00133563
0.00215124
0.000171852
0
0
0
1682192367.89314
msg_begin
7.75735e+06
-363496
-0.309721
0.00558626
0.00858571
0.000612065
0
0
0
1682192367.94313
msg_begin
7.75735e+06
-363496
-0.313433
0.00130189
0.000801912
0.000226725
0
0
0
1682192367.99318
msg_begin
7.75735e+06
-363496
-0.313257
0.00733906
0.00524655
0.000516625
0
0
0
1682192368.04380
msg_begin
7.75735e+06
-363496
-0.315022
0.00279992
0.0027638
0.000186799
0
0
0
1682192368.09322
msg_begin
7.75735e+06
-363496
-0.315056
0.00845845
0.000790619
0.000228929
0
0
0
1682192368.14326
msg_begin
7.75735e+06
-363496
-0.317288
0.0236546
0.00990778
0.000777511
0
0
0
1682192368.19318
msg_begin
7.75735e+06
-363496
-0.318313
0.0198831
0.0096993
0.000571905
0
0
0
1682192368.24423
msg_begin
7.75735e+06
-363496
-0.318019
0.00975118
0.00391255
0.000263541
0
0
0
1682192368.29319
msg_begin
7.75735e+06
-363497
-0.318952
0.00315257
0.00287317
0.000256724
0
0
0
1682192368.34318
msg_begin
7.75735e+06
-363497
-0.322004
0.00615728
0.00321806
0.000297676
0
0
0
1682192368.39316
msg_begin
7.75735e+06
-363497
-0.321594
0.00822213
0.00182357
0.000509009
0
0
0
1682192368.44357
msg_begin
7.75735e+06
-363497
-0.324696
0.0125395
0.00405647
0.000964735
0
0
0
1682192368.49301
msg_begin
7.75735e+06
-363497
-0.328676
0.018782
0.00852682
0.000763605
0
0
0
1682192368.54300
msg_begin
7.75735e+06
-363497
-0.329135
0.00243081
0.00213588
0.000187305
0
0
0
1682192368.59301
msg_begin
7.75735e+06
-363497
-0.331598
0.0154838
0.000803193
0.000695839
0
0
0
1682192368.64407
msg_begin
7.75735e+06
-363497
-0.333547
0.00958776
0.00317247
0.000230475
0
0
0
1682192368.69291
msg_begin
7.75735e+06
-363498
-0.336072
0.00579559
0.0118913
0.00056699
0
0
0
1682192368.74296
msg_begin
7.75735e+06
-363498
-0.340638
0.000460442
0.00106061
7.92779e-05
0
0
0
1682192368.79298
msg_begin
7.75735e+06
-363498
-0.342452
0.000232341
0.000649635
0.000125117
0
0
0
1682192368.84421
msg_begin
7.75735e+06
-363498
-0.344206
7.45058e-09
2.91038e-09
1.11022e-15
0
0
0
1682192368.89302
msg_begin
7.75735e+06
-363498
-0.350448
0.00052062
1.07131e-05
3.14025e-05
0
0
0
1682192368.94308
msg_begin
7.75735e+06
-363498
-0.35342
0.00484744
0.00584366
0.000243604
0
0
0
1682192368.99310
msg_begin
7.75735e+06
-363498
-0.353017
8.3819e-09
2.09548e-09
3.94129e-15
0
0
0
1682192369.04350
msg_begin
7.75735e+06
-363498
-0.360746
3.72529e-08
1.16415e-09
1.60982e-15
0
0
0
1682192369.09316
msg_begin
7.75736e+06
-363499
-0.364179
0.00600002
0.00369606
0.000215255
0
0
0
1682192369.14317
msg_begin
7.75736e+06
-363499
-0.366353
0.00624464
0.00410561
0.000210353
0
0
0
1682192369.19314
msg_begin
7.75736e+06
-363499
-0.368397
0.0242995
0.00598872
0.000158833
0
0
0
1682192369.24401
msg_begin
7.75736e+06
-363499
-0.372079
0.00289159
0.00464901
0.000335297
0
0
0
1682192369.29321
msg_begin
7.75736e+06
-363499
-0.373352
0.00665878
0.00227415
9.48025e-05
0
0
0
1682192369.34315
msg_begin
7.75736e+06
-363499
-0.374668
0.000240109
0.00058064
3.00123e-05
0
0
0
1682192369.39308
msg_begin
7.75736e+06
-363499
-0.378378
0.000631757
0.000559184
4.53722e-06
0
0
0
1682192369.44455
msg_begin
7.75736e+06
-363499
-0.381717
0.00850008
0.000501999
0.000554056
0
0
0
1682192369.49306
msg_begin
7.75736e+06
-363500
-0.38284
0.0012697
0.00260121
0.000134615
0
0
0
1682192369.54305
msg_begin
7.75736e+06
-363500
-0.386078
0.0136114
0.0100672
0.000708613
0
0
0
1682192369.59312
msg_begin
7.75736e+06
-363500
-0.388387
0.00436281
0.0130181
0.000578724
0
0
0
1682192369.64390
msg_begin
7.75736e+06
-363500
-0.392428
0.00391598
0.00222114
0.000201032
0
0
0
1682192369.69310
msg_begin
7.75736e+06
-363500
-0.397968
0.00499891
0.00201648
0.000474154
0
0
0
1682192369.74311
msg_begin
7.75736e+06
-363500
-0.399759
0.000220714
0.00029016
3.73191e-05
0
0
0
1682192369.79305
msg_begin
7.75736e+06
-363500
-0.403304
0.00319998
0.000598148
4.70934e-05
0
0
0
1682192369.84433
msg_begin
7.75736e+06
-363501
-0.408297
0.00513936
0.0011237
0.00028181
0
0
0
1682192369.89319
msg_begin
7.75736e+06
-363501
-0.409203
5.58794e-09
1.33878e-09
2.05391e-15
0
0
0
1682192369.94322
msg_begin
7.75736e+06
-363501
-0.409018
0.00240866
0.00242498
0.000213506
0
0
0
1682192369.99321
msg_begin
7.75736e+06
-363501
-0.412312
0.0160627
0.00648798
0.000405051
0
0
0
1682192370.04401
msg_begin
7.75736e+06
-363501
-0.415624
0.0587116
0.0179827
0.00151601
0
0
0
1682192370.09338
msg_begin
7.75736e+06
-363501
-0.419986
0.00770644
0.0121149
0.00108383
0
0
0
1682192370.14339
msg_begin
7.75736e+06
-363502
-0.424757
7.05297e-05
0.00130418
2.26496e-05
0
0
0
1682192370.19356
msg_begin
7.75736e+06
-363502
-0.426987
0.00889582
0.00725561
0.000670148
0
0
0
1682192370.24416
msg_begin
7.75736e+06
-363502
-0.428071
0.00189613
0.00226234
0.000406637
0
0
0
1682192370.29349
msg_begin
7.75736e+06
-363502
-0.436372
0.000642586
0.000909341
2.77393e-05
0
0
0
1682192370.34352
msg_begin
7.75736e+06
-363502
-0.439492
0.0181927
0.0107119
0.000576318
0
0
0
1682192370.39350
msg_begin
7.75736e+06
-363502
-0.444363
6.51926e-09
2.03727e-09
2.72005e-15
0
0
0
1682192370.44480
msg_begin
7.75737e+06
-363503
-0.448031
2.51457e-08
1.57161e-09
2.44249e-15
0
0
0
1682192370.49337
msg_begin
7.75737e+06
-363503
-0.448365
0.01313
0.00774432
0.00139432
0
0
0
1682192370.54329
msg_begin
7.75737e+06
-363503
-0.450535
0.0207581
0.0121791
0.000208354
0
0
0
1682192370.59326
msg_begin
7.75737e+06
-363503
-0.454952
0.00563198
0.00381129
0.000201102
0
0
0
1682192370.64361
msg_begin
7.75737e+06
-363503
-0.461255
0.0212164
0.00525007
0.00065002
0
0
0
1682192370.69314
msg_begin
7.75737e+06
-363503
-0.464063
0.0126944
0.00305586
0.00018817
0
0
0
1682192370.74307
msg_begin
7.75737e+06
-363504
-0.465511
0.000277973
0.000627333
3.11232e-05
0
0
0
1682192370.79296
msg_begin
7.75737e+06
-363504
-0.474287
0.0123816
0.00357006
0.00108439
0
0
0
1682192370.84400
msg_begin
7.75737e+06
-363504
-0.476366
0.00895078
0.00334252
0.000118926
0
0
0
1682192370.89280
msg_begin
7.75737e+06
-363504
-0.476631
0.00208116
0.00110303
5.18592e-05
0
0
0
1682192370.94270
msg_begin
7.75737e+06
-363504
-0.479657
0.00353947
0.00398312
0.000221055
0
0
0
1682192370.99279
msg_begin
7.75737e+06
-363505
-0.485143
6.51926e-09
1.74623e-10
1.44329e-15
0
0
0
1682192371.04326
msg_begin
7.75737e+06
-363505
-0.494949
0.000793955
0.00173592
0.000118972
0
0
0
1682192371.09255
msg_begin
7.75737e+06
-363505
-0.497083
0.0147721
0.0157671
0.000448622
0
0
0
1682192371.14254
msg_begin
7.75737e+06
-363505
-0.503368
4.84288e-08
3.43425e-09
8.88178e-16
0
0
0
1682192371.19263
msg_begin
7.75737e+06
-363505
-0.50595
0.00567791
0.00108397
5.36675e-05
0
0
0
1682192371.24340
msg_begin
7.75737e+06
-363506
-0.509861
0.00311929
0.00461369
0.000295443
0
0
0
1682192371.29238
msg_begin
7.75737e+06
-363506
-0.513793
1.58325e-08
2.91038e-09
9.99201e-16
0
0
0
1682192371.34235
msg_begin
7.75737e+06
-363506
-0.516035
0.00664946
0.00583592
0.00060853
0
0
0
1682192371.39234
msg_begin
7.75737e+06
-363506
-0.519369
9.31323e-09
5.82077e-10
7.77156e-16
0
0
0
1682192371.44302
msg_begin
7.75737e+06
-363506
-0.520786
0.000343575
0.000728957
9.60165e-05
0
0
0
1682192371.49235
msg_begin
7.75737e+06
-363507
-0.527625
0.0202695
0.00891503
0.000528453
0
0
0
1682192371.54229
msg_begin
7.75737e+06
-363507
-0.534497
2.70084e-08
6.40284e-10
1.55431e-15
0
0
0
1682192371.59229
msg_begin
7.75737e+06
-363507
-0.536906
7.26432e-08
2.03727e-09
5.55112e-16
0
0
0
1682192371.64317
msg_begin
7.75737e+06
-363507
-0.540935
0.00220946
0.00150729
0.000169866
0
0
0
1682192371.69232
msg_begin
7.75737e+06
-363507
-0.545581
0.00422774
0.00368014
0.00031332
0
0
0
1682192371.74230
msg_begin
7.75738e+06
-363508
-0.550737
0.0038075
0.00485077
0.000448678
0
0
0
1682192371.79247
msg_begin
7.75738e+06
-363508
-0.557062
0.000659124
0.00431293
0.000236142
0
0
0
1682192371.84328
msg_begin
7.75738e+06
-363508
-0.561651
0.0215334
0.0121772
0.00116697
0
0
0
1682192371.89250
msg_begin
7.75738e+06
-363508
-0.563672
0.0120612
0.00926811
0.000316723
0
0
0
1682192371.94260
msg_begin
7.75738e+06
-363508
-0.563967
0.0166699
0.0096839
0.000631973
0
0
0
1682192371.99264
msg_begin
7.75738e+06
-363509
-0.571132
6.33299e-08
2.38651e-09
3.77476e-15
0
0
0
1682192372.04347
msg_begin
7.75738e+06
-363509
-0.576272
0.00264199
0.00160783
0.000158584
0
0
0
1682192372.09269
msg_begin
7.75738e+06
-363509
-0.580189
0.00775369
0.00273577
0.000325807
0
0
0
1682192372.14266
msg_begin
7.75738e+06
-363509
-0.585728
0.00398163
0.00713887
0.000565738
0
0
0
1682192372.19274
msg_begin
7.75738e+06
-363510
-0.591844
0.0239915
0.0138706
0.000730737
0
0
0
1682192372.24350
msg_begin
7.75738e+06
-363510
-0.594067
0.0136938
0.0122769
0.000767824
0
0
0
1682192372.29259
msg_begin
7.75738e+06
-363510
-0.601547
0.000362906
8.87602e-05
1.27211e-05
0
0
0
1682192372.34263
msg_begin
7.75738e+06
-363510
-0.604951
0.0133081
0.0082177
0.00144607
0
0
0
1682192372.39267
msg_begin
7.75738e+06
-363511
-0.609258
0.00194932
0.000826389
6.33514e-05
0
0
0
1682192372.44345
msg_begin
7.75738e+06
-363511
-0.611956
0.0188561
0.0184649
0.00101953
0
0
0
1682192372.49236
msg_begin
7.75738e+06
-363511
-0.616623
0.00244025
0.00475275
0.000479453
0
0
0
1682192372.54223
msg_begin
7.75738e+06
-363511
-0.620604
0.0237738
0.00855093
0.000196419
0
0
0
1682192372.59221
msg_begin
7.75738e+06
-363512
-0.627372
0.0110319
0.00900278
0.000282725
0
0
0
1682192372.64303
msg_begin
7.75738e+06
-363512
-0.63287
0.00327582
0.00741577
0.000483523
0
0
0
1682192372.69200
msg_begin
7.75738e+06
-363512
-0.634234
0.000696456
0.000631331
0.000157855
0
0
0
1682192372.74194
msg_begin
7.75738e+06
-363512
-0.638575
1.21072e-08
3.49246e-09
5.55112e-16
0
0
0
1682192372.86609
msg_begin
7.75738e+06
-363513
-0.645482
6.51926e-09
8.73115e-10
3.9968e-15
0
0
0
1682192372.89182
msg_begin
7.75738e+06
-363513
-0.651808
6.89179e-08
1.5134e-09
4.66294e-15
0
0
0
1682192372.94187
msg_begin
7.75738e+06
-363513
-0.657136
8.56817e-08
2.91038e-09
2.88658e-15
0
0
0
1682192372.99181
msg_begin
7.75738e+06
-363514
-0.661145
0.00508637
0.00217626
0.000211456
0
0
0
1682192373.04178
msg_begin
7.75738e+06
-363514
-0.66773
0.0190242
0.0154728
9.3438e-05
0
0
0
1682192373.09172
msg_begin
7.75738e+06
-363514
-0.676157
1.49012e-08
8.73115e-10
3.77476e-15
0
0
0
1682192373.14168
msg_begin
7.75739e+06
-363515
-0.679915
0.00339776
0.00276249
3.51025e-07
0
0
0
1682192373.19168
msg_begin
7.75739e+06
-363515
-0.684432
9.31323e-10
3.95812e-09
0
0
0
0
1682192373.24156
msg_begin
7.75739e+06
-363515
-0.687313
0.0102519
0.00443362
0.00128465
0
0
0
1682192373.29148
msg_begin
7.75739e+06
-363515
-0.694773
0.0157159
0.0108913
0.000389044
0
0
0
1682192373.34151
msg_begin
7.75739e+06
-363516
-0.698564
0.0411746
0.0258159
0.0017983
0
0
0
1682192373.39151
msg_begin
7.75739e+06
-363516
-0.703101
0.00793883
0.00977842
0.000312973
0
0
0
1682192373.44145
msg_begin
7.75739e+06
-363516
-0.7095
0.00254574
0.00534709
0.000174585
0
0
0
1682192373.49150
msg_begin
7.75739e+06
-363516
-0.717865
0.00978216
0.023623
0.000500117
0
0
0
1682192373.54153
msg_begin
7.75739e+06
-363517
-0.723576
0.0029826
0.000560916
0.000282994
0
0
0
1682192373.59150
msg_begin
7.75739e+06
-363517
-0.728054
1.21072e-08
2.32831e-10
9.99201e-16
0
0
0
1682192373.64147
msg_begin
7.75739e+06
-363517
-0.737509
0.00203097
0.00674219
7.19732e-05
0
0
0
1682192373.69152
msg_begin
7.75739e+06
-363518
-0.74181
0.00966988
0.00465249
0.000352954
0
0
0
1682192373.74147
msg_begin
7.75739e+06
-363518
-0.747699
0.00237584
0.000218125
0.000122052
0
0
0
1682192373.79152
msg_begin
7.75739e+06
-363518
-0.756181
0.00697714
0.0107314
0.000513747
0
0
0
1682192373.84199
msg_begin
7.75739e+06
-363519
-0.760738
0.00129615
0.00122629
2.24902e-05
0
0
0
1682192373.89138
msg_begin
7.75739e+06
-363519
-0.766922
0.00446486
0.0145707
0.000225401
0
0
0
1682192373.94124
msg_begin
7.75739e+06
-363519
-0.774841
0.0370948
0.0421951
0.00219274
0
0
0
1682192373.99139
msg_begin
7.75739e+06
-363519
-0.777764
0.00371488
0.0117874
0.000147745
0
0
0
1682192374.04188
msg_begin
7.75739e+06
-363520
-0.787126
0.000380904
0.000630581
5.02971e-05
0
0
0
1682192374.09119
msg_begin
7.75739e+06
-363520
-0.793587
0.00941416
0.0106252
0.000383667
0
0
0
1682192374.14123
msg_begin
7.75739e+06
-363520
-0.802398
0.00564791
0.00506201
0.000372701
0
0
0
1682192374.19122
msg_begin
7.75739e+06
-363521
-0.806521
0.00514564
0.0090112
0.000590063
0
0
0
1682192374.24139
msg_begin
7.75739e+06
-363521
-0.813784
0.0117087
0.00391458
0.00164361
0
0
0
1682192374.29125
msg_begin
7.75739e+06
-363521
-0.821803
0.00382501
0.00515906
0.000540669
0
0
0
1682192374.34127
msg_begin
7.75739e+06
-363522
-0.828492
0.0342302
0.0323568
0.00186133
0
0
0
1682192374.39128
msg_begin
7.75739e+06
-363522
-0.835517
0.00460363
0.00283723
0.00035367
0
0
0
1682192374.44210
msg_begin
7.75739e+06
-363522
-0.846655
0.00158661
0.0064263
0.000367193
0
0
0
1682192374.49125
msg_begin
7.75739e+06
-363523
-0.852246
0.000711505
0.00285129
9.19671e-05
0
0
0
1682192374.54120
msg_begin
7.75739e+06
-363523
-0.856818
0.00516736
0.00206652
0.000773658
0
0
0
1682192374.59117
msg_begin
7.75739e+06
-363523
-0.864103
0.0294477
0.0318429
0.00102957
0
0
0
1682192374.64181
msg_begin
7.7574e+06
-363524
-0.87335
0.0134039
0.0151041
0.000866504
0
0
0
1682192374.69105
msg_begin
7.7574e+06
-363524
-0.883971
2.32831e-08
1.92085e-09
1.11022e-16
0
0
0
1682192374.74098
msg_begin
7.7574e+06
-363524
-0.884891
9.31323e-09
3.0268e-09
2.77556e-15
0
0
0
1682192374.79093
msg_begin
7.7574e+06
-363525
-0.885947
0.00237534
0.00300214
0.000142673
0
0
0
1682192374.84186
msg_begin
7.7574e+06
-363525
-0.891694
0.00209252
0.00796271
0.000510116
0
0
0
1682192374.89081
msg_begin
7.7574e+06
-363526
-0.89997
0.00066896
0.000904689
0.000377113
0
0
0
1682192374.94084
msg_begin
7.7574e+06
-363526
-0.90822
9.31323e-10
5.82077e-10
8.88178e-16
0
0
0
1682192374.99082
msg_begin
7.7574e+06
-363526
-0.909357
0.00218977
0.00295254
1.90369e-05
0
0
0
1682192375.04078
msg_begin
7.7574e+06
-363527
-0.913619
6.89179e-08
2.79397e-09
1.11022e-16
0
0
0
1682192375.09077
msg_begin
7.7574e+06
-363527
-0.918033
0.00518118
0.0130198
0.000416825
0
0
0
1682192375.14100
msg_begin
7.7574e+06
-363527
-0.917872
1.95578e-08
1.10595e-09
1.88738e-15
0
0
0
1682192375.19081
msg_begin
7.7574e+06
-363528
-0.921544
0.0103656
0.0195471
0.00130976
0
0
0
1682192375.24082
msg_begin
7.7574e+06
-363528
-0.928712
0.00506021
0.00536217
0.000239089
0
0
0
1682192375.29082
msg_begin
7.7574e+06
-363528
-0.928203
1.58325e-08
5.23869e-10
1.9984e-15
0
0
0
1682192375.34083
msg_begin
7.7574e+06
-363529
-0.928407
0.0023134
0.00291229
4.52231e-05
0
0
0
1682192375.39082
msg_begin
7.7574e+06
-363529
-0.927094
8.10251e-08
3.37604e-09
3.21965e-15
0
0
0
1682192375.44084
msg_begin
7.7574e+06
-363529
-0.923962
0.00593764
0.0103433
0.000581985
0
0
0
1682192375.49086
msg_begin
7.7574e+06
-363530
-0.925372
0.00385785
0.0112211
0.000210408
0
0
0
1682192375.54091
msg_begin
7.7574e+06
-363530
-0.923594
0.0157234
0.0400684
0.00181287
0
0
0
1682192375.59099
msg_begin
7.7574e+06
-363531
-0.922054
0.00325143
0.0054437
0.000154255
0
0
0
1682192375.64092
msg_begin
7.7574e+06
-363531
-0.926907
1.49012e-08
2.15368e-09
2.77556e-15
0
0
0
1682192375.69101
msg_begin
7.7574e+06
-363531
-0.926726
0.00527394
0.00323001
0.000319799
0
0
0
1682192375.74102
msg_begin
7.7574e+06
-363532
-0.925975
0.00506424
0.00637627
0.00112743
0
0
0
1682192375.79092
msg_begin
7.7574e+06
-363532
-0.925476
0.00609732
0.0112937
0.000519949
0
0
0
1682192375.84093
msg_begin
7.7574e+06
-363532
-0.925253
0.00227526
0.00219504
0.000396973
0
0
0
1682192375.89088
msg_begin
7.7574e+06
-363533
-0.926714
0.00612618
0.00255301
0.000741811
0
0
0
1682192375.94086
msg_begin
7.7574e+06
-363533
-0.922715
4.65661e-09
2.15368e-09
9.99201e-16
0
0
0
1682192375.99082
msg_begin
7.7574e+06
-363533
-0.926557
0.0053958
0.0159513
0.000284036
0
0
0
1682192376.04078
msg_begin
7.7574e+06
-363534
-0.926907
0.00412675
0.000381917
4.06311e-05
0
0
0
1682192376.09070
msg_begin
7.7574e+06
-363534
-0.924369
0.0113564
0.0105261
0.000356827
0
0
0
1682192376.14068
msg_begin
7.7574e+06
-363534
-0.923103
8.36265e-05
0.00443635
0.000499525
0
0
0
1682192376.19056
msg_begin
7.7574e+06
-363535
-0.921778
0.0222003
0.0187465
0.00130062
0
0
0
1682192376.24058
msg_begin
7.7574e+06
-363535
-0.924013
0.00139745
0.00509369
0.000268924
0
0
0
1682192376.29060
msg_begin
7.7574e+06
-363536
-0.926243
8.00937e-08
2.15368e-09
7.77156e-16
0
0
0
1682192376.34054
msg_begin
7.7574e+06
-363536
-0.926472
0.00335333
0.00162407
5.82851e-05
0
0
0
1682192376.39052
msg_begin
7.75741e+06
-363536
-0.926636
0.0198016
0.0254926
0.00102121
0
0
0
1682192376.44058
msg_begin
7.75741e+06
-363537
-0.924341
6.14673e-08
8.14907e-10
1.55431e-15
0
0
0
1682192376.49059
msg_begin
7.75741e+06
-363537
-0.922561
1.95578e-08
8.73115e-10
1.44329e-15
0
0
0
1682192376.54062
msg_begin
7.75741e+06
-363537
-0.918548
0.00312592
0.00354129
0.000100507
0
0
0
1682192376.59069
msg_begin
7.75741e+06
-363538
-0.916907
6.14673e-08
6.98492e-10
2.55351e-15
0
0
0
1682192376.64073
msg_begin
7.75741e+06
-363538
-0.920135
0.00648781
0.0113252
0.000199138
0
0
0
1682192376.69075
msg_begin
7.75741e+06
-363538
-0.919504
0.000353515
0.00169886
1.70819e-05
0
0
0
1682192376.74072
msg_begin
7.75741e+06
-363539
-0.916265
0.0343875
0.0362403
0.000723334
0
0
0
1682192376.79080
msg_begin
7.75741e+06
-363539
-0.91519
0.0319029
0.00838735
0.000228043
0
0
0
1682192376.84072
msg_begin
7.75741e+06
-363540
-0.915154
0.00805466
0.00680035
0.000461951
0
0
0
1682192376.89072
msg_begin
7.75741e+06
-363540
-0.916021
0.00576595
0.0057326
0.00026017
0
0
0
1682192376.94075
msg_begin
7.75741e+06
-363540
-0.916505
0.00989358
0.0119718
0.000211341
0
0
0
1682192376.99074
msg_begin
7.75741e+06
-363541
-0.914962
0.00138973
0.00253157
2.70907e-06
0
0
0
1682192377.04072
msg_begin
7.75741e+06
-363541
-0.915658
0.00872093
0.00774881
0.000461782
0
0
0
1682192377.09080
msg_begin
7.75741e+06
-363541
-0.9169
0.00115677
0.00063385
5.18881e-05
0
0
0
1682192377.14079
msg_begin
7.75741e+06
-363542
-0.918306
8.3819e-09
5.82077e-10
1.33227e-15
0
0
0
1682192377.19084
msg_begin
7.75741e+06
-363542
-0.918857
0.0142391
0.0165157
0.00084701
0
0
0
1682192377.24080
msg_begin
7.75741e+06
-363543
-0.915107
0.00129274
0.00665934
0.00020578
0
0
0
1682192377.29086
msg_begin
7.75741e+06
-363543
-0.916087
0.00563858
0.0072586
6.75733e-05
0
0
0
1682192377.34083
msg_begin
7.75741e+06
-363543
-0.914788
0.00338572
0.00773094
0.000213772
0
0
0
1682192377.39077
msg_begin
7.75741e+06
-363544
-0.914874
0.0113946
0.0139909
0.000418711
0
0
0
1682192377.44075
msg_begin
7.75741e+06
-363544
-0.911862
0.00413416
0.00958236
0.000194762
0
0
0
1682192377.49065
msg_begin
7.75741e+06
-363544
-0.909911
0.00147168
0.00187924
0.000100478
0
0
0
1682192377.54055
msg_begin
7.75741e+06
-363545
-0.912049
0.00427415
0.00960739
0.000368761
0
0
0
1682192377.59047
msg_begin
7.75741e+06
-363545
-0.914887
0.00125348
0.000233581
0.000107934
0
0
0
1682192377.64030
msg_begin
7.75741e+06
-363546
-0.912019
8.3819e-09
3.20142e-09
1.66533e-15
0
0
0
1682192377.69022
msg_begin
7.75741e+06
-363546
-0.910895
0.00421743
0.00402688
0.000143987
0
0
0
1682192377.74012
msg_begin
7.75741e+06
-363546
-0.91126
0.00415169
0.0130329
0.00104481
0
0
0
1682192377.79011
msg_begin
7.75741e+06
-363547
-0.909771
0.00789407
0.0105858
0.000512865
0
0
0
1682192377.84001
msg_begin
7.75741e+06
-363547
-0.909554
0.00333957
0.00343794
0.000488649
0
0
0
1682192377.89000
msg_begin
7.75741e+06
-363547
-0.911686
0.00108023
0.00163753
0.000109712
0
0
0
1682192377.93997
msg_begin
7.75741e+06
-363548
-0.909129
0.00141194
0.000514948
9.00062e-05
0
0
0
1682192377.98996
msg_begin
7.75741e+06
-363548
-0.909644
0.037567
0.046711
0.000588758
0
0
0
1682192378.03997
msg_begin
7.75741e+06
-363549
-0.914816
0.00456113
0.00383146
0.00102441
0
0
0
1682192378.08995
msg_begin
7.75742e+06
-363549
-0.915617
4.65661e-09
2.67755e-09
2.22045e-16
0
0
0
1682192378.13995
msg_begin
7.75742e+06
-363549
-0.915966
0.000355326
0.00506846
0.000288109
0
0
0
1682192378.18995
msg_begin
7.75742e+06
-363550
-0.916161
3.07336e-08
2.96859e-09
0
0
0
0
1682192378.24005
msg_begin
7.75742e+06
-363550
-0.914178
0.000139746
0.000321384
9.66513e-05
0
0
0
1682192378.29011
msg_begin
7.75742e+06
-363550
-0.913674
0.00205323
0.00627033
0.000167535
0
0
0
1682192378.34020
msg_begin
7.75742e+06
-363551
-0.915497
0.00227676
0.00343573
0.00035736
0
0
0
1682192378.39018
msg_begin
7.75742e+06
-363551
-0.919984
1.58325e-08
1.22236e-09
3.88578e-15
0
0
0
1682192378.44019
msg_begin
7.75742e+06
-363552
-0.923119
0.00219996
0.00448611
0.000472624
0
0
0
1682192378.49016
msg_begin
7.75742e+06
-363552
-0.921614
3.1665e-08
3.49246e-10
5.32907e-15
0
0
0
1682192378.54019
msg_begin
7.75742e+06
-363552
-0.921834
0.0133361
0.0168284
0.00138902
0
0
0
1682192378.59008
msg_begin
7.75742e+06
-363553
-0.924998
0.00139419
0.00221499
0.000213299
0
0
0
1682192378.64015
msg_begin
7.75742e+06
-363553
-0.918216
5.86733e-08
1.16415e-10
4.32987e-15
0
0
0
1682192378.69006
msg_begin
7.75742e+06
-363554
-0.921345
0.000765825
0.000154867
1.80916e-05
0
0
0
1682192378.74008
msg_begin
7.75742e+06
-363554
-0.921693
0.00999426
0.0120094
0.000252853
0
0
0
1682192378.79006
msg_begin
7.75742e+06
-363554
-0.924987
0.0106515
0.0152765
0.00117078
0
0
0
1682192378.84000
msg_begin
7.75742e+06
-363555
-0.92656
0.00337499
0.00572222
0.000481907
0
0
0
1682192378.89002
msg_begin
7.75742e+06
-363555
-0.926898
0.0101468
0.0183132
0.000381502
0
0
0
1682192378.94001
msg_begin
7.75742e+06
-363555
-0.928284
0.00592575
0.00221492
0.000143443
0
0
0
1682192378.98991
msg_begin
7.75742e+06
-363556
-0.926552
0.00168914
0.00153467
0.000106367
0
0
0
1682192379.03994
msg_begin
7.75742e+06
-363556
-0.929116
0.00609732
0.0181061
0.00128643
0
0
0
1682192379.08988
msg_begin
7.75742e+06
-363557
-0.927815
0.0106659
0.00671409
0.000799482
0
0
0
1682192379.13987
msg_begin
7.75742e+06
-363557
-0.922991
6.98492e-08
3.49246e-09
2.33147e-15
0
0
0
1682192379.18986
msg_begin
7.75742e+06
-363558
-0.925831
1.58325e-08
1.5134e-09
4.21885e-15
0
0
0
1682192379.23983
msg_begin
7.75742e+06
-363558
-0.925325
0.00872571
0.0107904
0.000765243
0
0
0
1682192379.28974
msg_begin
7.75742e+06
-363558
-0.925171
0.000489969
0.00360446
0.000276225
0
0
0
1682192379.33963
msg_begin
7.75742e+06
-363559
-0.924349
0.0235094
0.0322584
0.00064427
0
0
0
1682192379.38958
msg_begin
7.75742e+06
-363559
-0.92251
0.00328869
0.00103059
0.000160342
0
0
0
1682192379.43948
msg_begin
7.75742e+06
-363559
-0.922499
0.00466112
0.00312304
0.000221824
0
0
0
1682192379.48944
msg_begin
7.75742e+06
-363560
-0.925164
0.00426658
0.00343273
0.00027647
0
0
0
1682192379.53940
msg_begin
7.75742e+06
-363560
-0.922286
2.79397e-09
3.25963e-09
4.88498e-15
0
0
0
1682192379.58938
msg_begin
7.75742e+06
-363561
-0.926376
0.0181503
0.0314641
0.0012152
0
0
0
1682192379.63936
msg_begin
7.75742e+06
-363561
-0.928533
0.014922
0.0143183
0.000451603
0
0
0
1682192379.68938
msg_begin
7.75742e+06
-363561
-0.928653
0.0393362
0.0631064
0.00109683
0
0
0
1682192379.73936
msg_begin
7.75743e+06
-363562
-0.929011
0.00175078
0.00143052
7.50116e-05
0
0
0
1682192379.78937
msg_begin
7.75743e+06
-363562
-0.928084
0.0131842
0.0083677
0.000413964
0
0
0
1682192379.83937
msg_begin
7.75743e+06
-363563
-0.925656
0.000887896
0.000193963
8.98591e-05
0
0
0
1682192379.88935
msg_begin
7.75743e+06
-363563
-0.928261
0.0110617
0.0119397
0.000475634
0
0
0
1682192379.93935
msg_begin
7.75743e+06
-363563
-0.92783
1.21072e-08
1.22236e-09
2.66454e-15
0
0
0
1682192379.98932
msg_begin
7.75743e+06
-363564
-0.929724
0.00291921
0.00505363
0.000167269
0
0
0
1682192380.03930
msg_begin
7.75743e+06
-363564
-0.926689
0.00156199
0.00690077
0.000155395
0
0
0
1682192380.08930
msg_begin
7.75743e+06
-363565
-0.925616
0.00895469
0.0105368
0.00107328
0
0
0
1682192380.13919
msg_begin
7.75743e+06
-363565
-0.92447
0.0178394
0.0249068
0.00111044
0
0
0
1682192380.18911
msg_begin
7.75743e+06
-363565
-0.926717
0.0161691
0.0126606
0.000624744
0
0
0
1682192380.23911
msg_begin
7.75743e+06
-363566
-0.926289
0.0037012
0.00522141
0.000525258
0
0
0
1682192380.28898
msg_begin
7.75743e+06
-363566
-0.925037
0.00253338
0.0081216
0.000704035
0
0
0
1682192380.33894
msg_begin
7.75743e+06
-363567
-0.924353
0.0154176
0.0192466
0.000477456
0
0
0
1682192380.38884
msg_begin
7.75743e+06
-363567
-0.923181
0.00523144
0.00829212
1.32428e-05
0
0
0
1682192380.43880
msg_begin
7.75743e+06
-363567
-0.92445
0.000570735
0.000409209
2.5741e-05
0
0
0
1682192380.48875
msg_begin
7.75743e+06
-363568
-0.923335
0.00965972
0.0124389
0.000314906
0
0
0
1682192380.53873
msg_begin
7.75743e+06
-363568
-0.921842
0.00271522
0.00480656
0.000187863
0
0
0
1682192380.58871
msg_begin
7.75743e+06
-363569
-0.923417
0.00286795
0.00508265
0.000107453
0
0
0
1682192380.63883
msg_begin
7.75743e+06
-363569
-0.922587
0.0008046
0.000908591
9.73899e-05
0
0
0
1682192380.68874
msg_begin
7.75743e+06
-363569
-0.922638
0.0111789
0.0159238
0.000792004
0
0
0
1682192380.73877
msg_begin
7.75743e+06
-363570
-0.922591
0.000790088
0.000969541
4.31906e-05
0
0
0
1682192380.78877
msg_begin
7.75743e+06
-363570
-0.926667
0.01492
0.0173276
0.000158835
0
0
0
1682192380.83876
msg_begin
7.75743e+06
-363571
-0.926134
0.0192098
0.0194381
0.00194876
0
0
0
1682192380.88877
msg_begin
7.75743e+06
-363571
-0.928744
0.00661922
0.0111906
0.000830632
0
0
0
1682192380.93870
msg_begin
7.75743e+06
-363571
-0.926773
0.0079411
0.00587825
0.000279961
0
0
0
1682192380.98872
msg_begin
7.75743e+06
-363572
-0.925636
0.000326439
0.000767165
8.66945e-05
0
0
0
1682192381.03867
msg_begin
7.75743e+06
-363572
-0.927367
0.0397351
0.0581158
0.00196576
0
0
0
1682192381.08861
msg_begin
7.75743e+06
-363573
-0.931624
0.00445833
0.00427706
0.000260943
0
0
0
1682192381.13847
msg_begin
7.75743e+06
-363573
-0.93102
0.00749652
0.0102246
0.00021767
0
0
0
1682192381.18852
msg_begin
7.75743e+06
-363573
-0.933782
0.0337603
0.0461797
0.000922009
0
0
0
1682192381.23837
msg_begin
7.75743e+06
-363574
-0.935903
7.91624e-08
4.65661e-10
2.10942e-15
0
0
0
1682192381.28834
msg_begin
7.75743e+06
-363574
-0.937026
0.00191737
0.00107015
0.000132218
0
0
0
1682192381.33824
msg_begin
7.75744e+06
-363575
-0.937841
0.00218362
0.00403381
0.00113499
0
0
0
1682192381.38821
msg_begin
7.75744e+06
-363575
-0.940096
5.12227e-08
4.07454e-10
3.33067e-15
0
0
0
1682192381.43806
msg_begin
7.75744e+06
-363575
-0.939725
0.0121786
0.0153877
0.000513817
0
0
0
1682192381.48802
msg_begin
7.75744e+06
-363576
-0.940676
0.0200448
0.0223511
0.00104417
0
0
0
1682192381.53787
msg_begin
7.75744e+06
-363576
-0.941556
8.3819e-09
6.40284e-10
5.55112e-16
0
0
0
1682192381.58783
msg_begin
7.75744e+06
-363577
-0.944511
0.00280471
0.00905399
0.000314161
0
0
0
1682192381.63779
msg_begin
7.75744e+06
-363577
-0.947745
0.000819917
0.000109905
4.02187e-06
0
0
0
1682192381.68769
msg_begin
7.75744e+06
-363578
-0.94815
0.0059585
0.00475012
0.000116081
0
0
0
1682192381.73767
msg_begin
7.75744e+06
-363578
-0.948861
0.0255186
0.0290417
0.000511128
0
0
0
1682192381.78759
msg_begin
7.75744e+06
-363578
-0.949085
0.00574775
0.00703118
0.000123898
0
0
0
1682192381.83758
msg_begin
7.75744e+06
-363579
-0.947906
0.0700422
0.0717537
0.000371515
0
0
0
1682192381.88757
msg_begin
7.75744e+06
-363579
-0.947952
9.31323e-10
5.82077e-10
8.88178e-16
0
0
0
1682192381.93753
msg_begin
7.75744e+06
-363580
-0.948418
0.000315182
0.000272367
2.23887e-05
0
0
0
1682192381.98756
msg_begin
7.75744e+06
-363580
-0.947269
0.0190377
0.0371986
0.000989416
0
0
0
1682192382.03787
msg_begin
7.75744e+06
-363580
-0.94693
0.00435512
0.0113854
0.000212421
0
0
0
1682192382.08751
msg_begin
7.75744e+06
-363581
-0.94731
0.00142075
0.00613537
0.000417834
0
0
0
1682192382.13742
msg_begin
7.75744e+06
-363581
-0.948323
0.0211204
0.0103103
0.000751109
0
0
0
1682192382.18743
msg_begin
7.75744e+06
-363582
-0.951115
0.000184846
0.000864846
0.000144064
0
0
0
1682192382.23738
msg_begin
7.75744e+06
-363582
-0.946011
4.28408e-08
9.31323e-10
3.21965e-15
0
0
0
1682192382.28726
msg_begin
7.75744e+06
-363582
-0.94348
0.00447172
0.0117911
0.000617784
0
0
0
1682192382.33731
msg_begin
7.75744e+06
-363583
-0.943186
0.0302346
0.0429538
0.00130687
0
0
0
1682192382.38719
msg_begin
7.75744e+06
-363583
-0.94117
6.70552e-08
5.82077e-11
2.10942e-15
0
0
0
1682192382.43741
msg_begin
7.75744e+06
-363584
-0.939627
0.0135706
0.0263444
0.00109626
0
0
0
1682192382.48713
msg_begin
7.75744e+06
-363584
-0.941081
0.0393829
0.0500804
0.00103614
0
0
0
1682192382.53711
msg_begin
7.75744e+06
-363584
-0.942761
0.01173
0.00996817
0.000438026
0
0
0
1682192382.58707
msg_begin
7.75744e+06
-363585
-0.944862
0.00202695
0.00360915
0.000831173
0
0
0
1682192382.63708
msg_begin
7.75744e+06
-363585
-0.948176
0.00511808
0.00124324
6.3915e-05
0
0
0
1682192382.68712
msg_begin
7.75744e+06
-363586
-0.950142
2.86799e-05
0.00104947
7.89222e-06
0
0
0
1682192382.73709
msg_begin
7.75744e+06
-363586
-0.950654
0.00813778
0.00154681
0.000146475
0
0
0
1682192382.78771
msg_begin
7.75744e+06
-363587
-0.950858
5.21541e-08
5.23869e-10
1.77636e-15
0
0
0
1682192382.83709
msg_begin
7.75744e+06
-363587
-0.950266
0.00146729
7.20661e-05
1.14274e-05
0
0
0
1682192382.88699
msg_begin
7.75744e+06
-363587
-0.948773
0.00436111
0.00851727
0.000293224
0
0
0
1682192382.93695
msg_begin
7.75745e+06
-363588
-0.951578
0.00255415
0.00133574
9.4778e-05
0
0
0
1682192382.98694
msg_begin
7.75745e+06
-363588
-0.949973
0.00821356
0.0132071
0.00139481
0
0
0
1682192383.03684
msg_begin
7.75745e+06
-363589
-0.951247
0.00100181
0.000830071
0.000444994
0
0
0
1682192383.08670
msg_begin
7.75745e+06
-363589
-0.954014
7.82311e-08
1.97906e-09
1.88738e-15
0
0
0
1682192383.13670
msg_begin
7.75745e+06
-363590
-0.952655
0.0178067
0.0198868
0.000468957
0
0
0
1682192383.18718
msg_begin
7.75745e+06
-363590
-0.949072
0.00663013
0.00554332
0.000850266
0
0
0
1682192383.23663
msg_begin
7.75745e+06
-363590
-0.951907
0.014996
0.0218253
0.00055513
0
0
0
1682192383.28661
msg_begin
7.75745e+06
-363591
-0.952806
0.00188579
0.00603455
0.000318453
0
0
0
1682192383.33654
msg_begin
7.75745e+06
-363591
-0.948372
0.00436264
0.00370896
0.000313817
0
0
0
1682192383.38656
msg_begin
7.75745e+06
-363592
-0.95214
0.00294932
0.00400133
0.000557672
0
0
0
1682192383.43663
msg_begin
7.75745e+06
-363592
-0.949872
0.00401401
0.00657432
0.000802175
0
0
0
1682192383.48663
msg_begin
7.75745e+06
-363592
-0.950099
0.0042142
0.00833129
0.000889141
0
0
0
1682192383.53666
msg_begin
7.75745e+06
-363593
-0.948553
1.86265e-08
1.39698e-09
3.9968e-15
0
0
0
1682192383.58737
msg_begin
7.75745e+06
-363593
-0.946031
0.0311689
0.0452436
0.000847871
0
0
0
1682192383.63680
msg_begin
7.75745e+06
-363594
-0.945916
0.0171009
0.0185502
0.000273523
0
0
0
1682192383.68658
msg_begin
7.75745e+06
-363594
-0.947395
2.14204e-08
2.2701e-09
7.77156e-16
0
0
0
1682192383.73650
msg_begin
7.75745e+06
-363595
-0.946884
0.00579419
0.00326586
0.000355732
0
0
0
1682192383.78647
msg_begin
7.75745e+06
-363595
-0.945473
0.00424561
0.00366061
6.97843e-05
0
0
0
1682192383.83649
msg_begin
7.75745e+06
-363595
-0.945921
0.00889604
0.00766158
0.000525682
0
0
0
1682192383.88639
msg_begin
7.75745e+06
-363596
-0.946907
0.0114412
0.00696582
0.00106416
0
0
0
1682192383.93629
msg_begin
7.75745e+06
-363596
-0.946547
0.00267038
0.00349877
0.000316466
0
0
0
1682192383.98676
msg_begin
7.75745e+06
-363597
-0.945943
0.004263
0.0152778
0.000316903
0
0
0
1682192384.03614
msg_begin
7.75745e+06
-363597
-0.944076
0.00994116
0.0131678
0.00040813
0
0
0
1682192384.08610
msg_begin
7.75745e+06
-363598
-0.946335
0.0102429
0.00701731
0.000429972
0
0
0
1682192384.13598
msg_begin
7.75745e+06
-363598
-0.946881
0.00156484
0.000134041
4.08756e-05
0
0
0
1682192384.18658
msg_begin
7.75745e+06
-363598
-0.947744
0.00480339
0.00451125
0.000362494
0
0
0
1682192384.23586
msg_begin
7.75745e+06
-363599
-0.941572
6.70552e-08
9.31323e-10
3.10862e-15
0
0
0
1682192384.28583
msg_begin
7.75745e+06
-363599
-0.94347
0.00365873
0.000886604
0.000442974
0
0
0
1682192384.33580
msg_begin
7.75745e+06
-363600
-0.9401
0.01606
0.012153
0.000288786
0
0
0
1682192384.38682
msg_begin
7.75745e+06
-363600
-0.937545
0.00224431
0.00315482
0.000204723
0
0
0
1682192384.43566
msg_begin
7.75745e+06
-363600
-0.937885
5.96046e-08
1.68802e-09
2.88658e-15
0
0
0
1682192384.48567
msg_begin
7.75745e+06
-363601
-0.936389
0.00124475
0.0010288
8.71261e-05
0
0
0
1682192384.53556
msg_begin
7.75746e+06
-363601
-0.936819
0.00745624
0.00604622
0.000552332
0
0
0
1682192384.58552
msg_begin
7.75746e+06
-363602
-0.937868
0.0152833
0.0142349
0.000795254
0
0
0
1682192384.63554
msg_begin
7.75746e+06
-363602
-0.937986
0.00501221
0.00283976
0.000234507
0
0
0
1682192384.68556
msg_begin
7.75746e+06
-363603
-0.937202
0.00776741
0.00846504
0.000216186
0
0
0
1682192384.73598
msg_begin
7.75746e+06
-363603
-0.937594
7.35745e-08
7.567e-10
2.44249e-15
0
0
0
1682192384.78551
msg_begin
7.75746e+06
-363603
-0.938904
0.00278843
0.00310537
0.000185263
0
0
0
1682192384.83551
msg_begin
7.75746e+06
-363604
-0.938317
0.00315412
0.00409022
0.000150101
0
0
0
1682192384.88557
msg_begin
7.75746e+06
-363604
-0.936411
5.02914e-08
5.82077e-11
2.33147e-15
0
0
0
1682192384.93555
msg_begin
7.75746e+06
-363605
-0.934329
0.0159797
0.0284199
0.00093262
0
0
0
1682192384.98553
msg_begin
7.75746e+06
-363605
-0.933161
0.000123702
0.000291983
1.72378e-05
0
0
0
1682192385.03545
msg_begin
7.75746e+06
-363606
-0.931984
0.00275843
0.0168674
0.000406611
0
0
0
1682192385.08544
msg_begin
7.75746e+06
-363606
-0.934161
0.00274721
0.00283613
0.000280294
0
0
0
1682192385.13550
msg_begin
7.75746e+06
-363606
-0.931705
0.00261254
0.0043663
0.000363158
0
0
0
1682192385.18529
msg_begin
7.75746e+06
-363607
-0.929517
0.000807353
0.00331912
1.03308e-05
0
0
0
1682192385.23527
msg_begin
7.75746e+06
-363607
-0.927925
0.000578361
0.00200391
0.000304445
0
0
0
1682192385.28519
msg_begin
7.75746e+06
-363608
-0.928642
0.0032042
0.0104736
0.000711281
0
0
0
1682192385.33512
msg_begin
7.75746e+06
-363608
-0.930753
0.00260331
0.0109514
0.000407696
0
0
0
1682192385.38507
msg_begin
7.75746e+06
-363608
-0.930041
0.00596661
0.00988078
0.000108723
0
0
0
1682192385.43509
msg_begin
7.75746e+06
-363609
-0.927938
5.7742e-08
5.82077e-11
5.66214e-15
0
0
0
1682192385.48505
msg_begin
7.75746e+06
-363609
-0.924295
0.00109872
0.00186875
0.000105415
0
0
0
1682192385.53512
msg_begin
7.75746e+06
-363610
-0.921083
0.00709658
0.00363947
0.000333866
0
0
0
1682192385.58508
msg_begin
7.75746e+06
-363610
-0.921381
0.00897028
0.00348178
0.000317254
0
0
0
1682192385.63516
msg_begin
7.75746e+06
-363610
-0.919457
6.14673e-08
3.84171e-09
0
0
0
0
1682192385.68512
msg_begin
7.75746e+06
-363611
-0.91928
0.00270303
0.00591169
0.000428375
0
0
0
1682192385.73517
msg_begin
7.75746e+06
-363611
-0.92027
0.007304
0.00199758
0.000174037
0
0
0
1682192385.78517
msg_begin
7.75746e+06
-363612
-0.921685
0.0111777
0.0130149
0.000452701
0
0
0
1682192385.83513
msg_begin
7.75746e+06
-363612
-0.921832
0.0195732
0.0190328
0.00078557
0
0
0
1682192385.88519
msg_begin
7.75746e+06
-363613
-0.920476
0.000841773
0.00316524
6.18924e-05
0
0
0
1682192385.93508
msg_begin
7.75746e+06
-363613
-0.922449
0.00287813
0.00347089
0.000802749
0
0
0
1682192385.98496
msg_begin
7.75746e+06
-363614
-0.919511
0.00518716
0.00242448
0.000827698
0
0
0
1682192386.03486
msg_begin
7.75746e+06
-363614
-0.918869
5.96046e-08
2.91038e-10
1.66533e-15
0
0
0
1682192386.08475
msg_begin
7.75747e+06
-363614
-0.916321
0.00153128
0.000716968
6.83803e-05
0
0
0
1682192386.13460
msg_begin
7.75747e+06
-363615
-0.917138
0.012655
0.0118558
0.000668596
0
0
0
1682192386.18454
msg_begin
7.75747e+06
-363615
-0.918112
0.0278168
0.0332283
0.000890828
0
0
0
1682192386.23450
msg_begin
7.75747e+06
-363616
-0.920177
0.00926408
0.0161584
0.00113305
0
0
0
1682192386.28440
msg_begin
7.75747e+06
-363616
-0.917751
0.0266031
0.0453318
0.000967875
0
0
0
1682192386.33435
msg_begin
7.75747e+06
-363617
-0.917675
0.0168719
0.0162709
0.00143816
0
0
0
1682192386.38435
msg_begin
7.75747e+06
-363617
-0.918662
0.00957483
0.00867363
0.000326594
0
0
0
1682192386.43424
msg_begin
7.75747e+06
-363618
-0.919701
0.000306437
0.00115238
2.55332e-05
0
0
0
1682192386.48431
msg_begin
7.75747e+06
-363618
-0.919042
0.0394564
0.0420633
0.00146945
0
0
0
1682192386.53426
msg_begin
7.75747e+06
-363618
-0.918242
6.42613e-08
1.45519e-09
2.22045e-15
0
0
0
1682192386.58425
msg_begin
7.75747e+06
-363619
-0.916037
4.65661e-09
8.73115e-10
2.77556e-15
0
0
0
1682192386.63426
msg_begin
7.75747e+06
-363619
-0.915713
0.0127572
0.0119976
0.000760063
0
0
0
1682192386.68423
msg_begin
7.75747e+06
-363620
-0.9182
5.96046e-08
1.10595e-09
3.10862e-15
0
0
0
1682192386.73422
msg_begin
7.75747e+06
-363620
-0.913827
6.79865e-08
3.14321e-09
5.9952e-15
0
0
0
1682192386.78417
msg_begin
7.75747e+06
-363621
-0.915603
2.79397e-08
2.79397e-09
1.88738e-15
0
0
0
1682192386.83410
msg_begin
7.75747e+06
-363621
-0.919457
0.00132883
0.00189349
0.000404598
0
0
0
1682192386.88403
msg_begin
7.75747e+06
-363621
-0.917949
0.004845
0.00354963
7.71824e-05
0
0
0
1682192386.93398
msg_begin
7.75747e+06
-363622
-0.917383
0.00417165
0.0043592
0.000287546
0
0
0
1682192386.98388
msg_begin
7.75747e+06
-363622
-0.913456
5.58794e-08
7.567e-10
2.22045e-16
0
0
0
1682192387.03385
msg_begin
7.75747e+06
-363622
-0.911573
0.0123225
0.0169364
0.000532014
0
0
0
1682192387.08372
msg_begin
7.75747e+06
-363623
-0.911782
0.0221292
0.00475801
0.0004059
0
0
0
1682192387.13368
msg_begin
7.75747e+06
-363623
-0.908023
0.00440739
0.00368673
8.63384e-05
0
0
0
1682192387.18356
msg_begin
7.75747e+06
-363624
-0.906397
5.7742e-08
3.49246e-10
3.33067e-15
0
0
0
1682192387.23342
msg_begin
7.75747e+06
-363624
-0.910886
6.0536e-08
2.50293e-09
3.33067e-15
0
0
0
1682192387.28335
msg_begin
7.75747e+06
-363625
-0.90663
0.000627334
0.000331565
6.54239e-05
0
0
0
1682192387.33335
msg_begin
7.75747e+06
-363625
-0.906384
2.98023e-08
1.33878e-09
1.44329e-15
0
0
0
1682192387.38323
msg_begin
7.75747e+06
-363625
-0.903154
0.0103932
0.0124715
0.00048091
0
0
0
1682192387.43313
msg_begin
7.75747e+06
-363626
-0.900098
0.00920672
0.00293605
0.000218424
0
0
0
1682192387.48313
msg_begin
7.75747e+06
-363626
-0.899678
6.89179e-08
2.67755e-09
3.33067e-16
0
0
0
1682192387.53305
msg_begin
7.75747e+06
-363627
-0.897263
0.00413301
0.0159441
0.000730335
0
0
0
1682192387.58305
msg_begin
7.75748e+06
-363627
-0.899363
0.00416991
0.007218
0.000563811
0
0
0
1682192387.63303
msg_begin
7.75748e+06
-363628
-0.896095
0.000549239
0.0027328
0.000191977
0
0
0
1682192387.68302
msg_begin
7.75748e+06
-363628
-0.889617
0.00098922
0.0019165
5.04806e-05
0
0
0
1682192387.73304
msg_begin
7.75748e+06
-363629
-0.885729
0.00755975
0.00815901
0.000106664
0
0
0
1682192387.78300
msg_begin
7.75748e+06
-363629
-0.883672
0.0107911
0.00619087
0.000438864
0
0
0
1682192387.83299
msg_begin
7.75748e+06
-363629
-0.880261
0.00172119
0.00111947
8.70381e-05
0
0
0
1682192387.88298
msg_begin
7.75748e+06
-363630
-0.87494
0.044906
0.0401947
0.000885532
0
0
0
1682192387.93299
msg_begin
7.75748e+06
-363630
-0.873726
0.0194083
0.0293748
0.00118984
0
0
0
1682192387.98296
msg_begin
7.75748e+06
-363630
-0.868947
0.0023072
0.00276847
0.000271647
0
0
0
1682192388.03294
msg_begin
7.75748e+06
-363631
-0.867565
0.00282339
0.00250685
0.000225507
0
0
0
1682192388.08288
msg_begin
7.75748e+06
-363631
-0.862092
0.0025841
0.0129544
0.000358758
0
0
0
1682192388.13282
msg_begin
7.75748e+06
-363632
-0.861297
0.00296255
0.000732221
9.78006e-05
0
0
0
1682192388.18293
msg_begin
7.75748e+06
-363632
-0.855933
0.00937672
0.0107196
0.00106378
0
0
0
1682192388.23284
msg_begin
7.75748e+06
-363633
-0.847212
1.02445e-08
3.72529e-09
8.88178e-16
0
0
0
1682192388.28272
msg_begin
7.75748e+06
-363633
-0.844859
0.00224711
0.00172492
0.000160473
0
0
0
1682192388.33269
msg_begin
7.75748e+06
-363633
-0.839915
0.000126241
0.00423505
0.000264649
0
0
0
1682192388.38259
msg_begin
7.75748e+06
-363634
-0.835754
0.00134342
0.00197956
2.34376e-05
0
0
0
1682192388.43252
msg_begin
7.75748e+06
-363634
-0.828862
6.61239e-08
3.72529e-09
2.10942e-15
0
0
0
1682192388.48243
msg_begin
7.75748e+06
-363634
-0.823143
0.0245163
0.0248145
0.000337317
0
0
0
1682192388.53231
msg_begin
7.75748e+06
-363635
-0.815114
0.00633913
0.000910984
0.000145495
0
0
0
1682192388.58218
msg_begin
7.75748e+06
-363635
-0.811546
0.00135025
0.0014157
0.000105333
0
0
0
1682192388.63215
msg_begin
7.75748e+06
-363635
-0.806784
0.00648949
0.00422053
0.000549426
0
0
0
1682192388.68196
msg_begin
7.75748e+06
-363636
-0.799239
0.0121458
0.0107445
0.00080453
0
0
0
1682192388.73184
msg_begin
7.75748e+06
-363636
-0.786948
0.0139971
0.00941427
0.000854635
0
0
0
1682192388.78173
msg_begin
7.75748e+06
-363636
-0.780717
3.35276e-08
4.65661e-10
2.33147e-15
0
0
0
1682192388.83156
msg_begin
7.75748e+06
-363637
-0.774608
0.0019258
0.00231316
5.26886e-05
0
0
0
1682192388.88144
msg_begin
7.75748e+06
-363637
-0.762322
0.000978953
0.00611978
0.000216886
0
0
0
1682192388.93138
msg_begin
7.75748e+06
-363637
-0.756062
0.000447431
0.00178661
9.38181e-05
0
0
0
1682192388.98124
msg_begin
7.75749e+06
-363638
-0.746256
0.00153662
0.00242864
0.000160753
0
0
0
1682192389.03120
msg_begin
7.75749e+06
-363638
-0.736143
0.00999965
0.00104823
0.00152299
0
0
0
1682192389.08108
msg_begin
7.75749e+06
-363638
-0.733113
0.0122643
0.0139516
0.00019266
0
0
0
1682192389.13100
msg_begin
7.75749e+06
-363639
-0.722445
0.00514716
0.00415894
0.000163338
0
0
0
1682192389.18099
msg_begin
7.75749e+06
-363639
-0.718516
0.0127468
0.00868606
0.000307907
0
0
0
1682192389.23095
msg_begin
7.75749e+06
-363640
-0.707372
0.0147118
0.00952572
0.00416987
0
0
0
1682192389.28088
msg_begin
7.75749e+06
-363640
-0.700649
0.000355547
0.00052654
0.000126476
0
0
0
1682192389.33084
msg_begin
7.75749e+06
-363640
-0.691934
0.000551231
0.000388968
5.61637e-05
0
0
0
1682192389.38071
msg_begin
7.75749e+06
-363641
-0.687483
0.0198569
0.0114847
0.00138802
0
0
0
1682192389.43058
msg_begin
7.75749e+06
-363641
-0.681272
0.00327746
0.00177997
0.00029028
0
0
0
1682192389.48055
msg_begin
7.75749e+06
-363641
-0.68023
4.28408e-08
2.50293e-09
1.88738e-15
0
0
0
1682192389.53038
msg_begin
7.75749e+06
-363642
-0.671213
5.58794e-09
5.82077e-10
3.77476e-15
0
0
0
1682192389.58033
msg_begin
7.75749e+06
-363642
-0.665875
0.00133744
0.0014795
0.000309296
0
0
0
1682192389.63020
msg_begin
7.75749e+06
-363642
-0.662851
0.00248888
0.00114484
1.29475e-05
0
0
0
1682192389.68008
msg_begin
7.75749e+06
-363642
-0.65071
3.1665e-08
4.65661e-10
2.33147e-15
0
0
0
1682192389.72993
msg_begin
7.75749e+06
-363643
-0.639095
9.03383e-08
3.49246e-10
2.9976e-15
0
0
0
1682192389.82972
msg_begin
7.75749e+06
-363643
-0.636617
0.0191348
0.0122129
0.000935016
0
0
0
1682192389.87965
msg_begin
7.75749e+06
-363644
-0.630621
0.0164697
0.00707197
0.00104537
0
0
0
1682192389.92954
msg_begin
7.75749e+06
-363644
-0.624629
0.0220056
0.00296096
0.000983505
0
0
0
1682192389.97948
msg_begin
7.75749e+06
-363644
-0.621975
0.00442537
0.00833905
0.000223405
0
0
0
1682192390.02951
msg_begin
7.75749e+06
-363645
-0.618327
0.00170752
0.00111283
4.46323e-05
0
0
0
1682192390.07953
msg_begin
7.75749e+06
-363645
-0.616775
0.00447761
0.00621225
0.000228865
0
0
0
1682192390.12954
msg_begin
7.75749e+06
-363645
-0.612154
0.00910363
0.00445254
0.000327291
0
0
0
1682192390.17948
msg_begin
7.75749e+06
-363645
-0.607756
0.00373502
0.00129071
0.000209375
0
0
0
1682192390.22946
msg_begin
7.7575e+06
-363646
-0.604293
0.0339997
0.0245473
0.00154852
0
0
0
1682192390.27943
msg_begin
7.7575e+06
-363646
-0.599814
0.022794
0.00851444
0.000449879
0
0
0
1682192390.32939
msg_begin
7.7575e+06
-363646
-0.592459
0.00241653
0.00115179
8.72249e-05
0
0
0
1682192390.37931
msg_begin
7.7575e+06
-363647
-0.589327
7.26432e-08
5.82077e-10
3.88578e-15
0
0
0
1682192390.42925
msg_begin
7.7575e+06
-363647
-0.581662
0.00137199
0.00275339
0.000130496
0
0
0
1682192390.47917
msg_begin
7.7575e+06
-363647
-0.580734
5.96046e-08
2.44472e-09
3.88578e-15
0
0
0
1682192390.52922
msg_begin
7.7575e+06
-363647
-0.576454
0.000455028
0.000453015
2.14829e-05
0
0
0
1682192390.57902
msg_begin
7.7575e+06
-363648
-0.571617
0.0093033
0.00765359
0.000280335
0
0
0
1682192390.62890
msg_begin
7.7575e+06
-363648
-0.565553
0.0143508
0.00980555
0.000634859
0
0
0
1682192390.67883
msg_begin
7.7575e+06
-363648
-0.557051
0.00524618
0.0049055
0.000497824
0
0
0
1682192390.72867
msg_begin
7.7575e+06
-363648
-0.549578
0.0223585
0.0161029
0.000607167
0
0
0
1682192390.77860
msg_begin
7.7575e+06
-363649
-0.536019
0.0161438
0.0127497
0.000855953
0
0
0
1682192390.82846
msg_begin
7.7575e+06
-363649
-0.533457
0.00572133
0.00274407
0.000370608
0
0
0
1682192390.87834
msg_begin
7.7575e+06
-363649
-0.524337
0.00797978
0.00934488
0.000794066
0
0
0
1682192390.92814
msg_begin
7.7575e+06
-363649
-0.520149
0.00437359
0.00127125
0.000249247
0
0
0
1682192390.97803
msg_begin
7.7575e+06
-363650
-0.519083
0.0104499
0.00805328
0.000615648
0
0
0
1682192391.02792
msg_begin
7.7575e+06
-363650
-0.504468
6.51926e-08
7.567e-10
9.99201e-16
0
0
0
1682192391.07784
msg_begin
7.7575e+06
-363650
-0.496715
7.45058e-09
4.65661e-10
3.83027e-15
0
0
0
1682192391.12776
msg_begin
7.7575e+06
-363650
-0.492503
0.00788915
0.00503924
0.0010842
0
0
0
1682192391.17771
msg_begin
7.7575e+06
-363651
-0.481573
0.00385164
0.00174462
0.000171585
0
0
0
1682192391.22766
msg_begin
7.7575e+06
-363651
-0.480464
0.00572312
0.000756572
0.000368647
0
0
0
1682192391.27766
msg_begin
7.7575e+06
-363651
-0.472877
0.0192832
0.0073961
0.000380995
0
0
0
1682192391.32758
msg_begin
7.7575e+06
-363651
-0.468062
1.39698e-08
2.67755e-09
3.21965e-15
0
0
0
1682192391.37755
msg_begin
7.75751e+06
-363651
-0.457536
0.00900169
0.0052131
0.000906751
0
0
0
1682192391.42754
msg_begin
7.75751e+06
-363652
-0.454923
0.00902772
0.00373032
0.000806035
0
0
0
1682192391.47744
msg_begin
7.75751e+06
-363652
-0.444355
0.0095256
0.00249578
0.000431666
0
0
0
1682192391.52734
msg_begin
7.75751e+06
-363652
-0.438139
0.019471
0.00619803
0.00235002
0
0
0
1682192391.57725
msg_begin
7.75751e+06
-363652
-0.434833
0.00491074
0.00247476
0.000520287
0
0
0
1682192391.62718
msg_begin
7.75751e+06
-363652
-0.427344
0.00991762
0.000895673
0.00020889
0
0
0
1682192391.67710
msg_begin
7.75751e+06
-363653
-0.421174
0.0040056
0.0017288
0.000320541
0
0
0
1682192391.72701
msg_begin
7.75751e+06
-363653
-0.414135
5.7742e-08
3.25963e-09
4.44089e-15
0
0
0
1682192391.77698
msg_begin
7.75751e+06
-363653
-0.406197
0.0054026
0.00540962
0.00120727
0
0
0
1682192391.82683
msg_begin
7.75751e+06
-363653
-0.40126
0.00581279
0.0115432
0.000632043
0
0
0
1682192391.87668
msg_begin
7.75751e+06
-363653
-0.395869
0.0183251
0.00220297
0.000491498
0
0
0
1682192391.92656
msg_begin
7.75751e+06
-363654
-0.388879
0.00746424
0.00381692
0.0004855
0
0
0
1682192391.97647
msg_begin
7.75751e+06
-363654
-0.385513
0.00774783
0.00791175
0.000904666
0
0
0
1682192392.02637
msg_begin
7.75751e+06
-363654
-0.377669
0.000589161
0.00100823
5.37865e-05
0
0
0
1682192392.07629
msg_begin
7.75751e+06
-363654
-0.373973
0.000129842
0.00182946
0.000181561
0
0
0
1682192392.12624
msg_begin
7.75751e+06
-363654
-0.355796
0.0164043
0.00236959
0.000305683
0
0
0
1682192392.22605
msg_begin
7.75751e+06
-363655
-0.353359
1.86265e-08
4.65661e-10
3.55271e-15
0
0
0
1682192392.27593
msg_begin
7.75751e+06
-363655
-0.344468
0.0233442
0.00417999
0.00135234
0
0
0
1682192392.32582
msg_begin
7.75751e+06
-363655
-0.337151
0.0063532
0.00128344
0.00010153
0
0
0
1682192392.37573
msg_begin
7.75751e+06
-363655
-0.332481
0.00504043
0.00308672
0.00043119
0
0
0
1682192392.42557
msg_begin
7.75751e+06
-363655
-0.325061
0.0104892
0.00386835
0.000423122
0
0
0
1682192392.47550
msg_begin
7.75752e+06
-363655
-0.314314
0.016094
0.00362942
0.000795692
0
0
0
1682192392.52540
msg_begin
7.75752e+06
-363655
-0.308211
0.0296435
0.0112069
0.00113031
0
0
0
1682192392.57528
msg_begin
7.75752e+06
-363656
-0.304371
8.19564e-08
3.49246e-10
7.21645e-16
0
0
0
1682192392.62515
msg_begin
7.75752e+06
-363656
-0.29524
0.0270644
0.00830519
0.00120117
0
0
0
1682192392.67503
msg_begin
7.75752e+06
-363656
-0.288779
0.0134207
0.00399985
0.000534905
0
0
0
1682192392.72489
msg_begin
7.75752e+06
-363656
-0.282376
0.0440399
0.0110914
0.0012174
0
0
0
1682192392.77474
msg_begin
7.75752e+06
-363656
-0.280572
0.0280069
0.00672922
0.00163923
0
0
0
1682192392.82466
msg_begin
7.75752e+06
-363656
-0.268746
0.0166323
0.00520898
0.00269259
0
0
0
1682192392.87454
msg_begin
7.75752e+06
-363656
-0.264459
0.00832373
0.00187876
0.000358024
0
0
0
1682192392.92461
msg_begin
7.75752e+06
-363656
-0.256301
0.0281147
0.0123979
0.000954512
0
0
0
1682192392.97443
msg_begin
7.75752e+06
-363657
-0.252253
0.033649
0.0150163
0.000817696
0
0
0
1682192393.02434
msg_begin
7.75752e+06
-363657
-0.244144
9.49345e-05
0.00069795
1.73322e-05
0
0
0
1682192393.07430
msg_begin
7.75752e+06
-363657
-0.238873
0.00873589
0.00198974
0.000426682
0
0
0
1682192393.12436
msg_begin
7.75752e+06
-363657
-0.234604
0.00677416
0.00116099
0.000256892
0
0
0
1682192393.17413
msg_begin
7.75752e+06
-363657
-0.226125
0.0213151
0.0123159
0.000699169
0
0
0
1682192393.22404
msg_begin
7.75752e+06
-363657
-0.221794
0.00375557
0.00319061
0.00146494
0
0
0
1682192393.27401
msg_begin
7.75752e+06
-363657
-0.214388
0.0311479
0.0022465
0.000262957
0
0
0
1682192393.32393
msg_begin
7.75752e+06
-363657
-0.205552
0.00808971
0.0036624
0.000932272
0
0
0
1682192393.37387
msg_begin
7.75752e+06
-363657
-0.201121
0.00581141
0.00360956
0.000817864
0
0
0
1682192393.42383
msg_begin
7.75752e+06
-363658
-0.192745
0.0080933
0.00367594
0.000301521
0
0
0
1682192393.47378
msg_begin
7.75752e+06
-363658
-0.184525
0.081263
0.0132245
0.000327725
0
0
0
1682192393.52370
msg_begin
7.75753e+06
-363658
-0.182798
0.0121111
0.00165385
0.000203481
0
0
0
1682192393.57364
msg_begin
7.75753e+06
-363658
-0.18065
0.0469058
0.006976
0.000742298
0
0
0
1682192393.62361
msg_begin
7.75753e+06
-363658
-0.177121
0.0197409
0.00551825
0.00116922
0
0
0
1682192393.67349
msg_begin
7.75753e+06
-363658
-0.169804
5.40167e-08
1.16415e-09
4.996e-16
0
0
0
1682192393.72340
msg_begin
7.75753e+06
-363658
-0.166906
0.00945272
0.00740672
0.000554791
0
0
0
1682192393.77333
msg_begin
7.75753e+06
-363658
-0.165815
0.00950543
0.00155749
0.000348325
0
0
0
1682192393.82337
msg_begin
7.75753e+06
-363658
-0.158067
0.000959193
0.000373322
9.87839e-05
0
0
0
1682192393.87314
msg_begin
7.75753e+06
-363658
-0.152943
0.0004677
0.00170363
0.000115496
0
0
0
1682192393.92303
msg_begin
7.75753e+06
-363658
-0.150803
0.0112611
0.00693763
0.00094573
0
0
0
1682192393.97301
msg_begin
7.75753e+06
-363658
-0.148764
0.0182592
0.002393
0.00149557
0
0
0
1682192394.02285
msg_begin
7.75753e+06
-363658
-0.143912
5.12227e-08
1.04774e-09
4.71845e-16
0
0
0
1682192394.07271
msg_begin
7.75753e+06
-363658
-0.138034
0.00647191
0.00195818
0.00120758
0
0
0
1682192394.12262
msg_begin
7.75753e+06
-363659
-0.1332
0.020089
0.00736754
0.00112161
0
0
0
1682192394.17253
msg_begin
7.75753e+06
-363659
-0.12826
0.0389601
0.0105638
0.000962892
0
0
0
1682192394.22238
msg_begin
7.75753e+06
-363659
-0.12518
0.0066491
0.00310657
0.000322571
0
0
0
1682192394.27230
msg_begin
7.75753e+06
-363659
-0.122014
0.0164366
0.0137261
0.00104173
0
0
0
1682192394.32222
msg_begin
7.75753e+06
-363659
-0.116863
0.00471411
0.0029941
0.000920989
0
0
0
1682192394.37212
msg_begin
7.75753e+06
-363659
-0.111113
0.0253216
0.0112766
0.000572943
0
0
0
1682192394.42203
msg_begin
7.75753e+06
-363659
-0.107435
0.0172022
0.00123452
0.00012125
0
0
0
1682192394.47194
msg_begin
7.75753e+06
-363659
-0.107269
0.0558967
0.00796448
0.000380328
0
0
0
1682192394.52188
msg_begin
7.75753e+06
-363659
-0.101137
0.00916552
0.00620817
0.00143483
0
0
0
1682192394.57175
msg_begin
7.75754e+06
-363659
-0.100442
5.12227e-08
8.73115e-10
5.82867e-16
0
0
0
1682192394.62170
msg_begin
7.75754e+06
-363659
-0.0949292
0.0135758
0.00667642
0.000752985
0
0
0
1682192394.67155
msg_begin
7.75754e+06
-363659
-0.0904482
0.0102859
0.0149736
0.000616368
0
0
0
1682192394.72147
msg_begin
7.75754e+06
-363659
-0.085422
0.0274968
0.00405874
0.0017968
0
0
0
1682192394.77135
msg_begin
7.75754e+06
-363659
-0.0855995
0.00098309
0.00042325
0.000104198
0
0
0
1682192394.82125
msg_begin
7.75754e+06
-363659
-0.0780479
0.00540614
0.00127971
0.000310377
0
0
0
1682192394.87122
msg_begin
7.75754e+06
-363659
-0.0719515
0.00418482
0.000588492
0.000384948
0
0
0
1682192394.92108
msg_begin
7.75754e+06
-363659
-0.0693499
0.00807313
0.00243428
0.000331205
0
0
0
1682192394.97106
msg_begin
7.75754e+06
-363659
-0.0697959
0.017431
0.00243916
0.000455175
0
0
0
1682192395.02098
msg_begin
7.75754e+06
-363659
-0.0650954
1.30385e-08
3.37604e-09
1.249e-16
0
0
0
1682192395.07091
msg_begin
7.75754e+06
-363659
-0.065238
0.00438088
0.00206605
0.00015614
0
0
0
1682192395.12077
msg_begin
7.75754e+06
-363659
-0.0613663
0.0196984
0.0101724
0.000589189
0
0
0
1682192395.17071
msg_begin
7.75754e+06
-363659
-0.0621884
1.58325e-08
4.07454e-10
2.15106e-16
0
0
0
1682192395.22059
msg_begin
7.75754e+06
-363659
-0.0579578
0.0116054
0.0013325
0.000143665
0
0
0
1682192395.27048
msg_begin
7.75754e+06
-363659
-0.0557463
0.0118085
0.00350438
0.000623613
0
0
0
1682192395.32035
msg_begin
7.75754e+06
-363659
-0.0481887
6.51926e-09
5.23869e-10
3.46945e-17
0
0
0
1682192395.37025
msg_begin
7.75754e+06
-363659
-0.0452113
0.0143875
0.00181907
0.000389977
0
0
0
1682192395.42013
msg_begin
7.75754e+06
-363660
-0.0430757
0.0315835
0.00524718
0.000643843
0
0
0
1682192395.47007
msg_begin
7.75754e+06
-363660
-0.0391
0.0171092
0.00671602
0.000504045
0
0
0
1682192395.51983
msg_begin
7.75754e+06
-363660
-0.0308889
5.58794e-09
1.45519e-09
3.1225e-17
0
0
0
1682192395.56973
msg_begin
7.75754e+06
-363660
-0.0300171
0.00364081
0.00080775
0.000190057
0
0
0
1682192395.61958
msg_begin
7.75755e+06
-363660
-0.0300654
0.00319777
0.0082671
0.000387246
0
0
0
1682192395.66952
msg_begin
7.75755e+06
-363660
-0.0268862
0.0105019
0.00428305
0.000350363
0
0
0
1682192395.71942
msg_begin
7.75755e+06
-363660
-0.0228923
0.0031047
0.00349252
0.000332042
0
0
0
1682192395.76933
msg_begin
7.75755e+06
-363660
-0.0193
0.0436695
0.00177031
0.000547137
0
0
0
1682192395.81923
msg_begin
7.75755e+06
-363660
-0.016202
5.58794e-09
2.50293e-09
1.63064e-16
0
0
0
1682192395.86920
msg_begin
7.75755e+06
-363660
-0.0154863
0.00253917
0.000120352
2.18569e-05
0
0
0
1682192395.91923
msg_begin
7.75755e+06
-363660
-0.0153159
0.00382927
0.000172552
3.32091e-05
0
0
0
1682192395.96921
msg_begin
7.75755e+06
-363660
-0.0105538
1.86265e-09
2.32831e-10
8.32667e-17
0
0
0
1682192396.01921
msg_begin
7.75755e+06
-363660
-0.00480351
8.00937e-08
2.03727e-09
5.89806e-17
0
0
0
1682192396.06918
msg_begin
7.75755e+06
-363660
-0.00504212
4.09782e-08
3.66708e-09
2.68882e-17
0
0
0
1682192396.16920
msg_begin
7.75755e+06
-363660
-0.00470354
0.00309638
0.00648715
0.00031874
0
0
0
1682192396.21922
msg_begin
7.75755e+06
-363660
-0.00349784
0.0427576
0.00468822
0.0010398
0
0
0
1682192396.26917
msg_begin
7.75755e+06
-363660
-0.00178234
0.0106136
0.00305509
0.000511513
0
0
0
1682192396.31923
msg_begin
7.75755e+06
-363660
-0.000206598
0.0422699
0.0105747
0.00154139
0
0
0
1682192396.36916
msg_begin
7.75755e+06
-363660
0.00761941
0.0104595
0.000396054
1.83612e-05
0
0
0
1682192396.41910
msg_begin
7.75755e+06
-363660
0.0106017
0.0102175
0.000685066
8.57516e-05
0
0
0
1682192396.46902
msg_begin
7.75755e+06
-363660
0.0108352
4.84288e-08
1.16415e-10
5.20417e-18
0
0
0
1682192396.51904
msg_begin
7.75755e+06
-363660
0.0106277
0.0144412
0.00264107
0.000463391
0
0
0
1682192396.56892
msg_begin
7.75755e+06
-363660
0.011509
0.0319857
0.00958384
0.000416674
0
0
0
1682192396.61888
msg_begin
7.75755e+06
-363659
0.0152625
6.79865e-08
4.65661e-10
4.16334e-17
0
0
0
1682192396.66876
msg_begin
7.75755e+06
-363659
0.0159362
0.00384262
2.98872e-05
0.000103575
0
0
0
1682192396.71873
msg_begin
7.75756e+06
-363659
0.0158356
0.00263543
0.00174415
0.000108107
0
0
0
1682192396.76867
msg_begin
7.75756e+06
-363659
0.0160477
0.00672862
0.00714034
0.000515584
0
0
0
1682192396.81865
msg_begin
7.75756e+06
-363659
0.0162562
0.0157911
0.0112347
0.000404269
0
0
0
1682192396.86854
msg_begin
7.75756e+06
-363659
0.0207544
0.000625461
0.000991853
0.00018682
0
0
0
1682192396.91853
msg_begin
7.75756e+06
-363659
0.0258131
2.79397e-09
3.14321e-09
7.63278e-17
0
0
0
1682192396.96850
msg_begin
7.75756e+06
-363659
0.0296976
0.00205402
0.000838522
0.000115283
0
0
0
1682192397.01840
msg_begin
7.75756e+06
-363659
0.029849
0.00584948
0.000778972
7.36058e-05
0
0
0
1682192397.06833
msg_begin
7.75756e+06
-363659
0.0314158
0.00867957
0.00106231
0.000249507
0
0
0
1682192397.11816
msg_begin
7.75756e+06
-363659
0.0355504
0.0128339
0.00136478
0.000383616
0
0
0
1682192397.16809
msg_begin
7.75756e+06
-363659
0.0365667
0.00686637
0.00498369
0.000555924
0
0
0
1682192397.21798
msg_begin
7.75756e+06
-363659
0.0406636
0.0203132
0.00780512
0.00148482
0
0
0
1682192397.26795
msg_begin
7.75756e+06
-363659
0.040485
0.00911765
0.0100062
0.000562269
0
0
0
1682192397.31790
msg_begin
7.75756e+06
-363659
0.0435411
0.0121595
0.00362272
0.000616621
0
0
0
1682192397.36770
msg_begin
7.75756e+06
-363659
0.0457171
0.0053609
0.00326263
0.000251909
0
0
0
1682192397.41757
msg_begin
7.75756e+06
-363659
0.0476594
0.0155511
0.00668795
0.00133677
0
0
0
1682192397.46756
msg_begin
7.75756e+06
-363659
0.0485638
0.00856991
0.00622442
0.000344242
0
0
0
1682192397.51734
msg_begin
7.75756e+06
-363659
0.0502174
0.00522645
0.0010547
0.000243957
0
0
0
1682192397.56719
msg_begin
7.75756e+06
-363659
0.0529155
3.25963e-08
4.19095e-09
3.46945e-17
0
0
0
1682192397.61712
msg_begin
7.75756e+06
-363659
0.0518258
0.00642823
0.00666197
0.00015586
0
0
0
1682192397.66702
msg_begin
7.75756e+06
-363659
0.0495827
0.006592
0.00651646
0.0015072
0
0
0
1682192397.71680
msg_begin
7.75756e+06
-363659
0.0560551
8.9407e-08
5.82077e-11
4.16334e-16
0
0
0
1682192397.76662
msg_begin
7.75756e+06
-363659
0.059773
5.96046e-08
4.07454e-10
2.28983e-16
0
0
0
1682192397.81645
msg_begin
7.75757e+06
-363659
0.0608885
0.00185353
0.00701945
0.000278587
0
0
0
1682192397.86645
msg_begin
7.75757e+06
-363659
0.0583376
0.0155818
0.00608938
0.000792249
0
0
0
1682192397.91621
msg_begin
7.75757e+06
-363659
0.0629642
0.0141682
0.00415639
0.000437454
0
0
0
1682192397.96595
msg_begin
7.75757e+06
-363659
0.0667936
0.018672
0.00658079
0.00054511
0
0
0
1682192398.01579
msg_begin
7.75757e+06
-363659
0.0707686
0.0044042
0.00172111
0.000486963
0
0
0
1682192398.06570
msg_begin
7.75757e+06
-363659
0.0748324
0.00162646
0.00878386
0.00107982
0
0
0
1682192398.11554
msg_begin
7.75757e+06
-363659
0.0754482
0.00190897
0.000636181
0.00021984
0
0
0
1682192398.16550
msg_begin
7.75757e+06
-363659
0.078039
0.00571761
0.00385974
0.000702864
0
0
0
1682192398.21540
msg_begin
7.75757e+06
-363659
0.0816801
0.00335446
0.00797067
0.000469664
0
0
0
1682192398.26537
msg_begin
7.75757e+06
-363659
0.0847748
0.00280511
0.000737134
0.00014975
0
0
0
1682192398.31528
msg_begin
7.75757e+06
-363659
0.0872377
0.0134096
0.00298918
0.000266664
0
0
0
1682192398.36527
msg_begin
7.75757e+06
-363658
0.087325
0.00372776
0.00162938
0.000255679
0
0
0
1682192398.41526
msg_begin
7.75757e+06
-363658
0.0920903
0.0244483
0.0038753
0.00109522
0
0
0
1682192398.46524
msg_begin
7.75757e+06
-363658
0.0946086
0.00953449
0.00566458
0.000290855
0
0
0
1682192398.51529
msg_begin
7.75757e+06
-363658
0.0995689
0.019507
0.00514545
0.000500821
0
0
0
1682192398.56522
msg_begin
7.75757e+06
-363658
0.102268
0.000147633
0.00144787
9.42925e-05
0
0
0
1682192398.61531
msg_begin
7.75757e+06
-363658
0.105402
0.000235269
0.00076461
2.39518e-05
0
0
0
1682192398.66536
msg_begin
7.75757e+06
-363658
0.109632
0.0061059
0.00636918
0.000365676
0
0
0
1682192398.71535
msg_begin
7.75757e+06
-363658
0.114222
0.000570406
0.000312539
5.4026e-05
0
0
0
1682192398.76537
msg_begin
7.75757e+06
-363658
0.117879
6.51926e-09
3.66708e-09
2.22045e-16
0
0
0
1682192398.81535
msg_begin
7.75757e+06
-363658
0.119953
0.0116654
0.00344952
0.00109791
0
0
0
1682192398.86534
msg_begin
7.75757e+06
-363658
0.123992
6.61239e-08
2.32831e-10
6.10623e-16
0
0
0
1682192398.91536
msg_begin
7.75758e+06
-363658
0.127591
0.0180395
0.00338849
0.000506869
0
0
0
1682192398.96524
msg_begin
7.75758e+06
-363658
0.130339
0.021124
0.00878168
0.00106879
0
0
0
1682192399.01525
msg_begin
7.75758e+06
-363658
0.134776
0.0015466
0.00449779
0.000286644
0
0
0
1682192399.06514
msg_begin
7.75758e+06
-363658
0.136983
0.0230678
0.0101389
0.000322007
0
0
0
1682192399.11510
msg_begin
7.75758e+06
-363658
0.142551
0.00519202
0.000422772
0.000123436
0
0
0
1682192399.16506
msg_begin
7.75758e+06
-363657
0.142235
0.0127584
0.0042555
0.00064441
0
0
0
1682192399.21495
msg_begin
7.75758e+06
-363657
0.147924
0.0249743
0.00193442
0.000387179
0
0
0
1682192399.26485
msg_begin
7.75758e+06
-363657
0.150985
0.00785506
0.00102942
0.000220849
0
0
0
1682192399.31483
msg_begin
7.75758e+06
-363657
0.150837
5.58794e-09
2.96859e-09
1.91513e-15
0
0
0
1682192399.36470
msg_begin
7.75758e+06
-363657
0.15593
0.00404468
0.00427939
0.000146775
0
0
0
1682192399.41470
msg_begin
7.75758e+06
-363657
0.158635
0.00346732
0.000689002
0.000258171
0
0
0
1682192399.46456
msg_begin
7.75758e+06
-363657
0.161893
0.00402513
0.00109302
0.000455119
0
0
0
1682192399.51459
msg_begin
7.75758e+06
-363657
0.164039
0.0191853
0.00555817
0.00042873
0
0
0
1682192399.56451
msg_begin
7.75758e+06
-363657
0.168922
0.00749594
0.00244063
0.000349955
0
0
0
1682192399.61444
msg_begin
7.75758e+06
-363657
0.170791
0.00205464
0.000721099
4.87263e-05
0
0
0
1682192399.66431
msg_begin
7.75758e+06
-363657
0.174705
0.0109206
0.0110974
0.000679673
0
0
0
1682192399.71418
msg_begin
7.75758e+06
-363657
0.174959
0.00725923
0.00329411
0.00047069
0
0
0
1682192399.76408
msg_begin
7.75758e+06
-363657
0.180299
0.00500061
0.000650508
5.38779e-06
0
0
0
1682192399.81400
msg_begin
7.75758e+06
-363656
0.180196
0.00312348
0.00112968
0.000182298
0
0
0
1682192399.86391
msg_begin
7.75758e+06
-363656
0.185655
0.00131289
0.000149435
3.09824e-05
0
0
0
1682192399.91379
msg_begin
7.75758e+06
-363656
0.189435
0.0343072
0.00230617
0.000246737
0
0
0
1682192399.96379
msg_begin
7.75758e+06
-363656
0.191709
0.00198155
0.00356998
0.000399207
0
0
0
1682192400.01364
msg_begin
7.75759e+06
-363656
0.195539
0.00247481
0.00630068
0.000277491
0
0
0
1682192400.06359
msg_begin
7.75759e+06
-363656
0.200016
0.013503
0.00116824
0.000334598
0
0
0
1682192400.11356
msg_begin
7.75759e+06
-363656
0.203881
1.11759e-08
2.61934e-09
2.498e-16
0
0
0
1682192400.16354
msg_begin
7.75759e+06
-363656
0.206992
0.00743157
0.00335038
0.000429003
0
0
0
1682192400.21351
msg_begin
7.75759e+06
-363656
0.212169
0.00496414
0.0027973
0.000431426
0
0
0
1682192400.26347
msg_begin
7.75759e+06
-363656
0.212475
0.010639
0.00569591
0.000328116
0
0
0
1682192400.31336
msg_begin
7.75759e+06
-363656
0.214683
0.0109955
0.0135377
0.000942115
0
0
0
1682192400.36330
msg_begin
7.75759e+06
-363655
0.216196
0.0150197
0.0107223
0.000723242
0
0
0
1682192400.41328
msg_begin
7.75759e+06
-363655
0.218585
0.000252447
0.000188696
9.66112e-06
0
0
0
1682192400.46316
msg_begin
7.75759e+06
-363655
0.219478
0.0112796
0.00142898
0.000288043
0
0
0
1682192400.51306
msg_begin
7.75759e+06
-363655
0.223774
0.0380139
0.0107088
0.000996005
0
0
0
1682192400.56306
msg_begin
7.75759e+06
-363655
0.225255
0.0170963
0.00564532
0.00072954
0
0
0
1682192400.61296
msg_begin
7.75759e+06
-363655
0.227723
0.000369617
0.000619562
1.41536e-05
0
0
0
1682192400.66287
msg_begin
7.75759e+06
-363655
0.231589
0.00128314
0.00171786
4.42927e-05
0
0
0
1682192400.71284
msg_begin
7.75759e+06
-363655
0.235363
0.0094141
0.0036139
0.000632563
0
0
0
1682192400.76283
msg_begin
7.75759e+06
-363655
0.23458
1.39698e-08
3.14321e-09
1.30451e-15
0
0
0
1682192400.81281
msg_begin
7.75759e+06
-363654
0.236807
0.00691835
0.00526896
0.000424253
0
0
0
1682192400.86282
msg_begin
7.75759e+06
-363654
0.241317
0.0118681
0.0146198
0.00131239
0
0
0
1682192400.91276
msg_begin
7.75759e+06
-363654
0.246043
0.000941185
0.00391085
0.00020105
0
0
0
1682192400.96282
msg_begin
7.75759e+06
-363654
0.244872
0.0317608
0.00629713
0.00116283
0
0
0
1682192401.01278
msg_begin
7.75759e+06
-363654
0.246756
0.0183247
0.00213643
0.00159776
0
0
0
1682192401.06276
msg_begin
7.75759e+06
-363654
0.248157
0.018678
0.00983078
0.00128854
0
0
0
1682192401.11278
msg_begin
7.75759e+06
-363654
0.253098
4.65661e-09
2.32831e-10
1.05471e-15
0
0
0
1682192401.16279
msg_begin
7.7576e+06
-363654
0.25298
0.0113377
0.00203415
0.000329768
0
0
0
1682192401.21273
msg_begin
7.7576e+06
-363654
0.256964
0.0275396
0.00928713
0.00134397
0
0
0
1682192401.26272
msg_begin
7.7576e+06
-363653
0.259274
0.00535728
0.00419153
0.000521005
0
0
0
1682192401.31262
msg_begin
7.7576e+06
-363653
0.260759
0.0167743
0.000176133
0.000188672
0
0
0
1682192401.36261
msg_begin
7.7576e+06
-363653
0.265838
0.0222017
0.0073137
0.00165956
0
0
0
1682192401.41261
msg_begin
7.7576e+06
-363653
0.27018
0.0215028
0.00756745
0.000355947
0
0
0
1682192401.46266
msg_begin
7.7576e+06
-363653
0.269311
0.0237014
0.0195705
0.00150091
0
0
0
1682192401.51258
msg_begin
7.7576e+06
-363653
0.270075
0.0187865
0.00937779
0.00181525
0
0
0
1682192401.56253
msg_begin
7.7576e+06
-363653
0.272074
0.00337336
0.00290178
0.000377294
0
0
0
1682192401.61239
msg_begin
7.7576e+06
-363653
0.27614
0.0144645
0.00504201
0.000573565
0
0
0
1682192401.66237
msg_begin
7.7576e+06
-363652
0.278287
0.00735419
0.00843949
0.000963838
0
0
0
1682192401.71228
msg_begin
7.7576e+06
-363652
0.280812
0.0514572
0.00612587
0.000474526
0
0
0
1682192401.76222
msg_begin
7.7576e+06
-363652
0.282119
0.00145743
0.00644202
0.000105688
0
0
0
1682192401.81206
msg_begin
7.7576e+06
-363652
0.283666
0.00860818
0.00599106
0.000486768
0
0
0
1682192401.86202
msg_begin
7.7576e+06
-363652
0.28742
0.00793774
0.00690347
0.00102772
0
0
0
1682192401.91198
msg_begin
7.7576e+06
-363652
0.291317
0.00519883
0.00944045
0.000862951
0
0
0
1682192401.96193
msg_begin
7.7576e+06
-363652
0.292862
0.0112873
0.00496825
0.000370262
0
0
0
1682192402.01184
msg_begin
7.7576e+06
-363652
0.293679
0.0177925
0.0079017
0.00080863
0
0
0
1682192402.06181
msg_begin
7.7576e+06
-363651
0.297879
0.0128467
0.0103315
0.000777384
0
0
0
1682192402.11177
msg_begin
7.7576e+06
-363651
0.299878
0.00710886
0.00811343
0.000482921
0
0
0
1682192402.16178
msg_begin
7.7576e+06
-363651
0.300329
0.00240371
0.000589542
0.000214104
0
0
0
1682192402.21169
msg_begin
7.7576e+06
-363651
0.30348
0.00437469
0.00153255
0.000462193
0
0
0
1682192402.26173
msg_begin
7.7576e+06
-363651
0.306629
0.00503113
0.0047312
0.000743526
0
0
0
1682192402.31162
msg_begin
7.7576e+06
-363651
0.309373
0.000151086
0.00107259
2.21815e-05
0
0
0
1682192402.36161
msg_begin
7.75761e+06
-363651
0.312942
3.91071e-05
0.000274463
2.18576e-05
0
0
0
1682192402.41160
msg_begin
7.75761e+06
-363651
0.317217
0.0184801
0.00969599
0.00119489
0
0
0
1682192402.46156
msg_begin
7.75761e+06
-363650
0.318833
0.00705359
0.0101744
0.000521504
0
0
0
1682192402.51146
msg_begin
7.75761e+06
-363650
0.319927
0.00230615
0.00399596
0.000578949
0
0
0
1682192402.56139
msg_begin
7.75761e+06
-363650
0.323157
9.40636e-08
1.92085e-09
2.66454e-15
0
0
0
1682192402.61126
msg_begin
7.75761e+06
-363650
0.326486
0.0235644
0.0168707
0.00045838
0
0
0
1682192402.66129
msg_begin
7.75761e+06
-363650
0.329725
0.0064051
0.00722875
0.000326181
0
0
0
1682192402.71114
msg_begin
7.75761e+06
-363650
0.334676
0.00712896
0.00175212
0.00112979
0
0
0
1682192402.76112
msg_begin
7.75761e+06
-363650
0.338285
0.0014353
0.00107488
1.9638e-05
0
0
0
1682192402.81111
msg_begin
7.75761e+06
-363649
0.342275
0.00180778
0.00508095
0.000513602
0
0
0
1682192402.91104
msg_begin
7.75761e+06
-363649
0.344515
0.00387533
0.00214157
4.46879e-05
0
0
0
1682192402.96099
msg_begin
7.75761e+06
-363649
0.348136
0.00166512
0.000616751
0.000133525
0
0
0
1682192403.01102
msg_begin
7.75761e+06
-363649
0.352462
0.00865614
0.00323126
0.000319982
0
0
0
1682192403.06094
msg_begin
7.75761e+06
-363649
0.357075
0.000464977
1.06256e-05
1.28123e-05
0
0
0
1682192403.11094
msg_begin
7.75761e+06
-363648
0.360159
0.0180027
0.000677732
0.000604568
0
0
0
1682192403.16093
msg_begin
7.75761e+06
-363648
0.363605
0.0222907
0.00637106
0.000763027
0
0
0
1682192403.21091
msg_begin
7.75761e+06
-363648
0.37153
0.00607935
0.00188983
0.000196101
0
0
0
1682192403.31083
msg_begin
7.75761e+06
-363648
0.376566
0.0296932
0.00995281
0.000829295
0
0
0
1682192403.36075
msg_begin
7.75761e+06
-363648
0.377896
0.00227227
0.00150665
0.000262797
0
0
0
1682192403.41075
msg_begin
7.75761e+06
-363648
0.383365
0.0111654
0.00549453
0.000288132
0
0
0
1682192403.46061
msg_begin
7.75761e+06
-363647
0.387724
0.016303
0.011673
0.000562874
0
0
0
1682192403.51052
msg_begin
7.75761e+06
-363647
0.392739
0.00390585
0.00290843
7.55019e-05
0
0
0
1682192403.56043
msg_begin
7.75761e+06
-363647
0.395305
0.00819556
0.00115385
0.000257803
0
0
0
1682192403.61034
msg_begin
7.75762e+06
-363647
0.399673
0.0025938
0.00153375
3.27644e-05
0
0
0
1682192403.66020
msg_begin
7.75762e+06
-363647
0.402892
0.0113862
0.00597449
0.000964652
0
0
0
1682192403.71010
msg_begin
7.75762e+06
-363646
0.410223
0.00198836
0.00142203
0.000440495
0
0
0
1682192403.76007
msg_begin
7.75762e+06
-363646
0.411794
0.0220503
0.00178912
0.000163367
0
0
0
1682192403.80997
msg_begin
7.75762e+06
-363646
0.417247
0.00419132
0.0113497
0.00054831
0
0
0
1682192403.86080
msg_begin
7.75762e+06
-363646
0.420462
0.0100601
0.00519709
0.000312517
0
0
0
1682192403.90994
msg_begin
7.75762e+06
-363646
0.422368
0.0033896
0.00403309
0.000145083
0
0
0
1682192403.95992
msg_begin
7.75762e+06
-363646
0.429209
0.0185131
0.00853511
0.0010877
0
0
0
1682192404.00993
msg_begin
7.75762e+06
-363645
0.434644
0.00787629
0.00656705
0.0013039
0
0
0
1682192404.05982
msg_begin
7.75762e+06
-363645
0.437021
0.00478665
0.000934258
0.000182079
0
0
0
1682192404.10983
msg_begin
7.75762e+06
-363645
0.443187
0.00927074
0.0102869
0.000894005
0
0
0
1682192404.15982
msg_begin
7.75762e+06
-363645
0.443087
0.000818641
0.000124338
1.54333e-05
0
0
0
1682192404.20975
msg_begin
7.75762e+06
-363645
0.445415
0.0110954
0.00768883
0.00147177
0
0
0
1682192404.26100
msg_begin
7.75762e+06
-363645
0.449966
0.0397904
0.00780666
0.000804676
0
0
0
1682192404.30970
msg_begin
7.75762e+06
-363644
0.457858
0.00528128
0.00748043
0.000516064
0
0
0
1682192404.35957
msg_begin
7.75762e+06
-363644
0.4604
0.00465875
0.00298018
0.000259676
0
0
0
1682192404.40950
msg_begin
7.75762e+06
-363644
0.468118
0.02762
0.0130806
0.000176841
0
0
0
1682192404.45942
msg_begin
7.75762e+06
-363644
0.47306
0.0106558
0.00805072
0.00032575
0
0
0
1682192404.50933
msg_begin
7.75762e+06
-363644
0.476178
0.00192132
0.00428743
0.000285898
0
0
0
1682192404.55929
msg_begin
7.75762e+06
-363643
0.482469
0.0494674
0.0333784
0.00132865
0
0
0
1682192404.60923
msg_begin
7.75762e+06
-363643
0.486428
0.0072416
0.00531442
0.000455837
0
0
0
1682192404.65992
msg_begin
7.75762e+06
-363643
0.492305
0.00879376
0.00912119
0.000728698
0
0
0
1682192404.70917
msg_begin
7.75762e+06
-363643
0.497686
0.00382449
0.00372853
0.000439934
0
0
0
1682192404.75926
msg_begin
7.75762e+06
-363643
0.504012
0.00551199
0.000493362
0.000983748
0
0
0
1682192404.81009
msg_begin
7.75762e+06
-363642
0.511032
0.00238032
0.00206466
0.000573686
0
0
0
1682192404.85959
msg_begin
7.75762e+06
-363642
0.515137
0.0251593
0.0278997
0.00100674
0
0
0
1682192404.90925
msg_begin
7.75762e+06
-363642
0.518272
0.00926812
0.00608498
0.000643737
0
0
0
1682192404.95924
msg_begin
7.75762e+06
-363642
0.526112
1.49012e-08
2.61934e-09
4.77396e-15
0
0
0
1682192405.00941
msg_begin
7.75763e+06
-363642
0.53104
0.00124906
0.00246435
0.000288418
0
0
0
1682192405.05938
msg_begin
7.75763e+06
-363641
0.530833
0.00682996
0.000262668
0.000396433
0
0
0
1682192405.10912
msg_begin
7.75763e+06
-363641
0.535411
0.00789748
0.00434528
0.000386766
0
0
0
1682192405.15909
msg_begin
7.75763e+06
-363641
0.540242
0.0157842
0.000898931
4.43938e-05
0
0
0
1682192405.20958
msg_begin
7.75763e+06
-363641
0.545696
0.0152722
0.0113317
0.000469508
0
0
0
1682192405.25931
msg_begin
7.75763e+06
-363641
0.555144
0.000403634
0.000122151
0.000191834
0
0
0
1682192405.30888
msg_begin
7.75763e+06
-363640
0.554987
0.000338098
0.000596293
0.000177797
0
0
0
1682192405.35878
msg_begin
7.75763e+06
-363640
0.562486
8.80195e-05
0.000647238
3.07063e-05
0
0
0
1682192405.40956
msg_begin
7.75763e+06
-363640
0.566555
0.013198
0.0027164
0.000274351
0
0
0
1682192405.45883
msg_begin
7.75763e+06
-363640
0.573591
0.00953316
0.00604055
0.000461001
0
0
0
1682192405.50856
msg_begin
7.75763e+06
-363640
0.576785
0.00290499
0.00232608
3.13521e-05
0
0
0
1682192405.55854
msg_begin
7.75763e+06
-363639
0.58365
0.00298834
0.00227103
0.000278719
0
0
0
1682192405.60890
msg_begin
7.75763e+06
-363639
0.584934
0.0126722
0.0067029
0.000205961
0
0
0
1682192405.65843
msg_begin
7.75763e+06
-363639
0.589803
0.00459408
0.00818529
0.00181741
0
0
0
1682192405.70825
msg_begin
7.75763e+06
-363639
0.592963
0.00448503
0.00438713
0.000533418
0
0
0
1682192405.75820
msg_begin
7.75763e+06
-363638
0.5992
0.0197162
0.0151358
0.00130831
0
0
0
1682192405.80823
msg_begin
7.75763e+06
-363638
0.601443
0.00910737
0.0150399
0.000563824
0
0
0
1682192405.85905
msg_begin
7.75763e+06
-363638
0.606006
0.00532223
0.00398082
0.000994514
0
0
0
1682192405.90804
msg_begin
7.75763e+06
-363638
0.608454
0.00588905
0.00313241
0.00089093
0
0
0
1682192405.95807
msg_begin
7.75763e+06
-363638
0.617348
0.00510743
0.00187646
0.00022948
0
0
0
1682192406.00802
msg_begin
7.75763e+06
-363637
0.622305
0.00492941
0.0036069
0.00107399
0
0
0
1682192406.05869
msg_begin
7.75763e+06
-363637
0.626906
0.00515002
0.00534447
0.00112241
0
0
0
1682192406.10796
msg_begin
7.75763e+06
-363637
0.628898
4.19095e-08
2.61934e-09
3.33067e-15
0
0
0
1682192406.15801
msg_begin
7.75763e+06
-363637
0.631348
0.0426401
0.0321088
0.0014619
0
0
0
1682192406.20795
msg_begin
7.75763e+06
-363636
0.632976
0.0560094
0.0342888
0.00301303
0
0
0
1682192406.25902
msg_begin
7.75763e+06
-363636
0.634335
0.00533317
0.0115949
0.00125289
0
0
0
1682192406.30803
msg_begin
7.75763e+06
-363636
0.639999
0.000530793
0.00136528
0.000130257
0
0
0
1682192406.35808
msg_begin
7.75763e+06
-363636
0.641177
0.0246037
0.0161802
0.00109903
0
0
0
1682192406.40821
msg_begin
7.75763e+06
-363635
0.644515
0.0172689
0.00696458
0.00198363
0
0
0
1682192406.45890
msg_begin
7.75763e+06
-363635
0.644663
0.00136674
0.000498975
2.58768e-05
0
0
0
1682192406.50827
msg_begin
7.75763e+06
-363635
0.645006
0.00855042
0.00419382
0.000711769
0
0
0
1682192406.55832
msg_begin
7.75764e+06
-363635
0.646261
0.0119779
0.00535702
0.000668183
0
0
0
1682192406.60843
msg_begin
7.75764e+06
-363635
0.64554
0.00236545
0.00035355
9.88239e-05
0
0
0
1682192406.65936
msg_begin
7.75764e+06
-363634
0.648371
0.00610689
0.00583909
0.000274858
0
0
0
1682192406.70844
msg_begin
7.75764e+06
-363634
0.650332
0.0228176
0.0086862
0.000479763
0
0
0
1682192406.75844
msg_begin
7.75764e+06
-363634
0.649945
0.00440581
0.00332327
0.000208777
0
0
0
1682192406.80910
msg_begin
7.75764e+06
-363634
0.650994
0.0189982
0.0199684
0.00120324
0
0
0
1682192406.85847
msg_begin
7.75764e+06
-363634
0.648384
0.00353179
0.00190614
0.000206352
0
0
0
1682192406.90840
msg_begin
7.75764e+06
-363633
0.646984
0.0103581
0.0108045
0.00163062
0
0
0
1682192406.95838
msg_begin
7.75764e+06
-363633
0.647964
0.00278601
0.000366922
0.000177911
0
0
0
1682192407.00878
msg_begin
7.75764e+06
-363633
0.649169
0.0102861
0.00172573
0.000171238
0
0
0
1682192407.05829
msg_begin
7.75764e+06
-363633
0.649099
0.00346759
0.00867727
0.000460158
0
0
0
1682192407.10831
msg_begin
7.75764e+06
-363632
0.649055
0.000901514
0.00033465
0.000106268
0
0
0
1682192407.15828
msg_begin
7.75764e+06
-363632
0.649392
0.0149167
0.00912311
0.000460687
0
0
0
1682192407.20876
msg_begin
7.75764e+06
-363632
0.651323
0.0155159
0.00961786
0.000309731
0
0
0
1682192407.25834
msg_begin
7.75764e+06
-363632
0.647134
0.00333272
0.00297353
0.000842573
0
0
0
1682192407.30841
msg_begin
7.75764e+06
-363632
0.650279
0.00471024
0.000631657
4.44181e-05
0
0
0
1682192407.35846
msg_begin
7.75764e+06
-363631
0.654114
1.21072e-08
2.61934e-09
7.77156e-16
0
0
0
1682192407.40863
msg_begin
7.75764e+06
-363631
0.65487
0.0100745
0.0119726
0.000668058
0
0
0
1682192407.45865
msg_begin
7.75764e+06
-363631
0.652989
0.037283
0.0245564
0.000781146
0
0
0
1682192407.50875
msg_begin
7.75764e+06
-363631
0.650925
1.76951e-08
1.16415e-10
2.44249e-15
0
0
0
1682192407.55881
msg_begin
7.75764e+06
-363631
0.653296
0.00611809
0.00277044
0.000309887
0
0
0
1682192407.60893
msg_begin
7.75764e+06
-363630
0.655043
8.00937e-08
1.74623e-10
3.55271e-15
0
0
0
1682192407.65895
msg_begin
7.75764e+06
-363630
0.656817
0.00514666
0.0027318
0.000951511
0
0
0
1682192407.70901
msg_begin
7.75764e+06
-363630
0.655184
0.00633237
0.00325321
0.000351375
0
0
0
1682192407.75908
msg_begin
7.75764e+06
-363630
0.656058
0.000776348
0.00052001
0.00028946
0
0
0
1682192407.80915
msg_begin
7.75764e+06
-363629
0.653914
0.00157379
0.00205757
0.000188088
0
0
0
1682192407.85933
msg_begin
7.75764e+06
-363629
0.653276
1.21072e-08
1.16415e-10
3.21965e-15
0
0
0
1682192407.90935
msg_begin
7.75764e+06
-363629
0.652693
0.0115159
0.00605645
0.000179511
0
0
0
1682192407.95939
msg_begin
7.75764e+06
-363629
0.652071
0.0261391
0.0103272
0.0015394
0
0
0
1682192408.00974
msg_begin
7.75764e+06
-363628
0.653279
1.30385e-08
3.37604e-09
4.21885e-15
0
0
0
1682192408.05962
msg_begin
7.75764e+06
-363628
0.650985
0.00319339
0.00157401
0.000388832
0
0
0
1682192408.10939
msg_begin
7.75764e+06
-363628
0.651306
0.011664
0.00704802
0.000506464
0
0
0
1682192408.15942
msg_begin
7.75764e+06
-363628
0.651486
0.015536
0.0126629
0.000744952
0
0
0
1682192408.20942
msg_begin
7.75764e+06
-363628
0.65235
5.86733e-08
8.73115e-10
1.44329e-15
0
0
0
1682192408.25942
msg_begin
7.75764e+06
-363628
0.649138
0.000849939
0.00176159
6.46136e-05
0
0
0
1682192408.30916
msg_begin
7.75764e+06
-363627
0.646665
0.00441153
0.00670688
8.61388e-05
0
0
0
1682192408.35911
msg_begin
7.75764e+06
-363627
0.647714
0.00250719
0.00185971
0.000102404
0
0
0
1682192408.40898
msg_begin
7.75765e+06
-363627
0.647867
0.0148321
0.00307889
0.000298227
0
0
0
1682192408.45921
msg_begin
7.75765e+06
-363627
0.647298
0.00134444
0.000532468
9.17057e-05
0
0
0
1682192408.50883
msg_begin
7.75765e+06
-363626
0.649357
0.00207741
0.00113869
0.000559725
0
0
0
1682192408.55872
msg_begin
7.75765e+06
-363626
0.647448
0.00536391
0.00559441
0.000293168
0
0
0
1682192408.60877
msg_begin
7.75765e+06
-363626
0.64794
0.00368239
0.00169952
0.000186251
0
0
0
1682192408.65857
msg_begin
7.75765e+06
-363626
0.646351
6.70534e-05
0.000557887
5.3093e-05
0
0
0
1682192408.70838
msg_begin
7.75765e+06
-363626
0.646309
0.00605982
0.00796962
0.000459808
0
0
0
1682192408.75835
msg_begin
7.75765e+06
-363626
0.645603
0.0113401
0.0212667
0.000642185
0
0
0
1682192408.80821
msg_begin
7.75765e+06
-363625
0.644973
0.00256991
0.000662441
0.000177776
0
0
0
1682192408.85815
msg_begin
7.75765e+06
-363625
0.645668
0.00262594
0.00251073
0.000385633
0
0
0
1682192408.90812
msg_begin
7.75765e+06
-363625
0.646247
0.00351429
0.00391586
0.000446426
0
0
0
1682192408.95808
msg_begin
7.75765e+06
-363625
0.645954
0.000340898
0.000573484
7.57281e-05
0
0
0
1682192409.00800
msg_begin
7.75765e+06
-363625
0.647946
0.00152262
0.00236459
0.00012958
0
0
0
1682192409.05799
msg_begin
7.75765e+06
-363624
0.646573
0.00277416
0.00515831
0.000153011
0
0
0
1682192409.10801
msg_begin
7.75765e+06
-363624
0.647397
0.00295118
0.004402
0.00056021
0
0
0
1682192409.15802
msg_begin
7.75765e+06
-363624
0.647418
0.0143239
0.00531031
0.00101251
0
0
0
1682192409.20806
msg_begin
7.75765e+06
-363624
0.644468
0.00286196
0.00277613
0.000443384
0
0
0
1682192409.25850
msg_begin
7.75765e+06
-363624
0.642632
0.00469031
0.00505998
0.000248386
0
0
0
1682192409.30799
msg_begin
7.75765e+06
-363623
0.640027
0.00164119
0.00489083
0.000218793
0
0
0
1682192409.35810
msg_begin
7.75765e+06
-363623
0.640103
6.33299e-08
8.14907e-10
4.77396e-15
0
0
0
1682192409.40843
msg_begin
7.75765e+06
-363623
0.639946
0.0325672
0.0298092
0.000952066
0
0
0
1682192409.45814
msg_begin
7.75765e+06
-363623
0.641701
0.000627808
0.00106142
0.000174254
0
0
0
1682192409.50815
msg_begin
7.75765e+06
-363623
0.641332
0.0251999
0.027334
0.00192309
0
0
0
1682192409.55809
msg_begin
7.75765e+06
-363623
0.640453
0.0043971
0.00159724
0.000326086
0
0
0
1682192409.60829
msg_begin
7.75765e+06
-363622
0.640366
0.00890857
0.000789362
0.000681011
0
0
0
1682192409.65802
msg_begin
7.75765e+06
-363622
0.636683
0.00967943
0.0101507
0.000225334
0
0
0
1682192409.70797
msg_begin
7.75765e+06
-363622
0.639449
0.00115367
0.000135171
2.25957e-05
0
0
0
1682192409.75794
msg_begin
7.75765e+06
-363622
0.637675
0.00541066
0.0143259
0.000797646
0
0
0
1682192409.80792
msg_begin
7.75765e+06
-363622
0.636829
0.00585789
0.00587734
0.000274559
0
0
0
1682192409.85797
msg_begin
7.75765e+06
-363622
0.636037
0.0011533
0.00101995
9.86002e-05
0
0
0
1682192409.90794
msg_begin
7.75765e+06
-363622
0.637816
0.0138514
0.00736363
0.000611667
0
0
0
1682192409.95796
msg_begin
7.75765e+06
-363621
0.637796
0.00371002
0.000944
0.000155844
0
0
0
1682192410.00801
msg_begin
7.75765e+06
-363621
0.637314
0.00500727
0.00152163
0.00060124
0
0
0
1682192410.05792
msg_begin
7.75765e+06
-363621
0.635584
0.00067302
0.000494956
0.000303922
0
0
0
1682192410.10786
msg_begin
7.75765e+06
-363621
0.636004
1.02445e-08
5.23869e-10
4.66294e-15
0
0
0
1682192410.15785
msg_begin
7.75765e+06
-363621
0.636258
0.00430141
0.00231467
0.000827053
0
0
0
1682192410.20788
msg_begin
7.75765e+06
-363621
0.633109
0.00335386
0.0115863
0.000330418
0
0
0
1682192410.25793
msg_begin
7.75765e+06
-363621
0.632855
0.00669712
0.00263991
0.000410565
0
0
0
1682192410.30792
msg_begin
7.75765e+06
-363620
0.634
0.00346514
0.00295399
0.000154066
0
0
0
1682192410.35797
msg_begin
7.75765e+06
-363620
0.634891
0.0111571
0.00297629
0.000762684
0
0
0
1682192410.40797
msg_begin
7.75765e+06
-363620
0.635553
0.0135821
0.00932196
0.00100443
0
0
0
1682192410.45804
msg_begin
7.75765e+06
-363620
0.635436
0.00229427
0.00598476
0.0003421
0
0
0
1682192410.50809
msg_begin
7.75765e+06
-363620
0.638332
0.00254832
0.00556068
0.000809401
0
0
0
1682192410.55808
msg_begin
7.75765e+06
-363620
0.637011
0.00385299
0.0022647
0.000304702
0
0
0
1682192410.60797
msg_begin
7.75765e+06
-363620
0.637122
0.00872925
0.00219507
0.000691797
0
0
0
1682192410.65800
msg_begin
7.75765e+06
-363619
0.637536
2.98023e-08
1.74623e-10
1.44329e-15
0
0
0
1682192410.70798
msg_begin
7.75765e+06
-363619
0.63546
0.00325866
0.000392288
0.000119071
0
0
0
1682192410.75790
msg_begin
7.75766e+06
-363619
0.635391
1.21072e-08
2.38651e-09
4.44089e-15
0
0
0
1682192410.80786
msg_begin
7.75766e+06
-363619
0.6356
0.0019429
0.00449222
0.00069927
0
0
0
1682192410.85797
msg_begin
7.75766e+06
-363619
0.63418
0.00591213
0.00918709
0.00056386
0
0
0
1682192410.90787
msg_begin
7.75766e+06
-363619
0.633473
0.00336481
0.00494916
0.000528855
0
0
0
1682192410.95774
msg_begin
7.75766e+06
-363619
0.634751
0.0107826
0.0071179
0.000545916
0
0
0
1682192411.00770
msg_begin
7.75766e+06
-363619
0.63436
0.00574029
0.00400007
0.000377639
0
0
0
1682192411.05764
msg_begin
7.75766e+06
-363619
0.634363
0.000936264
0.00130787
8.00351e-05
0
0
0
1682192411.10768
msg_begin
7.75766e+06
-363618
0.635066
0.00171904
0.00108132
0.000258352
0
0
0
1682192411.15761
msg_begin
7.75766e+06
-363618
0.636338
0.00238592
0.00978049
0.000646598
0
0
0
1682192411.20779
msg_begin
7.75766e+06
-363618
0.635548
0.0174658
0.0104307
0.00060716
0
0
0
1682192411.25763
msg_begin
7.75766e+06
-363618
0.637096
0.0113253
0.0123863
0.000529001
0
0
0
1682192411.30771
msg_begin
7.75766e+06
-363618
0.636451
0.00374562
0.00643545
0.000591011
0
0
0
1682192411.35772
msg_begin
7.75766e+06
-363618
0.636324
0.000642814
0.000723515
0.000183126
0
0
0
1682192411.40808
msg_begin
7.75766e+06
-363618
0.634531
0.00338087
0.00556979
0.000335705
0
0
0
1682192411.45787
msg_begin
7.75766e+06
-363618
0.632425
0.0202969
0.00648718
0.000540891
0
0
0
1682192411.50791
msg_begin
7.75766e+06
-363618
0.635184
0.00504504
0.00560477
0.00212669
0
0
0
1682192411.55794
msg_begin
7.75766e+06
-363618
0.635413
0.0101923
0.00326086
0.00096627
0
0
0
1682192411.60801
msg_begin
7.75766e+06
-363618
0.631027
0.00738993
0.00464092
0.000702779
0
0
0
1682192411.65799
msg_begin
7.75766e+06
-363617
0.631942
0.00855337
0.00213486
0.000603528
0
0
0
1682192411.70801
msg_begin
7.75766e+06
-363617
0.628467
0.0133633
0.00297597
0.00117879
0
0
0
1682192411.75802
msg_begin
7.75766e+06
-363617
0.630078
0.018008
0.00923951
0.00111039
0
0
0
1682192411.80802
msg_begin
7.75766e+06
-363617
0.629207
0.0170612
0.0130581
0.000454039
0
0
0
1682192411.85789
msg_begin
7.75766e+06
-363617
0.628368
0.00569716
0.0124286
0.00102552
0
0
0
1682192411.90788
msg_begin
7.75766e+06
-363617
0.633317
0.00143814
0.0004758
0.000170003
0
0
0
1682192411.95782
msg_begin
7.75766e+06
-363617
0.63401
0.0170791
0.0145206
0.000763782
0
0
0
1682192412.00771
msg_begin
7.75766e+06
-363617
0.633232
0.0124188
0.016399
0.000271245
0
0
0
1682192412.05766
msg_begin
7.75766e+06
-363617
0.631781
8.3819e-09
2.91038e-09
4.44089e-15
0
0
0
1682192412.10756
msg_begin
7.75766e+06
-363617
0.630139
0.0110472
0.0116521
0.00102398
0
0
0
1682192412.15741
msg_begin
7.75766e+06
-363617
0.630432
0.000462013
0.000111506
2.42632e-05
0
0
0
1682192412.20738
msg_begin
7.75766e+06
-363616
0.629511
0.0103893
0.00968075
0.000748121
0
0
0
1682192412.25721
msg_begin
7.75766e+06
-363616
0.629805
0.00631921
0.00540234
0.000882382
0
0
0
1682192412.30711
msg_begin
7.75766e+06
-363616
0.631833
0.00324565
0.0138689
0.000144442
0
0
0
1682192412.35706
msg_begin
7.75766e+06
-363616
0.632477
3.81842e-08
3.20142e-09
9.99201e-16
0
0
0
1682192412.40697
msg_begin
7.75766e+06
-363616
0.630505
0.0180587
0.0107528
0.00164276
0
0
0
1682192412.45688
msg_begin
7.75766e+06
-363616
0.634112
0.00419056
0.00266056
0.00028407
0
0
0
1682192412.50688
msg_begin
7.75766e+06
-363616
0.635147
0.010503
0.00617004
0.000636794
0
0
0
1682192412.55679
msg_begin
7.75766e+06
-363616
0.632436
0.000759185
0.0011381
0.00024171
0
0
0
1682192412.60680
msg_begin
7.75766e+06
-363616
0.632239
3.1665e-08
5.23869e-10
9.99201e-16
0
0
0
1682192412.65673
msg_begin
7.75766e+06
-363615
0.632
0.0105542
0.00312487
0.000734336
0
0
0
1682192412.70671
msg_begin
7.75766e+06
-363615
0.633078
6.51926e-08
1.68802e-09
2.44249e-15
0
0
0
1682192412.75673
msg_begin
7.75766e+06
-363615
0.630867
0.00355124
0.00228161
0.000272797
0
0
0
1682192412.80706
msg_begin
7.75766e+06
-363615
0.634204
0.00748618
0.00918292
0.00123334
0
0
0
1682192412.85679
msg_begin
7.75766e+06
-363615
0.634203
0.0270315
0.00646415
0.00141198
0
0
0
1682192412.90679
msg_begin
7.75766e+06
-363615
0.637001
0.00721827
0.00391715
0.000367792
0
0
0
1682192412.95683
msg_begin
7.75766e+06
-363615
0.63705
0.0045339
0.00514273
0.000319431
0
0
0
1682192413.00686
msg_begin
7.75766e+06
-363615
0.636414
0.0386799
0.0250702
0.0015738
0
0
0
1682192413.05686
msg_begin
7.75766e+06
-363615
0.633055
0.00182993
0.0143058
0.00110023
0
0
0
1682192413.10693
msg_begin
7.75766e+06
-363614
0.632808
0.00204495
0.00459498
0.00049028
0
0
0
1682192413.15698
msg_begin
7.75766e+06
-363614
0.631513
0.00139301
0.00129501
0.000156262
0
0
0
1682192413.20700
msg_begin
7.75766e+06
-363614
0.631076
0.00496696
0.00557582
0.00037656
0
0
0
1682192413.25710
msg_begin
7.75766e+06
-363614
0.631135
0.00682977
0.00486894
0.000324631
0
0
0
1682192413.30712
msg_begin
7.75766e+06
-363614
0.629977
0.0194554
0.000734998
0.000628807
0
0
0
1682192413.35715
msg_begin
7.75766e+06
-363614
0.631578
0.0128057
0.00139892
0.000496033
0
0
0
1682192413.40709
msg_begin
7.75766e+06
-363614
0.632216
0.000890848
0.00178596
6.37284e-05
0
0
0
1682192413.45717
msg_begin
7.75766e+06
-363614
0.633796
0.00149528
0.0011483
0.000127274
0
0
0
1682192413.50711
msg_begin
7.75766e+06
-363614
0.632029
0.026292
0.0230674
0.000830156
0
0
0
1682192413.55706
msg_begin
7.75766e+06
-363613
0.62997
0.015182
0.0189775
0.000666143
0
0
0
1682192413.60704
msg_begin
7.75766e+06
-363613
0.629504
0.00173773
0.00283959
0.000269897
0
0
0
1682192413.65700
msg_begin
7.75766e+06
-363613
0.630551
0.00113753
0.000493744
8.54665e-05
0
0
0
1682192413.70685
msg_begin
7.75766e+06
-363613
0.633043
0.00446183
0.004458
0.000615639
0
0
0
1682192413.75687
msg_begin
7.75766e+06
-363613
0.6332
0.0195143
0.00545563
0.000701632
0
0
0
1682192413.80677
msg_begin
7.75766e+06
-363613
0.63441
0.00476368
0.00471956
0.000126761
0
0
0
1682192413.85662
msg_begin
7.75766e+06
-363613
0.633275
0.00233038
0.00349401
7.26371e-05
0
0
0
1682192413.90654
msg_begin
7.75766e+06
-363612
0.632211
0.000229201
0.000430481
3.2749e-05
0
0
0
1682192413.95655
msg_begin
7.75766e+06
-363612
0.633659
0.000979639
0.00235484
0.000105501
0
0
0
1682192414.00642
msg_begin
7.75766e+06
-363612
0.629981
0.000423062
0.00190814
0.000151751
0
0
0
1682192414.05634
msg_begin
7.75766e+06
-363612
0.631128
0.00621306
0.0128461
0.000600788
0
0
0
1682192414.10624
msg_begin
7.75766e+06
-363612
0.631811
0.00115993
0.00217977
4.25177e-05
0
0
0
1682192414.15610
msg_begin
7.75767e+06
-363612
0.631878
0.00249776
0.00693449
6.89277e-05
0
0
0
1682192414.20604
msg_begin
7.75767e+06
-363612
0.633455
0.00441916
0.000224845
0.000241783
0
0
0
1682192414.25597
msg_begin
7.75767e+06
-363611
0.636821
0.00341228
0.00342737
0.000241721
0
0
0
1682192414.30594
msg_begin
7.75767e+06
-363611
0.635287
0.00806165
0.00681603
0.000279156
0
0
0
1682192414.35591
msg_begin
7.75767e+06
-363611
0.632642
4.65661e-09
2.91038e-10
2.9976e-15
0
0
0
1682192414.40589
msg_begin
7.75767e+06
-363611
0.633988
0.00727758
0.00773077
0.000584187
0
0
0
1682192414.45583
msg_begin
7.75767e+06
-363611
0.63723
0.00180965
0.00261635
0.000117296
0
0
0
1682192414.50595
msg_begin
7.75767e+06
-363611
0.637926
0.000911625
0.000160621
2.20214e-05
0
0
0
1682192414.55591
msg_begin
7.75767e+06
-363610
0.638761
0.0109892
0.01561
0.000525629
0
0
0
1682192414.60592
msg_begin
7.75767e+06
-363610
0.638245
0.00155741
0.0119167
0.000186653
0
0
0
1682192414.65591
msg_begin
7.75767e+06
-363610
0.634405
0.00338922
0.00326468
0.00027217
0
0
0
1682192414.70592
msg_begin
7.75767e+06
-363610
0.636379
0.0016826
0.00432882
0.000715399
0
0
0
1682192414.75594
msg_begin
7.75767e+06
-363610
0.637083
0.0143627
0.0143647
0.00106313
0
0
0
1682192414.80640
msg_begin
7.75767e+06
-363610
0.638809
0.00304599
0.00283732
0.000252514
0
0
0
1682192414.85596
msg_begin
7.75767e+06
-363609
0.641124
0.00576419
0.00724023
0.000450521
0
0
0
1682192414.90599
msg_begin
7.75767e+06
-363609
0.639343
0.00769448
0.00830072
3.90252e-05
0
0
0
1682192414.95602
msg_begin
7.75767e+06
-363609
0.638647
0.00399154
0.00364626
0.0003178
0
0
0
1682192415.00608
msg_begin
7.75767e+06
-363609
0.637435
0.00459669
0.00617326
0.000627524
0
0
0
1682192415.05618
msg_begin
7.75767e+06
-363609
0.640358
0.028715
0.00544488
0.00115031
0
0
0
1682192415.10628
msg_begin
7.75767e+06
-363609
0.641395
0.00262893
0.00434651
0.000532413
0
0
0
1682192415.15646
msg_begin
7.75767e+06
-363608
0.642181
0.0316135
0.00599396
0.00106896
0
0
0
1682192415.20633
msg_begin
7.75767e+06
-363608
0.641782
0.00505083
0.00260482
0.000360776
0
0
0
1682192415.25629
msg_begin
7.75767e+06
-363608
0.641736
0.00155538
0.000630539
0.000257845
0
0
0
1682192415.30631
msg_begin
7.75767e+06
-363608
0.640437
0.000534851
0.000622999
3.22988e-05
0
0
0
1682192415.35627
msg_begin
7.75767e+06
-363608
0.644473
0.00454321
0.000667118
0.000749774
0
0
0
1682192415.40623
msg_begin
7.75767e+06
-363607
0.644839
0.00328836
0.00770031
0.000356522
0
0
0
1682192415.45621
msg_begin
7.75767e+06
-363607
0.643017
0.00959093
0.0140724
0.00137127
0
0
0
1682192415.50622
msg_begin
7.75767e+06
-363607
0.643221
0.000855121
0.000962963
2.27413e-05
0
0
0
1682192415.55618
msg_begin
7.75767e+06
-363607
0.644523
0.00047027
0.00281582
0.000131123
0
0
0
1682192415.60623
msg_begin
7.75767e+06
-363607
0.642777
0.00778301
0.00214099
0.000328721
0
0
0
1682192415.65627
msg_begin
7.75767e+06
-363606
0.639282
0.00175192
0.00404342
0.000766375
0
0
0
1682192415.70633
msg_begin
7.75767e+06
-363606
0.640136
0.00237913
0.00186802
0.000140888
0
0
0
1682192415.75644
msg_begin
7.75767e+06
-363606
0.639626
6.0536e-08
3.31784e-09
3.44169e-15
0
0
0
1682192415.80645
msg_begin
7.75767e+06
-363606
0.638757
0.0109217
0.000538897
0.000214525
0
0
0
1682192415.85654
msg_begin
7.75767e+06
-363606
0.640056
0.000843362
0.0012203
0.000153184
0
0
0
1682192415.90666
msg_begin
7.75767e+06
-363606
0.640599
0.00820995
0.00625182
0.000763775
0
0
0
1682192415.95677
msg_begin
7.75767e+06
-363605
0.636691
5.58794e-08
1.16415e-10
2.9976e-15
0
0
0
1682192416.00682
msg_begin
7.75767e+06
-363605
0.637696
0.00656284
0.0024733
0.000692843
0
0
0
1682192416.05691
msg_begin
7.75767e+06
-363605
0.637327
0.00687176
0.00710688
0.000760392
0
0
0
1682192416.10696
msg_begin
7.75767e+06
-363605
0.635422
0.0120963
0.0126973
0.00107969
0
0
0
1682192416.15706
msg_begin
7.75767e+06
-363605
0.633903
3.89751e-05
0.000360586
3.32237e-05
0
0
0
1682192416.20697
msg_begin
7.75767e+06
-363604
0.633658
0.000864039
0.00305768
0.000217959
0
0
0
1682192416.25702
msg_begin
7.75768e+06
-363604
0.634276
0.0375208
0.0187721
0.00108921
0
0
0
1682192416.30703
msg_begin
7.75768e+06
-363604
0.633761
1.30385e-08
3.14321e-09
3.88578e-15
0
0
0
1682192416.35700
msg_begin
7.75768e+06
-363604
0.634301
8.3819e-09
1.16415e-10
2.22045e-16
0
0
0
1682192416.40697
msg_begin
7.75768e+06
-363603
0.635946
0.0159629
0.0189578
0.000544067
0
0
0
1682192416.45695
msg_begin
7.75768e+06
-363603
0.632642
6.61239e-08
2.50293e-09
9.99201e-16
0
0
0
1682192416.50693
msg_begin
7.75768e+06
-363603
0.634243
0.0110522
0.0105479
0.000693858
0
0
0
1682192416.55763
msg_begin
7.75768e+06
-363603
0.634938
2.42144e-08
2.91038e-10
8.88178e-16
0
0
0
1682192416.60668
msg_begin
7.75768e+06
-363603
0.6362
0.0108852
0.0208812
0.00131944
0
0
0
1682192416.65658
msg_begin
7.75768e+06
-363602
0.634785
0.00417139
0.00440348
0.000302597
0
0
0
1682192416.70645
msg_begin
7.75768e+06
-363602
0.632097
0.0136979
0.0163961
0.00174805
0
0
0
1682192416.75639
msg_begin
7.75768e+06
-363602
0.633794
0.0032489
0.000889156
6.58583e-05
0
0
0
1682192416.80634
msg_begin
7.75768e+06
-363602
0.633206
5.30854e-08
3.08501e-09
4.55191e-15
0
0
0
1682192416.85631
msg_begin
7.75768e+06
-363602
0.6314
0.00573403
0.0150605
0.000578794
0
0
0
1682192416.90635
msg_begin
7.75768e+06
-363601
0.631761
0.000181274
0.000156737
3.68758e-06
0
0
0
1682192416.95645
msg_begin
7.75768e+06
-363601
0.631147
0.0343266
0.0231892
0.000612322
0
0
0
1682192417.00651
msg_begin
7.75768e+06
-363601
0.633047
1.02445e-08
2.96859e-09
1.22125e-15
0
0
0
1682192417.05666
msg_begin
7.75768e+06
-363601
0.631924
8.47504e-08
3.84171e-09
2.10942e-15
0
0
0
1682192417.10680
msg_begin
7.75768e+06
-363600
0.630688
0.00078901
0.000298848
0.000101503
0
0
0
1682192417.15685
msg_begin
7.75768e+06
-363600
0.630047
9.75253e-06
0.00054639
1.07708e-05
0
0
0
1682192417.20692
msg_begin
7.75768e+06
-363600
0.629808
0.0205057
0.0221687
0.000571078
0
0
0
1682192417.25696
msg_begin
7.75768e+06
-363600
0.631006
0.00838306
0.00819357
0.000685645
0
0
0
1682192417.30697
msg_begin
7.75768e+06
-363600
0.626922
0.0117406
0.00881057
0.000800935
0
0
0
1682192417.35694
msg_begin
7.75768e+06
-363599
0.62928
0.00801873
0.00312318
0.000544395
0
0
0
1682192417.40700
msg_begin
7.75768e+06
-363599
0.630374
0.00681905
0.00461418
0.000625767
0
0
0
1682192417.45699
msg_begin
7.75768e+06
-363599
0.629707
0.0289531
0.0262874
0.00187672
0
0
0
1682192417.50693
msg_begin
7.75768e+06
-363599
0.629239
0.0018741
0.00130368
0.00018545
0
0
0
1682192417.55685
msg_begin
7.75768e+06
-363598
0.629117
0.000407956
0.000681201
7.15781e-05
0
0
0
1682192417.60686
msg_begin
7.75768e+06
-363598
0.628624
0.00352866
0.00463385
0.000262737
0
0
0
1682192417.65676
msg_begin
7.75768e+06
-363598
0.624232
0.0181498
0.012811
0.000801725
0
0
0
1682192417.70815
msg_begin
7.75768e+06
-363598
0.621289
7.17118e-08
1.28057e-09
1.88738e-15
0
0
0
1682192417.75721
msg_begin
7.75768e+06
-363597
0.623206
0.0144777
0.0121819
0.000722852
0
0
0
1682192417.80658
msg_begin
7.75768e+06
-363597
0.624265
0.00379651
0.00340861
0.000905026
0
0
0
1682192417.85657
msg_begin
7.75768e+06
-363597
0.618904
7.07805e-08
1.16415e-10
9.99201e-16
0
0
0
1682192417.90650
msg_begin
7.75768e+06
-363597
0.619224
0.00228881
0.000694888
9.51469e-05
0
0
0
1682192417.95651
msg_begin
7.75769e+06
-363597
0.620914
0.0034344
0.00545328
0.000130072
0
0
0
1682192418.00642
msg_begin
7.75769e+06
-363596
0.620395
0.0329763
0.0217929
0.00124444
0
0
0
1682192418.05649
msg_begin
7.75769e+06
-363596
0.619693
0.0035339
0.00665907
0.000435354
0
0
0
1682192418.10640
msg_begin
7.75769e+06
-363596
0.621535
0.0176742
0.0110696
0.00156445
0
0
0
1682192418.15638
msg_begin
7.75769e+06
-363596
0.622413
3.72529e-09
3.14321e-09
1.33227e-15
0
0
0
1682192418.20642
msg_begin
7.75769e+06
-363595
0.625231
0.0128743
0.00951463
0.000357137
0
0
0
1682192418.25635
msg_begin
7.75769e+06
-363595
0.623957
0.00627537
0.00266045
0.000143763
0
0
0
1682192418.30633
msg_begin
7.75769e+06
-363595
0.622362
3.99124e-05
0.000648539
1.61056e-05
0
0
0
1682192418.35767
msg_begin
7.75769e+06
-363595
0.623086
5.86733e-08
2.61934e-09
3.55271e-15
0
0
0
1682192418.40645
msg_begin
7.75769e+06
-363594
0.623337
0.00697253
0.00400664
0.000391299
0
0
0
1682192418.45649
msg_begin
7.75769e+06
-363594
0.627062
0.00747461
0.00686916
0.000208267
0
0
0
1682192418.50650
msg_begin
7.75769e+06
-363594
0.626035
0.00671916
0.00771225
7.88575e-05
0
0
0
1682192418.55753
msg_begin
7.75769e+06
-363594
0.624679
0.0182578
0.0111409
0.000626089
0
0
0
1682192418.60654
msg_begin
7.75769e+06
-363593
0.626133
0.0084455
0.0121695
0.00143045
0
0
0
1682192418.65647
msg_begin
7.75769e+06
-363593
0.623616
0.0180703
0.00671576
0.00182686
0
0
0
1682192418.70652
msg_begin
7.75769e+06
-363593
0.624096
0.00641119
0.0063103
0.000425353
0
0
0
1682192418.75654
msg_begin
7.75769e+06
-363593
0.627668
0.00390801
0.0028376
0.000299367
0
0
0
1682192418.80644
msg_begin
7.75769e+06
-363592
0.627282
0.00919866
0.00502228
0.000720545
0
0
0
1682192418.85640
msg_begin
7.75769e+06
-363592
0.624611
0.00180319
0.000540312
1.82639e-05
0
0
0
1682192418.90634
msg_begin
7.75769e+06
-363592
0.623287
0.0079204
0.00799957
0.000792202
0
0
0
1682192418.95629
msg_begin
7.75769e+06
-363592
0.626698
0.00275194
0.00101505
0.00012732
0
0
0
1682192419.00620
msg_begin
7.75769e+06
-363591
0.627196
0.0065391
0.00268357
0.000985281
0
0
0
1682192419.05619
msg_begin
7.75769e+06
-363591
0.62507
0.00254944
0.0143483
0.00181897
0
0
0
1682192419.10620
msg_begin
7.75769e+06
-363591
0.62806
1.86265e-09
2.67755e-09
3.88578e-15
0
0
0
1682192419.15619
msg_begin
7.75769e+06
-363591
0.62876
0.0282477
0.0155643
0.00213356
0
0
0
1682192419.20619
msg_begin
7.75769e+06
-363590
0.626445
0.00383375
0.00238381
0.000564719
0
0
0
1682192419.25618
msg_begin
7.75769e+06
-363590
0.625021
0.00515659
0.0036874
0.000136999
0
0
0
1682192419.30630
msg_begin
7.75769e+06
-363590
0.628209
0.0029676
0.000225543
3.07656e-05
0
0
0
1682192419.35623
msg_begin
7.75769e+06
-363590
0.628475
0.00896994
0.0113433
0.00161571
0
0
0
1682192419.40742
msg_begin
7.7577e+06
-363589
0.628602
0.00582862
0.0058849
0.000702967
0
0
0
1682192419.45633
msg_begin
7.7577e+06
-363589
0.63011
0.000541327
0.000528246
6.92881e-06
0
0
0
1682192419.50635
msg_begin
7.7577e+06
-363589
0.630185
5.64324e-05
0.000137775
2.80883e-05
0
0
0
1682192419.55661
msg_begin
7.7577e+06
-363588
0.627107
9.40636e-08
8.73115e-10
2.44249e-15
0
0
0
1682192419.60669
msg_begin
7.7577e+06
-363588
0.627538
0.0102115
0.00323289
0.0008118
0
0
0
1682192419.65631
msg_begin
7.7577e+06
-363588
0.629736
0.00268289
0.00322497
0.000266872
0
0
0
1682192419.70634
msg_begin
7.7577e+06
-363588
0.630903
0.00266798
0.00660866
0.000199043
0
0
0
1682192419.75633
msg_begin
7.7577e+06
-363587
0.629332
0.00114602
1.99088e-05
8.87503e-07
0
0
0
1682192419.80662
msg_begin
7.7577e+06
-363587
0.629868
0.0104748
0.00826254
0.000751108
0
0
0
1682192419.85633
msg_begin
7.7577e+06
-363587
0.63078
0.00402676
0.00552829
0.000256125
0
0
0
1682192419.90636
msg_begin
7.7577e+06
-363587
0.630682
0.000122241
0.000903793
8.24057e-05
0
0
0
1682192419.95637
msg_begin
7.7577e+06
-363586
0.633
0.0110666
0.00661849
0.000460858
0
0
0
1682192420.00666
msg_begin
7.7577e+06
-363586
0.634194
0.0201901
0.00629804
0.00125214
0
0
0
1682192420.05641
msg_begin
7.7577e+06
-363586
0.631067
0.00906952
0.00361657
0.000226948
0
0
0
1682192420.10643
msg_begin
7.7577e+06
-363586
0.634084
0.00343447
0.00497033
0.000138211
0
0
0
1682192420.15642
msg_begin
7.7577e+06
-363585
0.633553
0.0386548
0.0343469
0.0017324
0
0
0
1682192420.20691
msg_begin
7.7577e+06
-363585
0.633455
0.008447
0.00525099
0.00160212
0
0
0
1682192420.25635
msg_begin
7.7577e+06
-363585
0.634634
0.00782061
0.00277153
0.000198003
0
0
0
1682192420.30633
msg_begin
7.7577e+06
-363584
0.632698
0.00780264
0.00382721
0.000503885
0
0
0
1682192420.35633
msg_begin
7.7577e+06
-363584
0.63606
1.58325e-08
3.49246e-10
3.10862e-15
0
0
0
1682192420.40625
msg_begin
7.7577e+06
-363584
0.635225
0.0117449
0.000849513
4.23655e-05
0
0
0
1682192420.45629
msg_begin
7.7577e+06
-363584
0.634493
0.000749456
0.000213615
2.96829e-05
0
0
0
1682192420.50628
msg_begin
7.7577e+06
-363583
0.632709
0.00389621
0.00313901
0.000375595
0
0
0
1682192420.55625
msg_begin
7.7577e+06
-363583
0.63318
0.00752397
0.00511519
0.00101823
0
0
0
1682192420.60751
msg_begin
7.7577e+06
-363583
0.634423
0.0033815
0.00462066
0.00117869
0
0
0
1682192420.65627
msg_begin
7.7577e+06
-363582
0.634631
0.00916626
0.00254077
0.000155395
0
0
0
1682192420.70630
msg_begin
7.7577e+06
-363582
0.636011
0.0132783
0.00656592
0.000498811
0
0
0
1682192420.75727
msg_begin
7.7577e+06
-363582
0.633293
0.00162609
0.0013983
0.000218286
0
0
0
1682192420.80630
msg_begin
7.75771e+06
-363582
0.633253
1.58325e-08
4.07454e-10
1.77636e-15
0
0
0
1682192420.88639
msg_begin
7.75771e+06
-363581
0.633689
0.00883082
0.00854701
0.000815145
0
0
0
1682192420.90636
msg_begin
7.75771e+06
-363581
0.632518
8.9407e-08
6.98492e-10
9.99201e-16
0
0
0
1682192420.95642
msg_begin
7.75771e+06
-363581
0.630344
0.0184727
0.0119834
0.000892015
0
0
0
1682192421.00642
msg_begin
7.75771e+06
-363580
0.632404
0.00545804
0.00146981
0.000188766
0
0
0
1682192421.05649
msg_begin
7.75771e+06
-363580
0.632739
5.21541e-08
2.15368e-09
4.44089e-16
0
0
0
1682192421.10652
msg_begin
7.75771e+06
-363580
0.634291
0.0158945
0.00633803
0.000712441
0
0
0
1682192421.15645
msg_begin
7.75771e+06
-363579
0.634538
0.0243334
0.0199094
0.000621674
0
0
0
1682192421.20651
msg_begin
7.75771e+06
-363579
0.6362
0.0259172
0.0340394
0.00134365
0
0
0
1682192421.25648
msg_begin
7.75771e+06
-363579
0.638648
0.001125
0.000999855
5.22411e-05
0
0
0
1682192421.30640
msg_begin
7.75771e+06
-363579
0.638091
6.61239e-08
1.80444e-09
2.55351e-15
0
0
0
1682192421.35636
msg_begin
7.75771e+06
-363578
0.639588
0.00432341
0.00303426
0.000397525
0
0
0
1682192421.40745
msg_begin
7.75771e+06
-363578
0.638534
0.00398854
0.00930154
0.000704204
0
0
0
1682192421.45619
msg_begin
7.75771e+06
-363578
0.633942
0.000408178
0.00082668
0.000107589
0
0
0
1682192421.50615
msg_begin
7.75771e+06
-363577
0.635182
0.00613034
0.0017929
0.000293337
0
0
0
1682192421.55619
msg_begin
7.75771e+06
-363577
0.637432
0.0070438
0.0095012
0.000227701
0
0
0
1682192421.60682
msg_begin
7.75771e+06
-363577
0.636805
0.00522471
0.00326583
0.000308719
0
0
0
1682192421.65603
msg_begin
7.75771e+06
-363577
0.63569
4.56348e-08
5.23869e-10
2.22045e-16
0
0
0
1682192421.70600
msg_begin
7.75771e+06
-363576
0.633679
0.00798704
0.00988241
0.00073596
0
0
0
1682192421.75601
msg_begin
7.75771e+06
-363576
0.636076
0.00609375
0.00980076
0.000683276
0
0
0
1682192421.80699
msg_begin
7.75771e+06
-363576
0.635048
0.00558138
0.00278458
0.00125824
0
0
0
1682192421.85606
msg_begin
7.75771e+06
-363575
0.636525
0.00336413
0.00127895
0.000211619
0
0
0
1682192421.90609
msg_begin
7.75771e+06
-363575
0.638798
0.00680362
0.0115078
0.000672315
0
0
0
1682192421.95618
msg_begin
7.75771e+06
-363575
0.639832
5.58794e-09
1.39698e-09
4.77396e-15
0
0
0
1682192422.00724
msg_begin
7.75771e+06
-363574
0.64228
0.0031012
0.000606173
0.000146415
0
0
0
1682192422.05608
msg_begin
7.75772e+06
-363574
0.644357
0.00169641
0.00113965
0.000113504
0
0
0
1682192422.10601
msg_begin
7.75772e+06
-363574
0.645242
0.0487999
0.0295507
0.000534113
0
0
0
1682192422.15597
msg_begin
7.75772e+06
-363573
0.649841
7.91624e-08
2.73576e-09
6.66134e-16
0
0
0
1682192422.20656
msg_begin
7.75772e+06
-363573
0.650293
0.00186826
0.00308805
0.000605264
0
0
0
1682192422.25589
msg_begin
7.75772e+06
-363573
0.651764
6.51926e-08
1.62981e-09
2.44249e-15
0
0
0
1682192422.30581
msg_begin
7.75772e+06
-363572
0.653749
4.65661e-09
1.92085e-09
8.88178e-16
0
0
0
1682192422.35571
msg_begin
7.75772e+06
-363572
0.653945
0.00175965
0.00328316
0.000171832
0
0
0
1682192422.40625
msg_begin
7.75772e+06
-363572
0.655943
0.00556927
0.00665756
0.000228881
0
0
0
1682192422.45567
msg_begin
7.75772e+06
-363571
0.65408
0.00273409
0.00839083
0.00148911
0
0
0
1682192422.50559
msg_begin
7.75772e+06
-363571
0.653647
0.000244272
0.000383543
0.000157801
0
0
0
1682192422.55558
msg_begin
7.75772e+06
-363571
0.656112
0.000655689
0.00057339
0.000190006
0
0
0
1682192422.60692
msg_begin
7.75772e+06
-363570
0.657234
0.00024182
0.00172454
6.06724e-05
0
0
0
1682192422.65571
msg_begin
7.75772e+06
-363570
0.660796
0.0107493
0.0104579
0.00101491
0
0
0
1682192422.70559
msg_begin
7.75772e+06
-363570
0.658363
0.0197456
0.00347844
0.000341164
0
0
0
1682192422.75566
msg_begin
7.75772e+06
-363569
0.657971
1.86265e-08
1.74623e-09
7.77156e-16
0
0
0
1682192422.80588
msg_begin
7.75772e+06
-363569
0.659685
7.35745e-08
3.60887e-09
2.77556e-15
0
0
0
1682192422.85571
msg_begin
7.75772e+06
-363569
0.657822
7.91624e-08
2.61934e-09
1.9984e-15
0
0
0
1682192422.90576
msg_begin
7.75772e+06
-363568
0.658067
0.0142598
0.00561688
0.000494658
0
0
0
1682192422.95570
msg_begin
7.75772e+06
-363568
0.65807
0.00949283
0.00859602
0.000925735
0
0
0
1682192423.00676
msg_begin
7.75772e+06
-363568
0.656153
0.0148255
0.0201284
0.000795738
0
0
0
1682192423.05564
msg_begin
7.75772e+06
-363567
0.658115
0.00420749
0.0103356
0.000925055
0
0
0
1682192423.10560
msg_begin
7.75772e+06
-363567
0.655223
0.033371
0.00739942
0.00123823
0
0
0
1682192423.15565
msg_begin
7.75772e+06
-363567
0.653474
0.00143513
0.00789318
0.000150578
0
0
0
1682192423.20634
msg_begin
7.75772e+06
-363566
0.654332
7.26432e-08
3.08501e-09
1.11022e-16
0
0
0
1682192423.25542
msg_begin
7.75772e+06
-363566
0.654304
0.00632749
0.00495021
0.000419944
0
0
0
1682192423.30530
msg_begin
7.75773e+06
-363566
0.654576
0.00876864
0.00618133
0.000736829
0
0
0
1682192423.35519
msg_begin
7.75773e+06
-363566
0.657598
0.024444
0.0179675
0.000343955
0
0
0
1682192423.40643
msg_begin
7.75773e+06
-363565
0.656215
0.0329128
0.0353026
0.000412175
0
0
0
1682192423.45507
msg_begin
7.75773e+06
-363565
0.65475
0.00762065
0.00281657
0.000343108
0
0
0
1682192423.50503
msg_begin
7.75773e+06
-363564
0.659218
0.0056563
0.00191052
0.000392492
0
0
0
1682192423.55504
msg_begin
7.75773e+06
-363564
0.657932
8.3819e-09
2.15368e-09
1.11022e-15
0
0
0
1682192423.60598
msg_begin
7.75773e+06
-363564
0.657873
5.58794e-09
1.04774e-09
2.66454e-15
0
0
0
1682192423.65496
msg_begin
7.75773e+06
-363564
0.658159
0.00150943
0.0028486
0.000139505
0
0
0
1682192423.70490
msg_begin
7.75773e+06
-363563
0.657075
0.00261407
0.00770172
0.000131474
0
0
0
1682192423.75508
msg_begin
7.75773e+06
-363563
0.657725
0.013873
0.0118632
0.000323117
0
0
0
1682192423.80594
msg_begin
7.75773e+06
-363563
0.655787
0.00265805
0.00278025
0.000105938
0
0
0
1682192423.85494
msg_begin
7.75773e+06
-363562
0.656904
0.00891591
0.007996
0.000299209
0
0
0
1682192423.90495
msg_begin
7.75773e+06
-363562
0.656798
0.0131942
0.00634312
0.000526503
0
0
0
1682192423.95499
msg_begin
7.75773e+06
-363562
0.653447
3.07336e-08
1.74623e-10
2.10942e-15
0
0
0
1682192424.00609
msg_begin
7.75773e+06
-363561
0.652044
0.0110985
0.016679
0.00128752
0
0
0
1682192424.05497
msg_begin
7.75773e+06
-363561
0.650706
0.0105936
0.00780818
0.000221279
0
0
0
1682192424.10497
msg_begin
7.75773e+06
-363561
0.649017
4.93167e-06
0.000988396
1.94978e-05
0
0
0
1682192424.15501
msg_begin
7.75773e+06
-363560
0.647645
0.00463688
0.00440626
0.000391285
0
0
0
1682192424.20583
msg_begin
7.75773e+06
-363560
0.648284
0.00593177
0.000641763
0.000251619
0
0
0
1682192424.25498
msg_begin
7.75773e+06
-363560
0.647316
8.3819e-09
1.16415e-09
2.33147e-15
0
0
0
1682192424.30510
msg_begin
7.75773e+06
-363559
0.650592
0.00406738
0.0118772
0.000589616
0
0
0
1682192424.35516
msg_begin
7.75773e+06
-363559
0.649371
8.3819e-08
9.8953e-10
2.22045e-15
0
0
0
1682192424.40553
msg_begin
7.75773e+06
-363559
0.648177
0.00351049
0.00612015
0.000373782
0
0
0
1682192424.45510
msg_begin
7.75773e+06
-363558
0.644823
0.00514344
0.00294472
0.000979555
0
0
0
1682192424.50510
msg_begin
7.75774e+06
-363558
0.647989
0.0127777
0.00290714
0.000586172
0
0
0
1682192424.55530
msg_begin
7.75774e+06
-363558
0.646564
0.00330525
0.00281951
9.53303e-05
0
0
0
1682192424.60638
msg_begin
7.75774e+06
-363557
0.646777
0.0129053
0.021935
0.000719926
0
0
0
1682192424.65522
msg_begin
7.75774e+06
-363557
0.647853
0.00113432
0.000194294
2.76928e-05
0
0
0
1682192424.70538
msg_begin
7.75774e+06
-363557
0.648587
0.00230789
0.0112655
0.00013434
0
0
0
1682192424.75534
msg_begin
7.75774e+06
-363557
0.646663
0.000622728
0.00047005
0.000119147
0
0
0
1682192424.80596
msg_begin
7.75774e+06
-363556
0.647191
0.00746018
0.00276179
0.000218938
0
0
0
1682192424.85547
msg_begin
7.75774e+06
-363556
0.64881
0.00201738
0.00305491
0.000181914
0
0
0
1682192424.90552
msg_begin
7.75774e+06
-363556
0.647824
0.00664864
0.000572512
4.71734e-05
0
0
0
1682192424.95558
msg_begin
7.75774e+06
-363555
0.649164
1.02445e-08
2.79397e-09
8.88178e-16
0
0
0
1682192425.00637
msg_begin
7.75774e+06
-363555
0.646326
0.00912209
0.0083615
0.00289978
0
0
0
1682192425.05576
msg_begin
7.75774e+06
-363555
0.646679
0.00573178
0.00352746
0.0016869
0
0
0
1682192425.10575
msg_begin
7.75774e+06
-363554
0.648084
0.00790341
0.00675823
0.000168935
0
0
0
1682192425.15575
msg_begin
7.75774e+06
-363554
0.645827
5.58794e-08
8.14907e-10
3.77476e-15
0
0
0
1682192425.20688
msg_begin
7.75774e+06
-363554
0.644132
0.0105616
0.00143779
0.00016182
0
0
0
1682192425.25582
msg_begin
7.75774e+06
-363553
0.644383
0.000659554
0.00129667
4.59987e-05
0
0
0
1682192425.30585
msg_begin
7.75774e+06
-363553
0.643126
0.00166111
0.000454438
5.45663e-05
0
0
0
1682192425.35574
msg_begin
7.75774e+06
-363553
0.643962
0.00953525
0.00632687
0.000613042
0
0
0
1682192425.40670
msg_begin
7.75774e+06
-363553
0.642924
0.000843996
9.74778e-05
2.58971e-06
0
0
0
1682192425.45572
msg_begin
7.75774e+06
-363552
0.644159
0.00966132
0.0101381
0.000500771
0
0
0
1682192425.50571
msg_begin
7.75774e+06
-363552
0.642206
0.0101636
0.00615526
0.0013722
0
0
0
1682192425.55557
msg_begin
7.75774e+06
-363552
0.643148
9.12696e-08
2.79397e-09
1.44329e-15
0
0
0
1682192425.60630
msg_begin
7.75774e+06
-363551
0.643551
0.00553244
0.00867349
0.000225716
0
0
0
1682192425.65554
msg_begin
7.75774e+06
-363551
0.644962
0.00101745
9.12065e-06
0.000149904
0
0
0
1682192425.70556
msg_begin
7.75774e+06
-363551
0.64346
0.0100714
0.00767892
0.000515372
0
0
0
1682192425.75558
msg_begin
7.75774e+06
-363550
0.644627
0.00093327
0.00633232
0.000140708
0
0
0
1682192425.80560
msg_begin
7.75775e+06
-363550
0.646518
0.00165358
0.00101746
0.000584219
0
0
0
1682192425.85556
msg_begin
7.75775e+06
-363550
0.645722
0.00218515
0.00744531
0.000336684
0
0
0
1682192425.90564
msg_begin
7.75775e+06
-363550
0.645583
0.0043509
0.00288948
0.000115607
0
0
0
1682192425.95567
msg_begin
7.75775e+06
-363549
0.646206
0.0165053
0.00452416
0.000265999
0
0
0
1682192426.00566
msg_begin
7.75775e+06
-363549
0.645769
0.0151934
0.0030418
0.000600532
0
0
0
1682192426.05567
msg_begin
7.75775e+06
-363549
0.649003
0.014275
0.00142483
0.000305127
0
0
0
1682192426.10573
msg_begin
7.75775e+06
-363548
0.649071
0.00921064
0.0029074
0.000295583
0
0
0
1682192426.15571
msg_begin
7.75775e+06
-363548
0.650939
8.6613e-08
2.21189e-09
2.77556e-15
0
0
0
1682192426.20572
msg_begin
7.75775e+06
-363548
0.649098
0.00675576
0.00702853
0.000385987
0
0
0
1682192426.25573
msg_begin
7.75775e+06
-363548
0.651098
0.00144905
0.00109976
9.67357e-05
0
0
0
1682192426.30577
msg_begin
7.75775e+06
-363547
0.652327
0.00726148
0.00847709
0.000363768
0
0
0
1682192426.35579
msg_begin
7.75775e+06
-363547
0.653012
0.006642
0.00752294
0.00049786
0
0
0
1682192426.40584
msg_begin
7.75775e+06
-363547
0.651965
0.00498165
0.00501789
0.000252057
0
0
0
1682192426.45584
msg_begin
7.75775e+06
-363546
0.650811
0.0171406
0.0103674
0.0008003
0
0
0
1682192426.50594
msg_begin
7.75775e+06
-363546
0.653627
0.0011745
0.000932806
0.000307465
0
0
0
1682192426.55598
msg_begin
7.75775e+06
-363546
0.652767
0.00470335
0.00520796
0.000647828
0
0
0
1682192426.60593
msg_begin
7.75775e+06
-363546
0.653744
0.00844822
0.00641892
0.000913283
0
0
0
1682192426.65594
msg_begin
7.75775e+06
-363545
0.65014
0.000348774
0.000471859
0.000187266
0
0
0
1682192426.70600
msg_begin
7.75775e+06
-363545
0.650952
0.00633102
0.00593762
0.000278278
0
0
0
1682192426.75597
msg_begin
7.75775e+06
-363545
0.651216
0.0052334
0.00108681
6.07385e-05
0
0
0
1682192426.80649
msg_begin
7.75775e+06
-363544
0.650493
0.00106177
0.000625801
0.000117796
0
0
0
1682192426.85584
msg_begin
7.75775e+06
-363544
0.649383
0.00294086
0.00318604
0.000120646
0
0
0
1682192426.90584
msg_begin
7.75775e+06
-363544
0.648374
8.10251e-08
2.15368e-09
2.77556e-15
0
0
0
1682192426.95574
msg_begin
7.75775e+06
-363544
0.648956
0.0122156
0.000437958
0.000683693
0
0
0
1682192427.00654
msg_begin
7.75775e+06
-363543
0.649672
0.00235822
0.00209598
0.000171508
0
0
0
1682192427.05574
msg_begin
7.75775e+06
-363543
0.647966
0.00105931
0.00175335
0.000212184
0
0
0
1682192427.10569
msg_begin
7.75775e+06
-363543
0.643785
0.00226719
0.0055543
0.000322697
0
0
0
1682192427.15576
msg_begin
7.75775e+06
-363543
0.644259
0.0039983
0.0012644
3.08654e-05
0
0
0
1682192427.20671
msg_begin
7.75776e+06
-363542
0.647629
5.21541e-08
3.31784e-09
6.66134e-16
0
0
0
1682192427.25568
msg_begin
7.75776e+06
-363542
0.646787
0.00364917
0.00165436
0.000181483
0
0
0
1682192427.30571
msg_begin
7.75776e+06
-363542
0.646662
0.00648351
0.00978958
0.000492504
0
0
0
1682192427.35572
msg_begin
7.75776e+06
-363541
0.649043
0.0156916
0.00897116
0.000519472
0
0
0
1682192427.40675
msg_begin
7.75776e+06
-363541
0.648013
0.00819588
0.00631498
0.000374822
0
0
0
1682192427.45575
msg_begin
7.75776e+06
-363541
0.64633
0.00602263
0.00500489
0.000664685
0
0
0
1682192427.50573
msg_begin
7.75776e+06
-363540
0.646976
0.00725248
0.00659554
0.00045415
0
0
0
1682192427.60655
msg_begin
7.75776e+06
-363540
0.645229
1.39698e-08
2.38651e-09
1.22125e-15
0
0
0
1682192427.65578
msg_begin
7.75776e+06
-363540
0.647771
0.0757979
0.0469838
0.000640887
0
0
0
1682192427.70583
msg_begin
7.75776e+06
-363540
0.649652
0.00443516
0.00103143
0.000125406
0
0
0
1682192427.75637
msg_begin
7.75776e+06
-363539
0.649452
0.000697645
0.000116708
2.67782e-05
0
0
0
1682192427.80589
msg_begin
7.75776e+06
-363539
0.648081
7.36766e-05
0.0001315
2.87637e-05
0
0
0
1682192427.85585
msg_begin
7.75776e+06
-363539
0.648556
0.00284961
0.00238521
0.000458669
0
0
0
1682192427.90583
msg_begin
7.75776e+06
-363539
0.646357
0.00566232
0.00630839
0.000280916
0
0
0
1682192427.95581
msg_begin
7.75776e+06
-363538
0.644937
0.00529799
0.00162385
0.000457255
0
0
0
1682192428.00583
msg_begin
7.75776e+06
-363538
0.643515
0.00620584
0.00788994
0.000750595
0
0
0
1682192428.05576
msg_begin
7.75776e+06
-363538
0.639098
0.00932921
0.00613146
0.000387029
0
0
0
1682192428.10574
msg_begin
7.75776e+06
-363538
0.638286
0.00482059
0.00183197
0.000151417
0
0
0
1682192428.15568
msg_begin
7.75776e+06
-363537
0.637628
0.00127232
0.000452882
0.000215264
0
0
0
1682192428.20554
msg_begin
7.75776e+06
-363537
0.637022
0.00925133
0.00304738
0.000838998
0
0
0
1682192428.25552
msg_begin
7.75776e+06
-363537
0.635852
0.00239602
0.00651368
0.000681306
0
0
0
1682192428.30548
msg_begin
7.75776e+06
-363537
0.633803
0.000957999
0.00124752
0.000191607
0
0
0
1682192428.35544
msg_begin
7.75776e+06
-363536
0.631922
0.00401372
0.00133437
0.000175807
0
0
0
1682192428.40539
msg_begin
7.75776e+06
-363536
0.63153
0.0012243
0.00560494
9.1872e-05
0
0
0
1682192428.45537
msg_begin
7.75776e+06
-363536
0.629249
0.0084631
0.00522317
0.000172939
0
0
0
1682192428.50535
msg_begin
7.75776e+06
-363536
0.627208
0.00986652
0.00155391
0.000239709
0
0
0
1682192428.55543
msg_begin
7.75776e+06
-363535
0.623845
0.00738933
0.00555382
0.000578059
0
0
0
1682192428.60693
msg_begin
7.75776e+06
-363535
0.621235
0.0155954
0.0162452
0.000383316
0
0
0
1682192428.65532
msg_begin
7.75777e+06
-363535
0.618829
0.00263498
0.00600677
0.000405386
0
0
0
1682192428.70538
msg_begin
7.75777e+06
-363535
0.617579
0.0130004
0.0152131
0.00117603
0
0
0
1682192428.75548
msg_begin
7.75777e+06
-363534
0.61429
9.31323e-08
3.37604e-09
7.77156e-16
0
0
0
1682192428.80551
msg_begin
7.75777e+06
-363534
0.610814
0.00126791
0.00216405
0.000251127
0
0
0
1682192428.85552
msg_begin
7.75777e+06
-363534
0.606374
0.0286733
0.0142454
0.00173343
0
0
0
1682192428.90556
msg_begin
7.75777e+06
-363534
0.602471
0.0059549
0.0006891
0.000561941
0
0
0
1682192428.95550
msg_begin
7.75777e+06
-363533
0.599759
0.00417823
0.00282634
0.00010881
0
0
0
1682192429.00550
msg_begin
7.75777e+06
-363533
0.596563
0.00146298
0.00130442
7.36886e-05
0
0
0
1682192429.05544
msg_begin
7.75777e+06
-363533
0.592401
0.00916494
0.00658213
0.000578592
0
0
0
1682192429.10537
msg_begin
7.75777e+06
-363533
0.590649
0.0202496
0.00759055
0.00166605
0
0
0
1682192429.15534
msg_begin
7.75777e+06
-363532
0.583607
7.26432e-08
4.19095e-09
4.32987e-15
0
0
0
1682192429.20531
msg_begin
7.75777e+06
-363532
0.579813
0.00181719
0.00183051
0.000104388
0
0
0
1682192429.25520
msg_begin
7.75777e+06
-363532
0.574513
2.8871e-08
8.73115e-10
6.66134e-16
0
0
0
1682192429.30526
msg_begin
7.75777e+06
-363532
0.571266
0.0214912
0.0115253
0.000997817
0
0
0
1682192429.35532
msg_begin
7.75777e+06
-363532
0.567379
0.0316252
0.0124953
0.00142209
0
0
0
1682192429.40527
msg_begin
7.75777e+06
-363531
0.563452
0.00143086
9.24501e-05
1.14715e-05
0
0
0
1682192429.45526
msg_begin
7.75777e+06
-363531
0.558633
8.3819e-09
1.62981e-09
2.22045e-16
0
0
0
1682192429.50525
msg_begin
7.75777e+06
-363531
0.553721
0.0161435
0.0134672
0.00104817
0
0
0
1682192429.55520
msg_begin
7.75777e+06
-363531
0.548125
0.00366297
0.0049503
0.00120528
0
0
0
1682192429.60529
msg_begin
7.75777e+06
-363530
0.544373
0.00292844
0.0112006
0.000528612
0
0
0
1682192429.65533
msg_begin
7.75777e+06
-363530
0.538321
0.00148136
0.000707183
0.000205203
0
0
0
1682192429.70529
msg_begin
7.75777e+06
-363530
0.53422
0.00334928
0.00339694
5.52609e-05
0
0
0
1682192429.75552
msg_begin
7.75777e+06
-363530
0.523691
0.00931376
0.00170052
0.000362477
0
0
0
1682192429.80549
msg_begin
7.75777e+06
-363530
0.518463
0.00224543
0.00902184
0.000334042
0
0
0
1682192429.85552
msg_begin
7.75777e+06
-363529
0.511623
0.00106863
0.00402975
0.000320676
0
0
0
1682192429.90552
msg_begin
7.75777e+06
-363529
0.504275
0.0142886
0.00381678
0.000424016
0
0
0
1682192429.95558
msg_begin
7.75777e+06
-363529
0.49653
0.00686975
0.00329157
0.00109547
0
0
0
1682192430.00562
msg_begin
7.75777e+06
-363529
0.49386
0.00473113
0.00659045
0.000468741
0
0
0
1682192430.05564
msg_begin
7.75777e+06
-363529
0.48664
0.0185036
0.0165269
0.00154528
0
0
0
1682192430.10561
msg_begin
7.75777e+06
-363528
0.476994
0.00168871
0.00201952
2.99832e-05
0
0
0
1682192430.15561
msg_begin
7.75778e+06
-363528
0.469824
0.00104681
0.000765162
8.40712e-05
0
0
0
1682192430.20562
msg_begin
7.75778e+06
-363528
0.463294
0.0113089
0.00449788
0.00111159
0
0
0
1682192430.25566
msg_begin
7.75778e+06
-363528
0.457702
0.00549687
0.00190706
0.000279824
0
0
0
1682192430.30569
msg_begin
7.75778e+06
-363528
0.447302
0.00380178
0.00639854
0.000703713
0
0
0
1682192430.35571
msg_begin
7.75778e+06
-363528
0.437495
0.0119598
0.00207697
0.00090213
0
0
0
1682192430.40580
msg_begin
7.75778e+06
-363527
0.431024
1.30385e-08
4.07454e-10
8.88178e-16
0
0
0
1682192430.45578
msg_begin
7.75778e+06
-363527
0.426053
0.00743902
0.00261447
0.000505085
0
0
0
1682192430.50584
msg_begin
7.75778e+06
-363527
0.419688
3.72529e-09
1.33878e-09
1.66533e-16
0
0
0
1682192430.55581
msg_begin
7.75778e+06
-363527
0.412813
0.00526926
0.00604872
0.000716729
0
0
0
1682192430.60581
msg_begin
7.75778e+06
-363527
0.403254
0.0168047
0.00895354
0.000929216
0
0
0
1682192430.65579
msg_begin
7.75778e+06
-363527
0.394557
0.000112329
0.00107421
1.72182e-05
0
0
0
1682192430.70587
msg_begin
7.75778e+06
-363526
0.388197
0.00590144
0.00177116
9.672e-05
0
0
0
1682192430.75569
msg_begin
7.75778e+06
-363526
0.381109
0.00214061
0.00117691
0.000156464
0
0
0
1682192430.81036
msg_begin
7.75778e+06
-363526
0.373524
0.00412267
0.0031779
0.000859798
0
0
0
1682192430.85553
msg_begin
7.75778e+06
-363526
0.368448
0
3.7835e-09
6.10623e-16
0
0
0
1682192430.90551
msg_begin
7.75778e+06
-363526
0.357773
0.013142
0.00757529
0.000900315
0
0
0
1682192430.95545
msg_begin
7.75778e+06
-363526
0.352962
0.0120884
0.000794249
0.000338343
0
0
0
1682192431.00548
msg_begin
7.75778e+06
-363526
0.343505
0.000968887
1.23231e-05
9.8197e-05
0
0
0
1682192431.05537
msg_begin
7.75778e+06
-363525
0.331484
0.000135917
5.56145e-05
8.82226e-06
0
0
0
1682192431.10533
msg_begin
7.75778e+06
-363525
0.326671
0.0136784
0.0113257
0.000449731
0
0
0
1682192431.15540
msg_begin
7.75778e+06
-363525
0.315745
0.00633737
0.00323134
0.000694906
0
0
0
1682192431.20539
msg_begin
7.75778e+06
-363525
0.310962
8.3819e-09
1.33878e-09
2.44249e-15
0
0
0
1682192431.25531
msg_begin
7.75778e+06
-363525
0.303288
5.98897e-05
0.00111143
8.17938e-06
0
0
0
1682192431.30535
msg_begin
7.75778e+06
-363525
0.296799
0.00439508
0.000896019
0.000406063
0
0
0
1682192431.35533
msg_begin
7.75778e+06
-363525
0.286747
0.00911501
0.000865235
0.000542627
0
0
0
1682192431.40538
msg_begin
7.75778e+06
-363525
0.276763
0.00600115
0.00522548
0.000325633
0
0
0
1682192431.45537
msg_begin
7.75778e+06
-363525
0.269187
0.00660342
0.000868087
0.000513553
0
0
0
1682192431.50543
msg_begin
7.75778e+06
-363524
0.260535
0.000290514
0.000525962
9.87797e-06
0
0
0
1682192431.55540
msg_begin
7.75778e+06
-363524
0.252253
0.0335241
0.00623681
0.00129996
0
0
0
1682192431.60542
msg_begin
7.75779e+06
-363524
0.241454
0.0181613
0.0156631
0.00103201
0
0
0
1682192431.65535
msg_begin
7.75779e+06
-363524
0.235359
0.00457628
0.00245137
0.000522697
0
0
0
1682192431.70539
msg_begin
7.75779e+06
-363524
0.22887
0.00959491
0.000670998
0.000189161
0
0
0
1682192431.75534
msg_begin
7.75779e+06
-363524
0.223171
0.00214801
0.00491912
0.000295417
0
0
0
1682192431.80523
msg_begin
7.75779e+06
-363524
0.216134
0.0194257
0.0061217
0.000792048
0
0
0
1682192431.85525
msg_begin
7.75779e+06
-363524
0.205507
0.0101188
0.00848061
0.00128083
0
0
0
1682192431.90517
msg_begin
7.75779e+06
-363524
0.196074
0.00656247
0.00405789
0.000176537
0
0
0
1682192431.95505
msg_begin
7.75779e+06
-363524
0.189747
0.00269378
0.00290943
0.00175891
0
0
0
1682192432.00496
msg_begin
7.75779e+06
-363524
0.181717
0.00798644
0.00981358
0.000404283
0
0
0
1682192432.05490
msg_begin
7.75779e+06
-363523
0.173918
0.0161981
0.00666024
0.000402985
0
0
0
1682192432.10480
msg_begin
7.75779e+06
-363523
0.167059
0.0222665
0.0015322
0.000142514
0
0
0
1682192432.15477
msg_begin
7.75779e+06
-363523
0.160606
0.00515896
0.0021517
0.0001866
0
0
0
1682192432.20478
msg_begin
7.75779e+06
-363523
0.152209
0.0229804
0.00374602
0.00206426
0
0
0
1682192432.25470
msg_begin
7.75779e+06
-363523
0.148147
0.00390065
0.00425482
0.000728289
0
0
0
1682192432.30469
msg_begin
7.75779e+06
-363523
0.139574
0.00120783
0.00173644
0.000243394
0
0
0
1682192432.35465
msg_begin
7.75779e+06
-363523
0.129802
0.0162132
0.0168709
0.00159451
0
0
0
1682192432.40464
msg_begin
7.75779e+06
-363523
0.12343
0.013818
0.00445034
0.000540566
0
0
0
1682192432.45466
msg_begin
7.75779e+06
-363523
0.115577
6.89375e-05
0.00417076
0.000513889
0
0
0
1682192432.50463
msg_begin
7.75779e+06
-363523
0.109951
0.0152233
0.0033544
0.000870226
0
0
0
1682192432.55471
msg_begin
7.75779e+06
-363523
0.101999
5.96046e-08
2.21189e-09
1.11022e-16
0
0
0
1682192432.60467
msg_begin
7.75779e+06
-363523
0.0970227
0.00034226
0.000717387
0.000223406
0
0
0
1682192432.65468
msg_begin
7.75779e+06
-363523
0.0885597
0.0010434
0.00383497
0.000103373
0
0
0
1682192432.70465
msg_begin
7.75779e+06
-363523
0.0843081
8.6613e-08
1.57161e-09
4.16334e-17
0
0
0
1682192432.75466
msg_begin
7.75779e+06
-363523
0.0771395
8.3819e-09
2.56114e-09
1.11022e-16
0
0
0
1682192432.80472
msg_begin
7.75779e+06
-363523
0.0674356
0.00446403
0.001624
0.000666601
0
0
0
1682192432.85472
msg_begin
7.75779e+06
-363523
0.0638202
0.015582
0.0139518
0.00154559
0
0
0
1682192432.90466
msg_begin
7.75779e+06
-363523
0.0562702
0.00696155
0.00141055
5.57056e-06
0
0
0
1682192432.95471
msg_begin
7.75779e+06
-363523
0.0474237
0.0165168
0.0021888
0.00038281
0
0
0
1682192433.00466
msg_begin
7.7578e+06
-363523
0.0383648
1.67638e-08
2.79397e-09
5.55112e-17
0
0
0
1682192433.05465
msg_begin
7.7578e+06
-363523
0.0302765
0.001294
0.000982761
9.3923e-05
0
0
0
1682192433.10466
msg_begin
7.7578e+06
-363522
0.027464
0.00172206
0.00221602
9.82065e-05
0
0
0
1682192433.15466
msg_begin
7.7578e+06
-363522
0.0150055
0.00566526
0.00300737
0.000646476
0
0
0
1682192433.20471
msg_begin
7.7578e+06
-363522
0.00676959
0.00293833
0.00106253
2.34627e-05
0
0
0
1682192433.25469
msg_begin
7.7578e+06
-363523
0.00118686
0.0110192
0.000295655
0.000132395
0
0
0
1682192433.30477
msg_begin
7.7578e+06
-363523
-0.00863145
0.0240106
0.0152206
0.00364718
0
0
0
1682192433.35481
msg_begin
7.7578e+06
-363522
-0.0131159
0.017918
0.00406847
0.000730796
0
0
0
1682192433.40488
msg_begin
7.7578e+06
-363522
-0.0191799
3.07336e-08
1.97906e-09
2.08167e-17
0
0
0
1682192433.45489
msg_begin
7.7578e+06
-363522
-0.0303725
0.00375187
0.00857786
0.000203992
0
0
0
1682192433.50494
msg_begin
7.7578e+06
-363522
-0.0359489
0.00948066
0.0041133
0.000479487
0
0
0
1682192433.55499
msg_begin
7.7578e+06
-363522
-0.0463821
0.00226709
0.000620874
0.000105453
0
0
0
1682192433.60499
msg_begin
7.7578e+06
-363522
-0.0527533
0.0155781
0.00352288
0.00126692
0
0
0
1682192433.65498
msg_begin
7.7578e+06
-363522
-0.0603263
2.6077e-08
2.61934e-09
4.16334e-16
0
0
0
1682192433.70495
msg_begin
7.7578e+06
-363522
-0.0676136
0.000598281
0.000330402
0.000108657
0
0
0
1682192433.75500
msg_begin
7.7578e+06
-363522
-0.0758992
0.00225884
0.00171371
7.40216e-05
0
0
0
1682192433.80500
msg_begin
7.7578e+06
-363523
-0.0844644
0.00736976
0.00157281
0.000353758
0
0
0
1682192433.85500
msg_begin
7.7578e+06
-363523
-0.0901606
0.00510041
0.00221743
0.000225555
0
0
0
1682192433.90496
msg_begin
7.7578e+06
-363523
-0.101171
7.54371e-08
3.49246e-10
3.60822e-16
0
0
0
1682192433.95506
msg_begin
7.7578e+06
-363523
-0.108092
0.0218005
0.00173141
0.000147716
0
0
0
1682192434.00503
msg_begin
7.7578e+06
-363523
-0.117659
0.000656819
0.000891115
0.000103285
0
0
0
1682192434.05521
msg_begin
7.7578e+06
-363523
-0.125181
0.00271521
0.00706875
0.000120872
0
0
0
1682192434.10509
msg_begin
7.7578e+06
-363523
-0.132716
0.000212713
0.000543224
1.04744e-05
0
0
0
1682192434.15502
msg_begin
7.7578e+06
-363523
-0.13914
0.00411135
0.00794454
0.000323727
0
0
0
1682192434.20504
msg_begin
7.7578e+06
-363523
-0.148966
7.45058e-09
2.44472e-09
4.44089e-16
0
0
0
1682192434.25498
msg_begin
7.7578e+06
-363523
-0.153411
0.0350895
0.0169004
0.00216149
0
0
0
1682192434.30492
msg_begin
7.7578e+06
-363523
-0.162611
0.00738009
0.00795156
0.000619239
0
0
0
1682192434.35488
msg_begin
7.75781e+06
-363523
-0.168455
0.000540506
0.00640289
0.000155591
0
0
0
1682192434.40485
msg_begin
7.75781e+06
-363523
-0.174838
0.00723685
0.00530973
0.00139138
0
0
0
1682192434.45487
msg_begin
7.75781e+06
-363523
-0.185569
0.0140307
0.00544375
0.000438297
0
0
0
1682192434.50480
msg_begin
7.75781e+06
-363523
-0.190028
0.00105401
0.00794395
0.000167651
0
0
0
1682192434.55479
msg_begin
7.75781e+06
-363523
-0.193446
0.0016796
0.00196837
9.16169e-05
0
0
0
1682192434.60490
msg_begin
7.75781e+06
-363523
-0.202544
3.72529e-09
4.07454e-10
1.66533e-16
0
0
0
1682192434.65485
msg_begin
7.75781e+06
-363523
-0.208101
9.31323e-09
2.79397e-09
1.38778e-15
0
0
0
1682192434.70493
msg_begin
7.75781e+06
-363523
-0.215487
0.00159075
0.00129925
0.000287798
0
0
0
1682192434.75499
msg_begin
7.75781e+06
-363523
-0.2265
0.00604279
0.00347299
0.000607544
0
0
0
1682192434.80562
msg_begin
7.75781e+06
-363524
-0.231163
0.0050316
0.00336115
0.00119102
0
0
0
1682192434.85508
msg_begin
7.75781e+06
-363524
-0.239709
0.00221166
0.00287342
0.000521905
0
0
0
1682192434.90513
msg_begin
7.75781e+06
-363524
-0.2442
0.00758081
0.00134885
0.000476089
0
0
0
1682192434.95511
msg_begin
7.75781e+06
-363524
-0.257782
0.0048275
0.000781174
0.00032607
0
0
0
1682192435.00618
msg_begin
7.75781e+06
-363524
-0.264517
0.0035332
0.00176052
0.000463729
0
0
0
1682192435.05514
msg_begin
7.75781e+06
-363524
-0.265502
0.0100655
0.011815
0.000400678
0
0
0
1682192435.10519
msg_begin
7.75781e+06
-363524
-0.27519
0.0317168
0.00442318
0.00207096
0
0
0
1682192435.15518
msg_begin
7.75781e+06
-363524
-0.289392
0.00133835
0.00127952
0.000389186
0
0
0
1682192435.20614
msg_begin
7.75781e+06
-363524
-0.292981
0.00193954
0.000647069
0.000120427
0
0
0
1682192435.25526
msg_begin
7.75781e+06
-363524
-0.300964
0.000961589
0.00208819
0.000212015
0
0
0
1682192435.30527
msg_begin
7.75781e+06
-363524
-0.304226
0.0033089
8.6767e-05
0.000119768
0
0
0
1682192435.35521
msg_begin
7.75781e+06
-363525
-0.31573
0.0367162
0.0114032
0.00302602
0
0
0
1682192435.40661
msg_begin
7.75781e+06
-363525
-0.323608
0.000448364
0.00458307
0.000537859
0
0
0
1682192435.45518
msg_begin
7.75781e+06
-363525
-0.335027
0.0315192
0.00859142
0.001949
0
0
0
1682192435.50517
msg_begin
7.75781e+06
-363525
-0.337058
4.56348e-08
1.68802e-09
9.99201e-16
0
0
0
1682192435.55508
msg_begin
7.75781e+06
-363525
-0.339033
2.23517e-08
1.80444e-09
2.77556e-16
0
0
0
1682192435.60587
msg_begin
7.75781e+06
-363525
-0.348454
0.0104019
0.00384068
0.000581756
0
0
0
1682192435.65492
msg_begin
7.75781e+06
-363525
-0.359964
0.000642136
0.0011724
7.47737e-05
0
0
0
1682192435.70486
msg_begin
7.75781e+06
-363525
-0.364741
5.58794e-08
2.32831e-10
1.38778e-15
0
0
0
1682192435.75476
msg_begin
7.75782e+06
-363525
-0.368694
0.0440845
0.0181706
0.0020704
0
0
0
1682192435.80471
msg_begin
7.75782e+06
-363526
-0.376618
0.00524372
0.00262005
0.000423647
0
0
0
1682192435.85465
msg_begin
7.75782e+06
-363526
-0.387563
0.0114604
0.00220949
7.79536e-05
0
0
0
1682192435.90465
msg_begin
7.75782e+06
-363526
-0.394036
0.0125739
0.00547836
0.00025026
0
0
0
1682192435.95460
msg_begin
7.75782e+06
-363526
-0.399152
0.014705
0.00141487
2.88112e-05
0
0
0
1682192436.00460
msg_begin
7.75782e+06
-363526
-0.410368
0.0108815
0.00948965
0.00148951
0
0
0
1682192436.05461
msg_begin
7.75782e+06
-363526
-0.418093
0.00248162
0.00146642
0.000598717
0
0
0
1682192436.10457
msg_begin
7.75782e+06
-363526
-0.422071
0.00126073
0.00879804
0.000896727
0
0
0
1682192436.15471
msg_begin
7.75782e+06
-363527
-0.428915
0.00697561
0.00292331
0.000178223
0
0
0
1682192436.20469
msg_begin
7.75782e+06
-363527
-0.436667
0.00107766
0.00035982
0.000100949
0
0
0
1682192436.25472
msg_begin
7.75782e+06
-363527
-0.445435
0.00107679
0.000500926
0.000187159
0
0
0
1682192436.30474
msg_begin
7.75782e+06
-363527
-0.453475
0.00187439
1.56802e-05
2.10886e-05
0
0
0
1682192436.35489
msg_begin
7.75782e+06
-363527
-0.458243
0.0268832
0.0150298
0.000896812
0
0
0
1682192436.40489
msg_begin
7.75782e+06
-363527
-0.467004
0.00737598
0.00662205
0.00119622
0
0
0
1682192436.45493
msg_begin
7.75782e+06
-363528
-0.477925
0.000101547
0.00044499
2.2883e-05
0
0
0
1682192436.50505
msg_begin
7.75782e+06
-363528
-0.484844
0.000539535
0.000517479
2.107e-05
0
0
0
1682192436.55502
msg_begin
7.75782e+06
-363528
-0.493621
9.31323e-10
1.39698e-09
1.66533e-16
0
0
0
1682192436.60490
msg_begin
7.75782e+06
-363528
-0.500239
9.31323e-10
2.38651e-09
5.55112e-16
0
0
0
1682192436.65487
msg_begin
7.75782e+06
-363528
-0.51137
8.6613e-08
1.74623e-09
2.33147e-15
0
0
0
1682192436.70485
msg_begin
7.75782e+06
-363529
-0.523204
1.86265e-08
0
4.44089e-16
0
0
0
1682192436.75501
msg_begin
7.75782e+06
-363529
-0.527056
0.00116122
0.000680132
1.99154e-05
0
0
0
1682192436.80562
msg_begin
7.75782e+06
-363529
-0.535088
0.0156946
0.00903443
0.000455314
0
0
0
1682192436.85472
msg_begin
7.75782e+06
-363529
-0.539931
3.91155e-08
1.16415e-10
1.77636e-15
0
0
0
1682192436.90468
msg_begin
7.75782e+06
-363529
-0.54895
0.00567096
0.00497744
0.000769778
0
0
0
1682192436.95465
msg_begin
7.75782e+06
-363529
-0.559276
0.00811447
0.00210636
0.000807907
0
0
0
1682192437.00568
msg_begin
7.75782e+06
-363530
-0.568754
3.25963e-08
8.73115e-10
3.88578e-15
0
0
0
1682192437.05458
msg_begin
7.75782e+06
-363530
-0.576109
0.00877799
0.0088166
0.000426277
0
0
0
1682192437.10462
msg_begin
7.75782e+06
-363530
-0.583555
0.00768941
0.00666628
0.000949871
0
0
0
1682192437.15466
msg_begin
7.75782e+06
-363530
-0.591156
0.000893911
0.000712881
0.000205055
0
0
0
1682192437.20507
msg_begin
7.75783e+06
-363530
-0.600912
0.00234302
0.00346306
9.25108e-05
0
0
0
1682192437.25468
msg_begin
7.75783e+06
-363531
-0.608517
0.0102723
0.00745555
0.000690307
0
0
0
1682192437.30470
msg_begin
7.75783e+06
-363531
-0.613587
0.00966756
0.013434
3.59103e-05
0
0
0
1682192437.35470
msg_begin
7.75783e+06
-363531
-0.621039
0.000513723
0.000563482
3.85394e-05
0
0
0
1682192437.40551
msg_begin
7.75783e+06
-363531
-0.629683
0.00863115
0.00465053
0.00107908
0
0
0
1682192437.45474
msg_begin
7.75783e+06
-363532
-0.638484
0.00295614
0.00142869
0.000176967
0
0
0
1682192437.50483
msg_begin
7.75783e+06
-363532
-0.643736
0.00133638
0.00657687
0.000177369
0
0
0
1682192437.55504
msg_begin
7.75783e+06
-363532
-0.651315
0.00224774
0.00149905
0.000110658
0
0
0
1682192437.60550
msg_begin
7.75783e+06
-363532
-0.657409
0.0157611
0.0188315
0.000425722
0
0
0
1682192437.65507
msg_begin
7.75783e+06
-363532
-0.661849
0.0013985
0.00478337
0.000529492
0
0
0
1682192437.70508
msg_begin
7.75783e+06
-363533
-0.671592
6.42613e-08
1.33878e-09
1.55431e-15
0
0
0
1682192437.75536
msg_begin
7.75783e+06
-363533
-0.677971
0.0294375
0.0167169
0.00223178
0
0
0
1682192437.80525
msg_begin
7.75783e+06
-363533
-0.681509
0.000233984
0.000727999
7.82653e-05
0
0
0
1682192437.85521
msg_begin
7.75783e+06
-363533
-0.687805
0.0178918
0.0137452
0.000780052
0
0
0
1682192437.90528
msg_begin
7.75783e+06
-363534
-0.692789
0.00280922
0.00093931
6.57787e-05
0
0
0
1682192437.95561
msg_begin
7.75783e+06
-363534
-0.696417
2.51457e-08
4.01633e-09
1.55431e-15
0
0
0
1682192438.00530
msg_begin
7.75783e+06
-363534
-0.70349
0.0127292
0.00382226
0.000969677
0
0
0
1682192438.05523
msg_begin
7.75783e+06
-363534
-0.707267
0.00556617
0.00653651
0.000508718
0
0
0
1682192438.10514
msg_begin
7.75783e+06
-363535
-0.709579
0.00129329
0.00415071
0.000123487
0
0
0
1682192438.15507
msg_begin
7.75783e+06
-363535
-0.717018
0.0244316
0.0185094
0.00134207
0
0
0
1682192438.20497
msg_begin
7.75783e+06
-363535
-0.718349
0.00105328
0.000633057
9.0534e-05
0
0
0
1682192438.25488
msg_begin
7.75783e+06
-363535
-0.722021
0.0188313
0.0260706
0.00114578
0
0
0
1682192438.30480
msg_begin
7.75783e+06
-363536
-0.722669
0.0125855
0.0125004
0.00126384
0
0
0
1682192438.35471
msg_begin
7.75783e+06
-363536
-0.72914
0.00268044
0.00353666
0.00022678
0
0
0
1682192438.40460
msg_begin
7.75783e+06
-363536
-0.728611
0.00470191
0.00145988
0.000389057
0
0
0
1682192438.45453
msg_begin
7.75783e+06
-363536
-0.730328
0.0168355
0.0111234
0.000362362
0
0
0
1682192438.50464
msg_begin
7.75783e+06
-363537
-0.730986
0.0051855
0.00846585
0.00162042
0
0
0
1682192438.55454
msg_begin
7.75783e+06
-363537
-0.734142
0.00330419
0.000910591
0.000404265
0
0
0
1682192438.60452
msg_begin
7.75783e+06
-363537
-0.737511
0.00188873
0.00271862
0.000441543
0
0
0
1682192438.65451
msg_begin
7.75783e+06
-363538
-0.739325
1.86265e-08
3.49246e-10
5.10703e-15
0
0
0
1682192438.70448
msg_begin
7.75783e+06
-363538
-0.743725
0.0124726
0.013123
0.000193787
0
0
0
1682192438.75465
msg_begin
7.75783e+06
-363538
-0.746012
0.0177554
0.0223316
0.000312061
0
0
0
1682192438.80496
msg_begin
7.75784e+06
-363538
-0.744628
0.0037923
0.00758003
0.00165175
0
0
0
1682192438.85449
msg_begin
7.75784e+06
-363539
-0.747237
0.00827991
0.01008
0.000507481
0
0
0
1682192438.90459
msg_begin
7.75784e+06
-363539
-0.745287
0.00295726
0.000510722
0.00013187
0
0
0
1682192438.95462
msg_begin
7.75784e+06
-363539
-0.744233
1.30385e-08
4.07454e-10
2.44249e-15
0
0
0
1682192439.00569
msg_begin
7.75784e+06
-363539
-0.745772
0.012458
0.0100215
0.000884588
0
0
0
1682192439.05459
msg_begin
7.75784e+06
-363540
-0.743196
0.028806
0.0424228
0.000509684
0
0
0
1682192439.10455
msg_begin
7.75784e+06
-363540
-0.742222
0.00170487
0.00355716
0.000136529
0
0
0
1682192439.15456
msg_begin
7.75784e+06
-363540
-0.739081
0.00513235
0.00796932
0.000241158
0
0
0
1682192439.20524
msg_begin
7.75784e+06
-363541
-0.73861
0.00476336
0.0110082
0.00112593
0
0
0
1682192439.25463
msg_begin
7.75784e+06
-363541
-0.740049
0.00501085
0.00327501
0.000181023
0
0
0
1682192439.30468
msg_begin
7.75784e+06
-363541
-0.739406
0.000753795
0.00348384
0.000412378
0
0
0
1682192439.35468
msg_begin
7.75784e+06
-363541
-0.73595
0.0027542
0.00150914
5.52044e-05
0
0
0
1682192439.40580
msg_begin
7.75784e+06
-363542
-0.733973
0.000597457
0.000879868
0.000171078
0
0
0
1682192439.45487
msg_begin
7.75784e+06
-363542
-0.735354
0.00499686
0.00509649
0.000408861
0
0
0
1682192439.50489
msg_begin
7.75784e+06
-363542
-0.733886
0.00687078
0.00358345
0.000255361
0
0
0
1682192439.55494
msg_begin
7.75784e+06
-363542
-0.731314
0.0121051
0.00256062
0.000548751
0
0
0
1682192439.60574
msg_begin
7.75784e+06
-363543
-0.731249
0.0551613
0.0334551
0.00126842
0
0
0
1682192439.65514
msg_begin
7.75784e+06
-363543
-0.730367
0.00109812
0.00111158
5.86768e-05
0
0
0
1682192439.70514
msg_begin
7.75784e+06
-363543
-0.727806
0.00789477
0.00155364
0.000497264
0
0
0
1682192439.75528
msg_begin
7.75784e+06
-363544
-0.725914
0.00391147
0.00571196
0.000472746
0
0
0
1682192439.80523
msg_begin
7.75784e+06
-363544
-0.725275
0.00186479
0.000926631
0.000120355
0
0
0
1682192439.85526
msg_begin
7.75784e+06
-363544
-0.724755
0.0112114
0.0071771
0.00179275
0
0
0
1682192439.90528
msg_begin
7.75784e+06
-363544
-0.723268
2.32831e-08
2.32831e-09
2.9976e-15
0
0
0
1682192439.95553
msg_begin
7.75784e+06
-363545
-0.725247
0.006522
0.00720378
0.0018444
0
0
0
1682192440.00518
msg_begin
7.75784e+06
-363545
-0.725168
0.00318407
0.00138741
0.000294352
0
0
0
1682192440.05518
msg_begin
7.75784e+06
-363545
-0.723592
7.82311e-08
2.67755e-09
3.55271e-15
0
0
0
1682192440.10523
msg_begin
7.75784e+06
-363545
-0.724027
0.0170779
0.0139333
0.000408375
0
0
0
1682192440.15531
msg_begin
7.75784e+06
-363546
-0.723561
0.00356995
0.00189963
0.000309968
0
0
0
1682192440.20517
msg_begin
7.75784e+06
-363546
-0.72215
6.98492e-08
5.82077e-11
3.21965e-15
0
0
0
1682192440.25521
msg_begin
7.75784e+06
-363546
-0.722884
0.00035933
0.00106574
5.58575e-05
0
0
0
1682192440.30523
msg_begin
7.75784e+06
-363547
-0.722949
9.31323e-10
3.14321e-09
2.66454e-15
0
0
0
1682192440.35528
msg_begin
7.75784e+06
-363547
-0.722802
0.0236567
0.00418013
0.000841232
0
0
0
1682192440.40531
msg_begin
7.75785e+06
-363547
-0.722404
6.51926e-09
2.32831e-10
4.32987e-15
0
0
0
1682192440.45537
msg_begin
7.75785e+06
-363547
-0.725921
0.00476638
0.00259321
0.000399795
0
0
0
1682192440.50539
msg_begin
7.75785e+06
-363548
-0.725841
0.0209352
0.0178095
0.000565413
0
0
0
1682192440.55546
msg_begin
7.75785e+06
-363548
-0.72712
2.79397e-09
2.56114e-09
1.11022e-16
0
0
0
1682192440.60555
msg_begin
7.75785e+06
-363548
-0.725912
0.0110463
0.00744122
0.000415314
0
0
0
1682192440.65561
msg_begin
7.75785e+06
-363548
-0.72975
8.3819e-09
2.91038e-10
1.55431e-15
0
0
0
1682192440.70568
msg_begin
7.75785e+06
-363549
-0.730559
0.00756089
0.00700157
0.000427068
0
0
0
1682192440.75569
msg_begin
7.75785e+06
-363549
-0.730121
0.0303108
0.0280591
0.000541591
0
0
0
1682192440.80617
msg_begin
7.75785e+06
-363549
-0.730884
0.00584539
0.00419322
0.000188625
0
0
0
1682192440.85573
msg_begin
7.75785e+06
-363550
-0.729599
0.0085456
0.0130387
0.000415258
0
0
0
1682192440.90567
msg_begin
7.75785e+06
-363550
-0.729963
3.81842e-08
4.07454e-10
2.10942e-15
0
0
0
1682192440.95568
msg_begin
7.75785e+06
-363550
-0.731444
0.00481585
0.00404931
0.000215964
0
0
0
1682192441.00689
msg_begin
7.75785e+06
-363550
-0.730214
0.00230032
0.00115719
0.00103567
0
0
0
1682192441.05549
msg_begin
7.75785e+06
-363551
-0.72994
0.0023748
0.00306996
1.7724e-05
0
0
0
1682192441.10541
msg_begin
7.75785e+06
-363551
-0.729551
0.00215158
0.000636666
3.44644e-05
0
0
0
1682192441.15542
msg_begin
7.75785e+06
-363551
-0.728724
1.76951e-08
5.82077e-11
6.66134e-16
0
0
0
1682192441.20595
msg_begin
7.75785e+06
-363552
-0.728933
0.02075
0.0184081
0.000314992
0
0
0
1682192441.25522
msg_begin
7.75785e+06
-363552
-0.731586
0.000960613
0.000932938
3.69781e-05
0
0
0
1682192441.30515
msg_begin
7.75785e+06
-363552
-0.731752
7.82311e-08
2.38651e-09
2.88658e-15
0
0
0
1682192441.35531
msg_begin
7.75785e+06
-363552
-0.732066
0.00309767
0.00263938
0.00018528
0
0
0
1682192441.40585
msg_begin
7.75785e+06
-363553
-0.730951
0.00558563
0.00874238
0.000394043
0
0
0
1682192441.45507
msg_begin
7.75785e+06
-363553
-0.731178
0.0054468
0.00607553
0.000282408
0
0
0
1682192441.50505
msg_begin
7.75785e+06
-363553
-0.735679
3.72529e-09
1.22236e-09
2.9976e-15
0
0
0
1682192441.55516
msg_begin
7.75785e+06
-363554
-0.73621
0.00380947
0.00174548
0.000112411
0
0
0
1682192441.60579
msg_begin
7.75785e+06
-363554
-0.735238
0.00203131
0.00195446
0.000167615
0
0
0
1682192441.65519
msg_begin
7.75785e+06
-363554
-0.737793
0.000277396
0.00113148
2.82709e-05
0
0
0
1682192441.70519
msg_begin
7.75785e+06
-363554
-0.737209
0.00380668
0.00497966
0.000167795
0
0
0
1682192441.75534
msg_begin
7.75785e+06
-363555
-0.737001
1.86265e-09
2.56114e-09
1.77636e-15
0
0
0
1682192441.80517
msg_begin
7.75785e+06
-363555
-0.738551
0.016075
0.0102656
0.0014257
0
0
0
1682192441.85515
msg_begin
7.75785e+06
-363555
-0.73803
0.00890485
0.00136259
0.000261171
0
0
0
1682192441.90520
msg_begin
7.75785e+06
-363556
-0.737888
0.000249231
0.000384843
5.73476e-05
0
0
0
1682192441.95592
msg_begin
7.75786e+06
-363556
-0.737435
0.00365976
0.00155052
0.000176641
0
0
0
1682192442.00514
msg_begin
7.75786e+06
-363556
-0.739449
0.00846293
0.00855219
0.000165795
0
0
0
1682192442.05516
msg_begin
7.75786e+06
-363557
-0.739824
0.00132132
0.00283203
0.000132992
0
0
0
1682192442.10516
msg_begin
7.75786e+06
-363557
-0.740961
0.00241577
0.00202231
0.000131706
0
0
0
1682192442.15595
msg_begin
7.75786e+06
-363557
-0.739969
0.00389176
0.00450007
0.000430855
0
0
0
1682192442.20520
msg_begin
7.75786e+06
-363557
-0.739605
0.00655488
0.00214098
0.000357652
0
0
0
1682192442.25519
msg_begin
7.75786e+06
-363558
-0.740555
0.0173559
0.0184961
0.000430882
0
0
0
1682192442.30525
msg_begin
7.75786e+06
-363558
-0.739373
0.0137504
0.00705293
0.000464829
0
0
0
1682192442.35612
msg_begin
7.75786e+06
-363558
-0.74005
0.000978701
0.00470351
6.79383e-05
0
0
0
1682192442.40526
msg_begin
7.75786e+06
-363559
-0.741815
3.07336e-08
4.07454e-09
3.66374e-15
0
0
0
1682192442.45527
msg_begin
7.75786e+06
-363559
-0.740714
0.00467544
0.0121626
0.000291551
0
0
0
1682192442.50535
msg_begin
7.75786e+06
-363559
-0.741596
0.000927602
0.000546482
7.56953e-05
0
0
0
1682192442.55623
msg_begin
7.75786e+06
-363560
-0.741679
0.000395484
0.000666229
1.93011e-05
0
0
0
1682192442.60532
msg_begin
7.75786e+06
-363560
-0.741453
0.00353631
0.0007371
4.28137e-05
0
0
0
1682192442.65519
msg_begin
7.75786e+06
-363560
-0.741136
0.00642763
0.00476461
0.000140793
0
0
0
1682192442.70520
msg_begin
7.75786e+06
-363560
-0.743603
6.98492e-08
3.0268e-09
9.99201e-16
0
0
0
1682192442.75520
msg_begin
7.75786e+06
-363561
-0.743111
0.00399166
0.0138938
0.000637233
0
0
0
1682192442.80543
msg_begin
7.75786e+06
-363561
-0.742432
0.0105439
0.0074938
0.000791491
0
0
0
1682192442.85510
msg_begin
7.75786e+06
-363561
-0.744793
9.31323e-09
5.23869e-10
1.11022e-15
0
0
0
1682192442.90517
msg_begin
7.75786e+06
-363562
-0.743547
0.0149808
0.0255354
0.00181382
0
0
0
1682192442.95517
msg_begin
7.75786e+06
-363562
-0.743422
0.00940511
0.00494368
0.000362844
0
0
0
1682192443.00638
msg_begin
7.75786e+06
-363562
-0.744921
0.000342791
0.00109183
0.000228922
0
0
0
1682192443.05528
msg_begin
7.75786e+06
-363563
-0.746239
0.00911986
0.00986698
0.00111264
0
0
0
1682192443.10523
msg_begin
7.75786e+06
-363563
-0.748612
0.00454282
0.00171972
0.000125282
0
0
0
1682192443.15539
msg_begin
7.75786e+06
-363563
-0.743807
7.72998e-08
1.74623e-10
6.77236e-15
0
0
0
1682192443.20562
msg_begin
7.75786e+06
-363563
-0.743977
0.0014439
0.000557711
0.000169242
0
0
0
1682192443.25534
msg_begin
7.75786e+06
-363564
-0.744056
0.000962594
0.000827641
1.841e-05
0
0
0
1682192443.30535
msg_begin
7.75786e+06
-363564
-0.74416
0.00159191
0.00398025
0.000418273
0
0
0
1682192443.35538
msg_begin
7.75786e+06
-363564
-0.744921
0.00264772
0.00247292
0.00024834
0
0
0
1682192443.40639
msg_begin
7.75786e+06
-363565
-0.746102
0.0232352
0.0281264
0.000133422
0
0
0
1682192443.45526
msg_begin
7.75787e+06
-363565
-0.744345
0.00343584
0.00457449
0.000151119
0
0
0
1682192443.50520
msg_begin
7.75787e+06
-363565
-0.745528
0.00233967
0.00296976
0.00026566
0
0
0
1682192443.55516
msg_begin
7.75787e+06
-363566
-0.744867
0.013161
0.0117652
0.000865032
0
0
0
1682192443.60517
msg_begin
7.75787e+06
-363566
-0.744892
0.00708181
0.0116868
0.000867912
0
0
0
1682192443.70496
msg_begin
7.75787e+06
-363567
-0.746714
0.0219862
0.0222387
0.000628083
0
0
0
1682192443.75551
msg_begin
7.75787e+06
-363567
-0.747285
0.000899309
0.00546763
3.29057e-05
0
0
0
1682192443.80485
msg_begin
7.75787e+06
-363567
-0.747135
0.00635306
0.0119396
0.00035535
0
0
0
1682192443.85489
msg_begin
7.75787e+06
-363568
-0.748476
0.00269465
0.00512111
0.000299516
0
0
0
1682192443.90487
msg_begin
7.75787e+06
-363568
-0.74512
0.003201
0.00303115
0.000247914
0
0
0
1682192443.95519
msg_begin
7.75787e+06
-363568
-0.74375
0.0181957
0.00868932
0.00141354
0
0
0
1682192444.00493
msg_begin
7.75787e+06
-363568
-0.741934
0.00251816
0.00492178
0.000120641
0
0
0
1682192444.05499
msg_begin
7.75787e+06
-363569
-0.74416
0.00188122
0.00043992
3.23069e-05
0
0
0
1682192444.10495
msg_begin
7.75787e+06
-363569
-0.743718
0.00373227
0.0069747
0.000448549
0
0
0
1682192444.15575
msg_begin
7.75787e+06
-363569
-0.741158
0.00439135
0.000797793
0.000397199
0
0
0
1682192444.20511
msg_begin
7.75787e+06
-363570
-0.742339
2.51457e-08
1.45519e-09
1.55431e-15
0
0
0
1682192444.25517
msg_begin
7.75787e+06
-363570
-0.742926
0.00371161
0.00312644
0.000170426
0
0
0
1682192444.30520
msg_begin
7.75787e+06
-363570
-0.735736
0.000490121
8.72534e-05
0.00043192
0
0
0
1682192444.35584
msg_begin
7.75787e+06
-363571
-0.735675
0.000137845
0.00203108
2.76177e-05
0
0
0
1682192444.40525
msg_begin
7.75787e+06
-363571
-0.734849
0.00378551
0.00447064
0.000201118
0
0
0
1682192444.45526
msg_begin
7.75787e+06
-363571
-0.734606
0.0174797
0.00704875
0.000361043
0
0
0
1682192444.50520
msg_begin
7.75787e+06
-363572
-0.738918
5.4948e-08
2.73576e-09
2.88658e-15
0
0
0
1682192444.55596
msg_begin
7.75787e+06
-363572
-0.738445
0.00291042
0.00285755
0.000332539
0
0
0
1682192444.60513
msg_begin
7.75787e+06
-363572
-0.739073
0.00116504
0.00116576
0.000100608
0
0
0
1682192444.65510
msg_begin
7.75787e+06
-363572
-0.739077
0.00131333
0.00146755
0.000166641
0
0
0
1682192444.70504
msg_begin
7.75787e+06
-363573
-0.738514
0.000904293
0.00302802
0.000166334
0
0
0
1682192444.75506
msg_begin
7.75787e+06
-363573
-0.7395
0.00212722
0.00128285
0.000113971
0
0
0
1682192444.80505
msg_begin
7.75787e+06
-363573
-0.739589
0.000316068
0.00511812
0.000334127
0
0
0
1682192444.85504
msg_begin
7.75788e+06
-363574
-0.73823
0.0343214
0.023182
0.000420924
0
0
0
1682192444.90506
msg_begin
7.75788e+06
-363574
-0.735225
0.00426294
0.00149511
0.000398386
0
0
0
1682192444.95503
msg_begin
7.75788e+06
-363574
-0.738327
0.00274158
0.00214519
0.000148298
0
0
0
1682192445.00508
msg_begin
7.75788e+06
-363575
-0.738478
0.00713277
0.000628408
8.23209e-05
0
0
0
1682192445.05505
msg_begin
7.75788e+06
-363575
-0.739284
0.00206569
0.00396502
0.000307141
0
0
0
1682192445.10502
msg_begin
7.75788e+06
-363575
-0.738463
0.00850704
0.0104034
0.00100316
0
0
0
1682192445.15502
msg_begin
7.75788e+06
-363576
-0.7359
0.00156822
0.00166612
9.7512e-05
0
0
0
1682192445.20496
msg_begin
7.75788e+06
-363576
-0.735675
0.00474129
0.00532244
0.000633829
0
0
0
1682192445.25501
msg_begin
7.75788e+06
-363576
-0.733472
0.00718737
0.00428266
0.000299596
0
0
0
1682192445.30508
msg_begin
7.75788e+06
-363577
-0.737832
0.00164296
0.000943334
0.000147197
0
0
0
1682192445.35518
msg_begin
7.75788e+06
-363577
-0.73409
4.52516e-05
0.000453574
4.40096e-05
0
0
0
1682192445.40507
msg_begin
7.75788e+06
-363577
-0.734327
0.00808987
0.0111911
0.000764309
0
0
0
1682192445.45515
msg_begin
7.75788e+06
-363578
-0.731736
0.0030698
0.00887252
0.000292843
0
0
0
1682192445.50518
msg_begin
7.75788e+06
-363578
-0.730851
1.86265e-08
4.07454e-10
1.22125e-15
0
0
0
1682192445.55520
msg_begin
7.75788e+06
-363578
-0.733213
0.00834664
0.00594093
0.000301335
0
0
0
1682192445.60520
msg_begin
7.75788e+06
-363579
-0.731468
0.000207985
0.00102544
6.37061e-06
0
0
0
1682192445.65527
msg_begin
7.75788e+06
-363579
-0.730729
0.0100884
0.00838609
0.000500534
0
0
0
1682192445.70520
msg_begin
7.75788e+06
-363579
-0.729901
0.00553308
0.00255573
0.000303136
0
0
0
1682192445.75569
msg_begin
7.75788e+06
-363580
-0.727733
0.00572748
0.0145949
0.00109928
0
0
0
1682192445.80519
msg_begin
7.75788e+06
-363580
-0.728452
0.00532143
0.0013645
0.00011587
0
0
0
1682192445.85525
msg_begin
7.75788e+06
-363580
-0.726623
0.00219426
0.00709336
0.000831086
0
0
0
1682192445.90525
msg_begin
7.75788e+06
-363580
-0.727065
0.0030524
0.00488511
0.000214737
0
0
0
1682192445.95568
msg_begin
7.75788e+06
-363581
-0.726776
0.0367712
0.0376771
0.000834853
0
0
0
1682192446.00531
msg_begin
7.75788e+06
-363581
-0.727135
0.00958749
0.0122551
0.000857855
0
0
0
1682192446.05533
msg_begin
7.75788e+06
-363581
-0.72511
0.00621518
0.0147155
0.000354198
0
0
0
1682192446.10528
msg_begin
7.75788e+06
-363582
-0.726542
0.0164462
0.00673923
0.000287938
0
0
0
1682192446.15577
msg_begin
7.75788e+06
-363582
-0.729106
0.00269474
0.00281831
0.000217343
0
0
0
1682192446.20524
msg_begin
7.75789e+06
-363582
-0.726303
0.0118573
0.0174886
0.00150684
0
0
0
1682192446.25527
msg_begin
7.75789e+06
-363583
-0.722775
0.0174809
0.00329402
0.000882313
0
0
0
1682192446.30525
msg_begin
7.75789e+06
-363583
-0.722497
0.0156598
0.00488643
0.000593695
0
0
0
1682192446.35584
msg_begin
7.75789e+06
-363583
-0.722296
0.00205878
0.0107172
0.000219608
0
0
0
1682192446.40508
msg_begin
7.75789e+06
-363584
-0.722846
0.000575208
0.000125994
2.46733e-05
0
0
0
1682192446.45504
msg_begin
7.75789e+06
-363584
-0.72372
0.002515
0.00924302
0.000392816
0
0
0
1682192446.50502
msg_begin
7.75789e+06
-363584
-0.725629
0.00131223
0.00209979
4.32411e-05
0
0
0
1682192446.55547
msg_begin
7.75789e+06
-363585
-0.724461
0.00100709
0.000268148
3.97911e-05
0
0
0
1682192446.60501
msg_begin
7.75789e+06
-363585
-0.725917
0.00504406
0.00251826
0.000515683
0
0
0
1682192446.65505
msg_begin
7.75789e+06
-363585
-0.726627
0.00169626
0.00118384
0.000167941
0
0
0
1682192446.70498
msg_begin
7.75789e+06
-363586
-0.727081
0.00139915
0.00178752
0.000124297
0
0
0
1682192446.75499
msg_begin
7.75789e+06
-363586
-0.726945
0.00923862
0.00816439
0.000785795
0
0
0
1682192446.80503
msg_begin
7.75789e+06
-363587
-0.729524
0.00104243
0.000760204
8.74052e-05
0
0
0
1682192446.90507
msg_begin
7.75789e+06
-363587
-0.728196
0.00134089
0.00267805
0.00015972
0
0
0
1682192446.95501
msg_begin
7.75789e+06
-363587
-0.730697
0.00816699
0.00463344
0.000488209
0
0
0
1682192447.00506
msg_begin
7.75789e+06
-363588
-0.729029
3.63216e-08
2.2701e-09
6.66134e-16
0
0
0
1682192447.05502
msg_begin
7.75789e+06
-363588
-0.730338
0.0038716
0.00829502
0.000178632
0
0
0
1682192447.10503
msg_begin
7.75789e+06
-363588
-0.729828
0.00258022
0.00145808
8.47926e-05
0
0
0
1682192447.15514
msg_begin
7.75789e+06
-363589
-0.731768
0.0051579
0.00315711
0.000471717
0
0
0
1682192447.20518
msg_begin
7.75789e+06
-363589
-0.734851
0.00366664
0.00184647
0.000550572
0
0
0
1682192447.25517
msg_begin
7.75789e+06
-363589
-0.733875
0.00406333
0.00434085
0.000220089
0
0
0
1682192447.30524
msg_begin
7.75789e+06
-363589
-0.735445
0.000324385
0.000620476
1.67444e-05
0
0
0
1682192447.35530
msg_begin
7.75789e+06
-363590
-0.734511
0.00208634
0.00187996
0.000152468
0
0
0
1682192447.40537
msg_begin
7.75789e+06
-363590
-0.73563
0.00216965
0.00256454
0.000250727
0
0
0
1682192447.45536
msg_begin
7.75789e+06
-363590
-0.73578
0.00474636
0.00537835
0.000310916
0
0
0
1682192447.50547
msg_begin
7.75789e+06
-363591
-0.739884
0.000652486
0.00059495
0.000127227
0
0
0
1682192447.55554
msg_begin
7.7579e+06
-363591
-0.737692
0.00163418
0.000634617
0.000193162
0
0
0
1682192447.60556
msg_begin
7.7579e+06
-363591
-0.739649
0.00669868
0.00869522
0.000575707
0
0
0
1682192447.65562
msg_begin
7.7579e+06
-363592
-0.739303
0.0122475
0.00520071
0.000807261
0
0
0
1682192447.70564
msg_begin
7.7579e+06
-363592
-0.740723
0.00124614
0.00143787
0.000120369
0
0
0
1682192447.75597
msg_begin
7.7579e+06
-363592
-0.738485
0.00840182
0.00905933
0.000262463
0
0
0
1682192447.80565
msg_begin
7.7579e+06
-363593
-0.739267
0.00428991
0.00340569
0.000827293
0
0
0
1682192447.85555
msg_begin
7.7579e+06
-363593
-0.738486
0.0091625
0.00252998
0.000185922
0
0
0
1682192447.90546
msg_begin
7.7579e+06
-363593
-0.736664
0.00953065
0.00767272
0.000441157
0
0
0
1682192447.95636
msg_begin
7.7579e+06
-363594
-0.737759
8.3819e-09
1.80444e-09
4.10783e-15
0
0
0
1682192448.05514
msg_begin
7.7579e+06
-363594
-0.737563
0.00104455
0.00245363
0.000309479
0
0
0
1682192448.10504
msg_begin
7.7579e+06
-363595
-0.734917
0.00195031
0.00207705
2.56896e-05
0
0
0
1682192448.15587
msg_begin
7.7579e+06
-363595
-0.736199
0.000220904
0.000708112
4.20741e-05
0
0
0
1682192448.20488
msg_begin
7.7579e+06
-363595
-0.736494
0.00855275
0.00346082
0.000597997
0
0
0
1682192448.25472
msg_begin
7.7579e+06
-363596
-0.737103
0.0024672
0.00683715
0.000454912
0
0
0
1682192448.30469
msg_begin
7.7579e+06
-363596
-0.734939
0.00015165
0.000432385
5.3791e-05
0
0
0
1682192448.35541
msg_begin
7.7579e+06
-363596
-0.736021
0.00235998
0.010723
0.000711993
0
0
0
1682192448.40458
msg_begin
7.7579e+06
-363597
-0.734072
0.00589196
0.00487414
0.000349668
0
0
0
1682192448.45454
msg_begin
7.7579e+06
-363597
-0.735594
0.00326054
0.00567266
0.000336813
0
0
0
1682192448.50450
msg_begin
7.7579e+06
-363597
-0.737056
0.000184355
0.000215796
6.35516e-05
0
0
0
1682192448.55563
msg_begin
7.7579e+06
-363598
-0.73431
8.3819e-09
5.23869e-10
1.11022e-15
0
0
0
1682192448.60447
msg_begin
7.7579e+06
-363598
-0.733228
0.00788839
0.0106021
0.00060983
0
0
0
1682192448.65466
msg_begin
7.7579e+06
-363598
-0.731842
2.8871e-08
2.61934e-09
2.55351e-15
0
0
0
1682192448.70455
msg_begin
7.7579e+06
-363599
-0.733801
0.00153094
0.00152839
0.000236148
0
0
0
1682192448.75460
msg_begin
7.7579e+06
-363599
-0.731829
2.23517e-08
5.82077e-10
4.10783e-15
0
0
0
1682192448.80462
msg_begin
7.7579e+06
-363599
-0.731428
0.00488399
0.00520872
0.000171987
0
0
0
1682192448.85467
msg_begin
7.75791e+06
-363600
-0.732661
0.00246136
0.00153558
0.000375547
0
0
0
1682192448.90473
msg_begin
7.75791e+06
-363600
-0.734708
0.000715672
0.000824954
8.35102e-05
0
0
0
1682192448.95477
msg_begin
7.75791e+06
-363600
-0.731647
8.6613e-08
5.82077e-11
2.33147e-15
0
0
0
1682192449.00489
msg_begin
7.75791e+06
-363601
-0.730895
0.0120367
0.00400615
0.000287093
0
0
0
1682192449.05496
msg_begin
7.75791e+06
-363601
-0.732543
0.0184538
0.0256803
0.00122522
0
0
0
1682192449.10502
msg_begin
7.75791e+06
-363601
-0.734833
0.0100467
0.00586161
0.000220726
0
0
0
1682192449.15509
msg_begin
7.75791e+06
-363602
-0.736517
0.000656816
0.00129364
6.78614e-05
0
0
0
1682192449.20514
msg_begin
7.75791e+06
-363602
-0.733523
0.000775989
0.000820596
0.000196807
0
0
0
1682192449.25526
msg_begin
7.75791e+06
-363603
-0.736068
0.0098783
0.00473798
0.00026557
0
0
0
1682192449.30532
msg_begin
7.75791e+06
-363603
-0.733996
9.52128e-05
0.000226074
0.00149186
0
0
0
1682192449.35530
msg_begin
7.75791e+06
-363603
-0.737776
4.47662e-05
0.00109146
0.000184368
0
0
0
1682192449.40530
msg_begin
7.75791e+06
-363604
-0.735809
0.00787562
0.0100934
0.000630112
0
0
0
1682192449.45526
msg_begin
7.75791e+06
-363604
-0.733431
0.00170364
0.000760634
0.000222916
0
0
0
1682192449.50529
msg_begin
7.75791e+06
-363604
-0.732025
8.75443e-08
2.67755e-09
2.22045e-16
0
0
0
1682192449.55528
msg_begin
7.75791e+06
-363605
-0.735322
0.0043037
0.00864042
0.000216804
0
0
0
1682192449.60526
msg_begin
7.75791e+06
-363605
-0.734229
0.00151308
0.00351841
0.000207473
0
0
0
1682192449.65522
msg_begin
7.75791e+06
-363605
-0.736221
0.00461848
0.00137951
0.000101466
0
0
0
1682192449.70518
msg_begin
7.75791e+06
-363606
-0.736837
0.021705
0.0173822
0.000992989
0
0
0
1682192449.75629
msg_begin
7.75791e+06
-363606
-0.735477
0.00506141
0.00573521
0.00026374
0
0
0
1682192449.80515
msg_begin
7.75791e+06
-363606
-0.738355
0.000312229
0.0011241
7.12285e-05
0
0
0
1682192449.85515
msg_begin
7.75791e+06
-363607
-0.737436
0.0163018
0.0149091
0.00064622
0
0
0
1682192449.90512
msg_begin
7.75791e+06
-363607
-0.73464
0.00345362
0.00343044
0.000137975
0
0
0
1682192449.95618
msg_begin
7.75791e+06
-363607
-0.735925
0.0120137
0.00820529
0.000902832
0
0
0
1682192450.00529
msg_begin
7.75791e+06
-363608
-0.736619
0.00216016
0.0059955
0.000382907
0
0
0
1682192450.05525
msg_begin
7.75791e+06
-363608
-0.737485
0.0130078
0.0156396
0.000664649
0
0
0
1682192450.10525
msg_begin
7.75791e+06
-363608
-0.738193
0.00678905
0.00398665
0.000334174
0
0
0
1682192450.15625
msg_begin
7.75792e+06
-363609
-0.738344
0.00541729
0.00299254
0.000151857
0
0
0
1682192450.20529
msg_begin
7.75792e+06
-363609
-0.736916
3.44589e-08
2.73576e-09
2.77556e-15
0
0
0
1682192450.25523
msg_begin
7.75792e+06
-363609
-0.738395
8.75443e-08
2.85218e-09
1.66533e-15
0
0
0
1682192450.30516
msg_begin
7.75792e+06
-363610
-0.740515
0.000573523
0.00121756
0.000233983
0
0
0
1682192450.35612
msg_begin
7.75792e+06
-363610
-0.740164
0.000683756
0.000677041
2.17593e-05
0
0
0
1682192450.40524
msg_begin
7.75792e+06
-363610
-0.74212
0.00579956
0.00509772
0.000250725
0
0
0
1682192450.45521
msg_begin
7.75792e+06
-363611
-0.740057
0.00198054
0.00163697
8.02155e-05
0
0
0
1682192450.50530
msg_begin
7.75792e+06
-363611
-0.738321
0.00110643
0.000795073
8.90297e-05
0
0
0
1682192450.55628
msg_begin
7.75792e+06
-363611
-0.740465
0.00146253
0.00700101
0.00056206
0
0
0
1682192450.60542
msg_begin
7.75792e+06
-363611
-0.739833
0.000272893
0.00196747
0.000365221
0
0
0
1682192450.65553
msg_begin
7.75792e+06
-363612
-0.739593
0.00404367
0.00482993
0.000281208
0
0
0
1682192450.70555
msg_begin
7.75792e+06
-363612
-0.739908
1.67638e-08
4.65661e-10
1.9984e-15
0
0
0
1682192450.75563
msg_begin
7.75792e+06
-363613
-0.738105
0.0243343
0.0118304
0.000416011
0
0
0
1682192450.80571
msg_begin
7.75792e+06
-363613
-0.739817
0.0131059
0.00830616
0.000171716
0
0
0
1682192450.85571
msg_begin
7.75792e+06
-363613
-0.739217
0.00259886
0.0027739
0.000294553
0
0
0
1682192450.90577
msg_begin
7.75792e+06
-363613
-0.73823
0.0055907
0.00345318
0.000160102
0
0
0
1682192450.95580
msg_begin
7.75792e+06
-363614
-0.738051
0.0021444
0.00464761
0.000154584
0
0
0
1682192451.00586
msg_begin
7.75792e+06
-363614
-0.740127
0.0145804
0.0142194
0.000344371
0
0
0
1682192451.05572
msg_begin
7.75792e+06
-363614
-0.739448
0.00242621
0.00288716
0.000438201
0
0
0
1682192451.10571
msg_begin
7.75792e+06
-363615
-0.740459
0.0132338
0.0123339
0.000746455
0
0
0
1682192451.15563
msg_begin
7.75792e+06
-363615
-0.738756
0.0226701
0.0175718
0.0013442
0
0
0
1682192451.20562
msg_begin
7.75792e+06
-363615
-0.739724
0.0161445
0.0134534
0.000600514
0
0
0
1682192451.25558
msg_begin
7.75792e+06
-363616
-0.737681
6.23986e-08
1.39698e-09
9.99201e-16
0
0
0
1682192451.30550
msg_begin
7.75792e+06
-363616
-0.738445
5.7742e-08
1.62981e-09
2.55351e-15
0
0
0
1682192451.35535
msg_begin
7.75792e+06
-363616
-0.739544
0.0136532
0.0154967
0.00165477
0
0
0
1682192451.40526
msg_begin
7.75792e+06
-363617
-0.741042
0.00295006
0.00366471
0.000290531
0
0
0
1682192451.45513
msg_begin
7.75792e+06
-363617
-0.737003
0.014301
0.0177906
0.00214143
0
0
0
1682192451.50507
msg_begin
7.75793e+06
-363617
-0.733592
0.0151297
0.01528
0.000787518
0
0
0
1682192451.55499
msg_begin
7.75793e+06
-363618
-0.734634
0.0204456
0.00689115
0.000555873
0
0
0
1682192451.60494
msg_begin
7.75793e+06
-363618
-0.73426
8.9407e-08
1.16415e-10
4.44089e-15
0
0
0
1682192451.65487
msg_begin
7.75793e+06
-363618
-0.733654
5.24742e-05
0.000395402
9.11752e-05
0
0
0
1682192451.70478
msg_begin
7.75793e+06
-363619
-0.733212
0.0158465
0.0114656
0.000866725
0
0
0
1682192451.75475
msg_begin
7.75793e+06
-363619
-0.735784
0.00900753
0.00514415
0.000513075
0
0
0
1682192451.80464
msg_begin
7.75793e+06
-363619
-0.732929
0.00897848
0.00590602
0.000550936
0
0
0
1682192451.85464
msg_begin
7.75793e+06
-363620
-0.731099
5.61373e-05
0.00433098
0.000430065
0
0
0
1682192451.90464
msg_begin
7.75793e+06
-363620
-0.729058
0.00283572
0.00209075
0.000168139
0
0
0
1682192451.95456
msg_begin
7.75793e+06
-363620
-0.729239
0.00284426
0.00218204
0.000802877
0
0
0
1682192452.00455
msg_begin
7.75793e+06
-363620
-0.730115
0.00207014
0.00141782
0.000272347
0
0
0
1682192452.05455
msg_begin
7.75793e+06
-363621
-0.729398
0.013813
0.00382898
0.000146993
0
0
0
1682192452.10480
msg_begin
7.75793e+06
-363621
-0.728964
0.0206636
0.0138182
0.00103861
0
0
0
1682192452.15464
msg_begin
7.75793e+06
-363621
-0.731169
5.4948e-08
1.5134e-09
5.55112e-16
0
0
0
1682192452.20467
msg_begin
7.75793e+06
-363622
-0.730035
1.86265e-09
1.16415e-09
3.10862e-15
0
0
0
1682192452.25470
msg_begin
7.75793e+06
-363622
-0.729965
0.0066808
0.00321385
0.000133789
0
0
0
1682192452.30474
msg_begin
7.75793e+06
-363622
-0.729478
0.0459291
0.0304444
0.000257268
0
0
0
1682192452.35471
msg_begin
7.75793e+06
-363622
-0.729775
0.00106159
0.00059448
5.91524e-05
0
0
0
1682192452.40473
msg_begin
7.75793e+06
-363623
-0.729705
0.0152884
0.00468237
0.000431333
0
0
0
1682192452.45479
msg_begin
7.75793e+06
-363623
-0.730701
0.0327575
0.0298887
0.0010599
0
0
0
1682192452.50473
msg_begin
7.75793e+06
-363623
-0.729921
0.000429709
0.00237217
1.09916e-05
0
0
0
1682192452.55476
msg_begin
7.75793e+06
-363624
-0.729954
8.75443e-08
3.7835e-09
4.32987e-15
0
0
0
1682192452.60475
msg_begin
7.75793e+06
-363624
-0.729934
0.00615166
0.00647032
0.000148774
0
0
0
1682192452.65476
msg_begin
7.75793e+06
-363624
-0.730092
0.0222855
0.0122228
0.000174825
0
0
0
1682192452.70475
msg_begin
7.75793e+06
-363625
-0.729017
0.00565246
0.00427982
0.00051612
0
0
0
1682192452.75471
msg_begin
7.75793e+06
-363625
-0.729793
0.00790239
0.00697587
0.000497782
0
0
0
1682192452.80468
msg_begin
7.75793e+06
-363625
-0.729622
0.0168336
0.0119745
1.89131e-05
0
0
0
1682192452.85475
msg_begin
7.75793e+06
-363625
-0.730081
0.00670143
0.00411004
0.000219747
0
0
0
1682192452.90472
msg_begin
7.75793e+06
-363626
-0.729026
0.00139905
7.88684e-05
3.10605e-05
0
0
0
1682192452.95477
msg_begin
7.75793e+06
-363626
-0.728235
0.0104058
0.00668336
0.00110667
0
0
0
1682192453.00476
msg_begin
7.75794e+06
-363626
-0.730172
5.68107e-08
3.14321e-09
3.77476e-15
0
0
0
1682192453.05483
msg_begin
7.75794e+06
-363627
-0.730038
0.00259944
0.00484868
0.000320931
0
0
0
1682192453.10486
msg_begin
7.75794e+06
-363627
-0.72983
0.00366837
0.00285374
0.000111087
0
0
0
1682192453.15486
msg_begin
7.75794e+06
-363627
-0.729164
0.00183717
0.000900049
4.35825e-05
0
0
0
1682192453.20486
msg_begin
7.75794e+06
-363627
-0.7286
0.00384146
0.00446614
9.32624e-05
0
0
0
1682192453.25495
msg_begin
7.75794e+06
-363628
-0.727978
0.0080118
0.00100465
0.00058686
0
0
0
1682192453.30500
msg_begin
7.75794e+06
-363628
-0.729359
0.00625763
0.0196199
0.000409527
0
0
0
1682192453.35510
msg_begin
7.75794e+06
-363628
-0.730101
0.00245709
0.00606118
0.000303164
0
0
0
1682192453.40514
msg_begin
7.75794e+06
-363629
-0.729651
0.00470171
0.00116818
8.60572e-05
0
0
0
1682192453.45521
msg_begin
7.75794e+06
-363629
-0.729939
0.00587336
0.00500924
0.000542148
0
0
0
1682192453.50527
msg_begin
7.75794e+06
-363629
-0.732644
0.00214076
0.0135676
0.000788042
0
0
0
1682192453.55539
msg_begin
7.75794e+06
-363629
-0.734027
0.0212981
0.013342
0.00168499
0
0
0
1682192453.60544
msg_begin
7.75794e+06
-363630
-0.73584
0.0156367
0.00967488
0.000965809
0
0
0
1682192453.65549
msg_begin
7.75794e+06
-363630
-0.736439
0.00439009
0.00160714
0.000322207
0
0
0
1682192453.70551
msg_begin
7.75794e+06
-363630
-0.736788
0.0153111
0.0125699
0.000936496
0
0
0
1682192453.75645
msg_begin
7.75794e+06
-363631
-0.736296
0.0376227
0.0389989
0.0013675
0
0
0
1682192453.80556
msg_begin
7.75794e+06
-363631
-0.735772
0.0006718
0.000850754
7.77998e-05
0
0
0
1682192453.85548
msg_begin
7.75794e+06
-363631
-0.736519
0.00189176
0.00216433
0.000134394
0
0
0
1682192453.90552
msg_begin
7.75794e+06
-363631
-0.737635
0.00229984
0.000368499
0.000155373
0
0
0
1682192453.95619
msg_begin
7.75794e+06
-363632
-0.738312
0.00518277
0.00421695
0.000285113
0
0
0
1682192454.00542
msg_begin
7.75794e+06
-363632
-0.74196
0.0042439
0.00403551
0.000203219
0
0
0
1682192454.05534
msg_begin
7.75794e+06
-363632
-0.741996
3.07336e-08
3.37604e-09
1.55431e-15
0
0
0
1682192454.10530
msg_begin
7.75794e+06
-363632
-0.741903
0.0169843
0.0151199
0.000878243
0
0
0
1682192454.15595
msg_begin
7.75794e+06
-363633
-0.743213
0.0108734
0.00601873
0.000482353
0
0
0
1682192454.20531
msg_begin
7.75794e+06
-363633
-0.741168
0.000824453
0.00222807
0.000152276
0
0
0
1682192454.25530
msg_begin
7.75794e+06
-363633
-0.743261
0.00648084
0.00229508
0.000357631
0
0
0
1682192454.30531
msg_begin
7.75794e+06
-363634
-0.743692
0.00539924
0.00544993
0.000452678
0
0
0
1682192454.35640
msg_begin
7.75794e+06
-363634
-0.744273
0.00275192
0.00435692
0.000316458
0
0
0
1682192454.40543
msg_begin
7.75794e+06
-363634
-0.745886
0.00518049
0.00883331
0.000460343
0
0
0
1682192454.45548
msg_begin
7.75794e+06
-363634
-0.746647
0.0107258
0.00833085
0.000782285
0
0
0
1682192454.50564
msg_begin
7.75794e+06
-363635
-0.748027
0.00682694
0.00781712
0.000336257
0
0
0
1682192454.55662
msg_begin
7.75795e+06
-363635
-0.747955
0.00857195
0.00472957
0.000321847
0
0
0
1682192454.60563
msg_begin
7.75795e+06
-363635
-0.748751
0.00256628
0.00407427
0.000564039
0
0
0
1682192454.65565
msg_begin
7.75795e+06
-363636
-0.748992
0.00370158
0.00128753
0.000592597
0
0
0
1682192454.70576
msg_begin
7.75795e+06
-363636
-0.750876
0.00578718
0.00632086
0.00054906
0
0
0
1682192454.75564
msg_begin
7.75795e+06
-363636
-0.752557
0.00156855
0.00201562
0.000189108
0
0
0
1682192454.80564
msg_begin
7.75795e+06
-363636
-0.753493
0.00632166
0.0112006
0.00057089
0
0
0
1682192454.85564
msg_begin
7.75795e+06
-363637
-0.754551
0.0366607
0.0122086
0.00118582
0
0
0
1682192454.90564
msg_begin
7.75795e+06
-363637
-0.755997
0.00538489
0.003262
0.000300803
0
0
0
1682192454.95557
msg_begin
7.75795e+06
-363637
-0.759698
0.00046178
0.00128293
8.06774e-05
0
0
0
1682192455.00554
msg_begin
7.75795e+06
-363637
-0.762309
0.00222556
0.00707545
0.000281118
0
0
0
1682192455.05553
msg_begin
7.75795e+06
-363638
-0.765457
0.00634775
0.00459487
0.000690016
0
0
0
1682192455.10547
msg_begin
7.75795e+06
-363638
-0.765566
4.56348e-08
6.40284e-10
2.88658e-15
0
0
0
1682192455.15549
msg_begin
7.75795e+06
-363638
-0.7661
0.0118313
0.00269979
0.000663217
0
0
0
1682192455.20551
msg_begin
7.75795e+06
-363639
-0.765562
0.00671274
0.0013096
0.000270555
0
0
0
1682192455.25556
msg_begin
7.75795e+06
-363639
-0.769216
0.0274705
0.0202243
0.00174228
0
0
0
1682192455.30551
msg_begin
7.75795e+06
-363639
-0.76988
0.00112895
0.000504665
5.8892e-05
0
0
0
1682192455.35551
msg_begin
7.75795e+06
-363639
-0.774305
4.37722e-08
5.82077e-11
5.32907e-15
0
0
0
1682192455.40562
msg_begin
7.75795e+06
-363640
-0.778022
0.0325368
0.0273522
0.00066135
0
0
0
1682192455.45561
msg_begin
7.75795e+06
-363640
-0.780818
0.00958107
0.00346078
0.00101948
0
0
0
1682192455.50568
msg_begin
7.75795e+06
-363640
-0.780286
0.00158938
0.00101273
0.000111228
0
0
0
1682192455.55576
msg_begin
7.75795e+06
-363641
-0.787028
6.51926e-09
3.72529e-09
2.22045e-16
0
0
0
1682192455.60581
msg_begin
7.75795e+06
-363641
-0.790754
0.000850918
0.000111947
2.98254e-05
0
0
0
1682192455.65587
msg_begin
7.75795e+06
-363641
-0.796812
9.31323e-10
4.65661e-10
4.77396e-15
0
0
0
1682192455.70591
msg_begin
7.75795e+06
-363641
-0.795964
2.32831e-08
1.57161e-09
5.55112e-16
0
0
0
1682192455.75586
msg_begin
7.75795e+06
-363642
-0.802955
0.000545493
0.0017647
9.17983e-05
0
0
0
1682192455.80591
msg_begin
7.75795e+06
-363642
-0.810621
0.00553976
0.00493015
0.000466571
0
0
0
1682192455.85592
msg_begin
7.75795e+06
-363642
-0.812271
0.0218582
0.0239692
0.000997811
0
0
0
1682192455.90587
msg_begin
7.75795e+06
-363643
-0.811961
0.00220469
0.00121055
0.000313415
0
0
0
1682192455.95577
msg_begin
7.75795e+06
-363643
-0.821992
0.000597051
0.00126746
5.32008e-05
0
0
0
1682192456.00575
msg_begin
7.75795e+06
-363643
-0.829368
0.0117975
0.0104916
0.00117449
0
0
0
1682192456.05573
msg_begin
7.75795e+06
-363643
-0.834704
0.00521147
0.00970714
0.000928378
0
0
0
1682192456.10569
msg_begin
7.75795e+06
-363644
-0.842791
0.00541801
0.00437827
0.000867489
0
0
0
1682192456.15558
msg_begin
7.75795e+06
-363644
-0.847844
0.00950744
0.00752767
0.000820656
0
0
0
1682192456.20553
msg_begin
7.75795e+06
-363644
-0.857091
0.00828925
0.0206079
0.00246372
0
0
0
1682192456.25549
msg_begin
7.75795e+06
-363644
-0.868605
0.0103202
0.00519054
0.000657944
0
0
0
1682192456.30548
msg_begin
7.75796e+06
-363645
-0.874644
0.00546125
0.00543532
0.000659591
0
0
0
1682192456.35550
msg_begin
7.75796e+06
-363645
-0.881709
0.00993479
0.00810406
0.000224321
0
0
0
1682192456.40546
msg_begin
7.75796e+06
-363645
-0.886926
0.00527397
0.00698224
0.000250839
0
0
0
1682192456.45544
msg_begin
7.75796e+06
-363646
-0.893687
0.00304008
0.00335448
0.000430485
0
0
0
1682192456.50548
msg_begin
7.75796e+06
-363646
-0.905546
0.00912996
0.00408159
0.00163076
0
0
0
1682192456.55564
msg_begin
7.75796e+06
-363646
-0.91136
0.00690729
0.00362267
0.00060204
0
0
0
1682192456.60561
msg_begin
7.75796e+06
-363647
-0.9195
0.00195985
0.00408205
0.000236963
0
0
0
1682192456.65565
msg_begin
7.75796e+06
-363647
-0.92983
0.00855991
0.0112599
0.00116079
0
0
0
1682192456.70574
msg_begin
7.75796e+06
-363647
-0.941872
0.00371773
0.0170495
0.000674708
0
0
0
1682192456.75575
msg_begin
7.75796e+06
-363647
-0.948305
0.00102435
0.00196837
0.000276556
0
0
0
1682192456.80570
msg_begin
7.75796e+06
-363648
-0.95739
0.0122011
0.0167979
0.000252457
0
0
0
1682192456.85571
msg_begin
7.75796e+06
-363648
-0.967709
0.0179411
0.013973
0.00112492
0
0
0
1682192456.90565
msg_begin
7.75796e+06
-363648
-0.976953
0.00925041
0.0179681
0.000699421
0
0
0
1682192456.95570
msg_begin
7.75796e+06
-363649
-0.985844
0.0213823
0.013029
0.000456634
0
0
0
1682192457.00574
msg_begin
7.75796e+06
-363649
-0.995873
0.00888926
0.00523216
0.00110189
0
0
0
1682192457.05577
msg_begin
7.75796e+06
-363649
-1.01248
8.19564e-08
3.72529e-09
1.33227e-15
0
0
0
1682192457.10586
msg_begin
7.75796e+06
-363650
-1.02121
0.0298195
0.0184509
0.00184778
0
0
0
1682192457.15589
msg_begin
7.75796e+06
-363650
-1.02546
0.000323353
0.000562551
8.25715e-05
0
0
0
1682192457.20594
msg_begin
7.75796e+06
-363650
-1.03827
0.000206315
0.0039854
0.000137268
0
0
0
1682192457.25597
msg_begin
7.75796e+06
-363651
-1.04689
0.00566066
0.00292648
0.000457544
0
0
0
1682192457.30602
msg_begin
7.75796e+06
-363651
-1.05579
0.000741387
0.0112469
9.68097e-05
0
0
0
1682192457.35598
msg_begin
7.75796e+06
-363651
-1.07023
0.0019994
0.00236995
0.000165837
0
0
0
1682192457.40611
msg_begin
7.75796e+06
-363652
-1.07946
0.000539495
0.00092415
0.000145831
0
0
0
1682192457.45606
msg_begin
7.75796e+06
-363652
-1.09142
4.65661e-09
1.74623e-10
4.44089e-16
0
0
0
1682192457.50605
msg_begin
7.75796e+06
-363652
-1.09957
0.00374635
0.00976669
0.000589083
0
0
0
1682192457.55610
msg_begin
7.75796e+06
-363653
-1.11072
0.0061539
0.00540715
0.000481382
0
0
0
1682192457.60602
msg_begin
7.75796e+06
-363653
-1.12273
0.00120678
0.00472928
0.000544656
0
0
0
1682192457.65601
msg_begin
7.75796e+06
-363653
-1.13092
0.000338869
0.00356232
0.00020227
0
0
0
1682192457.70599
msg_begin
7.75796e+06
-363654
-1.14213
0.00332724
0.00298577
0.000195012
0
0
0
1682192457.75603
msg_begin
7.75796e+06
-363654
-1.15569
0.00031131
0.000346052
4.06039e-05
0
0
0
1682192457.80591
msg_begin
7.75796e+06
-363654
-1.16566
0.00987569
0.00745197
0.000455564
0
0
0
1682192457.85582
msg_begin
7.75796e+06
-363655
-1.17532
0.0104336
0.00264491
0.000587524
0
0
0
1682192457.90582
msg_begin
7.75796e+06
-363655
-1.17644
1.58325e-08
2.32831e-10
1.11022e-15
0
0
0
1682192458.01324
msg_begin
7.75796e+06
-363656
-1.1959
0.00870611
0.0244035
0.00100992
0
0
0
1682192458.05575
msg_begin
7.75796e+06
-363656
-1.22048
1.58325e-08
2.56114e-09
2.22045e-16
0
0
0
1682192458.10573
msg_begin
7.75796e+06
-363656
-1.23492
0.000967176
0.00260706
0.000245473
0
0
0
1682192458.15575
msg_begin
7.75796e+06
-363657
-1.24843
0.00165813
0.000506004
1.24397e-05
0
0
0
1682192458.20573
msg_begin
7.75796e+06
-363657
-1.25466
0.00307678
0.00250384
0.000232817
0
0
0
1682192458.25579
msg_begin
7.75796e+06
-363657
-1.26383
0.00422708
0.00349116
0.000322784
0
0
0
1682192458.30583
msg_begin
7.75796e+06
-363658
-1.27708
0.00716903
0.00371643
0.00027572
0
0
0
1682192458.35587
msg_begin
7.75796e+06
-363658
-1.28696
0.0207783
0.0286147
0.000790995
0
0
0
1682192458.40588
msg_begin
7.75796e+06
-363658
-1.30209
0.00184921
0.00829352
0.000463216
0
0
0
1682192458.45590
msg_begin
7.75796e+06
-363659
-1.31172
0.00109281
0.00358165
0.000419328
0
0
0
1682192458.50587
msg_begin
7.75796e+06
-363659
-1.32594
0.000650104
0.00145594
0.000238632
0
0
0
1682192458.55595
msg_begin
7.75796e+06
-363660
-1.33688
0.0079041
0.0236545
0.00174237
0
0
0
1682192458.60580
msg_begin
7.75796e+06
-363660
-1.34332
0.000440808
0.000253827
0.000262355
0
0
0
1682192458.65580
msg_begin
7.75796e+06
-363660
-1.35641
0.00556428
0.0144421
0.000954075
0
0
0
1682192458.70575
msg_begin
7.75796e+06
-363661
-1.37012
0.00128575
0.0228811
0.000442925
0
0
0
1682192458.75580
msg_begin
7.75796e+06
-363661
-1.38116
0.00478901
0.0130338
0.00096355
0
0
0
1682192458.80577
msg_begin
7.75796e+06
-363661
-1.39364
0.00750981
0.0241032
0.000973785
0
0
0
1682192458.85571
msg_begin
7.75796e+06
-363662
-1.40598
0.000725973
0.000687019
0.000135169
0
0
0
1682192458.90562
msg_begin
7.75796e+06
-363662
-1.41339
0.0014187
0.00525741
0.000230447
0
0
0
1682192458.95576
msg_begin
7.75796e+06
-363662
-1.425
0.00390749
0.00435158
0.000230545
0
0
0
1682192459.00566
msg_begin
7.75796e+06
-363663
-1.4408
0.00411845
0.0193713
0.000624772
0
0
0
1682192459.05562
msg_begin
7.75796e+06
-363663
-1.45145
0.00577866
0.0134357
0.000486185
0
0
0
1682192459.10558
msg_begin
7.75796e+06
-363664
-1.46209
0.0130694
0.0150853
0.000955838
0
0
0
1682192459.15566
msg_begin
7.75796e+06
-363664
-1.47584
0.00285592
0.0159268
0.00166335
0
0
0
1682192459.20566
msg_begin
7.75796e+06
-363664
-1.48708
0.0138404
0.0215148
0.00133274
0
0
0
1682192459.25577
msg_begin
7.75796e+06
-363665
-1.49789
0.00580649
0.0114118
0.000569506
0
0
0
1682192459.30575
msg_begin
7.75796e+06
-363665
-1.51443
0.00134509
0.00588643
0.00035056
0
0
0
1682192459.35582
msg_begin
7.75796e+06
-363665
-1.52333
8.79924e-05
3.50807e-05
8.20783e-05
0
0
0
1682192459.40574
msg_begin
7.75796e+06
-363666
-1.52916
1.11759e-08
1.28057e-09
2.22045e-16
0
0
0
1682192459.45571
msg_begin
7.75796e+06
-363666
-1.54404
0.000777257
0.00278507
0.000131549
0
0
0
1682192459.50566
msg_begin
7.75796e+06
-363666
-1.55961
0.00505011
0.0444883
0.00116198
0
0
0
1682192459.55561
msg_begin
7.75796e+06
-363667
-1.56648
0.0101698
0.0254082
0.000712715
0
0
0
1682192459.60564
msg_begin
7.75796e+06
-363667
-1.57662
0.00305238
0.00711007
0.000203612
0
0
0
1682192459.65557
msg_begin
7.75796e+06
-363668
-1.59177
0.000609708
0.00105399
0.000142706
0
0
0
1682192459.70555
msg_begin
7.75796e+06
-363668
-1.60346
0.000447213
0.000497089
0.000111284
0
0
0
1682192459.75556
msg_begin
7.75796e+06
-363668
-1.6133
0.00149313
0.00870191
0.000183744
0
0
0
1682192459.80543
msg_begin
7.75796e+06
-363669
-1.62647
9.31323e-10
6.40284e-10
0
0
0
0
1682192459.85542
msg_begin
7.75796e+06
-363669
-1.63804
0.00145405
0.00238941
0.000489936
0
0
0
1682192459.90545
msg_begin
7.75796e+06
-363670
-1.65391
0.00201059
0.0126888
0.000243506
0
0
0
1682192459.95547
msg_begin
7.75796e+06
-363670
-1.6698
3.0999e-05
0.00567383
2.06612e-05
0
0
0
1682192460.00541
msg_begin
7.75796e+06
-363670
-1.68208
0.00139032
0.00892041
0.000656262
0
0
0
1682192460.05540
msg_begin
7.75796e+06
-363671
-1.6955
0.000430133
0.00440376
0.000372649
0
0
0
1682192460.10546
msg_begin
7.75796e+06
-363671
-1.70934
0.00667968
0.0115625
0.000511835
0
0
0
1682192460.15537
msg_begin
7.75796e+06
-363672
-1.72094
0.0028243
0.0107018
5.98545e-05
0
0
0
1682192460.20540
msg_begin
7.75796e+06
-363672
-1.73129
0.00278478
0.011396
0.000863039
0
0
0
1682192460.25541
msg_begin
7.75796e+06
-363672
-1.7476
0.0031677
0.0120202
0.000720934
0
0
0
1682192460.30542
msg_begin
7.75796e+06
-363673
-1.75979
0.0147375
0.0217611
0.00132919
0
0
0
1682192460.35540
msg_begin
7.75796e+06
-363673
-1.7726
0.000303403
0.00282411
8.58864e-05
0
0
0
1682192460.40538
msg_begin
7.75796e+06
-363673
-1.78766
0.00176025
0.00506246
0.000742234
0
0
0
1682192460.45543
msg_begin
7.75796e+06
-363674
-1.7975
0.000388807
0.000637812
3.50157e-05
0
0
0
1682192460.50536
msg_begin
7.75796e+06
-363674
-1.81094
0.000501048
0.000208204
0.000130989
0
0
0
1682192460.55540
msg_begin
7.75796e+06
-363675
-1.82239
0.00368924
0.00543371
0.000479873
0
0
0
1682192460.60543
msg_begin
7.75796e+06
-363675
-1.84247
0.00107249
0.00956336
0.000384433
0
0
0
1682192460.65538
msg_begin
7.75796e+06
-363675
-1.85285
0.00388952
0.00618248
0.000637579
0
0
0
1682192460.70542
msg_begin
7.75796e+06
-363676
-1.86616
0.00636446
0.0105449
0.000935237
0
0
0
1682192460.75543
msg_begin
7.75796e+06
-363676
-1.87619
0.00119506
0.00339113
5.79843e-05
0
0
0
1682192460.80544
msg_begin
7.75796e+06
-363677
-1.88802
0.00068867
0.00180086
0.000302008
0
0
0
1682192460.85548
msg_begin
7.75796e+06
-363677
-1.90552
0.0107746
0.0174821
0.000893016
0
0
0
1682192460.90553
msg_begin
7.75796e+06
-363677
-1.91403
8.00937e-08
1.22236e-09
1.11022e-15
0
0
0
1682192460.95554
msg_begin
7.75796e+06
-363678
-1.92703
0.00381982
0.0100025
0.000772205
0
0
0
1682192461.00565
msg_begin
7.75796e+06
-363678
-1.94569
0.00918928
0.00322793
0.00041146
0
0
0
1682192461.05566
msg_begin
7.75796e+06
-363678
-1.9554
0.000289063
0.00108327
0.000356905
0
0
0
1682192461.10573
msg_begin
7.75796e+06
-363679
-1.97242
0.00514164
0.00163209
0.000574838
0
0
0
1682192461.15570
msg_begin
7.75796e+06
-363679
-1.98388
0.00343588
0.00324132
0.000568686
0
0
0
1682192461.20569
msg_begin
7.75796e+06
-363680
-1.99858
0.00712961
0.0285426
0.000428533
0
0
0
1682192461.25571
msg_begin
7.75796e+06
-363680
-2.00873
0.0152557
0.0373011
0.00230236
0
0
0
1682192461.30564
msg_begin
7.75796e+06
-363680
-2.02485
0.00680899
0.00712193
0.000572561
0
0
0
1682192461.35561
msg_begin
7.75796e+06
-363681
-2.03755
0.00410911
0.00326707
0.000626799
0
0
0
1682192461.40562
msg_begin
7.75796e+06
-363681
-2.04744
0.00165224
0.00984561
0.00119742
0
0
0
1682192461.45558
msg_begin
7.75796e+06
-363681
-2.06379
0.000311042
0.00123709
7.52897e-05
0
0
0
1682192461.50560
msg_begin
7.75796e+06
-363682
-2.07923
0.00427852
0.00496926
0.000737315
0
0
0
1682192461.55547
msg_begin
7.75796e+06
-363682
-2.09133
0.00276178
0.00777632
0.000180703
0
0
0
1682192461.60549
msg_begin
7.75796e+06
-363682
-2.1051
5.58794e-09
2.56114e-09
1.33227e-15
0
0
0
1682192461.65557
msg_begin
7.75796e+06
-363683
-2.12117
0.00468124
0.0133843
0.000845104
0
0
0
1682192461.70553
msg_begin
7.75796e+06
-363683
-2.13181
0.0104479
0.0197989
0.00201877
0
0
0
1682192461.75558
msg_begin
7.75796e+06
-363684
-2.14562
0.00275867
0.00561044
0.000184013
0
0
0
1682192461.80561
msg_begin
7.75796e+06
-363684
-2.1554
0.0050701
0.00896382
0.000688569
0
0
0
1682192461.85562
msg_begin
7.75796e+06
-363684
-2.17194
0.00359195
0.00741248
0.000847759
0
0
0
1682192461.90559
msg_begin
7.75796e+06
-363685
-2.18517
0.000380678
0.00219052
0.0001181
0
0
0
1682192461.95557
msg_begin
7.75796e+06
-363685
-2.19538
0.00125821
0.00281377
0.00011207
0
0
0
1682192462.00562
msg_begin
7.75796e+06
-363685
-2.2087
4.56348e-08
4.65661e-10
3.10862e-15
0
0
0
1682192462.11093
msg_begin
7.75796e+06
-363686
-2.22624
0.00406391
0.00502146
0.000233159
0
0
0
1682192462.15540
msg_begin
7.75796e+06
-363686
-2.25741
0.0194467
0.0262796
0.00113152
0
0
0
1682192462.25522
msg_begin
7.75796e+06
-363687
-2.26978
0.00931798
0.0149935
0.00153077
0
0
0
1682192462.30514
msg_begin
7.75796e+06
-363687
-2.28297
0.00502841
0.00303834
0.000456063
0
0
0
1682192462.35506
msg_begin
7.75796e+06
-363687
-2.2924
0.00209112
0.00542525
0.000273605
0
0
0
1682192462.40501
msg_begin
7.75796e+06
-363688
-2.30753
0.00240196
0.00242512
0.000447106
0
0
0
1682192462.45501
msg_begin
7.75796e+06
-363688
-2.31828
5.02914e-08
2.73576e-09
0
0
0
0
1682192462.50498
msg_begin
7.75796e+06
-363688
-2.33338
1.39698e-08
2.2701e-09
6.66134e-15
0
0
0
1682192462.55500
msg_begin
7.75796e+06
-363689
-2.3451
0.0036316
0.00531428
0.000379549
0
0
0
1682192462.60500
msg_begin
7.75796e+06
-363689
-2.3544
0.0185204
0.0279115
0.00298205
0
0
0
1682192462.65503
msg_begin
7.75796e+06
-363689
-2.36788
0.00411645
0.00507643
2.818e-05
0
0
0
1682192462.70509
msg_begin
7.75796e+06
-363690
-2.37581
0.00885661
0.00418425
0.000297376
0
0
0
1682192462.75514
msg_begin
7.75795e+06
-363690
-2.38475
0.00643368
0.00538744
0.000326248
0
0
0
1682192462.80521
msg_begin
7.75795e+06
-363690
-2.39695
3.91155e-08
1.16415e-10
4.44089e-16
0
0
0
1682192462.85527
msg_begin
7.75795e+06
-363691
-2.41022
0.00235915
0.00126457
0.000230371
0
0
0
1682192462.90527
msg_begin
7.75795e+06
-363691
-2.41373
0.0044013
0.00109702
8.82587e-05
0
0
0
1682192462.95542
msg_begin
7.75795e+06
-363691
-2.42113
0.0174683
0.0214467
0.000742318
0
0
0
1682192463.00542
msg_begin
7.75795e+06
-363691
-2.43083
0.0113244
0.0180866
0.00197915
0
0
0
1682192463.05553
msg_begin
7.75795e+06
-363692
-2.43576
0.00601269
0.00532792
0.000595468
0
0
0
1682192463.10552
msg_begin
7.75795e+06
-363692
-2.44018
0.00501565
0.00445631
0.000158198
0
0
0
1682192463.15562
msg_begin
7.75795e+06
-363692
-2.44335
0.00583132
0.00620647
0.00189186
0
0
0
1682192463.20555
msg_begin
7.75795e+06
-363692
-2.44769
0.00114792
0.00156726
0.000528068
0
0
0
1682192463.25554
msg_begin
7.75795e+06
-363693
-2.44892
0.00347199
0.00309633
0.000277136
0
0
0
1682192463.30544
msg_begin
7.75795e+06
-363693
-2.45137
0.00954955
0.00293931
0.000840099
0
0
0
1682192463.35643
msg_begin
7.75795e+06
-363693
-2.45906
0.0113163
0.0120166
0.00130939
0
0
0
1682192463.40540
msg_begin
7.75795e+06
-363694
-2.46424
0.00306856
0.0074824
0.000342326
0
0
0
1682192463.45536
msg_begin
7.75795e+06
-363694
-2.46709
0.00161557
0.00168855
0.000102728
0
0
0
1682192463.50539
msg_begin
7.75795e+06
-363694
-2.47228
0.00187966
0.000951326
8.65632e-05
0
0
0
1682192463.55631
msg_begin
7.75795e+06
-363694
-2.47527
0.00233616
0.00124962
9.38494e-05
0
0
0
1682192463.60521
msg_begin
7.75795e+06
-363695
-2.4816
0.0102907
0.0136252
0.00107515
0
0
0
1682192463.65521
msg_begin
7.75795e+06
-363695
-2.48243
0.000922503
0.00269111
0.000186092
0
0
0
1682192463.70524
msg_begin
7.75795e+06
-363695
-2.48836
0.00569609
0.00417416
0.000852254
0
0
0
1682192463.75514
msg_begin
7.75795e+06
-363695
-2.4912
0.00237692
0.00119459
0.000382497
0
0
0
1682192463.80515
msg_begin
7.75795e+06
-363696
-2.49512
0.00197482
0.00102193
0.000182133
0
0
0
1682192463.85515
msg_begin
7.75795e+06
-363696
-2.49567
2.70084e-08
1.22236e-09
8.88178e-16
0
0
0
1682192463.90512
msg_begin
7.75795e+06
-363696
-2.49453
0.00262164
0.000346032
0.00016788
0
0
0
1682192463.95515
msg_begin
7.75795e+06
-363697
-2.49608
0.00823637
0.00492303
0.000539896
0
0
0
1682192464.00515
msg_begin
7.75795e+06
-363697
-2.49983
0.00196365
0.00409116
0.000160413
0
0
0
1682192464.05520
msg_begin
7.75795e+06
-363697
-2.50101
0.0551588
0.0422975
0.00100564
0
0
0
1682192464.10525
msg_begin
7.75795e+06
-363697
-2.50257
0.00415366
0.00444691
0.00038319
0
0
0
1682192464.15525
msg_begin
7.75795e+06
-363698
-2.50375
0.0220845
0.018388
0.000408741
0
0
0
1682192464.20535
msg_begin
7.75795e+06
-363698
-2.50382
0.00265865
0.00204601
0.000181057
0
0
0
1682192464.25537
msg_begin
7.75794e+06
-363698
-2.50499
0.000332101
0.000819816
0.000192299
0
0
0
1682192464.30552
msg_begin
7.75794e+06
-363698
-2.50491
0.0015839
0.00315348
0.000150926
0
0
0
1682192464.35550
msg_begin
7.75794e+06
-363699
-2.50594
0.0111839
0.00862492
0.000644418
0
0
0
1682192464.40558
msg_begin
7.75794e+06
-363699
-2.50589
0.0101739
0.00477505
0.00039433
0
0
0
1682192464.45566
msg_begin
7.75794e+06
-363699
-2.50558
0.00239061
0.00291212
0.000173402
0
0
0
1682192464.50569
msg_begin
7.75794e+06
-363699
-2.50706
0.00270383
0.000595749
0.000154061
0
0
0
1682192464.55575
msg_begin
7.75794e+06
-363700
-2.50706
0.00234992
0.00464809
0.00024744
0
0
0
1682192464.60585
msg_begin
7.75794e+06
-363700
-2.5092
0.000438826
0.00267137
0.000289622
0
0
0
1682192464.65585
msg_begin
7.75794e+06
-363700
-2.51066
0.00387316
0.00130113
0.00026912
0
0
0
1682192464.70594
msg_begin
7.75794e+06
-363700
-2.51097
0.00441943
0.0111007
0.000567811
0
0
0
1682192464.75594
msg_begin
7.75794e+06
-363701
-2.51108
1.81029e-06
0.00208449
1.3347e-05
0
0
0
1682192464.80592
msg_begin
7.75794e+06
-363701
-2.5129
0.00238271
0.00163096
0.00020263
0
0
0
1682192464.85586
msg_begin
7.75794e+06
-363701
-2.51181
0.00183819
0.0013794
0.000184257
0
0
0
1682192464.90581
msg_begin
7.75794e+06
-363702
-2.51048
0.0406301
0.0275527
0.000697147
0
0
0
1682192464.95579
msg_begin
7.75794e+06
-363702
-2.50995
0.0201353
0.0125678
0.000651853
0
0
0
1682192465.00570
msg_begin
7.75794e+06
-363702
-2.5111
0.00204864
0.00300735
0.000385828
0
0
0
1682192465.05566
msg_begin
7.75794e+06
-363702
-2.51052
0.0093348
0.00597836
0.000117034
0
0
0
1682192465.10561
msg_begin
7.75794e+06
-363703
-2.51152
0.0280412
0.0150439
0.000733429
0
0
0
1682192465.15565
msg_begin
7.75794e+06
-363703
-2.51055
0.00621316
0.00412121
0.000372469
0
0
0
1682192465.20559
msg_begin
7.75794e+06
-363703
-2.51178
0.00591166
0.0065372
0.000630111
0
0
0
1682192465.25561
msg_begin
7.75794e+06
-363703
-2.51223
0.00555946
0.00110784
0.00027587
0
0
0
1682192465.30561
msg_begin
7.75794e+06
-363704
-2.51185
0.00124077
0.00829498
0.000461375
0
0
0
1682192465.35562
msg_begin
7.75794e+06
-363704
-2.51186
0.00195689
0.00749266
0.000193136
0
0
0
1682192465.40555
msg_begin
7.75794e+06
-363704
-2.51209
0.0181768
0.0181897
0.00077137
0
0
0
1682192465.45554
msg_begin
7.75794e+06
-363705
-2.51158
0.0274392
0.016275
0.000491377
0
0
0
1682192465.50555
msg_begin
7.75794e+06
-363705
-2.5102
0.00466627
0.00652609
0.000775031
0
0
0
1682192465.55560
msg_begin
7.75794e+06
-363705
-2.51152
0.0115364
0.0140934
0.000826152
0
0
0
1682192465.60560
msg_begin
7.75794e+06
-363705
-2.51369
0.0112209
0.0133919
0.00105154
0
0
0
1682192465.65560
msg_begin
7.75793e+06
-363706
-2.51446
0.0167278
0.00761346
0.000671981
0
0
0
1682192465.70565
msg_begin
7.75793e+06
-363706
-2.51423
0.0180641
0.0166944
0.000464889
0
0
0
1682192465.75561
msg_begin
7.75793e+06
-363706
-2.51483
0.00441219
0.00409877
0.000496659
0
0
0
1682192465.80562
msg_begin
7.75793e+06
-363706
-2.51695
0.00447354
0.00808191
0.000496876
0
0
0
1682192465.85559
msg_begin
7.75793e+06
-363707
-2.51701
0.00588526
0.00672574
0.000292936
0
0
0
1682192465.90553
msg_begin
7.75793e+06
-363707
-2.51884
0.00324175
0.00318697
0.000177199
0
0
0
1682192465.95550
msg_begin
7.75793e+06
-363707
-2.51608
7.17118e-08
5.82077e-11
8.88178e-16
0
0
0
1682192466.00551
msg_begin
7.75793e+06
-363708
-2.51561
0.00262783
0.00429133
0.000642202
0
0
0
1682192466.05545
msg_begin
7.75793e+06
-363708
-2.51594
0.00633996
0.0101454
0.00136385
0
0
0
1682192466.10540
msg_begin
7.75793e+06
-363708
-2.51455
0.0044705
0.00924914
0.00124097
0
0
0
1682192466.15542
msg_begin
7.75793e+06
-363708
-2.51736
0.0123802
0.00330895
0.000624592
0
0
0
1682192466.20536
msg_begin
7.75793e+06
-363709
-2.51848
0.00119635
0.000272364
3.52026e-05
0
0
0
1682192466.25528
msg_begin
7.75793e+06
-363709
-2.51904
0.00832944
0.00480485
0.000353784
0
0
0
1682192466.30524
msg_begin
7.75793e+06
-363709
-2.51729
0.0192334
0.0199857
0.000648206
0
0
0
1682192466.35528
msg_begin
7.75793e+06
-363710
-2.51746
0.0108468
0.014968
0.000774589
0
0
0
1682192466.40522
msg_begin
7.75793e+06
-363710
-2.5171
0.00454031
0.00672505
0.000691705
0
0
0
1682192466.45517
msg_begin
7.75793e+06
-363710
-2.51544
0.0081306
0.00584694
0.000367597
0
0
0
1682192466.50517
msg_begin
7.75793e+06
-363710
-2.51716
0.0109796
0.0027907
0.000937858
0
0
0
1682192466.55517
msg_begin
7.75793e+06
-363711
-2.51993
0.00492355
0.00133074
0.000285028
0
0
0
1682192466.60519
msg_begin
7.75793e+06
-363711
-2.51949
0.0033309
0.0036898
0.00023613
0
0
0
1682192466.65518
msg_begin
7.75793e+06
-363711
-2.51685
0.00137439
0.0005412
0.000114908
0
0
0
1682192466.70533
msg_begin
7.75793e+06
-363712
-2.51931
0.0194713
0.0104983
0.000534951
0
0
0
1682192466.75534
msg_begin
7.75793e+06
-363712
-2.51745
0.0024275
0.00119844
0.000134597
0
0
0
1682192466.80537
msg_begin
7.75793e+06
-363712
-2.51748
6.52429e-05
5.40603e-05
2.2976e-05
0
0
0
1682192466.85544
msg_begin
7.75793e+06
-363712
-2.51923
0.0115775
0.00909816
0.000435091
0
0
0
1682192466.90546
msg_begin
7.75793e+06
-363713
-2.51756
0.0137268
0.00434798
0.000550938
0
0
0
1682192466.95552
msg_begin
7.75793e+06
-363713
-2.51934
0.0195037
0.0185678
0.00105425
0
0
0
1682192467.00556
msg_begin
7.75792e+06
-363713
-2.51741
0.00375496
0.00340562
0.000111287
0
0
0
1682192467.05559
msg_begin
7.75792e+06
-363714
-2.5195
0.0158525
0.00533139
0.000933784
0
0
0
1682192467.10567
msg_begin
7.75792e+06
-363714
-2.51828
0.00189684
0.00227845
9.55281e-05
0
0
0
1682192467.15572
msg_begin
7.75792e+06
-363714
-2.5163
0.0224884
0.0179532
0.00161709
0
0
0
1682192467.20578
msg_begin
7.75792e+06
-363714
-2.5161
0.0103074
0.00701153
0.00093035
0
0
0
1682192467.25581
msg_begin
7.75792e+06
-363715
-2.51524
0.00439055
0.00370268
0.000384309
0
0
0
1682192467.30585
msg_begin
7.75792e+06
-363715
-2.51125
0.00173786
0.00182283
0.000263583
0
0
0
1682192467.35586
msg_begin
7.75792e+06
-363715
-2.51205
0.000282509
0.000765017
8.89351e-06
0
0
0
1682192467.40585
msg_begin
7.75792e+06
-363716
-2.50924
0.000427003
0.000155465
3.91372e-05
0
0
0
1682192467.45585
msg_begin
7.75792e+06
-363716
-2.51131
0.0109805
0.00559096
0.000367681
0
0
0
1682192467.50585
msg_begin
7.75792e+06
-363716
-2.50992
1.76951e-08
2.61934e-09
2.66454e-15
0
0
0
1682192467.55577
msg_begin
7.75792e+06
-363716
-2.5103
0.0103744
0.00987359
0.00038065
0
0
0
1682192467.60575
msg_begin
7.75792e+06
-363717
-2.50549
4.19095e-08
2.91038e-09
8.88178e-16
0
0
0
1682192467.65563
msg_begin
7.75792e+06
-363717
-2.50718
0.00796864
0.00906789
0.000659176
0
0
0
1682192467.70556
msg_begin
7.75792e+06
-363717
-2.50491
0.0106113
0.00604184
0.000795626
0
0
0
1682192467.75552
msg_begin
7.75792e+06
-363718
-2.50476
0.00181943
0.00152658
3.69141e-05
0
0
0
1682192467.80548
msg_begin
7.75792e+06
-363718
-2.50256
0.036995
0.0388954
0.000407038
0
0
0
1682192467.85544
msg_begin
7.75792e+06
-363718
-2.50182
0.00812792
0.0101751
0.000378049
0
0
0
1682192467.90547
msg_begin
7.75792e+06
-363718
-2.5007
0.00490286
0.00798864
0.000325118
0
0
0
1682192467.95555
msg_begin
7.75792e+06
-363719
-2.49955
0.0256994
0.0165972
0.000631826
0
0
0
1682192468.00560
msg_begin
7.75792e+06
-363719
-2.49831
0.00897554
0.00558308
0.000446965
0
0
0
1682192468.05561
msg_begin
7.75792e+06
-363719
-2.49417
0.00750856
0.00539989
0.000458251
0
0
0
1682192468.10574
msg_begin
7.75792e+06
-363720
-2.49367
0.00351216
0.004101
0.000531325
0
0
0
1682192468.15578
msg_begin
7.75792e+06
-363720
-2.49599
0.0217889
0.0137326
0.000611894
0
0
0
1682192468.20575
msg_begin
7.75792e+06
-363720
-2.49731
0.0200288
0.0156565
0.00174399
0
0
0
1682192468.25583
msg_begin
7.75791e+06
-363721
-2.49468
0.00693071
0.00787692
0.000401167
0
0
0
1682192468.30587
msg_begin
7.75791e+06
-363721
-2.49557
0.00143562
0.00173126
0.000121932
0
0
0
1682192468.35592
msg_begin
7.75791e+06
-363721
-2.49646
0
2.91038e-09
2.22045e-15
0
0
0
1682192468.40591
msg_begin
7.75791e+06
-363722
-2.49746
0.00138827
8.05925e-05
5.78339e-05
0
0
0
1682192468.45593
msg_begin
7.75791e+06
-363722
-2.49686
0.0319007
0.0247248
0.000267849
0
0
0
1682192468.50585
msg_begin
7.75791e+06
-363722
-2.49724
0.00597117
0.0136935
0.000512164
0
0
0
1682192468.55590
msg_begin
7.75791e+06
-363722
-2.49309
0.0160179
0.00654641
0.000695575
0
0
0
1682192468.60586
msg_begin
7.75791e+06
-363723
-2.49212
0.00251308
0.0014557
0.00013999
0
0
0
1682192468.65578
msg_begin
7.75791e+06
-363723
-2.49426
2.79397e-09
4.65661e-10
1.77636e-15
0
0
0
1682192468.70572
msg_begin
7.75791e+06
-363723
-2.49039
0.00289026
0.00320291
0.000348136
0
0
0
1682192468.75571
msg_begin
7.75791e+06
-363724
-2.49004
0.00115333
0.000538322
7.39958e-05
0
0
0
1682192468.80565
msg_begin
7.75791e+06
-363724
-2.48785
5.7742e-08
1.57161e-09
3.10862e-15
0
0
0
1682192468.85554
msg_begin
7.75791e+06
-363724
-2.48962
0.0190501
0.0105017
0.000331729
0
0
0
1682192468.90548
msg_begin
7.75791e+06
-363725
-2.48818
0.0130867
0.0117884
0.000485742
0
0
0
1682192468.95544
msg_begin
7.75791e+06
-363725
-2.48852
0.00413155
0.00163062
0.000212012
0
0
0
1682192469.00540
msg_begin
7.75791e+06
-363725
-2.48868
0.00857975
0.00798052
0.000211087
0
0
0
1682192469.05529
msg_begin
7.75791e+06
-363726
-2.48829
0.00591487
0.00931125
0.000456438
0
0
0
1682192469.10527
msg_begin
7.75791e+06
-363726
-2.48723
0.00445754
0.00144191
0.000244245
0
0
0
1682192469.15529
msg_begin
7.75791e+06
-363726
-2.48873
0.00607105
0.00547896
0.000104558
0
0
0
1682192469.20535
msg_begin
7.75791e+06
-363727
-2.49308
0.000611527
0.00110555
0.000102443
0
0
0
1682192469.25517
msg_begin
7.75791e+06
-363727
-2.49094
0.00554206
0.00375777
0.000194893
0
0
0
1682192469.30515
msg_begin
7.75791e+06
-363727
-2.48834
0.00257978
0.00190989
0.000161575
0
0
0
1682192469.35503
msg_begin
7.75791e+06
-363728
-2.48866
0.00249674
0.000404378
0.000105746
0
0
0
1682192469.40495
msg_begin
7.75791e+06
-363728
-2.48758
0.0151909
0.00768166
0.000592371
0
0
0
1682192469.45490
msg_begin
7.75791e+06
-363728
-2.49053
0.0047352
0.00729999
0.000323366
0
0
0
1682192469.50481
msg_begin
7.7579e+06
-363729
-2.48899
5.21541e-08
2.09548e-09
2.22045e-15
0
0
0
1682192469.55472
msg_begin
7.7579e+06
-363729
-2.48755
1.86265e-09
6.98492e-10
2.22045e-15
0
0
0
1682192469.60467
msg_begin
7.7579e+06
-363729
-2.48995
0.00113654
0.00194678
0.000111332
0
0
0
1682192469.65462
msg_begin
7.7579e+06
-363729
-2.48957
0.00378494
0.0028181
0.00016128
0
0
0
1682192469.70457
msg_begin
7.7579e+06
-363730
-2.49116
0.00894255
0.00689277
0.00097166
0
0
0
1682192469.75450
msg_begin
7.7579e+06
-363730
-2.48949
0.00478978
0.00309912
2.06764e-05
0
0
0
1682192469.80449
msg_begin
7.7579e+06
-363730
-2.49024
0.00304797
0.000385956
3.77482e-05
0
0
0
1682192469.85447
msg_begin
7.7579e+06
-363731
-2.49381
0.0344428
0.0244474
0.00100281
0
0
0
1682192469.90443
msg_begin
7.7579e+06
-363731
-2.49316
0.0001961
0.000355154
0.000132744
0
0
0
1682192469.95442
msg_begin
7.7579e+06
-363731
-2.49393
0.000296607
0.00184411
0.000127798
0
0
0
1682192470.00440
msg_begin
7.7579e+06
-363732
-2.496
0.000660394
0.00343636
0.000452322
0
0
0
1682192470.05437
msg_begin
7.7579e+06
-363732
-2.49428
0.00595146
0.00459363
0.000268672
0
0
0
1682192470.10438
msg_begin
7.7579e+06
-363732
-2.49402
0.00580915
0.00363024
0.000319262
0
0
0
1682192470.15447
msg_begin
7.7579e+06
-363733
-2.49293
0.000266703
0.00351313
0.000258378
0
0
0
1682192470.20445
msg_begin
7.7579e+06
-363733
-2.49407
0.0103074
0.00616442
0.000703237
0
0
0
1682192470.25449
msg_begin
7.7579e+06
-363733
-2.49761
0.0105404
0.00333231
0.00133396
0
0
0
1682192470.30447
msg_begin
7.7579e+06
-363734
-2.49835
0.000526037
0.00757712
2.10537e-05
0
0
0
1682192470.35445
msg_begin
7.7579e+06
-363734
-2.49744
0.00167541
0.00896505
0.000688558
0
0
0
1682192470.40449
msg_begin
7.7579e+06
-363734
-2.49901
5.21541e-08
1.68802e-09
1.77636e-15
0
0
0
1682192470.45444
msg_begin
7.7579e+06
-363734
-2.49774
0.00673594
0.00712615
0.000309811
0
0
0
1682192470.50440
msg_begin
7.7579e+06
-363735
-2.49749
0.0215581
0.0229402
0.000563652
0
0
0
1682192470.55442
msg_begin
7.7579e+06
-363735
-2.49795
0.00521783
0.00940725
0.000586281
0
0
0
1682192470.60441
msg_begin
7.7579e+06
-363735
-2.4994
0.000596885
0.00219827
0.000147559
0
0
0
1682192470.65437
msg_begin
7.7579e+06
-363736
-2.50149
0.0456579
0.0344872
0.000899106
0
0
0
1682192470.70440
msg_begin
7.7579e+06
-363736
-2.50248
0.00554516
0.00492701
0.000113852
0
0
0
1682192470.75434
msg_begin
7.75789e+06
-363736
-2.50404
2.42144e-08
1.57161e-09
2.22045e-15
0
0
0
1682192470.80433
msg_begin
7.75789e+06
-363737
-2.50527
0.0150554
0.0100594
0.000634803
0
0
0
1682192470.85433
msg_begin
7.75789e+06
-363737
-2.50728
0.0155528
0.0109552
0.000710457
0
0
0
1682192470.90436
msg_begin
7.75789e+06
-363737
-2.50767
0.00106375
0.0028155
3.55794e-05
0
0
0
1682192470.95435
msg_begin
7.75789e+06
-363738
-2.50902
0.0205876
0.00735907
0.000990603
0
0
0
1682192471.00436
msg_begin
7.75789e+06
-363738
-2.51139
0.0020861
0.00702257
0.000112821
0
0
0
1682192471.05428
msg_begin
7.75789e+06
-363738
-2.5115
0.00215733
0.00137773
0.000118708
0
0
0
1682192471.10429
msg_begin
7.75789e+06
-363739
-2.51211
0.00466064
0.00396401
0.000224441
0
0
0
1682192471.15433
msg_begin
7.75789e+06
-363739
-2.51016
0.0042718
0.00650837
0.000222601
0
0
0
1682192471.20430
msg_begin
7.75789e+06
-363739
-2.51367
0.00588755
0.00628308
0.00047812
0
0
0
1682192471.25436
msg_begin
7.75789e+06
-363740
-2.51368
0.0122028
0.0208846
0.00346361
0
0
0
1682192471.30440
msg_begin
7.75789e+06
-363740
-2.51119
0.00695584
0.00312714
0.000273592
0
0
0
1682192471.35438
msg_begin
7.75789e+06
-363740
-2.5119
0.00832861
0.00549552
0.000534505
0
0
0
1682192471.40448
msg_begin
7.75789e+06
-363741
-2.5124
0.00763112
0.00948017
0.00210968
0
0
0
1682192471.45453
msg_begin
7.75789e+06
-363741
-2.51264
0.0165617
0.0121569
0.00076741
0
0
0
1682192471.50464
msg_begin
7.75789e+06
-363741
-2.51807
0.00498563
0.00456844
0.000214671
0
0
0
1682192471.55472
msg_begin
7.75789e+06
-363742
-2.51446
1.86265e-08
3.31784e-09
3.10862e-15
0
0
0
1682192471.60481
msg_begin
7.75789e+06
-363742
-2.51818
0.0103572
0.00535996
0.00103305
0
0
0
1682192471.65490
msg_begin
7.75789e+06
-363742
-2.52047
7.45058e-09
2.21189e-09
3.10862e-15
0
0
0
1682192471.70499
msg_begin
7.75789e+06
-363742
-2.51904
9.31323e-09
1.33878e-09
5.32907e-15
0
0
0
1682192471.75507
msg_begin
7.75789e+06
-363743
-2.51641
0.0531949
0.036703
0.000652447
0
0
0
1682192471.80516
msg_begin
7.75789e+06
-363743
-2.51743
0.00245768
0.00242476
0.000110721
0
0
0
1682192471.85525
msg_begin
7.75789e+06
-363743
-2.51799
0.0149679
0.0113231
0.00038226
0
0
0
1682192471.90540
msg_begin
7.75788e+06
-363744
-2.51651
0.0193122
0.0123341
0.000219092
0
0
0
1682192471.95546
msg_begin
7.75788e+06
-363744
-2.51522
1.86265e-08
2.32831e-10
2.66454e-15
0
0
0
1682192472.05567
msg_begin
7.75788e+06
-363745
-2.51352
0.00539533
0.0127878
0.000278835
0
0
0
1682192472.10577
msg_begin
7.75788e+06
-363745
-2.5121
0.000256671
0.000437509
3.38178e-05
0
0
0
1682192472.15583
msg_begin
7.75788e+06
-363745
-2.51509
0.00482948
0.00322589
0.000163823
0
0
0
1682192472.20590
msg_begin
7.75788e+06
-363746
-2.51381
0.009799
0.00619496
0.00054461
0
0
0
1682192472.25594
msg_begin
7.75788e+06
-363746
-2.51648
0.0008895
0.000500261
0.00010988
0
0
0
1682192472.30600
msg_begin
7.75788e+06
-363746
-2.51531
1.16509e-05
0.00147585
6.66119e-05
0
0
0
1682192472.35591
msg_begin
7.75788e+06
-363747
-2.51583
0.0285953
0.0184742
0.000759161
0
0
0
1682192472.40591
msg_begin
7.75788e+06
-363747
-2.51385
0.005647
0.00575129
0.000642562
0
0
0
1682192472.45587
msg_begin
7.75788e+06
-363747
-2.51497
0.00373431
0.00136843
0.000124906
0
0
0
1682192472.50588
msg_begin
7.75788e+06
-363748
-2.51507
1.58325e-08
9.31323e-10
8.88178e-16
0
0
0
1682192472.55583
msg_begin
7.75788e+06
-363748
-2.51345
0.0185765
0.0203984
0.000743952
0
0
0
1682192472.60588
msg_begin
7.75788e+06
-363748
-2.51119
0.0157248
0.00613361
0.000171561
0
0
0
1682192472.65595
msg_begin
7.75788e+06
-363749
-2.51307
7.26432e-08
1.39698e-09
2.66454e-15
0
0
0
1682192472.70598
msg_begin
7.75788e+06
-363749
-2.51177
0.0128391
0.00982937
0.000508552
0
0
0
1682192472.75591
msg_begin
7.75788e+06
-363749
-2.51258
0.0161392
0.011923
0.000745429
0
0
0
1682192472.80594
msg_begin
7.75788e+06
-363750
-2.511
0.0142341
0.0155093
0.000255598
0
0
0
1682192472.85594
msg_begin
7.75788e+06
-363750
-2.50913
7.35745e-08
2.96859e-09
8.88178e-16
0
0
0
1682192472.90593
msg_begin
7.75788e+06
-363750
-2.5076
0.00171357
0.00871544
0.000227263
0
0
0
1682192472.95635
msg_begin
7.75788e+06
-363751
-2.50642
0.0422077
0.0397764
0.000390996
0
0
0
1682192473.00588
msg_begin
7.75788e+06
-363751
-2.50421
0.00192318
0.000852799
1.99917e-05
0
0
0
1682192473.05578
msg_begin
7.75787e+06
-363751
-2.50686
0.00949309
0.00714138
0.000493493
0
0
0
1682192473.10576
msg_begin
7.75787e+06
-363752
-2.50506
6.42613e-08
2.73576e-09
1.77636e-15
0
0
0
1682192473.15641
msg_begin
7.75787e+06
-363752
-2.50453
0.000599325
0.000623194
0.000104236
0
0
0
1682192473.20556
msg_begin
7.75787e+06
-363752
-2.50374
0.00381355
0.0013272
0.00035275
0
0
0
1682192473.25552
msg_begin
7.75787e+06
-363753
-2.49966
3.44589e-08
1.22236e-09
8.88178e-16
0
0
0
1682192473.30554
msg_begin
7.75787e+06
-363753
-2.49968
0.0166964
0.0121413
0.000899335
0
0
0
1682192473.35553
msg_begin
7.75787e+06
-363753
-2.50007
0.00450569
0.00294138
0.000186695
0
0
0
1682192473.40538
msg_begin
7.75787e+06
-363754
-2.49991
0.0218283
0.021776
0.000631509
0
0
0
1682192473.45539
msg_begin
7.75787e+06
-363754
-2.49745
1.86265e-09
1.86265e-09
8.88178e-16
0
0
0
1682192473.50540
msg_begin
7.75787e+06
-363754
-2.49988
0.00376046
0.00848114
0.000169036
0
0
0
1682192473.55613
msg_begin
7.75787e+06
-363755
-2.49806
0.018218
0.0144555
0.000708866
0
0
0
1682192473.60531
msg_begin
7.75787e+06
-363755
-2.49701
0.0109795
0.0100112
0.000547082
0
0
0
1682192473.65528
msg_begin
7.75787e+06
-363755
-2.49689
0.00158776
0.00390265
0.000791568
0
0
0
1682192473.70530
msg_begin
7.75787e+06
-363756
-2.49766
0.0136302
0.0117169
0.00138481
0
0
0
1682192473.75534
msg_begin
7.75787e+06
-363756
-2.49368
0.00196438
0.00153602
9.05588e-05
0
0
0
1682192473.80538
msg_begin
7.75787e+06
-363756
-2.49505
0.0190709
0.0164289
0.000584726
0
0
0
1682192473.85537
msg_begin
7.75787e+06
-363757
-2.49511
0.0219552
0.0258697
0.000329246
0
0
0
1682192473.90550
msg_begin
7.75787e+06
-363757
-2.49656
1.21072e-08
1.28057e-09
4.44089e-16
0
0
0
1682192473.95548
msg_begin
7.75787e+06
-363757
-2.49563
0.00642246
0.00213015
0.000565788
0
0
0
1682192474.00551
msg_begin
7.75787e+06
-363758
-2.49544
0.0162894
0.0190274
0.00137182
0
0
0
1682192474.05553
msg_begin
7.75787e+06
-363758
-2.49581
0.0106597
0.00489863
0.000106391
0
0
0
1682192474.10554
msg_begin
7.75787e+06
-363758
-2.4949
0.00204447
0.00722288
0.000408047
0
0
0
1682192474.15561
msg_begin
7.75787e+06
-363759
-2.49525
0.00620828
0.00263518
0.000103653
0
0
0
1682192474.20564
msg_begin
7.75786e+06
-363759
-2.49586
0.00683861
0.0139287
0.000716152
0
0
0
1682192474.25574
msg_begin
7.75786e+06
-363759
-2.4941
0.00448977
0.00388083
9.78536e-05
0
0
0
1682192474.30573
msg_begin
7.75786e+06
-363760
-2.49851
0.0256479
0.0184428
0.000720692
0
0
0
1682192474.35585
msg_begin
7.75786e+06
-363760
-2.49619
6.51926e-08
2.15368e-09
3.55271e-15
0
0
0
1682192474.40591
msg_begin
7.75786e+06
-363760
-2.49849
0.00456547
0.000935077
0.000167487
0
0
0
1682192474.45599
msg_begin
7.75786e+06
-363761
-2.50007
0.000207104
0.00051762
6.0299e-05
0
0
0
1682192474.50608
msg_begin
7.75786e+06
-363761
-2.50052
0.00372141
0.00184798
0.000713367
0
0
0
1682192474.55614
msg_begin
7.75786e+06
-363761
-2.50102
0.00139977
0.00119078
7.53706e-05
0
0
0
1682192474.60626
msg_begin
7.75786e+06
-363762
-2.50014
0.00108974
0.00145693
6.56248e-05
0
0
0
1682192474.65626
msg_begin
7.75786e+06
-363762
-2.5015
0.00324473
0.0047184
0.000212305
0
0
0
1682192474.70637
msg_begin
7.75786e+06
-363762
-2.5002
0.00387095
1.27056e-05
2.80221e-05
0
0
0
1682192474.75641
msg_begin
7.75786e+06
-363763
-2.49894
0.001106
0.00113368
0.000207732
0
0
0
1682192474.80642
msg_begin
7.75786e+06
-363763
-2.49742
0.00428826
0.00583986
0.000347406
0
0
0
1682192474.85644
msg_begin
7.75786e+06
-363763
-2.49879
0.0348147
0.0319537
0.00105349
0
0
0
1682192474.90644
msg_begin
7.75786e+06
-363764
-2.50209
5.12227e-08
3.49246e-10
4.44089e-15
0
0
0
1682192474.95647
msg_begin
7.75786e+06
-363764
-2.50181
0.00166288
0.000592034
6.95771e-05
0
0
0
1682192475.00629
msg_begin
7.75786e+06
-363764
-2.50048
0.00566293
0.00295609
0.000530579
0
0
0
1682192475.05625
msg_begin
7.75786e+06
-363765
-2.50035
0.00549404
0.00389466
3.38384e-05
0
0
0
1682192475.10620
msg_begin
7.75786e+06
-363765
-2.49933
5.40167e-08
2.03727e-09
1.33227e-15
0
0
0
1682192475.15738
msg_begin
7.75786e+06
-363765
-2.49817
0.00182348
0.00552413
0.000322942
0
0
0
1682192475.20597
msg_begin
7.75786e+06
-363766
-2.49894
0.00169649
0.00166526
0.00027038
0
0
0
1682192475.25593
msg_begin
7.75786e+06
-363766
-2.4977
0.00494469
0.000868167
0.000198
0
0
0
1682192475.30587
msg_begin
7.75786e+06
-363766
-2.49815
0.0286032
0.0190218
0.000276694
0
0
0
1682192475.35646
msg_begin
7.75785e+06
-363767
-2.49963
0.00266492
0.00467879
7.98922e-05
0
0
0
1682192475.40582
msg_begin
7.75785e+06
-363767
-2.50036
0.0234359
0.0170757
0.00112607
0
0
0
1682192475.45573
msg_begin
7.75785e+06
-363768
-2.4978
9.31323e-09
2.09548e-09
1.77636e-15
0
0
0
1682192475.50570
msg_begin
7.75785e+06
-363768
-2.50008
0.00226785
0.00448946
0.000601153
0
0
0
1682192475.55687
msg_begin
7.75785e+06
-363768
-2.50138
0.0560683
0.0457188
0.000967644
0
0
0
1682192475.60570
msg_begin
7.75785e+06
-363769
-2.50028
0.00205496
0.00148332
9.40846e-05
0
0
0
1682192475.65571
msg_begin
7.75785e+06
-363769
-2.50299
0.00567045
0.00131685
0.000149286
0
0
0
1682192475.70569
msg_begin
7.75785e+06
-363769
-2.50319
0.0130407
0.00730997
0.000338721
0
0
0
1682192475.75599
msg_begin
7.75785e+06
-363770
-2.50154
0.000580054
0.00147877
9.55627e-06
0
0
0
1682192475.80567
msg_begin
7.75785e+06
-363770
-2.50185
0.0317959
0.0243453
0.00157796
0
0
0
1682192475.85571
msg_begin
7.75785e+06
-363770
-2.50357
0.00288614
0.00260791
6.88183e-05
0
0
0
1682192475.90578
msg_begin
7.75785e+06
-363771
-2.50473
0.0149576
0.0164151
0.000397223
0
0
0
1682192475.95670
msg_begin
7.75785e+06
-363771
-2.50481
0.0121335
0.00990056
0.000609623
0
0
0
1682192476.00580
msg_begin
7.75785e+06
-363771
-2.50305
0.00471897
0.00531644
0.000227378
0
0
0
1682192476.05585
msg_begin
7.75785e+06
-363772
-2.50221
0.0269797
0.0218726
0.00112696
0
0
0
1682192476.10593
msg_begin
7.75785e+06
-363772
-2.50004
0.00632635
0.00535502
0.000393615
0
0
0
1682192476.15647
msg_begin
7.75785e+06
-363772
-2.5033
0.0088143
0.00355698
0.00064133
0
0
0
1682192476.20598
msg_begin
7.75785e+06
-363773
-2.50308
0.0203507
0.0126499
0.00130916
0
0
0
1682192476.25595
msg_begin
7.75785e+06
-363773
-2.50318
0.0212615
0.00800453
0.000940418
0
0
0
1682192476.30595
msg_begin
7.75785e+06
-363773
-2.50081
0.00268462
0.00145894
9.26027e-05
0
0
0
1682192476.35723
msg_begin
7.75785e+06
-363774
-2.49991
0.00447648
0.00655225
0.000791784
0
0
0
1682192476.40605
msg_begin
7.75785e+06
-363774
-2.50111
0.007523
0.00557941
0.000574087
0
0
0
1682192476.45603
msg_begin
7.75784e+06
-363774
-2.50005
0.0118798
0.00627519
0.000188106
0
0
0
1682192476.50612
msg_begin
7.75784e+06
-363775
-2.4991
0.00551604
0.00259991
3.47069e-05
0
0
0
1682192476.55682
msg_begin
7.75784e+06
-363775
-2.49893
0.0263729
0.011828
0.000394748
0
0
0
1682192476.60612
msg_begin
7.75784e+06
-363776
-2.50059
0.00555508
0.00650473
0.000212181
0
0
0
1682192476.65615
msg_begin
7.75784e+06
-363776
-2.50112
0.019273
0.0196632
0.000760354
0
0
0
1682192476.70624
msg_begin
7.75784e+06
-363776
-2.49837
2.8871e-08
5.82077e-10
3.9968e-15
0
0
0
1682192476.75643
msg_begin
7.75784e+06
-363777
-2.4984
6.51926e-09
2.61934e-09
4.44089e-16
0
0
0
1682192476.80654
msg_begin
7.75784e+06
-363777
-2.49913
6.51926e-09
3.66708e-09
3.10862e-15
0
0
0
1682192476.85597
msg_begin
7.75784e+06
-363777
-2.49826
0.0142609
0.0133162
0.000729365
0
0
0
1682192476.90586
msg_begin
7.75784e+06
-363778
-2.49935
0.0133303
0.00923777
9.54942e-05
0
0
0
1682192476.95676
msg_begin
7.75784e+06
-363778
-2.50044
0.0147675
0.00307727
0.000340908
0
0
0
1682192477.00583
msg_begin
7.75784e+06
-363778
-2.50002
0.00133978
0.00195943
4.37095e-05
0
0
0
1682192477.05577
msg_begin
7.75784e+06
-363779
-2.49989
0.0103464
0.0243857
0.00177864
0
0
0
1682192477.10582
msg_begin
7.75784e+06
-363779
-2.50359
0.00108296
0.000108471
8.28436e-05
0
0
0
1682192477.15688
msg_begin
7.75784e+06
-363779
-2.50437
0.0113176
0.00609804
0.00131621
0
0
0
1682192477.20583
msg_begin
7.75784e+06
-363780
-2.50284
0.00351427
0.00268339
0.000215092
0
0
0
1682192477.25577
msg_begin
7.75784e+06
-363780
-2.50263
0.00121881
0.000436344
0.000155586
0
0
0
1682192477.30586
msg_begin
7.75784e+06
-363781
-2.50219
0.00161276
0.0021217
8.35172e-05
0
0
0
1682192477.35621
msg_begin
7.75784e+06
-363781
-2.50358
0.0124807
0.00147027
0.0014215
0
0
0
1682192477.40582
msg_begin
7.75784e+06
-363781
-2.50065
0.0402412
0.0263123
0.00123097
0
0
0
1682192477.45581
msg_begin
7.75784e+06
-363782
-2.50383
0.00307768
0.00510711
0.000224395
0
0
0
1682192477.50583
msg_begin
7.75784e+06
-363782
-2.5032
0.00941675
0.00730491
0.0014647
0
0
0
1682192477.55702
msg_begin
7.75783e+06
-363782
-2.50591
0.0047676
0.00399742
0.0011138
0
0
0
1682192477.60588
msg_begin
7.75783e+06
-363783
-2.50401
0.0026847
0.0013222
0.000156073
0
0
0
1682192477.65590
msg_begin
7.75783e+06
-363783
-2.50322
0.00561271
0.00460502
0.000473994
0
0
0
1682192477.70593
msg_begin
7.75783e+06
-363783
-2.504
0.00407445
0.00681877
0.000784684
0
0
0
1682192477.75627
msg_begin
7.75783e+06
-363784
-2.50482
0.00663138
0.00672072
0.000342836
0
0
0
1682192477.80605
msg_begin
7.75783e+06
-363784
-2.50328
0.0193518
0.0123749
0.000508002
0
0
0
1682192477.85616
msg_begin
7.75783e+06
-363784
-2.50371
0.00450432
0.0021147
0.000288688
0
0
0
1682192477.90624
msg_begin
7.75783e+06
-363785
-2.50433
0.0176531
0.0178768
0.000668074
0
0
0
1682192477.95714
msg_begin
7.75783e+06
-363785
-2.50177
0.00880621
0.00584943
0.000567577
0
0
0
1682192478.00632
msg_begin
7.75783e+06
-363785
-2.50415
0.00186666
0.00215615
0.000113774
0
0
0
1682192478.05623
msg_begin
7.75783e+06
-363786
-2.50249
1.76951e-08
1.92085e-09
4.44089e-16
0
0
0
1682192478.10622
msg_begin
7.75783e+06
-363786
-2.50351
0.011403
0.00564306
0.000530622
0
0
0
1682192478.15686
msg_begin
7.75783e+06
-363787
-2.50338
0.010661
0.00109558
2.66834e-05
0
0
0
1682192478.20618
msg_begin
7.75783e+06
-363787
-2.50149
0.00190019
0.00446301
0.000252802
0
0
0
1682192478.25612
msg_begin
7.75783e+06
-363787
-2.5005
0.00624115
0.0100221
0.000487872
0
0
0
1682192478.30616
msg_begin
7.75783e+06
-363788
-2.50073
0.00300839
0.000325692
0.00012875
0
0
0
1682192478.35722
msg_begin
7.75783e+06
-363788
-2.50439
0.0179254
0.00920343
0.000611753
0
0
0
1682192478.40614
msg_begin
7.75783e+06
-363788
-2.50535
0.00242713
0.00317753
0.000352578
0
0
0
1682192478.45610
msg_begin
7.75783e+06
-363789
-2.50769
0.0190722
0.015201
0.000771774
0
0
0
1682192478.50616
msg_begin
7.75783e+06
-363789
-2.50788
0.0030197
0.00410914
0.00013524
0
0
0
1682192478.55680
msg_begin
7.75783e+06
-363789
-2.50803
1.76951e-08
2.44472e-09
1.33227e-15
0
0
0
1682192478.60614
msg_begin
7.75782e+06
-363790
-2.50613
0.0111786
0.00391749
0.000408416
0
0
0
1682192478.65625
msg_begin
7.75782e+06
-363790
-2.50515
0.00342004
0.00892051
0.00094001
0
0
0
1682192478.70631
msg_begin
7.75782e+06
-363790
-2.50332
0.00726104
0.0117132
0.000791152
0
0
0
1682192478.75727
msg_begin
7.75782e+06
-363791
-2.50401
0.00395626
0.00311724
8.14864e-05
0
0
0
1682192478.80647
msg_begin
7.75782e+06
-363791
-2.50511
0.000482411
0.000315069
2.50979e-05
0
0
0
1682192478.85643
msg_begin
7.75782e+06
-363791
-2.506
0.00501104
0.00381163
0.000333284
0
0
0
1682192478.90657
msg_begin
7.75782e+06
-363792
-2.50418
0.023048
0.0126038
0.000743999
0
0
0
1682192478.95698
msg_begin
7.75782e+06
-363792
-2.50581
0.00246454
0.00647464
0.000394432
0
0
0
1682192479.00652
msg_begin
7.75782e+06
-363792
-2.50687
0.0084121
0.0039087
0.000714593
0
0
0
1682192479.05647
msg_begin
7.75782e+06
-363793
-2.50745
6.33299e-08
5.82077e-10
1.77636e-15
0
0
0
1682192479.10658
msg_begin
7.75782e+06
-363793
-2.50727
0.0341017
0.0265256
0.00115312
0
0
0
1682192479.15745
msg_begin
7.75782e+06
-363794
-2.51289
5.02914e-08
6.40284e-10
1.33227e-15
0
0
0
1682192479.20637
msg_begin
7.75782e+06
-363794
-2.51157
0.000267689
0.00108704
9.67881e-05
0
0
0
1682192479.25634
msg_begin
7.75782e+06
-363794
-2.51015
0.0154609
0.00876756
0.000937133
0
0
0
1682192479.30629
msg_begin
7.75782e+06
-363795
-2.50876
0.0102442
0.00499866
0.000166538
0
0
0
1682192479.35666
msg_begin
7.75782e+06
-363795
-2.5098
8.10251e-08
2.15368e-09
1.33227e-15
0
0
0
1682192479.40617
msg_begin
7.75782e+06
-363795
-2.51026
0.00426957
0.00416118
0.000144445
0
0
0
1682192479.45612
msg_begin
7.75782e+06
-363796
-2.50907
0.00320628
0.00111225
0.000108401
0
0
0
1682192479.50605
msg_begin
7.75782e+06
-363796
-2.51065
0.0114207
0.00675086
0.000872103
0
0
0
1682192479.55708
msg_begin
7.75782e+06
-363796
-2.50718
4.84288e-08
3.60887e-09
4.44089e-16
0
0
0
1682192479.60590
msg_begin
7.75782e+06
-363797
-2.50894
0.00434913
0.00103049
0.000101214
0
0
0
1682192479.65587
msg_begin
7.75782e+06
-363797
-2.50722
0.0111569
0.0147579
0.000432497
0
0
0
1682192479.70582
msg_begin
7.75782e+06
-363797
-2.50917
0.00759425
0.00928241
0.000895795
0
0
0
1682192479.75613
msg_begin
7.75781e+06
-363798
-2.50997
0.0188748
0.00828362
0.000496115
0
0
0
1682192479.80580
msg_begin
7.75781e+06
-363798
-2.50839
0.000784452
0.00416656
0.000295668
0
0
0
1682192479.85576
msg_begin
7.75781e+06
-363798
-2.50961
0.0152612
0.00720766
0.000215646
0
0
0
1682192479.90575
msg_begin
7.75781e+06
-363799
-2.50932
0.00717866
0.00880119
0.000507949
0
0
0
1682192479.95684
msg_begin
7.75781e+06
-363799
-2.50985
0.0352507
0.0274042
0.000934756
0
0
0
1682192480.00576
msg_begin
7.75781e+06
-363799
-2.51458
0.00530261
0.00540092
0.000324391
0
0
0
1682192480.05577
msg_begin
7.75781e+06
-363800
-2.51675
0.00344281
0.00445024
0.000456315
0
0
0
1682192480.10578
msg_begin
7.75781e+06
-363800
-2.51661
0.00487062
0.00581617
0.000491594
0
0
0
1682192480.15599
msg_begin
7.75781e+06
-363800
-2.51732
0.0207066
0.0324275
0.0012198
0
0
0
1682192480.20572
msg_begin
7.75781e+06
-363801
-2.51788
6.0536e-08
2.38651e-09
1.77636e-15
0
0
0
1682192480.25569
msg_begin
7.75781e+06
-363801
-2.5193
0.0114882
0.00841877
0.00105321
0
0
0
1682192480.30556
msg_begin
7.75781e+06
-363801
-2.51764
0.0232726
0.00901738
0.000397315
0
0
0
1682192480.35636
msg_begin
7.75781e+06
-363802
-2.51433
0.0123837
0.0131684
0.000633509
0
0
0
1682192480.40562
msg_begin
7.75781e+06
-363802
-2.51191
0.00201818
0.00127807
0.000152314
0
0
0
1682192480.45565
msg_begin
7.75781e+06
-363802
-2.51213
0.0257389
0.0201026
0.000402173
0
0
0
1682192480.50576
msg_begin
7.75781e+06
-363802
-2.51165
0.00294123
0.000321151
9.88254e-05
0
0
0
1682192480.55606
msg_begin
7.75781e+06
-363803
-2.51271
5.86733e-08
0
4.44089e-16
0
0
0
1682192480.60586
msg_begin
7.75781e+06
-363803
-2.51344
0.00522911
0.00571414
7.44211e-05
0
0
0
1682192480.65582
msg_begin
7.75781e+06
-363803
-2.5156
0.00412146
0.00412187
0.000133937
0
0
0
1682192480.70589
msg_begin
7.75781e+06
-363804
-2.51635
3.07336e-08
1.16415e-09
4.88498e-15
0
0
0
1682192480.75759
msg_begin
7.75781e+06
-363804
-2.5163
0.0112972
0.0115438
0.000575608
0
0
0
1682192480.80597
msg_begin
7.75781e+06
-363804
-2.51463
0.00353669
0.000624845
0.000366973
0
0
0
1682192480.85600
msg_begin
7.75781e+06
-363805
-2.51568
0.00712035
0.00257245
0.000143594
0
0
0
1682192480.90612
msg_begin
7.7578e+06
-363805
-2.51446
0.0135789
0.0150642
0.0012311
0
0
0
1682192480.95631
msg_begin
7.7578e+06
-363805
-2.51695
0.00291042
0.00266832
0.00066027
0
0
0
1682192481.00615
msg_begin
7.7578e+06
-363805
-2.51661
0.0132607
0.0058732
0.000825646
0
0
0
1682192481.05619
msg_begin
7.7578e+06
-363806
-2.51121
0.0023694
0.000607929
0.000115548
0
0
0
1682192481.10628
msg_begin
7.7578e+06
-363806
-2.51002
1.39698e-08
2.32831e-10
8.88178e-16
0
0
0
1682192481.15729
msg_begin
7.7578e+06
-363806
-2.51072
0.0120635
0.0161219
0.000265136
0
0
0
1682192481.20619
msg_begin
7.7578e+06
-363807
-2.51193
0.004632
0.00241844
0.000330173
0
0
0
1682192481.25612
msg_begin
7.7578e+06
-363807
-2.51404
0.00612585
0.00607364
0.000426065
0
0
0
1682192481.30610
msg_begin
7.7578e+06
-363807
-2.51509
0.000952585
0.00103596
0.000188158
0
0
0
1682192481.35633
msg_begin
7.7578e+06
-363807
-2.51682
0.00448204
0.00288167
0.000268194
0
0
0
1682192481.40608
msg_begin
7.7578e+06
-363808
-2.52132
7.26432e-08
2.61934e-09
5.77316e-15
0
0
0
1682192481.45607
msg_begin
7.7578e+06
-363808
-2.52083
0.00435436
0.0103634
0.000336901
0
0
0
1682192481.50614
msg_begin
7.7578e+06
-363808
-2.52201
0.00169374
0.000438282
7.58459e-05
0
0
0
1682192481.55712
msg_begin
7.7578e+06
-363809
-2.52097
0.00248359
0.00342642
0.00028009
0
0
0
1682192481.60604
msg_begin
7.7578e+06
-363809
-2.5237
0.0136581
0.00192121
0.00031026
0
0
0
1682192481.65607
msg_begin
7.7578e+06
-363809
-2.51981
5.30854e-08
7.567e-10
4.44089e-15
0
0
0
1682192481.70619
msg_begin
7.7578e+06
-363809
-2.52042
0.00426292
0.00939173
0.000591921
0
0
0
1682192481.75626
msg_begin
7.7578e+06
-363809
-2.51756
0.00509815
0.0014169
0.000314612
0
0
0
1682192481.80615
msg_begin
7.7578e+06
-363810
-2.52064
0.00154384
0.000795135
0.000314973
0
0
0
1682192481.85619
msg_begin
7.7578e+06
-363810
-2.51993
0.00155653
0.00109679
0.000354187
0
0
0
1682192481.90624
msg_begin
7.7578e+06
-363810
-2.52028
0.000984209
0.00126376
0.000171631
0
0
0
1682192481.95730
msg_begin
7.7578e+06
-363810
-2.51981
4.16714e-05
0.000563842
1.69523e-05
0
0
0
1682192482.00626
msg_begin
7.7578e+06
-363811
-2.52135
0.00961846
0.0122517
0.00104758
0
0
0
1682192482.05631
msg_begin
7.7578e+06
-363811
-2.52045
0.00119457
0.00024321
6.12666e-05
0
0
0
1682192482.10631
msg_begin
7.7578e+06
-363811
-2.52304
0.00195735
0.00168774
0.000134433
0
0
0
1682192482.15664
msg_begin
7.7578e+06
-363811
-2.5222
0.00185102
0.00135353
0.000295144
0
0
0
1682192482.20635
msg_begin
7.7578e+06
-363812
-2.523
0.00799458
0.0139278
0.00109698
0
0
0
1682192482.25628
msg_begin
7.7578e+06
-363812
-2.52382
0.0049159
0.00761725
0.000200628
0
0
0
1682192482.30626
msg_begin
7.7578e+06
-363812
-2.5224
0.0128605
0.00428765
0.000188709
0
0
0
1682192482.35729
msg_begin
7.7578e+06
-363812
-2.52241
0.0114343
0.00110076
0.000470285
0
0
0
1682192482.40624
msg_begin
7.75779e+06
-363812
-2.52124
0.00340858
0.00563809
0.000164591
0
0
0
1682192482.45624
msg_begin
7.75779e+06
-363813
-2.52142
0.0520536
0.0337674
0.000609656
0
0
0
1682192482.50629
msg_begin
7.75779e+06
-363813
-2.52161
0.0571093
0.0357989
0.000377527
0
0
0
1682192482.55625
msg_begin
7.75779e+06
-363813
-2.52169
0.00281692
0.0074831
0.000259608
0
0
0
1682192482.60630
msg_begin
7.75779e+06
-363813
-2.5216
0.00255873
0.00276829
0.000147005
0
0
0
1682192482.65635
msg_begin
7.75779e+06
-363813
-2.52143
0.00936131
0.00488088
0.000344408
0
0
0
1682192482.70631
msg_begin
7.75779e+06
-363814
-2.52309
0.00845162
0.00605586
0.000429549
0
0
0
1682192482.75635
msg_begin
7.75779e+06
-363814
-2.52319
0.000561404
8.11673e-05
5.88485e-06
0
0
0
1682192482.80629
msg_begin
7.75779e+06
-363814
-2.52428
0.0350933
0.0205255
0.00150754
0
0
0
1682192482.85623
msg_begin
7.75779e+06
-363814
-2.52641
0.0250355
0.0176959
0.000748484
0
0
0
1682192482.90637
msg_begin
7.75779e+06
-363814
-2.52251
0.00727298
0.00518041
0.00036069
0
0
0
1682192482.95649
msg_begin
7.75779e+06
-363815
-2.52036
0.0103564
0.00495293
0.000579382
0
0
0
1682192483.00621
msg_begin
7.75779e+06
-363815
-2.52066
0.0272595
0.0114982
0.000956891
0
0
0
1682192483.05629
msg_begin
7.75779e+06
-363815
-2.52093
0.0132543
0.00929453
0.00106622
0
0
0
1682192483.10630
msg_begin
7.75779e+06
-363815
-2.52373
0.00440278
0.000790008
9.74103e-05
0
0
0
1682192483.15696
msg_begin
7.75779e+06
-363815
-2.5207
0.0122628
0.0125611
0.000434085
0
0
0
1682192483.20636
msg_begin
7.75779e+06
-363815
-2.51552
0.00533537
0.00246248
0.000667109
0
0
0
1682192483.25635
msg_begin
7.75779e+06
-363816
-2.51544
0.000764306
0.00114607
0.000418363
0
0
0
1682192483.30632
msg_begin
7.75779e+06
-363816
-2.51694
0.0199723
0.0140837
0.00121562
0
0
0
1682192483.35633
msg_begin
7.75779e+06
-363816
-2.51779
0.0176353
0.00466265
0.000811459
0
0
0
1682192483.40624
msg_begin
7.75779e+06
-363816
-2.5189
0.0296817
0.0216043
0.00171929
0
0
0
1682192483.45619
msg_begin
7.75779e+06
-363816
-2.518
0.00348056
0.00224125
0.000133994
0
0
0
1682192483.50612
msg_begin
7.75779e+06
-363816
-2.51844
0.0096452
0.00421366
0.000570971
0
0
0
1682192483.55609
msg_begin
7.75779e+06
-363816
-2.51777
0.00497685
0.00216641
0.000175462
0
0
0
1682192483.60604
msg_begin
7.75779e+06
-363817
-2.52002
0.00422245
0.00326032
0.000164061
0
0
0
1682192483.65599
msg_begin
7.75779e+06
-363817
-2.51805
0.0190305
0.0159419
0.000624334
0
0
0
1682192483.70600
msg_begin
7.75779e+06
-363817
-2.51861
0.0106838
0.00920424
0.000338528
0
0
0
1682192483.75594
msg_begin
7.75779e+06
-363817
-2.51943
0.00955396
0.010428
0.00125693
0
0
0
1682192483.80597
msg_begin
7.75779e+06
-363817
-2.52003
0.0025094
0.00167251
0.000208073
0
0
0
1682192483.85598
msg_begin
7.75779e+06
-363817
-2.52053
0.004132
0.0037324
0.000716348
0
0
0
1682192483.90597
msg_begin
7.75779e+06
-363817
-2.52194
0.0370629
0.0227013
0.000302687
0
0
0
1682192483.95602
msg_begin
7.75779e+06
-363817
-2.52238
0.000928647
0.000829957
4.28564e-05
0
0
0
1682192484.00604
msg_begin
7.75779e+06
-363817
-2.52273
0.00909606
0.00702619
0.000433424
0
0
0
1682192484.05613
msg_begin
7.75779e+06
-363818
-2.52216
0.00124987
0.000558551
0.000111905
0
0
0
1682192484.10615
msg_begin
7.75779e+06
-363818
-2.52235
0.00968316
0.00608819
0.000745751
0
0
0
1682192484.15620
msg_begin
7.75779e+06
-363818
-2.5217
0.0144354
0.00889682
0.000922131
0
0
0
1682192484.20625
msg_begin
7.75779e+06
-363818
-2.52097
0.00766693
0.00821128
0.000553274
0
0
0
1682192484.25632
msg_begin
7.75779e+06
-363818
-2.52206
0.0056758
0.0057752
0.000762446
0
0
0
1682192484.30635
msg_begin
7.75779e+06
-363818
-2.52262
0.00210426
0.00525412
0.000268791
0
0
0
1682192484.35644
msg_begin
7.75779e+06
-363818
-2.5234
0.000690227
0.000363759
0.00011446
0
0
0
1682192484.40649
msg_begin
7.75779e+06
-363818
-2.52246
0.00302462
0.000940176
2.26128e-05
0
0
0
1682192484.45658
msg_begin
7.75779e+06
-363818
-2.52253
3.91155e-08
5.82077e-10
4.44089e-15
0
0
0
1682192484.50655
msg_begin
7.75779e+06
-363818
-2.5219
0.00304646
0.00651713
0.00113221
0
0
0
1682192484.55650
msg_begin
7.75779e+06
-363819
-2.52192
0.00941242
0.0105362
0.000841908
0
0
0
1682192484.60653
msg_begin
7.75779e+06
-363819
-2.52447
0.00215051
0.00197622
0.000443369
0
0
0
1682192484.65650
msg_begin
7.75779e+06
-363819
-2.52213
0.0176374
0.0149081
0.00141081
0
0
0
1682192484.70644
msg_begin
7.75779e+06
-363819
-2.52386
0.0057428
0.00606056
0.000592089
0
0
0
1682192484.75647
msg_begin
7.75779e+06
-363819
-2.52192
5.58794e-09
5.23869e-10
8.88178e-16
0
0
0
1682192484.80639
msg_begin
7.75779e+06
-363819
-2.52281
0.00149564
0.00118903
0.00029955
0
0
0
1682192484.85637
msg_begin
7.75779e+06
-363819
-2.52457
0.00508227
0.000947323
0.000380512
0
0
0
1682192484.90636
msg_begin
7.75779e+06
-363819
-2.52518
0.00330129
0.00517126
0.000255399
0
0
0
1682192484.95624
msg_begin
7.75779e+06
-363819
-2.52153
0.0015768
0.000336139
0.000288357
0
0
0
1682192485.00620
msg_begin
7.75779e+06
-363819
-2.52186
0.0113658
0.00561596
0.000363418
0
0
0
1682192485.05613
msg_begin
7.75779e+06
-363819
-2.5223
0.00728928
0.00227722
0.00210007
0
0
0
1682192485.10611
msg_begin
7.75779e+06
-363819
-2.52379
0.00831034
0.00570887
0.000331957
0
0
0
1682192485.15604
msg_begin
7.75779e+06
-363819
-2.52477
0.00095889
0.00216063
0.000124757
0
0
0
1682192485.20601
msg_begin
7.75779e+06
-363819
-2.52553
0.00795294
0.00350465
0.000547054
0
0
0
1682192485.25602
msg_begin
7.75779e+06
-363819
-2.52529
0.00277719
0.00377436
0.000250147
0
0
0
1682192485.30607
msg_begin
7.75779e+06
-363819
-2.52181
0.00405105
0.00210281
0.000484663
0
0
0
1682192485.35606
msg_begin
7.75779e+06
-363819
-2.52005
0.0115898
0.00354323
0.000651013
0
0
0
1682192485.40601
msg_begin
7.75779e+06
-363819
-2.52082
0.00738114
0.00749255
0.00084397
0
0
0
1682192485.45608
msg_begin
7.75779e+06
-363819
-2.52218
0.00448746
0.00409565
0.000401561
0
0
0
1682192485.50615
msg_begin
7.75779e+06
-363819
-2.52275
0.00131632
0.000752347
2.85566e-05
0
0
0
1682192485.55618
msg_begin
7.75779e+06
-363819
-2.52256
0.00523193
0.00387828
0.00035668
0
0
0
1682192485.60622
msg_begin
7.75779e+06
-363819
-2.52327
0.000820812
0.0105554
0.00113238
0
0
0
1682192485.65625
msg_begin
7.75779e+06
-363819
-2.52299
0.00380759
0.00296914
0.000534109
0
0
0
1682192485.70640
msg_begin
7.75779e+06
-363819
-2.52107
0.00343688
0.00857792
0.000249005
0
0
0
1682192485.75641
msg_begin
7.75779e+06
-363819
-2.52127
0.00163071
0.00932191
0.000362364
0
0
0
1682192485.80644
msg_begin
7.75779e+06
-363819
-2.52108
0.00369631
0.0078487
0.000359318
0
0
0
1682192485.85640
msg_begin
7.75779e+06
-363819
-2.52154
0.00230209
0.00169404
0.000254715
0
0
0
1682192485.90649
msg_begin
7.75779e+06
-363819
-2.52101
0.00387016
0.00332677
0.000512565
0
0
0
1682192485.95645
msg_begin
7.75779e+06
-363819
-2.52127
0.00396447
0.00462298
0.000390012
0
0
0
1682192486.00644
msg_begin
7.75779e+06
-363819
-2.52029
0.000529764
0.000412726
2.60355e-05
0
0
0
1682192486.05643
msg_begin
7.75779e+06
-363819
-2.52146
0.00727389
0.00902403
0.000736907
0
0
0
1682192486.10636
msg_begin
7.75779e+06
-363819
-2.52164
0.00727218
0.00216132
0.000198479
0
0
0
1682192486.15637
msg_begin
7.75779e+06
-363819
-2.52195
0.00226931
0.00214551
0.000206355
0
0
0
1682192486.20633
msg_begin
7.75779e+06
-363819
-2.52268
0.00610998
0.00402335
0.000296531
0
0
0
1682192486.25624
msg_begin
7.75779e+06
-363819
-2.52161
0.00406422
0.0032607
0.000414903
0
0
0
1682192486.30620
msg_begin
7.75779e+06
-363819
-2.5226
0.0103275
0.0106927
0.000666642
0
0
0
1682192486.35613
msg_begin
7.75779e+06
-363819
-2.52449
0.000150157
0.00395769
0.000203439
0
0
0
1682192486.40609
msg_begin
7.75779e+06
-363819
-2.52659
0.00188853
0.00385404
0.000294504
0
0
0
1682192486.45601
msg_begin
7.75779e+06
-363819
-2.52616
0.0034402
0.00220445
0.000240011
0
0
0
1682192486.50588
msg_begin
7.75779e+06
-363819
-2.5258
0.00282449
0.00240294
0.000155027
0
0
0
1682192486.55577
msg_begin
7.75779e+06
-363819
-2.52595
0.00564581
0.00356682
0.000323945
0
0
0
1682192486.60575
msg_begin
7.75779e+06
-363819
-2.5258
0.00342576
0.00583411
0.000546091
0
0
0
1682192486.65571
msg_begin
7.75779e+06
-363819
-2.52617
0.00153129
0.00494839
7.80658e-05
0
0
0
1682192486.70565
msg_begin
7.75779e+06
-363819
-2.52713
0.00205667
0.00133038
0.000131953
0
0
0
1682192486.75566
msg_begin
7.75779e+06
-363819
-2.52596
0.00310643
0.00495898
0.000408898
0
0
0
1682192486.80565
msg_begin
7.75779e+06
-363819
-2.52585
0.00319082
0.00595426
0.000744558
0
0
0
1682192486.85565
msg_begin
7.75779e+06
-363819
-2.52638
0.00307335
0.00611338
0.00067485
0
0
0
1682192486.90562
msg_begin
7.75779e+06
-363819
-2.52607
0.00472629
0.00555906
0.000304031
0
0
0
1682192486.95566
msg_begin
7.75779e+06
-363819
-2.52662
0.00217988
0.00392229
0.00022932
0
0
0
1682192487.00567
msg_begin
7.75779e+06
-363819
-2.52671
0.00186797
0.00202015
0.000225627
0
0
0
1682192487.05578
msg_begin
7.75779e+06
-363819
-2.52634
0.00435225
0.00606343
0.000357539
0
0
0
1682192487.10578
msg_begin
7.75779e+06
-363819
-2.52664
0.000770114
0.00235234
6.71055e-05
0
0
0
1682192487.15580
msg_begin
7.75779e+06
-363819
-2.52627
0.000424607
0.000743995
5.49428e-05
0
0
0
1682192487.20589
msg_begin
7.75779e+06
-363819
-2.52644
0.0013441
0.00262373
0.000156664
0
0
0
1682192487.25591
msg_begin
7.75779e+06
-363819
-2.52647
0.000722367
0.00116507
6.83079e-05
0
0
0
1682192487.30673
msg_begin
7.75779e+06
-363819
-2.52555
0.00265218
0.00189969
0.000480931
0
0
0
1682192487.35594
msg_begin
7.75779e+06
-363819
-2.52695
0.0102343
0.00911319
0.000844872
0
0
0
1682192487.40595
msg_begin
7.75779e+06
-363819
-2.52701
0.0082026
0.00757234
0.000954733
0
0
0
1682192487.45602
msg_begin
7.75779e+06
-363819
-2.52633
0.00168274
0.00207489
0.000154704
0
0
0
1682192487.50687
msg_begin
7.75779e+06
-363819
-2.52672
0.00226162
0.00325959
0.000211357
0
0
0
1682192487.55594
msg_begin
7.75779e+06
-363819
-2.52569
0.00329835
0.00413106
0.000403252
0
0
0
1682192487.60583
msg_begin
7.75779e+06
-363819
-2.5241
0.00186745
0.00897485
0.000834346
0
0
0
1682192487.65581
msg_begin
7.75779e+06
-363819
-2.52604
0.00164949
0.00347308
0.000331276
0
0
0
1682192487.70635
msg_begin
7.75779e+06
-363819
-2.52726
0.00786371
0.00198771
0.000300071
0
0
0
1682192487.75564
msg_begin
7.75779e+06
-363819
-2.5286
0.00961421
0.00251271
0.00074509
0
0
0
1682192487.80559
msg_begin
7.75779e+06
-363819
-2.52832
0.00498882
0.00578043
0.000405674
0
0
0
1682192487.85561
msg_begin
7.75779e+06
-363819
-2.52767
0.00574473
0.00591571
0.00150557
0
0
0
1682192487.90556
msg_begin
7.75779e+06
-363819
-2.52802
0.000851808
0.00287869
0.000172452
0
0
0
1682192487.95546
msg_begin
7.75779e+06
-363819
-2.52791
0.00313113
0.00413924
0.000437897
0
0
0
1682192488.00545
msg_begin
7.75779e+06
-363819
-2.52871
0.0023473
0.00167211
0.000234579
0
0
0
1682192488.05541
msg_begin
7.75779e+06
-363819
-2.52536
0.0093051
0.00285411
0.00079441
0
0
0
1682192488.10538
msg_begin
7.75779e+06
-363819
-2.52578
0.00430274
0.00389988
0.000909603
0
0
0
1682192488.15545
msg_begin
7.75779e+06
-363819
-2.52519
0.00750365
0.00152387
0.000240491
0
0
0
1682192488.20543
msg_begin
7.75779e+06
-363819
-2.5265
0.0110716
0.00853663
0.00186482
0
0
0
1682192488.25550
msg_begin
7.75779e+06
-363819
-2.52486
0.0012294
0.00209613
0.000126202
0
0
0
1682192488.30550
msg_begin
7.75779e+06
-363819
-2.52868
0.00256399
0.00321312
0.000282817
0
0
0
1682192488.35550
msg_begin
7.75779e+06
-363819
-2.52863
0.00628819
0.00518862
0.000390665
0
0
0
1682192488.40556
msg_begin
7.75779e+06
-363819
-2.52863
0.00195811
0.00408515
0.000204576
0
0
0
1682192488.45558
msg_begin
7.75779e+06
-363819
-2.5286
0.00251223
0.0022142
0.000167477
0
0
0
1682192488.50567
msg_begin
7.75779e+06
-363819
-2.52563
0.00225993
0.00273207
0.000730038
0
0
0
1682192488.55578
msg_begin
7.75779e+06
-363819
-2.52661
0.00714347
0.00619457
0.00125253
0
0
0
1682192488.60579
msg_begin
7.75779e+06
-363819
-2.52862
0.00203889
0.00839306
0.000210659
0
0
0
1682192488.65581
msg_begin
7.75779e+06
-363819
-2.52839
0.00237552
0.00355553
0.000652349
0
0
0
1682192488.70585
msg_begin
7.75779e+06
-363819
-2.52868
0.00268553
0.00427888
0.000155528
0
0
0
1682192488.75596
msg_begin
7.75779e+06
-363819
-2.52737
0.00542877
0.00518049
0.00115131
0
0
0
1682192488.80589
msg_begin
7.75779e+06
-363819
-2.52504
0.00352527
0.00227258
0.000303098
0
0
0
1682192488.85595
msg_begin
7.75779e+06
-363819
-2.52512
0.00402291
0.00225212
0.000408463
0
0
0
1682192488.90592
msg_begin
7.75779e+06
-363819
-2.52701
0.00239228
0.00135552
0.000510913
0
0
0
1682192488.95588
msg_begin
7.75779e+06
-363819
-2.52524
0.00321857
0.00138838
0.000339745
0
0
0
1682192489.00581
msg_begin
7.75779e+06
-363819
-2.52493
0.00489731
0.00275719
0.000284147
0
0
0
1682192489.05578
msg_begin
7.75779e+06
-363819
-2.5253
0.00294347
0.00240479
0.00129911
0
0
0
1682192489.10575
msg_begin
7.75779e+06
-363819
-2.52829
0.00381936
0.00252827
0.000720447
0
0
0
1682192489.15566
msg_begin
7.75779e+06
-363819
-2.52432
0.00221808
0.00113123
0.000467537
0
0
0
1682192489.20571
msg_begin
7.75779e+06
-363819
-2.52534
0.00304817
0.00203945
0.000933783
0
0
0
1682192489.25564
msg_begin
7.75779e+06
-363819
-2.52575
0.00248775
0.00547149
0.00173956
0
0
0
1682192489.30647
msg_begin
7.75779e+06
-363819
-2.5254
0.00403659
0.00400813
0.000787367
0
0
0
1682192489.35569
