msg_begin
7.75789e+06
-363742
2.486
3
3
0.349066
3
3
0.349066
1682191411.71232
msg_begin
7.75789e+06
-363742
2.50617
3.20717
3.01245
0.360764
0
0
0
1682191411.72709
msg_begin
7.75789e+06
-363742
2.49683
2.83932
2.90118
0.33234
0
0
0
1682191411.77704
msg_begin
7.75789e+06
-363742
2.53056
2.75333
2.8863
0.323564
0
0
0
1682191411.82705
msg_begin
7.75789e+06
-363742
2.51522
2.90252
2.96236
0.341367
0
0
0
1682191411.87702
msg_begin
7.75789e+06
-363741
2.73477
4.65661e-08
3.08501e-09
3.10862e-15
0
0
0
1682191411.92702
msg_begin
7.75789e+06
-363741
-2.85242
3.07336e-08
4.65661e-10
1.77636e-15
0
0
0
1682191411.97698
msg_begin
7.75789e+06
-363742
-2.47778
4.65661e-09
3.49246e-10
0
0
0
0
1682191412.02697
msg_begin
7.75789e+06
-363742
-2.45692
1.11759e-08
2.03727e-09
4.44089e-16
0
0
0
1682191412.07692
msg_begin
7.75789e+06
-363742
-2.47904
5.7742e-08
9.31323e-10
4.88498e-15
0
0
0
1682191412.12696
msg_begin
7.75789e+06
-363741
-2.52688
9.31323e-09
4.65661e-10
2.66454e-15
0
0
0
1682191412.17695
msg_begin
7.75789e+06
-363741
-2.52107
3.07336e-08
3.43425e-09
2.66454e-15
0
0
0
1682191412.22695
msg_begin
7.75789e+06
-363741
-2.51781
0.000543276
3.63077e-05
4.333e-05
0
0
0
1682191412.27702
msg_begin
7.75789e+06
-363741
-2.51267
0.00142253
0.00253839
0.000351243
0
0
0
1682191412.32696
msg_begin
7.75789e+06
-363741
-2.50761
0.00213156
0.00155203
1.04393e-06
0
0
0
1682191412.37698
msg_begin
7.75789e+06
-363741
-2.50336
0.00859483
0.00904666
0.000770874
0
0
0
1682191412.42692
msg_begin
7.75789e+06
-363741
-2.49945
4.65661e-09
1.16415e-10
0
0
0
0
1682191412.47693
msg_begin
7.75789e+06
-363741
-2.49935
0.00144581
0.00411592
0.000695127
0
0
0
1682191412.52695
msg_begin
7.75789e+06
-363741
-2.49917
1.86265e-08
2.21189e-09
1.77636e-15
0
0
0
1682191412.57693
msg_begin
7.75789e+06
-363741
-2.49904
0.00757022
0.0156781
0.000927976
0
0
0
1682191412.62686
msg_begin
7.75789e+06
-363741
-2.49725
0.00029594
8.04267e-05
6.69633e-06
0
0
0
1682191412.67691
msg_begin
7.75789e+06
-363741
-2.4976
0.00574119
0.000510116
0.000199619
0
0
0
1682191412.72686
msg_begin
7.75789e+06
-363741
-2.49712
0.00303464
0.0011488
0.000109514
0
0
0
1682191412.77688
msg_begin
7.75789e+06
-363741
-2.49703
0.00153608
0.00110136
0.000110222
0
0
0
1682191412.82684
msg_begin
7.75789e+06
-363741
-2.49709
0.00430605
0.000868667
0.000395861
0
0
0
1682191412.87686
msg_begin
7.75789e+06
-363741
-2.49758
0.00433902
0.000682305
0.000346405
0
0
0
1682191412.92687
msg_begin
7.75789e+06
-363741
-2.49706
0.00222446
0.00168382
0.00015721
0
0
0
1682191412.97690
msg_begin
7.75789e+06
-363741
-2.49723
0.00290079
0.0015762
0.000139919
0
0
0
1682191413.02688
msg_begin
7.75789e+06
-363741
-2.49716
0.0033072
0.000811224
0.000230482
0
0
0
1682191413.07685
msg_begin
7.75789e+06
-363741
-2.49719
0.00375039
0.000600861
0.000109341
0
0
0
1682191413.12687
msg_begin
7.75789e+06
-363741
-2.49747
0.00344156
0.000430282
0.000173362
0
0
0
1682191413.17686
msg_begin
7.75789e+06
-363741
-2.49742
0.00214659
0.000823492
7.41977e-05
0
0
0
1682191413.22687
msg_begin
7.75789e+06
-363741
-2.49708
0.00435807
0.000941281
0.000210894
0
0
0
1682191413.27688
msg_begin
7.75789e+06
-363741
-2.49711
0.00282985
0.000676494
0.000151061
0
0
0
1682191413.32681
msg_begin
7.75789e+06
-363741
-2.49769
0.00469675
0.000946082
0.000172933
0
0
0
1682191413.37682
msg_begin
7.75789e+06
-363741
-2.49736
0.00431228
0.00108089
7.98342e-05
0
0
0
1682191413.42687
msg_begin
7.75789e+06
-363741
-2.4972
0.00128457
0.00198922
0.000166747
0
0
0
1682191413.47693
msg_begin
7.75789e+06
-363741
-2.49517
0.00496425
0.00165702
0.00143257
0
0
0
1682191413.52687
msg_begin
7.75789e+06
-363741
-2.49655
0.00757601
0.00835388
0.000599126
0
0
0
1682191413.57696
msg_begin
7.75789e+06
-363741
-2.49652
0.00801894
0.00311057
0.000231358
0
0
0
1682191413.62689
msg_begin
7.75789e+06
-363741
-2.49937
2.8871e-08
2.73576e-09
8.88178e-16
0
0
0
1682191413.67689
msg_begin
7.75789e+06
-363741
-2.50094
0.00161787
0.00355342
0.000285954
0
0
0
1682191413.72686
msg_begin
7.75789e+06
-363741
-2.49995
0.00308512
0.00189677
0.000367027
0
0
0
1682191413.77690
msg_begin
7.75789e+06
-363741
-2.4984
0.0103903
0.00880691
0.00082658
0
0
0
1682191413.82683
msg_begin
7.75789e+06
-363741
-2.50069
0.0118611
0.00356456
0.00017425
0
0
0
1682191413.87687
msg_begin
7.75789e+06
-363741
-2.49834
0.00080189
0.00445389
0.00048201
0
0
0
1682191413.92688
msg_begin
7.75789e+06
-363741
-2.49785
0.00275362
0.00750691
0.000587339
0
0
0
1682191413.97688
msg_begin
7.75789e+06
-363741
-2.49729
2.79397e-09
9.31323e-10
4.44089e-15
0
0
0
1682191414.02694
msg_begin
7.75789e+06
-363741
-2.50032
0.00421661
0.000761219
0.000786846
0
0
0
1682191414.07694
msg_begin
7.75789e+06
-363741
-2.49879
0.00759293
0.00995634
0.000851574
0
0
0
1682191414.12702
msg_begin
7.75789e+06
-363741
-2.50337
0.00438219
0.0047292
0.000583871
0
0
0
1682191414.17697
msg_begin
7.75789e+06
-363741
-2.49815
0.00147256
0.0017254
0.000852061
0
0
0
1682191414.22704
msg_begin
7.75789e+06
-363741
-2.50253
0.00561881
0.0100178
0.00253223
0
0
0
1682191414.27707
msg_begin
7.75789e+06
-363741
-2.49821
0.00539089
0.00778586
0.000415397
0
0
0
1682191414.32709
msg_begin
7.75789e+06
-363741
-2.49615
8.84756e-08
2.56114e-09
4.44089e-16
0
0
0
1682191414.37715
msg_begin
7.75789e+06
-363741
-2.50021
0.00401302
0.00224124
0.000801291
0
0
0
1682191414.42710
msg_begin
7.75789e+06
-363741
-2.49946
0.00320913
0.00329237
0.000205867
0
0
0
1682191414.47717
msg_begin
7.75789e+06
-363741
-2.49933
0.000596622
0.000820096
0.000143358
0
0
0
1682191414.52718
msg_begin
7.75789e+06
-363741
-2.4993
0.00502051
0.00386689
0.000287997
0
0
0
1682191414.57724
msg_begin
7.75789e+06
-363741
-2.49903
0.00275825
0.00358241
0.000372657
0
0
0
1682191414.62723
msg_begin
7.75789e+06
-363741
-2.49756
0.00552381
0.0142058
0.000721462
0
0
0
1682191414.67723
msg_begin
7.75789e+06
-363741
-2.49857
0.00614361
0.00466673
0.0018173
0
0
0
1682191414.72727
msg_begin
7.75789e+06
-363741
-2.49791
0.00659228
0.00364285
0.000240403
0
0
0
1682191414.77723
msg_begin
7.75789e+06
-363741
-2.49782
0.00835331
0.00521754
0.00034474
0
0
0
1682191414.82726
msg_begin
7.75789e+06
-363741
-2.50018
0.00719918
0.012447
0.00158694
0
0
0
1682191414.87726
msg_begin
7.75789e+06
-363741
-2.49913
0.00133144
0.00495398
0.000230266
0
0
0
1682191414.92722
msg_begin
7.75789e+06
-363741
-2.49851
0.00461602
0.00658236
0.00029679
0
0
0
1682191414.97726
msg_begin
7.75789e+06
-363741
-2.49942
0.000329035
0.000994572
9.82104e-05
0
0
0
1682191415.02718
msg_begin
7.75789e+06
-363741
-2.49942
4.65661e-09
3.37604e-09
8.88178e-16
0
0
0
1682191415.07720
msg_begin
7.75789e+06
-363741
-2.50084
0.00154588
0.00799125
0.000537239
0
0
0
1682191415.12723
msg_begin
7.75789e+06
-363741
-2.50263
0.00485271
0.00860801
0.00029993
0
0
0
1682191415.17723
msg_begin
7.75789e+06
-363741
-2.50402
1.58325e-08
2.32831e-10
3.10862e-15
0
0
0
1682191415.22716
msg_begin
7.75789e+06
-363741
-2.50428
0.00351895
0.00666146
0.000577894
0
0
0
1682191415.27722
msg_begin
7.75789e+06
-363741
-2.50411
0.00417832
0.00773835
0.000273978
0
0
0
1682191415.32717
msg_begin
7.75789e+06
-363741
-2.50387
0.00705466
0.00362381
0.000232471
0
0
0
1682191415.37721
msg_begin
7.75789e+06
-363741
-2.50409
0.00373329
0.00365586
0.000106852
0
0
0
1682191415.42721
msg_begin
7.75789e+06
-363741
-2.50326
0.00269464
0.00504742
0.000213452
0
0
0
1682191415.47722
msg_begin
7.75789e+06
-363741
-2.50053
0.00794345
0.0105227
0.000703211
0
0
0
1682191415.52720
msg_begin
7.75789e+06
-363741
-2.50061
0.0050122
0.00817178
0.000310166
0
0
0
1682191415.57722
msg_begin
7.75789e+06
-363741
-2.50015
0.00502007
0.00580218
0.000176612
0
0
0
1682191415.62717
msg_begin
7.75789e+06
-363741
-2.49953
0.000892253
0.00432211
0.000118099
0
0
0
1682191415.67716
msg_begin
7.75789e+06
-363741
-2.50111
0.00457761
0.00967351
0.0012839
0
0
0
1682191415.72745
msg_begin
7.75789e+06
-363741
-2.50069
0.00389812
0.0077389
0.000579625
0
0
0
1682191415.77714
msg_begin
7.75789e+06
-363741
-2.49824
0.00542162
0.00708419
0.000438757
0
0
0
1682191415.82717
msg_begin
7.75789e+06
-363741
-2.49754
0.0101627
0.00325714
0.000470459
0
0
0
1682191415.87714
msg_begin
7.75789e+06
-363741
-2.49625
4.47035e-08
3.60887e-09
0
0
0
0
1682191415.92792
msg_begin
7.75789e+06
-363741
-2.49835
0.0148493
0.01112
0.00149433
0
0
0
1682191415.97738
msg_begin
7.75789e+06
-363741
-2.49977
0.0030241
0.00341045
0.000436274
0
0
0
1682191416.02711
msg_begin
7.75789e+06
-363741
-2.49853
0.00159771
0.000976149
0.000172835
0
0
0
1682191416.07709
msg_begin
7.75789e+06
-363741
-2.50025
0.00181061
0.000699175
0.000202317
0
0
0
1682191416.12708
msg_begin
7.75789e+06
-363741
-2.49897
0.0029175
0.00303461
0.000994235
0
0
0
1682191416.17708
msg_begin
7.75789e+06
-363741
-2.49813
0.00781829
0.00215373
0.000659777
0
0
0
1682191416.22705
msg_begin
7.75789e+06
-363741
-2.49725
0.0051665
0.00856426
0.000322594
0
0
0
1682191416.27705
msg_begin
7.75789e+06
-363742
-2.49834
0.00501201
0.00355066
0.000192193
0
0
0
1682191416.32747
msg_begin
7.75789e+06
-363742
-2.50095
0.00950264
0.00172893
0.000897978
0
0
0
1682191416.37706
msg_begin
7.75789e+06
-363742
-2.4975
0.00159011
0.000729627
0.000124428
0
0
0
1682191416.42703
msg_begin
7.75789e+06
-363742
-2.49701
0.00508987
0.00637737
0.000461324
0
0
0
1682191416.47699
msg_begin
7.75789e+06
-363742
-2.49798
0.00117413
0.00514812
0.00016571
0
0
0
1682191416.52697
msg_begin
7.75789e+06
-363742
-2.49642
0.00165679
0.000717756
8.18886e-05
0
0
0
1682191416.57701
msg_begin
7.75789e+06
-363742
-2.50266
0.00447223
0.00415155
0.000134299
0
0
0
1682191416.62700
msg_begin
7.75789e+06
-363742
-2.50072
3.91155e-08
3.25963e-09
2.22045e-15
0
0
0
1682191416.67696
msg_begin
7.75789e+06
-363742
-2.50134
0.00192511
0.000150032
2.32012e-05
0
0
0
1682191416.72760
msg_begin
7.75789e+06
-363742
-2.50223
0.0142584
0.0120467
0.000593416
0
0
0
1682191416.77694
msg_begin
7.75789e+06
-363742
-2.50177
0.00708302
0.0192489
0.000307248
0
0
0
1682191416.82699
msg_begin
7.75789e+06
-363742
-2.49918
0.00233253
0.0191409
0.000182864
0
0
0
1682191416.87701
msg_begin
7.75789e+06
-363742
-2.49897
0.00472422
0.00359241
0.000738346
0
0
0
1682191416.92751
msg_begin
7.75789e+06
-363742
-2.50179
0.000783267
0.000399064
8.07874e-05
0
0
0
1682191416.97705
msg_begin
7.75789e+06
-363742
-2.5025
0.00177261
0.0145207
0.000371188
0
0
0
1682191417.02706
msg_begin
7.75789e+06
-363742
-2.50147
0.00113543
0.00125637
7.4503e-05
0
0
0
1682191417.07703
msg_begin
7.75789e+06
-363742
-2.50114
0.00453394
0.00531363
0.000295272
0
0
0
1682191417.12734
msg_begin
7.75789e+06
-363742
-2.49884
0.00445983
0.00501177
0.00117047
0
0
0
1682191417.17707
msg_begin
7.75789e+06
-363742
-2.49713
0.0135315
0.00756287
0.000512067
0
0
0
1682191417.22708
msg_begin
7.75789e+06
-363742
-2.49401
0.00110766
0.0017934
0.000109739
0
0
0
1682191417.27705
msg_begin
7.75789e+06
-363742
-2.49507
0.00189247
0.00348684
0.000359683
0
0
0
1682191417.32737
msg_begin
7.75789e+06
-363742
-2.49875
0.00260356
0.0032457
0.00038513
0
0
0
1682191417.37708
msg_begin
7.75789e+06
-363742
-2.49922
0.00286452
0.00526073
0.000266282
0
0
0
1682191417.42711
msg_begin
7.75789e+06
-363742
-2.49839
0.00416036
0.00452233
0.000241395
0
0
0
1682191417.47711
msg_begin
7.75789e+06
-363742
-2.49985
0.000294308
0.000119419
2.25407e-05
0
0
0
1682191417.52780
msg_begin
7.75789e+06
-363742
-2.50129
0.00305146
0.00361604
0.000340205
0
0
0
1682191417.57711
msg_begin
7.75789e+06
-363742
-2.49876
0.000121496
0.000902695
4.9943e-05
0
0
0
1682191417.62707
msg_begin
7.75789e+06
-363742
-2.49561
1.86265e-09
3.31784e-09
3.9968e-15
0
0
0
1682191417.67713
msg_begin
7.75789e+06
-363742
-2.49704
0.00188591
0.00157433
6.14561e-05
0
0
0
1682191417.72759
msg_begin
7.75789e+06
-363742
-2.49923
2.42144e-08
2.21189e-09
1.33227e-15
0
0
0
1682191417.77714
msg_begin
7.75789e+06
-363742
-2.49977
0.00192184
0.00680482
0.000252346
0
0
0
1682191417.82718
msg_begin
7.75789e+06
-363742
-2.49717
0.00206354
0.00221882
0.000138971
0
0
0
1682191417.87709
msg_begin
7.75789e+06
-363742
-2.49994
7.91624e-08
2.91038e-09
1.77636e-15
0
0
0
1682191417.92705
msg_begin
7.75789e+06
-363742
-2.49466
0.00234889
0.00105555
4.44031e-06
0
0
0
1682191417.97697
msg_begin
7.75789e+06
-363742
-2.49401
0.00246667
0.0105021
0.000717287
0
0
0
1682191418.02694
msg_begin
7.75789e+06
-363743
-2.49676
0.00391739
0.00197367
0.000170103
0
0
0
1682191418.07693
msg_begin
7.75789e+06
-363743
-2.49548
0.0018111
0.00502147
0.000886506
0
0
0
1682191418.12693
msg_begin
7.75789e+06
-363743
-2.498
0.0024167
0.00629672
0.000202054
0
0
0
1682191418.17693
msg_begin
7.75789e+06
-363743
-2.49629
0.0169166
0.00183751
0.000820127
0
0
0
1682191418.22685
msg_begin
7.75789e+06
-363743
-2.49915
0.00297508
0.00380813
0.000607822
0
0
0
1682191418.27690
msg_begin
7.75789e+06
-363743
-2.49717
0.0164482
0.00596582
0.000545548
0
0
0
1682191418.32687
msg_begin
7.75789e+06
-363743
-2.4957
0.00220376
0.00504909
0.000286018
0
0
0
1682191418.37684
msg_begin
7.75789e+06
-363743
-2.49893
0.000378001
0.00501432
0.000121805
0
0
0
1682191418.42683
msg_begin
7.75789e+06
-363743
-2.5009
0.0020991
0.00167768
0.000175938
0
0
0
1682191418.47680
msg_begin
7.75789e+06
-363743
-2.49653
9.31323e-10
1.57161e-09
4.44089e-16
0
0
0
1682191418.52677
msg_begin
7.75789e+06
-363743
-2.49206
6.98492e-08
3.37604e-09
4.88498e-15
0
0
0
1682191418.57678
msg_begin
7.75789e+06
-363743
-2.49574
0.000750676
0.000144861
3.1641e-06
0
0
0
1682191418.62671
msg_begin
7.75789e+06
-363743
-2.49304
9.31323e-10
7.567e-10
2.66454e-15
0
0
0
1682191418.67676
msg_begin
7.75789e+06
-363744
-2.49257
0.0194908
0.00849526
0.000443414
0
0
0
1682191418.72674
msg_begin
7.75788e+06
-363744
-2.49275
0.000379684
0.000282887
3.14834e-05
0
0
0
1682191418.77670
msg_begin
7.75788e+06
-363744
-2.49206
0.00890894
0.0145665
0.000807232
0
0
0
1682191418.82674
msg_begin
7.75788e+06
-363744
-2.4964
0.00457463
0.00624184
0.000420074
0
0
0
1682191418.87666
msg_begin
7.75788e+06
-363744
-2.49667
0.00115864
0.00254897
0.000726271
0
0
0
1682191418.92666
msg_begin
7.75788e+06
-363744
-2.49588
0.00294192
0.0196803
0.000206476
0
0
0
1682191418.97695
msg_begin
7.75788e+06
-363744
-2.49396
0.00149821
0.00356381
0.000201447
0
0
0
1682191419.02672
msg_begin
7.75788e+06
-363744
-2.49591
0.00486237
0.00660259
0.00121568
0
0
0
1682191419.07660
msg_begin
7.75788e+06
-363744
-2.49706
0.0182048
0.00300049
0.000283445
0
0
0
1682191419.12664
msg_begin
7.75788e+06
-363744
-2.49374
0.0074049
0.00663041
0.00145656
0
0
0
1682191419.17667
msg_begin
7.75788e+06
-363744
-2.4979
0.00157463
0.00125555
0.000654012
0
0
0
1682191419.22667
msg_begin
7.75788e+06
-363745
-2.49511
3.1665e-08
3.37604e-09
2.22045e-15
0
0
0
1682191419.27665
msg_begin
7.75788e+06
-363745
-2.49446
0.00059817
0.000714852
3.68549e-05
0
0
0
1682191419.32667
msg_begin
7.75788e+06
-363745
-2.49443
0.000752932
0.00117088
6.1242e-05
0
0
0
1682191419.37667
msg_begin
7.75788e+06
-363745
-2.49163
0.00302663
0.00829475
0.000260121
0
0
0
1682191419.42661
msg_begin
7.75788e+06
-363745
-2.49138
0.00728269
0.00482564
0.000910729
0
0
0
1682191419.47666
msg_begin
7.75788e+06
-363745
-2.48868
0.00456438
0.0100465
0.000856401
0
0
0
1682191419.52662
msg_begin
7.75788e+06
-363745
-2.49038
0.00294458
0.000813046
7.07259e-05
0
0
0
1682191419.57660
msg_begin
7.75788e+06
-363745
-2.4892
6.61239e-08
4.07454e-10
3.10862e-15
0
0
0
1682191419.62662
msg_begin
7.75788e+06
-363745
-2.48985
1.02445e-08
2.91038e-10
4.88498e-15
0
0
0
1682191419.67657
msg_begin
7.75788e+06
-363746
-2.48658
0.00753825
0.00373423
0.000740715
0
0
0
1682191419.72662
msg_begin
7.75788e+06
-363746
-2.48532
0.0101091
0.00232325
0.000688442
0
0
0
1682191419.77655
msg_begin
7.75788e+06
-363746
-2.48373
0.00237337
0.00610961
0.000794986
0
0
0
1682191419.82652
msg_begin
7.75788e+06
-363746
-2.48633
0.00414507
0.00463593
0.000679093
0
0
0
1682191419.87653
msg_begin
7.75788e+06
-363746
-2.48584
0.0029161
0.00260508
0.00022664
0
0
0
1682191419.92653
msg_begin
7.75788e+06
-363746
-2.48567
0.0102418
0.00248577
0.000395233
0
0
0
1682191419.97646
msg_begin
7.75788e+06
-363746
-2.48471
0.0111843
0.00614761
0.000392927
0
0
0
1682191420.02644
msg_begin
7.75788e+06
-363746
-2.48499
0.00849427
0.00624091
0.000698892
0
0
0
1682191420.07635
msg_begin
7.75788e+06
-363747
-2.48543
0.000191863
0.00140505
0.000105009
0
0
0
1682191420.12635
msg_begin
7.75788e+06
-363747
-2.48491
0.00878622
0.0056475
0.000980047
0
0
0
1682191420.17635
msg_begin
7.75788e+06
-363747
-2.48291
7.91624e-08
7.567e-10
1.33227e-15
0
0
0
1682191420.22637
msg_begin
7.75788e+06
-363747
-2.48365
0.0101612
0.0120927
0.00037639
0
0
0
1682191420.27639
msg_begin
7.75788e+06
-363747
-2.48274
0.0144509
0.0166171
0.000446707
0
0
0
1682191420.32642
msg_begin
7.75788e+06
-363747
-2.48289
0.00402967
0.00468177
0.000270996
0
0
0
1682191420.37634
msg_begin
7.75788e+06
-363747
-2.48218
0.00268706
0.00489234
0.000248632
0
0
0
1682191420.42627
msg_begin
7.75788e+06
-363747
-2.48185
0.00729865
0.00914023
0.000416638
0
0
0
1682191420.47637
msg_begin
7.75788e+06
-363748
-2.48127
0.0072925
0.00565232
0.00321286
0
0
0
1682191420.52632
msg_begin
7.75788e+06
-363748
-2.47636
0.000739801
0.000139086
0.000151915
0
0
0
1682191420.57633
msg_begin
7.75788e+06
-363748
-2.47768
0.0013295
0.00209435
0.00020148
0
0
0
1682191420.62631
msg_begin
7.75788e+06
-363748
-2.47791
0.00848925
0.00690472
0.00053222
0
0
0
1682191420.67628
msg_begin
7.75788e+06
-363748
-2.48163
0.000979337
0.00482706
0.000524383
0
0
0
1682191420.72628
msg_begin
7.75788e+06
-363748
-2.48181
0.00453588
0.00422199
0.000449264
0
0
0
1682191420.77626
msg_begin
7.75788e+06
-363748
-2.48026
0.00201009
0.00277335
0.000304268
0
0
0
1682191420.82630
msg_begin
7.75788e+06
-363749
-2.47752
0.00738595
0.00526959
0.000380268
0
0
0
1682191420.87623
msg_begin
7.75788e+06
-363749
-2.47609
0.00527229
0.00265742
9.41514e-05
0
0
0
1682191420.92624
msg_begin
7.75788e+06
-363749
-2.47507
0.000590958
0.00537548
0.000319243
0
0
0
1682191420.97625
msg_begin
7.75788e+06
-363749
-2.47744
0.00591061
0.00407282
0.00190641
0
0
0
1682191421.02625
msg_begin
7.75788e+06
-363749
-2.47927
0.00324136
0.00556482
0.000396203
0
0
0
1682191421.07626
msg_begin
7.75788e+06
-363749
-2.47827
0.00218513
0.00197774
2.58823e-05
0
0
0
1682191421.12618
msg_begin
7.75788e+06
-363749
-2.47894
0.0205784
0.0137264
0.000587971
0
0
0
1682191421.17621
msg_begin
7.75788e+06
-363750
-2.47648
0.00016989
0.00217628
9.43098e-05
0
0
0
1682191421.22619
msg_begin
7.75788e+06
-363750
-2.47688
0.00109517
0.000730953
3.12446e-05
0
0
0
1682191421.27613
msg_begin
7.75788e+06
-363750
-2.47725
0.00955273
0.0140073
0.000774097
0
0
0
1682191421.32615
msg_begin
7.75788e+06
-363750
-2.47683
0.0086003
5.09269e-06
0.000343099
0
0
0
1682191421.37615
msg_begin
7.75788e+06
-363750
-2.47893
0.00521844
0.00575124
0.000295784
0
0
0
1682191421.42609
msg_begin
7.75788e+06
-363750
-2.48127
4.00469e-08
3.49246e-09
4.44089e-15
0
0
0
1682191421.47604
msg_begin
7.75788e+06
-363751
-2.48011
0.00224893
0.00312637
9.96624e-05
0
0
0
1682191421.52603
msg_begin
7.75788e+06
-363751
-2.47991
0.00650281
0.0142958
9.93597e-05
0
0
0
1682191421.57598
msg_begin
7.75788e+06
-363751
-2.47931
0.00909948
0.00715295
0.000818583
0
0
0
1682191421.62597
msg_begin
7.75788e+06
-363751
-2.48134
0.00334493
0.00282835
0.000250306
0
0
0
1682191421.67595
msg_begin
7.75788e+06
-363751
-2.47989
7.28916e-05
0.000862538
9.19298e-05
0
0
0
1682191421.72592
msg_begin
7.75788e+06
-363751
-2.47728
0.000806159
0.000610942
3.65111e-05
0
0
0
1682191421.77585
msg_begin
7.75788e+06
-363751
-2.47872
0.00569734
0.00216375
0.000401121
0
0
0
1682191421.82580
msg_begin
7.75787e+06
-363752
-2.47912
5.58794e-09
2.96859e-09
4.44089e-16
0
0
0
1682191421.87581
msg_begin
7.75787e+06
-363752
-2.48177
0.0155664
0.00790741
0.000703277
0
0
0
1682191421.92649
msg_begin
7.75787e+06
-363752
-2.4807
5.58794e-09
4.65661e-10
3.55271e-15
0
0
0
1682191421.97575
msg_begin
7.75787e+06
-363752
-2.48217
0.00353343
0.00305067
0.00024106
0
0
0
1682191422.02570
msg_begin
7.75787e+06
-363752
-2.48499
0.00291467
0.00485367
0.000183286
0
0
0
1682191422.07565
msg_begin
7.75787e+06
-363752
-2.4856
0.00728402
0.00838667
0.000459179
0
0
0
1682191422.12626
msg_begin
7.75787e+06
-363753
-2.48392
2.98023e-08
5.82077e-10
2.22045e-15
0
0
0
1682191422.17558
msg_begin
7.75787e+06
-363753
-2.48386
0.0135824
0.00744959
0.00116194
0
0
0
1682191422.22552
msg_begin
7.75787e+06
-363753
-2.48381
0.00900153
0.0109901
0.000621099
0
0
0
1682191422.27557
msg_begin
7.75787e+06
-363753
-2.48483
0.0115802
0.00785611
0.00112221
0
0
0
1682191422.32581
msg_begin
7.75787e+06
-363753
-2.48592
0.0334073
0.0342755
0.00065522
0
0
0
1682191422.37546
msg_begin
7.75787e+06
-363753
-2.48655
0.00493097
0.00799808
0.000727445
0
0
0
1682191422.42548
msg_begin
7.75787e+06
-363754
-2.48534
0.000147276
0.000308973
2.17042e-05
0
0
0
1682191422.47550
msg_begin
7.75787e+06
-363754
-2.48713
0.000576562
0.000302613
5.22392e-05
0
0
0
1682191422.52602
msg_begin
7.75787e+06
-363754
-2.48832
1.49012e-08
1.16415e-09
3.9968e-15
0
0
0
1682191422.57550
msg_begin
7.75787e+06
-363754
-2.49065
0.00890627
0.00340988
0.000404509
0
0
0
1682191422.62552
msg_begin
7.75787e+06
-363754
-2.49001
0.0130611
0.00904187
0.000599244
0
0
0
1682191422.67557
msg_begin
7.75787e+06
-363754
-2.48928
0.00488533
0.00173339
0.000713813
0
0
0
1682191422.72611
msg_begin
7.75787e+06
-363755
-2.49009
0.00700113
0.00661428
0.000269848
0
0
0
1682191422.77562
msg_begin
7.75787e+06
-363755
-2.49179
0.00259736
0.00214214
0.000252956
0
0
0
1682191422.82602
msg_begin
7.75787e+06
-363755
-2.49173
0.00219769
0.000853779
0.000258539
0
0
0
1682191422.87565
msg_begin
7.75787e+06
-363755
-2.49137
0.00233021
0.00118514
0.000250763
0
0
0
1682191422.92588
msg_begin
7.75787e+06
-363755
-2.49173
0.00399217
0.00139894
0.000134709
0
0
0
1682191422.97566
msg_begin
7.75787e+06
-363755
-2.49249
0.00879227
0.00504683
0.000900426
0
0
0
1682191423.02565
msg_begin
7.75787e+06
-363756
-2.49379
0.000648524
0.00229599
3.66142e-05
0
0
0
1682191423.07572
msg_begin
7.75787e+06
-363756
-2.49495
0.012461
0.00978305
0.000860441
0
0
0
1682191423.12682
msg_begin
7.75787e+06
-363756
-2.49336
0.00243457
0.00574719
0.000506585
0
0
0
1682191423.17560
msg_begin
7.75787e+06
-363756
-2.49409
0.00383117
0.00337349
0.000453039
0
0
0
1682191423.22558
msg_begin
7.75787e+06
-363756
-2.4945
0.00931522
0.00670797
0.000428365
0
0
0
1682191423.27571
msg_begin
7.75787e+06
-363756
-2.49879
6.98492e-08
2.73576e-09
4.44089e-15
0
0
0
1682191423.32635
msg_begin
7.75787e+06
-363757
-2.49581
2.70084e-08
1.39698e-09
2.22045e-15
0
0
0
1682191423.37560
msg_begin
7.75787e+06
-363757
-2.4955
0.0562576
0.0353163
0.00113293
0
0
0
1682191423.42560
msg_begin
7.75787e+06
-363757
-2.49497
0.00652531
0.009665
0.000863381
0
0
0
1682191423.47563
msg_begin
7.75787e+06
-363757
-2.49473
0.00325026
0.00121828
0.000140064
0
0
0
1682191423.52663
msg_begin
7.75787e+06
-363757
-2.49584
0.017085
0.0205294
0.000419955
0
0
0
1682191423.57564
msg_begin
7.75787e+06
-363757
-2.49687
0.0106936
0.0143886
0.000924302
0
0
0
1682191423.62569
msg_begin
7.75787e+06
-363758
-2.49761
0.0106137
0.00780744
0.00119821
0
0
0
1682191423.67574
msg_begin
7.75787e+06
-363758
-2.49635
0.00857893
0.00250705
0.000262982
0
0
0
1682191423.72585
msg_begin
7.75787e+06
-363758
-2.49531
0.0152211
0.00752533
0.000377445
0
0
0
1682191423.77582
msg_begin
7.75787e+06
-363758
-2.49639
0.000795526
0.00281308
0.000458172
0
0
0
1682191423.82590
msg_begin
7.75787e+06
-363758
-2.49752
0.00606772
0.0061592
0.000456652
0
0
0
1682191423.87593
msg_begin
7.75787e+06
-363759
-2.49733
0.00440526
0.000721307
1.32487e-05
0
0
0
1682191423.92593
msg_begin
7.75787e+06
-363759
-2.49907
0.00339282
0.0022741
0.000331507
0
0
0
1682191423.97600
msg_begin
7.75787e+06
-363759
-2.49845
0.0200266
0.0105798
0.000616735
0
0
0
1682191424.02599
msg_begin
7.75787e+06
-363759
-2.49934
0.00231667
0.00237777
0.000462222
0
0
0
1682191424.07605
msg_begin
7.75787e+06
-363759
-2.49847
0.0137301
0.0158369
0.00162036
0
0
0
1682191424.12608
msg_begin
7.75786e+06
-363760
-2.49712
0.00768619
0.00500846
0.00021558
0
0
0
1682191424.17601
msg_begin
7.75786e+06
-363760
-2.49834
0.000545142
0.00118592
0.000141142
0
0
0
1682191424.22607
msg_begin
7.75786e+06
-363760
-2.49771
0.020516
0.0124489
0.00063405
0
0
0
1682191424.27607
msg_begin
7.75786e+06
-363760
-2.49834
1.95578e-08
1.86265e-09
0
0
0
0
1682191424.32612
msg_begin
7.75786e+06
-363760
-2.49858
0.000589916
0.00164279
3.69963e-05
0
0
0
1682191424.37613
msg_begin
7.75786e+06
-363761
-2.49892
0.0420527
0.027805
0.000518793
0
0
0
1682191424.42613
msg_begin
7.75786e+06
-363761
-2.49856
0.02549
0.0217234
0.000216746
0
0
0
1682191424.47607
msg_begin
7.75786e+06
-363761
-2.49873
0.0173618
0.0157234
0.000337511
0
0
0
1682191424.52605
msg_begin
7.75786e+06
-363761
-2.49979
0.0010199
0.000996965
0.00015924
0
0
0
1682191424.57606
msg_begin
7.75786e+06
-363761
-2.49938
6.0536e-08
1.97906e-09
1.33227e-15
0
0
0
1682191424.62602
msg_begin
7.75786e+06
-363761
-2.4997
0.00781328
0.00753482
0.000254914
0
0
0
1682191424.67599
msg_begin
7.75786e+06
-363762
-2.49849
0.00197603
0.000721226
8.98858e-05
0
0
0
1682191424.72594
msg_begin
7.75786e+06
-363762
-2.50004
0.000501832
0.000482372
0.000188125
0
0
0
1682191424.77586
msg_begin
7.75786e+06
-363762
-2.50031
0.00118787
0.00124341
8.93739e-05
0
0
0
1682191424.82578
msg_begin
7.75786e+06
-363762
-2.49987
0.0100959
0.00485051
0.000860825
0
0
0
1682191424.87566
msg_begin
7.75786e+06
-363762
-2.5021
0.0176796
0.00812785
0.000449871
0
0
0
1682191424.92570
msg_begin
7.75786e+06
-363763
-2.50161
0.0095003
0.00893234
0.000498502
0
0
0
1682191424.97567
msg_begin
7.75786e+06
-363763
-2.50117
0.00490357
0.00689071
0.000899334
0
0
0
1682191425.02563
msg_begin
7.75786e+06
-363763
-2.50186
0.00779252
0.00257104
0.000343445
0
0
0
1682191425.07646
msg_begin
7.75786e+06
-363763
-2.50122
0.002741
0.00775874
0.000385749
0
0
0
1682191425.12579
msg_begin
7.75786e+06
-363763
-2.50163
0.00105666
0.00403654
0.000240938
0
0
0
1682191425.17574
msg_begin
7.75786e+06
-363764
-2.50196
0.000636997
0.000330455
0.000130702
0
0
0
1682191425.22570
msg_begin
7.75786e+06
-363764
-2.49826
0.0150363
0.0131235
0.000416585
0
0
0
1682191425.27569
msg_begin
7.75786e+06
-363764
-2.49737
0.0125648
0.0101015
0.00114967
0
0
0
1682191425.32575
msg_begin
7.75786e+06
-363764
-2.50158
0.00952019
0.00259375
0.000507762
0
0
0
1682191425.37579
msg_begin
7.75786e+06
-363764
-2.50134
0.0101828
0.0213225
0.00133472
0
0
0
1682191425.42587
msg_begin
7.75786e+06
-363765
-2.50087
0.00157618
0.00122966
0.00010212
0
0
0
1682191425.47589
msg_begin
7.75786e+06
-363765
-2.49961
0.00586296
0.00399261
0.00110172
0
0
0
1682191425.52594
msg_begin
7.75786e+06
-363765
-2.50008
0.0110036
0.0123755
0.00120513
0
0
0
1682191425.57607
msg_begin
7.75786e+06
-363765
-2.50205
0.00192284
0.00160709
1.24675e-05
0
0
0
1682191425.62610
msg_begin
7.75786e+06
-363765
-2.50142
0.0158
0.00810088
0.00103504
0
0
0
1682191425.67618
msg_begin
7.75786e+06
-363766
-2.49958
0.0188189
0.0164824
0.00103741
0
0
0
1682191425.72619
msg_begin
7.75786e+06
-363766
-2.50027
0.0120761
0.00765109
0.000883967
0
0
0
1682191425.77631
msg_begin
7.75786e+06
-363766
-2.49997
0.0261345
0.0130504
0.000437228
0
0
0
1682191425.82630
msg_begin
7.75786e+06
-363766
-2.4999
0.0173201
0.00660507
0.00062695
0
0
0
1682191425.87637
msg_begin
7.75786e+06
-363766
-2.49865
0.009005
0.0141641
0.000406005
0
0
0
1682191425.92749
msg_begin
7.75786e+06
-363767
-2.49982
0.0046329
0.00221623
0.00017945
0
0
0
1682191425.97641
msg_begin
7.75786e+06
-363767
-2.49859
0.00289385
0.000893041
4.63562e-05
0
0
0
1682191426.02640
msg_begin
7.75786e+06
-363767
-2.50167
0.00215194
0.00456658
0.000331199
0
0
0
1682191426.07645
msg_begin
7.75785e+06
-363767
-2.49976
0.00566104
0.00404603
0.000191193
0
0
0
1682191426.12775
msg_begin
7.75785e+06
-363767
-2.50075
0.0217348
0.0124387
0.000728616
0
0
0
1682191426.17640
msg_begin
7.75785e+06
-363768
-2.49793
0.0182807
0.0222902
0.000263697
0
0
0
1682191426.22640
msg_begin
7.75785e+06
-363768
-2.4986
0.00335583
0.00137518
0.000369452
0
0
0
1682191426.27636
msg_begin
7.75785e+06
-363768
-2.49896
0.00260145
0.00387339
6.15971e-05
0
0
0
1682191426.32738
msg_begin
7.75785e+06
-363768
-2.49845
0.0230835
0.0114387
0.00046424
0
0
0
1682191426.37628
msg_begin
7.75785e+06
-363768
-2.49685
0.014626
0.00864135
0.000479107
0
0
0
1682191426.42631
msg_begin
7.75785e+06
-363769
-2.49869
0.0131334
0.0115235
0.000438293
0
0
0
1682191426.47620
msg_begin
7.75785e+06
-363769
-2.49859
0.0064437
0.00844531
0.000527964
0
0
0
1682191426.52722
msg_begin
7.75785e+06
-363769
-2.49811
0.00695204
0.00505949
0.000549518
0
0
0
1682191426.57627
msg_begin
7.75785e+06
-363769
-2.49765
0.00726544
0.00965217
0.000790762
0
0
0
1682191426.62622
msg_begin
7.75785e+06
-363770
-2.49909
0.00307394
0.00276765
0.000314986
0
0
0
1682191426.67617
msg_begin
7.75785e+06
-363770
-2.50077
0.000638513
0.00022804
3.86642e-05
0
0
0
1682191426.72613
msg_begin
7.75785e+06
-363770
-2.49794
0.0069404
0.00919257
0.000268966
0
0
0
1682191426.77608
msg_begin
7.75785e+06
-363770
-2.49895
0.00336985
0.00062148
3.11118e-05
0
0
0
1682191426.82610
msg_begin
7.75785e+06
-363770
-2.50072
0.00602475
0.00348036
0.000688015
0
0
0
1682191426.87611
msg_begin
7.75785e+06
-363771
-2.49934
5.21541e-08
2.15368e-09
1.33227e-15
0
0
0
1682191426.92610
msg_begin
7.75785e+06
-363771
-2.49911
0.0041477
0.00304294
0.000131979
0
0
0
1682191426.97605
msg_begin
7.75785e+06
-363771
-2.49833
3.81842e-08
3.08501e-09
2.22045e-15
0
0
0
1682191427.02603
msg_begin
7.75785e+06
-363771
-2.49831
0.00149834
0.00176855
0.000149571
0
0
0
1682191427.07605
msg_begin
7.75785e+06
-363771
-2.49688
0.00059618
0.00464969
0.000572572
0
0
0
1682191427.12600
msg_begin
7.75785e+06
-363772
-2.49743
0.000172013
0.0013966
1.75518e-05
0
0
0
1682191427.17596
msg_begin
7.75785e+06
-363772
-2.49834
0.0069726
0.00980274
0.000400637
0
0
0
1682191427.22600
msg_begin
7.75785e+06
-363772
-2.49883
0.00443629
0.00243612
0.000217998
0
0
0
1682191427.27595
msg_begin
7.75785e+06
-363772
-2.49684
0.00357405
0.00594559
0.000308665
0
0
0
1682191427.32603
msg_begin
7.75785e+06
-363773
-2.49794
0.00693994
0.00761328
0.00043107
0
0
0
1682191427.37601
msg_begin
7.75785e+06
-363773
-2.49782
0.00703892
0.006167
0.000223565
0
0
0
1682191427.42607
msg_begin
7.75785e+06
-363773
-2.49864
0.0152951
0.00365679
0.000550439
0
0
0
1682191427.47613
msg_begin
7.75785e+06
-363773
-2.49766
0.00275009
0.00141577
4.29999e-05
0
0
0
1682191427.52623
msg_begin
7.75785e+06
-363773
-2.49613
0.00782147
0.00659671
0.000530499
0
0
0
1682191427.57625
msg_begin
7.75785e+06
-363774
-2.49793
0.00154462
0.00218409
0.000111909
0
0
0
1682191427.62635
msg_begin
7.75785e+06
-363774
-2.50025
0.0146232
0.0111277
0.00153435
0
0
0
1682191427.67638
msg_begin
7.75785e+06
-363774
-2.49886
0.00256556
0.00640607
0.000259509
0
0
0
1682191427.72642
msg_begin
7.75785e+06
-363774
-2.49918
0.0107871
0.00683282
0.00046919
0
0
0
1682191427.77646
msg_begin
7.75785e+06
-363775
-2.49899
0.0111836
0.00464503
0.00171255
0
0
0
1682191427.82648
msg_begin
7.75784e+06
-363775
-2.49891
0.00784385
0.0125809
0.000776517
0
0
0
1682191427.87656
msg_begin
7.75784e+06
-363775
-2.49915
0.00362884
0.000357061
0.000126784
0
0
0
1682191427.92758
msg_begin
7.75784e+06
-363775
-2.49916
0.0118247
0.0071401
0.000402603
0
0
0
1682191427.97654
msg_begin
7.75784e+06
-363776
-2.49833
0.0215596
0.00979651
0.000758295
0
0
0
1682191428.02657
msg_begin
7.75784e+06
-363776
-2.49713
0.019951
0.0112853
0.00020558
0
0
0
1682191428.07657
msg_begin
7.75784e+06
-363776
-2.49696
0.0100247
0.0030879
0.000234804
0
0
0
1682191428.12698
msg_begin
7.75784e+06
-363776
-2.49615
0.00101164
0.00285694
0.00046381
0
0
0
1682191428.17656
msg_begin
7.75784e+06
-363776
-2.49855
0.000462818
0.000156836
3.03811e-05
0
0
0
1682191428.22661
msg_begin
7.75784e+06
-363777
-2.49752
0.000757667
0.00207945
0.000194594
0
0
0
1682191428.27649
msg_begin
7.75784e+06
-363777
-2.49615
0.00169627
0.00167471
0.000261383
0
0
0
1682191428.32732
msg_begin
7.75784e+06
-363777
-2.49399
0.000329771
0.00110537
5.05928e-05
0
0
0
1682191428.37657
msg_begin
7.75784e+06
-363777
-2.49335
0.006662
0.00659382
0.00029971
0
0
0
1682191428.42651
msg_begin
7.75784e+06
-363778
-2.49287
0.00723825
0.0027876
0.00070352
0
0
0
1682191428.47654
msg_begin
7.75784e+06
-363778
-2.49348
0.00293553
0.0031713
0.000323669
0
0
0
1682191428.52708
msg_begin
7.75784e+06
-363778
-2.49426
0.00492647
0.000952799
0.000372282
0
0
0
1682191428.57650
msg_begin
7.75784e+06
-363778
-2.49601
1.02445e-08
2.15368e-09
3.9968e-15
0
0
0
1682191428.62648
msg_begin
7.75784e+06
-363779
-2.49518
7.91624e-08
1.10595e-09
5.77316e-15
0
0
0
1682191428.67657
msg_begin
7.75784e+06
-363779
-2.49707
0.00144952
0.000140834
0.000177439
0
0
0
1682191428.72655
msg_begin
7.75784e+06
-363779
-2.49587
0.00411313
0.00728906
0.000654334
0
0
0
1682191428.77649
msg_begin
7.75784e+06
-363779
-2.49678
0.0102247
0.0177731
0.000681032
0
0
0
1682191428.82655
msg_begin
7.75784e+06
-363779
-2.49716
0.0159751
0.00626751
0.000513709
0
0
0
1682191428.87736
msg_begin
7.75784e+06
-363780
-2.49712
0.00615498
0.00510651
0.000470837
0
0
0
1682191428.92667
msg_begin
7.75784e+06
-363780
-2.50163
0.0114833
0.0060354
0.000336305
0
0
0
1682191428.97663
msg_begin
7.75784e+06
-363780
-2.50152
0.000126222
0.000197387
3.65397e-05
0
0
0
1682191429.02670
msg_begin
7.75784e+06
-363780
-2.50125
0.00898177
0.00978631
0.000824274
0
0
0
1682191429.07727
msg_begin
7.75784e+06
-363781
-2.49887
0.00610674
0.00267737
0.000118194
0
0
0
1682191429.12668
msg_begin
7.75784e+06
-363781
-2.49915
0.00124249
0.00093146
3.69681e-05
0
0
0
1682191429.17661
msg_begin
7.75784e+06
-363781
-2.50018
0.00497984
0.0191083
0.0020987
0
0
0
1682191429.22664
msg_begin
7.75784e+06
-363781
-2.49902
0.000177416
0.000692347
0.000134498
0
0
0
1682191429.27729
msg_begin
7.75784e+06
-363782
-2.49864
0.0060493
0.0027046
0.000524171
0
0
0
1682191429.32658
msg_begin
7.75784e+06
-363782
-2.49855
0.000559442
0.00214613
0.000222188
0
0
0
1682191429.37651
msg_begin
7.75784e+06
-363782
-2.49737
7.45058e-09
0
1.33227e-15
0
0
0
1682191429.42650
msg_begin
7.75784e+06
-363782
-2.49808
0.00331199
0.0107214
0.000155896
0
0
0
1682191429.47680
msg_begin
7.75784e+06
-363782
-2.49864
0.00407737
0.002503
0.000446601
0
0
0
1682191429.52636
msg_begin
7.75783e+06
-363783
-2.49795
0.00879784
0.00647903
0.000790772
0
0
0
1682191429.57629
msg_begin
7.75783e+06
-363783
-2.49962
0.0111011
0.0193839
0.00114246
0
0
0
1682191429.62623
msg_begin
7.75783e+06
-363783
-2.49809
0.0105347
0.00458378
0.000549559
0
0
0
1682191429.67690
msg_begin
7.75783e+06
-363783
-2.49973
7.82311e-08
8.14907e-10
5.77316e-15
0
0
0
1682191429.72621
msg_begin
7.75783e+06
-363784
-2.49797
0.00248676
0.00169884
8.48046e-05
0
0
0
1682191429.77625
msg_begin
7.75783e+06
-363784
-2.49822
0.00756861
0.00451445
0.000126257
0
0
0
1682191429.82630
msg_begin
7.75783e+06
-363784
-2.49866
0.000934465
0.00234449
0.000129716
0
0
0
1682191429.87631
msg_begin
7.75783e+06
-363784
-2.4965
0.00536794
0.00227792
0.000146099
0
0
0
1682191429.92727
msg_begin
7.75783e+06
-363785
-2.50053
0.000729599
0.00202549
3.11082e-05
0
0
0
1682191429.97632
msg_begin
7.75783e+06
-363785
-2.49674
0.00436834
0.00183229
0.000170938
0
0
0
1682191430.02639
msg_begin
7.75783e+06
-363785
-2.497
0.0163866
0.0175893
0.000754173
0
0
0
1682191430.07627
msg_begin
7.75783e+06
-363785
-2.49642
0.0182002
0.0129631
0.000950644
0
0
0
1682191430.12712
msg_begin
7.75783e+06
-363785
-2.49329
0.000931048
0.00256533
0.000214113
0
0
0
1682191430.17623
msg_begin
7.75783e+06
-363786
-2.4946
0.00410022
0.00150071
0.0002956
0
0
0
1682191430.22621
msg_begin
7.75783e+06
-363786
-2.4964
0.00306526
0.00306659
0.000775858
0
0
0
1682191430.27614
msg_begin
7.75783e+06
-363786
-2.49612
0.00110294
0.00244562
0.000228441
0
0
0
1682191430.32735
msg_begin
7.75783e+06
-363786
-2.49947
0.0281162
0.0160609
0.00101237
0
0
0
1682191430.37617
msg_begin
7.75783e+06
-363787
-2.49653
0.00138795
0.00319312
0.00034184
0
0
0
1682191430.42618
msg_begin
7.75783e+06
-363787
-2.49739
0.000950211
0.00110457
9.13352e-05
0
0
0
1682191430.47623
msg_begin
7.75783e+06
-363787
-2.49713
0.00987871
0.00398691
0.000333495
0
0
0
1682191430.52682
msg_begin
7.75783e+06
-363787
-2.49986
0.000341981
0.00011755
1.18401e-05
0
0
0
1682191430.57618
msg_begin
7.75783e+06
-363788
-2.49852
0.00054391
0.00257444
5.89444e-05
0
0
0
1682191430.62619
msg_begin
7.75783e+06
-363788
-2.49891
0.00394143
0.00535141
0.000143804
0
0
0
1682191430.67629
msg_begin
7.75783e+06
-363788
-2.50006
0.00297802
0.00422095
0.000272614
0
0
0
1682191430.72687
msg_begin
7.75783e+06
-363788
-2.49947
0.00572832
0.00640381
0.000345382
0
0
0
1682191430.77616
msg_begin
7.75783e+06
-363789
-2.50123
0.00585783
0.0134714
0.000129608
0
0
0
1682191430.82612
msg_begin
7.75783e+06
-363789
-2.5
0.00430241
0.00419275
0.00133285
0
0
0
1682191430.87624
msg_begin
7.75783e+06
-363789
-2.49741
0.00872102
0.0089439
0.00140866
0
0
0
1682191430.92660
msg_begin
7.75783e+06
-363789
-2.49717
0.00141808
0.00343532
0.000108547
0
0
0
1682191430.97613
msg_begin
7.75783e+06
-363789
-2.49913
0.00537825
0.0128917
0.000462473
0
0
0
1682191431.02614
msg_begin
7.75783e+06
-363790
-2.50003
0.001877
0.0080504
0.000210819
0
0
0
1682191431.07609
msg_begin
7.75783e+06
-363790
-2.50098
0.00376775
0.00401702
0.000210838
0
0
0
1682191431.12685
msg_begin
7.75783e+06
-363790
-2.50209
0.00733175
0.00483431
0.000299261
0
0
0
1682191431.17613
msg_begin
7.75783e+06
-363790
-2.50021
0.0398679
0.023853
0.000325629
0
0
0
1682191431.22617
msg_begin
7.75782e+06
-363791
-2.49909
0.0152157
0.0199527
0.000666719
0
0
0
1682191431.27612
msg_begin
7.75782e+06
-363791
-2.50051
0.00828731
0.0202678
0.000230155
0
0
0
1682191431.32681
msg_begin
7.75782e+06
-363791
-2.50215
0.0109078
0.00878441
0.00102078
0
0
0
1682191431.37618
msg_begin
7.75782e+06
-363791
-2.50139
0.00573883
0.00596921
0.000471555
0
0
0
1682191431.42622
msg_begin
7.75782e+06
-363792
-2.50337
0.0129417
0.00818696
0.000589809
0
0
0
1682191431.47618
msg_begin
7.75782e+06
-363792
-2.50308
0.00497834
0.00718785
0.000342092
0
0
0
1682191431.52695
msg_begin
7.75782e+06
-363792
-2.50302
0.0110099
0.0141739
0.00108043
0
0
0
1682191431.57618
msg_begin
7.75782e+06
-363792
-2.50533
0.00796013
0.00216311
0.000999153
0
0
0
1682191431.67618
msg_begin
7.75782e+06
-363793
-2.50649
0.0015002
0.000622828
1.65603e-05
0
0
0
1682191431.72681
msg_begin
7.75782e+06
-363793
-2.50515
0.00294077
0.000268439
9.82368e-06
0
0
0
1682191431.77621
msg_begin
7.75782e+06
-363793
-2.50426
0.00932458
0.0104317
0.000321899
0
0
0
1682191431.82619
msg_begin
7.75782e+06
-363793
-2.50609
0.00307144
0.00102143
0.000219433
0
0
0
1682191431.87622
msg_begin
7.75782e+06
-363794
-2.50466
0.0105107
0.0100675
0.000561658
0
0
0
1682191431.92697
msg_begin
7.75782e+06
-363794
-2.50498
0.00349033
0.00321245
0.000243619
0
0
0
1682191431.97627
msg_begin
7.75782e+06
-363794
-2.50395
0.00152314
0.00488104
0.000713045
0
0
0
1682191432.02628
msg_begin
7.75782e+06
-363794
-2.50373
0.0157103
0.00319372
0.00104636
0
0
0
1682191432.07637
msg_begin
7.75782e+06
-363795
-2.51146
0.0050989
0.00331231
0.00116276
0
0
0
1682191432.12635
msg_begin
7.75782e+06
-363795
-2.50905
0.00249724
0.0026308
3.29079e-06
0
0
0
1682191432.17635
msg_begin
7.75782e+06
-363795
-2.50664
0.018083
0.00761076
0.000947679
0
0
0
1682191432.22635
msg_begin
7.75782e+06
-363795
-2.50646
7.82311e-08
2.79397e-09
8.88178e-16
0
0
0
1682191432.27642
msg_begin
7.75782e+06
-363795
-2.50889
1.58325e-08
5.82077e-11
2.66454e-15
0
0
0
1682191432.32708
msg_begin
7.75782e+06
-363796
-2.50783
0.00932668
0.00940669
0.000250332
0
0
0
1682191432.37633
msg_begin
7.75782e+06
-363796
-2.50711
7.82311e-08
8.14907e-10
4.44089e-16
0
0
0
1682191432.42624
msg_begin
7.75782e+06
-363796
-2.51071
0.00551725
0.00502521
0.00110213
0
0
0
1682191432.47622
msg_begin
7.75782e+06
-363796
-2.50772
0.0166255
0.00705511
6.4228e-05
0
0
0
1682191432.57618
msg_begin
7.75782e+06
-363797
-2.50854
0.000398784
0.0008706
4.14784e-05
0
0
0
1682191432.62619
msg_begin
7.75782e+06
-363797
-2.50667
2.8871e-08
4.65661e-10
3.10862e-15
0
0
0
1682191432.67616
msg_begin
7.75782e+06
-363797
-2.50732
0.00246596
0.00224765
0.000172655
0
0
0
1682191432.72669
msg_begin
7.75782e+06
-363797
-2.50613
6.51926e-09
2.32831e-10
4.44089e-16
0
0
0
1682191432.77606
msg_begin
7.75782e+06
-363798
-2.50168
0.000755893
0.000382271
6.94078e-05
0
0
0
1682191432.82613
msg_begin
7.75782e+06
-363798
-2.50417
0.00210561
0.00187194
0.000471599
0
0
0
1682191432.87606
msg_begin
7.75782e+06
-363798
-2.50927
0.00498261
0.00499264
0.0010374
0
0
0
1682191432.92677
msg_begin
7.75781e+06
-363798
-2.50572
6.14673e-08
2.91038e-09
4.44089e-16
0
0
0
1682191432.97605
msg_begin
7.75781e+06
-363798
-2.50841
0.0027819
0.00203509
0.000115301
0
0
0
1682191433.02616
msg_begin
7.75781e+06
-363799
-2.50997
0.022203
0.0179243
0.000905788
0
0
0
1682191433.07617
msg_begin
7.75781e+06
-363799
-2.51089
0.0527512
0.0361406
0.00158972
0
0
0
1682191433.12687
msg_begin
7.75781e+06
-363799
-2.50939
5.68107e-08
3.49246e-10
2.22045e-15
0
0
0
1682191433.17618
msg_begin
7.75781e+06
-363799
-2.50869
0.000574697
0.000742688
6.29544e-05
0
0
0
1682191433.22621
msg_begin
7.75781e+06
-363800
-2.5064
1.21072e-08
2.79397e-09
3.10862e-15
0
0
0
1682191433.27631
msg_begin
7.75781e+06
-363800
-2.50758
0.00348606
0.00252865
0.000286179
0
0
0
1682191433.32693
msg_begin
7.75781e+06
-363800
-2.5076
0.014692
0.00663147
0.000407504
0
0
0
1682191433.37625
msg_begin
7.75781e+06
-363800
-2.50765
0.0264661
0.0228496
0.000818705
0
0
0
1682191433.42625
msg_begin
7.75781e+06
-363800
-2.50871
0.00031479
0.000127207
0.000111113
0
0
0
1682191433.47629
msg_begin
7.75781e+06
-363801
-2.51054
0.00590594
0.00502242
0.00176848
0
0
0
1682191433.52667
msg_begin
7.75781e+06
-363801
-2.50974
0.00979447
0.00630101
0.000198704
0
0
0
1682191433.57620
msg_begin
7.75781e+06
-363801
-2.51065
0.00400562
0.00257616
0.000300652
0
0
0
1682191433.62619
msg_begin
7.75781e+06
-363801
-2.51009
0.0100089
0.00595602
0.000270872
0
0
0
1682191433.67610
msg_begin
7.75781e+06
-363801
-2.50856
0.0107509
0.00494948
7.37481e-05
0
0
0
1682191433.72707
msg_begin
7.75781e+06
-363802
-2.50928
0.000396038
0.000598613
4.08955e-05
0
0
0
1682191433.77606
msg_begin
7.75781e+06
-363802
-2.50948
5.40167e-08
1.16415e-10
1.33227e-15
0
0
0
1682191433.82601
msg_begin
7.75781e+06
-363802
-2.50915
1.58325e-08
5.82077e-10
3.10862e-15
0
0
0
1682191433.87600
msg_begin
7.75781e+06
-363802
-2.50683
1.67638e-08
1.28057e-09
8.88178e-16
0
0
0
1682191433.92641
msg_begin
7.75781e+06
-363802
-2.51031
0.015972
0.0128329
0.0009132
0
0
0
1682191433.97587
msg_begin
7.75781e+06
-363803
-2.5092
0.0108979
0.00603871
0.000229565
0
0
0
1682191434.02589
msg_begin
7.75781e+06
-363803
-2.50826
0.0377997
0.0208535
0.000882341
0
0
0
1682191434.07583
msg_begin
7.75781e+06
-363803
-2.50965
0.048531
0.00736377
0.000904004
0
0
0
1682191434.12647
msg_begin
7.75781e+06
-363803
-2.50634
0.00686995
0.00572365
0.000115692
0
0
0
1682191434.17586
msg_begin
7.75781e+06
-363804
-2.50804
0.00706166
0.00285575
0.00121201
0
0
0
1682191434.22589
msg_begin
7.75781e+06
-363804
-2.50483
0.0162951
0.0132632
0.000312908
0
0
0
1682191434.27590
msg_begin
7.75781e+06
-363804
-2.50598
0.000170267
0.00497227
0.000371433
0
0
0
1682191434.32642
msg_begin
7.75781e+06
-363804
-2.50604
0.000663681
0.000265535
0.00015199
0
0
0
1682191434.37600
msg_begin
7.75781e+06
-363804
-2.5052
0.00127443
0.00252104
0.00111568
0
0
0
1682191434.42606
msg_begin
7.75781e+06
-363805
-2.50547
0.0241198
0.0187304
0.000395128
0
0
0
1682191434.47616
msg_begin
7.75781e+06
-363805
-2.50592
0.00038747
0.00243108
0.000319725
0
0
0
1682191434.52695
msg_begin
7.75781e+06
-363805
-2.50376
0.0111933
0.0121586
0.000793709
0
0
0
1682191434.57622
msg_begin
7.75781e+06
-363805
-2.50532
0.00248522
0.00615408
0.000334276
0
0
0
1682191434.62621
msg_begin
7.75781e+06
-363806
-2.50463
0.0212944
0.0162212
0.000971642
0
0
0
1682191434.67618
msg_begin
7.7578e+06
-363806
-2.50467
0.00102353
0.00738027
1.205e-05
0
0
0
1682191434.72661
msg_begin
7.7578e+06
-363806
-2.50542
0.00201977
0.00724485
0.000201493
0
0
0
1682191434.77622
msg_begin
7.7578e+06
-363806
-2.50281
1.21072e-08
4.07454e-10
3.10862e-15
0
0
0
1682191434.82619
msg_begin
7.7578e+06
-363806
-2.50466
0.00256343
0.000662885
2.27978e-05
0
0
0
1682191434.87618
msg_begin
7.7578e+06
-363807
-2.50562
0.0102054
0.00658495
0.00168236
0
0
0
1682191434.92688
msg_begin
7.7578e+06
-363807
-2.50635
9.31323e-10
1.74623e-10
1.77636e-15
0
0
0
1682191434.97615
msg_begin
7.7578e+06
-363807
-2.50299
0.0017379
0.000996609
8.22484e-05
0
0
0
1682191435.02607
msg_begin
7.7578e+06
-363807
-2.50083
1.95578e-08
9.8953e-10
6.21725e-15
0
0
0
1682191435.07605
msg_begin
7.7578e+06
-363807
-2.50319
7.45058e-09
3.49246e-10
8.88178e-16
0
0
0
1682191435.12642
msg_begin
7.7578e+06
-363808
-2.49984
7.82311e-08
3.0268e-09
2.22045e-15
0
0
0
1682191435.17600
msg_begin
7.7578e+06
-363808
-2.49982
0.0132514
0.0139897
0.000270657
0
0
0
1682191435.22604
msg_begin
7.7578e+06
-363808
-2.50165
0.0396636
0.0123668
0.000686877
0
0
0
1682191435.27603
msg_begin
7.7578e+06
-363808
-2.50451
0.0219135
0.008592
0.000505528
0
0
0
1682191435.32602
msg_begin
7.7578e+06
-363808
-2.50037
0.00913723
0.00943426
0.000579943
0
0
0
1682191435.37612
msg_begin
7.7578e+06
-363809
-2.49986
0.0483297
0.0311461
0.00141315
0
0
0
1682191435.42608
msg_begin
7.7578e+06
-363809
-2.49974
0.000315679
6.4564e-05
1.77002e-06
0
0
0
1682191435.47620
msg_begin
7.7578e+06
-363809
-2.49894
0.00101243
0.00118337
6.91231e-05
0
0
0
1682191435.52632
msg_begin
7.7578e+06
-363809
-2.49995
0.00210478
0.00117783
0.000700306
0
0
0
1682191435.57628
msg_begin
7.7578e+06
-363809
-2.49606
5.21541e-08
3.43425e-09
2.66454e-15
0
0
0
1682191435.62630
msg_begin
7.7578e+06
-363810
-2.49672
0.0109208
0.0123709
0.00118257
0
0
0
1682191435.67638
msg_begin
7.7578e+06
-363810
-2.49587
0.00360497
0.00758477
0.000367451
0
0
0
1682191435.72642
msg_begin
7.7578e+06
-363810
-2.49759
0.000618577
0.00107745
0.000345373
0
0
0
1682191435.77643
msg_begin
7.7578e+06
-363810
-2.49417
0.00038708
0.000787318
4.94892e-05
0
0
0
1682191435.82651
msg_begin
7.7578e+06
-363810
-2.49572
0.00456563
0.00758628
0.00119037
0
0
0
1682191435.87674
msg_begin
7.7578e+06
-363811
-2.49523
0.0187031
0.0119057
0.00094194
0
0
0
1682191435.92669
msg_begin
7.7578e+06
-363811
-2.49427
0.00595316
0.00386018
0.000217161
0
0
0
1682191435.97672
msg_begin
7.7578e+06
-363811
-2.49553
0.00195258
0.00180827
0.000186131
0
0
0
1682191436.02678
msg_begin
7.7578e+06
-363811
-2.49499
0.0257021
0.00178572
0.00164191
0
0
0
1682191436.07693
msg_begin
7.7578e+06
-363811
-2.49563
0.0258698
0.00833722
0.00131332
0
0
0
1682191436.12690
msg_begin
7.7578e+06
-363812
-2.49429
1.67638e-08
4.65661e-10
1.77636e-15
0
0
0
1682191436.17695
msg_begin
7.7578e+06
-363812
-2.49618
0.00170491
0.00150224
0.00014936
0
0
0
1682191436.22702
msg_begin
7.7578e+06
-363812
-2.49518
6.0536e-08
1.62981e-09
4.44089e-15
0
0
0
1682191436.27710
msg_begin
7.7578e+06
-363812
-2.49727
0.00358627
0.00198462
0.00109131
0
0
0
1682191436.32701
msg_begin
7.7578e+06
-363812
-2.49856
0.00416873
0.00193443
0.000409723
0
0
0
1682191436.37712
msg_begin
7.7578e+06
-363813
-2.49834
0.0198237
0.0175668
0.000688594
0
0
0
1682191436.42712
msg_begin
7.7578e+06
-363813
-2.49778
0.00720678
0.00725615
0.000816384
0
0
0
1682191436.47708
msg_begin
7.7578e+06
-363813
-2.49868
0.00539436
0.00289681
0.00012245
0
0
0
1682191436.52707
msg_begin
7.7578e+06
-363813
-2.49936
0.0117584
0.00570944
0.000451783
0
0
0
1682191436.57707
msg_begin
7.75779e+06
-363813
-2.49647
2.42144e-08
1.80444e-09
3.9968e-15
0
0
0
1682191436.62710
msg_begin
7.75779e+06
-363814
-2.49964
0.00623937
0.0047045
0.000376913
0
0
0
1682191436.67717
msg_begin
7.75779e+06
-363814
-2.50037
0.0118861
0.0216786
0.00133997
0
0
0
1682191436.72714
msg_begin
7.75779e+06
-363814
-2.49914
0.00165207
0.000487349
0.000102831
0
0
0
1682191436.77708
msg_begin
7.75779e+06
-363814
-2.49896
0.00249262
0.00730206
0.000170707
0
0
0
1682191436.82712
msg_begin
7.75779e+06
-363814
-2.49854
0.00560229
0.00414007
0.000318375
0
0
0
1682191436.87718
msg_begin
7.75779e+06
-363815
-2.49931
8.3819e-09
2.15368e-09
2.22045e-15
0
0
0
1682191436.92701
msg_begin
7.75779e+06
-363815
-2.50405
0.0103344
0.00879112
0.00125189
0
0
0
1682191436.97699
msg_begin
7.75779e+06
-363815
-2.50076
0.00272108
0.00573062
0.000265569
0
0
0
1682191437.02696
msg_begin
7.75779e+06
-363815
-2.50296
0.0082465
0.0114956
0.000685581
0
0
0
1682191437.07695
msg_begin
7.75779e+06
-363815
-2.50382
0.00419724
0.00847026
0.000506552
0
0
0
1682191437.12694
msg_begin
7.75779e+06
-363816
-2.50291
0.00081415
0.00225985
7.86213e-05
0
0
0
1682191437.17693
msg_begin
7.75779e+06
-363816
-2.50375
0.0054271
0.00306238
0.000139045
0
0
0
1682191437.22693
msg_begin
7.75779e+06
-363816
-2.50365
0.00197854
0.000240659
8.7401e-05
0
0
0
1682191437.27690
msg_begin
7.75779e+06
-363816
-2.50414
0.000721314
0.00035364
3.68083e-05
0
0
0
1682191437.32686
msg_begin
7.75779e+06
-363817
-2.50498
0.0121421
0.00488432
0.000451902
0
0
0
1682191437.37686
msg_begin
7.75779e+06
-363817
-2.50482
0.00060202
0.000866126
0.000217968
0
0
0
1682191437.42686
msg_begin
7.75779e+06
-363817
-2.50477
0.0048987
0.00411232
0.000244069
0
0
0
1682191437.47687
msg_begin
7.75779e+06
-363817
-2.50481
0.0135699
0.0119379
0.000793565
0
0
0
1682191437.52688
msg_begin
7.75779e+06
-363817
-2.50577
7.17118e-08
3.25963e-09
8.88178e-16
0
0
0
1682191437.57685
msg_begin
7.75779e+06
-363817
-2.50574
0.0193203
0.0141941
0.000592469
0
0
0
1682191437.62681
msg_begin
7.75779e+06
-363818
-2.50571
0.032771
0.0195314
0.000639362
0
0
0
1682191437.67685
msg_begin
7.75779e+06
-363818
-2.5054
0.0124482
0.0132005
0.00125045
0
0
0
1682191437.72669
msg_begin
7.75779e+06
-363818
-2.50694
0.0104976
0.00470258
0.000886802
0
0
0
1682191437.77667
msg_begin
7.75779e+06
-363818
-2.50584
0.00048696
0.000414325
7.57727e-05
0
0
0
1682191437.82664
msg_begin
7.75779e+06
-363818
-2.50696
0.00461287
0.00468374
0.000213639
0
0
0
1682191437.87664
msg_begin
7.75779e+06
-363819
-2.508
0.00579642
0.0159977
0.000684375
0
0
0
1682191437.92657
msg_begin
7.75779e+06
-363819
-2.50731
0.0132093
0.00729994
0.00109703
0
0
0
1682191437.97653
msg_begin
7.75779e+06
-363819
-2.50542
0.00307597
0.00413183
0.000295279
0
0
0
1682191438.02648
msg_begin
7.75779e+06
-363819
-2.50743
0.0132479
0.00200885
0.000449634
0
0
0
1682191438.07649
msg_begin
7.75779e+06
-363819
-2.50619
0.0169203
0.00992708
0.000710126
0
0
0
1682191438.12640
msg_begin
7.75779e+06
-363819
-2.5072
0.00406925
0.0115107
0.000262027
0
0
0
1682191438.17634
msg_begin
7.75779e+06
-363820
-2.5042
0.013345
0.00434282
0.000468761
0
0
0
1682191438.22637
msg_begin
7.75779e+06
-363820
-2.50555
0.0164055
0.0132109
0.000626642
0
0
0
1682191438.27649
msg_begin
7.75779e+06
-363820
-2.50444
0.00436952
0.0155302
0.000803967
0
0
0
1682191438.32639
msg_begin
7.75779e+06
-363820
-2.50624
0.00272481
0.00353346
0.00027537
0
0
0
1682191438.37639
msg_begin
7.75779e+06
-363820
-2.50755
0.00604817
0.00935166
0.000523009
0
0
0
1682191438.42647
msg_begin
7.75779e+06
-363821
-2.50648
0.0184285
0.0163436
0.000658696
0
0
0
1682191438.47646
msg_begin
7.75779e+06
-363821
-2.50565
0.0113853
0.011089
0.000761048
0
0
0
1682191438.52653
msg_begin
7.75779e+06
-363821
-2.50722
0.0217573
0.0165878
0.00111158
0
0
0
1682191438.57654
msg_begin
7.75779e+06
-363821
-2.50429
9.31323e-10
4.65661e-10
3.9968e-15
0
0
0
1682191438.62655
msg_begin
7.75779e+06
-363821
-2.50704
0.0145249
0.0247974
0.00137428
0
0
0
1682191438.67656
msg_begin
7.75778e+06
-363821
-2.50572
0.02681
0.0171416
0.00067114
0
0
0
1682191438.72663
msg_begin
7.75778e+06
-363822
-2.50455
1.67638e-08
9.31323e-10
3.55271e-15
0
0
0
1682191438.77672
msg_begin
7.75778e+06
-363822
-2.50501
0.00493959
0.00549609
0.000247162
0
0
0
1682191438.82680
msg_begin
7.75778e+06
-363822
-2.50244
0.00277557
0.00310306
0.000617215
0
0
0
1682191438.87732
msg_begin
7.75778e+06
-363822
-2.5043
0.00453698
0.0062673
0.000276207
0
0
0
1682191438.92688
msg_begin
7.75778e+06
-363822
-2.50339
0.010325
0.00410857
0.000154827
0
0
0
1682191438.97695
msg_begin
7.75778e+06
-363822
-2.50685
0.00511995
0.00357305
0.000305845
0
0
0
1682191439.02697
msg_begin
7.75778e+06
-363822
-2.5071
0.00841557
0.0124171
0.000502013
0
0
0
1682191439.07792
msg_begin
7.75778e+06
-363823
-2.50438
0.00570352
0.00269306
0.000125201
0
0
0
1682191439.12698
msg_begin
7.75778e+06
-363823
-2.50471
0.00536327
0.00333049
0.000433769
0
0
0
1682191439.17703
msg_begin
7.75778e+06
-363823
-2.50629
0.00585631
0.00636737
0.000252241
0
0
0
1682191439.22699
msg_begin
7.75778e+06
-363823
-2.50781
0.00784576
0.00165596
0.00052731
0
0
0
1682191439.27741
msg_begin
7.75778e+06
-363823
-2.50606
0.00894331
0.0140349
0.000775891
0
0
0
1682191439.32696
msg_begin
7.75778e+06
-363823
-2.50606
0.00434291
0.0202432
0.00029933
0
0
0
1682191439.37688
msg_begin
7.75778e+06
-363824
-2.50524
0.00808635
0.00751237
0.000508428
0
0
0
1682191439.42692
msg_begin
7.75778e+06
-363824
-2.50893
3.25963e-08
4.65661e-10
4.44089e-15
0
0
0
1682191439.47706
msg_begin
7.75778e+06
-363824
-2.50692
0.00216596
0.00422799
0.00021108
0
0
0
1682191439.52695
msg_begin
7.75778e+06
-363824
-2.50566
0.0182702
0.0151073
0.000383676
0
0
0
1682191439.57681
msg_begin
7.75778e+06
-363824
-2.50419
0.0156814
0.0145006
0.00122455
0
0
0
1682191439.62685
msg_begin
7.75778e+06
-363824
-2.50432
0.0186874
0.0148427
0.000429932
0
0
0
1682191439.67699
msg_begin
7.75778e+06
-363824
-2.50399
0.0210309
0.0114493
0.000906196
0
0
0
1682191439.72676
msg_begin
7.75778e+06
-363824
-2.50293
0.00458304
0.0120733
0.000569109
0
0
0
1682191439.77678
msg_begin
7.75778e+06
-363825
-2.50418
0.0149272
0.0135111
0.000438738
0
0
0
1682191439.82667
msg_begin
7.75778e+06
-363825
-2.50281
0.00439398
0.00160198
0.000154181
0
0
0
1682191439.87667
msg_begin
7.75778e+06
-363825
-2.50228
0.0176806
0.0196568
0.000588877
0
0
0
1682191439.92659
msg_begin
7.75778e+06
-363825
-2.50353
1.49012e-08
1.16415e-09
2.22045e-15
0
0
0
1682191439.97659
msg_begin
7.75778e+06
-363825
-2.50344
0.0045743
0.00216568
0.000226884
0
0
0
1682191440.02659
msg_begin
7.75778e+06
-363825
-2.50573
0.00116854
0.00262162
0.000325529
0
0
0
1682191440.07655
msg_begin
7.75778e+06
-363825
-2.50492
0.0115037
0.0150688
0.000432284
0
0
0
1682191440.12645
msg_begin
7.75778e+06
-363825
-2.50428
0.0179504
0.00846637
0.00134317
0
0
0
1682191440.17646
msg_begin
7.75778e+06
-363825
-2.5049
0.00400141
0.011381
0.00133813
0
0
0
1682191440.22645
msg_begin
7.75778e+06
-363826
-2.50326
0.00705968
0.0279182
0.000852857
0
0
0
1682191440.27639
msg_begin
7.75778e+06
-363826
-2.50416
0.00521027
0.00292009
0.000495275
0
0
0
1682191440.32637
msg_begin
7.75778e+06
-363826
-2.50353
0.00380232
0.0083659
0.00074607
0
0
0
1682191440.37633
msg_begin
7.75778e+06
-363826
-2.50571
0.0140716
0.0050158
0.000545302
0
0
0
1682191440.42635
msg_begin
7.75778e+06
-363826
-2.50607
0.0204153
0.014076
0.000353303
0
0
0
1682191440.47634
msg_begin
7.75778e+06
-363826
-2.50627
0.00122286
0.0101937
0.00126038
0
0
0
1682191440.52634
msg_begin
7.75778e+06
-363826
-2.50551
0.00351326
0.00055999
8.62225e-05
0
0
0
1682191440.57633
msg_begin
7.75778e+06
-363826
-2.50588
0.00205061
0.00418407
0.000304475
0
0
0
1682191440.62643
msg_begin
7.75778e+06
-363826
-2.50682
0.00106967
0.00115758
9.33609e-05
0
0
0
1682191440.67640
msg_begin
7.75778e+06
-363827
-2.50411
0.00647438
0.00483217
0.000707377
0
0
0
1682191440.72648
msg_begin
7.75778e+06
-363827
-2.50296
0.00558946
0.00512854
0.000275992
0
0
0
1682191440.77647
msg_begin
7.75778e+06
-363827
-2.50109
0.00263264
0.00524494
0.000404783
0
0
0
1682191440.82654
msg_begin
7.75778e+06
-363827
-2.5
0.00668211
0.00482621
0.000493491
0
0
0
1682191440.87650
msg_begin
7.75778e+06
-363827
-2.50375
0.00461262
0.00415814
0.000281259
0
0
0
1682191440.92655
msg_begin
7.75778e+06
-363827
-2.50347
0.00511338
0.00494544
0.000354835
0
0
0
1682191440.97659
msg_begin
7.75778e+06
-363827
-2.50147
0.00796418
0.00185111
0.000162773
0
0
0
1682191441.02659
msg_begin
7.75778e+06
-363827
-2.50307
0.00811259
0.00186468
0.000240566
0
0
0
1682191441.07664
msg_begin
7.75778e+06
-363827
-2.50489
0.00882073
0.00378489
0.000131355
0
0
0
1682191441.12668
msg_begin
7.75778e+06
-363828
-2.50578
0.00322081
0.00375255
0.000160811
0
0
0
1682191441.17666
msg_begin
7.75778e+06
-363828
-2.50499
0.00149531
0.00335572
0.000163104
0
0
0
1682191441.22664
msg_begin
7.75778e+06
-363828
-2.50183
0.00146433
0.00175895
0.000127771
0
0
0
1682191441.27668
msg_begin
7.75778e+06
-363828
-2.50105
0.0109144
0.0149471
0.00119072
0
0
0
1682191441.32668
msg_begin
7.75778e+06
-363828
-2.50347
0.000499566
0.000399124
2.72275e-05
0
0
0
1682191441.37665
msg_begin
7.75778e+06
-363828
-2.50173
0.0104604
0.00829152
0.000732564
0
0
0
1682191441.42661
msg_begin
7.75778e+06
-363828
-2.50308
0.0066882
0.00768697
0.00113935
0
0
0
1682191441.47659
msg_begin
7.75778e+06
-363828
-2.50267
6.98492e-08
2.21189e-09
2.22045e-15
0
0
0
1682191441.52656
msg_begin
7.75778e+06
-363828
-2.50266
0.0100478
0.0112094
0.000658343
0
0
0
1682191441.57650
msg_begin
7.75778e+06
-363828
-2.50164
0.00418443
0.00267104
0.000232966
0
0
0
1682191441.62650
msg_begin
7.75778e+06
-363828
-2.5037
0.00478837
0.00131816
0.000180693
0
0
0
1682191441.67646
msg_begin
7.75778e+06
-363828
-2.50168
0.00275519
0.0116378
8.34892e-05
0
0
0
1682191441.72639
msg_begin
7.75778e+06
-363829
-2.50049
0.00410862
0.00138406
0.000163248
0
0
0
1682191441.77639
msg_begin
7.75778e+06
-363829
-2.50283
0.00231306
0.000285497
7.59398e-05
0
0
0
1682191441.82638
msg_begin
7.75778e+06
-363829
-2.50194
0.00631202
0.0143121
0.000313656
0
0
0
1682191441.87641
msg_begin
7.75778e+06
-363829
-2.50111
0.0176007
0.00590887
0.00202016
0
0
0
1682191441.92647
msg_begin
7.75777e+06
-363829
-2.50177
0.0171822
0.00537252
0.000596653
0
0
0
1682191441.97646
msg_begin
7.75777e+06
-363829
-2.49993
0.0104847
0.0196498
0.00184012
0
0
0
1682191442.02647
msg_begin
7.75777e+06
-363829
-2.50088
0.0108792
0.00503462
0.00084397
0
0
0
1682191442.07648
msg_begin
7.75777e+06
-363829
-2.50051
0.0115255
0.00964195
0.000289709
0
0
0
1682191442.12658
msg_begin
7.75777e+06
-363829
-2.50193
0.00980303
0.00614522
0.000383486
0
0
0
1682191442.17662
msg_begin
7.75777e+06
-363829
-2.50156
0.00248941
0.00419254
0.000270139
0
0
0
1682191442.22661
msg_begin
7.75777e+06
-363829
-2.50165
0.0169314
0.00390475
0.000416537
0
0
0
1682191442.27664
msg_begin
7.75777e+06
-363829
-2.50147
0.00605044
0.00407128
0.000938135
0
0
0
1682191442.32662
msg_begin
7.75777e+06
-363830
-2.49975
0.000952346
0.00203902
0.000155466
0
0
0
1682191442.37667
msg_begin
7.75777e+06
-363830
-2.50246
0.00263798
0.000131643
0.000442536
0
0
0
1682191442.42666
msg_begin
7.75777e+06
-363830
-2.50165
0.0133082
0.0105615
0.000941195
0
0
0
1682191442.47666
msg_begin
7.75777e+06
-363830
-2.50179
0.000173406
7.01238e-06
3.11547e-05
0
0
0
1682191442.52666
msg_begin
7.75777e+06
-363830
-2.50237
0.00554042
0.005778
0.00024262
0
0
0
1682191442.57663
msg_begin
7.75777e+06
-363830
-2.50205
0.0165291
0.00144465
0.000347705
0
0
0
1682191442.62659
msg_begin
7.75777e+06
-363830
-2.5035
0.00918697
0.00905633
0.00205385
0
0
0
1682191442.67661
msg_begin
7.75777e+06
-363830
-2.50187
0.0292327
0.0124989
0.000924761
0
0
0
1682191442.72661
msg_begin
7.75777e+06
-363830
-2.50078
0.00604675
0.0172645
0.000396056
0
0
0
1682191442.77663
msg_begin
7.75777e+06
-363830
-2.50086
0.00579738
0.00730789
0.000598115
0
0
0
1682191442.82669
msg_begin
7.75777e+06
-363830
-2.50304
0.00375705
0.00420103
0.000385759
0
0
0
1682191442.87662
msg_begin
7.75777e+06
-363830
-2.50167
0.00248848
0.00141617
0.000227219
0
0
0
1682191442.92677
msg_begin
7.75777e+06
-363830
-2.50128
0.00973534
0.00975236
0.000411492
0
0
0
1682191442.97677
msg_begin
7.75777e+06
-363831
-2.50081
0.00102217
0.00250267
0.000106773
0
0
0
1682191443.02680
msg_begin
7.75777e+06
-363831
-2.49985
0.0112214
0.0126224
0.000458951
0
0
0
1682191443.07687
msg_begin
7.75777e+06
-363831
-2.50279
0.00395822
0.00609829
0.000259382
0
0
0
1682191443.12693
msg_begin
7.75777e+06
-363831
-2.50012
0.00215481
0.000947636
9.65153e-05
0
0
0
1682191443.17699
msg_begin
7.75777e+06
-363831
-2.49686
0.000953867
0.00137204
7.72264e-05
0
0
0
1682191443.22695
msg_begin
7.75777e+06
-363831
-2.49894
0.00130518
0.00339024
0.000251378
0
0
0
1682191443.27704
msg_begin
7.75777e+06
-363831
-2.49999
0.00151206
0.000159795
0.000204725
0
0
0
1682191443.32709
msg_begin
7.75777e+06
-363831
-2.50004
0.00979356
0.00977232
0.000628388
0
0
0
1682191443.37721
msg_begin
7.75777e+06
-363831
-2.49955
0.0198131
0.0197455
0.00107983
0
0
0
1682191443.42714
msg_begin
7.75777e+06
-363831
-2.49849
0.000831007
0.00013501
2.40826e-05
0
0
0
1682191443.47713
msg_begin
7.75777e+06
-363831
-2.49876
0.00389378
0.00861226
0.000557922
0
0
0
1682191443.52716
msg_begin
7.75777e+06
-363831
-2.49894
0.00716308
0.0053686
0.000542405
0
0
0
1682191443.57706
msg_begin
7.75777e+06
-363831
-2.49859
0.00977328
0.0166968
0.000482185
0
0
0
1682191443.62706
msg_begin
7.75777e+06
-363832
-2.49764
0.0138893
0.00930903
0.000689429
0
0
0
1682191443.67707
msg_begin
7.75777e+06
-363832
-2.49833
0.00199673
0.00091776
0.000579127
0
0
0
1682191443.72704
msg_begin
7.75777e+06
-363832
-2.50056
8.56817e-08
2.91038e-10
1.77636e-15
0
0
0
1682191443.77703
msg_begin
7.75777e+06
-363832
-2.49638
8.9407e-08
1.22236e-09
1.77636e-15
0
0
0
1682191443.82702
msg_begin
7.75777e+06
-363832
-2.49673
0.00030409
0.00205967
1.5341e-05
0
0
0
1682191443.87820
msg_begin
7.75777e+06
-363832
-2.49623
0.00128617
0.000730767
8.69798e-05
0
0
0
1682191443.92702
msg_begin
7.75777e+06
-363832
-2.49564
0.00481288
0.00391777
0.000175829
0
0
0
1682191443.97695
msg_begin
7.75777e+06
-363832
-2.49843
5.21541e-08
5.82077e-11
1.77636e-15
0
0
0
1682191444.02694
msg_begin
7.75777e+06
-363832
-2.49929
0.0104542
0.00816954
0.000458891
0
0
0
1682191444.07759
msg_begin
7.75777e+06
-363832
-2.49649
2.14204e-08
3.7835e-09
4.44089e-16
0
0
0
1682191444.12684
msg_begin
7.75777e+06
-363833
-2.49908
0.00479317
0.00208279
0.000450218
0
0
0
1682191444.17684
msg_begin
7.75777e+06
-363833
-2.49936
0.011065
0.0117044
0.00118439
0
0
0
1682191444.22681
msg_begin
7.75777e+06
-363833
-2.49879
0.01546
0.00441112
0.00125442
0
0
0
1682191444.27726
msg_begin
7.75777e+06
-363833
-2.49848
0.0083127
0.0101149
0.00147901
0
0
0
1682191444.32683
msg_begin
7.75777e+06
-363833
-2.49876
0.000203658
0.000174857
2.51378e-05
0
0
0
1682191444.37674
msg_begin
7.75777e+06
-363833
-2.49891
0.010978
0.00344094
0.000457458
0
0
0
1682191444.42673
msg_begin
7.75777e+06
-363833
-2.49859
0.000884497
0.000372513
3.32996e-05
0
0
0
1682191444.47792
msg_begin
7.75777e+06
-363833
-2.4965
0.00040592
0.000821425
0.000217569
0
0
0
1682191444.52671
msg_begin
7.75777e+06
-363833
-2.49705
0.0167167
0.00879263
0.00111668
0
0
0
1682191444.57670
msg_begin
7.75777e+06
-363834
-2.49629
0.00823914
0.00475765
0.000432898
0
0
0
1682191444.62660
msg_begin
7.75777e+06
-363834
-2.49395
0.0121316
0.00782959
0.00111721
0
0
0
1682191444.67692
msg_begin
7.75777e+06
-363834
-2.49428
0.000152254
0.00122944
4.14092e-05
0
0
0
1682191444.72670
msg_begin
7.75777e+06
-363834
-2.49449
0.0015254
0.00438745
0.000446203
0
0
0
1682191444.77671
msg_begin
7.75777e+06
-363834
-2.49463
0.0280139
0.00841197
0.000670512
0
0
0
1682191444.82668
msg_begin
7.75777e+06
-363834
-2.49311
0.00354213
0.00254198
0.000461938
0
0
0
1682191444.87674
msg_begin
7.75777e+06
-363834
-2.49163
0.0110312
0.0116705
0.00102836
0
0
0
1682191444.92677
msg_begin
7.75777e+06
-363834
-2.49536
0.00696845
0.0030477
0.000593613
0
0
0
1682191444.97680
msg_begin
7.75777e+06
-363834
-2.49394
0.00173116
0.000921663
0.000516
0
0
0
1682191445.02685
msg_begin
7.75777e+06
-363835
-2.49571
0.00178229
0.00617912
0.000245712
0
0
0
1682191445.07679
msg_begin
7.75777e+06
-363835
-2.49511
0.00347681
0.00294952
0.000246029
0
0
0
1682191445.12691
msg_begin
7.75777e+06
-363835
-2.49656
0.0229259
0.017349
0.00223771
0
0
0
1682191445.17693
msg_begin
7.75777e+06
-363835
-2.49866
0.009692
0.0089859
0.000575887
0
0
0
1682191445.22686
msg_begin
7.75777e+06
-363835
-2.49692
5.7742e-08
2.91038e-10
3.55271e-15
0
0
0
1682191445.27683
msg_begin
7.75777e+06
-363835
-2.49786
0.000672186
0.000175872
2.80142e-05
0
0
0
1682191445.32681
msg_begin
7.75777e+06
-363835
-2.49675
0.00732568
0.00483774
0.000697821
0
0
0
1682191445.37687
msg_begin
7.75777e+06
-363835
-2.49506
0.00341577
0.00345763
0.000124721
0
0
0
1682191445.42680
msg_begin
7.75777e+06
-363836
-2.49357
0.00258494
0.00329668
0.000213892
0
0
0
1682191445.47671
msg_begin
7.75777e+06
-363836
-2.49397
0.00245828
0.00881135
0.000522091
0
0
0
1682191445.52678
msg_begin
7.75777e+06
-363836
-2.49427
0.00202579
0.00697184
0.000554966
0
0
0
1682191445.57685
msg_begin
7.75777e+06
-363836
-2.49425
0.00506105
0.00576553
0.000356635
0
0
0
1682191445.62685
msg_begin
7.75777e+06
-363836
-2.49526
2.06192e-05
0.000494103
6.1409e-05
0
0
0
1682191445.67690
msg_begin
7.75777e+06
-363836
-2.49463
0.00464398
0.00243116
0.000794091
0
0
0
1682191445.72688
msg_begin
7.75777e+06
-363836
-2.49418
0.00601612
0.002467
0.00038161
0
0
0
1682191445.77687
msg_begin
7.75777e+06
-363837
-2.49203
0.00105397
0.000235643
1.4217e-05
0
0
0
1682191445.82691
msg_begin
7.75776e+06
-363837
-2.49465
0.00299037
0.00463685
0.000783243
0
0
0
1682191445.87793
msg_begin
7.75776e+06
-363837
-2.4917
0.000123789
0.0015524
0.000434686
0
0
0
1682191445.92691
msg_begin
7.75776e+06
-363837
-2.49249
0.0136194
0.010641
0.00113667
0
0
0
1682191445.97682
msg_begin
7.75776e+06
-363837
-2.49368
0.00598338
0.0048868
0.000346486
0
0
0
1682191446.02727
msg_begin
7.75776e+06
-363837
-2.49498
0.0117701
0.0127792
0.000526529
0
0
0
1682191446.07770
msg_begin
7.75776e+06
-363837
-2.49598
0.00374594
0.00360933
0.00017853
0
0
0
1682191446.12685
msg_begin
7.75776e+06
-363837
-2.49373
0.013415
0.00838264
0.0013909
0
0
0
1682191446.17688
msg_begin
7.75776e+06
-363838
-2.49381
0.00659967
0.00471301
0.000395418
0
0
0
1682191446.22679
msg_begin
7.75776e+06
-363838
-2.4915
0.00172175
0.000712607
6.16256e-05
0
0
0
1682191446.27760
msg_begin
7.75776e+06
-363838
-2.49227
0.00115305
0.00181933
0.000387814
0
0
0
1682191446.32674
msg_begin
7.75776e+06
-363838
-2.49292
0.00513113
0.00935878
0.000377136
0
0
0
1682191446.37677
msg_begin
7.75776e+06
-363838
-2.49367
0.00989573
0.00852268
0.000736341
0
0
0
1682191446.42669
msg_begin
7.75776e+06
-363838
-2.49403
0.00291903
0.0016785
0.000173449
0
0
0
1682191446.47766
msg_begin
7.75776e+06
-363839
-2.49174
0.0103756
0.00440318
0.000275051
0
0
0
1682191446.52666
msg_begin
7.75776e+06
-363839
-2.48922
0.00232452
0.00121667
0.000391522
0
0
0
1682191446.57662
msg_begin
7.75776e+06
-363839
-2.4896
0.0107831
0.00859693
0.00155565
0
0
0
1682191446.62664
msg_begin
7.75776e+06
-363839
-2.49172
4.84288e-08
1.92085e-09
4.44089e-15
0
0
0
1682191446.67740
msg_begin
7.75776e+06
-363839
-2.4907
0.00983104
0.0044979
0.000415369
0
0
0
1682191446.72654
msg_begin
7.75776e+06
-363839
-2.49033
5.4948e-08
1.74623e-10
3.10862e-15
0
0
0
1682191446.77652
msg_begin
7.75776e+06
-363839
-2.49089
0.00910183
0.00685565
0.000123305
0
0
0
1682191446.82664
msg_begin
7.75776e+06
-363840
-2.48884
0.0114938
0.00542959
0.000328817
0
0
0
1682191446.87649
msg_begin
7.75776e+06
-363840
-2.48982
0.00655313
0.00505466
0.000495285
0
0
0
1682191446.92648
msg_begin
7.75776e+06
-363840
-2.49153
0.00103054
0.000420885
2.99328e-05
0
0
0
1682191446.97649
msg_begin
7.75776e+06
-363840
-2.49132
0.0201171
0.01477
0.00189726
0
0
0
1682191447.02647
msg_begin
7.75776e+06
-363840
-2.49284
0.00523721
0.012293
0.00108558
0
0
0
1682191447.07646
msg_begin
7.75776e+06
-363840
-2.49142
0.00301726
0.00395954
0.000380449
0
0
0
1682191447.12648
msg_begin
7.75776e+06
-363841
-2.48976
8.3819e-09
2.96859e-09
1.77636e-15
0
0
0
1682191447.17646
msg_begin
7.75776e+06
-363841
-2.48979
0.0011612
0.00221438
0.000218573
0
0
0
1682191447.22640
msg_begin
7.75776e+06
-363841
-2.4912
0.0144143
0.0149323
0.000588442
0
0
0
1682191447.27631
msg_begin
7.75776e+06
-363841
-2.49048
0.00355812
0.0211307
0.000477063
0
0
0
1682191447.32630
msg_begin
7.75776e+06
-363841
-2.49202
0.0059192
0.00836922
0.000567661
0
0
0
1682191447.37629
msg_begin
7.75776e+06
-363841
-2.49093
0.00267741
0.00236003
0.000270316
0
0
0
1682191447.42624
msg_begin
7.75776e+06
-363842
-2.49246
0.0139983
0.00825177
0.000496069
0
0
0
1682191447.47627
msg_begin
7.75776e+06
-363842
-2.49599
0.0108499
0.0128527
0.00104799
0
0
0
1682191447.52618
msg_begin
7.75776e+06
-363842
-2.49368
0.000272553
0.000312794
3.41583e-05
0
0
0
1682191447.57628
msg_begin
7.75776e+06
-363842
-2.49264
0.000336603
0.00143496
7.0051e-05
0
0
0
1682191447.62629
msg_begin
7.75776e+06
-363842
-2.49358
5.86733e-08
8.14907e-10
4.44089e-16
0
0
0
1682191447.67632
msg_begin
7.75776e+06
-363842
-2.49279
0.0213483
0.0246545
0.000358196
0
0
0
1682191447.72635
msg_begin
7.75776e+06
-363843
-2.49075
0.00430241
0.0022163
0.000604944
0
0
0
1682191447.77644
msg_begin
7.75776e+06
-363843
-2.49278
0.000624285
0.000478421
1.87042e-05
0
0
0
1682191447.82641
msg_begin
7.75776e+06
-363843
-2.49336
0.0127555
0.0231996
0.000534408
0
0
0
1682191447.87759
msg_begin
7.75776e+06
-363843
-2.49343
2.79397e-09
2.67755e-09
4.44089e-16
0
0
0
1682191447.92668
msg_begin
7.75776e+06
-363843
-2.49022
0.00109995
0.00215921
0.0001166
0
0
0
1682191447.97655
msg_begin
7.75776e+06
-363843
-2.49365
0.00593868
0.00238134
0.000348022
0
0
0
1682191448.02662
msg_begin
7.75776e+06
-363844
-2.495
0.00914607
0.00814752
0.000872731
0
0
0
1682191448.07765
msg_begin
7.75776e+06
-363844
-2.49274
0.00251732
0.00171005
0.000163178
0
0
0
1682191448.12654
msg_begin
7.75776e+06
-363844
-2.49522
0.0148658
0.0145243
0.0012308
0
0
0
1682191448.17656
msg_begin
7.75776e+06
-363844
-2.49314
0.00257279
0.00651656
0.000898231
0
0
0
1682191448.22652
msg_begin
7.75776e+06
-363844
-2.49236
0.00409444
0.000761188
0.000555146
0
0
0
1682191448.27748
msg_begin
7.75775e+06
-363844
-2.49219
0.0337644
0.0319172
0.00184619
0
0
0
1682191448.32635
msg_begin
7.75775e+06
-363845
-2.49334
0.00608814
0.00828331
0.000715177
0
0
0
1682191448.37631
msg_begin
7.75775e+06
-363845
-2.49246
0.00342839
0.0027474
0.000341815
0
0
0
1682191448.42624
msg_begin
7.75775e+06
-363845
-2.49314
0.0049357
0.00224742
0.000501223
0
0
0
1682191448.47709
msg_begin
7.75775e+06
-363845
-2.49219
2.8871e-08
2.09548e-09
1.33227e-15
0
0
0
1682191448.52618
msg_begin
7.75775e+06
-363845
-2.49456
7.91624e-08
9.31323e-10
2.22045e-15
0
0
0
1682191448.57611
msg_begin
7.75775e+06
-363846
-2.49337
0.00859875
0.00264438
0.000216984
0
0
0
1682191448.62606
msg_begin
7.75775e+06
-363846
-2.49274
0.0127557
0.0151459
0.0013791
0
0
0
1682191448.67723
msg_begin
7.75775e+06
-363846
-2.49321
0.0260213
0.0103222
0.000732284
0
0
0
1682191448.72606
msg_begin
7.75775e+06
-363846
-2.49034
0.0266801
0.00433416
7.97082e-05
0
0
0
1682191448.77602
msg_begin
7.75775e+06
-363846
-2.49148
0.000985576
0.0015584
0.000185701
0
0
0
1682191448.82603
msg_begin
7.75775e+06
-363846
-2.49184
0.000943702
0.000279989
0.000203571
0
0
0
1682191448.87612
msg_begin
7.75775e+06
-363847
-2.49298
0.00304547
0.00134032
0.000183666
0
0
0
1682191448.92610
msg_begin
7.75775e+06
-363847
-2.49475
0.00414164
0.00151215
0.000195771
0
0
0
1682191448.97614
msg_begin
7.75775e+06
-363847
-2.49542
0.0246094
0.0107572
0.000943208
0
0
0
1682191449.02618
msg_begin
7.75775e+06
-363847
-2.49755
0.00579786
0.00128829
0.000139954
0
0
0
1682191449.07637
msg_begin
7.75775e+06
-363847
-2.49473
0.00412564
0.00273386
0.00120288
0
0
0
1682191449.12625
msg_begin
7.75775e+06
-363848
-2.49731
0.0150715
0.00631965
0.00152724
0
0
0
1682191449.17628
msg_begin
7.75775e+06
-363848
-2.49324
2.98023e-08
1.16415e-10
4.88498e-15
0
0
0
1682191449.22635
msg_begin
7.75775e+06
-363848
-2.4924
0.00949396
0.0082366
0.000379915
0
0
0
1682191449.27626
msg_begin
7.75775e+06
-363848
-2.49387
0.00324677
0.00323306
0.000293396
0
0
0
1682191449.32628
msg_begin
7.75775e+06
-363848
-2.49496
2.32831e-08
5.82077e-10
0
0
0
0
1682191449.37625
msg_begin
7.75775e+06
-363848
-2.49582
0.00129943
0.00252813
0.000291984
0
0
0
1682191449.42627
msg_begin
7.75775e+06
-363849
-2.49831
9.31323e-10
1.33878e-09
4.44089e-15
0
0
0
1682191449.47634
msg_begin
7.75775e+06
-363849
-2.49988
0.00344741
0.00439031
0.000508841
0
0
0
1682191449.52631
msg_begin
7.75775e+06
-363849
-2.49935
0.00526245
0.00216667
6.49862e-05
0
0
0
1682191449.57637
msg_begin
7.75775e+06
-363849
-2.49749
0.00146111
0.00161235
0.000153568
0
0
0
1682191449.62638
msg_begin
7.75775e+06
-363850
-2.4977
0.00745703
0.00431656
0.000396411
0
0
0
1682191449.67651
msg_begin
7.75775e+06
-363850
-2.49884
0.00344646
0.00175328
0.000576124
0
0
0
1682191449.72638
msg_begin
7.75775e+06
-363850
-2.49788
0.00389044
0.00389986
0.000307273
0
0
0
1682191449.77642
msg_begin
7.75775e+06
-363850
-2.49967
0.000594494
0.00232198
0.000122994
0
0
0
1682191449.82648
msg_begin
7.75775e+06
-363850
-2.49934
0.00344553
0.00345822
0.000562512
0
0
0
1682191449.87748
msg_begin
7.75775e+06
-363850
-2.50105
0.000404639
0.000633162
0.000201289
0
0
0
1682191449.92637
msg_begin
7.75775e+06
-363851
-2.50388
0.0153164
0.00978422
0.00113027
0
0
0
1682191449.97627
msg_begin
7.75775e+06
-363851
-2.50233
0.0375965
0.0242164
0.00193264
0
0
0
1682191450.02637
msg_begin
7.75775e+06
-363851
-2.50409
0.00126625
0.00327448
0.000240644
0
0
0
1682191450.07723
msg_begin
7.75775e+06
-363851
-2.50329
0.0264319
0.0209608
0.000939786
0
0
0
1682191450.12613
msg_begin
7.75775e+06
-363851
-2.50459
0.00432235
0.0124207
0.000647797
0
0
0
1682191450.17611
msg_begin
7.75775e+06
-363852
-2.5045
0.0093987
0.00255912
0.000109794
0
0
0
1682191450.22613
msg_begin
7.75775e+06
-363852
-2.50431
0.00218919
0.000596757
0.000171851
0
0
0
1682191450.27690
msg_begin
7.75775e+06
-363852
-2.50517
0.00087689
0.000175354
2.19823e-05
0
0
0
1682191450.32600
msg_begin
7.75774e+06
-363852
-2.5053
0.000737858
0.000623384
0.000106768
0
0
0
1682191450.37603
msg_begin
7.75774e+06
-363852
-2.50679
0.0306756
0.0303722
0.00090797
0
0
0
1682191450.42610
msg_begin
7.75774e+06
-363853
-2.50624
0.0158516
0.0160037
0.000737114
0
0
0
1682191450.47709
msg_begin
7.75774e+06
-363853
-2.50656
0.0248936
0.00703931
0.00146837
0
0
0
1682191450.52602
msg_begin
7.75774e+06
-363853
-2.50878
0.0188524
0.00951728
0.000476856
0
0
0
1682191450.57606
msg_begin
7.75774e+06
-363853
-2.50891
0.00370572
0.00765111
0.000415987
0
0
0
1682191450.62608
msg_begin
7.75774e+06
-363853
-2.50801
0.00289629
0.0056434
0.000425934
0
0
0
1682191450.67692
msg_begin
7.75774e+06
-363854
-2.50522
0.0109129
0.00368049
0.000281003
0
0
0
1682191450.72611
msg_begin
7.75774e+06
-363854
-2.50501
0.00358186
0.00261727
0.000217695
0
0
0
1682191450.77612
msg_begin
7.75774e+06
-363854
-2.50523
1.30385e-08
5.23869e-10
4.88498e-15
0
0
0
1682191450.82612
msg_begin
7.75774e+06
-363854
-2.50525
0.00210677
0.00272234
4.49878e-06
0
0
0
1682191450.87614
msg_begin
7.75774e+06
-363854
-2.50549
0.00948337
0.00234055
0.00046094
0
0
0
1682191450.92620
msg_begin
7.75774e+06
-363855
-2.50469
7.17118e-08
5.82077e-11
1.77636e-15
0
0
0
1682191450.97616
msg_begin
7.75774e+06
-363855
-2.50471
0.0038412
0.00844955
0.000287308
0
0
0
1682191451.02619
msg_begin
7.75774e+06
-363855
-2.50546
0.0110964
0.0103447
0.000105108
0
0
0
1682191451.07621
msg_begin
7.75774e+06
-363855
-2.50903
0.00868617
0.00933689
0.0013538
0
0
0
1682191451.12630
msg_begin
7.75774e+06
-363856
-2.50672
0.0118272
0.00888811
0.000163516
0
0
0
1682191451.17629
msg_begin
7.75774e+06
-363856
-2.5084
0.00300225
0.00206054
0.000120941
0
0
0
1682191451.22628
msg_begin
7.75774e+06
-363856
-2.50836
0.00985549
0.00306741
0.00035761
0
0
0
1682191451.27633
msg_begin
7.75774e+06
-363856
-2.50756
4.28408e-08
4.07454e-10
2.22045e-15
0
0
0
1682191451.32638
msg_begin
7.75774e+06
-363856
-2.51013
9.31323e-09
2.79397e-09
8.88178e-16
0
0
0
1682191451.37642
msg_begin
7.75774e+06
-363857
-2.5089
0.00668068
0.0039328
0.00048596
0
0
0
1682191451.42645
msg_begin
7.75774e+06
-363857
-2.50879
0.00739718
0.0092394
0.000819425
0
0
0
1682191451.47642
msg_begin
7.75774e+06
-363857
-2.50773
0.000866551
6.56299e-05
0.000137312
0
0
0
1682191451.52641
msg_begin
7.75774e+06
-363857
-2.50912
0.00420867
0.00267337
0.00052592
0
0
0
1682191451.57640
msg_begin
7.75774e+06
-363857
-2.5076
0.00205372
0.00459268
0.000145625
0
0
0
1682191451.62640
msg_begin
7.75774e+06
-363858
-2.50823
0.00240825
0.00294361
0.000248989
0
0
0
1682191451.67645
msg_begin
7.75774e+06
-363858
-2.50899
0.00606655
0.00653577
0.000303992
0
0
0
1682191451.72640
msg_begin
7.75774e+06
-363858
-2.50871
0.00738197
0.0045819
0.000138829
0
0
0
1682191451.77636
msg_begin
7.75774e+06
-363858
-2.50758
0.00119917
0.00239556
0.000118032
0
0
0
1682191451.82636
msg_begin
7.75774e+06
-363858
-2.50974
0.00355665
0.00403393
0.000460536
0
0
0
1682191451.87750
msg_begin
7.75774e+06
-363859
-2.50811
0.0230976
0.0255105
0.00061142
0
0
0
1682191451.92631
msg_begin
7.75774e+06
-363859
-2.50717
0.000960671
0.00228997
9.17435e-05
0
0
0
1682191451.97640
msg_begin
7.75774e+06
-363859
-2.50929
0.00499776
0.00429378
0.00047739
0
0
0
1682191452.02645
msg_begin
7.75774e+06
-363859
-2.50601
0.0116408
0.00534398
0.000841313
0
0
0
1682191452.07731
msg_begin
7.75774e+06
-363859
-2.50129
0.0132699
0.0164253
0.000469135
0
0
0
1682191452.12645
msg_begin
7.75774e+06
-363859
-2.50364
0.00202777
0.0014426
0.000489859
0
0
0
1682191452.17641
msg_begin
7.75774e+06
-363860
-2.50309
0.00537807
0.0033906
0.000217649
0
0
0
1682191452.22658
msg_begin
7.75773e+06
-363860
-2.50306
0.0148472
0.0189776
0.00180605
0
0
0
1682191452.27720
msg_begin
7.75773e+06
-363860
-2.5031
1.11759e-08
2.61934e-09
2.66454e-15
0
0
0
1682191452.32647
msg_begin
7.75773e+06
-363860
-2.50513
0.00172353
0.00411583
0.000128868
0
0
0
1682191452.37647
msg_begin
7.75773e+06
-363860
-2.50494
0.0100898
0.00827381
0.000548775
0
0
0
1682191452.42656
msg_begin
7.75773e+06
-363861
-2.50843
0.00346686
0.00497141
0.000209255
0
0
0
1682191452.47762
msg_begin
7.75773e+06
-363861
-2.50693
0.00783385
0.00706437
0.000361597
0
0
0
1682191452.52638
msg_begin
7.75773e+06
-363861
-2.50448
0.00945003
0.00344797
0.000773848
0
0
0
1682191452.57649
msg_begin
7.75773e+06
-363861
-2.50563
0.00636422
0.00529998
0.000218272
0
0
0
1682191452.62647
msg_begin
7.75773e+06
-363861
-2.50554
0.0164304
0.0137301
0.00109622
0
0
0
1682191452.67739
msg_begin
7.75773e+06
-363862
-2.50586
0.000294736
0.000746629
1.97534e-05
0
0
0
1682191452.72640
msg_begin
7.75773e+06
-363862
-2.50675
0.00863821
0.00356506
0.00027054
0
0
0
1682191452.77640
msg_begin
7.75773e+06
-363862
-2.50726
0.00748244
0.00121087
0.000323169
0
0
0
1682191452.82644
msg_begin
7.75773e+06
-363862
-2.50807
0.00779775
0.0146747
0.000651661
0
0
0
1682191452.87759
msg_begin
7.75773e+06
-363862
-2.50494
0.00124752
0.00567774
0.000358657
0
0
0
1682191452.92653
msg_begin
7.75773e+06
-363863
-2.50624
0.00319061
0.00446732
0.000230092
0
0
0
1682191452.97656
msg_begin
7.75773e+06
-363863
-2.50536
0.0095558
0.00439915
4.40145e-05
0
0
0
1682191453.02653
msg_begin
7.75773e+06
-363863
-2.50562
0.00673946
0.00325531
9.3189e-05
0
0
0
1682191453.07756
msg_begin
7.75773e+06
-363863
-2.50145
7.91624e-08
3.49246e-10
1.33227e-15
0
0
0
1682191453.12650
msg_begin
7.75773e+06
-363863
-2.50253
0.00256468
0.00337732
0.000202768
0
0
0
1682191453.17652
msg_begin
7.75773e+06
-363863
-2.50118
0.00218067
0.000754045
0.000231913
0
0
0
1682191453.22651
msg_begin
7.75773e+06
-363864
-2.50204
0.00473488
0.00350398
0.00031499
0
0
0
1682191453.27766
msg_begin
7.75773e+06
-363864
-2.5034
0.0257542
0.0131417
0.00067491
0
0
0
1682191453.32641
msg_begin
7.75773e+06
-363864
-2.50392
0.00195648
0.00299959
0.000308642
0
0
0
1682191453.37638
msg_begin
7.75773e+06
-363864
-2.50326
0.00276766
0.0138268
0.00029523
0
0
0
1682191453.42634
msg_begin
7.75773e+06
-363864
-2.5017
0.01018
0.024016
0.000321646
0
0
0
1682191453.47705
msg_begin
7.75773e+06
-363865
-2.4995
0.0249886
0.0312344
0.0015365
0
0
0
1682191453.52632
msg_begin
7.75773e+06
-363865
-2.50002
0.00562981
0.00482457
0.000474657
0
0
0
1682191453.57625
msg_begin
7.75773e+06
-363865
-2.49985
0.000338308
0.000331271
6.51103e-05
0
0
0
1682191453.62630
msg_begin
7.75773e+06
-363865
-2.50019
4.65661e-09
6.98492e-10
3.9968e-15
0
0
0
1682191453.67723
msg_begin
7.75773e+06
-363865
-2.49885
0.00298771
0.00201861
8.56877e-05
0
0
0
1682191453.72630
msg_begin
7.75773e+06
-363865
-2.49984
0.0219587
0.0253573
0.000289883
0
0
0
1682191453.77638
msg_begin
7.75773e+06
-363866
-2.49883
0.00111467
0.0044901
0.000200756
0
0
0
1682191453.82642
msg_begin
7.75773e+06
-363866
-2.49967
0.0143138
0.0183749
0.000649844
0
0
0
1682191453.87759
msg_begin
7.75773e+06
-363866
-2.49767
0.00090849
0.00302541
0.000131589
0
0
0
1682191453.92651
msg_begin
7.75773e+06
-363866
-2.50021
0.00620743
0.00215289
0.000531678
0
0
0
1682191453.97658
msg_begin
7.75773e+06
-363866
-2.49958
0.0227996
0.0161832
0.000442135
0
0
0
1682191454.02663
msg_begin
7.75773e+06
-363866
-2.49693
4.93601e-08
3.49246e-10
8.88178e-16
0
0
0
1682191454.07782
msg_begin
7.75773e+06
-363866
-2.49779
0.0169655
0.00917178
0.000775027
0
0
0
1682191454.12667
msg_begin
7.75773e+06
-363867
-2.49674
0.000878348
8.14397e-06
5.06e-05
0
0
0
1682191454.17671
msg_begin
7.75773e+06
-363867
-2.49916
0.00133048
0.00130156
9.13357e-05
0
0
0
1682191454.22669
msg_begin
7.75773e+06
-363867
-2.49972
0.00162245
0.000769305
9.4069e-05
0
0
0
1682191454.27772
msg_begin
7.75773e+06
-363867
-2.50141
0.00302682
0.00349858
0.000386793
0
0
0
1682191454.32677
msg_begin
7.75773e+06
-363867
-2.50037
0.00454723
7.24286e-05
0.000125037
0
0
0
1682191454.37680
msg_begin
7.75773e+06
-363867
-2.49974
0.00712177
0.00463579
0.000931848
0
0
0
1682191454.42676
msg_begin
7.75773e+06
-363867
-2.5004
0.0014049
0.000634599
0.000108616
0
0
0
1682191454.47767
msg_begin
7.75772e+06
-363867
-2.50087
0.0191274
0.00358587
0.000285235
0
0
0
1682191454.52671
msg_begin
7.75772e+06
-363868
-2.50071
0.017418
0.00856439
0.000629464
0
0
0
1682191454.57674
msg_begin
7.75772e+06
-363868
-2.50034
0.00796613
0.00567455
0.000429276
0
0
0
1682191454.62669
msg_begin
7.75772e+06
-363868
-2.501
0.00587315
0.00494309
0.000303155
0
0
0
1682191454.67736
msg_begin
7.75772e+06
-363868
-2.50089
0.00565171
0.00598593
0.000390835
0
0
0
1682191454.72661
msg_begin
7.75772e+06
-363868
-2.50078
0.00205832
0.0066255
0.000222343
0
0
0
1682191454.77663
msg_begin
7.75772e+06
-363868
-2.50114
0.00473312
0.0048367
0.000454363
0
0
0
1682191454.82670
msg_begin
7.75772e+06
-363868
-2.50102
0.00267501
0.00507255
0.000158277
0
0
0
1682191454.87776
msg_begin
7.75772e+06
-363868
-2.50023
0.0184958
0.00964636
0.00030742
0
0
0
1682191454.92656
msg_begin
7.75772e+06
-363868
-2.50265
7.82311e-08
3.72529e-09
3.9968e-15
0
0
0
1682191454.97652
msg_begin
7.75772e+06
-363869
-2.50194
0.0318084
0.0239554
0.00113854
0
0
0
1682191455.07733
msg_begin
7.75772e+06
-363869
-2.50214
0.00299801
0.00616077
0.000529138
0
0
0
1682191455.12638
msg_begin
7.75772e+06
-363869
-2.50257
0.00959048
0.0033446
0.000109757
0
0
0
1682191455.17640
msg_begin
7.75772e+06
-363869
-2.50152
0.00300127
0.00375113
0.000532706
0
0
0
1682191455.22633
msg_begin
7.75772e+06
-363869
-2.50182
4.65661e-09
3.43425e-09
5.32907e-15
0
0
0
1682191455.27738
msg_begin
7.75772e+06
-363869
-2.50157
0.000793546
0.0105412
0.000278284
0
0
0
1682191455.32638
msg_begin
7.75772e+06
-363869
-2.50249
0.00943256
0.00221193
0.000425854
0
0
0
1682191455.37634
msg_begin
7.75772e+06
-363869
-2.50369
0.0205943
0.0145955
0.000818952
0
0
0
1682191455.42633
msg_begin
7.75772e+06
-363869
-2.5031
0.00098419
0.000510905
5.81498e-05
0
0
0
1682191455.47743
msg_begin
7.75772e+06
-363869
-2.50496
0.00105361
0.000828776
6.85303e-05
0
0
0
1682191455.52625
msg_begin
7.75772e+06
-363870
-2.50528
4.93601e-08
5.82077e-10
1.77636e-15
0
0
0
1682191455.57619
msg_begin
7.75772e+06
-363870
-2.50386
0.000482801
0.0074639
0.000165242
0
0
0
1682191455.62615
msg_begin
7.75772e+06
-363870
-2.5055
0.00886135
0.00345875
0.000223567
0
0
0
1682191455.67740
msg_begin
7.75772e+06
-363870
-2.50448
0.00903872
0.00404041
0.000340535
0
0
0
1682191455.72615
msg_begin
7.75772e+06
-363870
-2.50152
0.000623858
7.91003e-05
1.22665e-05
0
0
0
1682191455.77610
msg_begin
7.75772e+06
-363870
-2.5041
1.11759e-08
9.31323e-10
3.10862e-15
0
0
0
1682191455.82610
msg_begin
7.75772e+06
-363870
-2.50233
1.86265e-09
1.28057e-09
2.22045e-15
0
0
0
1682191455.87736
msg_begin
7.75772e+06
-363870
-2.50196
0.00285613
0.00103797
8.76389e-05
0
0
0
1682191455.92605
msg_begin
7.75772e+06
-363870
-2.50044
0.00631743
0.00835901
0.000410903
0
0
0
1682191455.97613
msg_begin
7.75772e+06
-363870
-2.5028
0.00410888
0.00148282
0.000203352
0
0
0
1682191456.02606
msg_begin
7.75772e+06
-363870
-2.50299
0.00377356
0.00609648
0.000298398
0
0
0
1682191456.07685
msg_begin
7.75772e+06
-363870
-2.5045
0.0138425
0.00293962
0.000426883
0
0
0
1682191456.12614
msg_begin
7.75772e+06
-363870
-2.50406
0.00499774
0.00674716
0.00038909
0
0
0
1682191456.17613
msg_begin
7.75772e+06
-363871
-2.50294
0.00664461
0.00531814
0.000315
0
0
0
1682191456.22615
msg_begin
7.75772e+06
-363871
-2.50286
0.0131036
0.00926178
0.000801926
0
0
0
1682191456.27700
msg_begin
7.75772e+06
-363871
-2.50181
0.00457705
0.0079398
0.000392798
0
0
0
1682191456.32620
msg_begin
7.75772e+06
-363871
-2.50177
6.98492e-08
2.32831e-09
3.10862e-15
0
0
0
1682191456.37617
msg_begin
7.75772e+06
-363871
-2.50102
0.00501372
0.00379649
0.000276688
0
0
0
1682191456.42619
msg_begin
7.75772e+06
-363871
-2.50364
4.84973e-06
4.74649e-06
4.04703e-07
0
0
0
1682191456.47696
msg_begin
7.75772e+06
-363871
-2.50252
0.00696829
0.00452188
0.00047946
0
0
0
1682191456.52608
msg_begin
7.75772e+06
-363871
-2.50471
0.000199011
9.40505e-05
0.000114388
0
0
0
1682191456.57609
msg_begin
7.75772e+06
-363871
-2.50524
0.00059137
0.0010611
7.00896e-05
0
0
0
1682191456.62612
msg_begin
7.75772e+06
-363871
-2.50304
0.00982978
0.0100042
0.000533289
0
0
0
1682191456.67690
msg_begin
7.75772e+06
-363871
-2.50167
0.000674929
0.000775542
8.27481e-05
0
0
0
1682191456.72608
msg_begin
7.75772e+06
-363872
-2.50153
0.00219506
0.000653922
0.000146971
0
0
0
1682191456.77603
msg_begin
7.75772e+06
-363872
-2.50246
0.00205162
0.00103626
0.000129545
0
0
0
1682191456.82603
msg_begin
7.75772e+06
-363872
-2.50316
0.00550807
0.0081494
0.000627965
0
0
0
1682191456.87710
msg_begin
7.75772e+06
-363872
-2.50312
0.000971968
0.000788809
1.27992e-05
0
0
0
1682191456.92614
msg_begin
7.75772e+06
-363872
-2.50254
0.00331187
0.002185
6.48053e-05
0
0
0
1682191456.97616
msg_begin
7.75772e+06
-363872
-2.50343
0.00604902
0.017574
0.000314214
0
0
0
1682191457.02612
msg_begin
7.75772e+06
-363872
-2.5039
0.00869714
0.00488147
0.000649474
0
0
0
1682191457.07736
msg_begin
7.75772e+06
-363872
-2.50237
0.00797405
0.00495732
0.000148471
0
0
0
1682191457.12616
msg_begin
7.75772e+06
-363872
-2.50262
0.00462163
0.000651836
3.54967e-05
0
0
0
1682191457.17620
msg_begin
7.75772e+06
-363872
-2.50275
0.00961724
0.00747607
0.000513801
0
0
0
1682191457.22625
msg_begin
7.75772e+06
-363872
-2.50378
0.00396215
0.00482718
0.00114622
0
0
0
1682191457.27690
msg_begin
7.75772e+06
-363873
-2.50386
0.00972008
0.00361727
0.000237427
0
0
0
1682191457.32624
msg_begin
7.75772e+06
-363873
-2.50289
0.00417269
4.89806e-05
0.000135012
0
0
0
1682191457.37629
msg_begin
7.75772e+06
-363873
-2.50182
0.000519593
0.000287946
4.4398e-05
0
0
0
1682191457.42642
msg_begin
7.75772e+06
-363873
-2.50077
0.00111408
0.000666959
5.86778e-05
0
0
0
1682191457.47728
msg_begin
7.75772e+06
-363873
-2.50136
0.00583624
0.00134923
0.00018539
0
0
0
1682191457.52630
msg_begin
7.75772e+06
-363873
-2.50125
0.00387786
0.00347025
0.000188926
0
0
0
1682191457.57627
msg_begin
7.75772e+06
-363873
-2.50081
0.0122617
0.00927671
0.000603292
0
0
0
1682191457.62631
msg_begin
7.75772e+06
-363873
-2.50028
0.000859183
0.00402717
0.000536475
0
0
0
1682191457.67743
msg_begin
7.75772e+06
-363873
-2.50085
0.0125104
0.00187327
0.000100237
0
0
0
1682191457.72619
msg_begin
7.75772e+06
-363874
-2.50068
0.00626299
0.00469926
0.000502186
0
0
0
1682191457.77618
msg_begin
7.75772e+06
-363874
-2.50101
0.00370922
0.00328089
0.000250122
0
0
0
1682191457.82627
msg_begin
7.75772e+06
-363874
-2.50207
0.00122908
0.000928976
3.51498e-05
0
0
0
1682191457.87728
msg_begin
7.75772e+06
-363874
-2.5029
0.000662441
0.00125725
4.32481e-05
0
0
0
1682191457.92612
msg_begin
7.75772e+06
-363874
-2.50242
0.00577461
0.00233131
0.000165993
0
0
0
1682191457.97607
msg_begin
7.75772e+06
-363874
-2.50522
0.0137105
0.00867884
0.00147857
0
0
0
1682191458.02608
msg_begin
7.75772e+06
-363874
-2.5073
0.00240334
0.000182951
6.54649e-05
0
0
0
1682191458.07736
msg_begin
7.75772e+06
-363874
-2.50636
0.00262675
0.0037407
0.000494918
0
0
0
1682191458.12610
msg_begin
7.75772e+06
-363875
-2.50737
0.00406722
0.00326537
0.000348031
0
0
0
1682191458.17609
msg_begin
7.75772e+06
-363875
-2.50726
0.00338591
0.0195104
0.000881627
0
0
0
1682191458.22623
msg_begin
7.75772e+06
-363875
-2.50498
0.00156856
0.00112838
0.00021017
0
0
0
1682191458.27708
msg_begin
7.75772e+06
-363875
-2.50677
0.00475983
0.00488476
0.000743128
0
0
0
1682191458.32618
msg_begin
7.75771e+06
-363875
-2.50503
0.00299035
0.00468665
0.000187479
0
0
0
1682191458.37614
msg_begin
7.75771e+06
-363875
-2.50536
0.00700974
0.00767758
0.000544624
0
0
0
1682191458.42615
msg_begin
7.75771e+06
-363875
-2.50518
0.00679226
0.0107042
0.000129539
0
0
0
1682191458.47699
msg_begin
7.75771e+06
-363876
-2.50468
1.76951e-08
3.08501e-09
8.88178e-16
0
0
0
1682191458.52609
msg_begin
7.75771e+06
-363876
-2.50454
0.00159261
0.00143385
0.000134646
0
0
0
1682191458.57610
msg_begin
7.75771e+06
-363876
-2.50659
0.00257203
0.000390625
0.000123461
0
0
0
1682191458.62603
msg_begin
7.75771e+06
-363876
-2.50941
0.00238941
0.00185242
0.000376591
0
0
0
1682191458.67687
msg_begin
7.75771e+06
-363876
-2.50937
0.0144444
0.00155355
0.000608774
0
0
0
1682191458.72600
msg_begin
7.75771e+06
-363876
-2.50792
0.00458794
0.00447969
0.000390453
0
0
0
1682191458.77600
msg_begin
7.75771e+06
-363876
-2.50696
0.00896688
0.0147089
0.000586647
0
0
0
1682191458.82635
msg_begin
7.75771e+06
-363877
-2.50676
0.000556781
9.94085e-05
0.000138933
0
0
0
1682191458.87678
msg_begin
7.75771e+06
-363877
-2.50762
0.0115291
0.00439565
0.000368296
0
0
0
1682191458.92594
msg_begin
7.75771e+06
-363877
-2.50576
0.00292753
0.00206769
0.000287301
0
0
0
1682191458.97589
msg_begin
7.75771e+06
-363877
-2.50519
0.0103475
0.0125113
0.000953259
0
0
0
1682191459.02594
msg_begin
7.75771e+06
-363877
-2.50507
9.22009e-08
2.09548e-09
4.44089e-16
0
0
0
1682191459.07680
msg_begin
7.75771e+06
-363877
-2.5072
0.00448104
0.002286
0.000203755
0
0
0
1682191459.12589
msg_begin
7.75771e+06
-363878
-2.50844
0.00171682
0.0022205
0.000144598
0
0
0
1682191459.17591
msg_begin
7.75771e+06
-363878
-2.50808
0.0102596
0.00978476
0.000424711
0
0
0
1682191459.22591
msg_begin
7.75771e+06
-363878
-2.51034
0.00733506
0.00657673
0.00041304
0
0
0
1682191459.27698
msg_begin
7.75771e+06
-363878
-2.51226
0.000260064
0.000474763
8.67062e-05
0
0
0
1682191459.32595
msg_begin
7.75771e+06
-363878
-2.51151
0.0010125
0.000655127
0.000154303
0
0
0
1682191459.37593
msg_begin
7.75771e+06
-363878
-2.51167
0.000687717
0.0012743
5.27361e-05
0
0
0
1682191459.42610
msg_begin
7.75771e+06
-363878
-2.51203
0.00140593
0.000570376
0.000177175
0
0
0
1682191459.47662
msg_begin
7.75771e+06
-363879
-2.51102
8.61227e-05
0.00267285
0.000124287
0
0
0
1682191459.52596
msg_begin
7.75771e+06
-363879
-2.51082
0.00625411
0.00600521
0.000518517
0
0
0
1682191459.57591
msg_begin
7.75771e+06
-363879
-2.50965
0.00284533
0.00148815
0.000321589
0
0
0
1682191459.62600
msg_begin
7.75771e+06
-363879
-2.51206
0.00206695
0.00676147
0.000222476
0
0
0
1682191459.67678
msg_begin
7.75771e+06
-363879
-2.5111
0.00338848
0.00456124
0.000326337
0
0
0
1682191459.72606
msg_begin
7.75771e+06
-363879
-2.51121
0.00202229
0.000527978
9.16875e-05
0
0
0
1682191459.77614
msg_begin
7.75771e+06
-363880
-2.51064
0.00469274
0.00694816
0.00110344
0
0
0
1682191459.82612
msg_begin
7.75771e+06
-363880
-2.51119
0.00573965
0.00225657
0.00138944
0
0
0
1682191459.87708
msg_begin
7.75771e+06
-363880
-2.51071
0.000791011
0.00332041
9.02854e-05
0
0
0
1682191459.92619
msg_begin
7.75771e+06
-363880
-2.51206
0.00214086
0.0082029
0.000262008
0
0
0
1682191460.02629
msg_begin
7.75771e+06
-363881
-2.51025
0.0019494
0.00106156
0.000208985
0
0
0
1682191460.12614
msg_begin
7.75771e+06
-363881
-2.50925
0.0088595
0.0117505
0.000547422
0
0
0
1682191460.17616
msg_begin
7.75771e+06
-363881
-2.50928
8.3819e-09
4.65661e-10
3.10862e-15
0
0
0
1682191460.22620
msg_begin
7.75771e+06
-363881
-2.50914
0.00671311
0.00398717
0.000286855
0
0
0
1682191460.27703
msg_begin
7.75771e+06
-363881
-2.50847
0.00992105
0.00288144
0.000548499
0
0
0
1682191460.32608
msg_begin
7.75771e+06
-363881
-2.50828
0.00571696
0.00220892
0.000293581
0
0
0
1682191460.37596
msg_begin
7.75771e+06
-363882
-2.5098
0.00882581
0.00571486
0.000504694
0
0
0
1682191460.42589
msg_begin
7.75771e+06
-363882
-2.50831
6.51926e-09
1.28057e-09
8.88178e-16
0
0
0
1682191460.47678
msg_begin
7.75771e+06
-363882
-2.50795
0.00223384
0.00496492
0.000706134
0
0
0
1682191460.52582
msg_begin
7.75771e+06
-363882
-2.50964
0.00548233
0.00484976
0.00126805
0
0
0
1682191460.57581
msg_begin
7.75771e+06
-363882
-2.50919
0.000152436
0.00141787
3.89524e-05
0
0
0
1682191460.62578
msg_begin
7.75771e+06
-363882
-2.50977
9.31323e-10
3.49246e-10
3.55271e-15
0
0
0
1682191460.67647
msg_begin
7.7577e+06
-363883
-2.51048
0.0263146
0.0141591
0.000746952
0
0
0
1682191460.72573
msg_begin
7.7577e+06
-363883
-2.51095
0.0166538
0.0110957
0.000686224
0
0
0
1682191460.77562
msg_begin
7.7577e+06
-363883
-2.51504
0.000885279
0.00113671
0.000396283
0
0
0
1682191460.82571
msg_begin
7.7577e+06
-363883
-2.51481
0.00514472
0.00229104
0.000130142
0
0
0
1682191460.87606
msg_begin
7.7577e+06
-363883
-2.51443
6.70552e-08
1.97906e-09
1.33227e-15
0
0
0
1682191460.92557
msg_begin
7.7577e+06
-363884
-2.51293
0.00925955
0.00575324
0.000703206
0
0
0
1682191460.97563
msg_begin
7.7577e+06
-363884
-2.51215
4.19095e-08
3.49246e-10
1.77636e-15
0
0
0
1682191461.02566
msg_begin
7.7577e+06
-363884
-2.51255
0.00849304
0.00707232
0.000639119
0
0
0
1682191461.07657
msg_begin
7.7577e+06
-363884
-2.51462
3.35276e-08
9.31323e-10
3.55271e-15
0
0
0
1682191461.12558
msg_begin
7.7577e+06
-363884
-2.51637
0.0243919
0.0177861
0.000916004
0
0
0
1682191461.17562
msg_begin
7.7577e+06
-363885
-2.51618
0.0010954
0.000657709
0.000104169
0
0
0
1682191461.22566
msg_begin
7.7577e+06
-363885
-2.51616
0.0149114
0.0124895
0.000213041
0
0
0
1682191461.27611
msg_begin
7.7577e+06
-363885
-2.51392
0.00882518
0.00220678
0.00118079
0
0
0
1682191461.32556
msg_begin
7.7577e+06
-363885
-2.51445
0.0132621
0.00496741
0.0005997
0
0
0
1682191461.37564
msg_begin
7.7577e+06
-363885
-2.51406
9.31323e-09
8.73115e-10
3.10862e-15
0
0
0
1682191461.42557
msg_begin
7.7577e+06
-363885
-2.51474
0.000489406
0.000514068
1.13926e-05
0
0
0
1682191461.47660
msg_begin
7.7577e+06
-363886
-2.51549
0.0110763
0.00803916
0.000492547
0
0
0
1682191461.52557
msg_begin
7.7577e+06
-363886
-2.51274
0.00564481
0.00862531
7.92646e-05
0
0
0
1682191461.57546
msg_begin
7.7577e+06
-363886
-2.51373
1.86265e-09
2.67755e-09
4.88498e-15
0
0
0
1682191461.62560
msg_begin
7.7577e+06
-363886
-2.51448
0.00482165
0.00338742
0.000148321
0
0
0
1682191461.67589
msg_begin
7.7577e+06
-363886
-2.51318
0.00114802
0.000697554
7.14235e-05
0
0
0
1682191461.72548
msg_begin
7.7577e+06
-363887
-2.51382
0.00442801
0.00349519
0.000542751
0
0
0
1682191461.77548
msg_begin
7.7577e+06
-363887
-2.51432
7.07805e-08
1.16415e-10
4.44089e-16
0
0
0
1682191461.82561
msg_begin
7.7577e+06
-363887
-2.51131
0.000250388
0.000486314
8.03484e-05
0
0
0
1682191461.87600
msg_begin
7.7577e+06
-363887
-2.51235
7.17118e-08
2.21189e-09
4.88498e-15
0
0
0
1682191461.92543
msg_begin
7.7577e+06
-363887
-2.51105
7.45058e-09
2.2701e-09
5.32907e-15
0
0
0
1682191461.97539
msg_begin
7.7577e+06
-363888
-2.51456
0.0016129
0.00761323
0.000242097
0
0
0
1682191462.02540
msg_begin
7.7577e+06
-363888
-2.5154
7.35745e-08
1.68802e-09
0
0
0
0
1682191462.07590
msg_begin
7.7577e+06
-363888
-2.51269
0.00803425
0.0103304
0.00041119
0
0
0
1682191462.12542
msg_begin
7.7577e+06
-363888
-2.50944
0.00618338
0.00459446
0.00105539
0
0
0
1682191462.17545
msg_begin
7.7577e+06
-363888
-2.50933
0.0125053
0.0136578
0.000860466
0
0
0
1682191462.22563
msg_begin
7.7577e+06
-363889
-2.50881
0.0167433
0.0108093
0.000548338
0
0
0
1682191462.27600
msg_begin
7.7577e+06
-363889
-2.50939
0.0174231
0.0237544
0.0013408
0
0
0
1682191462.32550
msg_begin
7.7577e+06
-363889
-2.50489
0.00124254
0.00495946
7.35999e-05
0
0
0
1682191462.37551
msg_begin
7.7577e+06
-363889
-2.50421
0.0028318
0.00513925
0.000480875
0
0
0
1682191462.42564
msg_begin
7.7577e+06
-363889
-2.50442
0.0355587
0.0290909
0.000179701
0
0
0
1682191462.47594
msg_begin
7.7577e+06
-363890
-2.50173
0.000420964
0.000957992
0.000251755
0
0
0
1682191462.52557
msg_begin
7.7577e+06
-363890
-2.50216
0.000453588
5.5631e-05
3.30756e-05
0
0
0
1682191462.57565
msg_begin
7.7577e+06
-363890
-2.50185
0.00424123
0.00576833
0.000149155
0
0
0
1682191462.62564
msg_begin
7.75769e+06
-363890
-2.50543
0.00562958
0.00614196
0.000530625
0
0
0
1682191462.67672
msg_begin
7.75769e+06
-363890
-2.50455
0.00466589
0.00681829
0.000565995
0
0
0
1682191462.72577
msg_begin
7.75769e+06
-363891
-2.49862
0.00298232
0.00540035
0.000312613
0
0
0
1682191462.77584
msg_begin
7.75769e+06
-363891
-2.49702
0.00329802
0.00290119
0.000335451
0
0
0
1682191462.82614
msg_begin
7.75769e+06
-363891
-2.50032
0.0148185
0.012946
0.000630405
0
0
0
1682191462.87636
msg_begin
7.75769e+06
-363891
-2.49695
1.30385e-08
2.44472e-09
4.44089e-16
0
0
0
1682191462.92611
msg_begin
7.75769e+06
-363891
-2.49769
0.00308685
0.00385282
0.000162829
0
0
0
1682191462.97597
msg_begin
7.75769e+06
-363892
-2.49909
4.19095e-08
2.50293e-09
0
0
0
0
1682191463.02605
msg_begin
7.75769e+06
-363892
-2.50029
7.26432e-08
1.92085e-09
3.9968e-15
0
0
0
1682191463.07675
msg_begin
7.75769e+06
-363892
-2.4981
0.00480809
0.00186532
0.000669942
0
0
0
1682191463.12600
msg_begin
7.75769e+06
-363892
-2.49519
0.00895952
0.0117194
0.000998107
0
0
0
1682191463.17597
msg_begin
7.75769e+06
-363893
-2.49572
0.00182612
0.00608555
0.000128017
0
0
0
1682191463.22597
msg_begin
7.75769e+06
-363893
-2.49596
0.00360287
0.00255956
0.000160961
0
0
0
1682191463.27648
msg_begin
7.75769e+06
-363893
-2.49742
0.00188999
0.000741753
2.20997e-05
0
0
0
1682191463.32588
msg_begin
7.75769e+06
-363893
-2.49759
0.0240268
0.0162977
0.00213692
0
0
0
1682191463.37582
msg_begin
7.75769e+06
-363893
-2.49694
9.31323e-10
1.97906e-09
3.9968e-15
0
0
0
1682191463.42580
msg_begin
7.75769e+06
-363894
-2.50028
0.00271912
0.000975435
0.000498371
0
0
0
1682191463.47673
msg_begin
7.75769e+06
-363894
-2.496
0.00110081
0.000824742
6.50555e-05
0
0
0
1682191463.52580
msg_begin
7.75769e+06
-363894
-2.49793
0.00358069
0.0093875
0.000817331
0
0
0
1682191463.57575
msg_begin
7.75769e+06
-363894
-2.49917
0.000716839
0.000183208
2.96977e-05
0
0
0
1682191463.62587
msg_begin
7.75769e+06
-363895
-2.49963
0.00445781
0.00435766
0.00022996
0
0
0
1682191463.67595
msg_begin
7.75769e+06
-363895
-2.49862
0.000564025
0.00127544
6.84154e-05
0
0
0
1682191463.72581
msg_begin
7.75769e+06
-363895
-2.49821
0.00998995
0.00868441
0.000245333
0
0
0
1682191463.77575
msg_begin
7.75769e+06
-363895
-2.49923
0.0137873
0.00793397
0.000215087
0
0
0
1682191463.82583
msg_begin
7.75769e+06
-363895
-2.49899
0.000953981
0.000302201
6.03116e-05
0
0
0
1682191463.87681
msg_begin
7.75769e+06
-363896
-2.49852
0.00356889
0.00189609
0.000432934
0
0
0
1682191463.92610
msg_begin
7.75769e+06
-363896
-2.49888
0.00277787
0.00156577
0.000192686
0
0
0
1682191463.97591
msg_begin
7.75769e+06
-363896
-2.49869
0.00249902
0.00625749
0.000745074
0
0
0
1682191464.02596
msg_begin
7.75769e+06
-363896
-2.49681
0.00429754
0.00965203
0.000495294
0
0
0
1682191464.07625
msg_begin
7.75769e+06
-363897
-2.4973
0.00215165
0.00156278
7.36291e-05
0
0
0
1682191464.12582
msg_begin
7.75769e+06
-363897
-2.49824
0.00167999
0.00582221
0.00033762
0
0
0
1682191464.17585
msg_begin
7.75769e+06
-363897
-2.49738
0.00504444
0.00744159
0.000965285
0
0
0
1682191464.22585
msg_begin
7.75769e+06
-363897
-2.49706
0.00189494
0.00385791
0.000186418
0
0
0
1682191464.27679
msg_begin
7.75769e+06
-363897
-2.49824
0.00728557
0.00918574
0.000302739
0
0
0
1682191464.32580
msg_begin
7.75769e+06
-363898
-2.5005
0.00139083
0.000697591
0.000133681
0
0
0
1682191464.37578
msg_begin
7.75768e+06
-363898
-2.50104
0.00509073
0.0147363
0.00145941
0
0
0
1682191464.42575
msg_begin
7.75768e+06
-363898
-2.50504
0.0168537
0.0216284
0.00129853
0
0
0
1682191464.47598
msg_begin
7.75768e+06
-363898
-2.50108
0.00219939
0.00316613
0.000198345
0
0
0
1682191464.52577
msg_begin
7.75768e+06
-363899
-2.50032
0.00400027
0.00217243
0.000629445
0
0
0
1682191464.57569
msg_begin
7.75768e+06
-363899
-2.50041
0.00466614
0.00493602
0.000508191
0
0
0
1682191464.62570
msg_begin
7.75768e+06
-363899
-2.49715
1.02445e-08
3.49246e-10
3.55271e-15
0
0
0
1682191464.67642
msg_begin
7.75768e+06
-363899
-2.49959
6.23986e-08
4.01633e-09
8.88178e-16
0
0
0
1682191464.72551
msg_begin
7.75768e+06
-363900
-2.49828
0.0133116
0.0104138
0.000587418
0
0
0
1682191464.77553
msg_begin
7.75768e+06
-363900
-2.50028
0.00140442
0.00145405
0.000297548
0
0
0
1682191464.82547
msg_begin
7.75768e+06
-363900
-2.50152
0.00870689
0.00607022
0.001783
0
0
0
1682191464.87541
msg_begin
7.75768e+06
-363900
-2.49896
0.00280471
0.000486985
7.24055e-05
0
0
0
1682191464.92543
msg_begin
7.75768e+06
-363900
-2.50286
8.3819e-09
2.2701e-09
4.44089e-16
0
0
0
1682191464.97546
msg_begin
7.75768e+06
-363901
-2.50169
0.0106992
0.012079
0.00047222
0
0
0
1682191465.02540
msg_begin
7.75768e+06
-363901
-2.50293
0.00547263
0.00286132
0.00208199
0
0
0
1682191465.07531
msg_begin
7.75768e+06
-363901
-2.4995
0.00151774
0.00270394
0.000384592
0
0
0
1682191465.12528
msg_begin
7.75768e+06
-363901
-2.50159
0.0146027
0.00905613
0.00022996
0
0
0
1682191465.17530
msg_begin
7.75768e+06
-363902
-2.50271
0.00341881
0.000775634
0.00020428
0
0
0
1682191465.22526
msg_begin
7.75768e+06
-363902
-2.50408
0.0115776
0.00991967
0.000697605
0
0
0
1682191465.27525
msg_begin
7.75768e+06
-363902
-2.50523
0.00652665
0.00403568
0.000799301
0
0
0
1682191465.32528
msg_begin
7.75768e+06
-363902
-2.50711
0.0040097
0.0030863
0.000711406
0
0
0
1682191465.37520
msg_begin
7.75768e+06
-363903
-2.50693
8.00937e-08
3.14321e-09
4.44089e-16
0
0
0
1682191465.42522
msg_begin
7.75768e+06
-363903
-2.50839
0.0254266
0.0309305
0.000765079
0
0
0
1682191465.47523
msg_begin
7.75768e+06
-363903
-2.50868
0.00268554
0.00251634
0.000179629
0
0
0
1682191465.52519
msg_begin
7.75768e+06
-363903
-2.50714
0.000192449
0.00143371
5.13069e-05
0
0
0
1682191465.57506
msg_begin
7.75768e+06
-363904
-2.50873
0.00425825
0.00873614
0.000172266
0
0
0
1682191465.62509
msg_begin
7.75768e+06
-363904
-2.50918
0.00102908
0.000869259
9.96018e-05
0
0
0
1682191465.72498
msg_begin
7.75768e+06
-363904
-2.50843
0.0082661
0.00289116
0.000252293
0
0
0
1682191465.77498
msg_begin
7.75768e+06
-363905
-2.50844
0.0146734
0.00287395
0.000855003
0
0
0
1682191465.82501
msg_begin
7.75768e+06
-363905
-2.5089
8.28877e-08
8.14907e-10
1.33227e-15
0
0
0
1682191465.87546
msg_begin
7.75768e+06
-363905
-2.50963
0.00643649
0.00124632
0.000367594
0
0
0
1682191465.92501
msg_begin
7.75768e+06
-363905
-2.50895
0.000911939
0.000231868
5.78648e-05
0
0
0
1682191465.97504
msg_begin
7.75767e+06
-363906
-2.50694
0.00448938
0.00120276
0.000934592
0
0
0
1682191466.02507
msg_begin
7.75767e+06
-363906
-2.5063
0.0034214
0.00708511
0.000558653
0
0
0
1682191466.07527
msg_begin
7.75767e+06
-363906
-2.51
0.00988843
0.00859589
0.000890943
0
0
0
1682191466.12503
msg_begin
7.75767e+06
-363906
-2.51046
0.00630638
0.0104727
0.00137003
0
0
0
1682191466.17500
msg_begin
7.75767e+06
-363906
-2.50836
0.00609602
0.00296903
0.000192348
0
0
0
1682191466.22504
msg_begin
7.75767e+06
-363907
-2.5071
0.0168304
0.0197533
0.0013926
0
0
0
1682191466.27568
msg_begin
7.75767e+06
-363907
-2.51086
0.0103035
0.0103884
0.00142517
0
0
0
1682191466.32503
msg_begin
7.75767e+06
-363907
-2.51049
0.0319919
0.0181543
0.000360764
0
0
0
1682191466.37501
msg_begin
7.75767e+06
-363907
-2.51166
0.00541778
0.002935
6.89285e-05
0
0
0
1682191466.42495
msg_begin
7.75767e+06
-363908
-2.51049
0.0110055
0.00744502
0.000361666
0
0
0
1682191466.47509
msg_begin
7.75767e+06
-363908
-2.51121
0.014718
0.0112435
0.00110436
0
0
0
1682191466.52492
msg_begin
7.75767e+06
-363908
-2.51247
0.00755543
0.00186599
0.000909268
0
0
0
1682191466.57486
msg_begin
7.75767e+06
-363908
-2.51344
0.00733243
0.0059226
0.00072284
0
0
0
1682191466.62494
msg_begin
7.75767e+06
-363909
-2.51214
0.00825115
0.0119002
0.000501647
0
0
0
1682191466.67593
msg_begin
7.75767e+06
-363909
-2.50924
0.00543704
0.00564544
0.000403055
0
0
0
1682191466.72489
msg_begin
7.75767e+06
-363909
-2.50985
0.00563179
0.0048554
0.000196553
0
0
0
1682191466.77504
msg_begin
7.75767e+06
-363909
-2.51166
0.000754948
0.00159599
4.83123e-05
0
0
0
1682191466.82492
msg_begin
7.75767e+06
-363909
-2.51059
0.00851695
0.00694486
0.000565438
0
0
0
1682191466.87489
msg_begin
7.75767e+06
-363910
-2.50811
2.04891e-08
1.74623e-10
3.55271e-15
0
0
0
1682191466.92483
msg_begin
7.75767e+06
-363910
-2.50702
0.0111245
0.0074798
0.00060359
0
0
0
1682191466.97481
msg_begin
7.75767e+06
-363910
-2.50706
0.00137951
0.00496641
0.000250413
0
0
0
1682191467.02476
msg_begin
7.75767e+06
-363910
-2.50628
0.0127797
0.0103829
0.00104956
0
0
0
1682191467.07476
msg_begin
7.75767e+06
-363911
-2.50848
0.00584261
0.0100867
0.00115664
0
0
0
1682191467.12481
msg_begin
7.75767e+06
-363911
-2.50788
9.31323e-10
1.33878e-09
4.44089e-16
0
0
0
1682191467.17479
msg_begin
7.75767e+06
-363911
-2.50844
0.00172295
0.00181223
0.000191753
0
0
0
1682191467.22482
msg_begin
7.75767e+06
-363911
-2.51072
5.74991e-05
0.00029046
4.05362e-05
0
0
0
1682191467.27475
msg_begin
7.75767e+06
-363912
-2.51045
0.0029743
0.00404145
0.000340424
0
0
0
1682191467.32482
msg_begin
7.75767e+06
-363912
-2.50891
0.00169833
0.00267526
0.00021387
0
0
0
1682191467.37485
msg_begin
7.75767e+06
-363912
-2.50791
0.00533241
0.00349743
0.000379147
0
0
0
1682191467.42486
msg_begin
7.75767e+06
-363912
-2.50985
0.0363064
0.00956382
0.0012242
0
0
0
1682191467.47481
msg_begin
7.75767e+06
-363913
-2.51037
0.00521418
0.00423092
0.000442255
0
0
0
1682191467.52486
msg_begin
7.75767e+06
-363913
-2.51047
0.019068
0.0175001
0.00103207
0
0
0
1682191467.57488
msg_begin
7.75767e+06
-363913
-2.50898
0.000881488
0.000131496
1.94455e-05
0
0
0
1682191467.62485
msg_begin
7.75766e+06
-363913
-2.50825
0.0119427
0.0064104
0.00130556
0
0
0
1682191467.67487
msg_begin
7.75766e+06
-363913
-2.50906
0.0124539
0.0088755
0.000612396
0
0
0
1682191467.72489
msg_begin
7.75766e+06
-363914
-2.50911
0.0115925
0.00193315
0.000113962
0
0
0
1682191467.77497
msg_begin
7.75766e+06
-363914
-2.51132
0.00860601
0.0123936
0.00077349
0
0
0
1682191467.82498
msg_begin
7.75766e+06
-363914
-2.51257
0.00259769
0.00771331
0.00024976
0
0
0
1682191467.87593
msg_begin
7.75766e+06
-363914
-2.51448
0.00182325
0.00259241
0.000229394
0
0
0
1682191467.92500
msg_begin
7.75766e+06
-363915
-2.51131
2.04891e-08
3.25963e-09
4.44089e-15
0
0
0
1682191467.97495
msg_begin
7.75766e+06
-363915
-2.51137
0.0093563
0.00638775
0.000634129
0
0
0
1682191468.02493
msg_begin
7.75766e+06
-363915
-2.51084
0.00116832
0.00510073
0.000180109
0
0
0
1682191468.07493
msg_begin
7.75766e+06
-363915
-2.51125
0.00326333
0.00220663
8.05908e-05
0
0
0
1682191468.12488
msg_begin
7.75766e+06
-363916
-2.51129
0.00850579
0.00497717
0.000788525
0
0
0
1682191468.17487
msg_begin
7.75766e+06
-363916
-2.51432
0.000132117
0.00179265
8.74689e-05
0
0
0
1682191468.22482
msg_begin
7.75766e+06
-363916
-2.51049
0.00769308
0.00470911
0.000466666
0
0
0
1682191468.27534
msg_begin
7.75766e+06
-363916
-2.50965
0.00972484
0.00419245
3.2617e-05
0
0
0
1682191468.32473
msg_begin
7.75766e+06
-363916
-2.51001
0.00659052
0.00775506
0.000506331
0
0
0
1682191468.37471
msg_begin
7.75766e+06
-363917
-2.50889
0.0114461
0.00318519
0.000566452
0
0
0
1682191468.42471
msg_begin
7.75766e+06
-363917
-2.51207
0.00402101
0.000476053
0.000115352
0
0
0
1682191468.47473
msg_begin
7.75766e+06
-363917
-2.51195
0.00738369
0.00228168
0.000566972
0
0
0
1682191468.52470
msg_begin
7.75766e+06
-363917
-2.51166
8.75443e-08
4.65661e-10
3.10862e-15
0
0
0
1682191468.57465
msg_begin
7.75766e+06
-363918
-2.51051
0.0132287
0.0193698
0.00125575
0
0
0
1682191468.62466
msg_begin
7.75766e+06
-363918
-2.51388
0.00014399
0.000104586
0.000331854
0
0
0
1682191468.67539
msg_begin
7.75766e+06
-363918
-2.51336
0.00324867
0.000264218
0.000296149
0
0
0
1682191468.72474
msg_begin
7.75766e+06
-363918
-2.51178
0.0080951
0.0130869
0.00063052
0
0
0
1682191468.77504
msg_begin
7.75766e+06
-363918
-2.51212
0.0152921
0.0146325
0.000518766
0
0
0
1682191468.82487
msg_begin
7.75766e+06
-363919
-2.51258
0.00270743
0.00790818
0.000593085
0
0
0
1682191468.87482
msg_begin
7.75766e+06
-363919
-2.51276
0.00434564
0.0113023
0.000239062
0
0
0
1682191468.92483
msg_begin
7.75766e+06
-363919
-2.51146
0.0263361
0.0184629
0.00147323
0
0
0
1682191468.97478
msg_begin
7.75766e+06
-363919
-2.51114
0.0217292
0.0202037
0.000900728
0
0
0
1682191469.02480
msg_begin
7.75766e+06
-363919
-2.50995
0.00709605
0.00876299
0.000470212
0
0
0
1682191469.07477
msg_begin
7.75766e+06
-363920
-2.51194
4.56348e-08
2.15368e-09
3.10862e-15
0
0
0
1682191469.12475
msg_begin
7.75766e+06
-363920
-2.51192
9.31323e-10
3.49246e-10
3.55271e-15
0
0
0
1682191469.17472
msg_begin
7.75766e+06
-363920
-2.51292
0.00594715
0.0077625
0.000834344
0
0
0
1682191469.22463
msg_begin
7.75766e+06
-363920
-2.51156
0.00890972
0.00231661
0.000202106
0
0
0
1682191469.27464
msg_begin
7.75765e+06
-363921
-2.5101
0.0377929
0.0241053
0.00109592
0
0
0
1682191469.32460
msg_begin
7.75765e+06
-363921
-2.51287
0.0463533
0.0308109
0.00120763
0
0
0
1682191469.37465
msg_begin
7.75765e+06
-363921
-2.51183
0.0167908
0.0181637
0.000739687
0
0
0
1682191469.42469
msg_begin
7.75765e+06
-363921
-2.51189
0.00784151
0.0145579
0.000700075
0
0
0
1682191469.47461
msg_begin
7.75765e+06
-363922
-2.51355
0.00978969
0.0127027
0.00107915
0
0
0
1682191469.52461
msg_begin
7.75765e+06
-363922
-2.51145
0.00109977
0.00511733
0.000464227
0
0
0
1682191469.57456
msg_begin
7.75765e+06
-363922
-2.50794
0.0195108
0.0042059
0.000319676
0
0
0
1682191469.62478
msg_begin
7.75765e+06
-363922
-2.5088
0.00863619
0.010299
0.000692227
0
0
0
1682191469.67450
msg_begin
7.75765e+06
-363922
-2.50922
0.00490797
0.0021735
0.00032638
0
0
0
1682191469.72448
msg_begin
7.75765e+06
-363923
-2.51112
0.00562103
0.00808182
0.000479832
0
0
0
1682191469.77449
msg_begin
7.75765e+06
-363923
-2.5093
0.00248239
0.00274664
8.54505e-05
0
0
0
1682191469.82439
msg_begin
7.75765e+06
-363923
-2.51041
0.00919336
0.00279609
0.000485953
0
0
0
1682191469.87497
msg_begin
7.75765e+06
-363923
-2.50926
0.0206377
0.00766035
0.00042665
0
0
0
1682191469.92426
msg_begin
7.75765e+06
-363924
-2.509
0.010156
0.00653911
0.000957703
0
0
0
1682191469.97422
msg_begin
7.75765e+06
-363924
-2.50875
0.00310273
0.00238914
0.00014086
0
0
0
1682191470.02419
msg_begin
7.75765e+06
-363924
-2.50775
0.00979945
0.011117
0.000783101
0
0
0
1682191470.07422
msg_begin
7.75765e+06
-363924
-2.50747
0.00553287
0.0010924
0.000278056
0
0
0
1682191470.12415
msg_begin
7.75765e+06
-363924
-2.5075
0.00516999
0.00893555
0.000341294
0
0
0
1682191470.17408
msg_begin
7.75765e+06
-363925
-2.50754
0.00162568
0.000900462
0.000168188
0
0
0
1682191470.22406
msg_begin
7.75765e+06
-363925
-2.50622
0.00464651
0.00284615
0.000363585
0
0
0
1682191470.27427
msg_begin
7.75765e+06
-363925
-2.5058
0.00107779
0.00240498
0.000103468
0
0
0
1682191470.32406
msg_begin
7.75765e+06
-363925
-2.5059
0.0222984
0.0117576
0.00182419
0
0
0
1682191470.37406
msg_begin
7.75765e+06
-363926
-2.50504
0.00357227
0.00293735
0.000183289
0
0
0
1682191470.42404
msg_begin
7.75765e+06
-363926
-2.50753
0.00876394
0.006567
0.000121688
0
0
0
1682191470.47410
msg_begin
7.75765e+06
-363926
-2.50761
0.0178303
0.0116837
0.000245066
0
0
0
1682191470.52414
msg_begin
7.75765e+06
-363926
-2.50707
0.0136818
0.00475964
0.00080767
0
0
0
1682191470.57414
msg_begin
7.75765e+06
-363926
-2.50769
0.00500797
0.00962119
0.000695801
0
0
0
1682191470.62422
msg_begin
7.75765e+06
-363927
-2.50564
0.0033133
0.0022033
0.000316349
0
0
0
1682191470.67468
msg_begin
7.75765e+06
-363927
-2.50539
0.00230094
0.000597166
0.000145751
0
0
0
1682191470.72428
msg_begin
7.75765e+06
-363927
-2.50506
0.0106949
0.0113424
0.000375711
0
0
0
1682191470.77492
msg_begin
7.75765e+06
-363927
-2.50731
0.0230837
0.0145678
0.00175499
0
0
0
1682191470.82449
msg_begin
7.75765e+06
-363927
-2.50993
0.000247576
0.000580902
6.60756e-05
0
0
0
1682191470.87432
msg_begin
7.75765e+06
-363928
-2.50916
0.00398115
0.004204
0.000226481
0
0
0
1682191470.92439
msg_begin
7.75765e+06
-363928
-2.50897
0.00171348
0.000838167
0.000266637
0
0
0
1682191470.97438
msg_begin
7.75764e+06
-363928
-2.50738
0.0209697
0.0049283
0.000558709
0
0
0
1682191471.02478
msg_begin
7.75764e+06
-363928
-2.50633
0.0104286
0.00446627
0.00115874
0
0
0
1682191471.07433
msg_begin
7.75764e+06
-363929
-2.50742
0.00880906
0.003102
0.000330152
0
0
0
1682191471.12438
msg_begin
7.75764e+06
-363929
-2.50588
0.000657212
2.24339e-05
2.51477e-07
0
0
0
1682191471.17439
msg_begin
7.75764e+06
-363929
-2.5062
0.004818
0.00152724
0.000288426
0
0
0
1682191471.22442
msg_begin
7.75764e+06
-363929
-2.50573
0.00645274
0.00670544
0.000297089
0
0
0
1682191471.27437
msg_begin
7.75764e+06
-363930
-2.50505
0.000506261
0.000721371
7.42983e-05
0
0
0
1682191471.32435
msg_begin
7.75764e+06
-363930
-2.50555
0.0042091
0.00412475
0.000250613
0
0
0
1682191471.37434
msg_begin
7.75764e+06
-363930
-2.51024
0.00369803
0.000127088
4.45979e-05
0
0
0
1682191471.42443
msg_begin
7.75764e+06
-363930
-2.51002
0.0223885
0.00940261
0.000216952
0
0
0
1682191471.47440
msg_begin
7.75764e+06
-363930
-2.5091
0.00615037
0.00581513
0.00038548
0
0
0
1682191471.52440
msg_begin
7.75764e+06
-363931
-2.50598
0.00605908
0.00347721
0.000204486
0
0
0
1682191471.57444
msg_begin
7.75764e+06
-363931
-2.50326
1.02445e-08
1.5134e-09
4.44089e-16
0
0
0
1682191471.62457
msg_begin
7.75764e+06
-363931
-2.50054
0.0130201
0.00905298
0.00163745
0
0
0
1682191471.67459
msg_begin
7.75764e+06
-363931
-2.5008
0.0231386
0.0223858
0.00215802
0
0
0
1682191471.72460
msg_begin
7.75764e+06
-363931
-2.50318
0.0193939
0.0210446
0.00344259
0
0
0
1682191471.77467
msg_begin
7.75764e+06
-363932
-2.50436
2.51457e-08
2.91038e-10
1.33227e-15
0
0
0
1682191471.82465
msg_begin
7.75764e+06
-363932
-2.50146
0.00346193
0.00242362
0.000182605
0
0
0
1682191471.87516
msg_begin
7.75764e+06
-363932
-2.50199
0.0058006
0.00453452
0.000242419
0
0
0
1682191471.97477
msg_begin
7.75764e+06
-363933
-2.50485
0.00140792
0.00420683
0.000477347
0
0
0
1682191472.02484
msg_begin
7.75764e+06
-363933
-2.50194
0.000371551
0.000262164
0.000157046
0
0
0
1682191472.07484
msg_begin
7.75764e+06
-363933
-2.50377
0.00730665
0.0108847
0.00102351
0
0
0
1682191472.12480
msg_begin
7.75764e+06
-363933
-2.50447
0.00246146
0.00287776
0.000236302
0
0
0
1682191472.17479
msg_begin
7.75764e+06
-363933
-2.50505
0.00331448
0.00430251
0.000215109
0
0
0
1682191472.22480
msg_begin
7.75764e+06
-363934
-2.50251
0.000473325
0.00183588
0.000100587
0
0
0
1682191472.27472
msg_begin
7.75764e+06
-363934
-2.50184
0.0183819
0.00857122
0.000413378
0
0
0
1682191472.32470
msg_begin
7.75764e+06
-363934
-2.50301
0.00619551
0.0086316
0.000848078
0
0
0
1682191472.37458
msg_begin
7.75764e+06
-363934
-2.50322
0.000668887
0.00500812
0.000259355
0
0
0
1682191472.42463
msg_begin
7.75764e+06
-363935
-2.50432
7.17118e-08
2.91038e-09
2.66454e-15
0
0
0
1682191472.47457
msg_begin
7.75764e+06
-363935
-2.50289
0.00383255
0.00708131
0.000195535
0
0
0
1682191472.52452
msg_begin
7.75764e+06
-363935
-2.50289
0.0112782
0.0130079
0.000509717
0
0
0
1682191472.57453
msg_begin
7.75764e+06
-363935
-2.50338
0.0170308
0.00887685
0.000287079
0
0
0
1682191472.62449
msg_begin
7.75764e+06
-363935
-2.50112
0.00128225
0.000429248
8.65463e-05
0
0
0
1682191472.67453
msg_begin
7.75764e+06
-363936
-2.5008
0.0107145
0.00388499
0.000134371
0
0
0
1682191472.72453
msg_begin
7.75763e+06
-363936
-2.50334
0.00974271
0.0105346
0.000632303
0
0
0
1682191472.77562
msg_begin
7.75763e+06
-363936
-2.50454
0.00170658
0.0008612
4.33133e-05
0
0
0
1682191472.82445
msg_begin
7.75763e+06
-363936
-2.504
0.00465995
0.0116983
0.000466872
0
0
0
1682191472.87452
msg_begin
7.75763e+06
-363936
-2.50456
0.00789743
0.00754675
0.000565815
0
0
0
1682191472.92445
msg_begin
7.75763e+06
-363937
-2.50139
1.86265e-09
5.82077e-11
3.55271e-15
0
0
0
1682191472.97445
msg_begin
7.75763e+06
-363937
-2.4974
0.000341514
0.000309651
1.45066e-05
0
0
0
1682191473.02474
msg_begin
7.75763e+06
-363937
-2.49911
0.0146241
0.0149698
0.000501729
0
0
0
1682191473.07450
msg_begin
7.75763e+06
-363937
-2.49921
0.000402021
0.00141604
0.000410495
0
0
0
1682191473.12447
msg_begin
7.75763e+06
-363937
-2.50146
0.00234123
0.00159109
0.000287147
0
0
0
1682191473.17445
msg_begin
7.75763e+06
-363938
-2.50488
0.00895157
0.013632
0.000512027
0
0
0
1682191473.22479
msg_begin
7.75763e+06
-363938
-2.5076
0.00457577
0.0048044
0.000239437
0
0
0
1682191473.27437
msg_begin
7.75763e+06
-363938
-2.50594
0.00641025
0.00797571
0.000525978
0
0
0
1682191473.32425
msg_begin
7.75763e+06
-363938
-2.50486
0.00122389
0.00130627
0.000309446
0
0
0
1682191473.37422
msg_begin
7.75763e+06
-363939
-2.50242
0.0146691
0.00821199
0.000520932
0
0
0
1682191473.42418
msg_begin
7.75763e+06
-363939
-2.49939
0.00110967
0.000740808
4.61649e-05
0
0
0
1682191473.47407
msg_begin
7.75763e+06
-363939
-2.50101
2.8871e-08
2.61934e-09
4.88498e-15
0
0
0
1682191473.52406
msg_begin
7.75763e+06
-363939
-2.50301
0.00589371
0.0057381
0.00060492
0
0
0
1682191473.57408
msg_begin
7.75763e+06
-363939
-2.50394
0.00576983
0.00436684
0.000283072
0
0
0
1682191473.62413
msg_begin
7.75763e+06
-363940
-2.50436
0.00447934
0.00696442
0.000338111
0
0
0
1682191473.67405
msg_begin
7.75763e+06
-363940
-2.50212
0.0171227
0.013999
0.000915036
0
0
0
1682191473.72401
msg_begin
7.75763e+06
-363940
-2.50131
0.00256487
0.00520174
0.00048435
0
0
0
1682191473.77408
msg_begin
7.75763e+06
-363940
-2.50125
0.0100137
0.012882
0.00032621
0
0
0
1682191473.82414
msg_begin
7.75763e+06
-363940
-2.50355
0.000407506
0.000720814
6.41032e-06
0
0
0
1682191473.87401
msg_begin
7.75763e+06
-363941
-2.50242
0.00600431
0.00540575
0.000516795
0
0
0
1682191473.92406
msg_begin
7.75763e+06
-363941
-2.50092
0.00363897
0.00351652
0.000517995
0
0
0
1682191473.97404
msg_begin
7.75763e+06
-363941
-2.50506
0.00965056
0.010857
0.0005371
0
0
0
1682191474.02413
msg_begin
7.75763e+06
-363941
-2.50634
0.0136056
0.0130261
0.00135493
0
0
0
1682191474.07404
msg_begin
7.75763e+06
-363941
-2.50778
0.00592987
0.0103446
0.000285713
0
0
0
1682191474.12397
msg_begin
7.75763e+06
-363942
-2.50524
0.00103482
0.00118965
7.40165e-05
0
0
0
1682191474.17397
msg_begin
7.75763e+06
-363942
-2.50345
0.00267825
0.00548867
0.00020917
0
0
0
1682191474.22403
msg_begin
7.75763e+06
-363942
-2.50547
0.000735937
0.000157956
8.63743e-05
0
0
0
1682191474.27388
msg_begin
7.75763e+06
-363942
-2.50568
0.00300613
0.00610554
0.000214537
0
0
0
1682191474.32386
msg_begin
7.75763e+06
-363943
-2.5045
0.0516844
0.0404519
0.00113363
0
0
0
1682191474.37382
msg_begin
7.75763e+06
-363943
-2.50419
0.00107078
0.00125015
6.86079e-05
0
0
0
1682191474.42381
msg_begin
7.75763e+06
-363943
-2.50594
0.00277372
0.00142425
0.000357177
0
0
0
1682191474.47382
msg_begin
7.75763e+06
-363943
-2.50684
0.0148283
0.00703732
0.00119089
0
0
0
1682191474.52386
msg_begin
7.75763e+06
-363943
-2.50537
0.00791739
0.00312062
0.000296362
0
0
0
1682191474.57383
msg_begin
7.75762e+06
-363944
-2.50722
0.00484489
0.0095109
0.000562871
0
0
0
1682191474.62379
msg_begin
7.75762e+06
-363944
-2.50883
0.00408019
0.00425197
0.00122277
0
0
0
1682191474.67386
msg_begin
7.75762e+06
-363944
-2.51218
0.00101208
0.00106158
9.71914e-05
0
0
0
1682191474.72376
msg_begin
7.75762e+06
-363944
-2.51227
0.00338676
0.00487111
3.08961e-05
0
0
0
1682191474.77453
msg_begin
7.75762e+06
-363944
-2.50809
0.00355592
0.0028244
9.24463e-05
0
0
0
1682191474.82372
msg_begin
7.75762e+06
-363944
-2.50694
0.0351717
0.0303897
0.000620169
0
0
0
1682191474.87354
msg_begin
7.75762e+06
-363945
-2.50709
0.00142471
0.000586594
0.000176589
0
0
0
1682191474.92347
msg_begin
7.75762e+06
-363945
-2.5059
0.0155749
0.0102558
0.000267672
0
0
0
1682191474.97347
msg_begin
7.75762e+06
-363945
-2.50775
0.014577
0.0126218
0.000441933
0
0
0
1682191475.02349
msg_begin
7.75762e+06
-363945
-2.5059
0.0058415
0.00677252
0.00029363
0
0
0
1682191475.07346
msg_begin
7.75762e+06
-363945
-2.50783
0.0092975
0.00969209
0.00127149
0
0
0
1682191475.12346
msg_begin
7.75762e+06
-363946
-2.50919
0.00382204
0.00329913
0.000142905
0
0
0
1682191475.17346
msg_begin
7.75762e+06
-363946
-2.50787
2.51457e-08
1.45519e-09
1.77636e-15
0
0
0
1682191475.22343
msg_begin
7.75762e+06
-363946
-2.51002
0.00801187
0.00537593
0.000535431
0
0
0
1682191475.27344
msg_begin
7.75762e+06
-363946
-2.50731
0.0169136
0.00921391
0.00168017
0
0
0
1682191475.32344
msg_begin
7.75762e+06
-363946
-2.50886
6.0536e-08
1.74623e-10
2.22045e-15
0
0
0
1682191475.37352
msg_begin
7.75762e+06
-363947
-2.50691
0.0021165
0.00175796
6.22928e-05
0
0
0
1682191475.42370
msg_begin
7.75762e+06
-363947
-2.50916
7.45058e-08
4.65661e-10
2.22045e-15
0
0
0
1682191475.47355
msg_begin
7.75762e+06
-363947
-2.50808
0.00548267
0.00487271
0.000532309
0
0
0
1682191475.52360
msg_begin
7.75762e+06
-363947
-2.50918
0.0200129
0.0140216
0.00037145
0
0
0
1682191475.57359
msg_begin
7.75762e+06
-363947
-2.51
0.00949695
0.0117277
0.000825791
0
0
0
1682191475.62357
msg_begin
7.75762e+06
-363947
-2.5128
0.00689044
0.00569277
0.000611644
0
0
0
1682191475.67354
msg_begin
7.75762e+06
-363948
-2.51075
0.00536103
0.0103641
0.000344499
0
0
0
1682191475.72353
msg_begin
7.75762e+06
-363948
-2.50843
1.58325e-08
1.5134e-09
4.44089e-15
0
0
0
1682191475.77363
msg_begin
7.75762e+06
-363948
-2.51009
0.00317022
0.0013128
0.000220929
0
0
0
1682191475.82415
msg_begin
7.75762e+06
-363948
-2.50991
4.65661e-09
3.31784e-09
2.66454e-15
0
0
0
1682191475.87347
msg_begin
7.75762e+06
-363948
-2.5104
3.91155e-08
3.37604e-09
2.66454e-15
0
0
0
1682191475.92346
msg_begin
7.75762e+06
-363948
-2.51076
0.0359536
0.0280541
0.00241222
0
0
0
1682191475.97333
msg_begin
7.75762e+06
-363949
-2.51035
7.45058e-09
3.14321e-09
4.88498e-15
0
0
0
1682191476.02324
msg_begin
7.75762e+06
-363949
-2.51197
0.00497252
0.0217825
0.00081148
0
0
0
1682191476.07319
msg_begin
7.75762e+06
-363949
-2.50935
0.00544172
0.00350147
0.00014176
0
0
0
1682191476.12311
msg_begin
7.75762e+06
-363949
-2.50836
0.000891008
0.000793119
7.86217e-05
0
0
0
1682191476.17305
msg_begin
7.75762e+06
-363949
-2.50533
9.31323e-09
6.40284e-10
3.9968e-15
0
0
0
1682191476.22351
msg_begin
7.75762e+06
-363949
-2.50491
0.0113521
0.00421428
0.000404606
0
0
0
1682191476.27284
msg_begin
7.75762e+06
-363950
-2.50737
0.00568514
0.00314071
0.000883598
0
0
0
1682191476.32283
msg_begin
7.75762e+06
-363950
-2.50913
0.00547381
0.00589755
0.00061862
0
0
0
1682191476.37278
msg_begin
7.75762e+06
-363950
-2.50942
0.00368086
0.00528116
0.000242846
0
0
0
1682191476.42295
msg_begin
7.75762e+06
-363950
-2.50873
0.00776476
0.012113
0.00063445
0
0
0
1682191476.47267
msg_begin
7.75762e+06
-363950
-2.51269
1.21072e-08
3.49246e-10
3.55271e-15
0
0
0
1682191476.52263
msg_begin
7.75762e+06
-363950
-2.51158
0.00733324
0.00623829
0.000282138
0
0
0
1682191476.57261
msg_begin
7.75762e+06
-363951
-2.50872
0.00205376
0.0057485
0.000756437
0
0
0
1682191476.62267
msg_begin
7.75762e+06
-363951
-2.50908
0.000923038
0.00282072
0.00023451
0
0
0
1682191476.67254
msg_begin
7.75762e+06
-363951
-2.51072
0.00570536
0.00566088
0.00051974
0
0
0
1682191476.72254
msg_begin
7.75761e+06
-363951
-2.51018
0.00835209
0.00619026
7.61254e-05
0
0
0
1682191476.77308
msg_begin
7.75761e+06
-363951
-2.51148
0.0011193
0.00299138
0.000107077
0
0
0
1682191476.82251
msg_begin
7.75761e+06
-363951
-2.50951
0.00623877
0.0092754
0.000628442
0
0
0
1682191476.87255
msg_begin
7.75761e+06
-363951
-2.50882
0.012393
0.0143872
0.000425183
0
0
0
1682191476.92245
msg_begin
7.75761e+06
-363952
-2.50984
0.0608055
0.0473587
0.00138183
0
0
0
1682191476.97248
msg_begin
7.75761e+06
-363952
-2.51262
0.0100267
0.0074438
0.000646652
0
0
0
1682191477.02244
msg_begin
7.75761e+06
-363952
-2.51287
8.74638e-05
0.000684815
0.000450176
0
0
0
1682191477.07244
msg_begin
7.75761e+06
-363952
-2.51358
7.81527e-05
0.00425385
0.00020197
0
0
0
1682191477.12248
msg_begin
7.75761e+06
-363952
-2.51455
8.9407e-08
5.82077e-11
6.21725e-15
0
0
0
1682191477.17242
msg_begin
7.75761e+06
-363952
-2.50926
1.86265e-09
5.23869e-10
4.44089e-16
0
0
0
1682191477.22245
msg_begin
7.75761e+06
-363952
-2.50729
0.00641985
0.00905404
0.000509578
0
0
0
1682191477.27254
msg_begin
7.75761e+06
-363952
-2.50646
0.0072303
0.0095562
0.000405985
0
0
0
1682191477.32250
msg_begin
7.75761e+06
-363953
-2.50774
0.0024014
0.00257223
0.000303092
0
0
0
1682191477.37253
msg_begin
7.75761e+06
-363953
-2.50957
0.0319981
0.0107067
0.00142782
0
0
0
1682191477.42255
msg_begin
7.75761e+06
-363953
-2.50974
3.93478e-05
5.24937e-05
9.25629e-05
0
0
0
1682191477.47257
msg_begin
7.75761e+06
-363953
-2.5101
0.0061838
0.00833331
0.000281907
0
0
0
1682191477.52258
msg_begin
7.75761e+06
-363953
-2.50769
2.98023e-08
5.82077e-10
0
0
0
0
1682191477.57265
msg_begin
7.75761e+06
-363953
-2.50643
0.00504275
0.00634224
5.54545e-05
0
0
0
1682191477.62260
msg_begin
7.75761e+06
-363953
-2.50679
0.00981368
0.00186058
0.000308286
0
0
0
1682191477.67270
msg_begin
7.75761e+06
-363954
-2.50551
0.00127074
0.00662146
0.000299469
0
0
0
1682191477.72277
msg_begin
7.75761e+06
-363954
-2.50718
0.0060787
0.00388138
0.000285516
0
0
0
1682191477.77278
msg_begin
7.75761e+06
-363954
-2.50687
0.00212265
0.00403438
0.000278824
0
0
0
1682191477.82339
msg_begin
7.75761e+06
-363954
-2.50725
0.000903292
0.00186998
0.000218495
0
0
0
1682191477.87292
msg_begin
7.75761e+06
-363954
-2.50714
0.00970832
0.0106717
0.000469374
0
0
0
1682191477.92292
msg_begin
7.75761e+06
-363954
-2.50639
0.00573722
0.00735463
0.000268841
0
0
0
1682191477.97292
msg_begin
7.75761e+06
-363954
-2.50695
0.00706245
0.00569072
0.000364454
0
0
0
1682191478.02291
msg_begin
7.75761e+06
-363954
-2.50576
0.00596522
0.0027219
0.000393367
0
0
0
1682191478.07294
msg_begin
7.75761e+06
-363955
-2.50574
0.00496041
0.00506027
0.000347837
0
0
0
1682191478.12286
msg_begin
7.75761e+06
-363955
-2.50751
0.0145253
0.0117712
0.0010938
0
0
0
1682191478.17279
msg_begin
7.75761e+06
-363955
-2.50824
0.00536372
0.0108393
0.00137907
0
0
0
1682191478.22321
msg_begin
7.75761e+06
-363955
-2.51129
0.000508262
0.000465267
6.28111e-05
0
0
0
1682191478.27276
msg_begin
7.75761e+06
-363955
-2.50978
0.0150797
0.0149292
0.00187506
0
0
0
1682191478.32276
msg_begin
7.75761e+06
-363955
-2.51051
0.0267712
0.023199
0.000878534
0
0
0
1682191478.37272
msg_begin
7.75761e+06
-363955
-2.51224
0.0228296
0.0177875
0.00123396
0
0
0
1682191478.42274
msg_begin
7.75761e+06
-363955
-2.51024
0.00743471
0.00285472
0.000428749
0
0
0
1682191478.47270
msg_begin
7.75761e+06
-363955
-2.51136
0.0171857
0.00509261
0.000128651
0
0
0
1682191478.52268
msg_begin
7.75761e+06
-363956
-2.5107
0.000888395
0.000727891
2.32113e-05
0
0
0
1682191478.57268
msg_begin
7.75761e+06
-363956
-2.50999
0.00193999
0.000677389
5.71062e-05
0
0
0
1682191478.67260
msg_begin
7.75761e+06
-363956
-2.51114
0.020501
0.0225324
0.000477684
0
0
0
1682191478.72260
msg_begin
7.75761e+06
-363956
-2.51065
0.00606043
0.00490932
0.000131772
0
0
0
1682191478.77316
msg_begin
7.75761e+06
-363956
-2.50931
0.00894945
0.00858163
0.00101322
0
0
0
1682191478.82247
msg_begin
7.75761e+06
-363956
-2.5081
5.40167e-08
3.49246e-09
5.32907e-15
0
0
0
1682191478.87253
msg_begin
7.75761e+06
-363956
-2.51019
0.00233628
0.00236348
0.000199191
0
0
0
1682191478.92244
msg_begin
7.75761e+06
-363956
-2.51183
0.00454634
0.00985364
0.00100435
0
0
0
1682191478.97238
msg_begin
7.75761e+06
-363956
-2.51016
0.0186444
0.0189732
0.00193599
0
0
0
1682191479.02240
msg_begin
7.75761e+06
-363957
-2.51087
0.00829036
0.00676773
0.0011139
0
0
0
1682191479.07242
msg_begin
7.75761e+06
-363957
-2.5087
0.00607576
0.00851821
0.00106356
0
0
0
1682191479.12239
msg_begin
7.75761e+06
-363957
-2.51157
0.00376524
8.08215e-05
3.79014e-05
0
0
0
1682191479.17232
msg_begin
7.75761e+06
-363957
-2.51179
0.00534067
0.0115432
0.000790834
0
0
0
1682191479.22239
msg_begin
7.75761e+06
-363957
-2.51235
0.00145464
0.00652484
9.48707e-05
0
0
0
1682191479.27239
msg_begin
7.75761e+06
-363957
-2.51182
0.0027998
0.00153525
2.3164e-05
0
0
0
1682191479.32241
msg_begin
7.75761e+06
-363957
-2.50856
0.00146095
0.00302991
0.000337522
0
0
0
1682191479.37239
msg_begin
7.75761e+06
-363957
-2.50612
0.00618608
0.00581312
0.000981717
0
0
0
1682191479.42256
msg_begin
7.75761e+06
-363957
-2.50837
3.25963e-08
4.65661e-10
1.77636e-15
0
0
0
1682191479.47250
msg_begin
7.75761e+06
-363957
-2.50961
0.0237063
0.00147028
0.000736651
0
0
0
1682191479.52255
msg_begin
7.75761e+06
-363957
-2.5094
2.98023e-08
2.15368e-09
4.44089e-16
0
0
0
1682191479.57348
msg_begin
7.75761e+06
-363958
-2.50711
0.000856665
0.00167681
0.00055825
0
0
0
1682191479.62257
msg_begin
7.75761e+06
-363958
-2.50937
0.0225638
0.0123082
0.000574038
0
0
0
1682191479.67256
msg_begin
7.75761e+06
-363958
-2.50785
0.000518972
0.0015485
0.000125267
0
0
0
1682191479.72258
msg_begin
7.75761e+06
-363958
-2.5038
0.0133544
0.00619809
0.00126437
0
0
0
1682191479.77351
msg_begin
7.75761e+06
-363958
-2.50402
0.00248282
0.00305231
0.000279353
0
0
0
1682191479.82255
msg_begin
7.75761e+06
-363958
-2.50681
0.011177
0.0123101
0.00136734
0
0
0
1682191479.87255
msg_begin
7.75761e+06
-363958
-2.50704
0.005351
0.0012288
0.00020664
0
0
0
1682191479.92253
msg_begin
7.75761e+06
-363958
-2.50563
0.00246042
0.00921399
0.000844944
0
0
0
1682191479.97340
msg_begin
7.75761e+06
-363958
-2.50465
0.00803004
0.00282465
0.000686987
0
0
0
1682191480.07235
msg_begin
7.75761e+06
-363958
-2.50321
0.00638285
0.00591218
0.000586267
0
0
0
1682191480.12234
msg_begin
7.7576e+06
-363959
-2.5025
0.0118711
0.00270842
0.00101009
0
0
0
1682191480.17284
msg_begin
7.7576e+06
-363959
-2.50063
0.00894947
0.00274569
0.000468419
0
0
0
1682191480.22232
msg_begin
7.7576e+06
-363959
-2.50216
0.000514314
0.000631692
0.000182075
0
0
0
1682191480.27230
msg_begin
7.7576e+06
-363959
-2.5019
0.00609356
0.00054349
0.00016247
0
0
0
1682191480.32230
msg_begin
7.7576e+06
-363959
-2.50488
0.00184827
0.00143577
0.000109177
0
0
0
1682191480.37310
msg_begin
7.7576e+06
-363959
-2.50383
0.0115287
0.00594786
0.00164
0
0
0
1682191480.42237
msg_begin
7.7576e+06
-363959
-2.50399
0.00111655
0.00418757
0.000462766
0
0
0
1682191480.47232
msg_begin
7.7576e+06
-363959
-2.50353
0.0115684
0.00624128
0.00163665
0
0
0
1682191480.52236
msg_begin
7.7576e+06
-363959
-2.5025
0.0104772
0.0105392
0.00116936
0
0
0
1682191480.57312
msg_begin
7.7576e+06
-363959
-2.50529
0.00364459
0.00245685
0.000550317
0
0
0
1682191480.62232
msg_begin
7.7576e+06
-363959
-2.50239
0.0142756
0.0182348
0.000891537
0
0
0
1682191480.67230
msg_begin
7.7576e+06
-363959
-2.50205
8.10251e-08
9.8953e-10
4.44089e-16
0
0
0
1682191480.72229
msg_begin
7.7576e+06
-363959
-2.50194
0.00605383
0.00578625
0.000481559
0
0
0
1682191480.77260
msg_begin
7.7576e+06
-363960
-2.50244
0.0151826
0.00263498
0.000665135
0
0
0
1682191480.82228
msg_begin
7.7576e+06
-363960
-2.50093
0.00528
0.00631261
0.000260073
0
0
0
1682191480.87209
msg_begin
7.7576e+06
-363960
-2.50058
0.00515948
0.00280406
0.000139598
0
0
0
1682191480.92208
msg_begin
7.7576e+06
-363960
-2.49803
0.0108509
0.011953
0.00171639
0
0
0
1682191480.97201
msg_begin
7.7576e+06
-363960
-2.49687
0.0191608
0.016798
0.00090038
0
0
0
1682191481.02284
msg_begin
7.7576e+06
-363960
-2.49665
7.45058e-09
2.73576e-09
1.33227e-15
0
0
0
1682191481.07194
msg_begin
7.7576e+06
-363960
-2.49624
0.00901387
0.00534406
0.000404433
0
0
0
1682191481.12189
msg_begin
7.7576e+06
-363960
-2.49658
0.00128052
0.00139599
0.000122987
0
0
0
1682191481.17187
msg_begin
7.7576e+06
-363960
-2.49219
0.00677994
0.00529666
0.000528276
0
0
0
1682191481.22253
msg_begin
7.7576e+06
-363960
-2.49246
0.00169687
0.0017757
0.000182086
0
0
0
1682191481.27177
msg_begin
7.7576e+06
-363960
-2.4929
0.00866028
0.010168
0.000380255
0
0
0
1682191481.32177
msg_begin
7.7576e+06
-363961
-2.49213
0.000488808
0.000161158
6.21065e-05
0
0
0
1682191481.37177
msg_begin
7.7576e+06
-363961
-2.49148
0.00525863
0.0140246
0.00033832
0
0
0
1682191481.42263
msg_begin
7.7576e+06
-363961
-2.49436
1.67638e-08
2.91038e-09
3.10862e-15
0
0
0
1682191481.47172
msg_begin
7.7576e+06
-363961
-2.49464
0.00319483
0.00211384
0.000174149
0
0
0
1682191481.52168
msg_begin
7.7576e+06
-363961
-2.49267
0.00226933
0.00464058
0.000109652
0
0
0
1682191481.57171
msg_begin
7.7576e+06
-363961
-2.49423
0.00276717
0.00471506
0.000155451
0
0
0
1682191481.62233
msg_begin
7.7576e+06
-363961
-2.49351
0.00589939
0.00509333
0.000594831
0
0
0
1682191481.67175
msg_begin
7.7576e+06
-363961
-2.49504
0.00226747
0.00268894
0.000631883
0
0
0
1682191481.72170
msg_begin
7.7576e+06
-363961
-2.49495
0.00442058
0.00478803
0.000307601
0
0
0
1682191481.77239
msg_begin
7.7576e+06
-363962
-2.49225
0.00508913
0.00728428
0.000626755
0
0
0
1682191481.82165
msg_begin
7.7576e+06
-363962
-2.49253
0.00460652
0.0039176
0.000364014
0
0
0
1682191481.87166
msg_begin
7.7576e+06
-363962
-2.49065
0.0138002
0.00236196
0.00023557
0
0
0
1682191481.92159
msg_begin
7.7576e+06
-363962
-2.49133
0.0198641
0.0116053
0.000987038
0
0
0
1682191481.97215
msg_begin
7.7576e+06
-363962
-2.48749
0.0102216
0.00639537
0.000848149
0
0
0
1682191482.02150
msg_begin
7.7576e+06
-363962
-2.48795
0.00477508
0.00513394
0.00108528
0
0
0
1682191482.07144
msg_begin
7.7576e+06
-363962
-2.48684
1.67638e-08
2.61934e-09
4.44089e-15
0
0
0
1682191482.12134
msg_begin
7.7576e+06
-363962
-2.48635
0.00304497
0.00504039
0.000247442
0
0
0
1682191482.17182
msg_begin
7.7576e+06
-363963
-2.48978
0.00242242
0.00378833
0.00043854
0
0
0
1682191482.22124
msg_begin
7.7576e+06
-363963
-2.49042
0.000179045
0.00112409
0.000141704
0
0
0
1682191482.27122
msg_begin
7.7576e+06
-363963
-2.49134
0.00769584
0.0118647
0.000754966
0
0
0
1682191482.32113
msg_begin
7.7576e+06
-363963
-2.4944
0.0034324
0.00150155
0.000201486
0
0
0
1682191482.37163
msg_begin
7.7576e+06
-363963
-2.49192
0.00206323
0.0166707
0.000622073
0
0
0
1682191482.42109
msg_begin
7.7576e+06
-363963
-2.4882
0.00728772
0.00521424
0.000837555
0
0
0
1682191482.47105
msg_begin
7.7576e+06
-363963
-2.48423
0.0156364
0.00541905
0.0015289
0
0
0
1682191482.52101
msg_begin
7.7576e+06
-363963
-2.48586
0.00313175
0.00435387
0.000412119
0
0
0
1682191482.57218
msg_begin
7.7576e+06
-363964
-2.48573
0.00266005
0.00177993
0.000150555
0
0
0
1682191482.62097
msg_begin
7.7576e+06
-363964
-2.48276
0.00945045
0.00597244
0.000449042
0
0
0
1682191482.67099
msg_begin
7.7576e+06
-363964
-2.47807
1.49012e-08
5.82077e-10
4.44089e-15
0
0
0
1682191482.72099
msg_begin
7.7576e+06
-363964
-2.47879
0.0235141
0.0109552
0.00101571
0
0
0
1682191482.77103
msg_begin
7.7576e+06
-363964
-2.48111
0.00517022
0.00348356
0.000377192
0
0
0
1682191482.82105
msg_begin
7.7576e+06
-363964
-2.48179
0.00151079
0.00118728
0.000217618
0
0
0
1682191482.87106
msg_begin
7.7576e+06
-363965
-2.47976
0.00233275
0.00477946
0.000310617
0
0
0
1682191482.92104
msg_begin
7.7576e+06
-363965
-2.48279
7.45058e-08
2.61934e-09
6.66134e-15
0
0
0
1682191482.97140
msg_begin
7.7576e+06
-363965
-2.48619
0.00569989
0.0060616
0.00049359
0
0
0
1682191483.02104
msg_begin
7.7576e+06
-363965
-2.48505
0.00988288
0.00935052
0.000737969
0
0
0
1682191483.07107
msg_begin
7.7576e+06
-363965
-2.48333
0.0218908
0.0138345
0.00154618
0
0
0
1682191483.12102
msg_begin
7.7576e+06
-363965
-2.48325
0.0149259
0.0151864
0.00213406
0
0
0
1682191483.17189
msg_begin
7.7576e+06
-363966
-2.48609
0.00307947
0.00581646
0.000440199
0
0
0
1682191483.22101
msg_begin
7.7576e+06
-363966
-2.48168
0.00204067
0.000356095
8.59313e-05
0
0
0
1682191483.27093
msg_begin
7.7576e+06
-363966
-2.48205
0.00653114
0.00706213
0.000498253
0
0
0
1682191483.32087
msg_begin
7.7576e+06
-363966
-2.48186
0.0199591
0.011791
0.0007431
0
0
0
1682191483.37164
msg_begin
7.7576e+06
-363966
-2.47827
0.00495087
0.0113683
0.00034518
0
0
0
1682191483.42075
msg_begin
7.75759e+06
-363966
-2.48096
0.00561375
0.0101048
0.000606463
0
0
0
1682191483.47071
msg_begin
7.75759e+06
-363967
-2.48381
0.00996633
0.0143164
0.000258875
0
0
0
1682191483.52063
msg_begin
7.75759e+06
-363967
-2.48126
0.00620876
0.00551254
0.000186368
0
0
0
1682191483.57079
msg_begin
7.75759e+06
-363967
-2.48161
0.00636663
0.00331232
0.000671326
0
0
0
1682191483.62058
msg_begin
7.75759e+06
-363967
-2.47762
0.00312552
0.002151
0.000834103
0
0
0
1682191483.67050
msg_begin
7.75759e+06
-363967
-2.48034
4.65661e-08
1.5134e-09
1.77636e-15
0
0
0
1682191483.72042
msg_begin
7.75759e+06
-363967
-2.4814
0.0116309
0.00933061
0.000829971
0
0
0
1682191483.77163
msg_begin
7.75759e+06
-363968
-2.48006
0.0173026
0.015159
0.00158872
0
0
0
1682191483.82034
msg_begin
7.75759e+06
-363968
-2.48191
0.0043028
0.00404213
0.000347708
0
0
0
1682191483.87034
msg_begin
7.75759e+06
-363968
-2.48164
0.00462397
0.00172914
0.000537905
0
0
0
1682191483.92029
msg_begin
7.75759e+06
-363968
-2.48069
0.00596105
0.00148479
0.000380536
0
0
0
1682191483.97137
msg_begin
7.75759e+06
-363968
-2.47918
0.0117343
0.00592491
0.00235939
0
0
0
1682191484.02034
msg_begin
7.75759e+06
-363968
-2.48639
0.00152582
0.00676108
0.000207187
0
0
0
1682191484.07021
msg_begin
7.75759e+06
-363969
-2.48322
6.61239e-08
3.72529e-09
1.77636e-15
0
0
0
1682191484.12017
msg_begin
7.75759e+06
-363969
-2.48307
0.0144983
0.0132854
0.00114829
0
0
0
1682191484.17106
msg_begin
7.75759e+06
-363969
-2.48461
0.00108312
0.00242006
0.000155654
0
0
0
1682191484.22010
msg_begin
7.75759e+06
-363969
-2.48778
0.0194283
0.0100686
0.00205919
0
0
0
1682191484.27003
msg_begin
7.75759e+06
-363969
-2.48933
0.00343992
0.000490388
0.000132903
0
0
0
1682191484.31997
msg_begin
7.75759e+06
-363970
-2.49036
0.0310699
0.0277728
0.000887645
0
0
0
1682191484.37090
msg_begin
7.75759e+06
-363970
-2.4895
0.00345696
0.00320832
0.000429819
0
0
0
1682191484.41986
msg_begin
7.75759e+06
-363970
-2.4891
0.0101242
0.00982707
0.00100395
0
0
0
1682191484.46982
msg_begin
7.75759e+06
-363970
-2.48807
0.0283521
0.0253832
0.00195669
0
0
0
1682191484.51983
msg_begin
7.75759e+06
-363970
-2.48534
0.000962562
0.000371224
7.02345e-05
0
0
0
1682191484.57055
msg_begin
7.75759e+06
-363971
-2.48783
0.00388466
0.00678769
0.000264553
0
0
0
1682191484.61977
msg_begin
7.75759e+06
-363971
-2.48541
0.00287352
0.000696229
0.000310204
0
0
0
1682191484.66975
msg_begin
7.75759e+06
-363971
-2.48603
0.00354656
0.00533079
0.000291748
0
0
0
1682191484.71980
msg_begin
7.75759e+06
-363971
-2.4871
0.00219734
0.000875456
0.000200248
0
0
0
1682191484.76974
msg_begin
7.75759e+06
-363971
-2.48806
0.00594157
0.0102951
0.000668523
0
0
0
1682191484.81974
msg_begin
7.75759e+06
-363972
-2.48819
0.00180144
0.00408317
0.000110213
0
0
0
1682191484.86978
msg_begin
7.75759e+06
-363972
-2.48904
0.0109829
0.00937969
0.000207883
0
0
0
1682191484.91974
msg_begin
7.75759e+06
-363972
-2.4855
0.00996434
0.0137155
0.000801311
0
0
0
1682191484.96972
msg_begin
7.75759e+06
-363972
-2.484
5.58794e-09
2.73576e-09
2.22045e-15
0
0
0
1682191485.06970
msg_begin
7.75759e+06
-363973
-2.48268
0.00594582
0.0108246
0.000293516
0
0
0
1682191485.11969
msg_begin
7.75759e+06
-363973
-2.48279
0.00223144
0.0037905
5.6771e-05
0
0
0
1682191485.17062
msg_begin
7.75759e+06
-363973
-2.48297
0.00933404
0.00583861
0.000295956
0
0
0
1682191485.21971
msg_begin
7.75759e+06
-363973
-2.48169
0.0035248
0.00205246
7.58149e-05
0
0
0
1682191485.26966
msg_begin
7.75759e+06
-363973
-2.48584
0.0158212
0.0148783
0.000865552
0
0
0
1682191485.31962
msg_begin
7.75759e+06
-363974
-2.48606
0.00590051
0.00491103
0.000299974
0
0
0
1682191485.37037
msg_begin
7.75759e+06
-363974
-2.48797
0.00411124
0.00244777
0.000199851
0
0
0
1682191485.41951
msg_begin
7.75759e+06
-363974
-2.48697
0.0241981
0.0193185
0.000370284
0
0
0
1682191485.46956
msg_begin
7.75758e+06
-363974
-2.48917
6.51926e-08
9.8953e-10
1.77636e-15
0
0
0
1682191485.51950
msg_begin
7.75758e+06
-363974
-2.4934
0.00575044
0.011874
0.00121085
0
0
0
1682191485.57005
msg_begin
7.75758e+06
-363975
-2.48937
0.00113567
0.00224618
0.000164287
0
0
0
1682191485.61942
msg_begin
7.75758e+06
-363975
-2.48923
0.00328319
0.00381746
0.000216681
0
0
0
1682191485.66937
msg_begin
7.75758e+06
-363975
-2.48851
4.65661e-09
9.31323e-10
1.33227e-15
0
0
0
1682191485.71929
msg_begin
7.75758e+06
-363975
-2.48432
1.95578e-08
2.44472e-09
8.88178e-16
0
0
0
1682191485.77019
msg_begin
7.75758e+06
-363976
-2.48338
0.00573976
0.00205961
0.000743065
0
0
0
1682191485.81912
msg_begin
7.75758e+06
-363976
-2.48518
0.0175237
0.0116841
0.000580204
0
0
0
1682191485.86905
msg_begin
7.75758e+06
-363976
-2.4828
0.00713577
0.00973784
0.000765334
0
0
0
1682191485.91901
msg_begin
7.75758e+06
-363976
-2.48442
0.00520932
0.0111147
0.000416688
0
0
0
1682191485.96997
msg_begin
7.75758e+06
-363977
-2.48611
0.0258119
0.0164839
0.00105446
0
0
0
1682191486.01892
msg_begin
7.75758e+06
-363977
-2.48372
0.00432712
0.00661216
0.00066134
0
0
0
1682191486.06888
msg_begin
7.75758e+06
-363977
-2.48497
0.0022862
0.00177544
0.000152641
0
0
0
1682191486.11884
msg_begin
7.75758e+06
-363977
-2.48424
0.00691374
0.00763163
0.000913245
0
0
0
1682191486.16922
msg_begin
7.75758e+06
-363977
-2.48356
0.0138066
0.0154251
0.000838836
0
0
0
1682191486.21880
msg_begin
7.75758e+06
-363978
-2.48124
2.04891e-08
3.25963e-09
4.44089e-16
0
0
0
1682191486.26878
msg_begin
7.75758e+06
-363978
-2.48099
0.0137385
0.0158463
0.00219824
0
0
0
1682191486.31872
msg_begin
7.75758e+06
-363978
-2.48477
0.0254221
0.0147995
0.000796656
0
0
0
1682191486.36972
msg_begin
7.75758e+06
-363978
-2.48575
0.000491789
1.07113e-05
8.46603e-06
0
0
0
1682191486.41866
msg_begin
7.75758e+06
-363979
-2.48111
0.00459944
0.00254577
0.000165254
0
0
0
1682191486.46859
msg_begin
7.75758e+06
-363979
-2.48135
0.0189249
0.00509783
0.00234787
0
0
0
1682191486.51851
msg_begin
7.75758e+06
-363979
-2.48653
0.0103728
0.00543928
0.000321201
0
0
0
1682191486.56900
msg_begin
7.75758e+06
-363979
-2.48695
0.00339887
0.00364056
0.000351381
0
0
0
1682191486.61846
msg_begin
7.75758e+06
-363980
-2.48732
0.0069502
0.00775047
0.000244217
0
0
0
1682191486.66837
msg_begin
7.75758e+06
-363980
-2.48867
0.000600363
0.00820149
0.000173693
0
0
0
1682191486.71836
msg_begin
7.75758e+06
-363980
-2.48861
0.0163379
0.0169063
0.00120317
0
0
0
1682191486.76883
msg_begin
7.75758e+06
-363980
-2.48597
0.00657709
0.00244242
0.00050019
0
0
0
1682191486.81819
msg_begin
7.75758e+06
-363981
-2.48705
0.000629526
0.000990275
8.81439e-05
0
0
0
1682191486.86816
msg_begin
7.75758e+06
-363981
-2.48742
0.00665769
0.00678389
0.000254309
0
0
0
1682191486.91815
msg_begin
7.75758e+06
-363981
-2.48746
0.00364434
0.00229934
0.000265805
0
0
0
1682191486.96859
msg_begin
7.75758e+06
-363981
-2.48478
0.013089
0.0178774
0.00098969
0
0
0
1682191487.01805
msg_begin
7.75758e+06
-363982
-2.48846
0.00728569
0.0151252
0.000889438
0
0
0
1682191487.06805
msg_begin
7.75758e+06
-363982
-2.49021
0.00360183
0.007165
0.000803569
0
0
0
1682191487.11802
msg_begin
7.75758e+06
-363982
-2.49126
0.00984101
0.00924097
0.000296125
0
0
0
1682191487.16876
msg_begin
7.75757e+06
-363982
-2.49314
0.0126345
0.0165149
0.000819547
0
0
0
1682191487.21800
msg_begin
7.75757e+06
-363982
-2.4944
0.00603351
0.00432231
0.000619073
0
0
0
1682191487.26795
msg_begin
7.75757e+06
-363983
-2.49262
0.00664876
0.0115319
0.000161762
0
0
0
1682191487.31805
msg_begin
7.75757e+06
-363983
-2.49368
0.0104115
0.00313671
0.000460665
0
0
0
1682191487.36831
msg_begin
7.75757e+06
-363983
-2.49369
0.0216554
0.00485854
0.00037431
0
0
0
1682191487.41795
msg_begin
7.75757e+06
-363983
-2.49774
0.00876527
0.0219533
0.00139482
0
0
0
1682191487.46797
msg_begin
7.75757e+06
-363984
-2.49888
0.00618364
0.00256586
0.000358273
0
0
0
1682191487.51801
msg_begin
7.75757e+06
-363984
-2.49977
6.0536e-08
3.37604e-09
3.9968e-15
0
0
0
1682191487.56864
msg_begin
7.75757e+06
-363984
-2.50011
0.0038513
0.00348849
0.00020957
0
0
0
1682191487.61794
msg_begin
7.75757e+06
-363984
-2.49958
0.000641246
0.000371497
1.68125e-05
0
0
0
1682191487.66788
msg_begin
7.75757e+06
-363985
-2.49933
0.00520535
0.000475576
0.000144174
0
0
0
1682191487.71784
msg_begin
7.75757e+06
-363985
-2.50049
0.000165319
9.40619e-06
3.80708e-05
0
0
0
1682191487.76868
msg_begin
7.75757e+06
-363985
-2.50223
0.000723932
0.00140262
9.27782e-05
0
0
0
1682191487.81770
msg_begin
7.75757e+06
-363985
-2.50232
0.00494383
0.00787284
0.000862642
0
0
0
1682191487.86761
msg_begin
7.75757e+06
-363985
-2.50484
0.00523763
0.00615384
0.000514378
0
0
0
1682191487.91762
msg_begin
7.75757e+06
-363986
-2.50551
0.000720467
0.00061547
5.74589e-05
0
0
0
1682191487.96755
msg_begin
7.75757e+06
-363986
-2.5057
0.00668165
0.00462646
0.000180082
0
0
0
1682191488.01753
msg_begin
7.75757e+06
-363986
-2.50571
0.00265109
0.00396006
0.000674475
0
0
0
1682191488.06744
msg_begin
7.75757e+06
-363986
-2.50897
0.00121962
0.000587859
0.000103864
0
0
0
1682191488.11742
msg_begin
7.75757e+06
-363987
-2.51068
0.00905789
0.0131418
0.00126924
0
0
0
1682191488.16751
msg_begin
7.75757e+06
-363987
-2.51238
0.00344881
0.00334789
0.000461943
0
0
0
1682191488.21735
msg_begin
7.75757e+06
-363987
-2.51263
0.000180379
0.00137003
9.45332e-05
0
0
0
1682191488.26730
msg_begin
7.75757e+06
-363987
-2.5152
0.0039785
0.000899175
0.000166262
0
0
0
1682191488.31728
msg_begin
7.75757e+06
-363987
-2.51494
0.00733899
0.00493628
0.000632159
0
0
0
1682191488.36787
msg_begin
7.75757e+06
-363988
-2.51815
0.0263829
0.0126008
0.0008013
0
0
0
1682191488.41713
msg_begin
7.75757e+06
-363988
-2.51757
0.0373215
0.0123869
7.57988e-05
0
0
0
1682191488.46699
msg_begin
7.75757e+06
-363988
-2.52241
1.95578e-08
2.56114e-09
4.44089e-15
0
0
0
1682191488.51694
msg_begin
7.75757e+06
-363988
-2.52126
0.00396131
0.00985438
0.000526435
0
0
0
1682191488.56743
msg_begin
7.75757e+06
-363989
-2.52088
3.25963e-08
5.23869e-10
2.22045e-15
0
0
0
1682191488.61696
msg_begin
7.75757e+06
-363989
-2.52307
0.0030286
0.00505024
0.000574395
0
0
0
1682191488.66687
msg_begin
7.75757e+06
-363989
-2.52468
0.0132498
0.00464079
8.63477e-05
0
0
0
1682191488.71685
msg_begin
7.75757e+06
-363989
-2.52288
0.000621313
0.00117746
0.000225647
0
0
0
1682191488.76714
msg_begin
7.75757e+06
-363989
-2.52326
0
3.72529e-09
8.88178e-16
0
0
0
1682191488.81682
msg_begin
7.75757e+06
-363990
-2.52637
0.00991391
0.00529288
0.00030183
0
0
0
1682191488.86682
msg_begin
7.75757e+06
-363990
-2.52781
0.0137017
0.0187814
0.000452083
0
0
0
1682191488.91683
msg_begin
7.75756e+06
-363990
-2.52901
0.00822823
0.00679503
0.000288783
0
0
0
1682191488.96742
msg_begin
7.75756e+06
-363990
-2.53078
2.79397e-09
2.96859e-09
1.77636e-15
0
0
0
1682191489.01681
msg_begin
7.75756e+06
-363990
-2.5293
0.0104992
0.00446991
0.000422905
0
0
0
1682191489.06686
msg_begin
7.75756e+06
-363991
-2.53131
0.000665193
0.000855289
8.11634e-05
0
0
0
1682191489.11686
msg_begin
7.75756e+06
-363991
-2.53312
0.0067118
0.00320959
0.000245243
0
0
0
1682191489.16740
msg_begin
7.75756e+06
-363991
-2.53462
0.00493355
0.00479783
0.000505691
0
0
0
1682191489.21681
msg_begin
7.75756e+06
-363991
-2.53554
0.0120988
0.0150989
0.00108764
0
0
0
1682191489.26682
msg_begin
7.75756e+06
-363991
-2.53706
0.0169225
0.013173
0.000797879
0
0
0
1682191489.31680
msg_begin
7.75756e+06
-363992
-2.54325
6.51926e-09
2.32831e-10
4.44089e-16
0
0
0
1682191489.36706
msg_begin
7.75756e+06
-363992
-2.54077
0.0115878
0.00695969
0.000526785
0
0
0
1682191489.41679
msg_begin
7.75756e+06
-363992
-2.54063
0.0304466
0.0185409
0.00108783
0
0
0
1682191489.46675
msg_begin
7.75756e+06
-363992
-2.54438
0.00572375
0.00323634
0.000918066
0
0
0
1682191489.51668
msg_begin
7.75756e+06
-363992
-2.54464
0.00474034
0.00534219
0.000466115
0
0
0
1682191489.56721
msg_begin
7.75756e+06
-363993
-2.5451
0.00349465
0.0017344
0.000141609
0
0
0
1682191489.61659
msg_begin
7.75756e+06
-363993
-2.54882
4.65661e-09
3.25963e-09
1.33227e-15
0
0
0
1682191489.66651
msg_begin
7.75756e+06
-363993
-2.54975
0.00191527
0.00334147
0.000144242
0
0
0
1682191489.71650
msg_begin
7.75756e+06
-363993
-2.54781
0.000589699
0.00443777
0.000215842
0
0
0
1682191489.76676
msg_begin
7.75756e+06
-363993
-2.54819
0.00214557
0.00318095
0.000295947
0
0
0
1682191489.81635
msg_begin
7.75756e+06
-363994
-2.54781
8.10251e-08
1.74623e-10
1.77636e-15
0
0
0
1682191489.86634
msg_begin
7.75756e+06
-363994
-2.54872
0.00388941
0.00398731
0.000309912
0
0
0
1682191489.91631
msg_begin
7.75756e+06
-363994
-2.55131
0.0056982
0.00324731
0.000307696
0
0
0
1682191489.96684
msg_begin
7.75756e+06
-363994
-2.55132
0.00439111
0.00132998
0.000138452
0
0
0
1682191490.01622
msg_begin
7.75756e+06
-363994
-2.55306
0.0144571
0.0198607
0.00265544
0
0
0
1682191490.06620
msg_begin
7.75756e+06
-363994
-2.55146
0.00836747
0.00703757
0.000550407
0
0
0
1682191490.11617
msg_begin
7.75756e+06
-363995
-2.55341
0.0070822
0.00234844
4.06441e-05
0
0
0
1682191490.16659
msg_begin
7.75756e+06
-363995
-2.55552
0.012296
0.00588138
0.000516256
0
0
0
1682191490.21615
msg_begin
7.75756e+06
-363995
-2.56033
0.00140892
0.000727501
4.68254e-05
0
0
0
1682191490.26614
msg_begin
7.75756e+06
-363995
-2.55849
0.00104236
0.00252219
0.000247399
0
0
0
1682191490.31605
msg_begin
7.75756e+06
-363995
-2.55979
5.86733e-08
1.16415e-09
2.22045e-15
0
0
0
1682191490.41960
msg_begin
7.75756e+06
-363996
-2.55838
0.000416746
0.000983876
0.000110097
0
0
0
1682191490.46592
msg_begin
7.75756e+06
-363996
-2.55938
0.00536864
0.00696964
0.000277459
0
0
0
1682191490.51587
msg_begin
7.75756e+06
-363996
-2.56278
0.0126661
0.00417401
0.000416001
0
0
0
1682191490.56602
msg_begin
7.75756e+06
-363996
-2.56513
0.00396075
0.00393703
9.36726e-05
0
0
0
1682191490.61577
msg_begin
7.75756e+06
-363997
-2.56666
0.00266513
0.00141614
8.50069e-05
0
0
0
1682191490.66577
msg_begin
7.75756e+06
-363997
-2.56798
0.0169734
0.0131811
0.00123211
0
0
0
1682191490.71569
msg_begin
7.75755e+06
-363997
-2.56862
0.00375781
0.0019496
0.00034962
0
0
0
1682191490.76561
msg_begin
7.75755e+06
-363997
-2.57152
0.00324002
0.00850204
5.19106e-05
0
0
0
1682191490.81556
msg_begin
7.75755e+06
-363997
-2.57168
0.0159658
0.00714962
0.000793665
0
0
0
1682191490.86546
msg_begin
7.75755e+06
-363997
-2.57444
8.10251e-08
6.98492e-10
3.9968e-15
0
0
0
1682191490.91539
msg_begin
7.75755e+06
-363998
-2.57687
0.00139529
0.00288618
0.000247883
0
0
0
1682191490.96547
msg_begin
7.75755e+06
-363998
-2.57792
0.00745554
0.006617
0.000202655
0
0
0
1682191491.01519
msg_begin
7.75755e+06
-363998
-2.5788
0.00379804
0.00212326
0.000283239
0
0
0
1682191491.06511
msg_begin
7.75755e+06
-363998
-2.58095
0.00208147
0.00157642
0.000153248
0
0
0
1682191491.11502
msg_begin
7.75755e+06
-363998
-2.58185
0.0186986
0.00749551
0.000791093
0
0
0
1682191491.16497
msg_begin
7.75755e+06
-363998
-2.58243
0.00864586
0.00017235
0.000202692
0
0
0
1682191491.21483
msg_begin
7.75755e+06
-363999
-2.58493
0.000805447
0.00130503
3.3677e-06
0
0
0
1682191491.26475
msg_begin
7.75755e+06
-363999
-2.58605
1.21072e-08
1.33878e-09
4.88498e-15
0
0
0
1682191491.31464
msg_begin
7.75755e+06
-363999
-2.58646
0.0221816
0.00165454
4.89756e-05
0
0
0
1682191491.36458
msg_begin
7.75755e+06
-363999
-2.5893
0.00138297
0.000408236
1.50164e-05
0
0
0
1682191491.41457
msg_begin
7.75755e+06
-363999
-2.5863
0.00337525
0.00141188
0.000618097
0
0
0
1682191491.46442
msg_begin
7.75755e+06
-363999
-2.58563
0.00874732
0.0051434
0.000330929
0
0
0
1682191491.51441
msg_begin
7.75755e+06
-364000
-2.59013
0.00592711
0.0056703
0.000352158
0
0
0
1682191491.56427
msg_begin
7.75755e+06
-364000
-2.59447
0.017613
0.0156934
0.000449156
0
0
0
1682191491.61413
msg_begin
7.75755e+06
-364000
-2.59683
0.00111321
0.00132906
0.000119809
0
0
0
1682191491.66407
msg_begin
7.75755e+06
-364000
-2.59625
0.00408816
0.00465384
0.00035516
0
0
0
1682191491.71399
msg_begin
7.75755e+06
-364000
-2.59721
0.00334846
0.00308925
0.000387607
0
0
0
1682191491.76386
msg_begin
7.75755e+06
-364000
-2.5991
0.000204009
0.00134859
0.00011351
0
0
0
1682191491.81379
msg_begin
7.75755e+06
-364000
-2.60216
0.0314796
0.0127138
0.00158549
0
0
0
1682191491.86381
msg_begin
7.75755e+06
-364001
-2.60478
2.6077e-08
2.85218e-09
1.77636e-15
0
0
0
1682191491.91375
msg_begin
7.75755e+06
-364001
-2.60662
0.00715677
0.00862392
0.000693148
0
0
0
1682191491.96374
msg_begin
7.75755e+06
-364001
-2.60604
3.53903e-08
3.31784e-09
2.22045e-15
0
0
0
1682191492.01369
msg_begin
7.75755e+06
-364001
-2.60701
0.00665841
0.000399205
4.65951e-05
0
0
0
1682191492.06361
msg_begin
7.75755e+06
-364001
-2.61028
4.00469e-08
1.5134e-09
3.55271e-15
0
0
0
1682191492.11360
msg_begin
7.75755e+06
-364001
-2.61033
0.0159505
0.00810365
0.000846761
0
0
0
1682191492.16357
msg_begin
7.75755e+06
-364002
-2.61452
0.000725499
0.000674196
0.000292442
0
0
0
1682191492.21354
msg_begin
7.75755e+06
-364002
-2.61235
0.00484386
0.00231039
0.00073126
0
0
0
1682191492.26351
msg_begin
7.75755e+06
-364002
-2.61389
0.00157496
0.00504727
0.000286869
0
0
0
1682191492.31352
msg_begin
7.75755e+06
-364002
-2.61532
0.0030848
0.00284855
9.81669e-05
0
0
0
1682191492.36339
msg_begin
7.75755e+06
-364002
-2.61725
0.00344339
0.00467437
0.000690384
0
0
0
1682191492.41334
msg_begin
7.75755e+06
-364002
-2.62025
0.00973944
0.00653383
0.000101342
0
0
0
1682191492.46327
msg_begin
7.75755e+06
-364002
-2.61748
0.00197816
0.00182134
0.000200681
0
0
0
1682191492.51318
msg_begin
7.75755e+06
-364003
-2.62042
1.11759e-08
4.65661e-10
4.44089e-16
0
0
0
1682191492.56315
msg_begin
7.75755e+06
-364003
-2.62256
0.0025725
0.00576674
0.000328031
0
0
0
1682191492.61311
msg_begin
7.75755e+06
-364003
-2.6212
0.00874385
0.00168282
0.000199687
0
0
0
1682191492.66309
msg_begin
7.75754e+06
-364003
-2.6235
0.00556358
0.00169655
4.8462e-05
0
0
0
1682191492.71301
msg_begin
7.75754e+06
-364003
-2.62361
0.00475095
0.00463558
0.000575675
0
0
0
1682191492.76298
msg_begin
7.75754e+06
-364003
-2.62146
0.00649708
0.00269563
0.000399811
0
0
0
1682191492.81286
msg_begin
7.75754e+06
-364004
-2.62236
0.00578529
0.00359694
0.000159855
0
0
0
1682191492.86277
msg_begin
7.75754e+06
-364004
-2.62282
0.00505316
0.00136562
0.000204796
0
0
0
1682191492.91270
msg_begin
7.75754e+06
-364004
-2.62478
0.00487896
0.00502054
0.000372891
0
0
0
1682191492.96262
msg_begin
7.75754e+06
-364004
-2.62579
0.0122818
0.00484593
0.000477593
0
0
0
1682191493.01254
msg_begin
7.75754e+06
-364004
-2.62684
0.0059729
0.00549492
0.000318978
0
0
0
1682191493.06245
msg_begin
7.75754e+06
-364004
-2.62614
0.00455942
0.00683504
0.0020588
0
0
0
1682191493.11242
msg_begin
7.75754e+06
-364004
-2.62613
8.3819e-09
3.31784e-09
3.9968e-15
0
0
0
1682191493.16234
msg_begin
7.75754e+06
-364004
-2.62911
0.00935545
0.0101118
0.00144272
0
0
0
1682191493.21220
msg_begin
7.75754e+06
-364005
-2.62849
0.0072768
0.00762465
0.00104776
0
0
0
1682191493.26210
msg_begin
7.75754e+06
-364005
-2.62783
0.00459482
0.00480873
0.000919935
0
0
0
1682191493.31209
msg_begin
7.75754e+06
-364005
-2.63161
0.00401968
0.00330226
0.00043842
0
0
0
1682191493.36200
msg_begin
7.75754e+06
-364005
-2.63123
0.00203387
0.0017239
0.00018042
0
0
0
1682191493.41202
msg_begin
7.75754e+06
-364005
-2.6305
0.0130842
0.00997558
0.000947225
0
0
0
1682191493.46198
msg_begin
7.75754e+06
-364005
-2.62635
7.17118e-08
1.57161e-09
3.55271e-15
0
0
0
1682191493.51191
msg_begin
7.75754e+06
-364005
-2.62885
0.0244115
0.0209594
0.00043904
0
0
0
1682191493.56187
msg_begin
7.75754e+06
-364006
-2.63393
0.0148158
0.0160286
0.000841811
0
0
0
1682191493.61177
msg_begin
7.75754e+06
-364006
-2.62892
0.00841288
0.000544107
0.000191424
0
0
0
1682191493.66167
msg_begin
7.75754e+06
-364006
-2.63032
0.00236042
0.00137811
0.000128647
0
0
0
1682191493.71160
msg_begin
7.75754e+06
-364006
-2.63185
0.00702255
0.0153475
0.00302213
0
0
0
1682191493.76161
msg_begin
7.75754e+06
-364006
-2.63146
0.00568753
0.00115246
0.000134581
0
0
0
1682191493.81153
msg_begin
7.75754e+06
-364006
-2.63035
0.0177769
0.0129437
0.000410813
0
0
0
1682191493.86148
msg_begin
7.75754e+06
-364006
-2.62973
0.0016698
0.00183867
0.000813337
0
0
0
1682191493.91142
msg_begin
7.75754e+06
-364007
-2.62918
0.00342631
0.000876306
0.000125764
0
0
0
1682191493.96138
msg_begin
7.75754e+06
-364007
-2.63048
0.00101094
0.000765032
5.03288e-05
0
0
0
1682191494.01133
msg_begin
7.75754e+06
-364007
-2.62872
0.0016905
0.00245721
0.00022511
0
0
0
1682191494.06130
msg_begin
7.75754e+06
-364007
-2.63062
0.00823334
0.00938862
0.00077617
0
0
0
1682191494.11122
msg_begin
7.75754e+06
-364007
-2.62983
0.0116769
0.00149147
0.000547761
0
0
0
1682191494.16115
msg_begin
7.75754e+06
-364007
-2.6254
0.00918225
0.00180359
0.000519453
0
0
0
1682191494.21105
msg_begin
7.75754e+06
-364007
-2.62798
0.00852243
0.00525678
0.000695699
0
0
0
1682191494.26102
msg_begin
7.75754e+06
-364008
-2.63217
0.00664419
0.00593079
0.000414321
0
0
0
1682191494.31096
msg_begin
7.75754e+06
-364008
-2.63502
0.00973002
0.00654807
0.000642094
0
0
0
1682191494.36087
msg_begin
7.75754e+06
-364008
-2.63761
0.00321213
0.00141817
0.000454203
0
0
0
1682191494.41077
msg_begin
7.75754e+06
-364008
-2.63629
0.00303322
0.000828944
0.000260915
0
0
0
1682191494.46070
msg_begin
7.75754e+06
-364008
-2.635
0.0163387
0.0113986
0.000676188
0
0
0
1682191494.51064
msg_begin
7.75754e+06
-364008
-2.6365
7.07805e-08
2.91038e-10
4.44089e-15
0
0
0
1682191494.56055
msg_begin
7.75754e+06
-364008
-2.63402
0.0164503
0.008975
0.000455788
0
0
0
1682191494.61050
msg_begin
7.75754e+06
-364008
-2.63789
0.0144058
0.0114692
0.00166387
0
0
0
1682191494.66039
msg_begin
7.75754e+06
-364009
-2.63759
0.00102967
0.00183205
9.90351e-05
0
0
0
1682191494.71023
msg_begin
7.75754e+06
-364009
-2.63563
5.58794e-08
5.23869e-10
4.44089e-16
0
0
0
1682191494.76012
msg_begin
7.75754e+06
-364009
-2.6383
0.00398239
0.00202607
0.000198854
0
0
0
1682191494.81001
msg_begin
7.75753e+06
-364009
-2.6356
0.00443059
0.00251371
0.000394359
0
0
0
1682191494.86001
msg_begin
7.75753e+06
-364009
-2.63409
0.00381652
0.00138266
0.000161659
0
0
0
1682191494.90993
msg_begin
7.75753e+06
-364009
-2.63499
0.0146087
0.00298546
0.000444561
0
0
0
1682191494.95981
msg_begin
7.75753e+06
-364009
-2.63507
0.00657208
0.00554774
0.000559147
0
0
0
1682191495.00968
msg_begin
7.75753e+06
-364009
-2.63627
0.0224261
0.0140224
0.000776643
0
0
0
1682191495.05959
msg_begin
7.75753e+06
-364010
-2.6365
0.0286718
0.00603216
0.00179845
0
0
0
1682191495.15940
msg_begin
7.75753e+06
-364010
-2.63912
0.0140806
0.00910858
0.00183609
0
0
0
1682191495.20930
msg_begin
7.75753e+06
-364010
-2.6379
0.0154408
0.0118834
0.000514846
0
0
0
1682191495.25932
msg_begin
7.75753e+06
-364010
-2.6409
0.0180511
0.00935498
0.000976278
0
0
0
1682191495.30916
msg_begin
7.75753e+06
-364010
-2.64058
0.040845
0.0195999
0.00180196
0
0
0
1682191495.35906
msg_begin
7.75753e+06
-364010
-2.63662
0.0127914
0.0104
0.00073124
0
0
0
1682191495.40895
msg_begin
7.75753e+06
-364011
-2.63584
0.0227313
0.01418
0.000626534
0
0
0
1682191495.45883
msg_begin
7.75753e+06
-364011
-2.63567
0.00121011
0.00177784
0.000319363
0
0
0
1682191495.50870
msg_begin
7.75753e+06
-364011
-2.63575
0.0143314
0.0108361
0.000932936
0
0
0
1682191495.55864
msg_begin
7.75753e+06
-364011
-2.63559
0.00857153
0.0149614
0.00129602
0
0
0
1682191495.60860
msg_begin
7.75753e+06
-364011
-2.63584
0.00425708
0.005367
0.000607303
0
0
0
1682191495.65845
msg_begin
7.75753e+06
-364011
-2.63668
0.00752313
0.00665805
0.000298855
0
0
0
1682191495.70834
msg_begin
7.75753e+06
-364011
-2.63598
0.00551558
0.000911326
4.99162e-05
0
0
0
1682191495.75830
msg_begin
7.75753e+06
-364011
-2.63805
0.00394642
0.00448528
0.00063077
0
0
0
1682191495.80822
msg_begin
7.75753e+06
-364012
-2.63687
0.0515216
0.0330291
0.000617287
0
0
0
1682191495.85805
msg_begin
7.75753e+06
-364012
-2.63844
0.00766431
0.00414315
0.00011779
0
0
0
1682191495.90796
msg_begin
7.75753e+06
-364012
-2.63877
0.00347708
0.000417119
0.000122783
0
0
0
1682191495.95784
msg_begin
7.75753e+06
-364012
-2.63825
0.00192049
0.00212489
0.0001277
0
0
0
1682191496.00781
msg_begin
7.75753e+06
-364012
-2.63801
5.12227e-08
1.74623e-10
8.88178e-16
0
0
0
1682191496.05766
msg_begin
7.75753e+06
-364012
-2.63828
0.00305433
0.00697811
0.00069876
0
0
0
1682191496.10756
msg_begin
7.75753e+06
-364012
-2.64002
0.0487276
0.0280861
0.00129778
0
0
0
1682191496.15748
msg_begin
7.75753e+06
-364012
-2.63859
0.00861189
0.00277191
0.00106461
0
0
0
1682191496.20739
msg_begin
7.75753e+06
-364013
-2.63905
0.0160079
0.00584474
0.00113555
0
0
0
1682191496.25738
msg_begin
7.75753e+06
-364013
-2.63954
0.011614
0.0139971
0.000487667
0
0
0
1682191496.30726
msg_begin
7.75753e+06
-364013
-2.63966
0.0139334
0.00743302
9.2053e-05
0
0
0
1682191496.35720
msg_begin
7.75753e+06
-364013
-2.63984
0.0128077
0.0032615
0.000341547
0
0
0
1682191496.40704
msg_begin
7.75753e+06
-364013
-2.63871
0.00485621
0.00287088
0.000475022
0
0
0
1682191496.45691
msg_begin
7.75753e+06
-364013
-2.63617
0.0073355
0.0125061
0.000576128
0
0
0
1682191496.50684
msg_begin
7.75753e+06
-364013
-2.63917
0.00403945
0.00344593
0.000165203
0
0
0
1682191496.55673
msg_begin
7.75753e+06
-364014
-2.63996
0.00294942
0.00160973
0.000166307
0
0
0
1682191496.60672
msg_begin
7.75753e+06
-364014
-2.64007
0.00277981
0.00194689
0.000275134
0
0
0
1682191496.65664
msg_begin
7.75753e+06
-364014
-2.6371
0.00433002
0.00541011
0.000231144
0
0
0
1682191496.70665
msg_begin
7.75753e+06
-364014
-2.63874
0.0191615
0.00498067
0.00038141
0
0
0
1682191496.75660
msg_begin
7.75753e+06
-364014
-2.63694
0.000477027
0.0045145
9.80562e-05
0
0
0
1682191496.80661
msg_begin
7.75753e+06
-364014
-2.63602
0.00924604
0.00669915
0.00126257
0
0
0
1682191496.85648
msg_begin
7.75753e+06
-364014
-2.63775
0.00125635
0.00118874
4.17992e-05
0
0
0
1682191496.90641
msg_begin
7.75752e+06
-364015
-2.63733
0.0176365
0.0126358
0.000740979
0
0
0
1682191496.95682
msg_begin
7.75752e+06
-364015
-2.63972
0.00471077
0.004084
0.000529399
0
0
0
1682191497.00630
msg_begin
7.75752e+06
-364015
-2.63633
1.11759e-08
3.14321e-09
4.44089e-16
0
0
0
1682191497.05621
msg_begin
7.75752e+06
-364015
-2.63693
0.00392827
0.00383277
0.00023281
0
0
0
1682191497.10618
msg_begin
7.75752e+06
-364015
-2.63743
0.00472696
0.00175911
0.000307541
0
0
0
1682191497.15610
msg_begin
7.75752e+06
-364015
-2.6349
0.00640479
0.0137769
0.000582732
0
0
0
1682191497.20606
msg_begin
7.75752e+06
-364016
-2.63529
6.51926e-09
2.50293e-09
8.88178e-16
0
0
0
1682191497.25597
msg_begin
7.75752e+06
-364016
-2.6346
0.00211141
2.46894e-05
8.71759e-06
0
0
0
1682191497.30586
msg_begin
7.75752e+06
-364016
-2.63296
0.000222196
0.00106593
0.000182508
0
0
0
1682191497.35640
msg_begin
7.75752e+06
-364016
-2.63362
0.0197983
0.0117808
0.000931194
0
0
0
1682191497.40577
msg_begin
7.75752e+06
-364016
-2.63128
1.86265e-09
3.49246e-10
4.44089e-16
0
0
0
1682191497.45563
msg_begin
7.75752e+06
-364016
-2.62928
0.00497971
0.00211173
0.000227066
0
0
0
1682191497.50557
msg_begin
7.75752e+06
-364016
-2.62827
0.0239042
0.0114079
0.000194202
0
0
0
1682191497.55547
msg_begin
7.75752e+06
-364017
-2.62467
0.0241769
0.0215225
0.0010959
0
0
0
1682191497.60535
msg_begin
7.75752e+06
-364017
-2.62148
0.0082302
0.00297203
0.000700735
0
0
0
1682191497.65524
msg_begin
7.75752e+06
-364017
-2.61975
0.00907095
0.0110559
0.000882804
0
0
0
1682191497.70608
msg_begin
7.75752e+06
-364017
-2.62048
7.17118e-08
2.56114e-09
4.44089e-16
0
0
0
1682191497.75520
msg_begin
7.75752e+06
-364017
-2.61545
0.00746679
0.00601441
0.000512426
0
0
0
1682191497.80493
msg_begin
7.75752e+06
-364017
-2.61446
0.00500594
0.00276603
0.000271163
0
0
0
1682191497.85490
msg_begin
7.75752e+06
-364018
-2.61231
0.00770056
0.0135493
0.00043642
0
0
0
1682191497.90613
msg_begin
7.75752e+06
-364018
-2.6093
0.00625477
0.00689178
0.00082987
0
0
0
1682191497.95465
msg_begin
7.75752e+06
-364018
-2.60807
0.00890232
0.0065688
0.000903693
0
0
0
1682191498.00457
msg_begin
7.75752e+06
-364018
-2.60456
0.00187169
0.00124224
0.000164769
0
0
0
1682191498.05447
msg_begin
7.75752e+06
-364018
-2.60077
0.00456452
0.000599195
0.000133668
0
0
0
1682191498.10438
msg_begin
7.75752e+06
-364018
-2.59892
0.000403754
0.00103146
5.18638e-05
0
0
0
1682191498.15436
msg_begin
7.75752e+06
-364019
-2.59731
0.00962572
0.00475341
0.000297144
0
0
0
1682191498.20421
msg_begin
7.75752e+06
-364019
-2.59379
0.00754121
0.00387887
0.000435082
0
0
0
1682191498.25414
msg_begin
7.75752e+06
-364019
-2.58995
0.00152947
0.00499705
0.000449805
0
0
0
1682191498.30415
msg_begin
7.75752e+06
-364019
-2.58793
0.00513086
0.00708805
0.00133571
0
0
0
1682191498.35398
msg_begin
7.75752e+06
-364019
-2.58419
0.00285478
0.00878095
0.00143323
0
0
0
1682191498.40389
msg_begin
7.75752e+06
-364019
-2.58188
0.0197114
0.0191277
0.000828045
0
0
0
1682191498.45387
msg_begin
7.75752e+06
-364020
-2.58144
0.00368531
0.00184357
0.000286855
0
0
0
1682191498.50376
msg_begin
7.75752e+06
-364020
-2.5779
5.7742e-08
4.65661e-10
1.77636e-15
0
0
0
1682191498.55391
msg_begin
7.75752e+06
-364020
-2.57399
0.00904508
0.00443183
0.000881278
0
0
0
1682191498.60363
msg_begin
7.75752e+06
-364020
-2.57398
0.000439838
0.000691128
5.12153e-05
0
0
0
1682191498.65353
msg_begin
7.75752e+06
-364020
-2.56849
0.0109797
0.00476959
0.000892271
0
0
0
1682191498.70460
msg_begin
7.75752e+06
-364021
-2.56615
0.00682088
0.00151429
0.000322242
0
0
0
1682191498.75333
msg_begin
7.75751e+06
-364021
-2.56459
0.0296941
0.0208179
0.00217875
0
0
0
1682191498.80323
msg_begin
7.75751e+06
-364021
-2.56228
0.00635534
0.00579219
0.00059471
0
0
0
1682191498.85324
msg_begin
7.75751e+06
-364021
-2.56011
0.00146435
0.0067898
0.000343206
0
0
0
1682191498.90377
msg_begin
7.75751e+06
-364021
-2.55556
0.0148117
0.0159802
0.00137458
0
0
0
1682191498.95285
msg_begin
7.75751e+06
-364021
-2.55714
0.0210456
0.00216037
0.000108701
0
0
0
1682191499.00280
msg_begin
7.75751e+06
-364022
-2.55395
0.0134104
0.0118237
0.00152898
0
0
0
1682191499.05262
msg_begin
7.75751e+06
-364022
-2.54673
0.00234983
0.00188361
0.000302181
0
0
0
1682191499.10310
msg_begin
7.75751e+06
-364022
-2.54434
0.00211592
0.000731127
0.000324585
0
0
0
1682191499.15246
msg_begin
7.75751e+06
-364022
-2.54159
0.00672914
0.0072959
0.000546544
0
0
0
1682191499.20234
msg_begin
7.75751e+06
-364022
-2.53982
0.0231056
0.0149837
0.0010046
0
0
0
1682191499.25224
msg_begin
7.75751e+06
-364023
-2.53483
5.96046e-08
4.65661e-10
1.33227e-15
0
0
0
1682191499.30247
msg_begin
7.75751e+06
-364023
-2.53189
0.000344671
0.000324093
2.6761e-05
0
0
0
1682191499.35197
msg_begin
7.75751e+06
-364023
-2.5302
0.00388892
0.0102794
0.000369347
0
0
0
1682191499.40185
msg_begin
7.75751e+06
-364023
-2.52739
0.00196778
0.00693435
0.000241494
0
0
0
1682191499.45166
msg_begin
7.75751e+06
-364023
-2.52461
0.0170946
0.00920114
0.000563367
0
0
0
1682191499.50215
msg_begin
7.75751e+06
-364024
-2.52191
0.00567738
0.00772872
0.0024406
0
0
0
1682191499.55147
msg_begin
7.75751e+06
-364024
-2.52141
0.00537215
0.000924315
0.000500936
0
0
0
1682191499.60143
msg_begin
7.75751e+06
-364024
-2.51662
0.0187173
0.0119755
0.00203211
0
0
0
1682191499.65142
msg_begin
7.75751e+06
-364024
-2.51284
0.00445831
0.00238
0.000792276
0
0
0
1682191499.70131
msg_begin
7.75751e+06
-364025
-2.50744
0.000195764
0.000329655
5.40095e-05
0
0
0
1682191499.75116
msg_begin
7.75751e+06
-364025
-2.50632
0.00385319
0.000449134
0.000162305
0
0
0
1682191499.80117
msg_begin
7.75751e+06
-364025
-2.50276
0.00270889
0.00344805
0.00031429
0
0
0
1682191499.85108
msg_begin
7.75751e+06
-364025
-2.50138
0.00894703
0.00718739
0.000561106
0
0
0
1682191499.90170
msg_begin
7.75751e+06
-364025
-2.49953
0.0122319
0.0146166
0.000237505
0
0
0
1682191499.95088
msg_begin
7.75751e+06
-364026
-2.49799
0.0153535
0.0154705
0.000660489
0
0
0
1682191500.00088
msg_begin
7.75751e+06
-364026
-2.49473
0.0114955
0.00798295
0.000908769
0
0
0
1682191500.05105
msg_begin
7.75751e+06
-364026
-2.49271
0.00509994
0.00489795
0.000394727
0
0
0
1682191500.10156
msg_begin
7.75751e+06
-364026
-2.49119
0.00744831
0.00341886
0.00140643
0
0
0
1682191500.15083
msg_begin
7.75751e+06
-364027
-2.48664
0.00958823
0.00747736
0.000869008
0
0
0
1682191500.20073
msg_begin
7.75751e+06
-364027
-2.48267
0.00543574
0.00277159
0.000162286
0
0
0
1682191500.25065
msg_begin
7.75751e+06
-364027
-2.48204
0.0122396
0.0153392
0.00049632
0
0
0
1682191500.30067
msg_begin
7.75751e+06
-364027
-2.47822
0.0063066
0.00718462
0.00100417
0
0
0
1682191500.35054
msg_begin
7.75751e+06
-364027
-2.47555
0.0263305
0.0191796
0.00121674
0
0
0
1682191500.40048
msg_begin
7.75751e+06
-364028
-2.47335
0.012192
0.0152709
0.00191238
0
0
0
1682191500.45048
msg_begin
7.75751e+06
-364028
-2.47186
0.0193933
0.0178944
0.000664962
0
0
0
1682191500.50111
msg_begin
7.7575e+06
-364028
-2.47057
0.0162958
0.0133395
0.00208522
0
0
0
1682191500.55019
msg_begin
7.7575e+06
-364028
-2.46902
0.0139866
0.000709815
0.00020171
0
0
0
1682191500.60015
msg_begin
7.7575e+06
-364029
-2.46727
0.00868016
0.0042739
0.00106545
0
0
0
1682191500.65000
msg_begin
7.7575e+06
-364029
-2.46072
0.00446774
0.0124761
0.000679411
0
0
0
1682191500.70106
msg_begin
7.7575e+06
-364029
-2.4583
0.00863726
0.0147134
0.000466221
0
0
0
1682191500.74990
msg_begin
7.7575e+06
-364030
-2.45652
0.0135636
0.0232158
0.00154379
0
0
0
1682191500.79975
msg_begin
7.7575e+06
-364030
-2.4539
0.0041587
0.00600313
0.000248621
0
0
0
1682191500.84977
msg_begin
7.7575e+06
-364030
-2.45219
0.00440229
0.00327286
9.81242e-05
0
0
0
1682191500.90028
msg_begin
7.7575e+06
-364030
-2.45013
0.00471441
0.00125569
0.000208451
0
0
0
1682191500.94960
msg_begin
7.7575e+06
-364031
-2.45046
0.00748154
0.00241469
0.000705507
0
0
0
1682191500.99955
msg_begin
7.7575e+06
-364031
-2.44788
0.0123998
0.00900747
0.000298237
0
0
0
1682191501.04950
msg_begin
7.7575e+06
-364031
-2.44536
0.0127139
0.00895541
0.000499186
0
0
0
1682191501.10015
msg_begin
7.7575e+06
-364031
-2.44418
1.95578e-08
0
3.9968e-15
0
0
0
1682191501.14943
msg_begin
7.7575e+06
-364032
-2.44587
0.0155003
0.0126198
0.0008993
0
0
0
1682191501.19941
msg_begin
7.7575e+06
-364032
-2.4401
0.00384762
0.000245938
0.000392451
0
0
0
1682191501.24939
msg_begin
7.7575e+06
-364032
-2.43873
0.00373226
0.00445221
0.000693319
0
0
0
1682191501.30030
msg_begin
7.7575e+06
-364032
-2.43425
0.00136084
0.000779477
0.000861087
0
0
0
1682191501.34931
msg_begin
7.7575e+06
-364033
-2.43266
0.0137828
0.0110722
0.000668695
0
0
0
1682191501.39929
msg_begin
7.7575e+06
-364033
-2.43195
0.0204405
0.0213712
0.00121459
0
0
0
1682191501.44917
msg_begin
7.7575e+06
-364033
-2.42959
0.0055373
0.00539384
0.00010919
0
0
0
1682191501.49978
msg_begin
7.7575e+06
-364033
-2.42792
0.00111512
0.00147033
0.000105617
0
0
0
1682191501.54911
msg_begin
7.7575e+06
-364034
-2.42608
0.00594072
0.00711618
0.000260746
0
0
0
1682191501.59897
msg_begin
7.7575e+06
-364034
-2.42814
0.00486115
0.00638878
0.000389859
0
0
0
1682191501.64888
msg_begin
7.7575e+06
-364034
-2.42583
0.0124057
0.00474145
0.000383486
0
0
0
1682191501.69911
msg_begin
7.7575e+06
-364035
-2.42587
0.00600497
0.00937882
0.000263279
0
0
0
1682191501.74870
msg_begin
7.7575e+06
-364035
-2.42487
6.14673e-08
2.61934e-09
5.77316e-15
0
0
0
1682191501.79868
msg_begin
7.7575e+06
-364035
-2.42271
0.000546798
0.00212031
6.78371e-05
0
0
0
1682191501.84880
msg_begin
7.7575e+06
-364035
-2.41781
0.00229608
0.00176695
0.000436629
0
0
0
1682191501.89929
msg_begin
7.7575e+06
-364036
-2.4178
0.0297694
0.0348722
0.000659011
0
0
0
1682191501.94848
msg_begin
7.7575e+06
-364036
-2.41663
6.98492e-08
1.39698e-09
1.77636e-15
0
0
0
1682191501.99849
msg_begin
7.7575e+06
-364036
-2.41453
0.00381989
0.0113175
0.000991562
0
0
0
1682191502.04845
msg_begin
7.7575e+06
-364037
-2.41579
0.00583239
0.0074513
0.00122555
0
0
0
1682191502.09914
msg_begin
7.75749e+06
-364037
-2.41188
0.004893
5.82645e-05
0.000118704
0
0
0
1682191502.14831
msg_begin
7.75749e+06
-364037
-2.41137
0.00390871
0.00313987
0.000478633
0
0
0
1682191502.19827
msg_begin
7.75749e+06
-364037
-2.41122
0.013505
0.0137185
0.000915053
0
0
0
1682191502.24831
msg_begin
7.75749e+06
-364038
-2.4086
0.00283031
0.00175452
0.00012075
0
0
0
1682191502.29834
msg_begin
7.75749e+06
-364038
-2.40911
0.0117009
0.013028
0.000357316
0
0
0
1682191502.34815
msg_begin
7.75749e+06
-364038
-2.40776
0.0232133
0.019108
0.000297929
0
0
0
1682191502.39817
msg_begin
7.75749e+06
-364039
-2.40653
0.00296426
0.00463751
0.000172679
0
0
0
1682191502.44809
msg_begin
7.75749e+06
-364039
-2.41057
0.00655532
0.00367725
0.000291721
0
0
0
1682191502.49859
msg_begin
7.75749e+06
-364039
-2.40608
0.00130469
0.0011923
6.94869e-05
0
0
0
1682191502.54801
msg_begin
7.75749e+06
-364039
-2.40773
0.00424453
0.00550999
0.00121893
0
0
0
1682191502.59796
msg_begin
7.75749e+06
-364040
-2.40929
0.00181435
0.00112539
0.000390751
0
0
0
1682191502.64797
msg_begin
7.75749e+06
-364040
-2.40809
0.00430767
0.0050623
0.000296726
0
0
0
1682191502.69839
msg_begin
7.75749e+06
-364040
-2.40767
0.0350275
0.032256
0.00225502
0
0
0
1682191502.74779
msg_begin
7.75749e+06
-364040
-2.40281
0.00197199
0.000997385
0.000149992
0
0
0
1682191502.79775
msg_begin
7.75749e+06
-364041
-2.39904
8.6613e-08
7.567e-10
0
0
0
0
1682191502.84766
msg_begin
7.75749e+06
-364041
-2.40076
0.0033498
0.00663878
0.000479229
0
0
0
1682191502.89755
msg_begin
7.75749e+06
-364041
-2.40106
0.00127549
0.00272518
7.2086e-05
0
0
0
1682191502.94745
msg_begin
7.75749e+06
-364042
-2.40294
0.0146384
0.0113839
0.00126638
0
0
0
1682191502.99750
msg_begin
7.75749e+06
-364042
-2.40106
0.00139455
0.000788241
4.57825e-05
0
0
0
1682191503.04743
msg_begin
7.75749e+06
-364042
-2.40071
0.00161094
0.00207511
9.08771e-05
0
0
0
1682191503.09730
msg_begin
7.75749e+06
-364043
-2.39955
0.00724361
0.008668
0.000228859
0
0
0
1682191503.14724
msg_begin
7.75749e+06
-364043
-2.39953
0.00363626
0.00201817
0.000145373
0
0
0
1682191503.19719
msg_begin
7.75749e+06
-364043
-2.40102
0.00781836
0.00319617
0.000635649
0
0
0
1682191503.24715
msg_begin
7.75749e+06
-364044
-2.39787
0.00748187
0.00558075
0.00075487
0
0
0
1682191503.29711
msg_begin
7.75749e+06
-364044
-2.39656
0.00553146
0.00815106
0.000478557
0
0
0
1682191503.34711
msg_begin
7.75749e+06
-364044
-2.39875
0.0313524
0.0246108
0.00140378
0
0
0
1682191503.39707
msg_begin
7.75749e+06
-364044
-2.39873
8.10251e-08
2.32831e-10
3.55271e-15
0
0
0
1682191503.44703
msg_begin
7.75749e+06
-364045
-2.39912
0.0051608
0.00440273
0.000286828
0
0
0
1682191503.49696
msg_begin
7.75749e+06
-364045
-2.39999
7.63685e-08
2.73576e-09
2.66454e-15
0
0
0
1682191503.54696
msg_begin
7.75749e+06
-364045
-2.4005
0.000857598
0.00300426
9.59607e-05
0
0
0
1682191503.59687
msg_begin
7.75749e+06
-364046
-2.40079
0.00105476
0.00183145
0.00013204
0
0
0
1682191503.64686
msg_begin
7.75749e+06
-364046
-2.40008
0.000132586
0.000267652
0.000143265
0
0
0
1682191503.69687
msg_begin
7.75748e+06
-364046
-2.40122
0.0167207
0.0183867
0.000742689
0
0
0
1682191503.74683
msg_begin
7.75748e+06
-364046
-2.40305
0.00310318
0.00140526
0.000303563
0
0
0
1682191503.79678
msg_begin
7.75748e+06
-364047
-2.4029
0.000700285
0.00021211
5.36971e-05
0
0
0
1682191503.84678
msg_begin
7.75748e+06
-364047
-2.40618
0.0116156
0.013567
0.00104845
0
0
0
1682191503.89665
msg_begin
7.75748e+06
-364047
-2.40542
0.00514945
0.00324194
0.000894622
0
0
0
1682191503.94664
msg_begin
7.75748e+06
-364048
-2.40765
0.00111447
0.00180963
7.07162e-05
0
0
0
1682191503.99654
msg_begin
7.75748e+06
-364048
-2.40679
8.3819e-09
9.8953e-10
1.33227e-15
0
0
0
1682191504.04653
msg_begin
7.75748e+06
-364048
-2.40744
0.015025
0.00518577
0.000204006
0
0
0
1682191504.09638
msg_begin
7.75748e+06
-364049
-2.41014
5.12227e-08
1.33878e-09
0
0
0
0
1682191504.14634
msg_begin
7.75748e+06
-364049
-2.41228
0.0261195
0.00551471
0.00130636
0
0
0
1682191504.19628
msg_begin
7.75748e+06
-364049
-2.41298
0.0135665
0.00480282
0.000859298
0
0
0
1682191504.24630
msg_begin
7.75748e+06
-364049
-2.41199
0.00747503
0.00390135
1.1176e-05
0
0
0
1682191504.29615
msg_begin
7.75748e+06
-364050
-2.41281
0.00949294
0.00764334
0.000692989
0
0
0
1682191504.34604
msg_begin
7.75748e+06
-364050
-2.41642
0.0107568
0.0132466
0.000654157
0
0
0
1682191504.39597
msg_begin
7.75748e+06
-364050
-2.41472
0.00268001
0.000886352
0.000166922
0
0
0
1682191504.44593
msg_begin
7.75748e+06
-364051
-2.41869
0.0108281
0.00467963
0.000626231
0
0
0
1682191504.49584
msg_begin
7.75748e+06
-364051
-2.42242
0.0295312
0.0165545
0.00121257
0
0
0
1682191504.54577
msg_begin
7.75748e+06
-364051
-2.42745
0.00481506
0.00379434
0.000143343
0
0
0
1682191504.59569
msg_begin
7.75748e+06
-364051
-2.42891
0.0159259
0.0147859
0.00197496
0
0
0
1682191504.64562
msg_begin
7.75748e+06
-364052
-2.43385
0.00968874
0.00915697
0.00130863
0
0
0
1682191504.69547
msg_begin
7.75748e+06
-364052
-2.43339
0.00836304
0.00688352
0.000799698
0
0
0
1682191504.74545
msg_begin
7.75748e+06
-364052
-2.43289
0.00662028
0.00276463
0.000418623
0
0
0
1682191504.79538
msg_begin
7.75748e+06
-364053
-2.43493
0.00570501
0.00668581
0.000565261
0
0
0
1682191504.84533
msg_begin
7.75748e+06
-364053
-2.44023
0.00330463
0.00175682
0.000229595
0
0
0
1682191504.89527
msg_begin
7.75748e+06
-364053
-2.4437
0.0061458
0.00110972
0.000355997
0
0
0
1682191504.94522
msg_begin
7.75748e+06
-364054
-2.44636
0.00391606
0.00240821
0.000374177
0
0
0
1682191504.99521
msg_begin
7.75748e+06
-364054
-2.44736
9.31323e-08
2.96859e-09
2.22045e-15
0
0
0
1682191505.04520
msg_begin
7.75748e+06
-364054
-2.4554
0.0109333
0.00588587
0.000774269
0
0
0
1682191505.14504
msg_begin
7.75748e+06
-364055
-2.45491
5.02914e-08
7.567e-10
3.10862e-15
0
0
0
1682191505.19500
msg_begin
7.75747e+06
-364055
-2.46202
0.0340964
0.0129964
0.00151284
0
0
0
1682191505.24504
msg_begin
7.75747e+06
-364055
-2.46626
0.00319127
0.00370253
0.000520917
0
0
0
1682191505.29496
msg_begin
7.75747e+06
-364056
-2.46884
0.00225584
0.00742855
0.00067231
0
0
0
1682191505.34492
msg_begin
7.75747e+06
-364056
-2.47251
0.0120716
0.0185469
0.000764594
0
0
0
1682191505.39479
msg_begin
7.75747e+06
-364056
-2.47527
0.00362355
0.00207606
0.00014495
0
0
0
1682191505.44478
msg_begin
7.75747e+06
-364057
-2.47784
0.00347386
0.0040791
0.000543503
0
0
0
1682191505.49469
msg_begin
7.75747e+06
-364057
-2.48234
0.0341583
0.0201902
0.00090321
0
0
0
1682191505.54463
msg_begin
7.75747e+06
-364057
-2.48372
0.00954165
0.00453955
0.000987816
0
0
0
1682191505.59450
msg_begin
7.75747e+06
-364057
-2.48852
0.00362811
0.000227165
0.00112179
0
0
0
1682191505.64444
msg_begin
7.75747e+06
-364058
-2.48871
0.00570921
0.000455017
0.000364781
0
0
0
1682191505.69432
msg_begin
7.75747e+06
-364058
-2.49737
0.0027572
0.00274054
0.00021606
0
0
0
1682191505.74420
msg_begin
7.75747e+06
-364058
-2.49751
0.00188415
0.000704638
1.18824e-05
0
0
0
1682191505.79414
msg_begin
7.75747e+06
-364059
-2.50243
0.00345705
0.00465509
0.000257907
0
0
0
1682191505.84407
msg_begin
7.75747e+06
-364059
-2.50603
3.72529e-09
7.567e-10
1.77636e-15
0
0
0
1682191505.89404
msg_begin
7.75747e+06
-364059
-2.51263
0.017169
0.020841
0.000983796
0
0
0
1682191505.94396
msg_begin
7.75747e+06
-364059
-2.51446
0.00434779
0.00301691
0.00061427
0
0
0
1682191505.99387
msg_begin
7.75747e+06
-364060
-2.51982
0.00630431
0.00730431
0.000718559
0
0
0
1682191506.04385
msg_begin
7.75747e+06
-364060
-2.52175
0.000356289
3.47317e-05
4.44155e-05
0
0
0
1682191506.09382
msg_begin
7.75747e+06
-364060
-2.52552
0.00324469
0.00384077
0.000370791
0
0
0
1682191506.14377
msg_begin
7.75747e+06
-364060
-2.52805
0.00985932
0.0141277
0.00145099
0
0
0
1682191506.19374
msg_begin
7.75747e+06
-364061
-2.5302
0.00637304
0.00338872
6.67074e-05
0
0
0
1682191506.24370
msg_begin
7.75747e+06
-364061
-2.5364
0.000685435
0.000920953
8.93205e-05
0
0
0
1682191506.29367
msg_begin
7.75747e+06
-364061
-2.54139
0.0136612
0.0121125
0.00025674
0
0
0
1682191506.34364
msg_begin
7.75747e+06
-364061
-2.54816
0.0130531
0.00530554
0.000342083
0
0
0
1682191506.39364
msg_begin
7.75747e+06
-364062
-2.55112
0.0252208
0.0190667
0.00211125
0
0
0
1682191506.44361
msg_begin
7.75747e+06
-364062
-2.55388
0.0503046
0.0388083
1.80415e-06
0
0
0
1682191506.49357
msg_begin
7.75747e+06
-364062
-2.55568
1.21072e-08
2.85218e-09
0
0
0
0
1682191506.59348
msg_begin
7.75746e+06
-364063
-2.56178
0.00577096
0.00528441
0.00100314
0
0
0
1682191506.64345
msg_begin
7.75746e+06
-364063
-2.56614
0.0126949
0.00473842
0.000908177
0
0
0
1682191506.69338
msg_begin
7.75746e+06
-364063
-2.5715
0.00532044
0.00437994
0.000311614
0
0
0
1682191506.74332
msg_begin
7.75746e+06
-364063
-2.57414
0.0166841
0.0123146
0.00211443
0
0
0
1682191506.79320
msg_begin
7.75746e+06
-364064
-2.58137
0.00968457
0.011388
0.000538063
0
0
0
1682191506.84314
msg_begin
7.75746e+06
-364064
-2.58642
0.017416
0.00775392
0.000988117
0
0
0
1682191506.89303
msg_begin
7.75746e+06
-364064
-2.58823
0.0145223
0.0112299
0.00115044
0
0
0
1682191506.94296
msg_begin
7.75746e+06
-364064
-2.59298
0.00496589
0.00637287
0.000213592
0
0
0
1682191506.99293
msg_begin
7.75746e+06
-364065
-2.59533
0.00289195
0.0010609
0.000440622
0
0
0
1682191507.04283
msg_begin
7.75746e+06
-364065
-2.60173
0.0107392
0.0021653
0.00025194
0
0
0
1682191507.09275
msg_begin
7.75746e+06
-364065
-2.60477
0.016628
0.00657261
0.0010454
0
0
0
1682191507.14272
msg_begin
7.75746e+06
-364065
-2.6071
5.7742e-08
3.49246e-10
0
0
0
0
1682191507.19271
msg_begin
7.75746e+06
-364065
-2.60853
0.0395398
0.026311
0.00100174
0
0
0
1682191507.24264
msg_begin
7.75746e+06
-364066
-2.61624
0.00671415
0.00151792
0.000356474
0
0
0
1682191507.29260
msg_begin
7.75746e+06
-364066
-2.61822
0.0175071
0.00125232
0.000312987
0
0
0
1682191507.34261
msg_begin
7.75746e+06
-364066
-2.62009
0.0386706
0.0326783
0.00171124
0
0
0
1682191507.39256
msg_begin
7.75746e+06
-364066
-2.62161
0.0210064
0.0136999
0.000573323
0
0
0
1682191507.44255
msg_begin
7.75746e+06
-364067
-2.62204
5.68107e-08
3.89991e-09
4.44089e-16
0
0
0
1682191507.49249
msg_begin
7.75746e+06
-364067
-2.6224
5.12227e-08
2.67755e-09
4.44089e-16
0
0
0
1682191507.54248
msg_begin
7.75746e+06
-364067
-2.62711
0.0487987
0.0318302
0.000976765
0
0
0
1682191507.59247
msg_begin
7.75746e+06
-364067
-2.62969
0.0111489
0.00534519
0.000605516
0
0
0
1682191507.64232
msg_begin
7.75746e+06
-364067
-2.63721
0.00605346
0.00202368
0.000247163
0
0
0
1682191507.69237
msg_begin
7.75746e+06
-364068
-2.63974
0.0113222
0.00856823
0.000827148
0
0
0
1682191507.74227
msg_begin
7.75746e+06
-364068
-2.6418
0.0172619
0.00908678
0.00133398
0
0
0
1682191507.79224
msg_begin
7.75746e+06
-364068
-2.64463
0.0555864
0.0155348
0.00193485
0
0
0
1682191507.84224
msg_begin
7.75746e+06
-364068
-2.65197
0.00639567
0.00316293
0.000337435
0
0
0
1682191507.89214
msg_begin
7.75746e+06
-364069
-2.65321
9.22009e-08
1.16415e-10
3.10862e-15
0
0
0
1682191507.94215
msg_begin
7.75745e+06
-364069
-2.65291
0.0100615
0.00419551
0.00071749
0
0
0
1682191507.99209
msg_begin
7.75745e+06
-364069
-2.65507
0.00313644
0.00797798
0.000578067
0
0
0
1682191508.04206
msg_begin
7.75745e+06
-364069
-2.65968
0.0141075
0.00877723
0.00106496
0
0
0
1682191508.09202
msg_begin
7.75745e+06
-364069
-2.66311
0.0117451
0.00545586
0.0009708
0
0
0
1682191508.14199
msg_begin
7.75745e+06
-364070
-2.66825
0.00988203
0.00362815
0.000870224
0
0
0
1682191508.19191
msg_begin
7.75745e+06
-364070
-2.67157
0.0203814
0.00587655
0.00146206
0
0
0
1682191508.24197
msg_begin
7.75745e+06
-364070
-2.66995
0.0271883
0.0174131
0.00154486
0
0
0
1682191508.29186
msg_begin
7.75745e+06
-364070
-2.67376
0.0449664
0.0264031
0.000522822
0
0
0
1682191508.34191
msg_begin
7.75745e+06
-364070
-2.67689
0.00259024
0.00053638
6.47986e-05
0
0
0
1682191508.39178
msg_begin
7.75745e+06
-364071
-2.68308
0.00827591
0.00556915
0.00069022
0
0
0
1682191508.44192
msg_begin
7.75745e+06
-364071
-2.68631
0.00641856
0.00546496
0.000578487
0
0
0
1682191508.49183
msg_begin
7.75745e+06
-364071
-2.6871
0.00120769
0.00210327
9.40879e-05
0
0
0
1682191508.54184
msg_begin
7.75745e+06
-364071
-2.68962
0.0164333
0.00564073
0.00125038
0
0
0
1682191508.59177
msg_begin
7.75745e+06
-364071
-2.6947
0.0048909
0.01332
0.000496725
0
0
0
1682191508.64171
msg_begin
7.75745e+06
-364072
-2.69854
0.0111767
0.00517254
0.00039057
0
0
0
1682191508.69174
msg_begin
7.75745e+06
-364072
-2.69955
0.00722493
0.00460163
0.000182168
0
0
0
1682191508.74178
msg_begin
7.75745e+06
-364072
-2.69883
0.0240007
0.0162054
0.000873865
0
0
0
1682191508.79174
msg_begin
7.75745e+06
-364072
-2.6985
0.000962331
0.000406335
9.26244e-05
0
0
0
1682191508.84181
msg_begin
7.75745e+06
-364072
-2.70292
0.0175742
0.00259597
0.000467159
0
0
0
1682191508.89175
msg_begin
7.75745e+06
-364072
-2.70438
0.0570703
0.0312938
0.000289651
0
0
0
1682191508.94172
msg_begin
7.75745e+06
-364073
-2.70776
0.00848052
0.00353583
0.00111404
0
0
0
1682191508.99168
msg_begin
7.75745e+06
-364073
-2.70975
0.021624
0.00728058
0.00153712
0
0
0
1682191509.04173
msg_begin
7.75745e+06
-364073
-2.70919
0.0258483
0.00604712
0.000699049
0
0
0
1682191509.09159
msg_begin
7.75745e+06
-364073
-2.70979
0.00239117
6.83719e-05
0.000113727
0
0
0
1682191509.14159
msg_begin
7.75745e+06
-364073
-2.71318
0.0136983
0.00666466
0.00184214
0
0
0
1682191509.19151
msg_begin
7.75745e+06
-364074
-2.71574
0.0134983
0.00831102
0.00032512
0
0
0
1682191509.24146
msg_begin
7.75745e+06
-364074
-2.71654
0.0163636
0.014475
5.72323e-05
0
0
0
1682191509.29151
msg_begin
7.75744e+06
-364074
-2.71627
0.0181343
0.00441827
0.000954767
0
0
0
1682191509.34144
msg_begin
7.75744e+06
-364074
-2.71732
0.00131038
0.00158856
9.92012e-05
0
0
0
1682191509.39144
msg_begin
7.75744e+06
-364074
-2.71831
0.00635325
0.00484526
0.000555846
0
0
0
1682191509.44150
msg_begin
7.75744e+06
-364074
-2.71901
0.0137124
0.00147534
0.000140161
0
0
0
1682191509.49138
msg_begin
7.75744e+06
-364075
-2.71773
0.0124973
0.00936827
0.000389896
0
0
0
1682191509.54130
msg_begin
7.75744e+06
-364075
-2.7189
0.00623884
0.00274707
0.000406595
0
0
0
1682191509.59135
msg_begin
7.75744e+06
-364075
-2.72227
0.00234246
0.00196857
0.000520035
0
0
0
1682191509.64132
msg_begin
7.75744e+06
-364075
-2.72291
0.00395481
0.00323451
0.000301435
0
0
0
1682191509.69130
msg_begin
7.75744e+06
-364075
-2.72387
0.00609795
0.00637022
0.000618861
0
0
0
1682191509.74136
msg_begin
7.75744e+06
-364075
-2.72325
0.00242725
0.00275367
0.000169782
0
0
0
1682191509.79128
msg_begin
7.75744e+06
-364076
-2.7236
0.00340007
0.00316758
3.68811e-05
0
0
0
1682191509.84121
msg_begin
7.75744e+06
-364076
-2.72388
0.00829113
0.00692191
0.000436631
0
0
0
1682191509.89120
msg_begin
7.75744e+06
-364076
-2.72698
0.0260929
0.0116081
0.00078773
0
0
0
1682191509.94118
msg_begin
7.75744e+06
-364076
-2.72638
0.00819766
0.0132304
0.000597189
0
0
0
1682191509.99113
msg_begin
7.75744e+06
-364076
-2.72879
0.0221983
0.00868409
0.00019146
0
0
0
1682191510.04112
msg_begin
7.75744e+06
-364076
-2.72857
0.0265958
0.0179909
0.000383525
0
0
0
1682191510.09109
msg_begin
7.75744e+06
-364077
-2.72724
5.40167e-08
0
2.66454e-15
0
0
0
1682191510.14111
msg_begin
7.75744e+06
-364077
-2.72768
0.00604882
0.00797252
0.000291147
0
0
0
1682191510.19106
msg_begin
7.75744e+06
-364077
-2.73052
0.00964511
0.0109878
0.000702947
0
0
0
1682191510.24108
msg_begin
7.75744e+06
-364077
-2.73027
0.00457003
0.00177507
0.000266333
0
0
0
1682191510.29104
msg_begin
7.75744e+06
-364077
-2.73385
0.0145349
0.00453823
0.00134058
0
0
0
1682191510.34098
msg_begin
7.75744e+06
-364077
-2.73321
0.00323341
0.00538174
0.000350118
0
0
0
1682191510.39096
msg_begin
7.75744e+06
-364078
-2.73712
0.0149989
0.00637491
0.000347557
0
0
0
1682191510.44094
msg_begin
7.75744e+06
-364078
-2.73594
0.00365612
0.0022108
0.000104402
0
0
0
1682191510.49094
msg_begin
7.75744e+06
-364078
-2.73982
0.00275905
0.00151074
0.000250001
0
0
0
1682191510.54087
msg_begin
7.75744e+06
-364078
-2.74392
0.00428362
0.00329423
0.000301023
0
0
0
1682191510.59085
msg_begin
7.75744e+06
-364078
-2.74519
0.00748109
0.00599195
0.000171856
0
0
0
1682191510.64090
msg_begin
7.75743e+06
-364078
-2.74677
0.00442944
0.00207977
0.000298251
0
0
0
1682191510.69087
msg_begin
7.75743e+06
-364079
-2.74995
0.000756299
0.000810503
0.000105494
0
0
0
1682191510.74086
msg_begin
7.75743e+06
-364079
-2.75042
0.0342472
0.0187982
0.0010678
0
0
0
1682191510.79086
msg_begin
7.75743e+06
-364079
-2.75457
0.00762274
0.0086408
0.00171714
0
0
0
1682191510.84082
msg_begin
7.75743e+06
-364079
-2.7566
0.00208187
0.00369397
0.000277251
0
0
0
1682191510.89083
msg_begin
7.75743e+06
-364079
-2.75478
0.00119211
0.000972731
0.000116897
0
0
0
1682191510.94087
msg_begin
7.75743e+06
-364079
-2.75593
0.0009913
0.000598159
0.000175327
0
0
0
1682191510.99084
msg_begin
7.75743e+06
-364079
-2.75756
0.00328624
0.0023592
0.000268446
0
0
0
1682191511.04080
msg_begin
7.75743e+06
-364080
-2.75684
0.0146467
0.0113654
0.000730744
0
0
0
1682191511.09081
msg_begin
7.75743e+06
-364080
-2.75852
0.0140492
0.00542224
0.000629201
0
0
0
1682191511.14078
msg_begin
7.75743e+06
-364080
-2.75551
3.07336e-08
1.39698e-09
3.55271e-15
0
0
0
1682191511.19076
msg_begin
7.75743e+06
-364080
-2.76048
0.0145834
0.00663994
0.000916853
0
0
0
1682191511.24084
msg_begin
7.75743e+06
-364080
-2.7623
0.00374741
0.0109282
0.000583801
0
0
0
1682191511.29081
msg_begin
7.75743e+06
-364080
-2.76427
0.00510484
0.00310095
0.00038281
0
0
0
1682191511.34076
msg_begin
7.75743e+06
-364081
-2.76696
0.000707566
0.000532492
9.1525e-05
0
0
0
1682191511.39071
msg_begin
7.75743e+06
-364081
-2.76857
0.00654595
0.00275126
0.000938083
0
0
0
1682191511.44082
msg_begin
7.75743e+06
-364081
-2.76956
0.00652025
0.00905072
0.000452985
0
0
0
1682191511.49080
msg_begin
7.75743e+06
-364081
-2.76973
0.00583531
0.00863774
0.000383692
0
0
0
1682191511.54082
msg_begin
7.75743e+06
-364081
-2.77239
0.0026581
0.00492241
0.000290392
0
0
0
1682191511.59084
msg_begin
7.75743e+06
-364081
-2.77374
0.0119157
0.00201203
0.000831827
0
0
0
1682191511.64078
msg_begin
7.75743e+06
-364081
-2.77531
0.0233517
0.00220445
0.000695864
0
0
0
1682191511.69089
msg_begin
7.75743e+06
-364082
-2.77575
0.0202764
0.00543245
0.000450107
0
0
0
1682191511.74088
msg_begin
7.75743e+06
-364082
-2.7786
0.00810829
0.00303411
0.000282737
0
0
0
1682191511.79088
msg_begin
7.75743e+06
-364082
-2.78107
7.26432e-08
4.65661e-10
8.88178e-16
0
0
0
1682191511.84084
msg_begin
7.75743e+06
-364082
-2.78099
5.30854e-08
1.16415e-10
2.66454e-15
0
0
0
1682191511.89087
msg_begin
7.75743e+06
-364082
-2.78209
0.0191031
0.00553592
0.000931753
0
0
0
1682191511.94089
msg_begin
7.75743e+06
-364082
-2.78519
5.30854e-08
4.65661e-10
2.22045e-15
0
0
0
1682191511.99084
msg_begin
7.75743e+06
-364082
-2.78474
0.0169389
0.00733544
0.000734554
0
0
0
1682191512.04092
msg_begin
7.75742e+06
-364083
-2.78959
0.0118865
0.0110426
0.000726677
0
0
0
1682191512.09087
msg_begin
7.75742e+06
-364083
-2.7909
0.00476262
0.000788025
0.000549285
0
0
0
1682191512.14092
msg_begin
7.75742e+06
-364083
-2.7957
0.00721166
0.00538817
0.000215986
0
0
0
1682191512.19101
msg_begin
7.75742e+06
-364083
-2.79796
0.00645306
0.00638355
0.000714469
0
0
0
1682191512.24094
msg_begin
7.75742e+06
-364083
-2.79918
0.00392034
0.000445219
0.000127141
0
0
0
1682191512.29089
msg_begin
7.75742e+06
-364083
-2.80133
0.000180263
0.000135031
1.38039e-05
0
0
0
1682191512.34090
msg_begin
7.75742e+06
-364083
-2.80165
0.00184069
0.00135477
0.000161839
0
0
0
1682191512.39079
msg_begin
7.75742e+06
-364084
-2.80613
0.0112907
0.00464725
0.000428616
0
0
0
1682191512.44077
msg_begin
7.75742e+06
-364084
-2.80735
0.00118516
0.00318343
8.91813e-05
0
0
0
1682191512.49073
msg_begin
7.75742e+06
-364084
-2.81218
0.00769535
0.00807931
0.000496146
0
0
0
1682191512.54071
msg_begin
7.75742e+06
-364084
-2.81225
0.00232405
0.00388373
8.7208e-05
0
0
0
1682191512.59068
msg_begin
7.75742e+06
-364084
-2.81227
0.00290602
0.00451236
0.000171937
0
0
0
1682191512.64064
msg_begin
7.75742e+06
-364084
-2.81402
0.00627315
0.0125331
0.00115514
0
0
0
1682191512.69052
msg_begin
7.75742e+06
-364084
-2.81655
0.00187156
0.000612145
7.30305e-05
0
0
0
1682191512.74054
msg_begin
7.75742e+06
-364084
-2.81774
0.00813498
0.00724491
0.00114289
0
0
0
1682191512.79047
msg_begin
7.75742e+06
-364085
-2.81793
2.32831e-08
2.56114e-09
1.33227e-15
0
0
0
1682191512.84049
msg_begin
7.75742e+06
-364085
-2.81863
0.0128639
0.00841298
0.00057269
0
0
0
1682191512.89049
msg_begin
7.75742e+06
-364085
-2.82053
0.0272079
0.0127506
0.000349046
0
0
0
1682191512.94045
msg_begin
7.75742e+06
-364085
-2.82438
0.0248722
0.00834424
0.00054106
0
0
0
1682191512.99043
msg_begin
7.75742e+06
-364085
-2.8272
0.0148868
0.0115581
0.000750426
0
0
0
1682191513.04045
msg_begin
7.75742e+06
-364085
-2.82784
0.0108349
0.0117306
0.000485952
0
0
0
1682191513.09042
msg_begin
7.75742e+06
-364085
-2.82823
0.00968665
0.00335641
0.000585876
0
0
0
1682191513.14045
msg_begin
7.75742e+06
-364085
-2.83034
0.0112615
0.00425863
0.000794259
0
0
0
1682191513.19053
msg_begin
7.75742e+06
-364086
-2.83418
0.00301562
0.000115797
6.8691e-05
0
0
0
1682191513.24051
msg_begin
7.75742e+06
-364086
-2.83732
0.0119761
0.00701828
0.000814245
0
0
0
1682191513.29051
msg_begin
7.75742e+06
-364086
-2.84046
0.00672834
0.00293395
0.00035125
0
0
0
1682191513.34049
msg_begin
7.75742e+06
-364086
-2.84088
0.0010274
0.000540838
1.0856e-05
0
0
0
1682191513.39051
msg_begin
7.75742e+06
-364086
-2.84
0.00343809
0.00281254
0.000763885
0
0
0
1682191513.44053
msg_begin
7.75741e+06
-364086
-2.83897
0.00891917
0.0024578
0.000747764
0
0
0
1682191513.49056
msg_begin
7.75741e+06
-364086
-2.84055
0.00193901
0.0022505
0.000105528
0
0
0
1682191513.54062
msg_begin
7.75741e+06
-364086
-2.84247
0.000949271
0.0021075
3.52089e-05
0
0
0
1682191513.59063
msg_begin
7.75741e+06
-364086
-2.84435
0.00926595
0.00591999
0.000551114
0
0
0
1682191513.64065
msg_begin
7.75741e+06
-364086
-2.84872
0.0110105
0.0125322
0.00117532
0
0
0
1682191513.69069
msg_begin
7.75741e+06
-364087
-2.84988
0.000882694
1.23818e-05
6.75014e-05
0
0
0
1682191513.74071
msg_begin
7.75741e+06
-364087
-2.85104
0.00694325
0.00709655
0.000447944
0
0
0
1682191513.79065
msg_begin
7.75741e+06
-364087
-2.85094
0.0102385
0.00122282
0.000201663
0
0
0
1682191513.84064
msg_begin
7.75741e+06
-364087
-2.85035
6.89179e-08
2.79397e-09
1.77636e-15
0
0
0
1682191513.89066
msg_begin
7.75741e+06
-364087
-2.85157
0.0335489
0.00759228
0.00125274
0
0
0
1682191513.94065
msg_begin
7.75741e+06
-364087
-2.85192
0.0332291
0.0125105
0.00244939
0
0
0
1682191513.99065
msg_begin
7.75741e+06
-364087
-2.85965
0.00594282
0.00276454
0.000190311
0
0
0
1682191514.04068
msg_begin
7.75741e+06
-364087
-2.85835
0.00734233
0.00479835
0.000293113
0
0
0
1682191514.09056
msg_begin
7.75741e+06
-364087
-2.86059
0.00748171
0.0063943
0.000556823
0
0
0
1682191514.14056
msg_begin
7.75741e+06
-364088
-2.8603
0.00934895
0.00381766
0.00127019
0
0
0
1682191514.19061
msg_begin
7.75741e+06
-364088
-2.86523
0.0150741
0.00966586
0.000463199
0
0
0
1682191514.24058
msg_begin
7.75741e+06
-364088
-2.86705
0.00169324
0.00188369
6.63241e-05
0
0
0
1682191514.29054
msg_begin
7.75741e+06
-364088
-2.86822
0.0150735
0.013038
0.00134698
0
0
0
1682191514.34054
msg_begin
7.75741e+06
-364088
-2.87081
0.0334332
0.0127653
0.000998514
0
0
0
1682191514.39047
msg_begin
7.75741e+06
-364088
-2.87571
0.000386276
7.60425e-05
3.73793e-05
0
0
0
1682191514.44048
msg_begin
7.75741e+06
-364088
-2.87564
0.000759132
0.000300362
2.5466e-05
0
0
0
1682191514.49045
msg_begin
7.75741e+06
-364088
-2.87449
7.53552e-05
1.82715e-05
1.25568e-06
0
0
0
1682191514.54036
msg_begin
7.75741e+06
-364088
-2.87548
3.25963e-08
1.28057e-09
1.33227e-15
0
0
0
1682191514.59041
msg_begin
7.75741e+06
-364088
-2.87446
0.00757596
0.00497786
0.00045199
0
0
0
1682191514.64041
msg_begin
7.75741e+06
-364089
-2.87385
0.00393725
0.000846554
2.72868e-05
0
0
0
1682191514.69043
msg_begin
7.75741e+06
-364089
-2.87491
0.00880256
0.00285102
0.00042578
0
0
0
1682191514.74046
msg_begin
7.75741e+06
-364089
-2.87715
0.00880748
0.00261226
0.000450382
0
0
0
1682191514.79047
msg_begin
7.75741e+06
-364089
-2.87705
0.0194127
0.00531345
0.000497483
0
0
0
1682191514.84050
msg_begin
7.75741e+06
-364089
-2.87766
0.00564702
0.00559468
0.000357873
0
0
0
1682191514.89049
msg_begin
7.75741e+06
-364089
-2.87974
0.00514537
0.00381633
0.000359082
0
0
0
1682191514.94053
msg_begin
7.7574e+06
-364089
-2.88236
0.00544023
0.00520009
0.000729263
0
0
0
1682191514.99055
msg_begin
7.7574e+06
-364089
-2.88121
0.0229134
0.00518449
0.000363261
0
0
0
1682191515.04043
msg_begin
7.7574e+06
-364089
-2.88341
0.00822621
0.00177652
0.000538827
0
0
0
1682191515.09040
msg_begin
7.7574e+06
-364089
-2.88053
1.21072e-08
4.07454e-10
1.33227e-15
0
0
0
1682191515.14045
msg_begin
7.7574e+06
-364089
-2.88226
2.79397e-09
4.65661e-10
8.88178e-16
0
0
0
1682191515.19040
msg_begin
7.7574e+06
-364090
-2.88377
0.00113546
0.000909167
0.000145231
0
0
0
1682191515.24043
msg_begin
7.7574e+06
-364090
-2.8858
0.0295723
0.0186629
0.00204091
0
0
0
1682191515.29041
msg_begin
7.7574e+06
-364090
-2.88738
0.00378583
9.39021e-05
6.94845e-05
0
0
0
1682191515.34038
msg_begin
7.7574e+06
-364090
-2.88568
0.00262388
0.00385264
0.000168838
0
0
0
1682191515.39041
msg_begin
7.7574e+06
-364090
-2.88651
0.00260762
0.000349258
0.000351425
0
0
0
1682191515.44044
msg_begin
7.7574e+06
-364090
-2.89502
0.00512448
0.00122873
0.000307036
0
0
0
1682191515.49038
msg_begin
7.7574e+06
-364090
-2.89462
0.0136193
0.010133
0.00130767
0
0
0
1682191515.54040
msg_begin
7.7574e+06
-364090
-2.89664
0.016473
0.00843949
0.00152433
0
0
0
1682191515.59041
msg_begin
7.7574e+06
-364090
-2.89671
0.012273
0.00591151
0.00076292
0
0
0
1682191515.64042
msg_begin
7.7574e+06
-364090
-2.89793
4.47035e-08
3.20142e-09
0
0
0
0
1682191515.69044
msg_begin
7.7574e+06
-364090
-2.89803
0.0124464
0.0103928
0.00140131
0
0
0
1682191515.74038
msg_begin
7.7574e+06
-364091
-2.89774
0.0161169
0.00546731
0.00204636
0
0
0
1682191515.79044
msg_begin
7.7574e+06
-364091
-2.89533
0.00611747
0.00428114
0.000375664
0
0
0
1682191515.84045
msg_begin
7.7574e+06
-364091
-2.89508
0.00823946
0.00466479
0.00105342
0
0
0
1682191515.89036
msg_begin
7.7574e+06
-364091
-2.90014
0.00415846
0.0019338
0.000614079
0
0
0
1682191515.94038
msg_begin
7.7574e+06
-364091
-2.89975
0.00779108
0.00159164
0.000179741
0
0
0
1682191515.99031
msg_begin
7.7574e+06
-364091
-2.90089
0.00856228
0.00859775
0.00140267
0
0
0
1682191516.04039
msg_begin
7.7574e+06
-364091
-2.90316
0.00334508
0.00134221
0.000183585
0
0
0
1682191516.09038
msg_begin
7.7574e+06
-364091
-2.90551
0.00487649
0.00305568
0.0005049
0
0
0
1682191516.14040
msg_begin
7.7574e+06
-364091
-2.90593
0.0108205
0.00453536
0.00157614
0
0
0
1682191516.19034
msg_begin
7.7574e+06
-364091
-2.9049
0.0156735
0.00431573
0.00118839
0
0
0
1682191516.24037
msg_begin
7.7574e+06
-364091
-2.90628
6.61239e-08
2.2701e-09
4.44089e-16
0
0
0
1682191516.29033
msg_begin
7.7574e+06
-364092
-2.90802
0.00509864
0.00560583
0.00147738
0
0
0
1682191516.34028
msg_begin
7.7574e+06
-364092
-2.9051
0.000995826
0.00272218
0.00023402
0
0
0
1682191516.39023
msg_begin
7.75739e+06
-364092
-2.90607
0.00803316
0.00894212
0.00163841
0
0
0
1682191516.44023
msg_begin
7.75739e+06
-364092
-2.90778
0.0185661
0.00409463
0.000557167
0
0
0
1682191516.49022
msg_begin
7.75739e+06
-364092
-2.91042
0.02294
0.00953089
0.00063358
0
0
0
1682191516.54025
msg_begin
7.75739e+06
-364092
-2.91141
0.00633037
0.00729274
0.000413642
0
0
0
1682191516.59017
msg_begin
7.75739e+06
-364092
-2.91256
0.0125815
0.00976883
0.00167072
0
0
0
1682191516.64019
msg_begin
7.75739e+06
-364092
-2.91163
0.00340083
0.00109335
0.000279413
0
0
0
1682191516.69023
msg_begin
7.75739e+06
-364092
-2.91676
0.00434195
0.00211663
0.000364276
0
0
0
1682191516.74016
msg_begin
7.75739e+06
-364092
-2.91668
0.00482118
0.00262832
0.000277379
0
0
0
1682191516.79024
msg_begin
7.75739e+06
-364092
-2.92121
0.00209534
0.00206601
0.000125277
0
0
0
1682191516.84016
msg_begin
7.75739e+06
-364092
-2.92245
0.0060637
0.000683767
2.0013e-05
0
0
0
1682191516.89020
msg_begin
7.75739e+06
-364092
-2.92373
0.00410414
0.0039546
0.000345136
0
0
0
1682191516.94018
msg_begin
7.75739e+06
-364093
-2.92378
0.0167135
0.00880822
0.000871794
0
0
0
1682191516.99028
msg_begin
7.75739e+06
-364093
-2.92242
0.00376043
0.00261295
0.000115078
0
0
0
1682191517.04026
msg_begin
7.75739e+06
-364093
-2.92627
0.0197414
0.00788697
0.00116603
0
0
0
1682191517.09028
msg_begin
7.75739e+06
-364093
-2.92737
0.0156826
0.00233632
0.000220937
0
0
0
1682191517.14028
msg_begin
7.75739e+06
-364093
-2.92805
0.0131894
0.00454623
0.000577338
0
0
0
1682191517.19027
msg_begin
7.75739e+06
-364093
-2.92667
0.00412137
0.00183451
0.000147728
0
0
0
1682191517.24020
msg_begin
7.75739e+06
-364093
-2.92702
7.40023e-05
5.16612e-05
8.11493e-05
0
0
0
1682191517.29028
msg_begin
7.75739e+06
-364093
-2.92847
0.013195
0.00163528
0.000217486
0
0
0
1682191517.34028
msg_begin
7.75739e+06
-364093
-2.92635
0.00189543
0.000472673
0.000363366
0
0
0
1682191517.39029
msg_begin
7.75739e+06
-364093
-2.92982
0.0165806
0.00331352
0.00153919
0
0
0
1682191517.44044
msg_begin
7.75739e+06
-364093
-2.93183
0.00181048
0.00152096
8.9624e-05
0
0
0
1682191517.49040
msg_begin
7.75739e+06
-364093
-2.93233
0.0190866
0.00687392
0.000611123
0
0
0
1682191517.54035
msg_begin
7.75739e+06
-364094
-2.93719
0.014111
0.00518257
0.000334453
0
0
0
1682191517.59036
msg_begin
7.75739e+06
-364094
-2.93939
0.00953042
0.00519414
0.000952144
0
0
0
1682191517.64039
msg_begin
7.75739e+06
-364094
-2.93827
0.0136987
0.00608423
0.000344691
0
0
0
1682191517.69045
msg_begin
7.75739e+06
-364094
-2.93843
0.00758946
0.00682943
0.000342197
0
0
0
1682191517.74041
msg_begin
7.75739e+06
-364094
-2.94058
0.00698497
0.0029387
0.000248924
0
0
0
1682191517.79043
msg_begin
7.75739e+06
-364094
-2.94005
0.020914
0.0041332
0.000798514
0
0
0
1682191517.84046
msg_begin
7.75739e+06
-364094
-2.94026
0.00778546
0.00356188
0.000278509
0
0
0
1682191517.89043
msg_begin
7.75739e+06
-364094
-2.94065
0.00640454
0.00398819
0.000236012
0
0
0
1682191517.94047
msg_begin
7.75738e+06
-364094
-2.94403
0.00430502
0.000564007
0.000115397
0
0
0
1682191517.99063
msg_begin
7.75738e+06
-364094
-2.94499
0.013209
0.0034433
0.0001113
0
0
0
1682191518.04057
msg_begin
7.75738e+06
-364094
-2.94451
0.0334477
0.00865879
0.000879399
0
0
0
1682191518.09062
msg_begin
7.75738e+06
-364094
-2.94536
0.00724541
0.00421226
0.000277698
0
0
0
1682191518.14060
msg_begin
7.75738e+06
-364094
-2.94524
0.00865337
0.00147658
0.000634713
0
0
0
1682191518.19059
msg_begin
7.75738e+06
-364095
-2.94996
0.019074
0.00366289
0.00127129
0
0
0
1682191518.24061
msg_begin
7.75738e+06
-364095
-2.94735
0.00263145
0.00997214
0.000822412
0
0
0
1682191518.29060
msg_begin
7.75738e+06
-364095
-2.95032
0.0172862
0.0111327
0.00184579
0
0
0
1682191518.34057
msg_begin
7.75738e+06
-364095
-2.95038
0.000586834
0.00108348
0.000158676
0
0
0
1682191518.39061
msg_begin
7.75738e+06
-364095
-2.9538
0.0056375
0.00307278
0.000757867
0
0
0
1682191518.44056
msg_begin
7.75738e+06
-364095
-2.95014
0.00326295
0.00017212
0.000151897
0
0
0
1682191518.49061
msg_begin
7.75738e+06
-364095
-2.95548
0.0164346
0.00754225
0.00147281
0
0
0
1682191518.54060
msg_begin
7.75738e+06
-364095
-2.95701
0.0173104
0.00340444
0.00258932
0
0
0
1682191518.59059
msg_begin
7.75738e+06
-364095
-2.95435
0.00431396
0.00606033
0.000201911
0
0
0
1682191518.64064
msg_begin
7.75738e+06
-364095
-2.95852
0.00560176
0.00340176
0.000358666
0
0
0
1682191518.69069
msg_begin
7.75738e+06
-364095
-2.95608
0.00461202
0.00193957
0.000193214
0
0
0
1682191518.74070
msg_begin
7.75738e+06
-364095
-2.95528
0.00759294
0.00110048
0.000529101
0
0
0
1682191518.79083
msg_begin
7.75738e+06
-364095
-2.95612
0.0156554
0.0037825
0.000935996
0
0
0
1682191518.84073
msg_begin
7.75738e+06
-364095
-2.95595
0.00842705
0.0017084
0.000146583
0
0
0
1682191518.89081
msg_begin
7.75738e+06
-364095
-2.96032
0.000264169
0.00041013
2.19786e-06
0
0
0
1682191518.94079
msg_begin
7.75738e+06
-364096
-2.96087
0.0140746
0.00265889
0.000630272
0
0
0
1682191518.99080
msg_begin
7.75738e+06
-364096
-2.96117
0.0125964
0.00301159
0.000391008
0
0
0
1682191519.04079
msg_begin
7.75738e+06
-364096
-2.96191
0.0258175
0.0064574
0.00109618
0
0
0
1682191519.09083
msg_begin
7.75738e+06
-364096
-2.96539
0.0298601
0.00929023
0.000482576
0
0
0
1682191519.14083
msg_begin
7.75738e+06
-364096
-2.96794
0.00673872
0.00140969
0.000275001
0
0
0
1682191519.19085
msg_begin
7.75738e+06
-364096
-2.96727
0.00360449
0.0055364
0.000238184
0
0
0
1682191519.24085
msg_begin
7.75738e+06
-364096
-2.97002
0.0109344
0.00905881
0.000513422
0
0
0
1682191519.29079
msg_begin
7.75738e+06
-364096
-2.96866
0.00128661
0.000382881
6.56623e-05
0
0
0
1682191519.34080
msg_begin
7.75738e+06
-364096
-2.96898
0.0456003
0.00979943
0.00139802
0
0
0
1682191519.39082
msg_begin
7.75738e+06
-364096
-2.97096
0.00698045
0.00196513
0.000236093
0
0
0
1682191519.44082
msg_begin
7.75737e+06
-364096
-2.97364
0.00111029
0.00014099
0.000114217
0
0
0
1682191519.49081
msg_begin
7.75737e+06
-364096
-2.97593
0.0161057
0.00440631
0.000809981
0
0
0
1682191519.54079
msg_begin
7.75737e+06
-364096
-2.97096
0.00442181
0.00134673
0.000432161
0
0
0
1682191519.59075
msg_begin
7.75737e+06
-364096
-2.97361
0.000728189
0.000492308
3.34291e-05
0
0
0
1682191519.64078
msg_begin
7.75737e+06
-364096
-2.97545
0.00956823
0.00287557
0.000866073
0
0
0
1682191519.69081
msg_begin
7.75737e+06
-364096
-2.97509
0.00567624
0.00159994
0.000175772
0
0
0
1682191519.74081
msg_begin
7.75737e+06
-364096
-2.97775
0.0208282
0.00312522
0.000234389
0
0
0
1682191519.79085
msg_begin
7.75737e+06
-364096
-2.97814
0.00114993
0.00122396
3.38356e-05
0
0
0
1682191519.84078
msg_begin
7.75737e+06
-364097
-2.98017
0.000157743
3.39966e-06
5.49192e-06
0
0
0
1682191519.89081
msg_begin
7.75737e+06
-364097
-2.98129
0.0176573
0.00766365
0.000796242
0
0
0
1682191519.94085
msg_begin
7.75737e+06
-364097
-2.98487
0.0151307
0.00541906
0.000509717
0
0
0
1682191519.99079
msg_begin
7.75737e+06
-364097
-2.98602
0.0299775
0.00755839
0.00109519
0
0
0
1682191520.04081
msg_begin
7.75737e+06
-364097
-2.9844
0.0144715
0.00559182
0.000510663
0
0
0
1682191520.09084
msg_begin
7.75737e+06
-364097
-2.98468
4.65661e-09
2.79397e-09
4.44089e-16
0
0
0
1682191520.14082
msg_begin
7.75737e+06
-364097
-2.985
0.00917711
0.00428561
0.000440455
0
0
0
1682191520.24083
msg_begin
7.75737e+06
-364097
-2.98694
0.00357522
0.00236724
0.000410733
0
0
0
1682191520.29083
msg_begin
7.75737e+06
-364097
-2.9897
0.0216163
0.00250482
0.00161232
0
0
0
1682191520.34087
msg_begin
7.75737e+06
-364097
-2.98674
0.00272985
0.00180712
0.000520652
0
0
0
1682191520.39084
msg_begin
7.75737e+06
-364097
-2.99376
0.00646637
0.00171458
0.0001847
0
0
0
1682191520.44084
msg_begin
7.75737e+06
-364097
-2.99362
0.0121093
0.00381449
0.000308285
0
0
0
1682191520.49085
msg_begin
7.75737e+06
-364097
-2.994
0.000725546
0.00167591
0.000140857
0
0
0
1682191520.54082
msg_begin
7.75737e+06
-364097
-2.99468
0.00461143
6.31599e-05
5.08873e-06
0
0
0
1682191520.59085
msg_begin
7.75737e+06
-364097
-2.99466
0.000857318
0.00033414
1.41063e-05
0
0
0
1682191520.64086
msg_begin
7.75737e+06
-364097
-2.99572
0.00383539
0.00280292
0.000251592
0
0
0
1682191520.69085
msg_begin
7.75737e+06
-364097
-2.9954
0.00200975
0.00100636
6.29021e-05
0
0
0
1682191520.74087
msg_begin
7.75737e+06
-364098
-2.99463
0.0098513
0.00680403
0.000453359
0
0
0
1682191520.79098
msg_begin
7.75737e+06
-364098
-2.99453
0.0024608
0.0011984
4.08767e-05
0
0
0
1682191520.84090
msg_begin
7.75737e+06
-364098
-2.9967
0.000659336
0.00267071
0.000284758
0
0
0
1682191520.89093
msg_begin
7.75737e+06
-364098
-2.99419
0.0204794
0.00370153
0.000643734
0
0
0
1682191520.94090
msg_begin
7.75737e+06
-364098
-2.99546
0.00637546
0.00273983
0.00137289
0
0
0
1682191520.99094
msg_begin
7.75737e+06
-364098
-2.99896
0.00145141
0.000317722
7.66726e-05
0
0
0
1682191521.04090
msg_begin
7.75737e+06
-364098
-2.99899
0.00943544
0.00163923
0.000145037
0
0
0
1682191521.09096
msg_begin
7.75737e+06
-364098
-2.99753
0.00841433
0.00596485
0.000320368
0
0
0
1682191521.14091
msg_begin
7.75736e+06
-364098
-2.99898
0.00379859
0.00357446
0.000285589
0
0
0
1682191521.19091
msg_begin
7.75736e+06
-364098
-2.99935
6.51926e-09
8.73115e-10
8.88178e-16
0
0
0
1682191521.24095
msg_begin
7.75736e+06
-364098
-2.99852
5.58794e-09
5.23869e-10
4.44089e-16
0
0
0
1682191521.29093
msg_begin
7.75736e+06
-364098
-2.99877
0.0117356
0.00262243
0.000475662
0
0
0
1682191521.34096
msg_begin
7.75736e+06
-364098
-3.00176
0.00455087
0.00657695
0.000371867
0
0
0
1682191521.39091
msg_begin
7.75736e+06
-364098
-3.00109
0.0215356
0.00930055
0.000843566
0
0
0
1682191521.45058
msg_begin
7.75736e+06
-364098
-3.00379
0.00864543
0.00613477
0.000448063
0
0
0
1682191521.49089
msg_begin
7.75736e+06
-364098
-3.00417
0.0037216
0.00165198
0.00280326
0
0
0
1682191521.54090
msg_begin
7.75736e+06
-364098
-3.00102
1.86265e-09
0
4.44089e-16
0
0
0
1682191521.59093
msg_begin
7.75736e+06
-364098
-3.00103
0.00144447
0.000517304
8.53818e-05
0
0
0
1682191521.64091
msg_begin
7.75736e+06
-364098
-3.00235
0.00630168
0.00691641
0.000443056
0
0
0
1682191521.69094
msg_begin
7.75736e+06
-364098
-3.00088
0.00653419
0.00479485
0.00014834
0
0
0
1682191521.74091
msg_begin
7.75736e+06
-364098
-3.00094
0.0078337
0.0093227
0.000573654
0
0
0
1682191521.79094
msg_begin
7.75736e+06
-364098
-3.00038
0.00943188
0.0032395
0.000304964
0
0
0
1682191521.84094
msg_begin
7.75736e+06
-364098
-3.00099
2.70084e-08
1.92085e-09
1.33227e-15
0
0
0
1682191521.89095
msg_begin
7.75736e+06
-364098
-2.99926
9.31323e-10
2.67755e-09
8.88178e-16
0
0
0
1682191521.94102
msg_begin
7.75736e+06
-364098
-2.9985
0.00134809
0.00135726
3.13848e-05
0
0
0
1682191521.99104
msg_begin
7.75736e+06
-364098
-2.9985
0.00861714
0.00309658
0.000250274
0
0
0
1682191522.04099
msg_begin
7.75736e+06
-364099
-2.99955
0.00649903
0.00427069
0.000943593
0
0
0
1682191522.09096
msg_begin
7.75736e+06
-364099
-3.0025
0.0267438
0.00467253
0.000793124
0
0
0
1682191522.14103
msg_begin
7.75736e+06
-364099
-3.00128
0.0310769
0.0122044
0.00257576
0
0
0
1682191522.19098
msg_begin
7.75736e+06
-364099
-3.00289
0.0400379
0.016847
0.00111556
0
0
0
1682191522.24099
msg_begin
7.75736e+06
-364099
-3.00237
0.00214519
0.00468245
0.000308886
0
0
0
1682191522.29101
msg_begin
7.75736e+06
-364099
-3.00382
0.0163222
0.00740503
0.000644265
0
0
0
1682191522.34100
msg_begin
7.75736e+06
-364099
-3.00425
0.00284323
0.000965916
5.54366e-05
0
0
0
1682191522.39098
msg_begin
7.75736e+06
-364099
-3.00538
6.84609e-05
0.00130452
4.2798e-05
0
0
0
1682191522.44104
msg_begin
7.75736e+06
-364099
-3.00575
0.00599551
0.00530727
0.0013282
0
0
0
1682191522.49105
msg_begin
7.75736e+06
-364099
-3.00269
0.0137988
0.00586511
0.000932646
0
0
0
1682191522.54104
msg_begin
7.75736e+06
-364099
-3.00247
0.000691222
0.00584915
0.000458215
0
0
0
1682191522.59098
msg_begin
7.75736e+06
-364099
-3.00238
0.0115905
0.00368404
0.000389537
0
0
0
1682191522.64101
msg_begin
7.75736e+06
-364099
-3.003
0.00723708
0.00312204
0.000344663
0
0
0
1682191522.69096
msg_begin
7.75736e+06
-364099
-3.00247
0.0165924
0.00168407
0.000120302
0
0
0
1682191522.74090
msg_begin
7.75736e+06
-364099
-3.00266
0.00717944
0.00276333
0.000234438
0
0
0
1682191522.79090
msg_begin
7.75736e+06
-364099
-3.00337
0.00287597
0.0050053
0.000254969
0
0
0
1682191522.84085
msg_begin
7.75736e+06
-364099
-3.00433
0.00271219
0.00109434
0.000349414
0
0
0
1682191522.89086
msg_begin
7.75736e+06
-364099
-3.00647
0.00747043
0.00414447
0.000767282
0
0
0
1682191522.94078
msg_begin
7.75736e+06
-364099
-3.01362
0.00426365
0.00600678
0.000538706
0
0
0
1682191522.99077
msg_begin
7.75736e+06
-364099
-3.01375
0.0158006
0.0053689
0.00101211
0
0
0
1682191523.04076
msg_begin
7.75736e+06
-364099
-3.01141
0.00938171
0.00302505
0.000183469
0
0
0
1682191523.09080
msg_begin
7.75736e+06
-364099
-3.01177
0.018976
0.00625149
0.000525301
0
0
0
1682191523.14071
msg_begin
7.75736e+06
-364099
-3.01272
0.0279417
0.00875843
0.00145781
0
0
0
1682191523.19076
msg_begin
7.75736e+06
-364099
-3.01057
0.0111848
0.000469979
0.000288959
0
0
0
1682191523.24078
msg_begin
7.75736e+06
-364099
-3.01412
0.00245315
0.00163272
0.000185395
0
0
0
1682191523.29073
msg_begin
7.75736e+06
-364099
-3.01651
0.000921195
3.43387e-05
8.6853e-06
0
0
0
1682191523.34067
msg_begin
7.75736e+06
-364099
-3.02282
0.00280849
0.00144631
0.000249571
0
0
0
1682191523.39067
msg_begin
7.75735e+06
-364099
-3.02109
0.00484941
0.00111069
0.00035437
0
0
0
1682191523.44069
msg_begin
7.75735e+06
-364099
-3.02215
1.86265e-09
5.23869e-10
0
0
0
0
1682191523.49068
msg_begin
7.75735e+06
-364099
-3.02407
0.0119274
0.00296538
0.000219275
0
0
0
1682191523.54072
msg_begin
7.75735e+06
-364099
-3.02425
0.0119546
0.00243599
0.000772347
0
0
0
1682191523.59073
msg_begin
7.75735e+06
-364100
-3.02551
0.00471048
0.00163157
0.00059512
0
0
0
1682191523.64077
msg_begin
7.75735e+06
-364100
-3.03156
0.0150253
0.00514713
0.000972804
0
0
0
1682191523.69072
msg_begin
7.75735e+06
-364100
-3.03335
0.00395426
0.00158656
0.000467768
0
0
0
1682191523.74070
msg_begin
7.75735e+06
-364100
-3.03352
0.0103111
0.00349954
0.000532955
0
0
0
1682191523.79069
msg_begin
7.75735e+06
-364100
-3.0344
0.0109845
0.00320389
0.000513825
0
0
0
1682191523.84066
msg_begin
7.75735e+06
-364100
-3.03378
0.021764
0.0015443
0.000371798
0
0
0
1682191523.89064
msg_begin
7.75735e+06
-364100
-3.03608
0.0056346
0.00808081
0.000466593
0
0
0
1682191523.94062
msg_begin
7.75735e+06
-364100
-3.03724
0.0153785
0.00241995
0.00174075
0
0
0
1682191523.99058
msg_begin
7.75735e+06
-364100
-3.03595
0.0157125
0.00325873
0.00099584
0
0
0
1682191524.04060
msg_begin
7.75735e+06
-364100
-3.04044
0.0101603
0.00725718
0.00084517
0
0
0
1682191524.09055
msg_begin
7.75735e+06
-364100
-3.04132
0.00194644
8.30687e-05
0.000121217
0
0
0
1682191524.14060
msg_begin
7.75735e+06
-364100
-3.04154
0.00205999
0.0117276
0.000320637
0
0
0
1682191524.19059
msg_begin
7.75735e+06
-364100
-3.04141
0.00454773
0.00261031
0.000283706
0
0
0
1682191524.24058
msg_begin
7.75735e+06
-364100
-3.04449
0.00257824
0.000874418
7.5197e-05
0
0
0
1682191524.29058
msg_begin
7.75735e+06
-364100
-3.04546
0.0148968
0.00259602
0.000465036
0
0
0
1682191524.34062
msg_begin
7.75735e+06
-364100
-3.04754
0.0188679
0.00317868
0.000802459
0
0
0
1682191524.39062
msg_begin
7.75735e+06
-364100
-3.04894
0.000688878
0.000340035
7.80845e-05
0
0
0
1682191524.44061
msg_begin
7.75735e+06
-364100
-3.04835
0.0147218
0.00415946
0.00101504
0
0
0
1682191524.49056
msg_begin
7.75735e+06
-364100
-3.04781
0.00640514
0.00737035
0.00027302
0
0
0
1682191524.54054
msg_begin
7.75735e+06
-364100
-3.04835
0.00763231
0.00219548
0.000209726
0
0
0
1682191524.59057
msg_begin
7.75735e+06
-364100
-3.0515
0.00930075
0.00643102
0.000658454
0
0
0
1682191524.64056
msg_begin
7.75735e+06
-364100
-3.05223
0.00894608
0.00852443
0.000929047
0
0
0
1682191524.69058
msg_begin
7.75735e+06
-364100
-3.05393
0.017647
0.00228244
0.00116103
0
0
0
1682191524.74057
msg_begin
7.75735e+06
-364100
-3.05613
0.0120632
0.00613508
0.000530608
0
0
0
1682191524.79056
msg_begin
7.75735e+06
-364100
-3.05624
1.58325e-08
4.65661e-10
0
0
0
0
1682191524.84055
msg_begin
7.75735e+06
-364100
-3.05807
0.0033488
0.000837624
0.000102285
0
0
0
1682191524.89060
msg_begin
7.75735e+06
-364100
-3.06145
0.00263107
0.0011729
0.00032132
0
0
0
1682191524.94058
msg_begin
7.75735e+06
-364100
-3.06229
0.00628049
0.0024857
0.000422773
0
0
0
1682191524.99058
msg_begin
7.75735e+06
-364100
-3.06291
0.00723689
0.00295184
0.0012305
0
0
0
1682191525.04053
msg_begin
7.75735e+06
-364100
-3.06297
0.00718951
0.00192506
0.000596947
0
0
0
1682191525.09056
msg_begin
7.75735e+06
-364100
-3.064
0.0132348
0.00863244
0.00291017
0
0
0
1682191525.14050
msg_begin
7.75735e+06
-364100
-3.06656
0.000495333
0.00359308
0.000325185
0
0
0
1682191525.19053
msg_begin
7.75735e+06
-364100
-3.06754
0.0211619
0.0157323
0.00185812
0
0
0
1682191525.24043
msg_begin
7.75735e+06
-364100
-3.06922
0.0173981
0.0118863
0.00132206
0
0
0
1682191525.29047
msg_begin
7.75735e+06
-364100
-3.0685
0.0148485
0.00766569
0.000935599
0
0
0
1682191525.34043
msg_begin
7.75735e+06
-364100
-3.06947
0.0137012
0.00350976
0.00089543
0
0
0
1682191525.39041
msg_begin
7.75735e+06
-364100
-3.07166
0.0101789
0.000754183
0.00010785
0
0
0
1682191525.44040
msg_begin
7.75735e+06
-364100
-3.07397
0.00253126
0.00085866
0.000232072
0
0
0
1682191525.49035
msg_begin
7.75735e+06
-364100
-3.07498
0.0181916
0.0101059
0.00142944
0
0
0
1682191525.54036
msg_begin
7.75735e+06
-364100
-3.07452
0.00223128
0.00865124
0.000165757
0
0
0
1682191525.59035
msg_begin
7.75735e+06
-364100
-3.07611
6.42613e-08
2.32831e-09
0
0
0
0
1682191525.64034
msg_begin
7.75734e+06
-364101
-3.08179
0.0168467
0.00192314
0.000304311
0
0
0
1682191525.69039
msg_begin
7.75734e+06
-364101
-3.07886
0.00680326
0.000524469
0.000389324
0
0
0
1682191525.74028
msg_begin
7.75734e+06
-364101
-3.07879
0.0194754
0.0143504
0.00300302
0
0
0
1682191525.79033
msg_begin
7.75734e+06
-364101
-3.0753
0.00121557
0.00105405
2.89622e-05
0
0
0
1682191525.84028
msg_begin
7.75734e+06
-364101
-3.07982
0.00782183
0.00709952
0.00040829
0
0
0
1682191525.89039
msg_begin
7.75734e+06
-364101
-3.0816
0.00937423
0.00135565
0.000126006
0
0
0
1682191525.94041
msg_begin
7.75734e+06
-364101
-3.08499
0.00661557
0.00757477
0.000695147
0
0
0
1682191525.99035
msg_begin
7.75734e+06
-364101
-3.08592
0.00350912
0.00847123
0.000449016
0
0
0
1682191526.04035
msg_begin
7.75734e+06
-364101
-3.08287
0.00157707
0.00021762
8.22392e-05
0
0
0
1682191526.09041
msg_begin
7.75734e+06
-364101
-3.08332
0.00451051
0.00125943
0.000219859
0
0
0
1682191526.14039
msg_begin
7.75734e+06
-364101
-3.08491
0.00466019
0.00473271
0.000462744
0
0
0
1682191526.19036
msg_begin
7.75734e+06
-364101
-3.08318
0.00642209
0.00390604
0.000356856
0
0
0
1682191526.24037
msg_begin
7.75734e+06
-364101
-3.08733
0.0127276
0.00935896
0.000811557
0
0
0
1682191526.29038
msg_begin
7.75734e+06
-364101
-3.08897
0.00188105
0.00148905
0.00042654
0
0
0
1682191526.34043
msg_begin
7.75734e+06
-364101
-3.08932
0.00179208
0.00875017
0.000268221
0
0
0
1682191526.39045
msg_begin
7.75734e+06
-364101
-3.08989
0.00463868
0.000194421
4.00291e-05
0
0
0
1682191526.44045
msg_begin
7.75734e+06
-364101
-3.08999
5.86733e-08
8.73115e-10
4.44089e-16
0
0
0
1682191526.49041
msg_begin
7.75734e+06
-364101
-3.08972
0.00160528
0.000118738
9.13521e-05
0
0
0
1682191526.54044
msg_begin
7.75734e+06
-364101
-3.09429
0.00606447
0.00590632
0.000606066
0
0
0
1682191526.59039
msg_begin
7.75734e+06
-364101
-3.09174
0.0112638
0.00564414
0.000707856
0
0
0
1682191526.64041
msg_begin
7.75734e+06
-364101
-3.0933
0.00775356
0.00751771
0.00058362
0
0
0
1682191526.69037
msg_begin
7.75734e+06
-364101
-3.09452
0.00262787
0.00100008
0.000111094
0
0
0
1682191526.74037
msg_begin
7.75734e+06
-364101
-3.09457
0.0285668
0.00121265
8.49783e-05
0
0
0
1682191526.79037
msg_begin
7.75734e+06
-364101
-3.09787
4.28408e-08
2.61934e-09
4.44089e-16
0
0
0
1682191526.84033
msg_begin
7.75734e+06
-364101
-3.09795
0.00986659
0.00783904
0.000780823
0
0
0
1682191526.89036
msg_begin
7.75734e+06
-364101
-3.09843
0.00175141
0.00086731
0.000227875
0
0
0
1682191526.94030
msg_begin
7.75734e+06
-364101
-3.1004
0.00444402
0.00312967
0.000961196
0
0
0
1682191526.99030
msg_begin
7.75734e+06
-364101
-3.09987
0.021144
0.0065046
0.00121494
0
0
0
1682191527.04029
msg_begin
7.75734e+06
-364101
-3.09969
6.20913e-05
0.000905077
0.000145605
0
0
0
1682191527.09026
msg_begin
7.75734e+06
-364101
-3.10105
0.00228725
0.00229412
0.000350103
0
0
0
1682191527.14025
msg_begin
7.75734e+06
-364101
-3.10046
0.005525
0.00171698
0.000445171
0
0
0
1682191527.19028
msg_begin
7.75734e+06
-364101
-3.10645
0.0155142
0.00240961
0.000380725
0
0
0
1682191527.24027
msg_begin
7.75734e+06
-364101
-3.10957
0.000270868
0.000407259
6.30615e-06
0
0
0
1682191527.29019
msg_begin
7.75734e+06
-364101
-3.10928
0.00230592
0.0131172
5.53824e-05
0
0
0
1682191527.34023
msg_begin
7.75734e+06
-364101
-3.11085
8.56817e-08
1.57161e-09
0
0
0
0
1682191527.39039
msg_begin
7.75734e+06
-364101
-3.10907
0.0159307
0.00476024
0.00104535
0
0
0
1682191527.44026
msg_begin
7.75734e+06
-364101
-3.10658
1.30915e-05
8.70779e-05
9.34705e-05
0
0
0
1682191527.49022
msg_begin
7.75734e+06
-364101
-3.10779
0.00381108
0.0012765
0.000208074
0
0
0
1682191527.54034
msg_begin
7.75733e+06
-364101
-3.11327
0.0218581
0.00363411
0.00124796
0
0
0
1682191527.59047
msg_begin
7.75733e+06
-364101
-3.11441
0.00686334
0.00139934
0.000330064
0
0
0
1682191527.64027
msg_begin
7.75733e+06
-364101
-3.12056
0.0135332
0.00916834
0.000756615
0
0
0
1682191527.69029
msg_begin
7.75733e+06
-364101
-3.11937
0.0113057
0.00238327
0.000209848
0
0
0
1682191527.74026
msg_begin
7.75733e+06
-364101
-3.12219
0.0416228
0.00131621
0.000292174
0
0
0
1682191527.79025
msg_begin
7.75733e+06
-364101
-3.1239
0.0194769
0.0037125
0.00361107
0
0
0
1682191527.84026
msg_begin
7.75733e+06
-364101
-3.12753
0.00363887
0.00630116
0.000782848
0
0
0
1682191527.89026
msg_begin
7.75733e+06
-364101
-3.12837
0.0227816
0.0100382
0.00134398
0
0
0
1682191527.94026
msg_begin
7.75733e+06
-364101
-3.13022
0.00813826
0.0034891
0.000279921
0
0
0
1682191527.99050
msg_begin
7.75733e+06
-364101
-3.1369
0.0124923
0.00688449
0.000664831
0
0
0
1682191528.04026
msg_begin
7.75733e+06
-364101
-3.13825
0.0102473
0.00891155
0.000671084
0
0
0
1682191528.09032
msg_begin
7.75733e+06
-364101
-3.13982
0.00104223
0.00655316
0.000271983
0
0
0
1682191528.14040
msg_begin
7.75733e+06
-364101
3.13526
0.000965286
0.00049194
7.97367e-06
0
0
0
1682191528.19057
msg_begin
7.75733e+06
-364101
3.13484
0.000352921
0.00244961
6.75822e-05
0
0
0
1682191528.24050
msg_begin
7.75733e+06
-364101
3.13398
0.0056226
0.000710457
6.45049e-05
0
0
0
1682191528.29055
msg_begin
7.75733e+06
-364101
3.13271
0.00404752
0.00347082
0.000469064
0
0
0
1682191528.34055
msg_begin
7.75733e+06
-364101
3.13379
1.76951e-08
0
0
0
0
0
1682191528.39086
msg_begin
7.75733e+06
-364101
3.13122
6.98492e-08
1.16415e-10
0
0
0
0
1682191528.44061
msg_begin
7.75733e+06
-364101
3.13025
0.00348068
0.00453484
0.000732972
0
0
0
1682191528.49064
msg_begin
7.75733e+06
-364101
3.12889
0.00183499
0.00307071
0.000210837
0
0
0
1682191528.54058
msg_begin
7.75733e+06
-364101
3.12379
0.00435918
0.00421818
0.00015962
0
0
0
1682191528.59080
msg_begin
7.75733e+06
-364101
3.11679
1.67638e-08
2.32831e-09
4.44089e-16
0
0
0
1682191528.64050
msg_begin
7.75733e+06
-364101
3.11146
0.000799531
0.000154525
6.03414e-05
0
0
0
1682191528.69057
msg_begin
7.75733e+06
-364101
3.10983
0.00789157
0.00131989
0.000132525
0
0
0
1682191528.74052
msg_begin
7.75733e+06
-364101
3.1116
0.00598951
0.00497256
0.00047277
0
0
0
1682191528.79042
msg_begin
7.75733e+06
-364101
3.10474
0.00230973
0.00221178
0.000204545
0
0
0
1682191528.84044
msg_begin
7.75733e+06
-364101
3.10154
0.0134607
0.00379969
0.000676449
0
0
0
1682191528.89041
msg_begin
7.75733e+06
-364101
3.10019
0.013364
0.00675338
0.00132065
0
0
0
1682191528.94042
msg_begin
7.75733e+06
-364101
3.10051
4.65661e-09
2.67755e-09
4.44089e-16
0
0
0
1682191528.99082
msg_begin
7.75733e+06
-364101
3.09431
0.00190096
0.000758292
9.52309e-06
0
0
0
1682191529.04041
msg_begin
7.75733e+06
-364101
3.09307
0.00375697
0.00610523
0.000120295
0
0
0
1682191529.09046
msg_begin
7.75733e+06
-364101
3.09225
0.00188616
0.00272104
0.000319064
0
0
0
1682191529.14046
msg_begin
7.75733e+06
-364101
3.09271
4.05773e-05
0.00051646
3.46163e-06
0
0
0
1682191529.19107
msg_begin
7.75732e+06
-364101
3.09088
0.0111479
0.00260594
0.000998077
0
0
0
1682191529.24050
msg_begin
7.75732e+06
-364101
3.08427
0.00420463
0.0012412
0.000234431
0
0
0
1682191529.29056
msg_begin
7.75732e+06
-364101
3.08228
0.0324904
0.00648872
0.00127069
0
0
0
1682191529.34063
msg_begin
7.75732e+06
-364101
3.08259
0.00879647
0.00639173
0.000529943
0
0
0
1682191529.39087
msg_begin
7.75732e+06
-364101
3.0789
0.0172149
0.0136626
0.00106061
0
0
0
1682191529.44066
msg_begin
7.75732e+06
-364101
3.0756
0.00141268
0.000320864
0.00019377
0
0
0
1682191529.49073
msg_begin
7.75732e+06
-364101
3.07303
0.0163086
0.00555824
0.000512461
0
0
0
1682191529.54072
msg_begin
7.75732e+06
-364101
3.06979
0.0172665
0.00793275
0.00067053
0
0
0
1682191529.59093
msg_begin
7.75732e+06
-364101
3.06695
9.31323e-09
1.33878e-09
4.44089e-16
0
0
0
1682191529.64077
msg_begin
7.75732e+06
-364101
3.06549
0.00793105
0.00136949
0.000246753
0
0
0
1682191529.69073
msg_begin
7.75732e+06
-364101
3.06395
0.00282155
0.00518521
0.000292686
0
0
0
1682191529.74072
msg_begin
7.75732e+06
-364101
3.06439
0.00287973
0.00576885
0.000213251
0
0
0
1682191529.79134
msg_begin
7.75732e+06
-364101
3.06407
0.00968644
0.00338735
0.000315534
0
0
0
1682191529.84067
msg_begin
7.75732e+06
-364101
3.06203
0.00818231
0.0152383
0.00122484
0
0
0
1682191529.89065
msg_begin
7.75732e+06
-364101
3.06345
0.00606183
0.00582502
0.000592086
0
0
0
1682191529.94062
msg_begin
7.75732e+06
-364101
3.06105
0.00963572
0.00377081
0.00045274
0
0
0
1682191529.99064
msg_begin
7.75732e+06
-364101
3.05702
0.00299883
0.00202674
0.000116499
0
0
0
1682191530.04064
msg_begin
7.75732e+06
-364101
3.06267
0.00914181
0.00178827
0.0008804
0
0
0
1682191530.09063
msg_begin
7.75732e+06
-364101
3.06375
0.00776412
0.00373402
0.000858094
0
0
0
1682191530.14065
msg_begin
7.75732e+06
-364101
3.06036
0.00417682
0.000774558
8.5912e-05
0
0
0
1682191530.19082
msg_begin
7.75732e+06
-364101
3.05824
0.0134553
0.00147988
0.00093262
0
0
0
1682191530.24060
msg_begin
7.75732e+06
-364101
3.05848
3.81842e-08
2.38651e-09
4.44089e-16
0
0
0
1682191530.29060
msg_begin
7.75732e+06
-364101
3.05539
0.0072494
0.00311974
0.000741364
0
0
0
1682191530.34056
msg_begin
7.75732e+06
-364101
3.05649
7.45058e-08
3.08501e-09
0
0
0
0
1682191530.39055
msg_begin
7.75732e+06
-364101
3.05641
0.00449541
0.00162311
0.000240021
0
0
0
1682191530.44055
msg_begin
7.75732e+06
-364101
3.05504
0.0215942
0.0011457
0.000898487
0
0
0
1682191530.49059
msg_begin
7.75732e+06
-364101
3.05245
0.0334269
0.00337065
0.00132522
0
0
0
1682191530.54051
msg_begin
7.75732e+06
-364101
3.05499
0
1.10595e-09
0
0
0
0
1682191530.59091
msg_begin
7.75732e+06
-364101
3.05679
7.17118e-08
5.23869e-10
4.44089e-16
0
0
0
1682191530.64048
msg_begin
7.75732e+06
-364101
3.0555
0.0112515
0.00371072
0.000611456
0
0
0
1682191530.69058
msg_begin
7.75732e+06
-364101
3.05272
0.0318001
0.00490738
0.00190858
0
0
0
1682191530.74060
msg_begin
7.75732e+06
-364101
3.05427
0.0151856
0.00193679
0.000628217
0
0
0
1682191530.79110
msg_begin
7.75732e+06
-364101
3.05333
0.0117755
0.00422935
0.00055941
0
0
0
1682191530.84062
msg_begin
7.75732e+06
-364100
3.05104
0.0284081
0.00379312
0.000809556
0
0
0
1682191530.89067
msg_begin
7.75731e+06
-364100
3.05262
0.00205368
0.00426574
0.000154269
0
0
0
1682191530.94062
msg_begin
7.75731e+06
-364100
3.05156
0.00894708
0.000691473
0.000163733
0
0
0
1682191530.99085
msg_begin
7.75731e+06
-364100
3.05075
0.000352231
0.000388467
3.86386e-05
0
0
0
1682191531.04063
msg_begin
7.75731e+06
-364100
3.05226
0.0195754
0.0013823
0.000998875
0
0
0
1682191531.09068
msg_begin
7.75731e+06
-364100
3.05023
0.0115564
0.00733361
0.00100819
0
0
0
1682191531.14066
msg_begin
7.75731e+06
-364100
3.05057
0.0135379
0.00791482
0.000586033
0
0
0
1682191531.19104
msg_begin
7.75731e+06
-364100
3.04942
0.0233897
0.00276475
0.000728773
0
0
0
1682191531.24063
msg_begin
7.75731e+06
-364100
3.051
0.00635948
0.00179099
0.000218546
0
0
0
1682191531.29064
msg_begin
7.75731e+06
-364100
3.05053
0.00867293
0.00117424
0.000314365
0
0
0
1682191531.34069
msg_begin
7.75731e+06
-364100
3.05009
0.00730453
0.00134584
0.000493335
0
0
0
1682191531.39105
msg_begin
7.75731e+06
-364100
3.05058
0.0014379
0.000597365
5.90078e-05
0
0
0
1682191531.44074
msg_begin
7.75731e+06
-364100
3.04971
0.00747087
0.00469218
0.000536442
0
0
0
1682191531.49089
msg_begin
7.75731e+06
-364100
3.0477
0.000455244
0.000792813
1.10973e-05
0
0
0
1682191531.54089
msg_begin
7.75731e+06
-364100
3.04793
0.00340492
0.0123053
0.000435054
0
0
0
1682191531.59130
msg_begin
7.75731e+06
-364100
3.04779
0.00483191
0.00871772
0.000305631
0
0
0
1682191531.64095
msg_begin
7.75731e+06
-364100
3.04829
0.00434285
0.00801215
0.000483582
0
0
0
1682191531.69097
msg_begin
7.75731e+06
-364100
3.0454
0.0073921
0.00584063
0.00125749
0
0
0
1682191531.74099
msg_begin
7.75731e+06
-364100
3.04407
0.0114402
0.0112228
0.00120394
0
0
0
1682191531.79148
msg_begin
7.75731e+06
-364100
3.04218
0.0035645
0.000600251
0.000297175
0
0
0
1682191531.84111
msg_begin
7.75731e+06
-364100
3.04204
0.00323902
0.00140722
0.000178591
0
0
0
1682191531.89107
msg_begin
7.75731e+06
-364100
3.04069
0.00863101
0.00905774
0.000393999
0
0
0
1682191531.94109
msg_begin
7.75731e+06
-364100
3.0405
0.0282722
0.003162
0.000533892
0
0
0
1682191531.99156
msg_begin
7.75731e+06
-364100
3.04073
0.00206132
0.00222657
0.00033146
0
0
0
1682191532.04107
msg_begin
7.75731e+06
-364100
3.04108
0.00574535
0.00189996
0.000266798
0
0
0
1682191532.09104
msg_begin
7.75731e+06
-364100
3.04108
0.00940364
0.00145282
0.000120591
0
0
0
1682191532.14108
msg_begin
7.75731e+06
-364100
3.04381
1.86265e-08
2.73576e-09
8.88178e-16
0
0
0
1682191532.19160
msg_begin
7.75731e+06
-364100
3.04257
0.00372558
0.00503343
0.000233125
0
0
0
1682191532.24112
msg_begin
7.75731e+06
-364100
3.04114
0.0205602
0.0121896
0.001448
0
0
0
1682191532.29113
msg_begin
7.75731e+06
-364100
3.0396
8.6613e-08
2.73576e-09
4.44089e-16
0
0
0
1682191532.34113
msg_begin
7.75731e+06
-364100
3.03855
0.0123265
0.00720472
0.000938589
0
0
0
1682191532.39156
msg_begin
7.75731e+06
-364100
3.03673
0.00457482
0.000383066
0.000111659
0
0
0
1682191532.44111
msg_begin
7.75731e+06
-364100
3.03397
0.0186339
0.00465527
0.00102744
0
0
0
1682191532.49110
msg_begin
7.75731e+06
-364100
3.03472
0.0192463
0.0065768
0.00172059
0
0
0
1682191532.54111
msg_begin
7.75731e+06
-364100
3.03375
0.00714114
0.00613049
0.000605436
0
0
0
1682191532.59158
msg_begin
7.75731e+06
-364100
3.03356
0.0106513
0.00814449
0.00042292
0
0
0
1682191532.64103
msg_begin
7.75731e+06
-364100
3.03426
0.0195747
0.0036834
0.00033238
0
0
0
1682191532.69104
msg_begin
7.75731e+06
-364100
3.03235
0.0164838
0.00807133
0.000491199
0
0
0
1682191532.74102
msg_begin
7.75731e+06
-364100
3.03143
0.0209997
0.00436295
0.000598801
0
0
0
1682191532.79105
msg_begin
7.75731e+06
-364100
3.03123
0.00568256
0.00159787
0.000344076
0
0
0
1682191532.84104
msg_begin
7.75731e+06
-364100
3.02912
0.00623718
0.00271133
0.00170844
0
0
0
1682191532.89103
msg_begin
7.75731e+06
-364100
3.02984
0.00193079
0.000842731
0.000143727
0
0
0
1682191532.94106
msg_begin
7.75731e+06
-364100
3.03083
0.0204179
0.00628655
0.000674298
0
0
0
1682191532.99151
msg_begin
7.75731e+06
-364100
3.03104
0.0123851
0.00808157
0.000794456
0
0
0
1682191533.04104
msg_begin
7.75731e+06
-364100
3.02944
0.00770005
0.00493987
0.00059065
0
0
0
1682191533.09104
msg_begin
7.75731e+06
-364100
3.0292
0.00905038
0.00240231
0.000583171
0
0
0
1682191533.14107
msg_begin
7.7573e+06
-364100
3.02866
0.0149035
0.00345199
0.000828205
0
0
0
1682191533.19112
msg_begin
7.7573e+06
-364100
3.02885
0.0295292
0.00340088
0.000621937
0
0
0
1682191533.24104
msg_begin
7.7573e+06
-364100
3.02778
0.00952044
0.00616822
0.000888783
0
0
0
1682191533.29104
msg_begin
7.7573e+06
-364100
3.02761
0.00176869
0.000666517
2.71001e-05
0
0
0
1682191533.34111
msg_begin
7.7573e+06
-364100
3.0272
0.00734235
0.00137436
0.000382903
0
0
0
1682191533.39140
msg_begin
7.7573e+06
-364100
3.02596
0.00816427
0.00543405
0.000492305
0
0
0
1682191533.44105
msg_begin
7.7573e+06
-364100
3.02639
0.0150914
0.0084008
0.000642581
0
0
0
1682191533.49109
msg_begin
7.7573e+06
-364099
3.02504
0.0146662
0.00267724
0.000966334
0
0
0
1682191533.54103
msg_begin
7.7573e+06
-364099
3.02396
0.0170291
0.00333233
0.00098403
0
0
0
1682191533.59140
msg_begin
7.7573e+06
-364099
3.0253
0.00322983
0.00285966
0.000242825
0
0
0
1682191533.64099
msg_begin
7.7573e+06
-364099
3.02372
0.00981849
0.0117625
0.000479273
0
0
0
1682191533.69098
msg_begin
7.7573e+06
-364099
3.02412
0.0173355
0.00228078
0.000292622
0
0
0
1682191533.74098
msg_begin
7.7573e+06
-364099
3.02448
0.00611112
0.00304819
0.000583207
0
0
0
1682191533.79135
msg_begin
7.7573e+06
-364099
3.02382
0.000797582
0.00119339
8.80229e-05
0
0
0
1682191533.84090
msg_begin
7.7573e+06
-364099
3.02294
0.0164685
0.00219306
0.000243092
0
0
0
1682191533.89091
msg_begin
7.7573e+06
-364099
3.02156
0.0063615
0.00256798
0.000294217
0
0
0
1682191533.94090
msg_begin
7.7573e+06
-364099
3.0208
0.00737306
0.00241976
0.000212619
0
0
0
1682191533.99115
msg_begin
7.7573e+06
-364099
3.01967
0.0291359
0.00514763
0.000518677
0
0
0
1682191534.04089
msg_begin
7.7573e+06
-364099
3.02069
0.012253
0.00185915
0.000472411
0
0
0
1682191534.09091
msg_begin
7.7573e+06
-364099
3.01993
0.0068955
0.002342
0.000106019
0
0
0
1682191534.14088
msg_begin
7.7573e+06
-364099
3.01606
0.00337379
0.00384636
0.000231934
0
0
0
1682191534.19132
msg_begin
7.7573e+06
-364099
3.0152
0.0141638
0.00546405
0.000858127
0
0
0
1682191534.24092
msg_begin
7.7573e+06
-364099
3.01565
0.0234941
0.0100271
0.000872349
0
0
0
1682191534.29095
msg_begin
7.7573e+06
-364099
3.01691
5.40167e-08
3.08501e-09
4.44089e-16
0
0
0
1682191534.34092
msg_begin
7.7573e+06
-364099
3.01459
0.010222
0.00426113
0.000430842
0
0
0
1682191534.39123
msg_begin
7.7573e+06
-364099
3.01321
0.0146514
0.00588314
0.00184058
0
0
0
1682191534.44092
msg_begin
7.7573e+06
-364099
3.01219
0.00160939
0.00186295
0.000258788
0
0
0
1682191534.49092
msg_begin
7.7573e+06
-364099
3.01365
0.00371457
0.00303596
0.000875361
0
0
0
1682191534.54090
msg_begin
7.7573e+06
-364099
3.01306
0.0160858
0.00395423
0.00101187
0
0
0
1682191534.59109
msg_begin
7.7573e+06
-364099
3.01185
0.0253865
0.0069895
0.00193289
0
0
0
1682191534.64077
msg_begin
7.7573e+06
-364099
3.01056
0.0150535
0.0112522
0.00164291
0
0
0
1682191534.69078
msg_begin
7.7573e+06
-364099
3.01089
0.0114673
0.00885135
0.000920558
0
0
0
1682191534.74083
msg_begin
7.7573e+06
-364099
3.00932
0.0232142
0.00673788
0.00091972
0
0
0
1682191534.79099
msg_begin
7.7573e+06
-364099
3.00768
0.0119476
0.00519483
0.000744377
0
0
0
1682191534.84080
msg_begin
7.7573e+06
-364099
3.00798
0.00455646
0.00376446
0.000379193
0
0
0
1682191534.89082
msg_begin
7.7573e+06
-364099
3.00731
0.0205368
0.00545485
0.000645096
0
0
0
1682191534.94079
msg_begin
7.7573e+06
-364099
3.00655
0.00717584
0.00724906
0.000733403
0
0
0
1682191534.99092
msg_begin
7.7573e+06
-364099
3.00675
0.0317855
0.00291868
0.000846905
0
0
0
1682191535.04085
msg_begin
7.7573e+06
-364099
3.00373
1.86265e-09
9.31323e-10
1.33227e-15
0
0
0
1682191535.09076
msg_begin
7.7573e+06
-364099
3.00462
0.00279996
0.00116508
0.000115773
0
0
0
1682191535.14078
msg_begin
7.7573e+06
-364099
3.00412
0.0320961
0.00258898
0.000243665
0
0
0
1682191535.19081
msg_begin
7.75729e+06
-364099
3.00242
0.00316859
0.00103842
0.000322025
0
0
0
1682191535.24078
msg_begin
7.75729e+06
-364098
3.00502
0.0335958
0.00541777
0.00119573
0
0
0
1682191535.29085
msg_begin
7.75729e+06
-364098
3.00107
0.0176703
0.00486872
0.0009512
0
0
0
1682191535.34084
msg_begin
7.75729e+06
-364098
2.99919
0.00816599
0.00082702
1.38299e-05
0
0
0
1682191535.39086
msg_begin
7.75729e+06
-364098
2.99861
0.0121658
0.00372849
0.000531908
0
0
0
1682191535.44088
msg_begin
7.75729e+06
-364098
2.99482
0.00849768
0.00473172
0.00068389
0
0
0
1682191535.49089
msg_begin
7.75729e+06
-364098
2.99858
0.0300033
0.0100986
0.000521252
0
0
0
1682191535.54089
msg_begin
7.75729e+06
-364098
2.99722
0.00719647
0.00969752
0.00096475
0
0
0
1682191535.59144
msg_begin
7.75729e+06
-364098
2.99734
0.00436275
0.00312196
0.000309133
0
0
0
1682191535.64086
msg_begin
7.75729e+06
-364098
2.99282
0.0177805
0.00260302
0.000492918
0
0
0
1682191535.69092
msg_begin
7.75729e+06
-364098
2.99031
0.0113246
0.00189848
0.00105638
0
0
0
1682191535.74082
msg_begin
7.75729e+06
-364098
2.9913
0.0377819
0.0110833
0.000985003
0
0
0
1682191535.79117
msg_begin
7.75729e+06
-364098
2.99029
0.0106655
0.00649426
0.00125659
0
0
0
1682191535.84088
msg_begin
7.75729e+06
-364098
2.99295
0.00528246
0.00177492
0.000184568
0
0
0
1682191535.89090
msg_begin
7.75729e+06
-364098
2.99073
0.00277503
0.00340302
0.000239615
0
0
0
1682191535.94081
msg_begin
7.75729e+06
-364098
2.99078
0.00614574
0.00322739
0.000253355
0
0
0
1682191535.99138
msg_begin
7.75729e+06
-364098
2.99024
0.00469344
0.00698061
0.000547111
0
0
0
1682191536.04083
msg_begin
7.75729e+06
-364098
2.99034
0.00169484
0.000222445
9.18219e-05
0
0
0
1682191536.09086
msg_begin
7.75729e+06
-364098
2.99206
0.0326866
0.00565254
0.00184495
0
0
0
1682191536.14082
msg_begin
7.75729e+06
-364098
2.9905
0.0064805
0.00499085
0.000912317
0
0
0
1682191536.19136
msg_begin
7.75729e+06
-364098
2.99027
0.00220655
0.00170385
0.000184591
0
0
0
1682191536.24090
msg_begin
7.75729e+06
-364098
2.98657
0.0221474
0.00958859
0.000469456
0
0
0
1682191536.29088
msg_begin
7.75729e+06
-364098
2.98832
0.0415179
0.00769984
0.00083171
0
0
0
1682191536.34100
msg_begin
7.75729e+06
-364098
2.98751
0.0472854
0.0124281
0.000815764
0
0
0
1682191536.39097
msg_begin
7.75729e+06
-364098
2.98953
0.0235073
0.00619307
0.00107777
0
0
0
1682191536.44091
msg_begin
7.75729e+06
-364098
2.9846
0.0362672
0.00876103
0.00148747
0
0
0
1682191536.49096
msg_begin
7.75729e+06
-364098
2.98371
0.0096253
0.00296499
0.00053074
0
0
0
1682191536.54089
msg_begin
7.75729e+06
-364097
2.98487
0.00248061
0.00183046
0.000451544
0
0
0
1682191536.59108
msg_begin
7.75729e+06
-364097
2.98673
0.00126812
0.000228194
2.83785e-06
0
0
0
1682191536.64082
msg_begin
7.75729e+06
-364097
2.98638
0.00624572
0.00471809
0.000436824
0
0
0
1682191536.69087
msg_begin
7.75729e+06
-364097
2.98337
0.00972778
0.00499235
0.000725913
0
0
0
1682191536.74078
msg_begin
7.75729e+06
-364097
2.98327
0.00822964
0.00346464
0.000292715
0
0
0
1682191536.79083
msg_begin
7.75729e+06
-364097
2.98333
0.000940876
0.00109199
2.82035e-05
0
0
0
1682191536.84080
msg_begin
7.75729e+06
-364097
2.98491
0.0318899
0.00857623
0.000859902
0
0
0
1682191536.89079
msg_begin
7.75728e+06
-364097
2.98325
0.00214297
0.000240953
0.000213453
0
0
0
1682191536.94083
msg_begin
7.75728e+06
-364097
2.98456
0.0100184
0.00406366
0.000228125
0
0
0
1682191536.99088
msg_begin
7.75728e+06
-364097
2.98618
0.0053235
0.00562089
0.0012387
0
0
0
1682191537.04086
msg_begin
7.75728e+06
-364097
2.98388
0.00824751
0.0049752
0.000223158
0
0
0
1682191537.09089
msg_begin
7.75728e+06
-364097
2.98457
0.00507945
0.00352437
0.000309186
0
0
0
1682191537.14090
msg_begin
7.75728e+06
-364097
2.98426
0.0058872
0.0007654
0.000111385
0
0
0
1682191537.19157
msg_begin
7.75728e+06
-364097
2.98458
0.015147
0.00393469
0.000454368
0
0
0
1682191537.24083
msg_begin
7.75728e+06
-364097
2.98381
0.00365825
0.00230291
0.00109186
0
0
0
1682191537.29083
msg_begin
7.75728e+06
-364097
2.98349
0.0538978
0.0108032
0.00226825
0
0
0
1682191537.34089
msg_begin
7.75728e+06
-364097
2.98286
0.00979546
0.0054472
0.00135672
0
0
0
1682191537.39084
msg_begin
7.75728e+06
-364097
2.98752
0.00113153
0.00177955
0.00052721
0
0
0
1682191537.44085
msg_begin
7.75728e+06
-364097
2.98769
0.000100382
1.16227e-05
1.46005e-06
0
0
0
1682191537.49086
msg_begin
7.75728e+06
-364097
2.98636
0.0159579
0.00380872
0.000623404
0
0
0
1682191537.54084
msg_begin
7.75728e+06
-364097
2.98517
0.0038598
0.00433721
0.000542781
0
0
0
1682191537.59096
msg_begin
7.75728e+06
-364096
2.97775
0.000941308
0.00115361
7.93836e-05
0
0
0
1682191537.64083
msg_begin
7.75728e+06
-364096
2.97533
0.00906171
0.00353145
0.000679238
0
0
0
1682191537.69093
msg_begin
7.75728e+06
-364096
2.97755
0.0142565
0.00408149
0.000545809
0
0
0
1682191537.74094
msg_begin
7.75728e+06
-364096
2.97637
0.00422303
0.00147969
7.78912e-05
0
0
0
1682191537.79142
msg_begin
7.75728e+06
-364096
2.97469
0.00883109
0.00220805
0.00207956
0
0
0
1682191537.84096
msg_begin
7.75728e+06
-364096
2.97801
0.0016007
0.000412297
1.33441e-05
0
0
0
1682191537.89102
msg_begin
7.75728e+06
-364096
2.97474
0.0106842
0.00269245
0.00042849
0
0
0
1682191537.94104
msg_begin
7.75728e+06
-364096
2.97564
0.0127896
0.00613449
0.00066839
0
0
0
1682191537.99139
msg_begin
7.75728e+06
-364096
2.97604
0.0162829
0.00353722
0.000807548
0
0
0
1682191538.04096
msg_begin
7.75728e+06
-364096
2.9738
0.00872909
0.0033987
0.000480304
0
0
0
1682191538.09094
msg_begin
7.75728e+06
-364096
2.97293
3.25963e-08
4.65661e-10
1.77636e-15
0
0
0
1682191538.14099
msg_begin
7.75728e+06
-364096
2.97211
0.0166193
0.00573876
0.000818033
0
0
0
1682191538.19130
msg_begin
7.75728e+06
-364096
2.97396
0.000466885
0.00161898
2.70374e-05
0
0
0
1682191538.24092
msg_begin
7.75728e+06
-364096
2.9727
0.0197916
0.0123508
0.000384854
0
0
0
1682191538.29093
msg_begin
7.75728e+06
-364096
2.97479
0.00592397
0.00202368
0.000192995
0
0
0
1682191538.34092
msg_begin
7.75728e+06
-364096
2.97377
0.00399439
0.00384732
0.000216812
0
0
0
1682191538.39133
msg_begin
7.75728e+06
-364096
2.97395
0.0219631
0.011605
0.000748321
0
0
0
1682191538.44092
msg_begin
7.75727e+06
-364096
2.97123
0.00621474
0.000725832
4.85902e-05
0
0
0
1682191538.49087
msg_begin
7.75727e+06
-364096
2.968
0.00927259
0.00119462
0.000348072
0
0
0
1682191538.54087
msg_begin
7.75727e+06
-364096
2.96835
0.00048347
0.000179888
6.30146e-05
0
0
0
1682191538.59081
msg_begin
7.75727e+06
-364095
2.96887
0.00575777
0.0116085
0.000580503
0
0
0
1682191538.64077
msg_begin
7.75727e+06
-364095
2.96776
0.0096707
0.00665617
0.000540095
0
0
0
1682191538.69079
msg_begin
7.75727e+06
-364095
2.96715
0.0220381
0.0148955
0.00105996
0
0
0
1682191538.74078
msg_begin
7.75727e+06
-364095
2.96914
0.00867614
0.00330664
0.000169433
0
0
0
1682191538.79081
msg_begin
7.75727e+06
-364095
2.96982
0.0122737
0.000781143
2.6351e-05
0
0
0
1682191538.84079
msg_begin
7.75727e+06
-364095
2.96656
0.0199943
0.0151893
0.000977985
0
0
0
1682191538.89081
msg_begin
7.75727e+06
-364095
2.9659
0.00341273
0.00106459
0.000151192
0
0
0
1682191538.94086
msg_begin
7.75727e+06
-364095
2.96914
4.09782e-08
2.38651e-09
4.44089e-16
0
0
0
1682191538.99078
msg_begin
7.75727e+06
-364095
2.96907
0.00132378
0.000381317
4.83091e-05
0
0
0
1682191539.04074
msg_begin
7.75727e+06
-364095
2.96672
0.00992911
0.00774045
0.000976669
0
0
0
1682191539.09075
msg_begin
7.75727e+06
-364095
2.96422
0.0100432
0.00308448
0.000549378
0
0
0
1682191539.14077
msg_begin
7.75727e+06
-364095
2.96298
0.00157496
0.0012455
4.30183e-05
0
0
0
1682191539.19092
msg_begin
7.75727e+06
-364095
2.96119
0.00607163
0.000417698
0.000670595
0
0
0
1682191539.24084
msg_begin
7.75727e+06
-364095
2.96087
1.86265e-09
0
0
0
0
0
1682191539.29085
msg_begin
7.75727e+06
-364095
2.96172
0.00601283
0.00215457
0.000244903
0
0
0
1682191539.34088
msg_begin
7.75727e+06
-364095
2.96342
0.0221173
0.00342669
0.000754201
0
0
0
1682191539.39138
msg_begin
7.75727e+06
-364095
2.96332
0.0113739
0.000284683
6.80903e-05
0
0
0
1682191539.44082
msg_begin
7.75727e+06
-364094
2.96143
0.0118723
0.0106673
0.000764982
0
0
0
1682191539.49087
msg_begin
7.75727e+06
-364094
2.95827
0.0147339
0.00412113
0.00190491
0
0
0
1682191539.54105
msg_begin
7.75727e+06
-364094
2.95958
0.0029879
0.00140617
0.000123256
0
0
0
1682191539.59084
msg_begin
7.75727e+06
-364094
2.959
0.00602749
0.00914569
0.0008451
0
0
0
1682191539.64082
msg_begin
7.75727e+06
-364094
2.95833
0.00258819
0.000332017
0.000100209
0
0
0
1682191539.69080
msg_begin
7.75727e+06
-364094
2.95985
2.98023e-08
5.82077e-11
4.44089e-16
0
0
0
1682191539.74151
msg_begin
7.75727e+06
-364094
2.95901
0.00127183
0.00356499
0.000103918
0
0
0
1682191539.79075
msg_begin
7.75726e+06
-364094
2.96243
0.0136011
0.00921469
0.00169809
0
0
0
1682191539.84076
msg_begin
7.75726e+06
-364094
2.9651
0.0125996
0.00536829
0.000517348
0
0
0
1682191539.89075
msg_begin
7.75726e+06
-364094
2.96606
0.00661289
0.0077979
0.00109834
0
0
0
1682191539.94142
msg_begin
7.75726e+06
-364094
2.96415
0.00526037
0.0022248
0.000327914
0
0
0
1682191539.99078
msg_begin
7.75726e+06
-364094
2.96619
0.031352
0.0102603
0.000446669
0
0
0
1682191540.04064
msg_begin
7.75726e+06
-364094
2.96604
0.00111128
0.000994554
8.8714e-05
0
0
0
1682191540.09058
msg_begin
7.75726e+06
-364094
2.96538
0.0103295
0.0080888
0.000589131
0
0
0
1682191540.14137
msg_begin
7.75726e+06
-364094
2.96535
0.00541515
0.0020507
0.000328177
0
0
0
1682191540.19069
msg_begin
7.75726e+06
-364093
2.96538
0.0121799
0.00593688
0.000533132
0
0
0
1682191540.24063
msg_begin
7.75726e+06
-364093
2.96863
0.0183471
0.0171086
0.00101562
0
0
0
1682191540.29063
msg_begin
7.75726e+06
-364093
2.97116
0.00210044
0.00186323
0.000208275
0
0
0
1682191540.34179
msg_begin
7.75726e+06
-364093
2.97214
0.0123374
0.00541142
0.000875828
0
0
0
1682191540.39082
msg_begin
7.75726e+06
-364093
2.97128
0.00420223
0.00495969
0.00129413
0
0
0
1682191540.44063
msg_begin
7.75726e+06
-364093
2.97245
0.00317216
0.00188902
0.000121577
0
0
0
1682191540.49059
msg_begin
7.75726e+06
-364093
2.97187
0.00108675
0.0138646
0.000559741
0
0
0
1682191540.54173
msg_begin
7.75726e+06
-364093
2.97641
0.0170026
0.00514415
0.00066085
0
0
0
1682191540.59126
msg_begin
7.75726e+06
-364093
2.97528
0.00931322
0.0131645
0.000457744
0
0
0
1682191540.64082
msg_begin
7.75726e+06
-364093
2.97344
0.00773111
0.00415133
0.000644928
0
0
0
1682191540.69082
msg_begin
7.75726e+06
-364093
2.97452
0.00963133
0.00567595
0.000525388
0
0
0
1682191540.74175
msg_begin
7.75726e+06
-364093
2.97553
0.00589074
0.00137574
0.000138873
0
0
0
1682191540.79081
msg_begin
7.75726e+06
-364093
2.97882
6.60226e-05
0.00189801
8.89122e-05
0
0
0
1682191540.84088
msg_begin
7.75726e+06
-364093
2.97488
0.00431332
0.00137717
0.000253998
0
0
0
1682191540.89090
msg_begin
7.75726e+06
-364093
2.97464
0.0413483
0.0159736
0.00164173
0
0
0
1682191540.94200
msg_begin
7.75726e+06
-364092
2.98013
0.00730613
0.00345775
0.000428856
0
0
0
1682191540.99109
msg_begin
7.75726e+06
-364092
2.97663
0.00327158
0.00157697
3.80957e-05
0
0
0
1682191541.04094
msg_begin
7.75725e+06
-364092
2.97533
0.0224045
0.00466295
0.000950523
0
0
0
1682191541.09099
msg_begin
7.75725e+06
-364092
2.97821
0.032008
0.00587362
0.00093834
0
0
0
1682191541.14192
msg_begin
7.75725e+06
-364092
2.97961
0.00908189
0.00303488
0.000465758
0
0
0
1682191541.19114
msg_begin
7.75725e+06
-364092
2.97893
0.0251857
0.00305358
0.000436731
0
0
0
1682191541.24103
msg_begin
7.75725e+06
-364092
2.97854
0.0359864
0.00706604
0.00037712
0
0
0
1682191541.29114
msg_begin
7.75725e+06
-364092
2.97924
0.00351564
0.001341
0.00016625
0
0
0
1682191541.34180
msg_begin
7.75725e+06
-364092
2.97894
0.0177526
0.016912
0.000801388
0
0
0
1682191541.39145
msg_begin
7.75725e+06
-364092
2.98009
0.00020772
0.000755794
7.77853e-05
0
0
0
1682191541.44108
msg_begin
7.75725e+06
-364092
2.9836
0.00239378
0.00136581
0.000280412
0
0
0
1682191541.49113
msg_begin
7.75725e+06
-364092
2.97768
6.61239e-08
2.79397e-09
1.33227e-15
0
0
0
1682191541.54113
msg_begin
7.75725e+06
-364092
2.9761
0.0298419
0.0097557
0.00149069
0
0
0
1682191541.59113
msg_begin
7.75725e+06
-364092
2.97416
0.0123976
0.00248311
0.000603839
0
0
0
1682191541.64108
msg_begin
7.75725e+06
-364092
2.9757
0.00598062
0.00139898
0.000392488
0
0
0
1682191541.69108
msg_begin
7.75725e+06
-364092
2.978
0.00560618
0.00155717
6.278e-05
0
0
0
1682191541.74175
msg_begin
7.75725e+06
-364092
2.97793
0.00452635
0.00581471
0.000148276
0
0
0
1682191541.79121
msg_begin
7.75725e+06
-364092
2.97701
0.0213995
0.00699704
0.000833735
0
0
0
1682191541.84102
msg_begin
7.75725e+06
-364091
2.97831
0.0104119
0.00285843
0.000529498
0
0
0
1682191541.89100
msg_begin
7.75725e+06
-364091
2.97818
0.00707264
0.0051924
0.00157725
0
0
0
1682191541.94094
msg_begin
7.75725e+06
-364091
2.97499
6.51926e-09
5.82077e-11
0
0
0
0
1682191541.99088
msg_begin
7.75725e+06
-364091
2.97279
9.62285e-05
0.00116709
4.74168e-06
0
0
0
1682191542.04094
msg_begin
7.75725e+06
-364091
2.97295
0.00850211
0.00420724
0.000833227
0
0
0
1682191542.09088
msg_begin
7.75725e+06
-364091
2.97474
0.00860138
0.0016145
6.03378e-05
0
0
0
1682191542.14093
msg_begin
7.75725e+06
-364091
2.97486
5.58794e-08
3.84171e-09
0
0
0
0
1682191542.19109
msg_begin
7.75725e+06
-364091
2.97143
0.0039317
0.00127684
0.000315176
0
0
0
1682191542.24086
msg_begin
7.75724e+06
-364091
2.97219
0.00342705
0.00557691
9.21516e-05
0
0
0
1682191542.29088
msg_begin
7.75724e+06
-364091
2.97177
0.0139792
0.00510944
0.00100653
0
0
0
1682191542.34193
msg_begin
7.75724e+06
-364091
2.97123
0.0122274
0.00624711
0.000653029
0
0
0
1682191542.39108
msg_begin
7.75724e+06
-364091
2.96912
0.00430447
0.00299971
0.000457152
0
0
0
1682191542.44085
msg_begin
7.75724e+06
-364091
2.96835
0.0103227
0.00437633
0.0010075
0
0
0
1682191542.49085
msg_begin
7.75724e+06
-364091
2.96826
0.00996459
0.00722698
0.00130155
0
0
0
1682191542.54086
msg_begin
7.75724e+06
-364091
2.9673
0.00746164
0.000177684
4.35416e-05
0
0
0
1682191542.59110
msg_begin
7.75724e+06
-364090
2.96837
0.0271034
0.00168106
0.000638706
0
0
0
1682191542.64084
msg_begin
7.75724e+06
-364090
2.96637
0.0308164
0.0112196
0.00184259
0
0
0
1682191542.69087
msg_begin
7.75724e+06
-364090
2.96639
0.0260283
0.00568678
0.00194591
0
0
0
1682191542.74082
msg_begin
7.75724e+06
-364090
2.96503
0.00671735
0.0121324
0.000721513
0
0
0
1682191542.79082
msg_begin
7.75724e+06
-364090
2.96298
0.00851925
0.00270574
9.53033e-05
0
0
0
1682191542.84088
msg_begin
7.75724e+06
-364090
2.96354
0.0524736
0.00589523
0.00170798
0
0
0
1682191542.89083
msg_begin
7.75724e+06
-364090
2.96118
0.0133738
0.00369859
0.00111782
0
0
0
1682191542.94076
msg_begin
7.75724e+06
-364090
2.96021
0.000760087
0.000528894
5.41945e-05
0
0
0
1682191542.99113
msg_begin
7.75724e+06
-364090
2.95947
0.0165815
0.00671859
0.000842161
0
0
0
1682191543.04070
msg_begin
7.75724e+06
-364090
2.96327
8.00937e-08
2.32831e-10
4.44089e-16
0
0
0
1682191543.09068
msg_begin
7.75724e+06
-364090
2.96022
0.0153826
0.00203259
0.00110729
0
0
0
1682191543.14066
msg_begin
7.75724e+06
-364090
2.95865
0.0199687
0.0112993
0.00203626
0
0
0
1682191543.19061
msg_begin
7.75724e+06
-364090
2.95433
0.00983365
0.00216909
0.000461916
0
0
0
1682191543.24058
msg_begin
7.75724e+06
-364090
2.95262
0.0124888
0.00449664
0.000983786
0
0
0
1682191543.29057
msg_begin
7.75724e+06
-364089
2.95078
0.00100532
0.000609862
0.000292018
0
0
0
1682191543.34077
msg_begin
7.75724e+06
-364089
2.94948
0.0121199
0.00822539
0.00147633
0
0
0
1682191543.39059
msg_begin
7.75723e+06
-364089
2.9515
0.0266229
0.00698857
0.00151778
0
0
0
1682191543.44041
msg_begin
7.75723e+06
-364089
2.95277
0.00805361
0.00574091
0.000601436
0
0
0
1682191543.49036
msg_begin
7.75723e+06
-364089
2.94804
0.0102588
0.00143657
0.000344234
0
0
0
1682191543.54032
msg_begin
7.75723e+06
-364089
2.94774
0.0334396
0.0123988
0.00147314
0
0
0
1682191543.59044
msg_begin
7.75723e+06
-364089
2.94327
0.0217347
0.00144619
0.00181107
0
0
0
1682191543.64022
msg_begin
7.75723e+06
-364089
2.94286
0.0146504
0.00384427
0.000420271
0
0
0
1682191543.69019
msg_begin
7.75723e+06
-364089
2.94343
0.0098116
0.003183
0.000506313
0
0
0
1682191543.74022
msg_begin
7.75723e+06
-364089
2.94189
0.0313182
0.00233729
0.000230384
0
0
0
1682191543.79032
msg_begin
7.75723e+06
-364089
2.94198
0.00243787
0.00097385
0.00012888
0
0
0
1682191543.84005
msg_begin
7.75723e+06
-364089
2.93994
0.000752379
0.000513466
4.13364e-05
0
0
0
1682191543.88992
msg_begin
7.75723e+06
-364088
2.93619
0.00504457
0.00781249
0.000712478
0
0
0
1682191543.94071
msg_begin
7.75723e+06
-364088
2.9347
0.0156582
0.00218963
2.3666e-05
0
0
0
1682191543.99083
msg_begin
7.75723e+06
-364088
2.93706
0.00979089
0.00568887
0.000692865
0
0
0
1682191544.03977
msg_begin
7.75723e+06
-364088
2.93715
0.0153812
0.010533
0.000585409
0
0
0
1682191544.08974
msg_begin
7.75723e+06
-364088
2.92957
0.00775037
0.00262671
0.000481421
0
0
0
1682191544.14019
msg_begin
7.75723e+06
-364088
2.92982
0.00477191
0.000694959
3.30105e-05
0
0
0
1682191544.18973
msg_begin
7.75723e+06
-364088
2.92893
0.0312786
0.0131811
0.00145432
0
0
0
1682191544.23952
msg_begin
7.75723e+06
-364088
2.92529
0.0134969
0.00469287
0.000735066
0
0
0
1682191544.28954
msg_begin
7.75723e+06
-364088
2.92861
0.00343382
0.00251608
0.000446265
0
0
0
1682191544.33943
msg_begin
7.75723e+06
-364088
2.92816
0.00908925
0.00387641
0.000856961
0
0
0
1682191544.38943
msg_begin
7.75723e+06
-364088
2.9261
0.00128646
0.00107445
0.000203229
0
0
0
1682191544.43937
msg_begin
7.75723e+06
-364088
2.92454
0.0156562
0.0080929
0.00114156
0
0
0
1682191544.48933
msg_begin
7.75723e+06
-364087
2.92259
0.000913256
0.000306858
6.27947e-05
0
0
0
1682191544.53988
msg_begin
7.75722e+06
-364087
2.9211
0.00448314
0.00350641
0.000283987
0
0
0
1682191544.58933
msg_begin
7.75722e+06
-364087
2.91897
0.00323625
0.000655765
0.000287863
0
0
0
1682191544.63937
msg_begin
7.75722e+06
-364087
2.91993
0.0152837
0.00422505
0.000697092
0
0
0
1682191544.68938
msg_begin
7.75722e+06
-364087
2.91843
0.00707329
0.00397091
0.0011538
0
0
0
1682191544.73952
msg_begin
7.75722e+06
-364087
2.91913
0.00331852
0.0041355
3.80271e-05
0
0
0
1682191544.78958
msg_begin
7.75722e+06
-364087
2.91671
0.022632
0.0119371
0.000769217
0
0
0
1682191544.83967
msg_begin
7.75722e+06
-364087
2.91657
0.0248218
0.00741064
0.00176208
0
0
0
1682191544.88982
msg_begin
7.75722e+06
-364087
2.91588
0.0196416
0.0088388
0.00208655
0
0
0
1682191544.94070
msg_begin
7.75722e+06
-364087
2.91111
0.00469071
0.0040787
0.000215265
0
0
0
1682191544.99002
msg_begin
7.75722e+06
-364086
2.91324
0.00741171
0.00489959
0.000245737
0
0
0
1682191545.03999
msg_begin
7.75722e+06
-364086
2.91489
0.000494114
0.000124611
4.58777e-05
0
0
0
1682191545.09020
msg_begin
7.75722e+06
-364086
2.9118
0.00547325
0.00538054
0.00102382
0
0
0
1682191545.14023
msg_begin
7.75722e+06
-364086
2.91162
0.00862507
0.00560199
0.000328489
0
0
0
1682191545.19020
msg_begin
7.75722e+06
-364086
2.90953
0.00887284
0.00534631
0.000254903
0
0
0
1682191545.24017
msg_begin
7.75722e+06
-364086
2.9122
3.88247e-05
0.000906358
4.14809e-05
0
0
0
1682191545.29027
msg_begin
7.75722e+06
-364086
2.91091
0.00433171
0.00705966
0.000722439
0
0
0
1682191545.34090
msg_begin
7.75722e+06
-364086
2.9096
0.00662933
0.00690807
0.000542159
0
0
0
1682191545.39027
msg_begin
7.75722e+06
-364086
2.90388
0.0207595
0.009299
0.000754696
0
0
0
1682191545.44029
msg_begin
7.75722e+06
-364086
2.90523
0.0196504
0.00795022
0.000615547
0
0
0
1682191545.49029
msg_begin
7.75722e+06
-364085
2.90168
0.00381557
0.0010952
0.000195525
0
0
0
1682191545.54026
msg_begin
7.75722e+06
-364085
2.90246
0.0230771
0.0051672
0.000604943
0
0
0
1682191545.59036
msg_begin
7.75722e+06
-364085
2.90263
0.069788
0.0130769
0.0011256
0
0
0
1682191545.64022
msg_begin
7.75721e+06
-364085
2.90314
0.0621503
0.0137413
0.00265013
0
0
0
1682191545.69027
msg_begin
7.75721e+06
-364085
2.89906
0.00100178
0.000860749
6.75127e-05
0
0
0
1682191545.74021
msg_begin
7.75721e+06
-364085
2.89778
0.0107326
0.00451924
0.000900464
0
0
0
1682191545.79029
msg_begin
7.75721e+06
-364085
2.8982
2.23517e-08
2.91038e-10
1.77636e-15
0
0
0
1682191545.84024
msg_begin
7.75721e+06
-364085
2.89852
0.0261651
0.00716758
0.000830283
0
0
0
1682191545.89027
msg_begin
7.75721e+06
-364085
2.90068
0.00736443
0.00499673
0.000605153
0
0
0
1682191545.94022
msg_begin
7.75721e+06
-364085
2.89903
0.0156459
0.00307536
0.000564199
0
0
0
1682191545.99027
msg_begin
7.75721e+06
-364085
2.90084
0.0115318
0.00681493
0.000601109
0
0
0
1682191546.04021
msg_begin
7.75721e+06
-364084
2.89808
0.00520548
0.00230483
0.000260249
0
0
0
1682191546.09023
msg_begin
7.75721e+06
-364084
2.89431
0.0157942
0.00736872
0.000918473
0
0
0
1682191546.14044
msg_begin
7.75721e+06
-364084
2.89281
0.00269129
0.00257119
0.000161661
0
0
0
1682191546.19062
msg_begin
7.75721e+06
-364084
2.89452
0.00471654
0.00303811
0.000358863
0
0
0
1682191546.24031
msg_begin
7.75721e+06
-364084
2.89411
0.0116941
0.0110914
0.000752412
0
0
0
1682191546.29028
msg_begin
7.75721e+06
-364084
2.8938
0.00112143
0.00192312
0.000194405
0
0
0
1682191546.34026
msg_begin
7.75721e+06
-364084
2.89383
0.00673476
0.00569389
0.00116392
0
0
0
1682191546.39023
msg_begin
7.75721e+06
-364084
2.89351
0.00341251
0.0015765
0.000422649
0
0
0
1682191546.44024
msg_begin
7.75721e+06
-364084
2.89253
0.0135465
0.0057745
0.000607212
0
0
0
1682191546.49021
msg_begin
7.75721e+06
-364083
2.89285
0.0128607
0.00523395
0.000702876
0
0
0
1682191546.54023
msg_begin
7.75721e+06
-364083
2.89319
0.0165073
0.0074024
0.00116587
0
0
0
1682191546.59024
msg_begin
7.75721e+06
-364083
2.89462
0.000696466
0.000501568
0.00012957
0
0
0
1682191546.64021
msg_begin
7.75721e+06
-364083
2.89202
0.102804
0.0374403
0.00100387
0
0
0
1682191546.69025
msg_begin
7.75721e+06
-364083
2.89054
0.0192246
0.00128675
0.000240515
0
0
0
1682191546.74014
msg_begin
7.75721e+06
-364083
2.88823
0.0250151
0.00553363
0.000898778
0
0
0
1682191546.79019
msg_begin
7.7572e+06
-364083
2.88908
0.0163133
0.00565235
0.000402569
0
0
0
1682191546.84015
msg_begin
7.7572e+06
-364083
2.89067
0.0152994
0.003717
0.00105624
0
0
0
1682191546.89015
msg_begin
7.7572e+06
-364083
2.89002
0.000851527
0.00237277
4.83146e-05
0
0
0
1682191546.94013
msg_begin
7.7572e+06
-364083
2.88922
0.00618928
0.000678435
6.40876e-05
0
0
0
1682191546.99015
msg_begin
7.7572e+06
-364082
2.88884
0.0112082
0.00490131
4.26744e-05
0
0
0
1682191547.04014
msg_begin
7.7572e+06
-364082
2.88916
0.000478213
0.000401384
3.24485e-05
0
0
0
1682191547.09013
msg_begin
7.7572e+06
-364082
2.88912
0.00852307
0.00150547
0.000194528
0
0
0
1682191547.14165
msg_begin
7.7572e+06
-364082
2.89125
0.0494265
0.0161046
0.00104352
0
0
0
1682191547.19009
msg_begin
7.7572e+06
-364082
2.89551
0.00370559
0.0026627
0.000892627
0
0
0
1682191547.24005
msg_begin
7.7572e+06
-364082
2.89521
0.0215208
0.00328788
0.000742988
0
0
0
1682191547.29000
msg_begin
7.7572e+06
-364082
2.89412
0.0162398
0.00310966
0.000263871
0
0
0
1682191547.34007
msg_begin
7.7572e+06
-364082
2.89471
0.0185639
0.00573455
0.00141678
0
0
0
1682191547.38998
msg_begin
7.7572e+06
-364082
2.89759
0.0674653
0.0181683
0.00153447
0
0
0
1682191547.44003
msg_begin
7.7572e+06
-364081
2.89664
0.0351766
0.0144776
0.00129893
0
0
0
1682191547.48998
msg_begin
7.7572e+06
-364081
2.89751
0.00450196
0.00191936
0.000214352
0
0
0
1682191547.53997
msg_begin
7.7572e+06
-364081
2.89837
0.00759766
0.000877753
0.000522648
0
0
0
1682191547.59005
msg_begin
7.7572e+06
-364081
2.89743
0.00318714
0.000274615
8.91363e-05
0
0
0
1682191547.64006
msg_begin
7.7572e+06
-364081
2.89942
0.00245249
0.00144568
0.000168727
0
0
0
1682191547.69016
msg_begin
7.7572e+06
-364081
2.90378
0.0055516
0.00413894
0.000357274
0
0
0
1682191547.74037
msg_begin
7.7572e+06
-364081
2.90226
7.07805e-08
6.40284e-10
8.88178e-16
0
0
0
1682191547.79028
msg_begin
7.7572e+06
-364081
2.9012
0.0055261
0.00242136
0.000384553
0
0
0
1682191547.84035
msg_begin
7.7572e+06
-364081
2.90235
0.072342
0.0149572
0.00145455
0
0
0
1682191547.89040
msg_begin
7.7572e+06
-364081
2.90661
0.0221167
0.0101192
0.000429195
0
0
0
1682191547.94043
msg_begin
7.75719e+06
-364081
2.90908
0.00445116
0.00417766
0.000744217
0
0
0
1682191547.99052
msg_begin
7.75719e+06
-364080
2.90933
0.0102666
0.00251947
0.000311525
0
0
0
1682191548.04042
msg_begin
7.75719e+06
-364080
2.90928
0.0101657
0.00261143
0.000457179
0
0
0
1682191548.09044
msg_begin
7.75719e+06
-364080
2.91053
0.0354606
0.0137911
0.000579979
0
0
0
1682191548.14110
msg_begin
7.75719e+06
-364080
2.91325
1.58325e-08
3.60887e-09
8.88178e-16
0
0
0
1682191548.19047
msg_begin
7.75719e+06
-364080
2.91467
0.000134584
0.00019617
6.5118e-05
0
0
0
1682191548.24049
msg_begin
7.75719e+06
-364080
2.91416
0.0100356
0.00184936
0.000187187
0
0
0
1682191548.29051
msg_begin
7.75719e+06
-364080
2.91646
0.0246346
0.00853775
0.000554925
0
0
0
1682191548.34160
msg_begin
7.75719e+06
-364080
2.91834
0.0309791
0.0144794
0.00110383
0
0
0
1682191548.39049
msg_begin
7.75719e+06
-364080
2.9225
0.00793365
0.0012534
7.84615e-05
0
0
0
1682191548.44035
msg_begin
7.75719e+06
-364080
2.92318
0.00109037
0.00238869
0.00074838
0
0
0
1682191548.49033
msg_begin
7.75719e+06
-364080
2.92208
0.00537366
0.00428041
0.000623744
0
0
0
1682191548.54144
msg_begin
7.75719e+06
-364079
2.92019
0.0120936
0.00381133
0.000306741
0
0
0
1682191548.59019
msg_begin
7.75719e+06
-364079
2.92435
0.0136719
0.0043124
0.00120076
0
0
0
1682191548.64015
msg_begin
7.75719e+06
-364079
2.92753
0.00247923
0.00139915
6.07757e-05
0
0
0
1682191548.69013
msg_begin
7.75719e+06
-364079
2.93204
0.000870408
0.0012058
4.84157e-05
0
0
0
1682191548.74021
msg_begin
7.75719e+06
-364079
2.93034
0.00276121
0.00175099
0.000252779
0
0
0
1682191548.79008
msg_begin
7.75719e+06
-364079
2.93067
0.00956783
0.00234567
0.000539313
0
0
0
1682191548.84009
msg_begin
7.75719e+06
-364079
2.93284
0.017456
0.00655664
0.00133513
0
0
0
1682191548.89008
msg_begin
7.75719e+06
-364079
2.93888
4.65661e-09
1.10595e-09
8.88178e-16
0
0
0
1682191548.94086
msg_begin
7.75719e+06
-364079
2.93928
0.011055
0.00268276
0.000351213
0
0
0
1682191548.99015
msg_begin
7.75719e+06
-364079
2.93852
0.0045348
0.00117234
0.000289233
0
0
0
1682191549.04020
msg_begin
7.75719e+06
-364079
2.94244
0.00316549
0.00547462
0.0001172
0
0
0
1682191549.09025
msg_begin
7.75719e+06
-364078
2.94423
0.0206774
0.00974714
0.00106399
0
0
0
1682191549.14034
msg_begin
7.75718e+06
-364078
2.94605
0.00609805
0.002845
0.000558191
0
0
0
1682191549.19041
msg_begin
7.75718e+06
-364078
2.94824
0.000949876
7.18066e-05
1.49558e-06
0
0
0
1682191549.24032
msg_begin
7.75718e+06
-364078
2.95367
0.00170756
0.00547883
0.00126519
0
0
0
1682191549.29037
msg_begin
7.75718e+06
-364078
2.9509
0.00112307
0.000771314
9.5827e-05
0
0
0
1682191549.34032
msg_begin
7.75718e+06
-364078
2.95618
0.00611948
0.000194458
0.000103699
0
0
0
1682191549.39038
msg_begin
7.75718e+06
-364078
2.96086
0.0176471
0.00389646
0.000566572
0
0
0
1682191549.44036
msg_begin
7.75718e+06
-364078
2.95993
0.00830995
0.00389718
0.000911142
0
0
0
1682191549.49038
msg_begin
7.75718e+06
-364078
2.96315
0.0302554
0.00286282
0.000685667
0
0
0
1682191549.54029
msg_begin
7.75718e+06
-364078
2.96585
0.0399846
0.00672516
0.00251115
0
0
0
1682191549.59034
msg_begin
7.75718e+06
-364078
2.97047
0.0103167
0.00588663
0.00079382
0
0
0
1682191549.64030
msg_begin
7.75718e+06
-364078
2.96715
0.00308025
0.000962496
1.26399e-05
0
0
0
1682191549.69023
msg_begin
7.75718e+06
-364078
2.9657
0.0050691
0.00108523
0.000316213
0
0
0
1682191549.74051
msg_begin
7.75718e+06
-364078
2.96937
0.00485903
0.0018965
0.0001976
0
0
0
1682191549.79025
msg_begin
7.75718e+06
-364077
2.97226
0.00622789
0.00309535
0.000507298
0
0
0
1682191549.84021
msg_begin
7.75718e+06
-364077
2.97371
0.0367234
0.00985856
0.000726777
0
0
0
1682191549.89012
msg_begin
7.75718e+06
-364077
2.97627
0.0345282
0.0072926
0.00170433
0
0
0
1682191549.94128
msg_begin
7.75718e+06
-364077
2.97844
0.0273221
0.00314019
0.000562125
0
0
0
1682191549.99011
msg_begin
7.75718e+06
-364077
2.97856
0.0197566
0.00323723
0.00165246
0
0
0
1682191550.04011
msg_begin
7.75718e+06
-364077
2.97869
0.00591415
0.00970656
0.000866503
0
0
0
1682191550.09015
msg_begin
7.75718e+06
-364077
2.97972
0.0126649
0.00974343
0.000802034
0
0
0
1682191550.14012
msg_begin
7.75718e+06
-364077
2.9791
0.00541414
0.00089213
0.000202469
0
0
0
1682191550.19022
msg_begin
7.75718e+06
-364077
2.98593
0.00448786
0.000851326
0.000242992
0
0
0
1682191550.24035
msg_begin
7.75718e+06
-364077
2.98729
0.0106734
0.00495973
0.000559136
0
0
0
1682191550.29041
msg_begin
7.75717e+06
-364077
2.99018
0.00179251
0.00590601
0.000795291
0
0
0
1682191550.34044
msg_begin
7.75717e+06
-364077
2.99106
0.00584135
0.00775169
0.00147909
0
0
0
1682191550.39054
msg_begin
7.75717e+06
-364077
2.99044
0.0174986
0.00490765
0.000768665
0
0
0
1682191550.44062
msg_begin
7.75717e+06
-364077
2.99354
0.00534473
0.00302448
0.000771543
0
0
0
1682191550.49063
msg_begin
7.75717e+06
-364077
2.99483
0.0397236
0.0051941
0.000223108
0
0
0
1682191550.54078
msg_begin
7.75717e+06
-364076
2.99729
0.00717872
0.00292256
0.000766745
0
0
0
1682191550.59080
msg_begin
7.75717e+06
-364076
3.00045
7.45058e-08
5.82077e-10
8.88178e-16
0
0
0
1682191550.64078
msg_begin
7.75717e+06
-364076
3.00191
0.0125308
0.00366429
0.000395608
0
0
0
1682191550.69075
msg_begin
7.75717e+06
-364076
3.00204
0.00370983
0.00215163
4.89361e-05
0
0
0
1682191550.74078
msg_begin
7.75717e+06
-364076
3.00181
0.00953655
0.00409622
0.000286443
0
0
0
1682191550.79077
msg_begin
7.75717e+06
-364076
3.00095
0.0106637
0.00208993
0.000585326
0
0
0
1682191550.84074
msg_begin
7.75717e+06
-364076
3.00292
0.00194621
0.00250856
0.000132255
0
0
0
1682191550.89075
msg_begin
7.75717e+06
-364076
3.0019
0.00206687
0.00217153
0.000312277
0
0
0
1682191550.94068
msg_begin
7.75717e+06
-364076
3.0024
0.00760824
0.00240118
0.000277965
0
0
0
1682191550.99069
msg_begin
7.75717e+06
-364076
3.00392
0.00102508
0.00183333
7.82546e-05
0
0
0
1682191551.04066
msg_begin
7.75717e+06
-364076
3.00726
0.00300463
0.000790254
0.0003068
0
0
0
1682191551.09061
msg_begin
7.75717e+06
-364076
3.0094
0.00767613
0.00294411
0.0003705
0
0
0
1682191551.14077
msg_begin
7.75717e+06
-364076
3.01266
0.00557304
0.00122657
7.64078e-05
0
0
0
1682191551.19048
msg_begin
7.75717e+06
-364076
3.01459
0.00473453
0.0031985
0.000599045
0
0
0
1682191551.24051
msg_begin
7.75717e+06
-364076
3.01513
0.00953928
0.00307679
0.000617723
0
0
0
1682191551.29052
msg_begin
7.75717e+06
-364076
3.01878
0.0144366
0.00121064
0.00226545
0
0
0
1682191551.34048
msg_begin
7.75717e+06
-364076
3.01802
0.00525312
0.00502585
0.000373875
0
0
0
1682191551.39070
msg_begin
7.75717e+06
-364076
3.02089
0.00186593
0.00163381
0.000230716
0
0
0
1682191551.44056
msg_begin
7.75716e+06
-364076
3.02363
0.00128815
0.00306776
0.000224988
0
0
0
1682191551.49060
msg_begin
7.75716e+06
-364076
3.02406
0.00735901
0.00243358
0.000372942
0
0
0
1682191551.54064
msg_begin
7.75716e+06
-364075
3.02507
0.00739809
0.00621971
0.000457513
0
0
0
1682191551.59063
msg_begin
7.75716e+06
-364075
3.02841
6.51926e-09
8.14907e-10
8.88178e-16
0
0
0
1682191551.64067
msg_begin
7.75716e+06
-364075
3.03114
0.00605699
0.00149806
0.000262062
0
0
0
1682191551.69074
msg_begin
7.75716e+06
-364075
3.02687
0.0039031
0.00203287
0.000223726
0
0
0
1682191551.74072
msg_begin
7.75716e+06
-364075
3.0307
9.31323e-09
4.07454e-09
4.44089e-16
0
0
0
1682191551.79077
msg_begin
7.75716e+06
-364075
3.03185
0.0071746
0.00375534
0.000642427
0
0
0
1682191551.84074
msg_begin
7.75716e+06
-364075
3.03013
0.00750838
0.00358144
0.000189612
0
0
0
1682191551.89072
msg_begin
7.75716e+06
-364075
3.0319
0.014829
0.00940503
0.00038392
0
0
0
1682191551.94076
msg_begin
7.75716e+06
-364075
3.03648
0.0174693
0.000456695
0.000195684
0
0
0
1682191551.99081
msg_begin
7.75716e+06
-364075
3.03793
0.00820901
0.00618989
0.00102344
0
0
0
1682191552.04069
msg_begin
7.75716e+06
-364075
3.03667
0.00981844
0.00400334
0.000443313
0
0
0
1682191552.09070
msg_begin
7.75716e+06
-364075
3.03768
0.00523017
0.000958504
0.000180543
0
0
0
1682191552.14237
msg_begin
7.75716e+06
-364075
3.03634
0.00641681
0.000748885
0.000279028
0
0
0
1682191552.19066
msg_begin
7.75716e+06
-364075
3.03931
0.0166457
0.00133064
0.000817774
0
0
0
1682191552.24065
msg_begin
7.75716e+06
-364075
3.03914
0.0368286
0.00582343
0.000557868
0
0
0
1682191552.29068
msg_begin
7.75716e+06
-364075
3.03903
0.00932122
0.00738693
0.000357722
0
0
0
1682191552.34196
msg_begin
7.75716e+06
-364075
3.04144
0.0202694
0.00857426
0.000737913
0
0
0
1682191552.39060
msg_begin
7.75716e+06
-364075
3.04091
0.00583122
0.00392265
0.000247151
0
0
0
1682191552.44067
msg_begin
7.75716e+06
-364075
3.04092
0.011938
0.00189371
0.000154584
0
0
0
1682191552.49067
msg_begin
7.75716e+06
-364075
3.04032
0.00871936
0.00273636
0.00131052
0
0
0
1682191552.54070
msg_begin
7.75715e+06
-364075
3.03936
0.0103159
0.00450815
0.000462236
0
0
0
1682191552.59063
msg_begin
7.75715e+06
-364075
3.0405
0.00362106
0.00370493
0.000385541
0
0
0
1682191552.64063
msg_begin
7.75715e+06
-364075
3.04017
0.00133964
0.00757146
0.000306004
0
0
0
1682191552.69069
msg_begin
7.75715e+06
-364074
3.04352
0.00994793
0.00657491
0.00062351
0
0
0
1682191552.74070
msg_begin
7.75715e+06
-364074
3.04237
0.00760614
0.00130975
0.000661378
0
0
0
1682191552.79072
msg_begin
7.75715e+06
-364074
3.03876
0.0172393
0.00698256
0.000799216
0
0
0
1682191552.84077
msg_begin
7.75715e+06
-364074
3.04024
0.00251897
0.00524016
0.000121425
0
0
0
1682191552.89081
msg_begin
7.75715e+06
-364074
3.04243
0.0214088
0.00317854
0.000370322
0
0
0
1682191552.94075
msg_begin
7.75715e+06
-364074
3.03882
0.0118798
0.00427503
0.00196213
0
0
0
1682191552.99077
msg_begin
7.75715e+06
-364074
3.03994
0.023854
0.00515371
0.000514997
0
0
0
1682191553.04077
msg_begin
7.75715e+06
-364074
3.04029
0.00154956
0.00153787
0.000204301
0
0
0
1682191553.09076
msg_begin
7.75715e+06
-364074
3.03773
0.00428386
0.00137849
0.000159719
0
0
0
1682191553.14081
msg_begin
7.75715e+06
-364074
3.0382
0.00225064
0.00144592
0.000193735
0
0
0
1682191553.19068
msg_begin
7.75715e+06
-364074
3.04084
0.0108791
0.00578481
0.000859492
0
0
0
1682191553.24070
msg_begin
7.75715e+06
-364074
3.0406
0.0109894
0.00823034
0.000508983
0
0
0
1682191553.29068
msg_begin
7.75715e+06
-364074
3.04063
0.00534865
0.00458264
0.000373211
0
0
0
1682191553.34068
msg_begin
7.75715e+06
-364074
3.04142
0.0141213
0.00785217
0.00109772
0
0
0
1682191553.39063
msg_begin
7.75715e+06
-364074
3.04053
0.00603311
0.00106579
0.000242791
0
0
0
1682191553.44059
msg_begin
7.75715e+06
-364074
3.04217
0.00708539
0.00409746
0.000450109
0
0
0
1682191553.49056
msg_begin
7.75715e+06
-364074
3.03851
0.0150638
0.00183684
6.51124e-05
0
0
0
1682191553.54064
msg_begin
7.75715e+06
-364074
3.04253
0.0090248
0.00198722
0.000858876
0
0
0
1682191553.59067
msg_begin
7.75715e+06
-364074
3.04007
0.00619373
0.000689537
0.00134841
0
0
0
1682191553.64068
msg_begin
7.75715e+06
-364074
3.04102
0.0109249
0.00163469
0.000382073
0
0
0
1682191553.69075
msg_begin
7.75714e+06
-364074
3.03977
0.00860271
0.00486742
0.000499904
0
0
0
1682191553.74081
msg_begin
7.75714e+06
-364074
3.03806
0.00538626
0.00386083
0.00022971
0
0
0
1682191553.79082
msg_begin
7.75714e+06
-364074
3.03993
0.0109021
0.00544735
0.000532754
0
0
0
1682191553.84083
msg_begin
7.75714e+06
-364074
3.04066
0.0137113
0.00398338
0.000359872
0
0
0
1682191553.89087
msg_begin
7.75714e+06
-364074
3.04264
0.00540705
0.00175171
0.000443392
0
0
0
1682191553.94097
msg_begin
7.75714e+06
-364074
3.04231
0.0040434
0.00624732
0.000104042
0
0
0
1682191553.99094
msg_begin
7.75714e+06
-364073
3.04051
0.00798851
0.00500855
0.000483521
0
0
0
1682191554.04094
msg_begin
7.75714e+06
-364073
3.03979
0.0184603
0.00253239
0.000592283
0
0
0
1682191554.09088
msg_begin
7.75714e+06
-364073
3.04167
0.0179299
0.00321127
0.000595101
0
0
0
1682191554.14085
msg_begin
7.75714e+06
-364073
3.03765
0.000705393
0.00118845
0.000120177
0
0
0
1682191554.19087
msg_begin
7.75714e+06
-364073
3.03774
0.0181481
0.0026037
0.000398232
0
0
0
1682191554.24084
msg_begin
7.75714e+06
-364073
3.04072
0.016425
0.000898459
0.000591192
0
0
0
1682191554.29090
msg_begin
7.75714e+06
-364073
3.0395
0.00707946
0.00294526
0.00028066
0
0
0
1682191554.34083
msg_begin
7.75714e+06
-364073
3.04006
0.00869396
0.00367931
0.000685585
0
0
0
1682191554.39094
msg_begin
7.75714e+06
-364073
3.04191
0.00727354
0.00380929
0.000410684
0
0
0
1682191554.44079
msg_begin
7.75714e+06
-364073
3.0402
0.0194098
0.00642518
0.000798803
0
0
0
1682191554.49079
msg_begin
7.75714e+06
-364073
3.04236
0.022135
0.00281857
0.000300201
0
0
0
1682191554.54150
msg_begin
7.75714e+06
-364073
3.04075
0.0134438
0.0142461
0.000552471
0
0
0
1682191554.59080
msg_begin
7.75714e+06
-364073
3.04273
0.0139678
0.00584181
0.000863696
0
0
0
1682191554.64082
msg_begin
7.75714e+06
-364073
3.04163
0.00715467
0.00706754
0.000689732
0
0
0
1682191554.69090
msg_begin
7.75714e+06
-364073
3.04121
0.0047762
0.00888183
0.000778751
0
0
0
1682191554.74178
msg_begin
7.75714e+06
-364073
3.0409
0.0145929
0.00678105
0.000973485
0
0
0
1682191554.79097
msg_begin
7.75713e+06
-364073
3.04169
0.0300143
0.01205
0.00150918
0
0
0
1682191554.84098
msg_begin
7.75713e+06
-364073
3.03949
0.0016442
0.00437382
0.000191881
0
0
0
1682191554.89103
msg_begin
7.75713e+06
-364073
3.03812
0.00276317
0.00144283
0.000187828
0
0
0
1682191554.94108
msg_begin
7.75713e+06
-364073
3.0371
0.0117599
0.00492844
0.000436408
0
0
0
1682191554.99123
msg_begin
7.75713e+06
-364073
3.03884
0.00272316
0.002117
9.06172e-05
0
0
0
1682191555.04112
msg_begin
7.75713e+06
-364073
3.04078
0.0157421
0.00507902
0.000517946
0
0
0
1682191555.09108
msg_begin
7.75713e+06
-364073
3.04066
0.0259947
0.0124939
0.0013362
0
0
0
1682191555.14115
msg_begin
7.75713e+06
-364073
3.0365
0.0174425
0.0152001
0.00107045
0
0
0
1682191555.19114
msg_begin
7.75713e+06
-364072
3.03332
0.0262641
0.00719175
0.00123361
0
0
0
1682191555.29110
msg_begin
7.75713e+06
-364072
3.03509
0.012826
0.008381
0.000598605
0
0
0
1682191555.34145
msg_begin
7.75713e+06
-364072
3.03441
0.00889181
0.000507182
7.11647e-05
0
0
0
1682191555.39123
msg_begin
7.75713e+06
-364072
3.03363
0.00294063
0.00452001
0.000423183
0
0
0
1682191555.44111
msg_begin
7.75713e+06
-364072
3.03376
0.00795456
0.00641
0.00164715
0
0
0
1682191555.49110
msg_begin
7.75713e+06
-364072
3.03119
0.0550685
0.00806599
0.00123076
0
0
0
1682191555.54241
msg_begin
7.75713e+06
-364072
3.02859
0.0129805
0.00873622
0.000602741
0
0
0
1682191555.59106
msg_begin
7.75713e+06
-364072
3.02907
0.00596019
0.00781601
0.000758381
0
0
0
1682191555.64101
msg_begin
7.75713e+06
-364072
3.03
0.012927
0.00430701
0.0003957
0
0
0
1682191555.69104
msg_begin
7.75713e+06
-364072
3.02715
0.0204036
0.00503154
0.00100524
0
0
0
1682191555.74114
msg_begin
7.75713e+06
-364072
3.02747
0.0119899
0.0154731
0.000826254
0
0
0
1682191555.79119
msg_begin
7.75713e+06
-364072
3.02749
0.00910905
0.00625764
0.000191389
0
0
0
1682191555.84118
msg_begin
7.75713e+06
-364072
3.02255
0.00428053
0.00529413
0.000196637
0
0
0
1682191555.89139
msg_begin
7.75712e+06
-364072
3.02314
0.0227186
0.00624791
0.000429991
0
0
0
1682191555.94127
msg_begin
7.75712e+06
-364072
3.02263
0.0371786
0.00719714
0.000851988
0
0
0
1682191555.99128
msg_begin
7.75712e+06
-364072
3.02196
0.0219478
0.00681443
0.000680733
0
0
0
1682191556.04126
msg_begin
7.75712e+06
-364072
3.02283
0.0195323
0.0110746
0.00117698
0
0
0
1682191556.09130
msg_begin
7.75712e+06
-364072
3.02286
0.00392088
0.00284773
0.000271769
0
0
0
1682191556.14122
msg_begin
7.75712e+06
-364072
3.02168
0.0643112
0.0188294
0.000862849
0
0
0
1682191556.19124
msg_begin
7.75712e+06
-364072
3.01671
2.42144e-08
7.567e-10
0
0
0
0
1682191556.24123
msg_begin
7.75712e+06
-364071
3.01798
0.00759845
0.00717805
0.000348283
0
0
0
1682191556.29120
msg_begin
7.75712e+06
-364071
3.01776
0.0119966
0.00708382
0.000484104
0
0
0
1682191556.34118
msg_begin
7.75712e+06
-364071
3.0179
0.00439968
0.00405042
0.000238737
0
0
0
1682191556.39122
msg_begin
7.75712e+06
-364071
3.01122
0.0043133
3.41241e-05
0.000258007
0
0
0
1682191556.44120
msg_begin
7.75712e+06
-364071
3.00928
0.00946076
0.00266808
0.000305709
0
0
0
1682191556.49116
msg_begin
7.75712e+06
-364071
3.00755
0.00565493
0.00518497
0.000796516
0
0
0
1682191556.54115
msg_begin
7.75712e+06
-364071
3.00667
0.00236601
0.00646195
0.000257979
0
0
0
1682191556.59112
msg_begin
7.75712e+06
-364071
3.00795
3.5205e-05
0.000679069
7.66582e-06
0
0
0
1682191556.64113
msg_begin
7.75712e+06
-364071
3.00664
0.00582797
0.00284201
0.000488764
0
0
0
1682191556.69110
msg_begin
7.75712e+06
-364071
3.00556
0.00655979
0.00777324
0.000372763
0
0
0
1682191556.74109
msg_begin
7.75712e+06
-364071
3.00348
0.00734789
0.00247082
0.000338755
0
0
0
1682191556.79109
msg_begin
7.75712e+06
-364071
3.00099
0.00441218
0.00352252
0.00031273
0
0
0
1682191556.84109
msg_begin
7.75712e+06
-364071
3.00177
0.00538829
0.00140578
0.000119817
0
0
0
1682191556.89123
msg_begin
7.75712e+06
-364071
2.99955
0.0104502
0.00105449
0.000156971
0
0
0
1682191556.94199
msg_begin
7.75711e+06
-364071
3.00188
0.0164278
0.00752438
0.000303402
0
0
0
1682191556.99110
msg_begin
7.75711e+06
-364071
2.99891
0.00876025
0.00151023
0.000463689
0
0
0
1682191557.04109
msg_begin
7.75711e+06
-364071
2.99623
0.0137413
0.00754125
0.00126462
0
0
0
1682191557.09107
msg_begin
7.75711e+06
-364071
2.99652
0.0226791
0.00748021
0.000603507
0
0
0
1682191557.14112
msg_begin
7.75711e+06
-364070
2.99731
0.00474947
0.00316693
0.000360725
0
0
0
1682191557.19109
msg_begin
7.75711e+06
-364070
2.99708
0.0358256
0.00398366
0.000622481
0
0
0
1682191557.24117
msg_begin
7.75711e+06
-364070
2.99748
0.00632982
0.00783762
0.000591703
0
0
0
1682191557.29124
msg_begin
7.75711e+06
-364070
2.99777
0.00207138
0.000462727
9.87679e-05
0
0
0
1682191557.34125
msg_begin
7.75711e+06
-364070
2.99721
0.0288733
0.00535449
0.000286342
0
0
0
1682191557.39140
msg_begin
7.75711e+06
-364070
2.99404
0.00609219
0.00930152
0.000884303
0
0
0
1682191557.44137
msg_begin
7.75711e+06
-364070
2.99435
0.0179239
0.00318246
0.000570196
0
0
0
1682191557.49137
msg_begin
7.75711e+06
-364070
2.99125
0.0283815
0.00328853
0.000678785
0
0
0
1682191557.54136
msg_begin
7.75711e+06
-364070
2.99177
0.0210779
0.00568029
0.000630599
0
0
0
1682191557.59141
msg_begin
7.75711e+06
-364070
2.99431
0.00716001
0.00659511
0.00111556
0
0
0
1682191557.64138
msg_begin
7.75711e+06
-364070
2.99131
0.0203792
0.00286871
0.000841154
0
0
0
1682191557.69155
msg_begin
7.75711e+06
-364070
2.9924
0.0222227
0.00705975
0.000657
0
0
0
1682191557.74138
msg_begin
7.75711e+06
-364070
2.99142
0.0147516
0.00197346
0.00020179
0
0
0
1682191557.79160
msg_begin
7.75711e+06
-364070
2.99248
0.0516741
0.00815815
0.000277155
0
0
0
1682191557.84124
msg_begin
7.75711e+06
-364070
2.99087
0.00117855
0.00310837
0.000369101
0
0
0
1682191557.89134
msg_begin
7.75711e+06
-364070
2.99012
0.0200724
0.00398513
0.000242517
0
0
0
1682191557.94285
msg_begin
7.75711e+06
-364069
2.9912
0.00650893
0.0012424
0.00100891
0
0
0
1682191557.99128
msg_begin
7.75711e+06
-364069
2.9905
0.00744303
0.0131585
0.00120176
0
0
0
1682191558.04132
msg_begin
7.7571e+06
-364069
2.98986
0.0158663
0.0136123
0.000519971
0
0
0
1682191558.09132
msg_begin
7.7571e+06
-364069
2.99328
0.00976724
0.00430225
0.00121349
0
0
0
1682191558.14136
msg_begin
7.7571e+06
-364069
2.99139
0.0822648
0.0109864
0.000989872
0
0
0
1682191558.19146
msg_begin
7.7571e+06
-364069
2.9914
0.0218444
0.00330091
3.6312e-05
0
0
0
1682191558.24152
msg_begin
7.7571e+06
-364069
2.99149
0.0093249
0.0047294
0.000394939
0
0
0
1682191558.29160
msg_begin
7.7571e+06
-364069
2.98994
0.0104653
0.00614865
0.000776578
0
0
0
1682191558.34159
msg_begin
7.7571e+06
-364069
2.99053
0.0387394
0.00866191
0.000870701
0
0
0
1682191558.39165
msg_begin
7.7571e+06
-364069
2.99302
0.0068605
0.00607128
0.000697292
0
0
0
1682191558.44166
msg_begin
7.7571e+06
-364069
2.99291
0.00619459
0.010057
0.000844143
0
0
0
1682191558.49168
msg_begin
7.7571e+06
-364069
2.99286
0.0642419
0.0150407
0.00122641
0
0
0
1682191558.54162
msg_begin
7.7571e+06
-364069
2.99311
0.00238323
0.00337608
0.000244512
0
0
0
1682191558.59183
msg_begin
7.7571e+06
-364069
2.99365
0.00229888
0.00268005
0.000231634
0
0
0
1682191558.64164
msg_begin
7.7571e+06
-364069
2.99516
0.0166898
0.00500176
0.000650586
0
0
0
1682191558.69174
msg_begin
7.7571e+06
-364068
2.99724
0.00231176
0.00044409
0.00013896
0
0
0
1682191558.74167
msg_begin
7.7571e+06
-364068
2.99981
0.0151151
0.00246687
0.000172397
0
0
0
1682191558.79161
msg_begin
7.7571e+06
-364068
2.9997
0.00176819
0.00062924
0.000125807
0
0
0
1682191558.84165
msg_begin
7.7571e+06
-364068
3.00036
0.00701234
0.00656518
0.000466326
0
0
0
1682191558.89162
msg_begin
7.7571e+06
-364068
3.00107
0.000998685
0.000905021
0.000108531
0
0
0
1682191558.94159
msg_begin
7.7571e+06
-364068
3.00866
1.86265e-08
4.07454e-10
8.88178e-16
0
0
0
1682191558.99155
msg_begin
7.7571e+06
-364068
3.00885
0.00473182
0.000427335
0.000151001
0
0
0
1682191559.04150
msg_begin
7.7571e+06
-364068
3.00973
0.0143216
0.00760241
0.000357518
0
0
0
1682191559.09158
msg_begin
7.7571e+06
-364068
3.0122
0.0357053
0.00554664
0.00276878
0
0
0
1682191559.14193
msg_begin
7.75709e+06
-364068
3.01498
0.0188754
0.00271949
0.000898803
0
0
0
1682191559.19155
msg_begin
7.75709e+06
-364068
3.01491
0.00358563
0.0013616
0.000138753
0
0
0
1682191559.24155
msg_begin
7.75709e+06
-364068
3.01906
0.00107833
0.00365263
0.000730006
0
0
0
1682191559.29161
msg_begin
7.75709e+06
-364068
3.02101
0.0260832
0.00493223
0.00104984
0
0
0
1682191559.34171
msg_begin
7.75709e+06
-364068
3.02249
0.00587098
0.00142286
0.000430624
0
0
0
1682191559.39173
msg_begin
7.75709e+06
-364068
3.02785
0.00863632
0.00625352
0.000490625
0
0
0
1682191559.44175
msg_begin
7.75709e+06
-364068
3.03117
0.0035804
0.00184051
0.00042801
0
0
0
1682191559.49174
msg_begin
7.75709e+06
-364068
3.03357
0.0301423
0.0114469
0.00131794
0
0
0
1682191559.54176
msg_begin
7.75709e+06
-364068
3.03932
1.49012e-08
3.49246e-10
8.88178e-16
0
0
0
1682191559.59173
msg_begin
7.75709e+06
-364068
3.04198
0.0215683
0.00638694
0.000844466
0
0
0
1682191559.64177
msg_begin
7.75709e+06
-364067
3.04489
0.0251099
0.00706895
0.000792048
0
0
0
1682191559.69174
msg_begin
7.75709e+06
-364067
3.04815
0.00275041
0.000934282
0.000151008
0
0
0
1682191559.74172
msg_begin
7.75709e+06
-364067
3.04934
0.00299399
0.0020482
2.88335e-05
0
0
0
1682191559.79177
msg_begin
7.75709e+06
-364067
3.05418
0.00525869
0.00483424
0.000279364
0
0
0
1682191559.84180
msg_begin
7.75709e+06
-364067
3.05807
0.0117174
0.00518522
0.000943044
0
0
0
1682191559.89182
msg_begin
7.75709e+06
-364067
3.06281
0.0015454
0.00233199
0.000412987
0
0
0
1682191559.94186
msg_begin
7.75709e+06
-364067
3.06825
0.0204174
0.000631252
0.000252382
0
0
0
1682191559.99194
msg_begin
7.75709e+06
-364067
3.07161
0.00896715
0.00386944
0.000775933
0
0
0
1682191560.04192
msg_begin
7.75709e+06
-364067
3.07385
0.0100423
0.00288884
0.000344252
0
0
0
1682191560.09191
msg_begin
7.75709e+06
-364067
3.07767
0.00530697
0.00138245
0.000197077
0
0
0
1682191560.14185
msg_begin
7.75709e+06
-364067
3.07984
0.0104951
0.00989934
0.000864846
0
0
0
1682191560.19192
msg_begin
7.75709e+06
-364067
3.08474
2.98023e-08
2.91038e-10
0
0
0
0
1682191560.24189
msg_begin
7.75708e+06
-364067
3.08462
0.00915199
0.00147811
0.000427182
0
0
0
1682191560.29185
msg_begin
7.75708e+06
-364067
3.08931
0.0115759
0.0076968
0.000476355
0
0
0
1682191560.34196
msg_begin
7.75708e+06
-364067
3.0949
0.00258789
0.00126598
0.000246774
0
0
0
1682191560.39184
msg_begin
7.75708e+06
-364067
3.09509
0.0158195
0.00529045
0.000403144
0
0
0
1682191560.44183
msg_begin
7.75708e+06
-364067
3.10033
0.00447412
0.00157255
0.000137591
0
0
0
1682191560.49219
msg_begin
7.75708e+06
-364067
3.10118
0.042855
0.00638711
0.000424731
0
0
0
1682191560.54173
msg_begin
7.75708e+06
-364067
3.10407
0.0168072
0.00644436
0.0011303
0
0
0
1682191560.59179
msg_begin
7.75708e+06
-364067
3.10646
0.00299556
0.00240135
0.00123161
0
0
0
1682191560.64180
msg_begin
7.75708e+06
-364067
3.10985
0.0284727
0.00306242
0.000307435
0
0
0
1682191560.69180
msg_begin
7.75708e+06
-364067
3.11297
0.00868864
0.00875893
0.000387973
0
0
0
1682191560.74179
msg_begin
7.75708e+06
-364067
3.11402
0.00964984
0.00509389
0.000162678
0
0
0
1682191560.79185
msg_begin
7.75708e+06
-364067
3.12065
1.49012e-08
2.67755e-09
0
0
0
0
1682191560.84194
msg_begin
7.75708e+06
-364067
3.12363
0.0112302
0.00490804
0.000673108
0
0
0
1682191560.89196
msg_begin
7.75708e+06
-364067
3.12645
0.00708826
0.00114109
7.48913e-05
0
0
0
1682191560.94203
msg_begin
7.75708e+06
-364067
3.12726
0.0112426
0.00397069
0.00051722
0
0
0
1682191560.99208
msg_begin
7.75708e+06
-364067
3.12705
0.000961345
0.000171268
7.93382e-05
0
0
0
1682191561.04209
msg_begin
7.75708e+06
-364067
3.12667
0.0365043
0.00645084
0.00036498
0
0
0
1682191561.09210
msg_begin
7.75708e+06
-364067
3.12864
0.00478284
0.00279855
0.00033833
0
0
0
1682191561.14211
msg_begin
7.75708e+06
-364067
3.12883
0.000329149
0.000480299
9.11663e-05
0
0
0
1682191561.19219
msg_begin
7.75708e+06
-364067
3.12843
0.0199685
0.00273083
0.000778186
0
0
0
1682191561.24222
msg_begin
7.75708e+06
-364067
3.12901
0.00357828
0.00501333
0.000173707
0
0
0
1682191561.29221
msg_begin
7.75707e+06
-364067
3.12924
0.0217397
0.00521025
0.00083969
0
0
0
1682191561.34225
msg_begin
7.75707e+06
-364067
3.13021
0.0075783
0.00102563
0.000279156
0
0
0
1682191561.39229
msg_begin
7.75707e+06
-364067
3.13005
0.0104674
0.0104872
0.00102535
0
0
0
1682191561.44226
msg_begin
7.75707e+06
-364067
3.13225
0.00807744
0.00814204
0.00130777
0
0
0
1682191561.49216
msg_begin
7.75707e+06
-364067
3.12733
0.00451026
0.0024224
0.000295576
0
0
0
1682191561.54217
msg_begin
7.75707e+06
-364067
3.12761
0.0395443
0.00662425
0.000697415
0
0
0
1682191561.59212
msg_begin
7.75707e+06
-364067
3.12854
0.0153839
0.00105814
0.000686177
0
0
0
1682191561.64215
msg_begin
7.75707e+06
-364067
3.12927
0.00369867
0.00157625
0.000260886
0
0
0
1682191561.69210
msg_begin
7.75707e+06
-364067
3.1241
0.0174114
0.00690128
0.000701294
0
0
0
1682191561.74211
msg_begin
7.75707e+06
-364067
3.12189
0.00450962
0.00398565
0.000206075
0
0
0
1682191561.79218
msg_begin
7.75707e+06
-364067
3.11892
0.0102553
0.00381731
0.000436999
0
0
0
1682191561.84213
msg_begin
7.75707e+06
-364067
3.11803
0.00201625
0.000622766
3.12513e-05
0
0
0
1682191561.89215
msg_begin
7.75707e+06
-364067
3.11239
4.82872e-05
0.00052321
3.42921e-05
0
0
0
1682191561.94279
msg_begin
7.75707e+06
-364067
3.11105
0.0305168
0.00297813
0.00150357
0
0
0
1682191561.99211
msg_begin
7.75707e+06
-364067
3.10795
0.0583719
0.0177297
0.00173522
0
0
0
1682191562.04211
msg_begin
7.75707e+06
-364067
3.10263
0.00887994
0.00135399
0.000204486
0
0
0
1682191562.09210
msg_begin
7.75707e+06
-364067
3.10112
0.0356825
0.00716589
0.000719934
0
0
0
1682191562.14202
msg_begin
7.75707e+06
-364067
3.09474
0.0114113
0.00177037
0.000315082
0
0
0
1682191562.19226
msg_begin
7.75707e+06
-364067
3.09246
0.00726601
0.00364278
0.000459425
0
0
0
1682191562.24203
msg_begin
7.75707e+06
-364067
3.09043
0.0535724
0.00323826
0.0003262
0
0
0
1682191562.29195
msg_begin
7.75707e+06
-364067
3.08326
0.00647223
0.0136446
0.000643094
0
0
0
1682191562.34257
msg_begin
7.75707e+06
-364067
3.08144
1.67638e-08
9.31323e-10
0
0
0
0
1682191562.39197
msg_begin
7.75706e+06
-364067
3.07736
0.026891
0.00730205
0.00202549
0
0
0
1682191562.44195
msg_begin
7.75706e+06
-364067
3.07364
0.0216194
0.00441778
0.000762148
0
0
0
1682191562.49204
msg_begin
7.75706e+06
-364067
3.07243
0.00594089
0.00198744
0.000501477
0
0
0
1682191562.54198
msg_begin
7.75706e+06
-364067
3.06789
0.0233975
0.00404196
0.00057835
0
0
0
1682191562.59197
msg_begin
7.75706e+06
-364067
3.06544
0.0286395
0.00486419
0.000213998
0
0
0
1682191562.64196
msg_begin
7.75706e+06
-364067
3.06058
0.00899503
0.0038113
0.000330428
0
0
0
1682191562.69197
msg_begin
7.75706e+06
-364067
3.05556
0.0116354
0.00446447
0.000755813
0
0
0
1682191562.74193
msg_begin
7.75706e+06
-364067
3.05314
0.00937451
0.0056896
0.000223453
0
0
0
1682191562.79189
msg_begin
7.75706e+06
-364067
3.05029
0.00341597
0.00163171
0.000214672
0
0
0
1682191562.84189
msg_begin
7.75706e+06
-364067
3.04965
0.0125697
0.00518789
0.000751748
0
0
0
1682191562.89184
msg_begin
7.75706e+06
-364067
3.0494
0.0194801
0.010652
0.00233623
0
0
0
1682191562.94185
msg_begin
7.75706e+06
-364067
3.04505
0.00735435
0.00646767
0.00103657
0
0
0
1682191562.99192
msg_begin
7.75706e+06
-364066
3.0402
0.00399166
0.00421131
0.00022267
0
0
0
1682191563.04200
msg_begin
7.75706e+06
-364066
3.04274
2.42144e-08
1.74623e-10
0
0
0
0
1682191563.09198
msg_begin
7.75706e+06
-364066
3.0373
0.00337801
0.00288429
0.000175397
0
0
0
1682191563.14202
msg_begin
7.75706e+06
-364066
3.0369
0.013763
0.00670866
0.00167314
0
0
0
1682191563.19209
msg_begin
7.75706e+06
-364066
3.03224
0.0123999
0.0120887
0.00076111
0
0
0
1682191563.24212
msg_begin
7.75706e+06
-364066
3.03126
0.00815843
0.00573383
0.000418146
0
0
0
1682191563.29214
msg_begin
7.75706e+06
-364066
3.03047
0.0105907
0.00610053
0.000324763
0
0
0
1682191563.34212
msg_begin
7.75706e+06
-364066
3.03034
0.0136036
0.00435075
0.000563394
0
0
0
1682191563.39219
msg_begin
7.75706e+06
-364066
3.0256
0.005946
0.0083352
0.000531281
0
0
0
1682191563.44226
msg_begin
7.75705e+06
-364066
3.02555
0.0156739
0.00160975
0.000329987
0
0
0
1682191563.49223
msg_begin
7.75705e+06
-364066
3.02391
0.00801938
0.00134682
0.000217857
0
0
0
1682191563.54329
msg_begin
7.75705e+06
-364066
3.02184
0.00754649
0.00387347
0.000339699
0
0
0
1682191563.59227
msg_begin
7.75705e+06
-364066
3.01906
0.0540784
0.00531739
0.0020537
0
0
0
1682191563.64224
msg_begin
7.75705e+06
-364066
3.01758
0.0165406
0.0099844
0.00104716
0
0
0
1682191563.69222
msg_begin
7.75705e+06
-364066
3.01737
0.0396648
0.0140576
0.000668539
0
0
0
1682191563.74329
msg_begin
7.75705e+06
-364066
3.01685
0.0559843
0.014776
0.000582594
0
0
0
1682191563.79229
msg_begin
7.75705e+06
-364066
3.01798
8.3819e-09
2.44472e-09
4.44089e-16
0
0
0
1682191563.84219
msg_begin
7.75705e+06
-364066
3.01507
0.00564351
0.000249643
2.21923e-05
0
0
0
1682191563.89210
msg_begin
7.75705e+06
-364066
3.01166
0.00584524
0.00109842
0.000907722
0
0
0
1682191563.94201
msg_begin
7.75705e+06
-364066
3.00954
0.0322326
0.00649007
0.00153064
0
0
0
1682191563.99199
msg_begin
7.75705e+06
-364066
3.01142
0.0430308
0.0116316
0.00120783
0
0
0
1682191564.04198
msg_begin
7.75705e+06
-364065
3.00989
0.0135902
0.00208214
0.000203996
0
0
0
1682191564.09193
msg_begin
7.75705e+06
-364065
3.00749
0.0108078
0.00393495
0.000818923
0
0
0
1682191564.14233
msg_begin
7.75705e+06
-364065
3.00949
0.00993067
0.00188726
0.000317875
0
0
0
1682191564.19204
msg_begin
7.75705e+06
-364065
3.01097
0.0128773
0.00449721
0.000438001
0
0
0
1682191564.24192
msg_begin
7.75705e+06
-364065
3.0096
5.58794e-09
8.14907e-10
1.77636e-15
0
0
0
1682191564.29200
msg_begin
7.75705e+06
-364065
3.00948
0.0324536
0.00366367
0.000934259
0
0
0
1682191564.34199
msg_begin
7.75705e+06
-364065
3.00896
0.00499124
0.00110671
0.000156034
0
0
0
1682191564.39211
msg_begin
7.75705e+06
-364065
3.00537
0.00768103
0.00441248
0.000464873
0
0
0
1682191564.44218
msg_begin
7.75705e+06
-364065
3.00586
0.014147
0.00513926
0.000535766
0
0
0
1682191564.49235
msg_begin
7.75705e+06
-364065
3.00817
0.00115417
0.000578612
3.73655e-05
0
0
0
1682191564.54232
msg_begin
7.75704e+06
-364065
3.00571
0.00223888
0.00514397
0.000524569
0
0
0
1682191564.59242
msg_begin
7.75704e+06
-364065
3.00467
0.00166606
0.000469124
0.000113838
0
0
0
1682191564.64243
msg_begin
7.75704e+06
-364065
3.00733
0.00571916
0.00470566
0.000488227
0
0
0
1682191564.69245
msg_begin
7.75704e+06
-364065
3.00887
0.0185349
0.00745803
0.000902313
0
0
0
1682191564.74413
msg_begin
7.75704e+06
-364065
3.00944
0.00729311
0.00363194
0.000380949
0
0
0
1682191564.79253
msg_begin
7.75704e+06
-364065
3.00581
0.0288398
0.00740597
0.00154792
0
0
0
1682191564.84254
msg_begin
7.75704e+06
-364065
3.00746
0.0147551
0.00310391
0.00178034
0
0
0
1682191564.89258
msg_begin
7.75704e+06
-364065
3.00493
0.00434169
0.00695981
0.000435109
0
0
0
1682191564.94262
msg_begin
7.75704e+06
-364064
3.00428
0.00660144
0.00193467
0.000211271
0
0
0
1682191564.99301
msg_begin
7.75704e+06
-364064
3.00587
0.0211564
0.00531846
0.000510171
0
0
0
1682191565.04269
msg_begin
7.75704e+06
-364064
3.00687
3.25963e-08
2.85218e-09
4.44089e-16
0
0
0
1682191565.09276
msg_begin
7.75704e+06
-364064
3.00735
4.65661e-08
2.91038e-10
0
0
0
0
1682191565.14280
msg_begin
7.75704e+06
-364064
3.00422
0.00229175
0.00124458
0.000121985
0
0
0
1682191565.19274
msg_begin
7.75704e+06
-364064
3.00367
0.0304636
0.00499586
0.00122535
0
0
0
1682191565.24280
msg_begin
7.75704e+06
-364064
2.99917
0.00606885
0.00112177
5.60783e-05
0
0
0
1682191565.29281
msg_begin
7.75704e+06
-364064
3.00146
0.000575838
0.00264393
0.000339054
0
0
0
1682191565.34285
msg_begin
7.75704e+06
-364064
3.00102
0.0133943
0.00466827
0.000600769
0
0
0
1682191565.39277
msg_begin
7.75704e+06
-364064
2.99909
0.00149215
0.00101658
7.22364e-05
0
0
0
1682191565.44276
msg_begin
7.75704e+06
-364064
2.99942
0.030274
0.00311477
0.00113172
0
0
0
1682191565.49280
msg_begin
7.75704e+06
-364064
3.00307
0.0105212
0.00242551
0.000363669
0
0
0
1682191565.54277
msg_begin
7.75704e+06
-364064
3.00411
0.00207933
3.85044e-05
8.23132e-05
0
0
0
1682191565.59277
msg_begin
7.75704e+06
-364064
3.00102
0.0239024
0.00561295
0.000530661
0
0
0
1682191565.64269
msg_begin
7.75703e+06
-364064
2.99947
0.00689411
0.00127592
0.000182965
0
0
0
1682191565.69270
msg_begin
7.75703e+06
-364064
2.99748
0.0051568
0.00485511
0.00055738
0
0
0
1682191565.74293
msg_begin
7.75703e+06
-364064
2.99704
0.0125338
0.0030201
0.000209374
0
0
0
1682191565.79264
msg_begin
7.75703e+06
-364063
2.99717
0.0074956
8.77774e-05
2.23526e-05
0
0
0
1682191565.84250
msg_begin
7.75703e+06
-364063
2.99716
0.0137876
0.00561387
0.000832216
0
0
0
1682191565.89247
msg_begin
7.75703e+06
-364063
2.99827
0.00922299
0.0063265
0.000325662
0
0
0
1682191565.94261
msg_begin
7.75703e+06
-364063
2.99855
0.00387557
0.00175427
0.000357032
0
0
0
1682191565.99237
msg_begin
7.75703e+06
-364063
3.00011
0.0267355
0.00601725
0.00127088
0
0
0
1682191566.04238
msg_begin
7.75703e+06
-364063
3.00313
0.00621562
0.000878036
0.000215427
0
0
0
1682191566.09234
msg_begin
7.75703e+06
-364063
3.00159
0.0294156
0.00194002
0.00135265
0
0
0
1682191566.14237
msg_begin
7.75703e+06
-364063
3.00115
0.0285248
0.00808606
0.000863858
0
0
0
1682191566.19247
msg_begin
7.75703e+06
-364063
3.002
0.00687844
0.00331712
0.000576474
0
0
0
1682191566.24242
msg_begin
7.75703e+06
-364063
3.00142
0.0043552
0.000851344
0.000119715
0
0
0
1682191566.29244
msg_begin
7.75703e+06
-364063
3.00094
0.0302571
0.00887373
0.0014692
0
0
0
1682191566.34251
msg_begin
7.75703e+06
-364063
2.99972
0.00120071
0.00534144
9.33616e-05
0
0
0
1682191566.39255
msg_begin
7.75703e+06
-364063
3.00084
0.00384076
0.00210911
0.000607438
0
0
0
1682191566.44260
msg_begin
7.75703e+06
-364063
3.00054
0.00334416
0.00191297
0.000153468
0
0
0
1682191566.49268
msg_begin
7.75703e+06
-364063
3.00082
0.000263126
0.00851641
0.000288877
0
0
0
1682191566.54275
msg_begin
7.75703e+06
-364063
2.99929
0.0103234
0.00690252
0.000666528
0
0
0
1682191566.59276
msg_begin
7.75703e+06
-364062
2.99785
0.000988963
0.000716781
3.55312e-05
0
0
0
1682191566.64280
msg_begin
7.75703e+06
-364062
2.99827
0.000981766
0.000453931
1.5284e-05
0
0
0
1682191566.69287
msg_begin
7.75702e+06
-364062
2.99812
0.00545904
0.002161
0.000433744
0
0
0
1682191566.74280
msg_begin
7.75702e+06
-364062
2.99684
0.0204963
0.00176624
0.000162562
0
0
0
1682191566.79283
msg_begin
7.75702e+06
-364062
2.99588
0.00565961
0.00232981
0.000574493
0
0
0
1682191566.84289
msg_begin
7.75702e+06
-364062
2.99683
0.00606882
0.00101064
0.000167056
0
0
0
1682191566.89286
msg_begin
7.75702e+06
-364062
2.99585
0.00114515
0.000570327
9.41409e-05
0
0
0
1682191566.94332
msg_begin
7.75702e+06
-364062
2.99839
1.49012e-08
4.65661e-10
4.44089e-16
0
0
0
1682191566.99286
msg_begin
7.75702e+06
-364062
2.99956
0.0217791
0.00738149
0.00082147
0
0
0
1682191567.04273
msg_begin
7.75702e+06
-364062
2.99828
0.0451097
0.00491585
0.000710227
0
0
0
1682191567.09271
msg_begin
7.75702e+06
-364062
2.99709
0.000264021
0.000799637
9.81708e-05
0
0
0
1682191567.14281
msg_begin
7.75702e+06
-364062
2.99815
0.00597871
0.00182365
0.000834277
0
0
0
1682191567.19268
msg_begin
7.75702e+06
-364062
2.99767
0.0198819
0.00513769
0.000261281
0
0
0
1682191567.24261
msg_begin
7.75702e+06
-364062
2.99707
0.0210052
0.00642338
0.00152639
0
0
0
1682191567.29266
msg_begin
7.75702e+06
-364062
2.99627
0.0238911
0.00294246
0.000535213
0
0
0
1682191567.34265
msg_begin
7.75702e+06
-364062
3.00027
6.70552e-08
2.38651e-09
0
0
0
0
1682191567.39269
msg_begin
7.75702e+06
-364062
3.00075
0.00251168
0.00173438
0.000100955
0
0
0
1682191567.44273
msg_begin
7.75702e+06
-364061
2.99866
0.00212452
0.00042863
0.000126601
0
0
0
1682191567.49277
msg_begin
7.75702e+06
-364061
3.00061
0.019333
0.005389
0.000482676
0
0
0
1682191567.54283
msg_begin
7.75702e+06
-364061
2.99771
0.0011586
0.00323577
0.000247837
0
0
0
1682191567.59282
msg_begin
7.75702e+06
-364061
2.99559
0.00386507
0.00148163
0.000180498
0
0
0
1682191567.64285
msg_begin
7.75702e+06
-364061
2.99612
4.74975e-08
2.79397e-09
8.88178e-16
0
0
0
1682191567.69291
msg_begin
7.75702e+06
-364061
2.9982
0.0101051
0.00756796
0.000529517
0
0
0
1682191567.74341
msg_begin
7.75701e+06
-364061
2.99657
0.00963459
0.00436192
0.000822528
0
0
0
1682191567.79300
msg_begin
7.75701e+06
-364061
2.99653
0.00476451
0.00322443
0.000251286
0
0
0
1682191567.84307
msg_begin
7.75701e+06
-364061
2.99945
0.00994148
0.00322296
0.00102222
0
0
0
1682191567.89308
msg_begin
7.75701e+06
-364061
2.99829
0.017253
0.00625227
0.000652349
0
0
0
1682191567.94427
msg_begin
7.75701e+06
-364061
2.99839
0.00718767
0.0026319
0.000482509
0
0
0
1682191567.99309
msg_begin
7.75701e+06
-364061
2.99631
0.0295264
0.00968312
0.00177637
0
0
0
1682191568.04313
msg_begin
7.75701e+06
-364061
2.99781
0.00836988
0.00905681
0.00064843
0
0
0
1682191568.09310
msg_begin
7.75701e+06
-364061
2.9974
0.00460845
0.00390396
0.0001486
0
0
0
1682191568.14398
msg_begin
7.75701e+06
-364061
2.99547
0.00636286
0.00725231
0.000586848
0
0
0
1682191568.19312
msg_begin
7.75701e+06
-364061
2.99567
0.00184539
0.000543172
0.00017317
0
0
0
1682191568.24306
msg_begin
7.75701e+06
-364061
2.99724
0.0166072
0.00786573
0.000116509
0
0
0
1682191568.29300
msg_begin
7.75701e+06
-364060
2.99759
0.00466667
0.00202597
0.000179934
0
0
0
1682191568.34305
msg_begin
7.75701e+06
-364060
2.99685
0.00991715
0.0044459
0.00138028
0
0
0
1682191568.39305
msg_begin
7.75701e+06
-364060
2.99808
0.0159656
0.00383901
0.000723094
0
0
0
1682191568.44308
msg_begin
7.75701e+06
-364060
2.99577
0.00284668
0.0036488
0.000423626
0
0
0
1682191568.49311
msg_begin
7.75701e+06
-364060
2.99459
0.0218293
0.00629497
0.000863436
0
0
0
1682191568.54352
msg_begin
7.75701e+06
-364060
2.99286
0.0124462
0.00799727
0.000694052
0
0
0
1682191568.59353
msg_begin
7.75701e+06
-364060
2.99439
0.0132078
0.00248027
0.000643905
0
0
0
1682191568.64329
msg_begin
7.75701e+06
-364060
2.99521
0.0108277
0.00356786
0.000415757
0
0
0
1682191568.69343
msg_begin
7.75701e+06
-364060
2.99146
0.00825858
0.00370905
0.000523589
0
0
0
1682191568.74416
msg_begin
7.75701e+06
-364060
2.99246
0.0067069
0.00458384
0.000516271
0
0
0
1682191568.79345
msg_begin
7.75701e+06
-364060
2.99389
0.000707644
0.00101053
1.28479e-05
0
0
0
1682191568.84348
msg_begin
7.757e+06
-364060
2.99144
0.0190962
0.00688768
0.000567791
0
0
0
1682191568.89348
msg_begin
7.757e+06
-364060
2.99223
0.0132405
0.01165
0.000904284
0
0
0
1682191568.94386
msg_begin
7.757e+06
-364060
2.99572
0.00875287
0.00274722
0.000565132
0
0
0
1682191568.99351
msg_begin
7.757e+06
-364060
2.99347
0.00239419
0.00476693
0.000393773
0
0
0
1682191569.04357
msg_begin
7.757e+06
-364060
2.99488
0.0121272
0.00192929
0.000173744
0
0
0
1682191569.09358
msg_begin
7.757e+06
-364060
2.99282
0.0128317
0.00272383
0.000150198
0
0
0
1682191569.14393
msg_begin
7.757e+06
-364059
2.98943
0.011391
0.0135139
0.000743894
0
0
0
1682191569.19358
msg_begin
7.757e+06
-364059
2.9897
0.00600287
0.00325759
0.00142218
0
0
0
1682191569.24352
msg_begin
7.757e+06
-364059
2.99315
0.0195223
0.00246075
0.000623189
0
0
0
1682191569.29344
msg_begin
7.757e+06
-364059
2.99595
0.00973365
0.00619144
0.000813433
0
0
0
1682191569.34339
msg_begin
7.757e+06
-364059
2.99341
0.00630071
0.00613658
0.000355207
0
0
0
1682191569.39332
msg_begin
7.757e+06
-364059
2.9944
0.00482201
0.00561427
0.00172185
0
0
0
1682191569.44324
msg_begin
7.757e+06
-364059
2.99352
0.00138932
0.00111374
4.59785e-05
0
0
0
1682191569.49319
msg_begin
7.757e+06
-364059
2.99517
0.0101907
0.000512613
0.00106333
0
0
0
1682191569.54316
msg_begin
7.757e+06
-364059
2.99571
0.00557002
0.00406218
0.000407134
0
0
0
1682191569.59307
msg_begin
7.757e+06
-364059
2.99574
0.0066733
0.00586783
0.00118191
0
0
0
1682191569.64313
msg_begin
7.757e+06
-364059
2.99557
0.00573189
0.00158294
0.000245772
0
0
0
1682191569.69310
msg_begin
7.757e+06
-364059
2.99777
0.0057122
0.0138142
0.000790866
0
0
0
1682191569.74336
msg_begin
7.757e+06
-364059
2.99672
6.14673e-08
3.25963e-09
0
0
0
0
1682191569.84778
msg_begin
7.757e+06
-364059
2.99805
8.3819e-09
2.61934e-09
8.88178e-16
0
0
0
1682191569.89326
msg_begin
7.757e+06
-364059
2.99825
0.00319089
0.000764794
0.000102798
0
0
0
1682191569.94339
msg_begin
7.75699e+06
-364058
2.99685
0.0126146
0.00284851
0.00171079
0
0
0
1682191569.99347
msg_begin
7.75699e+06
-364058
2.99568
0.013319
0.00886636
0.00113114
0
0
0
1682191570.04345
msg_begin
7.75699e+06
-364058
2.99792
0.000509628
0.000469052
2.47521e-06
0
0
0
1682191570.09352
msg_begin
7.75699e+06
-364058
2.99801
0.0110046
0.00446369
0.000768907
0
0
0
1682191570.14418
msg_begin
7.75699e+06
-364058
2.99778
0.0289394
0.00890521
0.00105651
0
0
0
1682191570.19359
msg_begin
7.75699e+06
-364058
2.99697
0.0153382
0.00471488
0.000737518
0
0
0
1682191570.24361
msg_begin
7.75699e+06
-364058
2.99536
0.0629422
0.00983359
0.000480436
0
0
0
1682191570.29362
msg_begin
7.75699e+06
-364058
2.99517
0.0261446
0.00866371
0.0011702
0
0
0
1682191570.34366
msg_begin
7.75699e+06
-364058
2.99837
1.86265e-09
1.22236e-09
1.33227e-15
0
0
0
1682191570.39363
msg_begin
7.75699e+06
-364058
2.99938
0.00188893
0.000364291
3.88614e-05
0
0
0
1682191570.44354
msg_begin
7.75699e+06
-364058
2.99631
0.00336785
0.00397849
0.000330062
0
0
0
1682191570.49352
msg_begin
7.75699e+06
-364058
2.99608
0.0109843
0.0037167
0.00132181
0
0
0
1682191570.54347
msg_begin
7.75699e+06
-364058
2.99635
0.000212102
0.00017455
1.03568e-05
0
0
0
1682191570.59354
msg_begin
7.75699e+06
-364058
2.99587
0.0200713
0.00935995
0.00161855
0
0
0
1682191570.64347
msg_begin
7.75699e+06
-364058
2.9979
0.0103772
0.0049709
0.000546363
0
0
0
1682191570.69344
msg_begin
7.75699e+06
-364058
2.99751
0.00160126
0.00603858
0.000683724
0
0
0
1682191570.74352
msg_begin
7.75699e+06
-364058
2.99795
0.0256113
0.00106557
0.000338135
0
0
0
1682191570.79336
msg_begin
7.75699e+06
-364057
2.99525
0.041051
0.0086111
0.000487808
0
0
0
1682191570.84342
msg_begin
7.75699e+06
-364057
2.99621
0.0115062
0.00289954
0.000320452
0
0
0
1682191570.89336
msg_begin
7.75699e+06
-364057
2.99599
0.0241676
0.00625771
0.000533937
0
0
0
1682191570.94331
msg_begin
7.75699e+06
-364057
2.99572
0.00396758
0.00250915
0.000301988
0
0
0
1682191570.99335
msg_begin
7.75699e+06
-364057
2.99375
0.0211495
0.00590776
0.00156756
0
0
0
1682191571.04334
msg_begin
7.75698e+06
-364057
2.99563
0.00693273
0.00288421
0.000433377
0
0
0
1682191571.09329
msg_begin
7.75698e+06
-364057
2.99598
0.00408788
0.00173868
0.000207166
0
0
0
1682191571.14340
msg_begin
7.75698e+06
-364057
2.99129
0.0227797
0.00574154
0.000825152
0
0
0
1682191571.19323
msg_begin
7.75698e+06
-364057
2.99523
0.00275953
0.00631551
0.00120791
0
0
0
1682191571.24313
msg_begin
7.75698e+06
-364057
2.99494
0.00307244
0.0017792
4.75573e-05
0
0
0
1682191571.29310
msg_begin
7.75698e+06
-364057
2.99609
0.038147
0.00829833
0.000880865
0
0
0
1682191571.34315
msg_begin
7.75698e+06
-364057
2.99023
0.0145092
0.00670518
0.00146107
0
0
0
1682191571.39310
msg_begin
7.75698e+06
-364057
2.99053
0.0105609
0.00422236
0.000746375
0
0
0
1682191571.44301
msg_begin
7.75698e+06
-364057
2.99034
0.0208157
0.00240123
0.000784559
0
0
0
1682191571.49307
msg_begin
7.75698e+06
-364057
2.9906
0.0151704
0.00349008
0.000484931
0
0
0
1682191571.54309
msg_begin
7.75698e+06
-364057
2.98952
0.00897598
0.00418559
0.000541121
0
0
0
1682191571.59308
msg_begin
7.75698e+06
-364056
2.99065
0.012301
0.00383402
0.000725524
0
0
0
1682191571.64315
msg_begin
7.75698e+06
-364056
2.99052
0.0210149
0.00144357
0.000214933
0
0
0
1682191571.69320
msg_begin
7.75698e+06
-364056
2.991
0.005699
0.00281933
0.000436715
0
0
0
1682191571.74330
msg_begin
7.75698e+06
-364056
2.99322
0.00203905
0.000511819
9.31992e-05
0
0
0
1682191571.79341
msg_begin
7.75698e+06
-364056
2.99351
0.00858548
0.00532947
0.000576237
0
0
0
1682191571.84345
msg_begin
7.75698e+06
-364056
2.99161
0.00383137
0.00125724
0.000185912
0
0
0
1682191571.89353
msg_begin
7.75698e+06
-364056
2.99204
0.00880614
0.00226321
0.000366372
0
0
0
1682191571.94368
msg_begin
7.75698e+06
-364056
2.99242
0.00724424
0.00295387
0.000331151
0
0
0
1682191571.99364
msg_begin
7.75698e+06
-364056
2.99259
0.0150696
0.00434012
0.000953557
0
0
0
1682191572.04367
msg_begin
7.75698e+06
-364056
2.99176
0.00420105
0.00102618
0.000148638
0
0
0
1682191572.09373
msg_begin
7.75698e+06
-364056
2.99316
7.45058e-09
2.32831e-10
8.88178e-16
0
0
0
1682191572.14524
msg_begin
7.75697e+06
-364056
2.9895
0.000623561
0.0021166
7.78222e-05
0
0
0
1682191572.19375
msg_begin
7.75697e+06
-364056
2.98882
0.00816871
0.00228443
0.00023142
0
0
0
1682191572.24375
msg_begin
7.75697e+06
-364056
2.99151
0.00164453
0.00164481
0.000246329
0
0
0
1682191572.29379
msg_begin
7.75697e+06
-364056
2.99015
0.00523909
0.00242438
0.000226565
0
0
0
1682191572.34377
msg_begin
7.75697e+06
-364056
2.98766
0.00766341
0.00716721
0.000794481
0
0
0
1682191572.39368
msg_begin
7.75697e+06
-364055
2.98846
0.00705508
0.00332695
0.000604443
0
0
0
1682191572.44371
msg_begin
7.75697e+06
-364055
2.99121
0.00229332
0.000145517
0.000112638
0
0
0
1682191572.49372
msg_begin
7.75697e+06
-364055
2.99177
0.0102458
0.0013342
0.000803927
0
0
0
1682191572.54455
msg_begin
7.75697e+06
-364055
2.99127
0.00485511
0.00178568
0.000338073
0
0
0
1682191572.59377
msg_begin
7.75697e+06
-364055
2.99023
0.0613339
0.012513
0.000679
0
0
0
1682191572.64377
msg_begin
7.75697e+06
-364055
2.98876
0.0235591
0.00533562
0.000572447
0
0
0
1682191572.69373
msg_begin
7.75697e+06
-364055
2.98994
0.00777531
0.00669445
0.00124752
0
0
0
1682191572.74378
msg_begin
7.75697e+06
-364055
2.99229
0.00694135
0.00300334
0.00063511
0
0
0
1682191572.79382
msg_begin
7.75697e+06
-364055
2.99009
0.00624045
0.00279181
0.000546741
0
0
0
1682191572.84377
msg_begin
7.75697e+06
-364055
2.99021
0.0161114
0.00622239
0.00112576
0
0
0
1682191572.89376
msg_begin
7.75697e+06
-364055
2.99084
0.00280788
0.00507104
0.000310012
0
0
0
1682191572.94379
msg_begin
7.75697e+06
-364055
2.98872
0.00957661
0.00247342
0.000894536
0
0
0
1682191572.99375
msg_begin
7.75697e+06
-364055
2.99207
0.0101307
0.00815646
0.000542703
0
0
0
1682191573.04379
msg_begin
7.75697e+06
-364055
2.98995
0.00607579
0.00108787
5.7349e-05
0
0
0
1682191573.09380
msg_begin
7.75697e+06
-364055
2.98753
0.00899828
0.00256157
0.000416045
0
0
0
1682191573.14387
msg_begin
7.75697e+06
-364055
2.98989
0.00581279
0.00322974
0.000469127
0
0
0
1682191573.19394
msg_begin
7.75697e+06
-364055
2.99258
0.0133491
0.00553631
0.000982345
0
0
0
1682191573.24400
msg_begin
7.75696e+06
-364054
2.99068
0.0169328
0.00317249
0.000477217
0
0
0
1682191573.29396
msg_begin
7.75696e+06
-364054
2.99117
0.00834964
0.00338886
0.000437915
0
0
0
1682191573.34479
msg_begin
7.75696e+06
-364054
2.98986
0.0029335
0.00167975
0.000257807
0
0
0
1682191573.39406
msg_begin
7.75696e+06
-364054
2.99071
0.00623844
0.00167765
0.000100137
0
0
0
1682191573.44409
msg_begin
7.75696e+06
-364054
2.99228
0.0189924
0.0019144
0.00020362
0
0
0
1682191573.49418
msg_begin
7.75696e+06
-364054
2.99023
0.00336077
0.00173453
0.00103606
0
0
0
1682191573.54427
msg_begin
7.75696e+06
-364054
2.99117
0.00358602
0.00160065
0.000141001
0
0
0
1682191573.59426
msg_begin
7.75696e+06
-364054
2.98976
0.0151646
0.00325966
0.000760494
0
0
0
1682191573.64425
msg_begin
7.75696e+06
-364054
2.9926
0.0512169
0.00538197
0.000290664
0
0
0
1682191573.69426
msg_begin
7.75696e+06
-364054
2.98912
0.030823
0.0114197
0.000231834
0
0
0
1682191573.74419
msg_begin
7.75696e+06
-364054
2.98888
0.00170402
0.000570079
0.000151052
0
0
0
1682191573.79422
msg_begin
7.75696e+06
-364054
2.99198
0.00161748
0.000131117
0.000383593
0
0
0
1682191573.84427
msg_begin
7.75696e+06
-364054
2.99062
0.0140478
0.00646913
0.00124117
0
0
0
1682191573.89412
msg_begin
7.75696e+06
-364054
2.99006
0.0255367
0.00417551
0.000731468
0
0
0
1682191573.94410
msg_begin
7.75696e+06
-364054
2.99114
0.00338088
0.00152098
0.000601823
0
0
0
1682191573.99414
msg_begin
7.75696e+06
-364054
2.99136
0.00882041
0.00166045
0.000268834
0
0
0
1682191574.04409
msg_begin
7.75696e+06
-364053
2.99243
0.0290471
0.00574543
0.00173281
0
0
0
1682191574.09406
msg_begin
7.75696e+06
-364053
2.99016
0.00743209
0.00500639
0.000372438
0
0
0
1682191574.14401
msg_begin
7.75696e+06
-364053
2.98785
0.00979412
0.00384371
0.000774344
0
0
0
1682191574.19401
msg_begin
7.75696e+06
-364053
2.98943
0.00410405
0.00216244
0.000349801
0
0
0
1682191574.24398
msg_begin
7.75696e+06
-364053
2.98762
0.018575
0.00768717
0.000876367
0
0
0
1682191574.29402
msg_begin
7.75696e+06
-364053
2.9886
0.00542569
0.0073897
0.00048462
0
0
0
1682191574.34484
msg_begin
7.75696e+06
-364053
2.99021
0.0321053
0.00469876
0.000929063
0
0
0
1682191574.39398
msg_begin
7.75695e+06
-364053
2.99091
0.00304355
0.0040268
0.000486836
0
0
0
1682191574.44399
msg_begin
7.75695e+06
-364053
2.99084
0.00930772
0.00519528
0.00093999
0
0
0
1682191574.49399
msg_begin
7.75695e+06
-364053
2.99026
0.0206786
0.00433345
0.000547879
0
0
0
1682191574.54414
msg_begin
7.75695e+06
-364053
2.99006
0.0115807
0.00418848
0.000886919
0
0
0
1682191574.59400
msg_begin
7.75695e+06
-364053
2.99002
0.00746683
0.00246452
0.000364556
0
0
0
1682191574.64397
msg_begin
7.75695e+06
-364053
2.98882
0.01679
0.00710727
0.000759312
0
0
0
1682191574.69401
msg_begin
7.75695e+06
-364053
2.98879
0.00918157
0.00224939
0.000377547
0
0
0
1682191574.74428
msg_begin
7.75695e+06
-364053
2.99053
0.0101302
0.00433659
0.000610502
0
0
0
1682191574.79397
msg_begin
7.75695e+06
-364053
2.98934
0.00676289
0.00435239
0.000325707
0
0
0
1682191574.84389
msg_begin
7.75695e+06
-364053
2.99188
0.0132978
0.00428154
0.000462688
0
0
0
1682191574.89387
msg_begin
7.75695e+06
-364052
2.99103
0.0251688
0.00719532
0.000501231
0
0
0
1682191574.94400
msg_begin
7.75695e+06
-364052
2.9876
0.00787399
0.00202565
0.00092783
0
0
0
1682191574.99389
msg_begin
7.75695e+06
-364052
2.99127
0.00555728
0.000212301
0.000188925
0
0
0
1682191575.04391
msg_begin
7.75695e+06
-364052
2.99374
0.0120787
0.00321108
0.000556591
0
0
0
1682191575.09393
msg_begin
7.75695e+06
-364052
2.99171
0.0182083
0.00565625
0.00101578
0
0
0
1682191575.14417
msg_begin
7.75695e+06
-364052
2.99524
3.72529e-09
3.49246e-09
8.88178e-16
0
0
0
1682191575.24407
msg_begin
7.75695e+06
-364052
2.99307
0.00790536
0.00162561
9.16418e-05
0
0
0
1682191575.34425
msg_begin
7.75695e+06
-364052
2.99382
0.0520083
0.0174501
0.000441553
0
0
0
1682191575.39428
msg_begin
7.75695e+06
-364052
2.99477
0.0315978
0.0096642
0.000261606
0
0
0
1682191575.44440
msg_begin
7.75695e+06
-364052
2.99655
0.0042206
0.000794396
0.000319489
0
0
0
1682191575.49442
msg_begin
7.75695e+06
-364052
2.99504
0.00826722
0.000835625
0.000136992
0
0
0
1682191575.54452
msg_begin
7.75694e+06
-364052
2.99551
0.0163314
0.00477881
0.000665323
0
0
0
1682191575.59457
msg_begin
7.75694e+06
-364052
2.99423
6.51926e-09
3.66708e-09
0
0
0
0
1682191575.64456
msg_begin
7.75694e+06
-364052
2.99613
0.00506403
0.00780805
0.000439972
0
0
0
1682191575.69463
msg_begin
7.75694e+06
-364052
2.99593
0.00839854
0.00167906
0.000172271
0
0
0
1682191575.74494
msg_begin
7.75694e+06
-364052
2.99649
0.0124662
0.00407646
0.000572495
0
0
0
1682191575.79460
msg_begin
7.75694e+06
-364051
2.99615
0.00810258
0.00142143
0.000176214
0
0
0
1682191575.84463
msg_begin
7.75694e+06
-364051
2.99506
0.00463429
0.000281502
0.000163249
0
0
0
1682191575.89462
msg_begin
7.75694e+06
-364051
2.99534
0.00060942
0.000191961
1.25045e-05
0
0
0
1682191575.94460
msg_begin
7.75694e+06
-364051
2.99478
0.00619588
0.00357853
0.000615378
0
0
0
1682191575.99458
msg_begin
7.75694e+06
-364051
2.99505
0.00137634
0.0031547
0.000433453
0
0
0
1682191576.04457
msg_begin
7.75694e+06
-364051
2.996
0.0102221
0.00653259
0.00106943
0
0
0
1682191576.09452
msg_begin
7.75694e+06
-364051
2.99675
0.013999
0.00511636
0.00102746
0
0
0
1682191576.14453
msg_begin
7.75694e+06
-364051
2.99865
0.0162637
0.00381993
0.000389223
0
0
0
1682191576.19440
msg_begin
7.75694e+06
-364051
2.9986
0.0592774
0.0124774
0.000497871
0
0
0
1682191576.24436
msg_begin
7.75694e+06
-364051
2.99784
0.0124784
0.00448714
0.000365012
0
0
0
1682191576.29525
msg_begin
7.75694e+06
-364051
2.99934
0.0194435
0.0096946
0.000711743
0
0
0
1682191576.34438
msg_begin
7.75694e+06
-364051
2.99919
0.00800676
0.00757599
0.000292952
0
0
0
1682191576.39427
msg_begin
7.75694e+06
-364051
2.99596
0.00319176
0.00674312
0.000582771
0
0
0
1682191576.44426
msg_begin
7.75694e+06
-364051
2.99561
0.00403937
0.000967907
0.00053337
0
0
0
1682191576.49427
msg_begin
7.75694e+06
-364051
2.99556
0.00950239
0.00740892
0.000364333
0
0
0
1682191576.54427
msg_begin
7.75694e+06
-364051
2.99613
0.0154932
0.0105806
0.000606347
0
0
0
1682191576.59433
msg_begin
7.75694e+06
-364051
2.99473
0.00879277
0.0041817
0.00048265
0
0
0
1682191576.64436
msg_begin
7.75694e+06
-364050
2.9965
0.0088289
0.0048259
0.00106095
0
0
0
1682191576.69449
msg_begin
7.75693e+06
-364050
2.99573
0.0146794
0.00369912
0.00076904
0
0
0
1682191576.74460
msg_begin
7.75693e+06
-364050
2.99609
0.00775537
0.00196939
0.00049036
0
0
0
1682191576.79463
msg_begin
7.75693e+06
-364050
2.99606
0.00179688
0.000617232
7.76737e-05
0
0
0
1682191576.84466
msg_begin
7.75693e+06
-364050
2.99655
0.00783535
0.00415532
0.000291163
0
0
0
1682191576.89590
msg_begin
7.75693e+06
-364050
2.99729
0.0183327
0.00501715
0.00119513
0
0
0
1682191576.94506
msg_begin
7.75693e+06
-364050
2.99629
0.00652941
0.00117951
0.000309
0
0
0
1682191576.99485
msg_begin
7.75693e+06
-364050
2.99523
0.00859724
0.00907569
0.00100586
0
0
0
1682191577.04482
msg_begin
7.75693e+06
-364050
2.99517
0.00207619
0.00229674
0.00022565
0
0
0
1682191577.09534
msg_begin
7.75693e+06
-364050
2.99348
0.0131683
0.00166703
0.000250146
0
0
0
1682191577.14488
msg_begin
7.75693e+06
-364050
2.99779
0.0283201
0.00521625
0.0013867
0
0
0
1682191577.19500
msg_begin
7.75693e+06
-364050
2.99365
0.0113313
0.00255262
0.000320552
0
0
0
1682191577.24506
msg_begin
7.75693e+06
-364050
2.99473
2.79397e-08
2.32831e-10
4.44089e-16
0
0
0
1682191577.29574
msg_begin
7.75693e+06
-364050
2.99622
0.0118233
0.00206652
0.000482819
0
0
0
1682191577.34524
msg_begin
7.75693e+06
-364050
2.99519
0.00325525
0.00219628
0.000212666
0
0
0
1682191577.39514
msg_begin
7.75693e+06
-364050
2.99738
0.00770662
0.0039287
0.00101165
0
0
0
1682191577.44519
msg_begin
7.75693e+06
-364050
2.99551
0.00816182
0.0120685
0.000764239
0
0
0
1682191577.49611
msg_begin
7.75693e+06
-364050
2.99352
0.00685811
0.00715578
0.000770513
0
0
0
1682191577.54523
msg_begin
7.75693e+06
-364050
2.99725
0.00768905
0.000451443
0.000828327
0
0
0
1682191577.59530
msg_begin
7.75693e+06
-364049
2.99789
0.00831903
0.00323395
0.000528235
0
0
0
1682191577.64530
msg_begin
7.75693e+06
-364049
2.99823
0.00554966
0.00112259
0.000307873
0
0
0
1682191577.69612
msg_begin
7.75693e+06
-364049
2.99521
0.0121636
0.00452582
0.00122836
0
0
0
1682191577.74567
msg_begin
7.75693e+06
-364049
2.99801
0.00499153
0.00224475
0.00103564
0
0
0
1682191577.79533
msg_begin
7.75693e+06
-364049
2.99377
0.0185662
0.00129744
0.00016585
0
0
0
1682191577.84528
msg_begin
7.75693e+06
-364049
2.99448
0.00852535
0.00182579
0.000221978
0
0
0
1682191577.89618
msg_begin
7.75692e+06
-364049
2.99634
0.00440847
0.00556826
0.000585461
0
0
0
1682191577.94557
msg_begin
7.75692e+06
-364049
2.99824
0.00981862
0.00297676
0.000915066
0
0
0
1682191577.99528
msg_begin
7.75692e+06
-364049
2.99783
0.0117438
0.0103083
0.001054
0
0
0
1682191578.04524
msg_begin
7.75692e+06
-364049
2.99849
0.00698135
0.0019152
0.000268562
0
0
0
1682191578.09599
msg_begin
7.75692e+06
-364049
2.99727
0.00388168
0.00764921
0.000346117
0
0
0
1682191578.14548
msg_begin
7.75692e+06
-364049
2.99751
0.0303809
0.00368103
0.000648948
0
0
0
1682191578.19516
msg_begin
7.75692e+06
-364049
2.99625
0.0169609
0.00427661
0.000801343
0
0
0
1682191578.24518
msg_begin
7.75692e+06
-364049
2.9973
0.0104233
0.011641
0.000456268
0
0
0
1682191578.29588
msg_begin
7.75692e+06
-364049
2.99736
0.0284882
0.00186344
0.000229528
0
0
0
1682191578.34532
msg_begin
7.75692e+06
-364049
2.99896
0.0587074
0.0164919
0.00158954
0
0
0
1682191578.39515
msg_begin
7.75692e+06
-364049
2.99759
5.21541e-08
4.65661e-10
0
0
0
0
1682191578.44516
msg_begin
7.75692e+06
-364049
2.99836
0.0168839
0.00366875
0.000572558
0
0
0
1682191578.49547
msg_begin
7.75692e+06
-364049
2.99807
0.00935447
0.00418232
0.000524998
0
0
0
1682191578.54538
msg_begin
7.75692e+06
-364048
2.99792
0.0148895
0.00287071
0.000464541
0
0
0
1682191578.59507
msg_begin
7.75692e+06
-364048
2.99918
0.0163928
0.00155622
0.000240526
0
0
0
1682191578.64511
msg_begin
7.75692e+06
-364048
2.99936
0.00886424
0.00979781
0.00049612
0
0
0
1682191578.69603
msg_begin
7.75692e+06
-364048
2.99455
7.63685e-08
4.13274e-09
2.22045e-15
0
0
0
1682191578.74511
msg_begin
7.75692e+06
-364048
2.99533
0.00511674
0.00490524
0.00105198
0
0
0
1682191578.79508
msg_begin
7.75692e+06
-364048
2.99669
0.00478486
0.00119574
0.00025968
0
0
0
1682191578.84507
msg_begin
7.75692e+06
-364048
2.9947
0.0103137
0.00661088
0.000491674
0
0
0
1682191578.89612
msg_begin
7.75692e+06
-364048
2.99878
6.70552e-08
1.68802e-09
0
0
0
0
1682191578.94515
msg_begin
7.75692e+06
-364048
2.99743
0.00737372
0.00116611
0.000304923
0
0
0
1682191578.99494
msg_begin
7.75692e+06
-364048
2.99503
0.00298817
0.00106191
0.000103517
0
0
0
1682191579.04493
msg_begin
7.75692e+06
-364048
2.99749
0.0236225
0.00350477
0.000689685
0
0
0
1682191579.09495
msg_begin
7.75692e+06
-364048
3.00035
0.00234005
0.000667121
0.000266193
0
0
0
1682191579.14509
msg_begin
7.75692e+06
-364048
2.99664
0.0161562
0.00176213
0.000182498
0
0
0
1682191579.19492
msg_begin
7.75691e+06
-364048
2.99907
0.00905197
0.0077888
0.00177188
0
0
0
1682191579.24492
msg_begin
7.75691e+06
-364048
2.99711
0.000327974
0.000150878
2.08333e-05
0
0
0
1682191579.29588
msg_begin
7.75691e+06
-364048
2.99676
0.00109367
0.000242501
0.000157564
0
0
0
1682191579.34507
msg_begin
7.75691e+06
-364048
2.99628
0.00711326
0.00183642
0.000684341
0
0
0
1682191579.39483
msg_begin
7.75691e+06
-364048
2.99767
0.0121824
0.00172294
9.47693e-05
0
0
0
1682191579.44483
msg_begin
7.75691e+06
-364048
2.99735
0.00537437
0.00120597
5.25452e-05
0
0
0
1682191579.49496
msg_begin
7.75691e+06
-364048
2.99938
0.0051879
0.00325185
0.000287877
0
0
0
1682191579.54531
msg_begin
7.75691e+06
-364048
2.99952
0.00667673
0.0066115
0.00032615
0
0
0
1682191579.59484
msg_begin
7.75691e+06
-364048
2.99713
0.0143505
0.000604239
0.000515498
0
0
0
1682191579.64489
msg_begin
7.75691e+06
-364047
2.99823
0.00576362
0.00770491
0.000783901
0
0
0
1682191579.69567
msg_begin
7.75691e+06
-364047
2.99635
0.0336968
0.0119054
0.00132353
0
0
0
1682191579.74482
msg_begin
7.75691e+06
-364047
2.99907
0.0196302
0.0096104
0.00131954
0
0
0
1682191579.79482
msg_begin
7.75691e+06
-364047
2.99584
0.00231478
2.76783e-05
0.000119742
0
0
0
1682191579.84477
msg_begin
7.75691e+06
-364047
2.99782
0.0256411
0.00506906
0.0010455
0
0
0
1682191579.89573
msg_begin
7.75691e+06
-364047
2.99944
0.0100719
0.00508479
0.000377289
0
0
0
1682191579.94469
msg_begin
7.75691e+06
-364047
2.99859
0.0116439
0.00503887
0.00071783
0
0
0
1682191579.99469
msg_begin
7.75691e+06
-364047
2.99783
0.0121847
0.00386435
0.000315678
0
0
0
1682191580.04461
msg_begin
7.75691e+06
-364047
2.99857
0.00269089
0.000679526
0.000115327
0
0
0
1682191580.09454
msg_begin
7.75691e+06
-364047
2.99839
0.019954
0.00890109
0.00132905
0
0
0
1682191580.14465
msg_begin
7.75691e+06
-364047
2.99793
0.0209757
0.00242477
0.00120296
0
0
0
1682191580.19437
msg_begin
7.75691e+06
-364047
2.99761
0.00719385
0.00212979
0.000307943
0
0
0
1682191580.24426
msg_begin
7.75691e+06
-364047
2.99781
0.0197518
0.00231194
0.000503322
0
0
0
1682191580.29456
msg_begin
7.75691e+06
-364047
2.99707
0.0126889
0.00629286
0.000617232
0
0
0
1682191580.34427
msg_begin
7.75691e+06
-364047
2.99645
0.0161883
0.00619882
0.000360981
0
0
0
1682191580.39424
msg_begin
7.75691e+06
-364047
2.99656
0.0114186
0.00597979
0.00101113
0
0
0
1682191580.44420
msg_begin
7.75691e+06
-364047
2.9971
0.00913807
0.000486465
0.000167275
0
0
0
1682191580.49441
msg_begin
7.75691e+06
-364047
2.99806
0.00948507
0.0067425
0.00098743
0
0
0
1682191580.54441
msg_begin
7.75691e+06
-364047
2.99563
0.0148212
0.00616051
0.000512901
0
0
0
1682191580.59419
msg_begin
7.75691e+06
-364047
2.99652
0.00835502
0.00458032
0.000850982
0
0
0
1682191580.64419
msg_begin
7.75691e+06
-364047
3.00055
1.86265e-08
3.14321e-09
0
0
0
0
1682191580.69414
msg_begin
7.75691e+06
-364047
2.99643
0.00977538
0.0141574
0.000839414
0
0
0
1682191580.74412
msg_begin
7.75691e+06
-364047
2.99481
0.018442
0.0068573
0.000818559
0
0
0
1682191580.79411
msg_begin
7.75691e+06
-364047
2.9942
0.0202672
0.00320682
0.000431528
0
0
0
1682191580.84396
msg_begin
7.75691e+06
-364047
2.99483
0.00901964
0.00467544
0.000514877
0
0
0
1682191580.89452
msg_begin
7.7569e+06
-364047
2.99572
0.0259865
0.00220157
0.000298098
0
0
0
1682191580.94386
msg_begin
7.7569e+06
-364047
2.99667
0.022807
0.00897835
0.000143561
0
0
0
1682191580.99384
msg_begin
7.7569e+06
-364047
2.9968
0.00594575
0.00184133
8.76398e-05
0
0
0
1682191581.04370
msg_begin
7.7569e+06
-364047
2.99738
0.00576096
0.00277323
0.000232067
0
0
0
1682191581.09402
msg_begin
7.7569e+06
-364046
2.99735
0.00805891
0.00257462
0.000541308
0
0
0
1682191581.14371
msg_begin
7.7569e+06
-364046
2.99387
0.00226645
0.00206278
0.000138058
0
0
0
1682191581.19352
msg_begin
7.7569e+06
-364046
2.99324
0.00624879
0.00301207
0.000460593
0
0
0
1682191581.24351
msg_begin
7.7569e+06
-364046
2.99786
0.00174971
0.00416335
0.000499614
0
0
0
1682191581.29426
msg_begin
7.7569e+06
-364046
2.9971
0.00464503
0.00449277
0.000411771
0
0
0
1682191581.34359
msg_begin
7.7569e+06
-364046
2.99792
0.00412319
0.00301907
9.36707e-05
0
0
0
1682191581.39345
msg_begin
7.7569e+06
-364046
2.99713
0.00449971
0.00993652
0.000314676
0
0
0
1682191581.44342
msg_begin
7.7569e+06
-364046
2.99709
0.0085691
0.00255924
0.000283745
0
0
0
1682191581.49349
msg_begin
7.7569e+06
-364046
2.99769
0.0126319
0.00364948
0.000934763
0
0
0
1682191581.54357
msg_begin
7.7569e+06
-364046
2.99696
0.0286135
0.00964693
0.00142569
0
0
0
1682191581.59346
msg_begin
7.7569e+06
-364046
2.99267
0.0339481
0.0118569
0.00164566
0
0
0
1682191581.64347
msg_begin
7.7569e+06
-364046
2.99464
0.00921641
0.0060805
0.000470618
0
0
0
1682191581.69347
msg_begin
7.7569e+06
-364046
2.99456
0.00125201
0.00148797
0.000116053
0
0
0
1682191581.74357
msg_begin
7.7569e+06
-364046
2.99134
0.00331191
0.000499395
7.76907e-05
0
0
0
1682191581.79330
msg_begin
7.7569e+06
-364046
2.99117
0.00281
0.00314132
0.000313708
0
0
0
1682191581.84332
msg_begin
7.7569e+06
-364046
2.99028
0.0030012
0.00124886
7.83242e-06
0
0
0
1682191581.89395
msg_begin
7.7569e+06
-364046
2.99306
0.0099132
0.00583366
0.000737583
0
0
0
1682191581.94323
msg_begin
7.7569e+06
-364046
2.99691
0.00122411
0.00142225
0.000173856
0
0
0
1682191581.99314
msg_begin
7.7569e+06
-364046
2.99715
0.0136005
0.00855975
0.00118957
0
0
0
1682191582.04302
msg_begin
7.7569e+06
-364046
2.99429
0.00584138
0.000897557
0.000351281
0
0
0
1682191582.09351
msg_begin
7.7569e+06
-364046
2.99187
0.0368879
0.0122591
0.000779216
0
0
0
1682191582.14292
msg_begin
7.7569e+06
-364046
2.99107
0.0255252
0.00559864
0.00121844
0
0
0
1682191582.19280
msg_begin
7.7569e+06
-364046
2.99316
0.00429013
0.0013378
0.000366941
0
0
0
1682191582.24277
msg_begin
7.7569e+06
-364046
2.99195
0.00961598
0.00589832
0.000754263
0
0
0
1682191582.29275
msg_begin
7.7569e+06
-364046
2.99252
0.0168293
0.00423577
0.000732162
0
0
0
1682191582.34268
msg_begin
7.7569e+06
-364046
2.99215
0.0194522
0.00654028
0.000864756
0
0
0
1682191582.39259
msg_begin
7.7569e+06
-364046
2.99176
0.0132976
0.00522762
0.000844269
0
0
0
1682191582.44254
msg_begin
7.7569e+06
-364046
2.98904
0.00663378
0.00163172
0.0001535
0
0
0
1682191582.49250
msg_begin
7.7569e+06
-364046
2.9903
0.011857
0.00417655
0.00040362
0
0
0
1682191582.54242
msg_begin
7.7569e+06
-364046
2.99075
0.0148683
0.00567677
0.000677855
0
0
0
1682191582.59248
msg_begin
7.7569e+06
-364046
2.9895
0.0147042
0.00612425
0.00136562
0
0
0
1682191582.64248
msg_begin
7.7569e+06
-364046
2.99418
0.005296
0.00172154
0.000510575
0
0
0
1682191582.69321
msg_begin
7.7569e+06
-364046
2.99163
0.00284478
0.000859899
0.000172082
0
0
0
1682191582.74247
msg_begin
7.7569e+06
-364046
2.99317
0.00630752
0.00299256
0.000254692
0
0
0
1682191582.79249
msg_begin
7.7569e+06
-364046
2.98855
0.00346508
0.00118158
0.000982546
0
0
0
1682191582.84246
msg_begin
7.7569e+06
-364046
2.98892
0.00814781
0.00185185
0.000394181
0
0
0
1682191582.89302
msg_begin
7.7569e+06
-364046
2.99091
0.000706887
0.00199961
0.0003081
0
0
0
1682191582.94256
msg_begin
7.7569e+06
-364046
2.98977
0.0056996
0.00179169
0.000593127
0
0
0
1682191582.99244
msg_begin
7.7569e+06
-364045
2.98731
0.0125214
0.00504998
0.000454204
0
0
0
1682191583.04234
msg_begin
7.7569e+06
-364045
2.99027
0.0130864
0.00525412
0.000753344
0
0
0
1682191583.09230
msg_begin
7.7569e+06
-364045
2.99328
0.00336436
0.00187686
0.000173745
0
0
0
1682191583.14245
msg_begin
7.7569e+06
-364045
2.99354
0.00445143
0.00105005
4.07139e-05
0
0
0
1682191583.19222
msg_begin
7.7569e+06
-364045
2.99369
0.0108948
0.00628397
0.000591694
0
0
0
1682191583.24223
msg_begin
7.7569e+06
-364045
2.99696
0.013024
0.00371265
0.000579762
0
0
0
1682191583.29218
msg_begin
7.7569e+06
-364045
2.99662
0.015448
0.00954351
0.000729805
0
0
0
1682191583.34228
msg_begin
7.7569e+06
-364045
2.99772
0.0278697
0.014682
0.000869314
0
0
0
1682191583.39202
msg_begin
7.75689e+06
-364045
2.99595
0.0152464
0.0160552
0.00141537
0
0
0
1682191583.44199
msg_begin
7.75689e+06
-364045
2.99573
0.0154864
0.00645761
0.00112731
0
0
0
1682191583.49250
msg_begin
7.75689e+06
-364045
2.99493
0.0039906
0.003725
0.000321964
0
0
0
1682191583.54189
msg_begin
7.75689e+06
-364045
2.99693
0.0129316
0.00491514
0.00110952
0
0
0
1682191583.59186
msg_begin
7.75689e+06
-364045
2.99394
0.0105749
0.00624514
0.0013679
0
0
0
1682191583.64164
msg_begin
7.75689e+06
-364045
2.99499
0.00886602
0.00570732
0.00115921
0
0
0
1682191583.69156
msg_begin
7.75689e+06
-364045
2.99537
0.00278851
0.00801336
0.000567588
0
0
0
1682191583.74151
msg_begin
7.75689e+06
-364045
2.99611
0.00906979
0.00413336
0.000868492
0
0
0
1682191583.79150
msg_begin
7.75689e+06
-364045
2.99623
0.00395366
0.00950462
0.000400082
0
0
0
1682191583.84139
msg_begin
7.75689e+06
-364045
2.99613
0.00897296
0.00853523
0.00082389
0
0
0
1682191583.89133
msg_begin
7.75689e+06
-364045
2.99467
0.00942327
0.00767142
0.000735646
0
0
0
1682191583.94140
msg_begin
7.75689e+06
-364045
2.9952
0.00557313
0.0110688
0.00045489
0
0
0
1682191583.99134
msg_begin
7.75689e+06
-364045
2.99554
0.0276462
0.00128133
0.000243881
0
0
0
1682191584.04132
msg_begin
7.75689e+06
-364045
2.99501
0.0224024
0.0048739
0.00137562
0
0
0
1682191584.09143
msg_begin
7.75689e+06
-364045
2.99561
0.035028
0.00737727
0.00141451
0
0
0
1682191584.14146
msg_begin
7.75689e+06
-364045
2.99595
0.00907023
0.00755134
0.00053572
0
0
0
1682191584.19136
msg_begin
7.75689e+06
-364045
2.99717
0.00670537
0.00201959
0.000800604
0
0
0
1682191584.24135
msg_begin
7.75689e+06
-364045
2.99685
0.00164447
0.00268259
0.000209942
0
0
0
1682191584.29134
msg_begin
7.75689e+06
-364045
2.99494
0.0103398
0.00282013
0.000431198
0
0
0
1682191584.34145
msg_begin
7.75689e+06
-364045
2.99547
0.0119485
0.00304284
0.000306453
0
0
0
1682191584.39129
msg_begin
7.75689e+06
-364045
2.99602
0.0180217
0.00218088
0.000662925
0
0
0
1682191584.44130
msg_begin
7.75689e+06
-364045
2.99718
0.00705713
0.00168142
0.000531161
0
0
0
1682191584.49255
msg_begin
7.75689e+06
-364045
2.99693
0.0218233
0.0042385
0.00154323
0
0
0
1682191584.54126
msg_begin
7.75689e+06
-364045
2.99383
0.00431362
0.000827059
0.000219695
0
0
0
1682191584.59115
msg_begin
7.75689e+06
-364045
2.9953
0.00622874
0.00323957
0.000295323
0
0
0
1682191584.64111
msg_begin
7.75689e+06
-364045
2.99554
0.0100897
0.0038762
0.000588811
0
0
0
1682191584.69218
msg_begin
7.75689e+06
-364045
2.99609
0.0120357
0.00514043
0.000785371
0
0
0
1682191584.74099
msg_begin
7.75689e+06
-364045
2.99613
0.0201607
0.00753818
0.00065964
0
0
0
1682191584.79095
msg_begin
7.75689e+06
-364045
2.99552
0.0110567
0.00345221
0.00067168
0
0
0
1682191584.84083
msg_begin
7.75689e+06
-364044
2.99633
0.032587
0.00913334
0.001589
0
0
0
1682191584.89227
msg_begin
7.75689e+06
-364044
2.99673
0.0123856
0.00335997
0.00128167
0
0
0
1682191584.94075
msg_begin
7.75689e+06
-364044
2.99948
0.0057267
0.0016254
0.000661344
0
0
0
1682191584.99070
msg_begin
7.75689e+06
-364044
2.99848
0.00142856
0.000821725
0.000181962
0
0
0
1682191585.04067
msg_begin
7.75689e+06
-364044
2.99514
0.0038534
0.00157575
0.00017565
0
0
0
1682191585.09079
msg_begin
7.75689e+06
-364044
2.9972
0.00173128
0.00114898
0.000188099
0
0
0
1682191585.14077
msg_begin
7.75689e+06
-364044
2.99732
0.00467682
0.000946953
0.00018374
0
0
0
1682191585.19069
msg_begin
7.75689e+06
-364044
3.00072
0.00483649
0.000965695
0.000315833
0
0
0
1682191585.24073
msg_begin
7.75689e+06
-364044
3.00079
0.0068375
0.00256801
0.00045359
0
0
0
1682191585.29068
msg_begin
7.75689e+06
-364044
3.00051
0.00617949
0.00802277
0.000440332
0
0
0
1682191585.34085
msg_begin
7.75689e+06
-364044
2.99878
0.0127996
0.00479279
0.000565387
0
0
0
1682191585.39067
msg_begin
7.75689e+06
-364044
3.00013
0.0220211
0.011622
0.00088942
0
0
0
1682191585.44065
msg_begin
7.75689e+06
-364044
3.00127
0.00721527
0.00172228
0.000395875
0
0
0
1682191585.49057
msg_begin
7.75689e+06
-364044
2.99909
0.0107802
0.00281785
0.000891737
0
0
0
1682191585.54057
msg_begin
7.75689e+06
-364044
2.99762
0.00659709
0.00155538
0.000348243
0
0
0
1682191585.59051
msg_begin
7.75689e+06
-364044
2.99848
0.0152915
0.00835301
0.00160342
0
0
0
1682191585.64044
msg_begin
7.75689e+06
-364044
2.9983
0.0110181
0.0209833
0.000964018
0
0
0
1682191585.69036
msg_begin
7.75689e+06
-364044
3.00021
0.033342
0.0135797
0.000619016
0
0
0
1682191585.74032
msg_begin
7.75688e+06
-364044
2.99936
0.0147616
0.00272998
0.00042885
0
0
0
1682191585.79025
msg_begin
7.75688e+06
-364044
3.00032
0.030352
0.00735045
0.00144387
0
0
0
1682191585.84021
msg_begin
7.75688e+06
-364044
2.9998
0.0297525
0.00953724
0.00185872
0
0
0
1682191585.89023
msg_begin
7.75688e+06
-364044
3.00107
0.0113049
0.00313155
0.000743627
0
0
0
1682191585.94028
msg_begin
7.75688e+06
-364044
2.99802
0.0107089
0.00659933
0.00117232
0
0
0
1682191585.99015
msg_begin
7.75688e+06
-364044
2.99768
0.00234634
0.00213511
0.000244592
0
0
0
1682191586.04012
msg_begin
7.75688e+06
-364044
2.99871
0.0197375
0.00654446
0.00115046
0
0
0
1682191586.09008
msg_begin
7.75688e+06
-364044
2.99924
0.00522792
0.00244818
0.000590622
0
0
0
1682191586.14025
msg_begin
7.75688e+06
-364044
2.99688
0.00695252
0.000853521
0.000191619
0
0
0
1682191586.19006
msg_begin
7.75688e+06
-364044
2.99734
0.0196463
0.00573085
0.00104033
0
0
0
1682191586.23995
msg_begin
7.75688e+06
-364044
2.99801
0.018769
0.00444974
0.000694342
0
0
0
1682191586.29002
msg_begin
7.75688e+06
-364044
2.99686
0.0182271
0.00993094
0.00203397
0
0
0
1682191586.34006
msg_begin
7.75688e+06
-364044
3.0011
0.0125613
0.00560013
0.000965153
0
0
0
1682191586.38987
msg_begin
7.75688e+06
-364044
2.99674
0.00874322
0.00450877
0.000892691
0
0
0
1682191586.43985
msg_begin
7.75688e+06
-364044
2.99661
0.0020881
0.00135306
0.000101077
0
0
0
1682191586.48988
msg_begin
7.75688e+06
-364043
2.99587
0.0195478
0.00364965
0.00149456
0
0
0
1682191586.54008
msg_begin
7.75688e+06
-364043
2.99209
0.0375414
0.0113816
0.000777165
0
0
0
1682191586.58987
msg_begin
7.75688e+06
-364043
2.99752
0.00596098
0.000599065
0.000761128
0
0
0
1682191586.63992
msg_begin
7.75688e+06
-364043
2.99798
0.0171932
0.00277901
0.000580627
0
0
0
1682191586.68993
msg_begin
7.75688e+06
-364043
2.99675
0.00882515
0.00188617
0.000253584
0
0
0
1682191586.74008
msg_begin
7.75688e+06
-364043
2.99687
0.00285685
0.00294317
0.00031568
0
0
0
1682191586.78992
msg_begin
7.75688e+06
-364043
2.99782
0.00813307
0.0114979
0.00116565
0
0
0
1682191586.83985
msg_begin
7.75688e+06
-364043
2.9971
0.00771204
0.00351181
0.000564543
0
0
0
1682191586.89097
msg_begin
7.75688e+06
-364043
2.99649
0.00661292
0.00210422
0.000256124
0
0
0
1682191586.93992
msg_begin
7.75688e+06
-364043
2.99801
0.00697336
0.00797153
0.000778243
0
0
0
1682191586.98967
msg_begin
7.75688e+06
-364043
2.99857
0.013601
0.0147462
0.00168932
0
0
0
1682191587.03965
msg_begin
7.75688e+06
-364043
2.99741
0.0130112
0.00191799
0.000533432
0
0
0
1682191587.08960
msg_begin
7.75688e+06
-364043
2.99716
0.00442146
0.00168922
0.000383563
0
0
0
1682191587.13955
msg_begin
7.75688e+06
-364043
2.99774
0.0180475
0.0060574
0.00145326
0
0
0
1682191587.18946
msg_begin
7.75688e+06
-364043
2.99854
0.0255068
0.00216655
0.000364978
0
0
0
1682191587.23935
msg_begin
7.75688e+06
-364043
2.99821
0.00558867
0.000869205
8.7833e-05
0
0
0
1682191587.28942
msg_begin
7.75688e+06
-364043
2.99887
0.00769661
0.00347953
0.000233698
0
0
0
1682191587.33932
msg_begin
7.75688e+06
-364043
2.99758
0.0128842
0.000907703
0.000283289
0
0
0
1682191587.38924
msg_begin
7.75688e+06
-364043
2.99597
6.51926e-08
2.85218e-09
4.44089e-16
0
0
0
1682191587.43922
msg_begin
7.75688e+06
-364043
2.99255
0.00607176
0.00851071
0.000633128
0
0
0
1682191587.48921
msg_begin
7.75688e+06
-364043
2.99013
0.00911088
0.000899536
0.000200085
0
0
0
1682191587.53957
msg_begin
7.75688e+06
-364043
2.99193
0.000556154
0.000276666
1.67656e-05
0
0
0
1682191587.58919
msg_begin
7.75688e+06
-364043
2.99465
0.024202
0.00873816
0.000898417
0
0
0
1682191587.63918
msg_begin
7.75688e+06
-364043
2.99768
0.0107863
0.00258689
0.000145836
0
0
0
1682191587.68939
msg_begin
7.75688e+06
-364043
2.99709
0.00402064
0.000447546
0.00012941
0
0
0
1682191587.73925
msg_begin
7.75687e+06
-364043
2.99814
0.0172271
0.00713091
0.000553247
0
0
0
1682191587.78926
msg_begin
7.75687e+06
-364043
2.99483
0.0081596
0.001467
0.000210484
0
0
0
1682191587.83922
msg_begin
7.75687e+06
-364043
2.99752
0.0020234
0.000160415
0.000174438
0
0
0
1682191587.88916
msg_begin
7.75687e+06
-364043
2.99447
0.0066817
0.00436341
0.000719131
0
0
0
1682191587.93913
msg_begin
7.75687e+06
-364042
2.99499
0.0271652
0.00806937
0.00116024
0
0
0
1682191587.98906
msg_begin
7.75687e+06
-364042
2.99376
0.00593779
0.00283772
0.000557919
0
0
0
1682191588.03906
msg_begin
7.75687e+06
-364042
2.99559
0.00602159
0.000219849
8.1183e-05
0
0
0
1682191588.08894
msg_begin
7.75687e+06
-364042
2.9964
0.00540859
0.00305292
0.000464068
0
0
0
1682191588.13918
msg_begin
7.75687e+06
-364042
2.99132
0.00581793
0.00118352
0.000433937
0
0
0
1682191588.18884
msg_begin
7.75687e+06
-364042
2.99719
0.0464088
0.00481383
0.00354309
0
0
0
1682191588.23876
msg_begin
7.75687e+06
-364042
2.98864
0.00152404
0.00142672
0.000343788
0
0
0
1682191588.28879
msg_begin
7.75687e+06
-364042
2.99041
0.036484
0.00448774
0.000460704
0
0
0
1682191588.33894
msg_begin
7.75687e+06
-364042
2.99341
0.0309885
0.0102002
0.00194421
0
0
0
1682191588.38858
msg_begin
7.75687e+06
-364042
2.99264
0.0145271
0.00186517
0.000499295
0
0
0
1682191588.43854
msg_begin
7.75687e+06
-364042
2.99403
0.0228434
0.00348865
0.00101918
0
0
0
1682191588.48851
msg_begin
7.75687e+06
-364042
2.99395
0.0054238
0.00243695
0.000203125
0
0
0
1682191588.53866
msg_begin
7.75687e+06
-364042
2.99464
0.0170814
0.0046934
0.00109882
0
0
0
1682191588.58846
msg_begin
7.75687e+06
-364042
2.99382
0.000392626
0.0011955
3.91719e-05
0
0
0
1682191588.63843
msg_begin
7.75687e+06
-364042
2.99546
0.00430957
0.00358926
0.000577656
0
0
0
1682191588.68846
msg_begin
7.75687e+06
-364042
2.99408
0.027393
0.00956868
0.000978744
0
0
0
1682191588.73836
msg_begin
7.75687e+06
-364042
2.9953
0.00659436
0.00232071
0.000625499
0
0
0
1682191588.78831
msg_begin
7.75687e+06
-364042
2.99549
0.00240872
0.00066704
0.000109163
0
0
0
1682191588.83827
msg_begin
7.75687e+06
-364042
2.99221
0.00878058
0.00274321
0.000694789
0
0
0
1682191588.88820
msg_begin
7.75687e+06
-364042
2.99397
0.00834517
0.00362352
0.000420186
0
0
0
1682191588.93840
msg_begin
7.75687e+06
-364042
2.99426
0.0142471
0.00444764
0.000339261
0
0
0
1682191588.98810
msg_begin
7.75687e+06
-364042
2.99462
0.0359907
0.00450402
0.000727684
0
0
0
1682191589.03805
msg_begin
7.75687e+06
-364042
2.99359
0.00622705
0.00137037
0.000300389
0
0
0
1682191589.08848
msg_begin
7.75687e+06
-364042
2.99174
0.0127959
0.00636606
0.000948064
0
0
0
1682191589.13797
msg_begin
7.75687e+06
-364042
2.9945
0.00225455
0.00297849
0.000189833
0
0
0
1682191589.18799
msg_begin
7.75687e+06
-364042
2.99488
0.0117736
0.00314597
0.000508098
0
0
0
1682191589.23805
msg_begin
7.75687e+06
-364042
2.99565
0.0307605
0.00607015
0.00157574
0
0
0
1682191589.28840
msg_begin
7.75687e+06
-364042
2.99389
0.0191288
0.0041718
0.000738027
0
0
0
1682191589.33830
msg_begin
7.75687e+06
-364041
2.99969
0.0124617
0.00544307
0.00121667
0
0
0
1682191589.38801
msg_begin
7.75687e+06
-364041
2.99699
0.015876
0.00622807
0.00131799
0
0
0
1682191589.43794
msg_begin
7.75687e+06
-364041
2.99723
0.0219525
0.00528236
0.00050584
0
0
0
1682191589.48802
msg_begin
7.75687e+06
-364041
2.99453
0.0096658
0.000854885
0.000183861
0
0
0
1682191589.53790
msg_begin
7.75687e+06
-364041
2.99528
0.0159096
0.00515088
0.000637594
0
0
0
1682191589.58786
msg_begin
7.75686e+06
-364041
2.99296
0.0219785
0.00328575
0.00108756
0
0
0
1682191589.63781
msg_begin
7.75686e+06
-364041
2.99718
0.0090718
0.00422941
0.000377068
0
0
0
1682191589.68772
msg_begin
7.75686e+06
-364041
2.99484
0.00965672
0.00135952
0.000546866
0
0
0
1682191589.73778
msg_begin
7.75686e+06
-364041
2.99453
0.00363874
0.000705448
0.000315271
0
0
0
1682191589.78759
msg_begin
7.75686e+06
-364041
2.99493
0.00150883
0.000955037
0.00021893
0
0
0
1682191589.83755
msg_begin
7.75686e+06
-364041
2.995
0.0151971
0.00344152
0.00027641
0
0
0
1682191589.88770
msg_begin
7.75686e+06
-364041
2.99753
0.0372223
0.00784298
0.000905662
0
0
0
1682191589.93763
msg_begin
7.75686e+06
-364041
2.99712
0.0060271
0.00567945
0.000459739
0
0
0
1682191589.98740
msg_begin
7.75686e+06
-364041
2.99561
0.000667289
0.000262193
7.01789e-05
0
0
0
1682191590.03733
msg_begin
7.75686e+06
-364041
2.99529
0.00823545
0.00317151
0.000343928
0
0
0
1682191590.08737
msg_begin
7.75686e+06
-364041
2.99868
0.00818144
0.00441243
0.00114258
0
0
0
1682191590.13728
msg_begin
7.75686e+06
-364041
2.99586
0.0042835
0.00249544
0.00044449
0
0
0
1682191590.18721
msg_begin
7.75686e+06
-364041
2.99338
0.00628681
0.0136066
0.00137941
0
0
0
1682191590.23719
msg_begin
7.75686e+06
-364041
2.99524
0.0300455
0.011009
0.0026919
0
0
0
1682191590.33718
msg_begin
7.75686e+06
-364041
2.99466
0.00960403
0.00289399
0.000104497
0
0
0
1682191590.45441
msg_begin
7.75686e+06
-364041
2.99664
0.00021744
0.00153269
5.37508e-05
0
0
0
1682191590.48722
msg_begin
7.75686e+06
-364041
2.99742
0.010514
0.00306682
0.000280844
0
0
0
1682191590.53732
msg_begin
7.75686e+06
-364041
2.99663
0.0191771
0.00511553
0.000550822
0
0
0
1682191590.58713
msg_begin
7.75686e+06
-364041
2.99625
0.022374
0.00472102
0.000265407
0
0
0
1682191590.63703
msg_begin
7.75686e+06
-364040
2.99137
3.25963e-08
4.65661e-10
4.44089e-16
0
0
0
1682191590.68708
msg_begin
7.75686e+06
-364040
2.99373
0.00879986
0.00494206
0.000606637
0
0
0
1682191590.73708
msg_begin
7.75686e+06
-364040
2.99578
0.00679746
0.000982509
0.000480129
0
0
0
1682191590.78699
msg_begin
7.75686e+06
-364040
2.99428
0.00722254
0.00832749
0.000493225
0
0
0
1682191590.83693
msg_begin
7.75686e+06
-364040
2.99302
0.019815
0.00828067
0.00121796
0
0
0
1682191590.88701
msg_begin
7.75686e+06
-364040
2.9913
0.0146388
0.0119407
0.00102543
0
0
0
1682191590.93716
msg_begin
7.75686e+06
-364040
2.99192
0.00489503
0.0023263
0.000180236
0
0
0
1682191590.98695
msg_begin
7.75686e+06
-364040
2.9937
0.0132583
0.00947165
0.000664898
0
0
0
1682191591.03693
msg_begin
7.75686e+06
-364040
2.99334
0.0293155
0.0033889
0.00070026
0
0
0
1682191591.08796
msg_begin
7.75686e+06
-364040
2.98918
0.0210398
0.00084705
0.000634406
0
0
0
1682191591.13695
msg_begin
7.75686e+06
-364040
2.99022
0.077635
0.0126702
0.000850034
0
0
0
1682191591.18680
msg_begin
7.75686e+06
-364040
2.99241
0.0139332
0.00227018
0.00100272
0
0
0
1682191591.23672
msg_begin
7.75686e+06
-364040
2.99125
0.0170156
0.00516967
0.00071156
0
0
0
1682191591.28801
msg_begin
7.75685e+06
-364040
2.99055
0.00265063
0.00287621
0.00017647
0
0
0
1682191591.33679
msg_begin
7.75685e+06
-364040
2.98654
0.0099858
0.00270076
0.000314575
0
0
0
1682191591.38661
msg_begin
7.75685e+06
-364040
2.98774
0.0549964
0.00948354
0.00119354
0
0
0
1682191591.43654
msg_begin
7.75685e+06
-364040
2.98928
0.00686244
0.00563282
0.0010584
0
0
0
1682191591.48659
msg_begin
7.75685e+06
-364040
2.98786
0.0123206
0.00126519
0.000759799
0
0
0
1682191591.53658
msg_begin
7.75685e+06
-364040
2.98433
0.0163167
0.00360066
0.000609953
0
0
0
1682191591.58662
msg_begin
7.75685e+06
-364040
2.98505
0.00561921
0.00482835
0.000739885
0
0
0
1682191591.63657
msg_begin
7.75685e+06
-364040
2.98383
0.0240781
0.00636444
0.0010265
0
0
0
1682191591.68661
msg_begin
7.75685e+06
-364040
2.98059
0.0127415
0.00076962
0.000721665
0
0
0
1682191591.73677
msg_begin
7.75685e+06
-364040
2.98251
0.0128914
0.00523433
0.000357693
0
0
0
1682191591.78651
msg_begin
7.75685e+06
-364040
2.98423
0.00627702
0.00330987
0.000211497
0
0
0
1682191591.83643
msg_begin
7.75685e+06
-364039
2.9849
0.0216851
0.00566746
0.000847991
0
0
0
1682191591.88639
msg_begin
7.75685e+06
-364039
2.98366
0.00454206
0.00294909
0.000215433
0
0
0
1682191591.93645
msg_begin
7.75685e+06
-364039
2.98384
0.00629202
0.00102115
0.000505543
0
0
0
1682191591.98631
msg_begin
7.75685e+06
-364039
2.98419
0.0143024
0.00640778
0.000303908
0
0
0
1682191592.03622
msg_begin
7.75685e+06
-364039
2.98048
0.011831
0.00633613
0.000647769
0
0
0
1682191592.08629
msg_begin
7.75685e+06
-364039
2.97977
0.0106705
0.0105028
0.000424161
0
0
0
1682191592.13617
msg_begin
7.75685e+06
-364039
2.97992
0.0123586
0.00602414
0.000645721
0
0
0
1682191592.18607
msg_begin
7.75685e+06
-364039
2.97754
0.00669815
0.00483532
0.000555833
0
0
0
1682191592.23615
msg_begin
7.75685e+06
-364039
2.97919
0.0174106
0.00839645
0.00115265
0
0
0
1682191592.28606
msg_begin
7.75685e+06
-364039
2.97767
0.0120066
0.0106898
0.00124757
0
0
0
1682191592.33597
msg_begin
7.75685e+06
-364039
2.9765
0.00797733
0.00128189
0.000196654
0
0
0
1682191592.38596
msg_begin
7.75685e+06
-364039
2.97603
0.00031073
0.00139627
0.000184439
0
0
0
1682191592.43595
msg_begin
7.75685e+06
-364039
2.97687
0.00206641
0.000769999
0.000170363
0
0
0
1682191592.48593
msg_begin
7.75685e+06
-364039
2.97926
0.00770918
0.000377181
0.000403667
0
0
0
1682191592.53614
msg_begin
7.75685e+06
-364039
2.97641
0.00357338
0.00574472
0.000459285
0
0
0
1682191592.58579
msg_begin
7.75685e+06
-364039
2.97699
0.0237549
0.00747114
0.00114311
0
0
0
1682191592.63589
msg_begin
7.75685e+06
-364039
2.97392
0.0182809
0.00314206
0.000276407
0
0
0
1682191592.68571
msg_begin
7.75685e+06
-364039
2.97121
0.0116491
0.00631605
0.000467896
0
0
0
1682191592.73563
msg_begin
7.75685e+06
-364039
2.97007
0.0102411
0.00508083
0.000367003
0
0
0
1682191592.78554
msg_begin
7.75685e+06
-364039
2.97188
0.00144951
0.00250462
0.000193572
0
0
0
1682191592.83562
msg_begin
7.75685e+06
-364039
2.97164
0.015081
0.00326241
0.000700619
0
0
0
1682191592.88550
msg_begin
7.75685e+06
-364039
2.97028
0.00544853
0.00580625
0.000321257
0
0
0
1682191592.93569
msg_begin
7.75684e+06
-364038
2.9742
0.0207312
0.00855158
0.00135053
0
0
0
1682191592.98547
msg_begin
7.75684e+06
-364038
2.97138
0.00616237
0.00643558
0.000892056
0
0
0
1682191593.03546
msg_begin
7.75684e+06
-364038
2.96918
0.0202633
0.00285716
0.00051031
0
0
0
1682191593.08545
msg_begin
7.75684e+06
-364038
2.97017
0.017679
0.00547914
0.000715235
0
0
0
1682191593.13570
msg_begin
7.75684e+06
-364038
2.96617
0.0120407
0.00167901
0.000271736
0
0
0
1682191593.18554
msg_begin
7.75684e+06
-364038
2.968
0.00526067
0.0033732
0.000346361
0
0
0
1682191593.23554
msg_begin
7.75684e+06
-364038
2.96885
0.0536138
0.0141868
0.000886691
0
0
0
1682191593.28560
msg_begin
7.75684e+06
-364038
2.96997
0.0329177
0.0110361
0.0010763
0
0
0
1682191593.33552
msg_begin
7.75684e+06
-364038
2.96614
5.58794e-09
2.2701e-09
1.77636e-15
0
0
0
1682191593.38555
msg_begin
7.75684e+06
-364038
2.96203
0.0140899
0.00287001
0.000450299
0
0
0
1682191593.43548
msg_begin
7.75684e+06
-364038
2.96476
0.00949999
0.00251371
0.000580369
0
0
0
1682191593.48552
msg_begin
7.75684e+06
-364038
2.96315
0.0205814
0.00546427
0.00236565
0
0
0
1682191593.53571
msg_begin
7.75684e+06
-364038
2.96263
0.0186798
0.00673719
0.000630324
0
0
0
1682191593.58547
msg_begin
7.75684e+06
-364038
2.96085
0.024812
0.00715039
0.000981398
0
0
0
1682191593.63533
msg_begin
7.75684e+06
-364038
2.96194
0.0219826
0.00516135
0.000527807
0
0
0
1682191593.68529
msg_begin
7.75684e+06
-364038
2.9616
0.0182061
0.0103546
0.000620915
0
0
0
1682191593.73523
msg_begin
7.75684e+06
-364038
2.96198
0.000921392
0.00157611
0.000202392
0
0
0
1682191593.78510
msg_begin
7.75684e+06
-364038
2.95944
0.00173405
0.00234303
0.000153862
0
0
0
1682191593.83506
msg_begin
7.75684e+06
-364038
2.96003
0.00376723
0.00184476
0.000281834
0
0
0
1682191593.88494
msg_begin
7.75684e+06
-364038
2.95882
0.0148813
0.00893684
0.000801168
0
0
0
1682191593.93489
msg_begin
7.75684e+06
-364038
2.95688
0.0156411
0.00618684
0.00116002
0
0
0
1682191593.98481
msg_begin
7.75684e+06
-364038
2.95686
0.0156376
0.00427555
0.00129659
0
0
0
1682191594.03472
msg_begin
7.75684e+06
-364037
2.95639
0.0113591
0.00110535
6.23406e-05
0
0
0
1682191594.08468
msg_begin
7.75684e+06
-364037
2.95588
0.00174215
0.00117094
0.000111491
0
0
0
1682191594.13466
msg_begin
7.75684e+06
-364037
2.95603
0.0030617
0.00102579
0.000112834
0
0
0
1682191594.18470
msg_begin
7.75684e+06
-364037
2.95644
0.0111058
0.00126834
0.000179503
0
0
0
1682191594.23463
msg_begin
7.75684e+06
-364037
2.9586
0.00514612
0.000916379
0.000532988
0
0
0
1682191594.28465
msg_begin
7.75684e+06
-364037
2.95733
0.0154221
0.00962865
0.00111128
0
0
0
1682191594.33466
msg_begin
7.75684e+06
-364037
2.95792
0.00121255
0.000703224
6.88149e-05
0
0
0
1682191594.38469
msg_begin
7.75684e+06
-364037
2.95515
0.00526275
0.00249453
0.00011596
0
0
0
1682191594.43479
msg_begin
7.75684e+06
-364037
2.95391
0.00739739
0.00150653
9.63591e-05
0
0
0
1682191594.48475
msg_begin
7.75684e+06
-364037
2.95506
0.0128787
0.00545525
0.00111783
0
0
0
1682191594.53480
msg_begin
7.75684e+06
-364037
2.9563
5.58794e-09
2.32831e-10
1.33227e-15
0
0
0
1682191594.58479
msg_begin
7.75684e+06
-364037
2.95315
0.0131601
0.00718683
0.000472548
0
0
0
1682191594.63482
msg_begin
7.75684e+06
-364037
2.95312
3.59595e-05
1.41254e-05
1.20122e-05
0
0
0
1682191594.68478
msg_begin
7.75684e+06
-364037
2.95338
0.00149719
0.000257949
3.45553e-05
0
0
0
1682191594.73485
msg_begin
7.75684e+06
-364037
2.95103
0.00612014
0.00472579
0.000484428
0
0
0
1682191594.78472
msg_begin
7.75684e+06
-364037
2.95114
0.00132502
0.0025335
0.000363953
0
0
0
1682191594.83579
msg_begin
7.75683e+06
-364037
2.94854
0.0038319
0.00528236
0.000593462
0
0
0
1682191594.88464
msg_begin
7.75683e+06
-364037
2.9509
0.0270691
0.00385573
0.000576999
0
0
0
1682191594.93453
msg_begin
7.75683e+06
-364037
2.95022
0.0126687
0.00383855
0.00056038
0
0
0
1682191594.98446
msg_begin
7.75683e+06
-364037
2.9484
0.00124949
0.000913967
4.18986e-06
0
0
0
1682191595.03442
msg_begin
7.75683e+06
-364037
2.94933
0.00580997
0.00638603
0.000276081
0
0
0
1682191595.08434
msg_begin
7.75683e+06
-364037
2.94925
0.0158246
0.00561281
0.000268346
0
0
0
1682191595.13425
msg_begin
7.75683e+06
-364037
2.94851
0.0133174
0.00709625
0.000615277
0
0
0
1682191595.18416
msg_begin
7.75683e+06
-364037
2.94864
0.0105299
0.00548076
0.000509092
0
0
0
1682191595.23412
msg_begin
7.75683e+06
-364037
2.94796
0.0097899
0.0105411
0.000649587
0
0
0
1682191595.28406
msg_begin
7.75683e+06
-364036
2.94632
0.021698
0.00372219
0.00153392
0
0
0
1682191595.33400
msg_begin
7.75683e+06
-364036
2.94456
0.00421143
0.00293261
0.000502618
0
0
0
1682191595.38408
msg_begin
7.75683e+06
-364036
2.94092
0.00723591
0.00412617
0.000136503
0
0
0
1682191595.43402
msg_begin
7.75683e+06
-364036
2.94231
0.00544521
0.00740604
0.000458182
0
0
0
1682191595.48395
msg_begin
7.75683e+06
-364036
2.94184
0.00170568
0.00132492
0.000141276
0
0
0
1682191595.53399
msg_begin
7.75683e+06
-364036
2.94099
0.0245308
0.0028653
0.000572376
0
0
0
1682191595.58400
msg_begin
7.75683e+06
-364036
2.94272
0.000257671
0.00226553
5.73982e-05
0
0
0
1682191595.63404
msg_begin
7.75683e+06
-364036
2.9428
0.00358101
0.00171103
0.000877665
0
0
0
1682191595.68409
msg_begin
7.75683e+06
-364036
2.9432
0.0131006
0.00930053
0.000976983
0
0
0
1682191595.73413
msg_begin
7.75683e+06
-364036
2.94212
0.0109956
0.00238602
0.000193007
0
0
0
1682191595.78409
msg_begin
7.75683e+06
-364036
2.94461
0.00653175
0.0114737
0.00179808
0
0
0
1682191595.83412
msg_begin
7.75683e+06
-364036
2.94209
0.0273755
0.0169976
0.000851052
0
0
0
1682191595.88411
msg_begin
7.75683e+06
-364036
2.93865
0.0236098
0.00760067
0.00114618
0
0
0
1682191595.93413
msg_begin
7.75683e+06
-364036
2.93511
0.0270601
0.00208519
0.000551276
0
0
0
1682191595.98403
msg_begin
7.75683e+06
-364036
2.93468
0.0030109
0.0036846
0.000169621
0
0
0
1682191596.03405
msg_begin
7.75683e+06
-364036
2.93515
0.0034532
0.0144705
0.000369683
0
0
0
1682191596.08401
msg_begin
7.75683e+06
-364036
2.93239
0.00999892
0.00519197
0.000462333
0
0
0
1682191596.13401
msg_begin
7.75683e+06
-364036
2.9312
0.0115781
0.00208591
0.000298238
0
0
0
1682191596.18388
msg_begin
7.75683e+06
-364036
2.93327
0.0145854
0.00628728
0.000439244
0
0
0
1682191596.23378
msg_begin
7.75683e+06
-364036
2.93446
0.0145096
0.0139559
0.000819454
0
0
0
1682191596.28379
msg_begin
7.75683e+06
-364036
2.93947
0.00376505
0.00921288
0.00227553
0
0
0
1682191596.33381
msg_begin
7.75683e+06
-364036
2.93657
0.00463189
0.00460481
0.000588769
0
0
0
1682191596.38371
msg_begin
7.75683e+06
-364036
2.93591
0.00955141
0.000472755
0.00126811
0
0
0
1682191596.43370
msg_begin
7.75683e+06
-364036
2.93361
0.00960022
0.00388901
0.000584307
0
0
0
1682191596.48372
msg_begin
7.75683e+06
-364036
2.9314
0.00841971
0.00469436
0.000869293
0
0
0
1682191596.53379
msg_begin
7.75683e+06
-364036
2.93165
0.00488693
0.0105113
0.000566947
0
0
0
1682191596.58375
msg_begin
7.75683e+06
-364036
2.93419
0.0192425
0.00562282
0.000586285
0
0
0
1682191596.63378
msg_begin
7.75683e+06
-364036
2.93284
0.015694
0.0046854
0.000597827
0
0
0
1682191596.68387
msg_begin
7.75683e+06
-364035
2.93048
0.0196904
0.00447051
0.000938364
0
0
0
1682191596.73373
msg_begin
7.75683e+06
-364035
2.92909
0.0165827
0.00655684
0.00115535
0
0
0
1682191596.78374
msg_begin
7.75683e+06
-364035
2.92955
0.0105997
0.00688922
0.000531548
0
0
0
1682191596.83374
msg_begin
7.75683e+06
-364035
2.93211
0.00902638
0.00289057
0.00025722
0
0
0
1682191596.88371
msg_begin
7.75683e+06
-364035
2.93177
0.0120044
0.00489017
0.000670876
0
0
0
1682191596.93368
msg_begin
7.75683e+06
-364035
2.93014
0.0019542
0.00276287
9.88592e-05
0
0
0
1682191596.98359
msg_begin
7.75683e+06
-364035
2.9301
0.00680817
0.00278546
0.000337726
0
0
0
1682191597.03358
msg_begin
7.75683e+06
-364035
2.93032
0.0106112
0.00353814
0.000177337
0
0
0
1682191597.08346
msg_begin
7.75683e+06
-364035
2.92946
0.033489
0.00772471
0.000866848
0
0
0
1682191597.13340
msg_begin
7.75683e+06
-364035
2.9288
0.0199522
0.0100032
0.00128232
0
0
0
1682191597.18334
msg_begin
7.75683e+06
-364035
2.93045
0.00551188
0.0027366
0.000471539
0
0
0
1682191597.23329
msg_begin
7.75683e+06
-364035
2.92868
0.00988321
0.00342031
0.00048299
0
0
0
1682191597.28312
msg_begin
7.75683e+06
-364035
2.93036
0.0143303
0.00947343
0.000902172
0
0
0
1682191597.33312
msg_begin
7.75682e+06
-364035
2.92877
0.010852
0.00904257
0.0009861
0
0
0
1682191597.38303
msg_begin
7.75682e+06
-364035
2.92974
0.0252818
0.0133584
0.000641361
0
0
0
1682191597.43301
msg_begin
7.75682e+06
-364035
2.93062
0.0170944
0.0011685
0.000608519
0
0
0
1682191597.48289
msg_begin
7.75682e+06
-364035
2.93107
0.00915069
0.00734225
0.000285887
0
0
0
1682191597.53287
msg_begin
7.75682e+06
-364035
2.92861
0.031596
0.0123521
0.00135007
0
0
0
1682191597.58289
msg_begin
7.75682e+06
-364035
2.92592
0.0265977
0.00844285
0.000774022
0
0
0
1682191597.63284
msg_begin
7.75682e+06
-364035
2.92729
0.0156309
0.0032883
0.000355191
0
0
0
1682191597.68286
msg_begin
7.75682e+06
-364035
2.92762
0.00485264
0.00341145
0.000379917
0
0
0
1682191597.73284
msg_begin
7.75682e+06
-364035
2.9243
2.79397e-09
3.31784e-09
2.22045e-15
0
0
0
1682191597.78289
msg_begin
7.75682e+06
-364035
2.92177
0.00956462
0.00676755
0.00245908
0
0
0
1682191597.83287
msg_begin
7.75682e+06
-364034
2.92139
0.017585
0.00489796
0.00050429
0
0
0
1682191597.88289
msg_begin
7.75682e+06
-364034
2.92099
0.0389716
0.00554975
0.000652216
0
0
0
1682191597.93279
msg_begin
7.75682e+06
-364034
2.92501
0.00155205
0.00172099
0.000211014
0
0
0
1682191597.98278
msg_begin
7.75682e+06
-364034
2.92293
0.0128486
0.00179288
0.000724079
0
0
0
1682191598.03282
msg_begin
7.75682e+06
-364034
2.92299
0.0253697
0.00716378
0.000765656
0
0
0
1682191598.08275
msg_begin
7.75682e+06
-364034
2.92305
0.00984793
0.00180651
8.82686e-05
0
0
0
1682191598.13274
msg_begin
7.75682e+06
-364034
2.92588
0.0187974
0.00605739
0.0010369
0
0
0
1682191598.18272
msg_begin
7.75682e+06
-364034
2.92172
0.0179963
0.0204836
0.00262929
0
0
0
1682191598.23265
msg_begin
7.75682e+06
-364034
2.92142
0.0256277
0.0114075
0.000507471
0
0
0
1682191598.28261
msg_begin
7.75682e+06
-364034
2.9207
0.0143971
0.00441552
0.000442987
0
0
0
1682191598.33254
msg_begin
7.75682e+06
-364034
2.92098
0.026352
0.00371299
0.00211712
0
0
0
1682191598.38249
msg_begin
7.75682e+06
-364034
2.91738
0.0205134
0.00164118
0.000568443
0
0
0
1682191598.43240
msg_begin
7.75682e+06
-364034
2.91614
0.00869332
0.00378268
0.000545388
0
0
0
1682191598.48234
msg_begin
7.75682e+06
-364034
2.91393
0.00633253
0.00891023
0.00055993
0
0
0
1682191598.53226
msg_begin
7.75682e+06
-364034
2.91353
0.00307044
0.00239871
0.000146198
0
0
0
1682191598.58227
msg_begin
7.75682e+06
-364034
2.9146
0.000349775
0.001238
0.000176292
0
0
0
1682191598.63213
msg_begin
7.75682e+06
-364034
2.91117
0.014002
0.00419511
0.000632809
0
0
0
1682191598.68206
msg_begin
7.75682e+06
-364034
2.91299
0.0241176
0.00464118
0.000508614
0
0
0
1682191598.73207
msg_begin
7.75682e+06
-364034
2.91149
0.0128946
0.00265757
0.000391798
0
0
0
1682191598.78204
msg_begin
7.75682e+06
-364033
2.91358
0.00725062
0.00391718
0.000444415
0
0
0
1682191598.83196
msg_begin
7.75682e+06
-364033
2.91411
0.0155579
0.00855191
0.00147154
0
0
0
1682191598.88193
msg_begin
7.75682e+06
-364033
2.9127
0.0106588
0.00834907
0.000672012
0
0
0
1682191598.93187
msg_begin
7.75682e+06
-364033
2.91054
0.00263662
0.00770381
0.000187669
0
0
0
1682191598.98180
msg_begin
7.75682e+06
-364033
2.91271
0.0317991
0.00543816
0.000676209
0
0
0
1682191599.03172
msg_begin
7.75682e+06
-364033
2.91031
0.00943455
0.0139873
0.00104425
0
0
0
1682191599.08166
msg_begin
7.75682e+06
-364033
2.90876
0.00705201
0.0043631
0.000184159
0
0
0
1682191599.13161
msg_begin
7.75682e+06
-364033
2.90768
0.00776316
0.00910881
0.000668419
0
0
0
1682191599.18159
msg_begin
7.75682e+06
-364033
2.90847
0.0110877
0.0086238
0.000571069
0
0
0
1682191599.23152
msg_begin
7.75681e+06
-364033
2.90714
0.0081535
0.00306555
0.000744775
0
0
0
1682191599.28146
msg_begin
7.75681e+06
-364033
2.90482
0.0253409
0.014542
0.000974447
0
0
0
1682191599.33152
msg_begin
7.75681e+06
-364033
2.90364
0.0356756
0.00598058
0.00103917
0
0
0
1682191599.38146
msg_begin
7.75681e+06
-364033
2.90329
0.00371471
0.00223823
0.000107229
0
0
0
1682191599.43156
msg_begin
7.75681e+06
-364033
2.90484
0.0265748
0.00556307
0.00133104
0
0
0
1682191599.48150
msg_begin
7.75681e+06
-364033
2.90226
0.0137995
0.00560061
0.000630361
0
0
0
1682191599.53152
msg_begin
7.75681e+06
-364032
2.89981
0.0324509
0.00850159
0.000942119
0
0
0
1682191599.58152
msg_begin
7.75681e+06
-364032
2.89797
0.00463668
0.000547426
3.39625e-05
0
0
0
1682191599.63159
msg_begin
7.75681e+06
-364032
2.89436
0.0129047
0.00289616
0.000700157
0
0
0
1682191599.68158
msg_begin
7.75681e+06
-364032
2.89242
0.00154347
0.000690025
4.84577e-05
0
0
0
1682191599.73155
msg_begin
7.75681e+06
-364032
2.89142
0.0476795
0.0193165
0.00112946
0
0
0
1682191599.78150
msg_begin
7.75681e+06
-364032
2.89201
0.00796752
0.00325956
0.000215818
0
0
0
1682191599.83154
msg_begin
7.75681e+06
-364032
2.89198
0.0104461
0.00447943
0.000150458
0
0
0
1682191599.88153
msg_begin
7.75681e+06
-364032
2.88944
0.00316913
0.0055201
0.000515418
0
0
0
1682191599.93152
msg_begin
7.75681e+06
-364032
2.88446
0.0180621
0.00981173
0.000712327
0
0
0
1682191599.98152
msg_begin
7.75681e+06
-364032
2.87754
0.0129441
0.00515333
0.0013317
0
0
0
1682191600.03154
msg_begin
7.75681e+06
-364032
2.87197
0.0113597
0.00332095
0.000806214
0
0
0
1682191600.08162
msg_begin
7.75681e+06
-364032
2.87418
0.00809261
0.00844438
0.000432772
0
0
0
1682191600.13153
msg_begin
7.75681e+06
-364032
2.87353
0.0167754
0.00811585
0.00076639
0
0
0
1682191600.18156
msg_begin
7.75681e+06
-364031
2.87226
0.0087915
0.00675003
0.000852695
0
0
0
1682191600.23152
msg_begin
7.75681e+06
-364031
2.87159
0.0206026
0.00696355
0.00112015
0
0
0
1682191600.28151
msg_begin
7.75681e+06
-364031
2.86434
0.00129623
0.00062468
2.10473e-05
0
0
0
1682191600.33146
msg_begin
7.75681e+06
-364031
2.86702
0.00605577
0.000634162
0.00053555
0
0
0
1682191600.43139
msg_begin
7.75681e+06
-364031
2.86253
0.00117834
0.000372972
0.000103026
0
0
0
1682191600.48133
msg_begin
7.75681e+06
-364031
2.86256
0.0535694
0.0148638
0.000971257
0
0
0
1682191600.53124
msg_begin
7.75681e+06
-364031
2.85995
0.0047913
0.00611802
0.000158383
0
0
0
1682191600.58121
msg_begin
7.75681e+06
-364031
2.86132
1.86265e-09
1.80444e-09
4.44089e-16
0
0
0
1682191600.63110
msg_begin
7.75681e+06
-364031
2.85468
2.98023e-08
1.04774e-09
4.44089e-16
0
0
0
1682191600.68113
msg_begin
7.75681e+06
-364031
2.84973
0.0155789
0.0104923
0.00137474
0
0
0
1682191600.73099
msg_begin
7.75681e+06
-364031
2.84738
0.0255759
0.00690468
0.00102844
0
0
0
1682191600.78096
msg_begin
7.75681e+06
-364030
2.84373
0.00922453
0.00102551
0.000125586
0
0
0
1682191600.83094
msg_begin
7.7568e+06
-364030
2.8407
0.0435801
0.0260104
0.00227264
0
0
0
1682191600.88093
msg_begin
7.7568e+06
-364030
2.83839
0.070799
0.0294622
0.00144357
0
0
0
1682191600.93093
msg_begin
7.7568e+06
-364030
2.8363
6.0536e-08
7.567e-10
1.33227e-15
0
0
0
1682191600.98092
msg_begin
7.7568e+06
-364030
2.83581
0.0151273
0.00504473
0.00026768
0
0
0
1682191601.03087
msg_begin
7.7568e+06
-364030
2.83395
0.0081166
0.00226827
0.000536054
0
0
0
1682191601.08094
msg_begin
7.7568e+06
-364030
2.82747
0.00894839
0.00536193
0.000467607
0
0
0
1682191601.13090
msg_begin
7.7568e+06
-364030
2.82571
0.0135862
0.00441624
0.000602794
0
0
0
1682191601.18091
msg_begin
7.7568e+06
-364030
2.82424
0.00858863
0.00234689
0.000204248
0
0
0
1682191601.23084
msg_begin
7.7568e+06
-364030
2.82095
0.0266307
0.00849807
0.0007253
0
0
0
1682191601.28079
msg_begin
7.7568e+06
-364029
2.81883
0.0117655
0.00598082
0.000995955
0
0
0
1682191601.33075
msg_begin
7.7568e+06
-364029
2.81604
0.0267842
0.0133767
0.000728469
0
0
0
1682191601.38065
msg_begin
7.7568e+06
-364029
2.81743
0.0241234
0.0105141
0.00230394
0
0
0
1682191601.43065
msg_begin
7.7568e+06
-364029
2.8175
0.0192402
0.00521789
0.00106648
0
0
0
1682191601.48061
msg_begin
7.7568e+06
-364029
2.81109
0.0130104
0.00101152
2.47765e-05
0
0
0
1682191601.53057
msg_begin
7.7568e+06
-364029
2.80715
0.000635338
0.000992816
9.89788e-06
0
0
0
1682191601.58053
msg_begin
7.7568e+06
-364029
2.80682
0.0264595
0.0010928
0.000372979
0
0
0
1682191601.63045
msg_begin
7.7568e+06
-364029
2.80535
0.00279928
0.00211238
0.000320587
0
0
0
1682191601.68049
msg_begin
7.7568e+06
-364029
2.80678
0.00558023
0.000533401
0.000228611
0
0
0
1682191601.73047
msg_begin
7.7568e+06
-364028
2.80386
0.0122121
0.00909711
0.000557283
0
0
0
1682191601.78050
msg_begin
7.7568e+06
-364028
2.80411
0.0242845
0.019469
0.00231378
0
0
0
1682191601.83048
msg_begin
7.7568e+06
-364028
2.79992
0.0259705
0.0156877
0.00118597
0
0
0
1682191601.88055
msg_begin
7.7568e+06
-364028
2.79915
0.00843852
0.00162466
0.000554342
0
0
0
1682191601.93052
msg_begin
7.7568e+06
-364028
2.79904
0.011545
0.00711101
0.000309893
0
0
0
1682191601.98062
msg_begin
7.7568e+06
-364028
2.79723
0.0166902
0.00765238
0.00189056
0
0
0
1682191602.03064
msg_begin
7.7568e+06
-364028
2.79317
0.0017798
0.00201231
0.000267191
0
0
0
1682191602.08071
msg_begin
7.7568e+06
-364028
2.79307
0.00810098
0.00348488
0.000204067
0
0
0
1682191602.13067
msg_begin
7.7568e+06
-364028
2.79411
0.00544875
0.00176241
0.000209109
0
0
0
1682191602.18067
msg_begin
7.7568e+06
-364027
2.79419
0.00584248
0.00300055
6.72021e-05
0
0
0
1682191602.23070
msg_begin
7.7568e+06
-364027
2.7938
0.0090898
0.00281952
0.000446099
0
0
0
1682191602.28066
msg_begin
7.7568e+06
-364027
2.7935
0.0131483
0.00818891
0.00295795
0
0
0
1682191602.33066
msg_begin
7.7568e+06
-364027
2.79024
0.00446558
0.00357757
0.000252743
0
0
0
1682191602.38059
msg_begin
7.75679e+06
-364027
2.7921
0.0121463
0.00386491
0.00052073
0
0
0
1682191602.43063
msg_begin
7.75679e+06
-364027
2.78971
0.0234961
0.020973
0.000364457
0
0
0
1682191602.48062
msg_begin
7.75679e+06
-364027
2.78676
0.0252771
0.008787
0.000667153
0
0
0
1682191602.53052
msg_begin
7.75679e+06
-364027
2.78841
0.0111987
0.00659977
0.000462683
0
0
0
1682191602.58052
msg_begin
7.75679e+06
-364027
2.78646
0.00542801
0.00585991
0.000592853
0
0
0
1682191602.63048
msg_begin
7.75679e+06
-364027
2.78846
0.0635996
0.0226754
0.00145734
0
0
0
1682191602.68039
msg_begin
7.75679e+06
-364026
2.78651
0.00483832
0.00182914
0.000191557
0
0
0
1682191602.73028
msg_begin
7.75679e+06
-364026
2.78387
0.0229619
0.00859448
0.000810252
0
0
0
1682191602.78027
msg_begin
7.75679e+06
-364026
2.78481
0.024445
0.00510597
0.000441783
0
0
0
1682191602.83017
msg_begin
7.75679e+06
-364026
2.786
0.00417221
0.000283167
9.73641e-05
0
0
0
1682191602.88029
msg_begin
7.75679e+06
-364026
2.78481
0.00337801
0.000901115
0.000103485
0
0
0
1682191602.93012
msg_begin
7.75679e+06
-364026
2.78216
0.0244426
0.0100181
0.000350031
0
0
0
1682191602.98018
msg_begin
7.75679e+06
-364026
2.78471
0.0026605
0.0061051
0.000287534
0
0
0
1682191603.03014
msg_begin
7.75679e+06
-364026
2.78633
0.00269969
0.000267383
8.8759e-05
0
0
0
1682191603.08018
msg_begin
7.75679e+06
-364026
2.78197
7.07805e-08
1.16415e-10
2.22045e-15
0
0
0
1682191603.13017
msg_begin
7.75679e+06
-364026
2.7844
0.0129131
0.00869499
0.00127547
0
0
0
1682191603.18025
msg_begin
7.75679e+06
-364025
2.78392
0.00169277
0.00169145
9.40712e-05
0
0
0
1682191603.23021
msg_begin
7.75679e+06
-364025
2.78207
0.0018288
0.000332978
0.000111565
0
0
0
1682191603.28019
msg_begin
7.75679e+06
-364025
2.78279
0.00168144
0.00142194
0.000134223
0
0
0
1682191603.33021
msg_begin
7.75679e+06
-364025
2.78145
0.0158575
0.00407809
0.000938662
0
0
0
1682191603.38021
msg_begin
7.75679e+06
-364025
2.78086
0.0122614
0.00763812
0.000571626
0
0
0
1682191603.43018
msg_begin
7.75679e+06
-364025
2.78152
0.0088681
0.00556964
0.000324742
0
0
0
1682191603.48012
msg_begin
7.75679e+06
-364025
2.78028
0.0328152
0.0204291
0.00246428
0
0
0
1682191603.53010
msg_begin
7.75679e+06
-364025
2.77934
5.58794e-08
2.73576e-09
1.33227e-15
0
0
0
1682191603.58011
msg_begin
7.75679e+06
-364025
2.77587
0.0263035
0.00963875
0.000845733
0
0
0
1682191603.62998
msg_begin
7.75679e+06
-364025
2.77362
9.31323e-09
8.14907e-10
3.10862e-15
0
0
0
1682191603.68024
msg_begin
7.75679e+06
-364025
2.77751
0.00108312
0.00221796
3.91508e-05
0
0
0
1682191603.72989
msg_begin
7.75679e+06
-364024
2.77636
0.00219585
0.00182667
0.000204335
0
0
0
1682191603.77983
msg_begin
7.75679e+06
-364024
2.77466
0.00208937
0.00097432
0.00017746
0
0
0
1682191603.82979
msg_begin
7.75679e+06
-364024
2.77537
0.0170231
0.00182299
0.000116609
0
0
0
1682191603.87997
msg_begin
7.75679e+06
-364024
2.77537
0.0388431
0.0242953
0.00203947
0
0
0
1682191603.92980
msg_begin
7.75679e+06
-364024
2.77541
0.00573997
0.00293557
0.000590916
0
0
0
1682191603.97974
msg_begin
7.75679e+06
-364024
2.77438
0.0142498
0.00383774
0.000710856
0
0
0
1682191604.02968
msg_begin
7.75679e+06
-364024
2.77349
0.00479705
0.000552236
0.000110976
0
0
0
1682191604.07992
msg_begin
7.75679e+06
-364024
2.77358
0.00475559
0.00162198
0.000402657
0
0
0
1682191604.12961
msg_begin
7.75679e+06
-364024
2.77346
2.79397e-08
2.44472e-09
1.33227e-15
0
0
0
1682191604.17959
msg_begin
7.75679e+06
-364024
2.77345
0.0146256
0.00198181
0.000428109
0
0
0
1682191604.22956
msg_begin
7.75679e+06
-364024
2.77212
0.0394167
0.0144295
0.00112726
0
0
0
1682191604.27950
msg_begin
7.75678e+06
-364023
2.77091
0.000910457
0.000743944
1.36528e-05
0
0
0
1682191604.32946
msg_begin
7.75678e+06
-364023
2.76872
0.00739638
0.00390552
0.000710804
0
0
0
1682191604.37943
msg_begin
7.75678e+06
-364023
2.76886
0.0100267
0.00475245
0.000666073
0
0
0
1682191604.42948
msg_begin
7.75678e+06
-364023
2.77048
0.00337882
0.00126441
6.07416e-05
0
0
0
1682191604.47941
msg_begin
7.75678e+06
-364023
2.77214
0.00690362
0.00350627
0.000161646
0
0
0
1682191604.52943
msg_begin
7.75678e+06
-364023
2.76891
0.0030929
0.00208173
0.000109629
0
0
0
1682191604.57942
msg_begin
7.75678e+06
-364023
2.76846
0.0178291
0.0123545
0.000932826
0
0
0
1682191604.62941
msg_begin
7.75678e+06
-364023
2.76765
0.0122873
0.00120344
0.000635496
0
0
0
1682191604.67939
msg_begin
7.75678e+06
-364023
2.76957
0.0187726
0.00104517
0.00100813
0
0
0
1682191604.72934
msg_begin
7.75678e+06
-364023
2.76678
0.00513256
0.00454143
0.000336175
0
0
0
1682191604.77940
msg_begin
7.75678e+06
-364023
2.76578
0.0128518
0.00396894
0.000585512
0
0
0
1682191604.82935
msg_begin
7.75678e+06
-364023
2.76415
0.00792743
0.00616617
0.000774041
0
0
0
1682191604.87955
msg_begin
7.75678e+06
-364023
2.76498
0.00897636
0.00260718
0.000575366
0
0
0
1682191604.92936
msg_begin
7.75678e+06
-364022
2.76449
0.022972
0.00920889
0.000795721
0
0
0
1682191604.97933
msg_begin
7.75678e+06
-364022
2.76096
0.00253832
0.00135549
0.000598099
0
0
0
1682191605.02931
msg_begin
7.75678e+06
-364022
2.76283
0.00370337
0.00209653
0.000780636
0
0
0
1682191605.07944
msg_begin
7.75678e+06
-364022
2.76556
0.00658935
0.00271028
0.000649326
0
0
0
1682191605.12927
msg_begin
7.75678e+06
-364022
2.76444
0.00210917
0.000338146
6.0472e-05
0
0
0
1682191605.17921
msg_begin
7.75678e+06
-364022
2.76678
0.00390582
0.00215088
0.000382758
0
0
0
1682191605.22913
msg_begin
7.75678e+06
-364022
2.76707
0.00136545
0.0028245
0.000275121
0
0
0
1682191605.27922
msg_begin
7.75678e+06
-364022
2.76699
0.00384701
0.00483838
3.81448e-05
0
0
0
1682191605.32915
msg_begin
7.75678e+06
-364022
2.76526
0.0158814
0.00469646
0.000337238
0
0
0
1682191605.37909
msg_begin
7.75678e+06
-364022
2.7659
0.00365736
0.00135486
0.0001515
0
0
0
1682191605.42914
msg_begin
7.75678e+06
-364022
2.76577
0.00996504
0.00341698
0.000453153
0
0
0
1682191605.47940
msg_begin
7.75678e+06
-364022
2.76451
0.0056393
0.00344981
0.000864254
0
0
0
1682191605.52907
msg_begin
7.75678e+06
-364022
2.76455
0.0267345
0.0065229
0.001183
0
0
0
1682191605.57910
msg_begin
7.75678e+06
-364022
2.76427
0.0113438
0.00579754
0.000349844
0
0
0
1682191605.62905
msg_begin
7.75678e+06
-364022
2.76295
4.65661e-09
4.65661e-10
3.55271e-15
0
0
0
1682191605.67912
msg_begin
7.75678e+06
-364021
2.76136
0.00464195
0.0136447
0.000739355
0
0
0
1682191605.72902
msg_begin
7.75678e+06
-364021
2.76493
4.65661e-08
4.01633e-09
8.88178e-16
0
0
0
1682191605.77894
msg_begin
7.75678e+06
-364021
2.76349
0.0148325
0.00327495
0.000584235
0
0
0
1682191605.82891
msg_begin
7.75678e+06
-364021
2.75851
0.00680209
0.00426127
0.000798387
0
0
0
1682191605.87890
msg_begin
7.75678e+06
-364021
2.76004
0.00955559
0.013151
0.00111365
0
0
0
1682191605.92889
msg_begin
7.75678e+06
-364021
2.76327
0.0150906
0.00935101
0.000861193
0
0
0
1682191605.97879
msg_begin
7.75678e+06
-364021
2.76447
0.00452208
0.00244239
0.000212971
0
0
0
1682191606.02876
msg_begin
7.75678e+06
-364021
2.76429
0.000286211
0.000135217
7.0185e-06
0
0
0
1682191606.07896
msg_begin
7.75678e+06
-364021
2.76506
0.016177
0.00625143
0.000616165
0
0
0
1682191606.12874
msg_begin
7.75678e+06
-364021
2.76449
0.00688954
0.00354517
0.000308101
0
0
0
1682191606.17872
msg_begin
7.75678e+06
-364021
2.76317
0.01382
0.00731412
0.000809914
0
0
0
1682191606.22872
msg_begin
7.75678e+06
-364021
2.76425
0.0122478
0.0102618
0.000541209
0
0
0
1682191606.27869
msg_begin
7.75678e+06
-364021
2.76383
0.00148405
0.000285056
8.16774e-05
0
0
0
1682191606.32870
msg_begin
7.75678e+06
-364021
2.76274
0.00700734
0.00534258
0.000665283
0
0
0
1682191606.37862
msg_begin
7.75678e+06
-364021
2.76384
0.00413279
0.00336026
0.00014694
0
0
0
1682191606.42863
msg_begin
7.75678e+06
-364021
2.76441
0.00500433
0.00092066
0.000166814
0
0
0
1682191606.47875
msg_begin
7.75678e+06
-364021
2.76831
0.00910351
0.00312776
0.00109539
0
0
0
1682191606.52864
msg_begin
7.75678e+06
-364020
2.76572
0.0121507
0.0125882
0.00173511
0
0
0
1682191606.57862
msg_begin
7.75678e+06
-364020
2.76466
0.0226291
0.0151685
0.00234311
0
0
0
1682191606.62853
msg_begin
7.75678e+06
-364020
2.76281
0.00865008
0.00387803
0.000359531
0
0
0
1682191606.67849
msg_begin
7.75678e+06
-364020
2.7649
0.00921791
0.00571564
0.000471385
0
0
0
1682191606.72839
msg_begin
7.75678e+06
-364020
2.76404
0.0128847
0.0050924
0.000283082
0
0
0
1682191606.77840
msg_begin
7.75678e+06
-364020
2.76487
0.00339216
0.00307671
0.000343255
0
0
0
1682191606.82836
msg_begin
7.75678e+06
-364020
2.76416
0.0108227
0.00857831
0.00079257
0
0
0
1682191606.87826
msg_begin
7.75678e+06
-364020
2.76501
0.00531469
0.00396388
0.000435626
0
0
0
1682191606.92816
msg_begin
7.75678e+06
-364020
2.76498
0.00330073
0.00529549
0.000310722
0
0
0
1682191606.97808
msg_begin
7.75678e+06
-364020
2.76336
0.00515783
0.011112
0.00148983
0
0
0
1682191607.02802
msg_begin
7.75678e+06
-364020
2.76458
0.020684
0.00801962
0.00204151
0
0
0
1682191607.07803
msg_begin
7.75678e+06
-364020
2.76562
0.00491999
0.00688928
6.93443e-05
0
0
0
1682191607.12788
msg_begin
7.75678e+06
-364020
2.76405
1.86265e-09
8.14907e-10
2.66454e-15
0
0
0
1682191607.17783
msg_begin
7.75678e+06
-364020
2.76312
0.000412832
0.000501825
0.000118567
0
0
0
1682191607.22783
msg_begin
7.75678e+06
-364020
2.76381
0.0043844
0.00325279
0.000400587
0
0
0
1682191607.27788
msg_begin
7.75678e+06
-364020
2.76193
6.89179e-08
3.55067e-09
3.10862e-15
0
0
0
1682191607.32778
msg_begin
7.75678e+06
-364020
2.7643
0.00647855
0.00516267
0.00031239
0
0
0
1682191607.37778
msg_begin
7.75677e+06
-364020
2.76593
0.020124
0.00658999
0.000438229
0
0
0
1682191607.42768
msg_begin
7.75677e+06
-364020
2.76649
0.00474073
0.0029333
0.000323375
0
0
0
1682191607.47782
msg_begin
7.75677e+06
-364020
2.76772
0.00801384
0.00708156
0.000981297
0
0
0
1682191607.52755
msg_begin
7.75677e+06
-364019
2.76589
0.0233766
0.00786364
0.00168282
0
0
0
1682191607.57751
msg_begin
7.75677e+06
-364019
2.76456
0.0153243
0.0116717
0.0016418
0
0
0
1682191607.62749
msg_begin
7.75677e+06
-364019
2.76585
0.000451435
0.00594216
0.000643085
0
0
0
1682191607.67761
msg_begin
7.75677e+06
-364019
2.76425
0.00614482
0.00124745
0.00021693
0
0
0
1682191607.72743
msg_begin
7.75677e+06
-364019
2.76361
0.0161036
0.00479801
0.000588358
0
0
0
1682191607.77745
msg_begin
7.75677e+06
-364019
2.76785
0.00158005
0.000318407
0.000121837
0
0
0
1682191607.82743
msg_begin
7.75677e+06
-364019
2.77104
0.00684193
0.00293946
0.000520361
0
0
0
1682191607.87771
msg_begin
7.75677e+06
-364019
2.76796
0.00333629
0.00108923
9.05992e-05
0
0
0
1682191607.92749
msg_begin
7.75677e+06
-364019
2.76583
0.00317821
0.0022734
1.86621e-06
0
0
0
1682191607.97744
msg_begin
7.75677e+06
-364019
2.7663
0.00730468
0.00955098
0.00109423
0
0
0
1682191608.02754
msg_begin
7.75677e+06
-364019
2.7684
0.0266432
0.0087596
0.00114086
0
0
0
1682191608.07775
msg_begin
7.75677e+06
-364019
2.76962
0.0114397
0.0103734
0.00207935
0
0
0
1682191608.12760
msg_begin
7.75677e+06
-364019
2.76645
0.0365444
0.00771289
0.000806588
0
0
0
1682191608.17764
msg_begin
7.75677e+06
-364019
2.77033
0.000816597
0.000293718
0.000214068
0
0
0
1682191608.22762
msg_begin
7.75677e+06
-364019
2.76787
0.00225941
0.000471636
0.000131423
0
0
0
1682191608.27787
msg_begin
7.75677e+06
-364019
2.76869
0.0121704
0.00785617
0.00110679
0
0
0
1682191608.32767
msg_begin
7.75677e+06
-364019
2.7721
0.0106563
0.00707102
0.00133416
0
0
0
1682191608.37766
msg_begin
7.75677e+06
-364019
2.7698
7.45058e-09
5.82077e-10
1.77636e-15
0
0
0
1682191608.42762
msg_begin
7.75677e+06
-364019
2.77025
0.0171423
0.0110203
0.000641324
0
0
0
1682191608.47764
msg_begin
7.75677e+06
-364019
2.77194
0.00772963
0.000815197
0.00032646
0
0
0
1682191608.52751
msg_begin
7.75677e+06
-364019
2.77294
0.00112088
0.00134016
0.000163141
0
0
0
1682191608.57750
msg_begin
7.75677e+06
-364018
2.77221
0.0142614
0.00231316
0.000174643
0
0
0
1682191608.62749
msg_begin
7.75677e+06
-364018
2.76951
0.000110423
0.000165789
9.41263e-06
0
0
0
1682191608.67777
msg_begin
7.75677e+06
-364018
2.7719
0.0242037
0.0106717
0.000336698
0
0
0
1682191608.72733
msg_begin
7.75677e+06
-364018
2.77185
0.0137835
0.00582431
0.000702611
0
0
0
1682191608.77734
msg_begin
7.75677e+06
-364018
2.77252
0.00489906
0.00494331
0.000933722
0
0
0
1682191608.82721
msg_begin
7.75677e+06
-364018
2.77309
0.00958179
0.00429235
0.000470242
0
0
0
1682191608.87713
msg_begin
7.75677e+06
-364018
2.77326
2.42144e-08
3.49246e-10
4.44089e-15
0
0
0
1682191608.92703
msg_begin
7.75677e+06
-364018
2.77365
0.00219285
0.00509508
0.000566742
0
0
0
1682191608.97701
msg_begin
7.75677e+06
-364018
2.7731
0.00984567
0.00709495
0.000666584
0
0
0
1682191609.02688
msg_begin
7.75677e+06
-364018
2.774
0.0042681
0.00347568
0.000315958
0
0
0
1682191609.07682
msg_begin
7.75677e+06
-364018
2.7733
0.00116033
0.00176212
0.000133485
0
0
0
1682191609.12674
msg_begin
7.75677e+06
-364018
2.77361
0.00134464
0.000694677
0.000212719
0
0
0
1682191609.17666
msg_begin
7.75677e+06
-364018
2.77264
0.00227433
0.00826284
0.000635457
0
0
0
1682191609.22665
msg_begin
7.75677e+06
-364018
2.77302
0.004486
0.00358378
0.000170613
0
0
0
1682191609.27665
msg_begin
7.75677e+06
-364018
2.77391
0.0128674
0.00297308
0.00029883
0
0
0
1682191609.32660
msg_begin
7.75677e+06
-364017
2.77545
0.000860346
0.00183367
0.000151428
0
0
0
1682191609.37652
msg_begin
7.75677e+06
-364017
2.77382
0.00180863
0.00202467
0.000180384
0
0
0
1682191609.42649
msg_begin
7.75677e+06
-364017
2.77532
0.0165753
0.0127936
0.00150974
0
0
0
1682191609.47641
msg_begin
7.75677e+06
-364017
2.77753
0.00292529
0.00401859
0.00013452
0
0
0
1682191609.52635
msg_begin
7.75677e+06
-364017
2.77671
0.00655156
0.00561777
0.000304593
0
0
0
1682191609.57631
msg_begin
7.75677e+06
-364017
2.77688
1.86265e-08
1.04774e-09
4.44089e-16
0
0
0
1682191609.67631
msg_begin
7.75677e+06
-364017
2.77645
0.00216591
0.000950926
0.000176369
0
0
0
1682191609.72629
msg_begin
7.75677e+06
-364017
2.77763
0.00225149
0.00127401
0.00026936
0
0
0
1682191609.77636
msg_begin
7.75677e+06
-364017
2.78163
8.3819e-09
1.10595e-09
0
0
0
0
1682191609.82642
msg_begin
7.75677e+06
-364017
2.78483
6.70552e-08
6.98492e-10
2.22045e-15
0
0
0
1682191609.87635
msg_begin
7.75677e+06
-364017
2.78204
0.0100769
0.00706422
0.00108541
0
0
0
1682191609.92635
msg_begin
7.75677e+06
-364017
2.78063
3.1665e-08
2.85218e-09
0
0
0
0
1682191609.97632
msg_begin
7.75677e+06
-364016
2.78036
0.0125349
0.00502506
0.00115599
0
0
0
1682191610.02631
msg_begin
7.75677e+06
-364016
2.77918
0.00439204
0.0044687
0.000891016
0
0
0
1682191610.07633
msg_begin
7.75677e+06
-364016
2.78112
0.00653684
0.00971836
0.00126771
0
0
0
1682191610.12635
msg_begin
7.75677e+06
-364016
2.78389
5.68107e-08
2.56114e-09
4.44089e-16
0
0
0
1682191610.17624
msg_begin
7.75677e+06
-364016
2.78558
0.00759552
0.00304436
0.000607198
0
0
0
1682191610.22625
msg_begin
7.75676e+06
-364016
2.78147
0.00231847
0.000959006
0.000206551
0
0
0
1682191610.32618
msg_begin
7.75676e+06
-364016
2.78215
0.00133809
0.00160259
0.000170463
0
0
0
1682191610.47620
msg_begin
7.75676e+06
-364016
2.78168
0.0129203
0.0117153
0.00160642
0
0
0
1682191610.57593
msg_begin
7.75676e+06
-364015
2.7816
0.0078874
0.000939291
5.10246e-05
0
0
0
1682191610.62591
msg_begin
7.75676e+06
-364015
2.78059
0.054477
0.0293661
0.00185603
0
0
0
1682191610.67590
msg_begin
7.75676e+06
-364015
2.78208
0.0156084
0.00931965
0.00212367
0
0
0
1682191610.72585
msg_begin
7.75676e+06
-364015
2.7831
0.0104496
0.0075558
0.00144137
0
0
0
1682191610.77588
msg_begin
7.75676e+06
-364015
2.78195
0.00743578
0.00231113
9.06282e-05
0
0
0
1682191610.82591
msg_begin
7.75676e+06
-364015
2.77919
0.0189851
0.00818955
0.00115342
0
0
0
1682191610.87606
msg_begin
7.75676e+06
-364015
2.77654
0.00692234
0.00344052
0.000555598
0
0
0
1682191610.92585
msg_begin
7.75676e+06
-364015
2.77495
0.0232207
0.0028585
0.00159324
0
0
0
1682191610.97582
msg_begin
7.75676e+06
-364015
2.77484
0.010399
0.00253379
0.000598113
0
0
0
1682191611.02582
msg_begin
7.75676e+06
-364015
2.77679
0.0177003
0.0029794
0.000783886
0
0
0
1682191611.07590
msg_begin
7.75676e+06
-364015
2.77358
0.00710693
0.00339641
0.000188916
0
0
0
1682191611.12576
msg_begin
7.75676e+06
-364014
2.77546
0.0221032
0.0115014
0.000392336
0
0
0
1682191611.17566
msg_begin
7.75676e+06
-364014
2.77344
0.0202877
0.0152811
0.000899528
0
0
0
1682191611.22561
msg_begin
7.75676e+06
-364014
2.77351
0.0244286
0.00923152
0.00166038
0
0
0
1682191611.27559
msg_begin
7.75676e+06
-364014
2.77338
0.0392854
0.0160812
0.000374429
0
0
0
1682191611.32553
msg_begin
7.75676e+06
-364014
2.77371
0.0114886
0.00313785
0.000530457
0
0
0
1682191611.37553
msg_begin
7.75676e+06
-364014
2.77304
0.0205993
0.00559726
0.000655845
0
0
0
1682191611.42552
msg_begin
7.75676e+06
-364014
2.77311
0.0182025
0.00585799
0.00107752
0
0
0
1682191611.47564
msg_begin
7.75676e+06
-364014
2.77195
0.00676094
0.00397865
0.000602162
0
0
0
1682191611.52560
msg_begin
7.75676e+06
-364014
2.76926
0.0515635
0.016279
0.00272334
0
0
0
1682191611.57558
msg_begin
7.75676e+06
-364014
2.76922
0.0235541
0.00381392
0.000377685
0
0
0
1682191611.62561
msg_begin
7.75676e+06
-364013
2.76662
0.0200044
0.00885245
0.000388629
0
0
0
1682191611.67578
msg_begin
7.75676e+06
-364013
2.76799
0.0349995
0.0120528
0.000793737
0
0
0
1682191611.72559
msg_begin
7.75676e+06
-364013
2.76783
2.79397e-09
1.16415e-09
4.44089e-15
0
0
0
1682191611.77557
msg_begin
7.75676e+06
-364013
2.77129
0.00579835
0.00465707
0.000429787
0
0
0
1682191611.82554
msg_begin
7.75676e+06
-364013
2.76924
0.00754363
0.0014901
0.000548448
0
0
0
1682191611.87565
msg_begin
7.75676e+06
-364013
2.77107
0.00472981
0.00224925
0.000214704
0
0
0
1682191611.92559
msg_begin
7.75676e+06
-364013
2.76741
0.00108213
0.00218043
0.000152203
0
0
0
1682191611.97553
msg_begin
7.75676e+06
-364013
2.76581
0.0362638
0.0137498
0.00197837
0
0
0
1682191612.02556
msg_begin
7.75676e+06
-364013
2.76391
0.00270292
0.00314319
0.000268582
0
0
0
1682191612.07555
msg_begin
7.75676e+06
-364013
2.76316
0.00885673
0.00418017
0.000992366
0
0
0
1682191612.12552
msg_begin
7.75676e+06
-364012
2.76461
0.0393086
0.013533
0.00047504
0
0
0
1682191612.17553
msg_begin
7.75675e+06
-364012
2.76496
0.00766171
0.00863981
0.000355766
0
0
0
1682191612.22551
msg_begin
7.75675e+06
-364012
2.76524
0.0279872
0.0109273
0.0016315
0
0
0
1682191612.27555
msg_begin
7.75675e+06
-364012
2.76288
0.00464583
0.0201081
0.000462581
0
0
0
1682191612.32558
msg_begin
7.75675e+06
-364012
2.75604
0.00118294
2.64278e-05
5.43883e-05
0
0
0
1682191612.37556
msg_begin
7.75675e+06
-364012
2.75792
0.0232311
0.0146873
0.00108689
0
0
0
1682191612.42552
msg_begin
7.75675e+06
-364012
2.75637
0.0101096
0.00335464
0.00027286
0
0
0
1682191612.47553
msg_begin
7.75675e+06
-364012
2.75669
0.00757304
0.00372891
6.06591e-05
0
0
0
1682191612.52545
msg_begin
7.75675e+06
-364012
2.75737
0.00159847
0.00182515
0.000467599
0
0
0
1682191612.57547
msg_begin
7.75675e+06
-364011
2.75559
0.000853077
0.000789606
8.40952e-05
0
0
0
1682191612.62540
msg_begin
7.75675e+06
-364011
2.75566
0.0185976
0.0101251
0.000581767
0
0
0
1682191612.67547
msg_begin
7.75675e+06
-364011
2.75518
0.00415479
0.00754044
0.000103133
0
0
0
1682191612.72530
msg_begin
7.75675e+06
-364011
2.75166
4.56348e-08
5.23869e-10
1.77636e-15
0
0
0
1682191612.77519
msg_begin
7.75675e+06
-364011
2.74847
0.00109465
0.000931376
8.50307e-05
0
0
0
1682191612.82506
msg_begin
7.75675e+06
-364011
2.74821
0.00491807
0.005933
0.00099708
0
0
0
1682191612.87506
msg_begin
7.75675e+06
-364011
2.74709
0.00334417
0.00141706
0.000284581
0
0
0
1682191612.92491
msg_begin
7.75675e+06
-364011
2.74753
0.0105416
0.00469331
0.000627512
0
0
0
1682191612.97483
msg_begin
7.75675e+06
-364010
2.74653
0.0230102
0.0084055
0.000309456
0
0
0
1682191613.02478
msg_begin
7.75675e+06
-364010
2.74288
0.00142942
0.00161387
2.33302e-05
0
0
0
1682191613.07470
msg_begin
7.75675e+06
-364010
2.74258
0.0246516
0.0122661
0.00117687
0
0
0
1682191613.12464
msg_begin
7.75675e+06
-364010
2.73981
0.00810032
0.00454144
0.000295307
0
0
0
1682191613.17460
msg_begin
7.75675e+06
-364010
2.7384
0.0030649
0.0025452
0.000303694
0
0
0
1682191613.22457
msg_begin
7.75675e+06
-364010
2.73798
0.0134124
0.010905
0.000604851
0
0
0
1682191613.27455
msg_begin
7.75675e+06
-364010
2.73544
0.00282171
0.00770456
0.00051278
0
0
0
1682191613.32452
msg_begin
7.75675e+06
-364010
2.73628
0.0189738
0.0069393
0.000597907
0
0
0
1682191613.37447
msg_begin
7.75675e+06
-364009
2.73567
0.00530193
0.00299415
0.000371356
0
0
0
1682191613.42450
msg_begin
7.75675e+06
-364009
2.7333
7.72998e-08
1.28057e-09
1.77636e-15
0
0
0
1682191613.47464
msg_begin
7.75675e+06
-364009
2.73025
0.0102285
0.00737449
0.000419544
0
0
0
1682191613.52444
msg_begin
7.75675e+06
-364009
2.73027
2.79397e-09
1.10595e-09
4.44089e-16
0
0
0
1682191613.57451
msg_begin
7.75675e+06
-364009
2.72891
0.000110115
0.000180986
0.00012039
0
0
0
1682191613.62451
msg_begin
7.75675e+06
-364009
2.72611
0.00137995
0.00346155
0.000371139
0
0
0
1682191613.67473
msg_begin
7.75675e+06
-364009
2.72634
0.00696696
0.00467062
0.000226429
0
0
0
1682191613.72448
msg_begin
7.75675e+06
-364008
2.72286
0.000467305
0.000340936
1.8932e-05
0
0
0
1682191613.77449
msg_begin
7.75675e+06
-364008
2.72057
0.0190189
0.0103196
0.00122364
0
0
0
1682191613.82511
msg_begin
7.75674e+06
-364008
2.72015
0.025705
0.0176731
0.00017533
0
0
0
1682191613.87449
msg_begin
7.75674e+06
-364008
2.71883
0.00523492
0.00191222
0.000141429
0
0
0
1682191613.92454
msg_begin
7.75674e+06
-364008
2.71831
0.0321242
0.0107591
0.000452748
0
0
0
1682191613.97448
msg_begin
7.75674e+06
-364008
2.7168
0.00174032
0.00858016
0.000319708
0
0
0
1682191614.02552
msg_begin
7.75674e+06
-364008
2.7153
0.0148716
0.00497689
0.000642792
0
0
0
1682191614.07448
msg_begin
7.75674e+06
-364008
2.71371
0.00681015
0.00690671
0.000454618
0
0
0
1682191614.12449
msg_begin
7.75674e+06
-364007
2.71263
0.00233133
0.00768187
0.000366852
0
0
0
1682191614.17445
msg_begin
7.75674e+06
-364007
2.70975
0.0109027
0.0060865
0.000215814
0
0
0
1682191614.22557
msg_begin
7.75674e+06
-364007
2.71206
0.0132145
0.009093
0.000723573
0
0
0
1682191614.27460
msg_begin
7.75674e+06
-364007
2.7086
0.00162738
0.00109185
7.8873e-05
0
0
0
1682191614.32448
msg_begin
7.75674e+06
-364007
2.70645
0.0138271
0.00421933
0.000131665
0
0
0
1682191614.37452
msg_begin
7.75674e+06
-364007
2.70622
0.0175094
0.0133768
0.000896961
0
0
0
1682191614.42540
msg_begin
7.75674e+06
-364007
2.70426
0.00589
0.0123225
0.000944848
0
0
0
1682191614.47463
msg_begin
7.75674e+06
-364006
2.70284
0.0426412
0.0166409
0.00017089
0
0
0
1682191614.52441
msg_begin
7.75674e+06
-364006
2.70239
0.00982341
0.0047504
0.000330231
0
0
0
1682191614.57442
msg_begin
7.75674e+06
-364006
2.70092
0.00265894
0.0046835
0.000381465
0
0
0
1682191614.62542
msg_begin
7.75674e+06
-364006
2.70103
0.000482785
0.00127463
9.1281e-05
0
0
0
1682191614.67460
msg_begin
7.75674e+06
-364006
2.69957
0.00329834
0.00186985
0.000363464
0
0
0
1682191614.72431
msg_begin
7.75674e+06
-364006
2.69498
0.00310061
0.00229422
5.44472e-05
0
0
0
1682191614.77429
msg_begin
7.75674e+06
-364006
2.6934
0.00345721
0.0117017
0.00043652
0
0
0
1682191614.82487
msg_begin
7.75674e+06
-364005
2.6941
0.0155723
0.0123715
0.000538696
0
0
0
1682191614.87426
msg_begin
7.75674e+06
-364005
2.69351
0.00878295
0.00308362
0.000602969
0
0
0
1682191614.92420
msg_begin
7.75674e+06
-364005
2.6901
0.00999322
0.00408953
0.000146486
0
0
0
1682191614.97414
msg_begin
7.75674e+06
-364005
2.68816
0.0161247
0.00382958
0.000195369
0
0
0
1682191615.02410
msg_begin
7.75674e+06
-364005
2.6892
0.00220989
0.00165736
0.000479442
0
0
0
1682191615.07398
msg_begin
7.75674e+06
-364005
2.68863
0.0281191
0.017846
0.000225462
0
0
0
1682191615.12396
msg_begin
7.75674e+06
-364004
2.68714
0.00142579
0.00424408
0.000127274
0
0
0
1682191615.17389
msg_begin
7.75674e+06
-364004
2.68542
0.0219603
0.0160645
0.001053
0
0
0
1682191615.22381
msg_begin
7.75674e+06
-364004
2.68442
0.0191369
0.00683895
0.000546555
0
0
0
1682191615.27453
msg_begin
7.75674e+06
-364004
2.67924
0.0078389
0.000827052
0.000142541
0
0
0
1682191615.32379
msg_begin
7.75674e+06
-364004
2.67638
0.0212597
0.0118288
0.000670283
0
0
0
1682191615.37371
msg_begin
7.75673e+06
-364004
2.67516
0.00403895
0.00561295
0.000368736
0
0
0
1682191615.42380
msg_begin
7.75673e+06
-364003
2.67221
0.00362858
0.0033977
0.000511575
0
0
0
1682191615.47376
msg_begin
7.75673e+06
-364003
2.67203
0.00250564
0.00252785
0.000376208
0
0
0
1682191615.52380
msg_begin
7.75673e+06
-364003
2.67188
0.0194407
0.0134908
0.000530159
0
0
0
1682191615.57378
msg_begin
7.75673e+06
-364003
2.67037
0.0074082
0.00234525
0.000429549
0
0
0
1682191615.62375
msg_begin
7.75673e+06
-364003
2.67035
0.0147688
0.00336854
0.000168769
0
0
0
1682191615.67379
msg_begin
7.75673e+06
-364003
2.6677
0.0350345
0.0223389
0.00135268
0
0
0
1682191615.72370
msg_begin
7.75673e+06
-364002
2.66749
0.0142681
0.0127259
0.000882581
0
0
0
1682191615.77368
msg_begin
7.75673e+06
-364002
2.66481
0.0035689
0.00201192
0.000102527
0
0
0
1682191615.82356
msg_begin
7.75673e+06
-364002
2.66313
0.00303222
0.00167241
0.000213424
0
0
0
1682191615.87495
msg_begin
7.75673e+06
-364002
2.66178
9.31323e-09
1.22236e-09
4.88498e-15
0
0
0
1682191615.92340
msg_begin
7.75673e+06
-364002
2.66053
0.0130944
0.00877222
0.000867539
0
0
0
1682191615.97330
msg_begin
7.75673e+06
-364002
2.65641
0.00204979
0.00153228
0.000270646
0
0
0
1682191616.02317
msg_begin
7.75673e+06
-364001
2.65419
0.00457658
0.00362317
0.000675864
0
0
0
1682191616.07359
msg_begin
7.75673e+06
-364001
2.65282
0.00299631
0.00348566
0.000663488
0
0
0
1682191616.12309
msg_begin
7.75673e+06
-364001
2.64949
0.00127765
0.00136635
9.09106e-05
0
0
0
1682191616.17310
msg_begin
7.75673e+06
-364001
2.64885
0.00199383
0.00318538
0.000335329
0
0
0
1682191616.22297
msg_begin
7.75673e+06
-364001
2.64911
0.00323328
0.00585703
0.000176431
0
0
0
1682191616.27340
msg_begin
7.75673e+06
-364000
2.64677
0.00855378
0.006978
0.000437242
0
0
0
1682191616.32298
msg_begin
7.75673e+06
-364000
2.64413
0.0257298
0.0199979
0.00123661
0
0
0
1682191616.37289
msg_begin
7.75673e+06
-364000
2.64334
0.00239897
0.000961888
0.000165349
0
0
0
1682191616.42297
msg_begin
7.75673e+06
-364000
2.6438
0.00604885
0.00172082
0.000402163
0
0
0
1682191616.47371
msg_begin
7.75673e+06
-364000
2.64073
0.000992283
0.000426599
5.48355e-05
0
0
0
1682191616.52290
msg_begin
7.75673e+06
-364000
2.64078
0.0066339
0.00593376
0.000750305
0
0
0
1682191616.57294
msg_begin
7.75673e+06
-363999
2.6385
0.0209688
0.0071546
0.00106289
0
0
0
1682191616.62296
msg_begin
7.75673e+06
-363999
2.63963
0.00213449
5.17584e-05
1.7501e-05
0
0
0
1682191616.67353
msg_begin
7.75673e+06
-363999
2.63375
0.00145533
0.00136661
0.000314388
0
0
0
1682191616.72294
msg_begin
7.75673e+06
-363999
2.63266
0.00556568
0.0050861
0.000273881
0
0
0
1682191616.77293
msg_begin
7.75672e+06
-363998
2.62565
0.0146753
0.00402763
0.000672279
0
0
0
1682191616.92299
msg_begin
7.75672e+06
-363998
2.62398
0.0092288
0.00104082
0.000223121
0
0
0
1682191616.97300
msg_begin
7.75672e+06
-363998
2.62333
0.00818715
0.00593118
0.000353521
0
0
0
1682191617.02287
msg_begin
7.75672e+06
-363998
2.62165
0.0101216
0.00372504
0.000547958
0
0
0
1682191617.07311
msg_begin
7.75672e+06
-363997
2.62043
2.8871e-08
1.45519e-09
4.44089e-16
0
0
0
1682191617.12291
msg_begin
7.75672e+06
-363997
2.61922
0.0177368
0.000696585
0.00134301
0
0
0
1682191617.17286
msg_begin
7.75672e+06
-363997
2.62121
0.0125597
0.00631424
0.000942388
0
0
0
1682191617.22288
msg_begin
7.75672e+06
-363997
2.62032
3.44589e-08
3.25963e-09
6.21725e-15
0
0
0
1682191617.27275
msg_begin
7.75672e+06
-363997
2.6208
6.89179e-08
3.7835e-09
2.22045e-15
0
0
0
1682191617.32287
msg_begin
7.75672e+06
-363996
2.61765
0.0231891
0.00720606
0.000424227
0
0
0
1682191617.37282
msg_begin
7.75672e+06
-363996
2.61696
0.0109783
0.00524879
0.000751921
0
0
0
1682191617.42284
msg_begin
7.75672e+06
-363996
2.61653
0.00332054
0.00144374
3.31821e-05
0
0
0
1682191617.47409
msg_begin
7.75672e+06
-363996
2.6167
0.0115641
0.00807082
0.000694638
0
0
0
1682191617.52284
msg_begin
7.75672e+06
-363996
2.6173
0.00157406
0.000415494
0.000105429
0
0
0
1682191617.57280
msg_begin
7.75672e+06
-363995
2.61363
0.00763074
0.00392063
0.000300938
0
0
0
1682191617.62286
msg_begin
7.75672e+06
-363995
2.61032
0.00681069
0.00574642
0.000356867
0
0
0
1682191617.67351
msg_begin
7.75672e+06
-363995
2.60766
0.00495773
0.000840544
0.000473799
0
0
0
1682191617.72283
msg_begin
7.75672e+06
-363995
2.60518
0.00672917
0.00624787
0.000500312
0
0
0
1682191617.77274
msg_begin
7.75672e+06
-363995
2.60196
0.00656098
0.00632805
0.000650552
0
0
0
1682191617.82264
msg_begin
7.75672e+06
-363994
2.60316
0.0136194
0.0122844
0.000880436
0
0
0
1682191617.87330
msg_begin
7.75672e+06
-363994
2.60308
0.00860042
0.00604078
0.000584681
0
0
0
1682191617.92251
msg_begin
7.75672e+06
-363994
2.60257
0.00257745
0.00250292
0.000161339
0
0
0
1682191617.97247
msg_begin
7.75672e+06
-363994
2.5956
0.00417858
0.00217665
0.000276909
0
0
0
1682191618.02239
msg_begin
7.75672e+06
-363994
2.5962
0.00854377
0.00379939
0.000574776
0
0
0
1682191618.07294
msg_begin
7.75672e+06
-363993
2.59589
0.0064952
0.00371844
0.000345529
0
0
0
1682191618.12217
msg_begin
7.75672e+06
-363993
2.59526
0.00537736
0.0040626
0.00035773
0
0
0
1682191618.17208
msg_begin
7.75671e+06
-363993
2.59332
0.0274879
0.0194308
0.000662689
0
0
0
1682191618.22206
msg_begin
7.75671e+06
-363993
2.59042
0.00356512
0.00290255
0.000380739
0
0
0
1682191618.27292
msg_begin
7.75671e+06
-363992
2.58927
0.00378856
0.00824536
0.000306193
0
0
0
1682191618.32190
msg_begin
7.75671e+06
-363992
2.58542
0.0133334
0.00325201
0.00036065
0
0
0
1682191618.37185
msg_begin
7.75671e+06
-363992
2.58576
0.00826394
0.00263004
0.000201327
0
0
0
1682191618.42181
msg_begin
7.75671e+06
-363992
2.58386
0.0013423
0.00175942
0.000190121
0
0
0
1682191618.47262
msg_begin
7.75671e+06
-363992
2.58304
9.31323e-10
1.33878e-09
4.44089e-16
0
0
0
1682191618.52182
msg_begin
7.75671e+06
-363991
2.58312
0.0109586
0.0021826
0.000123369
0
0
0
1682191618.57178
msg_begin
7.75671e+06
-363991
2.58058
0.00793403
0.00355834
0.000106567
0
0
0
1682191618.62172
msg_begin
7.75671e+06
-363991
2.58122
0.00713727
0.00212943
0.000340427
0
0
0
1682191618.67276
msg_begin
7.75671e+06
-363991
2.57891
0.00746475
0.00687778
0.000256922
0
0
0
1682191618.72175
msg_begin
7.75671e+06
-363990
2.57553
0.015597
0.0164896
0.000216706
0
0
0
1682191618.77173
msg_begin
7.75671e+06
-363990
2.57548
0.00475434
0.00563565
1.83468e-05
0
0
0
1682191618.82179
msg_begin
7.75671e+06
-363990
2.57603
0.0101578
0.00871173
0.000316357
0
0
0
1682191618.87201
msg_begin
7.75671e+06
-363990
2.57631
0.0130149
0.00747587
0.000429947
0
0
0
1682191618.92181
msg_begin
7.75671e+06
-363989
2.57436
0.00305019
0.00107727
2.01887e-05
0
0
0
1682191618.97186
msg_begin
7.75671e+06
-363989
2.57333
0.0141591
0.00686097
0.000643079
0
0
0
1682191619.02186
msg_begin
7.75671e+06
-363989
2.57031
0.00299936
0.00576845
0.000263199
0
0
0
1682191619.07271
msg_begin
7.75671e+06
-363989
2.56952
0.000141326
4.89461e-05
0.00010261
0
0
0
1682191619.12199
msg_begin
7.75671e+06
-363989
2.57009
0.0231699
0.0161485
0.000130519
0
0
0
1682191619.17201
msg_begin
7.75671e+06
-363988
2.57182
0.00491799
0.00183802
0.000359503
0
0
0
1682191619.22198
msg_begin
7.75671e+06
-363988
2.56811
0.00148467
0.00255625
7.04411e-05
0
0
0
1682191619.27198
msg_begin
7.75671e+06
-363988
2.56692
0.000961912
0.000338556
4.38458e-05
0
0
0
1682191619.32194
msg_begin
7.75671e+06
-363988
2.56615
0.00646032
0.00415509
0.000105747
0
0
0
1682191619.37197
msg_begin
7.75671e+06
-363987
2.56587
0.00511814
0.00314671
0.000400444
0
0
0
1682191619.42192
msg_begin
7.75671e+06
-363987
2.56491
0.00535177
0.000852522
6.84449e-05
0
0
0
1682191619.47252
msg_begin
7.75671e+06
-363987
2.56608
0.0160541
0.0108102
0.00116595
0
0
0
1682191619.52193
msg_begin
7.7567e+06
-363987
2.56464
0.00641525
0.00318043
0.000401916
0
0
0
1682191619.57186
msg_begin
7.7567e+06
-363987
2.56493
0.00113953
0.00239992
0.000214506
0
0
0
1682191619.62180
msg_begin
7.7567e+06
-363986
2.56371
0.0255281
0.0127717
0.000943182
0
0
0
1682191619.67263
msg_begin
7.7567e+06
-363986
2.56228
0.0257157
0.0154542
0.00201588
0
0
0
1682191619.72189
msg_begin
7.7567e+06
-363986
2.56379
0.00428698
0.00969714
0.000424423
0
0
0
1682191619.77186
msg_begin
7.7567e+06
-363986
2.56457
0.0329768
0.0109554
0.00128185
0
0
0
1682191619.82194
msg_begin
7.7567e+06
-363985
2.56498
0.0297432
0.0151142
0.000871099
0
0
0
1682191619.87261
msg_begin
7.7567e+06
-363985
2.56812
0.006882
0.0053773
0.000922639
0
0
0
1682191619.92180
msg_begin
7.7567e+06
-363985
2.56418
2.79397e-09
2.61934e-09
5.32907e-15
0
0
0
1682191619.97177
msg_begin
7.7567e+06
-363985
2.56308
0.00385134
0.00479134
0.000450223
0
0
0
1682191620.02182
msg_begin
7.7567e+06
-363984
2.56434
0.012727
0.00695746
0.000333155
0
0
0
1682191620.07181
msg_begin
7.7567e+06
-363984
2.56056
0.0105005
0.0110905
0.000539858
0
0
0
1682191620.12163
msg_begin
7.7567e+06
-363984
2.56155
0.00943399
0.0169611
0.00072875
0
0
0
1682191620.17166
msg_begin
7.7567e+06
-363984
2.56366
0.0131893
0.0104188
0.0024384
0
0
0
1682191620.22163
msg_begin
7.7567e+06
-363984
2.56323
7.63685e-08
1.57161e-09
3.10862e-15
0
0
0
1682191620.27223
msg_begin
7.7567e+06
-363983
2.56259
0.033343
0.0100257
0.000472917
0
0
0
1682191620.32153
msg_begin
7.7567e+06
-363983
2.56354
0.0161824
0.00833442
0.000288365
0
0
0
1682191620.37153
msg_begin
7.7567e+06
-363983
2.56391
0.0142868
0.0125317
0.000983029
0
0
0
1682191620.42144
msg_begin
7.7567e+06
-363983
2.56163
0.0219787
0.0046251
0.000428957
0
0
0
1682191620.47199
msg_begin
7.7567e+06
-363982
2.5641
0.024189
0.0169408
0.00091177
0
0
0
1682191620.52147
msg_begin
7.7567e+06
-363982
2.56204
0.000992236
0.00133989
0.000201161
0
0
0
1682191620.57144
msg_begin
7.7567e+06
-363982
2.56281
0.00399356
0.00365713
0.000326259
0
0
0
1682191620.62148
msg_begin
7.7567e+06
-363982
2.56096
0.00364862
0.00252799
0.000111902
0
0
0
1682191620.67230
msg_begin
7.7567e+06
-363982
2.56312
0.0326541
0.0203635
0.000349557
0
0
0
1682191620.72149
msg_begin
7.7567e+06
-363981
2.56302
0.00177108
0.00708246
0.000463537
0
0
0
1682191620.77151
msg_begin
7.7567e+06
-363981
2.5612
0.00998145
0.0144618
0.00108692
0
0
0
1682191620.82160
msg_begin
7.7567e+06
-363981
2.5625
0.00397177
0.00436847
0.000551869
0
0
0
1682191620.87262
msg_begin
7.7567e+06
-363981
2.56453
0.0153557
0.00445421
0.000248342
0
0
0
1682191620.92155
msg_begin
7.75669e+06
-363980
2.56495
0.00199039
0.00522647
0.000270748
0
0
0
1682191620.97158
msg_begin
7.75669e+06
-363980
2.56423
0.0100723
0.00548344
0.000368915
0
0
0
1682191621.02143
msg_begin
7.75669e+06
-363980
2.56511
0.000814585
9.69826e-05
3.27382e-05
0
0
0
1682191621.07228
msg_begin
7.75669e+06
-363980
2.56533
0.00224567
0.00377193
0.000231097
0
0
0
1682191621.12137
msg_begin
7.75669e+06
-363980
2.56611
0.0114027
0.00656595
0.00117111
0
0
0
1682191621.17133
msg_begin
7.75669e+06
-363979
2.56761
0.0246834
0.0122238
0.0016543
0
0
0
1682191621.22130
msg_begin
7.75669e+06
-363979
2.56797
0.0231594
0.0278257
0.000748481
0
0
0
1682191621.27120
msg_begin
7.75669e+06
-363979
2.56608
0.0111545
0.00575196
0.000265287
0
0
0
1682191621.32110
msg_begin
7.75669e+06
-363979
2.56496
0.0383228
0.0266559
0.000630609
0
0
0
1682191621.37097
msg_begin
7.75669e+06
-363978
2.56704
0.00707918
0.0119136
0.000507364
0
0
0
1682191621.42093
msg_begin
7.75669e+06
-363978
2.56522
0.00930165
0.00063863
0.000440699
0
0
0
1682191621.47088
msg_begin
7.75669e+06
-363978
2.56683
0.000374398
0.000884006
4.64254e-05
0
0
0
1682191621.52079
msg_begin
7.75669e+06
-363978
2.56707
0.00221285
0.00413041
0.000588394
0
0
0
1682191621.57079
msg_begin
7.75669e+06
-363977
2.56654
0.0222463
0.0165588
0.00101018
0
0
0
1682191621.62070
msg_begin
7.75669e+06
-363977
2.5669
0.00860705
0.00684886
0.000702374
0
0
0
1682191621.67068
msg_begin
7.75669e+06
-363977
2.56581
0.00441353
0.00793819
0.000657665
0
0
0
1682191621.72075
msg_begin
7.75669e+06
-363977
2.56575
0.0104855
0.0076019
0.00165193
0
0
0
1682191621.77066
msg_begin
7.75669e+06
-363977
2.56844
0.0066246
0.00466437
0.00056835
0
0
0
1682191621.82064
msg_begin
7.75669e+06
-363976
2.56847
0.00758437
0.00188854
0.000281857
0
0
0
1682191621.87073
msg_begin
7.75669e+06
-363976
2.56648
0.0101152
0.00723797
0.00052718
0
0
0
1682191621.92069
msg_begin
7.75669e+06
-363976
2.56417
0.00688202
0.0098125
0.00223555
0
0
0
1682191621.97066
msg_begin
7.75669e+06
-363976
2.56432
0.000736376
0.00159038
6.70643e-05
0
0
0
1682191622.02073
msg_begin
7.75669e+06
-363975
2.56354
1.30385e-08
2.38651e-09
3.55271e-15
0
0
0
1682191622.07075
msg_begin
7.75669e+06
-363975
2.56431
0.012273
0.00516926
0.000595486
0
0
0
1682191622.12079
msg_begin
7.75669e+06
-363975
2.5662
0.00509232
0.00474607
0.0010013
0
0
0
1682191622.17081
msg_begin
7.75669e+06
-363975
2.56744
0.00758637
0.003677
0.000526734
0
0
0
1682191622.22080
msg_begin
7.75669e+06
-363975
2.56754
5.58794e-09
4.65661e-10
4.44089e-16
0
0
0
1682191622.27087
msg_begin
7.75669e+06
-363974
2.5638
0.00440577
0.00227721
0.000283585
0
0
0
1682191622.32088
msg_begin
7.75668e+06
-363974
2.56238
0.00352492
0.00644501
0.00044605
0
0
0
1682191622.37093
msg_begin
7.75668e+06
-363974
2.56359
0.00746683
0.00495004
0.000682979
0
0
0
1682191622.42086
msg_begin
7.75668e+06
-363974
2.56465
0.0235594
0.0127109
0.00115425
0
0
0
1682191622.47085
msg_begin
7.75668e+06
-363973
2.56497
0.0106699
0.0092837
0.00172135
0
0
0
1682191622.52082
msg_begin
7.75668e+06
-363973
2.56273
0.0194437
0.0180906
0.000983552
0
0
0
1682191622.57081
msg_begin
7.75668e+06
-363973
2.56312
0.00769736
0.00546532
0.000749354
0
0
0
1682191622.62078
msg_begin
7.75668e+06
-363973
2.5639
0.0016082
0.00143573
9.60953e-05
0
0
0
1682191622.67075
msg_begin
7.75668e+06
-363973
2.56031
0.00225787
0.00516727
0.000170931
0
0
0
1682191622.72067
msg_begin
7.75668e+06
-363972
2.56334
0.0146734
0.0047973
0.000292249
0
0
0
1682191622.77063
msg_begin
7.75668e+06
-363972
2.56362
0.00425082
0.00112687
0.000318567
0
0
0
1682191622.82061
msg_begin
7.75668e+06
-363972
2.56384
0.0206854
0.0104523
0.00107343
0
0
0
1682191622.87057
msg_begin
7.75668e+06
-363972
2.56321
0.00556076
0.00134483
0.000317395
0
0
0
1682191622.92056
msg_begin
7.75668e+06
-363971
2.5639
0.00274542
0.00615193
0.000307541
0
0
0
1682191622.97056
msg_begin
7.75668e+06
-363971
2.56195
0.0223511
0.00968678
0.00179897
0
0
0
1682191623.02061
msg_begin
7.75668e+06
-363971
2.56412
0.00656066
0.00441381
0.000215569
0
0
0
1682191623.07058
msg_begin
7.75668e+06
-363971
2.56351
0.000466094
0.000144986
3.9456e-05
0
0
0
1682191623.12061
msg_begin
7.75668e+06
-363971
2.56316
0.00448392
0.00287857
0.000635603
0
0
0
1682191623.17059
msg_begin
7.75668e+06
-363970
2.56297
0.00575259
0.00381204
0.000411156
0
0
0
1682191623.22059
msg_begin
7.75668e+06
-363970
2.56419
0.00561592
0.00349382
0.000279984
0
0
0
1682191623.27059
msg_begin
7.75668e+06
-363970
2.56647
0.0173876
0.0122663
0.000426897
0
0
0
1682191623.32060
msg_begin
7.75668e+06
-363970
2.56613
0.0139791
0.00861035
0.000526537
0
0
0
1682191623.37056
msg_begin
7.75668e+06
-363969
2.5639
0.00532624
0.00465518
0.000484648
0
0
0
1682191623.42060
msg_begin
7.75668e+06
-363969
2.56482
7.17118e-08
8.14907e-10
1.77636e-15
0
0
0
1682191623.47059
msg_begin
7.75668e+06
-363969
2.56356
0.00689148
0.00571652
0.000831914
0
0
0
1682191623.52057
msg_begin
7.75668e+06
-363969
2.56528
0.0167958
0.0083049
0.000386103
0
0
0
1682191623.57064
msg_begin
7.75668e+06
-363968
2.56601
0.00501758
0.00310976
0.000237338
0
0
0
1682191623.62070
msg_begin
7.75668e+06
-363968
2.56675
0.0106058
0.0039387
0.000293726
0
0
0
1682191623.67059
msg_begin
7.75668e+06
-363968
2.56543
0.00795674
0.00763881
0.000259765
0
0
0
1682191623.72060
msg_begin
7.75667e+06
-363968
2.56632
0.00141245
0.00290662
0.000269188
0
0
0
1682191623.77049
msg_begin
7.75667e+06
-363968
2.56787
0.00797931
0.0108228
0.000887531
0
0
0
1682191623.82052
msg_begin
7.75667e+06
-363967
2.56826
0.00121913
0.0113642
0.00014135
0
0
0
1682191623.87044
msg_begin
7.75667e+06
-363967
2.56833
0.00176566
0.00313884
0.000419211
0
0
0
1682191623.92040
msg_begin
7.75667e+06
-363967
2.56932
0.00223214
0.00875914
0.000285612
0
0
0
1682191623.97035
msg_begin
7.75667e+06
-363967
2.56628
0.00695551
0.00747022
0.000442238
0
0
0
1682191624.02024
msg_begin
7.75667e+06
-363966
2.56736
0.0096188
0.00948402
0.000396571
0
0
0
1682191624.07024
msg_begin
7.75667e+06
-363966
2.56794
0.026311
0.0207118
0.000415869
0
0
0
1682191624.12019
msg_begin
7.75667e+06
-363966
2.57074
2.79397e-09
4.65661e-10
1.33227e-15
0
0
0
1682191624.17019
msg_begin
7.75667e+06
-363966
2.57156
0.0131769
0.013289
0.000585211
0
0
0
1682191624.22013
msg_begin
7.75667e+06
-363966
2.5721
0.0108226
0.00853432
0.000865832
0
0
0
1682191624.27010
msg_begin
7.75667e+06
-363965
2.57184
0.0323855
0.0238912
0.000581589
0
0
0
1682191624.32009
msg_begin
7.75667e+06
-363965
2.57109
0.00946469
0.0100128
0.0004592
0
0
0
1682191624.36997
msg_begin
7.75667e+06
-363965
2.5711
0.0125734
0.00817161
0.00075846
0
0
0
1682191624.41999
msg_begin
7.75667e+06
-363965
2.571
0.00530432
0.00220075
0.000311083
0
0
0
1682191624.47003
msg_begin
7.75667e+06
-363965
2.57164
0.00299886
0.00223569
0.000199313
0
0
0
1682191624.51998
msg_begin
7.75667e+06
-363964
2.57028
0.00798715
0.00497982
0.000444103
0
0
0
1682191624.57001
msg_begin
7.75667e+06
-363964
2.57174
0.00261748
0.00147785
0.000153672
0
0
0
1682191624.61995
msg_begin
7.75667e+06
-363964
2.5719
0.00827798
0.00539669
0.000215786
0
0
0
1682191624.66999
msg_begin
7.75667e+06
-363964
2.57113
0.000810707
0.000804083
2.33936e-05
0
0
0
1682191624.71997
msg_begin
7.75667e+06
-363963
2.57237
0.0128883
0.00341212
0.00035453
0
0
0
1682191624.77000
msg_begin
7.75667e+06
-363963
2.57204
0.00435152
0.00742667
0.000607438
0
0
0
1682191624.81991
msg_begin
7.75667e+06
-363963
2.57258
0.00991179
0.0037126
0.000254815
0
0
0
1682191624.87000
msg_begin
7.75667e+06
-363963
2.57419
0.0265668
0.0269401
0.00141882
0
0
0
1682191624.91994
msg_begin
7.75667e+06
-363963
2.5757
0.00172936
0.0014132
0.000304992
0
0
0
1682191624.96999
msg_begin
7.75667e+06
-363962
2.57656
0.00570858
0.00349305
0.000319297
0
0
0
1682191625.01999
msg_begin
7.75667e+06
-363962
2.57765
0.00770219
0.00139204
0.000249107
0
0
0
1682191625.07005
msg_begin
7.75667e+06
-363962
2.575
6.51926e-09
3.0268e-09
1.77636e-15
0
0
0
1682191625.11998
msg_begin
7.75666e+06
-363962
2.5757
0.0035863
0.00428069
0.000335179
0
0
0
1682191625.16999
msg_begin
7.75666e+06
-363961
2.5753
0.0030684
0.00764735
0.000248189
0
0
0
1682191625.21988
msg_begin
7.75666e+06
-363961
2.57629
0.00781418
0.00628794
0.000339933
0
0
0
1682191625.26988
msg_begin
7.75666e+06
-363961
2.57665
0.00250917
0.0023528
0.000360888
0
0
0
1682191625.31991
msg_begin
7.75666e+06
-363961
2.57708
0.0271772
0.0191527
0.00151646
0
0
0
1682191625.41976
msg_begin
7.75666e+06
-363960
2.57657
0.00865311
0.00489962
0.000371003
0
0
0
1682191625.46971
msg_begin
7.75666e+06
-363960
2.57673
0.0116689
0.00543691
0.00042158
0
0
0
1682191625.51973
msg_begin
7.75666e+06
-363960
2.5777
0.00562948
0.00413736
0.000612072
0
0
0
1682191625.56968
msg_begin
7.75666e+06
-363960
2.57639
0.0118361
0.012542
0.000521126
0
0
0
1682191625.61964
msg_begin
7.75666e+06
-363959
2.57925
0.0217029
0.0135145
0.000637258
0
0
0
1682191625.66964
msg_begin
7.75666e+06
-363959
2.57969
0.00508292
0.00299852
0.000270427
0
0
0
1682191625.71959
msg_begin
7.75666e+06
-363959
2.58061
9.31323e-10
6.40284e-10
3.55271e-15
0
0
0
1682191625.76965
msg_begin
7.75666e+06
-363959
2.57979
0.000979089
0.00153766
0.000180449
0
0
0
1682191625.81964
msg_begin
7.75666e+06
-363959
2.58013
0.00465937
0.00326888
0.000154191
0
0
0
1682191625.86967
msg_begin
7.75666e+06
-363958
2.57985
0.0254423
0.0220943
0.000473864
0
0
0
1682191625.91966
msg_begin
7.75666e+06
-363958
2.58075
0.00155834
0.00213572
0.000207371
0
0
0
1682191625.96969
msg_begin
7.75666e+06
-363958
2.58233
0.0106821
0.00425665
0.000211285
0
0
0
1682191626.01972
msg_begin
7.75666e+06
-363958
2.58283
0.0113399
0.00997825
0.0007175
0
0
0
1682191626.06975
msg_begin
7.75666e+06
-363957
2.58403
0.0012172
0.00516374
0.0006494
0
0
0
1682191626.11976
msg_begin
7.75666e+06
-363957
2.58174
0.0110732
0.00271134
0.000350921
0
0
0
1682191626.16977
msg_begin
7.75666e+06
-363957
2.58222
0.0102037
0.00477886
0.000347407
0
0
0
1682191626.21986
msg_begin
7.75666e+06
-363957
2.58247
0.00976734
0.00646253
0.000583481
0
0
0
1682191626.26977
msg_begin
7.75666e+06
-363957
2.58418
0.00864444
0.010696
0.000574269
0
0
0
1682191626.31974
msg_begin
7.75666e+06
-363956
2.5828
0.0242422
0.0136211
0.000897008
0
0
0
1682191626.36971
msg_begin
7.75666e+06
-363956
2.58289
0.0254513
0.0232444
0.000974162
0
0
0
1682191626.41959
msg_begin
7.75666e+06
-363956
2.58372
0.00642689
0.00569655
0.00048991
0
0
0
1682191626.46966
msg_begin
7.75666e+06
-363956
2.58394
0.0219175
0.0158594
0.00044692
0
0
0
1682191626.51959
msg_begin
7.75665e+06
-363955
2.58377
0.0129066
0.00768674
0.00100054
0
0
0
1682191626.56958
msg_begin
7.75665e+06
-363955
2.58431
0.0171519
0.00932579
0.00161781
0
0
0
1682191626.61954
msg_begin
7.75665e+06
-363955
2.58185
0.0135868
0.0124145
0.000216072
0
0
0
1682191626.66948
msg_begin
7.75665e+06
-363955
2.58232
1.86265e-09
8.14907e-10
2.22045e-15
0
0
0
1682191626.71947
msg_begin
7.75665e+06
-363955
2.58508
0.000755834
0.000814671
2.36621e-05
0
0
0
1682191626.76945
msg_begin
7.75665e+06
-363954
2.58562
0.00655381
0.0028092
0.00045858
0
0
0
1682191626.81943
msg_begin
7.75665e+06
-363954
2.5841
0.0205502
0.0145103
0.00107486
0
0
0
1682191626.86945
msg_begin
7.75665e+06
-363954
2.58357
0.00937706
0.00704165
0.000461049
0
0
0
1682191626.91940
msg_begin
7.75665e+06
-363954
2.58421
0.00613169
0.00444112
0.000484107
0
0
0
1682191626.96940
msg_begin
7.75665e+06
-363954
2.58364
0.00920273
0.00348085
0.000640827
0
0
0
1682191627.01952
msg_begin
7.75665e+06
-363953
2.58334
0.00489444
0.00295235
0.000243637
0
0
0
1682191627.06945
msg_begin
7.75665e+06
-363953
2.5862
0.00646882
0.00214469
0.000427884
0
0
0
1682191627.11952
msg_begin
7.75665e+06
-363953
2.58391
0.032266
0.0284497
0.00155119
0
0
0
1682191627.16957
msg_begin
7.75665e+06
-363953
2.58126
0.00264207
0.00844368
0.000339855
0
0
0
1682191627.21957
msg_begin
7.75665e+06
-363952
2.5819
0.0105015
0.00643772
0.000738659
0
0
0
1682191627.26961
msg_begin
7.75665e+06
-363952
2.586
0.00138175
0.000374879
0.000449095
0
0
0
1682191627.31965
msg_begin
7.75665e+06
-363952
2.58496
0.00270963
0.00455103
0.000255369
0
0
0
1682191627.36962
msg_begin
7.75665e+06
-363952
2.58354
0.0617832
0.0428149
0.0001553
0
0
0
1682191627.41957
msg_begin
7.75665e+06
-363952
2.58356
0.0116263
0.00910854
0.000314496
0
0
0
1682191627.46959
msg_begin
7.75665e+06
-363951
2.58453
0.00798957
0.00632076
0.00051651
0
0
0
1682191627.51951
msg_begin
7.75665e+06
-363951
2.58402
0.00663458
0.00460493
0.000203784
0
0
0
1682191627.56943
msg_begin
7.75665e+06
-363951
2.58247
0.0265437
0.0185262
0.00067133
0
0
0
1682191627.61941
msg_begin
7.75665e+06
-363951
2.58161
0.00389773
0.00448365
0.000206479
0
0
0
1682191627.66937
msg_begin
7.75665e+06
-363950
2.58031
0.0062018
0.00806613
0.000241135
0
0
0
1682191627.71928
msg_begin
7.75665e+06
-363950
2.57991
0.00862443
0.0125696
0.000464629
0
0
0
1682191627.76924
msg_begin
7.75665e+06
-363950
2.58188
0.0108696
0.00380663
0.000498602
0
0
0
1682191627.81919
msg_begin
7.75665e+06
-363950
2.58203
0.0209229
0.0134641
0.000593026
0
0
0
1682191627.86913
msg_begin
7.75665e+06
-363950
2.58404
0.0108416
0.00780805
4.65999e-05
0
0
0
1682191627.91920
msg_begin
7.75664e+06
-363949
2.58248
0.0077868
0.0132466
0.000791401
0
0
0
1682191627.96916
msg_begin
7.75664e+06
-363949
2.58131
0.003009
0.000658942
3.01187e-05
0
0
0
1682191628.01916
msg_begin
7.75664e+06
-363949
2.57933
0.0025778
0.0027346
0.000240112
0
0
0
1682191628.06918
msg_begin
7.75664e+06
-363949
2.57879
0.00620907
0.00607307
0.000690394
0
0
0
1682191628.11919
msg_begin
7.75664e+06
-363948
2.58046
0.010396
0.00991005
0.000200444
0
0
0
1682191628.16930
msg_begin
7.75664e+06
-363948
2.58046
0.00718699
0.00842851
0.000612849
0
0
0
1682191628.21918
msg_begin
7.75664e+06
-363948
2.57864
0.0119159
0.00777615
0.000841513
0
0
0
1682191628.26917
msg_begin
7.75664e+06
-363948
2.57845
0.0128657
0.00843747
0.000277676
0
0
0
1682191628.31929
msg_begin
7.75664e+06
-363948
2.57879
0.00395149
0.00256745
0.000146492
0
0
0
1682191628.36922
msg_begin
7.75664e+06
-363947
2.57785
0.00106114
0.00558225
0.000699843
0
0
0
1682191628.41922
msg_begin
7.75664e+06
-363947
2.57663
0.00149102
0.000817936
0.000285928
0
0
0
1682191628.46929
msg_begin
7.75664e+06
-363947
2.57989
0.00367914
0.00141987
0.000158214
0
0
0
1682191628.51926
msg_begin
7.75664e+06
-363947
2.57839
0.0255811
0.0176671
0.00109564
0
0
0
1682191628.56925
msg_begin
7.75664e+06
-363946
2.5797
1.86265e-09
3.84171e-09
3.9968e-15
0
0
0
1682191628.61918
msg_begin
7.75664e+06
-363946
2.57805
0.00182631
0.00225889
0.00012085
0
0
0
1682191628.66928
msg_begin
7.75664e+06
-363946
2.57653
0.00149349
0.00502935
0.000216019
0
0
0
1682191628.71928
msg_begin
7.75664e+06
-363946
2.57715
0.00434267
0.00666475
0.00024968
0
0
0
1682191628.76929
msg_begin
7.75664e+06
-363946
2.57677
0.000745559
0.00144256
5.31562e-05
0
0
0
1682191628.81934
msg_begin
7.75664e+06
-363945
2.57723
0.0133759
0.000945432
0.000661511
0
0
0
1682191628.86931
msg_begin
7.75664e+06
-363945
2.57719
0.0164911
0.00626955
0.000516859
0
0
0
1682191628.91935
msg_begin
7.75664e+06
-363945
2.57738
0.00378661
0.00605718
0.000297401
0
0
0
1682191628.96937
msg_begin
7.75664e+06
-363945
2.57627
0.00137409
0.000958475
9.04108e-05
0
0
0
1682191629.01941
msg_begin
7.75664e+06
-363944
2.57386
0.0229385
0.0179743
0.00109263
0
0
0
1682191629.06941
msg_begin
7.75664e+06
-363944
2.57458
0.0231369
0.0123109
0.000723426
0
0
0
1682191629.11937
msg_begin
7.75664e+06
-363944
2.57541
9.31323e-09
1.74623e-09
1.33227e-15
0
0
0
1682191629.16936
msg_begin
7.75664e+06
-363944
2.57514
0.00609142
0.00345382
0.000455856
0
0
0
1682191629.21929
msg_begin
7.75664e+06
-363944
2.57308
0.0112636
0.00866336
0.000595776
0
0
0
1682191629.26921
msg_begin
7.75664e+06
-363943
2.57312
7.82311e-08
1.33878e-09
5.32907e-15
0
0
0
1682191629.31921
msg_begin
7.75663e+06
-363943
2.57273
0.0280016
0.0108041
0.00139183
0
0
0
1682191629.36907
msg_begin
7.75663e+06
-363943
2.57593
1.58325e-08
3.89991e-09
8.88178e-16
0
0
0
1682191629.41915
msg_begin
7.75663e+06
-363943
2.57552
0.00842441
0.00833797
8.80365e-05
0
0
0
1682191629.46899
msg_begin
7.75663e+06
-363943
2.57557
7.45058e-09
2.79397e-09
3.9968e-15
0
0
0
1682191629.51903
msg_begin
7.75663e+06
-363942
2.57452
0.00234023
0.00537768
0.000104326
0
0
0
1682191629.56890
msg_begin
7.75663e+06
-363942
2.57516
0.0117376
0.00760059
0.000948759
0
0
0
1682191629.61897
msg_begin
7.75663e+06
-363942
2.57328
0.0166323
0.0106053
0.000586301
0
0
0
1682191629.66884
msg_begin
7.75663e+06
-363942
2.57185
0.00638322
0.000752442
0.000107351
0
0
0
1682191629.71891
msg_begin
7.75663e+06
-363941
2.57184
0.0115436
0.000860284
0.00057637
0
0
0
1682191629.76887
msg_begin
7.75663e+06
-363941
2.57238
0.0042568
0.00311474
0.000314304
0
0
0
1682191629.81903
msg_begin
7.75663e+06
-363941
2.57242
0.00120182
0.000669046
2.25957e-05
0
0
0
1682191629.86890
msg_begin
7.75663e+06
-363941
2.57195
0.0114748
0.00911563
0.000185247
0
0
0
1682191629.91894
msg_begin
7.75663e+06
-363941
2.57143
6.51926e-08
2.32831e-10
4.44089e-16
0
0
0
1682191629.96891
msg_begin
7.75663e+06
-363940
2.57082
0.00141396
0.0003805
6.2365e-05
0
0
0
1682191630.01889
msg_begin
7.75663e+06
-363940
2.57174
0.0518239
0.040883
0.000863661
0
0
0
1682191630.06890
msg_begin
7.75663e+06
-363940
2.57157
8.19564e-08
4.07454e-10
4.44089e-15
0
0
0
1682191630.11896
msg_begin
7.75663e+06
-363940
2.5724
0.00173354
0.0031333
0.000268372
0
0
0
1682191630.16891
msg_begin
7.75663e+06
-363939
2.57209
0.0174991
0.00551688
0.000793868
0
0
0
1682191630.21891
msg_begin
7.75663e+06
-363939
2.57219
0.00432169
0.0021696
0.000248611
0
0
0
1682191630.26889
msg_begin
7.75663e+06
-363939
2.56852
9.22009e-08
1.39698e-09
3.10862e-15
0
0
0
1682191630.31897
msg_begin
7.75663e+06
-363939
2.56846
0.0150847
0.0072065
0.00106568
0
0
0
1682191630.36892
msg_begin
7.75663e+06
-363939
2.56898
1.49012e-08
2.96859e-09
1.33227e-15
0
0
0
1682191630.41898
msg_begin
7.75663e+06
-363938
2.56877
0.000578626
0.00131795
0.000128481
0
0
0
1682191630.46895
msg_begin
7.75663e+06
-363938
2.57029
0.0124435
0.00376736
0.000352734
0
0
0
1682191630.51894
msg_begin
7.75663e+06
-363938
2.566
0.00408313
0.00222494
0.000599029
0
0
0
1682191630.56889
msg_begin
7.75663e+06
-363938
2.56654
0.00171467
0.00308473
0.000708684
0
0
0
1682191630.61894
msg_begin
7.75663e+06
-363937
2.56551
0.00257981
3.1928e-05
4.05948e-05
0
0
0
1682191630.66880
msg_begin
7.75662e+06
-363937
2.56759
0.0140479
0.00320622
0.000580055
0
0
0
1682191630.71883
msg_begin
7.75662e+06
-363937
2.56594
0.00508799
0.00480047
0.000649678
0
0
0
1682191630.76872
msg_begin
7.75662e+06
-363937
2.56826
0.00234085
0.00205475
5.96835e-05
0
0
0
1682191630.81868
msg_begin
7.75662e+06
-363937
2.56459
0.00812824
0.00397569
0.00132051
0
0
0
1682191630.86861
msg_begin
7.75662e+06
-363936
2.56508
0.000115366
0.000915131
1.87282e-05
0
0
0
1682191630.91860
msg_begin
7.75662e+06
-363936
2.56679
0.000287893
0.000239824
2.10945e-05
0
0
0
1682191630.96861
msg_begin
7.75662e+06
-363936
2.56515
0.000803243
8.19006e-05
3.24958e-05
0
0
0
1682191631.01856
msg_begin
7.75662e+06
-363936
2.56685
0.00671653
0.00410413
0.00022714
0
0
0
1682191631.06855
msg_begin
7.75662e+06
-363935
2.56744
0.0440066
0.0242923
0.00149355
0
0
0
1682191631.11850
msg_begin
7.75662e+06
-363935
2.56662
0.000209147
0.000871438
5.33756e-05
0
0
0
1682191631.16849
msg_begin
7.75662e+06
-363935
2.56777
0.027869
0.0166115
0.00110853
0
0
0
1682191631.21848
msg_begin
7.75662e+06
-363935
2.56584
0.00638487
0.00282304
0.000157788
0
0
0
1682191631.26842
msg_begin
7.75662e+06
-363935
2.5676
0.00549173
0.00411256
0.00044525
0
0
0
1682191631.31844
msg_begin
7.75662e+06
-363934
2.56798
0.00920657
0.00336608
0.00102645
0
0
0
1682191631.36846
msg_begin
7.75662e+06
-363934
2.56908
6.14673e-08
1.39698e-09
2.22045e-15
0
0
0
1682191631.41855
msg_begin
7.75662e+06
-363934
2.56795
0.0173479
0.0126398
0.000992089
0
0
0
1682191631.46855
msg_begin
7.75662e+06
-363934
2.56649
0.0180403
0.0156638
0.00123362
0
0
0
1682191631.51860
msg_begin
7.75662e+06
-363933
2.56663
0.0018662
0.00371526
0.000413281
0
0
0
1682191631.56860
msg_begin
7.75662e+06
-363933
2.56709
0.0122824
0.00839444
0.000722819
0
0
0
1682191631.61865
msg_begin
7.75662e+06
-363933
2.56599
9.31323e-10
1.45519e-09
1.77636e-15
0
0
0
1682191631.66864
msg_begin
7.75662e+06
-363933
2.56627
0.00373227
0.00328637
0.000122758
0
0
0
1682191631.71862
msg_begin
7.75662e+06
-363932
2.56627
0.0626809
0.0373441
0.00214062
0
0
0
1682191631.76857
msg_begin
7.75662e+06
-363932
2.56794
2.98023e-08
5.23869e-10
3.55271e-15
0
0
0
1682191631.81854
msg_begin
7.75662e+06
-363932
2.56738
0.0133902
0.00744271
0.000333661
0
0
0
1682191631.86845
msg_begin
7.75662e+06
-363932
2.56414
0.00970423
0.00575619
0.000109848
0
0
0
1682191631.91833
msg_begin
7.75662e+06
-363931
2.56493
0.00541093
0.00780506
0.000361798
0
0
0
1682191631.96832
msg_begin
7.75662e+06
-363931
2.56529
0.0149099
0.0118592
0.000449509
0
0
0
1682191632.01828
msg_begin
7.75661e+06
-363931
2.5687
0.00331038
0.00426395
0.000238536
0
0
0
1682191632.06821
msg_begin
7.75661e+06
-363931
2.56618
0.0203188
0.0131875
0.000154907
0
0
0
1682191632.11812
msg_begin
7.75661e+06
-363931
2.56657
0.00919685
0.00319031
0.00177267
0
0
0
1682191632.16814
msg_begin
7.75661e+06
-363930
2.56427
0.0113317
0.00867386
0.0012249
0
0
0
1682191632.21809
msg_begin
7.75661e+06
-363930
2.56806
0.00969267
0.00602997
9.11249e-05
0
0
0
1682191632.26804
msg_begin
7.75661e+06
-363930
2.56721
0.0750916
0.0523733
0.000602305
0
0
0
1682191632.31799
msg_begin
7.75661e+06
-363929
2.56795
0.0115049
0.010585
0.000636573
0
0
0
1682191632.36798
msg_begin
7.75661e+06
-363929
2.56504
3.72529e-09
2.96859e-09
1.33227e-15
0
0
0
1682191632.41794
msg_begin
7.75661e+06
-363929
2.56425
0.00550259
0.0033476
0.000694178
0
0
0
1682191632.46786
msg_begin
7.75661e+06
-363929
2.56628
0.00238158
0.00104787
7.18841e-06
0
0
0
1682191632.51791
msg_begin
7.75661e+06
-363929
2.56603
0.00755711
0.0115354
0.00059334
0
0
0
1682191632.56783
msg_begin
7.75661e+06
-363928
2.56655
0.000481519
1.99748e-05
5.92792e-06
0
0
0
1682191632.61790
msg_begin
7.75661e+06
-363928
2.56433
0.00754264
0.00175869
0.000229659
0
0
0
1682191632.66786
msg_begin
7.75661e+06
-363928
2.56593
8.3819e-09
3.60887e-09
2.22045e-15
0
0
0
1682191632.71792
msg_begin
7.75661e+06
-363928
2.56396
0.0400559
0.024815
0.000502289
0
0
0
1682191632.76792
msg_begin
7.75661e+06
-363927
2.56563
6.14673e-08
2.44472e-09
1.33227e-15
0
0
0
1682191632.81793
msg_begin
7.75661e+06
-363927
2.56653
0.00305486
0.00450831
0.00016192
0
0
0
1682191632.86799
msg_begin
7.75661e+06
-363927
2.56492
0.00294411
0.00435488
0.000192775
0
0
0
1682191632.91804
msg_begin
7.75661e+06
-363927
2.56458
0.0147288
0.00847668
0.000319613
0
0
0
1682191632.96804
msg_begin
7.75661e+06
-363927
2.56604
0.00019404
0.000912874
6.56629e-05
0
0
0
1682191633.01808
msg_begin
7.75661e+06
-363926
2.56603
0.032406
0.0199695
0.000806056
0
0
0
1682191633.06810
msg_begin
7.75661e+06
-363926
2.56536
0.00440934
0.0030532
9.12883e-05
0
0
0
1682191633.11810
msg_begin
7.75661e+06
-363926
2.56657
0.00323523
0.00255136
9.67969e-05
0
0
0
1682191633.16804
msg_begin
7.75661e+06
-363926
2.56453
0.0114728
0.00639998
0.000217801
0
0
0
1682191633.21797
msg_begin
7.75661e+06
-363925
2.56566
0.00753037
0.00820703
0.000795749
0
0
0
1682191633.26797
msg_begin
7.75661e+06
-363925
2.56676
0.00911979
0.00553716
0.000248247
0
0
0
1682191633.31790
msg_begin
7.75661e+06
-363925
2.56694
0.0172304
0.0147137
0.000893845
0
0
0
1682191633.36787
msg_begin
7.75661e+06
-363925
2.56625
0.00138011
0.00474106
0.000210144
0
0
0
1682191633.41769
msg_begin
7.7566e+06
-363925
2.56787
0.00403626
0.00595312
0.000360713
0
0
0
1682191633.46763
msg_begin
7.7566e+06
-363924
2.56954
0.0210038
0.00434291
0.000485638
0
0
0
1682191633.51749
msg_begin
7.7566e+06
-363924
2.56915
0.0360279
0.0180203
0.00102606
0
0
0
1682191633.56737
msg_begin
7.7566e+06
-363924
2.57
0.0105332
0.00819569
0.000172548
0
0
0
1682191633.61725
msg_begin
7.7566e+06
-363924
2.5709
0.00163824
0.000819048
0.00043666
0
0
0
1682191633.66713
msg_begin
7.7566e+06
-363923
2.57102
0.00296694
0.001327
0.000280545
0
0
0
1682191633.71711
msg_begin
7.7566e+06
-363923
2.57122
0.00786284
0.00386315
0.000488392
0
0
0
1682191633.76704
msg_begin
7.7566e+06
-363923
2.57167
0.00240273
8.62373e-05
9.60863e-05
0
0
0
1682191633.81696
msg_begin
7.7566e+06
-363923
2.57193
0.0556562
0.0349595
0.00106323
0
0
0
1682191633.86690
msg_begin
7.7566e+06
-363922
2.57309
0.00872355
0.00471737
0.000379684
0
0
0
1682191633.91682
msg_begin
7.7566e+06
-363922
2.57413
0.00306326
0.00171456
0.000206152
0
0
0
1682191633.96670
msg_begin
7.7566e+06
-363922
2.57312
0.0175936
0.0200022
0.000866135
0
0
0
1682191634.01665
msg_begin
7.7566e+06
-363922
2.57452
0.00979242
0.0124268
0.00150508
0
0
0
1682191634.06660
msg_begin
7.7566e+06
-363921
2.57355
0.00448935
0.00453979
0.000692567
0
0
0
1682191634.11660
msg_begin
7.7566e+06
-363921
2.57379
0.00530314
0.00445215
0.000300219
0
0
0
1682191634.16659
msg_begin
7.7566e+06
-363921
2.57597
0.00316382
0.00193328
0.000540575
0
0
0
1682191634.21655
msg_begin
7.7566e+06
-363921
2.57734
0.0053882
0.00598735
7.47697e-05
0
0
0
1682191634.26654
msg_begin
7.7566e+06
-363921
2.57778
4.47035e-08
2.15368e-09
2.66454e-15
0
0
0
1682191634.31655
msg_begin
7.7566e+06
-363920
2.57848
0.00237051
0.00104706
5.60892e-05
0
0
0
1682191634.36652
msg_begin
7.7566e+06
-363920
2.57818
0.00101378
0.000631469
1.74636e-05
0
0
0
1682191634.41651
msg_begin
7.7566e+06
-363920
2.5778
0.0125166
0.0113682
0.00114262
0
0
0
1682191634.46655
msg_begin
7.7566e+06
-363920
2.57669
0.00781011
0.00250852
0.00035499
0
0
0
1682191634.51655
msg_begin
7.7566e+06
-363919
2.57828
0.00590557
0.00539485
0.000212295
0
0
0
1682191634.56653
msg_begin
7.7566e+06
-363919
2.57678
0.00189745
0.00440933
0.000115026
0
0
0
1682191634.61657
msg_begin
7.7566e+06
-363919
2.58051
0.0270318
0.00806079
0.000336958
0
0
0
1682191634.66665
msg_begin
7.7566e+06
-363919
2.58218
0.00184208
0.00525851
0.000163777
0
0
0
1682191634.71654
msg_begin
7.7566e+06
-363918
2.57988
5.58794e-09
3.66708e-09
1.77636e-15
0
0
0
1682191634.76662
msg_begin
7.75659e+06
-363918
2.58008
0.0084721
0.00438623
0.000790496
0
0
0
1682191634.81664
msg_begin
7.75659e+06
-363918
2.5815
0.00336284
0.00766994
0.000398034
0
0
0
1682191634.86668
msg_begin
7.75659e+06
-363918
2.58275
0.000396553
0.000854586
4.41806e-05
0
0
0
1682191634.91669
msg_begin
7.75659e+06
-363918
2.58407
0.000190113
0.000374339
5.02395e-05
0
0
0
1682191634.96679
msg_begin
7.75659e+06
-363917
2.58259
5.86733e-08
4.07454e-10
1.77636e-15
0
0
0
1682191635.01678
msg_begin
7.75659e+06
-363917
2.5833
0.00735757
0.00312488
0.000201132
0
0
0
1682191635.06681
msg_begin
7.75659e+06
-363917
2.58434
0.00522555
0.00322839
0.000262009
0
0
0
1682191635.11684
msg_begin
7.75659e+06
-363917
2.58396
0.00184531
0.0016135
9.71061e-05
0
0
0
1682191635.16681
msg_begin
7.75659e+06
-363916
2.58407
0.0186393
0.0142996
0.000883461
0
0
0
1682191635.21695
msg_begin
7.75659e+06
-363916
2.58339
1.58325e-08
2.96859e-09
4.44089e-16
0
0
0
1682191635.26693
msg_begin
7.75659e+06
-363916
2.58447
0.00216278
0.000421574
0.000124154
0
0
0
1682191635.31705
msg_begin
7.75659e+06
-363916
2.58424
0.00906717
0.0107222
0.000784848
0
0
0
1682191635.36705
msg_begin
7.75659e+06
-363916
2.5856
0.00589392
0.00627043
0.000255344
0
0
0
1682191635.41705
msg_begin
7.75659e+06
-363915
2.58638
0.0028936
0.00399194
0.000752403
0
0
0
1682191635.46714
msg_begin
7.75659e+06
-363915
2.58617
0.00780511
0.00483624
0.000755608
0
0
0
1682191635.51710
msg_begin
7.75659e+06
-363915
2.5876
0.00166002
0.00215071
0.00120509
0
0
0
1682191635.56707
msg_begin
7.75659e+06
-363915
2.58715
0.00405421
0.00174395
7.31912e-05
0
0
0
1682191635.61700
msg_begin
7.75659e+06
-363914
2.58702
0.0123859
0.010642
0.000225898
0
0
0
1682191635.66704
msg_begin
7.75659e+06
-363914
2.58721
0.00222708
0.00109719
0.000133747
0
0
0
1682191635.71692
msg_begin
7.75659e+06
-363914
2.58816
0.0152624
0.00930025
0.000147071
0
0
0
1682191635.76686
msg_begin
7.75659e+06
-363914
2.58834
0.00778834
0.00651091
0.00109492
0
0
0
1682191635.81677
msg_begin
7.75659e+06
-363913
2.58829
0.000824169
0.00173668
2.87746e-05
0
0
0
1682191635.86666
msg_begin
7.75659e+06
-363913
2.58961
0.00910452
0.00512572
0.000498878
0
0
0
1682191635.91662
msg_begin
7.75659e+06
-363913
2.5895
0.00466214
0.00166754
0.000165401
0
0
0
1682191635.96645
msg_begin
7.75659e+06
-363913
2.58772
0.00912603
0.00477739
0.00020727
0
0
0
1682191636.01642
msg_begin
7.75659e+06
-363913
2.58516
0.00914666
0.00849894
0.00038476
0
0
0
1682191636.06641
msg_begin
7.75658e+06
-363912
2.5869
5.86733e-08
2.44472e-09
1.33227e-15
0
0
0
1682191636.11635
msg_begin
7.75658e+06
-363912
2.58739
0.00837868
0.00667464
0.000461268
0
0
0
1682191636.16633
msg_begin
7.75658e+06
-363912
2.58682
0.0197286
0.00640426
0.000873819
0
0
0
1682191636.21629
msg_begin
7.75658e+06
-363912
2.58717
0.0130727
0.00588593
0.000148927
0
0
0
1682191636.26628
msg_begin
7.75658e+06
-363911
2.58511
0.00668541
0.00415002
0.000640933
0
0
0
1682191636.31621
msg_begin
7.75658e+06
-363911
2.58591
4.56348e-08
6.98492e-10
1.33227e-15
0
0
0
1682191636.36624
msg_begin
7.75658e+06
-363911
2.58857
8.00937e-08
4.65661e-10
4.44089e-16
0
0
0
1682191636.41621
msg_begin
7.75658e+06
-363911
2.58756
0.0185097
0.00841438
0.000336145
0
0
0
1682191636.46620
msg_begin
7.75658e+06
-363910
2.58603
0.0317445
0.021085
0.000870189
0
0
0
1682191636.51614
msg_begin
7.75658e+06
-363910
2.58392
0.00146679
0.000433603
0.000162147
0
0
0
1682191636.56613
msg_begin
7.75658e+06
-363910
2.58453
0.00501718
0.00345815
0.000403373
0
0
0
1682191636.61613
msg_begin
7.75658e+06
-363910
2.58725
5.58794e-09
2.32831e-10
3.10862e-15
0
0
0
1682191636.66613
msg_begin
7.75658e+06
-363910
2.58706
0.0307641
0.0181653
0.000698322
0
0
0
1682191636.71616
msg_begin
7.75658e+06
-363909
2.58797
0.00572027
0.00502829
0.000513593
0
0
0
1682191636.76614
msg_begin
7.75658e+06
-363909
2.58476
0.00600424
0.000797313
3.87816e-05
0
0
0
1682191636.81624
msg_begin
7.75658e+06
-363909
2.58729
3.72529e-09
2.91038e-10
4.44089e-16
0
0
0
1682191636.86628
msg_begin
7.75658e+06
-363909
2.58745
0.0152167
0.00933714
0.000375932
0
0
0
1682191636.91619
msg_begin
7.75658e+06
-363909
2.58793
0.00246373
0.00214054
7.90859e-05
0
0
0
1682191636.96621
msg_begin
7.75658e+06
-363908
2.58655
0.00963001
0.0062067
0.0003342
0
0
0
1682191637.01626
msg_begin
7.75658e+06
-363908
2.58635
0.00831208
0.00626437
0.000406419
0
0
0
1682191637.06640
msg_begin
7.75658e+06
-363908
2.58472
0.00206377
0.00109958
4.19307e-05
0
0
0
1682191637.11638
msg_begin
7.75658e+06
-363908
2.58493
0.00546575
0.00570054
0.000274635
0
0
0
1682191637.16641
msg_begin
7.75658e+06
-363907
2.58471
0.00249439
0.00492448
0.000131077
0
0
0
1682191637.21639
msg_begin
7.75658e+06
-363907
2.58367
0.0105833
0.0064949
0.000186649
0
0
0
1682191637.26658
msg_begin
7.75658e+06
-363907
2.58406
0.00341243
0.000532284
0.000157904
0
0
0
1682191637.31655
msg_begin
7.75658e+06
-363907
2.58451
0.0115066
0.00903392
2.80346e-05
0
0
0
1682191637.36653
msg_begin
7.75658e+06
-363906
2.58203
0.024889
0.0224698
0.00052045
0
0
0
1682191637.41655
msg_begin
7.75657e+06
-363906
2.58337
3.91155e-08
2.56114e-09
1.77636e-15
0
0
0
1682191637.46655
msg_begin
7.75657e+06
-363906
2.58112
0.000914217
0.00076834
3.71763e-05
0
0
0
1682191637.51653
msg_begin
7.75657e+06
-363906
2.58174
0.014307
0.0124086
0.000632711
0
0
0
1682191637.56650
msg_begin
7.75657e+06
-363906
2.57983
0.00385123
0.00845163
0.000656304
0
0
0
1682191637.61646
msg_begin
7.75657e+06
-363905
2.58227
0.0142464
0.00887484
0.000947861
0
0
0
1682191637.66702
msg_begin
7.75657e+06
-363905
2.58
0.0117134
0.0161241
0.00106599
0
0
0
1682191637.71640
msg_begin
7.75657e+06
-363905
2.57915
0.00628432
0.00511503
0.000512027
0
0
0
1682191637.76630
msg_begin
7.75657e+06
-363905
2.58043
0.00142728
0.00290161
0.000109572
0
0
0
1682191637.81620
msg_begin
7.75657e+06
-363905
2.57909
0.00272394
0.00248515
0.000323892
0
0
0
1682191637.86621
msg_begin
7.75657e+06
-363904
2.57844
0.00775685
0.00303671
0.000380583
0
0
0
1682191637.91604
msg_begin
7.75657e+06
-363904
2.57669
0.0125305
0.00556908
0.000381941
0
0
0
1682191637.96598
msg_begin
7.75657e+06
-363904
2.57643
3.07336e-08
8.14907e-10
8.88178e-16
0
0
0
1682191638.01635
msg_begin
7.75657e+06
-363904
2.57388
0.00154568
0.000727649
0.000107261
0
0
0
1682191638.06625
msg_begin
7.75657e+06
-363903
2.57438
0.00463862
0.00577916
0.000395232
0
0
0
1682191638.11583
msg_begin
7.75657e+06
-363903
2.57247
0.000250941
0.000771046
5.53936e-05
0
0
0
1682191638.16576
msg_begin
7.75657e+06
-363903
2.57188
0.0165645
0.00635996
0.000917609
0
0
0
1682191638.21573
msg_begin
7.75657e+06
-363903
2.5724
0.00670862
0.00260054
0.000175064
0
0
0
1682191638.26576
msg_begin
7.75657e+06
-363903
2.57117
0.00390001
0.00261527
0.000599503
0
0
0
1682191638.31573
msg_begin
7.75657e+06
-363902
2.57286
0.00116823
0.000135066
4.04555e-05
0
0
0
1682191638.36574
msg_begin
7.75657e+06
-363902
2.57138
0.0133415
0.00578917
0.00139805
0
0
0
1682191638.41587
msg_begin
7.75657e+06
-363902
2.56843
0.00585293
0.00473961
0.000622608
0
0
0
1682191638.46567
msg_begin
7.75657e+06
-363902
2.56892
0.013944
0.00582133
0.000710704
0
0
0
1682191638.51574
msg_begin
7.75657e+06
-363901
2.56996
0.00932037
0.00109124
0.000463051
0
0
0
1682191638.56572
msg_begin
7.75657e+06
-363901
2.57046
0.00147237
0.00361738
0.000102789
0
0
0
1682191638.61578
msg_begin
7.75657e+06
-363901
2.56878
2.42144e-08
4.65661e-10
2.22045e-15
0
0
0
1682191638.66581
msg_begin
7.75657e+06
-363901
2.56875
0.00440684
0.00198554
0.000752042
0
0
0
1682191638.71586
msg_begin
7.75657e+06
-363901
2.56906
8.3819e-09
5.82077e-10
3.55271e-15
0
0
0
1682191638.76589
msg_begin
7.75657e+06
-363900
2.56816
0.0176651
0.0115902
0.000952745
0
0
0
1682191638.81595
msg_begin
7.75657e+06
-363900
2.56667
5.85066e-05
0.000475104
1.29651e-05
0
0
0
1682191638.86662
msg_begin
7.75656e+06
-363900
2.56514
0.00590005
0.0101312
0.0016143
0
0
0
1682191638.91606
msg_begin
7.75656e+06
-363900
2.56306
0.0013427
0.00142739
0.000284747
0
0
0
1682191638.96640
msg_begin
7.75656e+06
-363900
2.56291
0.0217342
0.00766201
0.00113156
0
0
0
1682191639.01616
msg_begin
7.75656e+06
-363899
2.56278
0.00115155
0.000715609
6.21863e-05
0
0
0
1682191639.06626
msg_begin
7.75656e+06
-363899
2.55869
0.00294768
0.0071335
0.000411204
0
0
0
1682191639.11632
msg_begin
7.75656e+06
-363899
2.55886
0.00883348
0.00542593
0.000787976
0
0
0
1682191639.16630
msg_begin
7.75656e+06
-363899
2.56112
0.00907846
0.00446271
2.07569e-05
0
0
0
1682191639.21634
msg_begin
7.75656e+06
-363899
2.56004
0.00972843
0.011649
0.00104998
0
0
0
1682191639.26680
msg_begin
7.75656e+06
-363898
2.55908
0.00674417
0.00241149
0.000588367
0
0
0
1682191639.31633
msg_begin
7.75656e+06
-363898
2.55981
0.00627774
0.0060111
0.000704493
0
0
0
1682191639.36626
msg_begin
7.75656e+06
-363898
2.55964
0.00629279
0.00240626
0.000332636
0
0
0
1682191639.41619
msg_begin
7.75656e+06
-363898
2.55655
0.000260621
0.000307044
6.49396e-05
0
0
0
1682191639.46616
msg_begin
7.75656e+06
-363898
2.55649
0.0646918
0.0460205
0.000380369
0
0
0
1682191639.51612
msg_begin
7.75656e+06
-363898
2.55611
0.0282354
0.0249219
0.000603392
0
0
0
1682191639.56603
msg_begin
7.75656e+06
-363897
2.55308
0.00783607
0.000555692
0.000452588
0
0
0
1682191639.61596
msg_begin
7.75656e+06
-363897
2.55366
0.00523974
0.00417639
0.000419962
0
0
0
1682191639.66643
msg_begin
7.75656e+06
-363897
2.5533
0.0125844
0.00578832
0.00122122
0
0
0
1682191639.71586
msg_begin
7.75656e+06
-363897
2.54928
0.00400147
0.00181844
0.000218703
0
0
0
1682191639.76578
msg_begin
7.75656e+06
-363896
2.54978
0.00226373
0.005653
0.000571593
0
0
0
1682191639.81578
msg_begin
7.75656e+06
-363896
2.54976
0.00438919
0.00328271
0.000442678
0
0
0
1682191639.86577
msg_begin
7.75656e+06
-363896
2.5484
0.0242418
0.00867307
0.000402329
0
0
0
1682191639.91576
msg_begin
7.75656e+06
-363896
2.5479
0.00176012
0.00371484
9.4391e-05
0
0
0
1682191639.96575
msg_begin
7.75656e+06
-363896
2.54582
0.00171312
0.000697164
0.000556121
0
0
0
1682191640.01570
msg_begin
7.75656e+06
-363896
2.54489
0.0117341
0.00237211
0.000741133
0
0
0
1682191640.06615
msg_begin
7.75656e+06
-363895
2.54335
0.0177185
0.00943662
0.000375542
0
0
0
1682191640.11581
msg_begin
7.75656e+06
-363895
2.54246
0.00101506
0.00241738
0.000453027
0
0
0
1682191640.21647
msg_begin
7.75656e+06
-363895
2.54057
0.00298281
0.00205949
0.000410648
0
0
0
1682191640.26587
msg_begin
7.75656e+06
-363895
2.53629
0.0112646
0.00427522
0.000406229
0
0
0
1682191640.31594
msg_begin
7.75656e+06
-363894
2.53143
0.000801269
0.000529105
1.56576e-05
0
0
0
1682191640.36595
msg_begin
7.75656e+06
-363894
2.53055
0.0145261
0.00717849
0.000638143
0
0
0
1682191640.41594
msg_begin
7.75656e+06
-363894
2.53081
8.19564e-08
5.82077e-11
1.77636e-15
0
0
0
1682191640.46590
msg_begin
7.75656e+06
-363894
2.52779
0.0133329
0.00502391
0.00076834
0
0
0
1682191640.51592
msg_begin
7.75655e+06
-363894
2.52379
0.000647151
8.08277e-05
4.13876e-05
0
0
0
1682191640.56585
msg_begin
7.75655e+06
-363893
2.5196
0.000547164
9.1122e-05
2.52828e-05
0
0
0
1682191640.61588
msg_begin
7.75655e+06
-363893
2.51672
0.00376661
0.00118553
4.27878e-05
0
0
0
1682191640.66582
msg_begin
7.75655e+06
-363893
2.51365
0.00974244
0.00535364
0.000336044
0
0
0
1682191640.71572
msg_begin
7.75655e+06
-363893
2.51055
0.00878678
0.00174035
0.00065574
0
0
0
1682191640.76566
msg_begin
7.75655e+06
-363893
2.50873
0.00758017
0.00240876
0.000451868
0
0
0
1682191640.81559
msg_begin
7.75655e+06
-363893
2.50324
0.0193235
0.00749635
0.000637417
0
0
0
1682191640.86593
msg_begin
7.75655e+06
-363892
2.49889
0.0199999
0.0101395
0.000353018
0
0
0
1682191640.91555
msg_begin
7.75655e+06
-363892
2.49574
0.00623146
0.0012987
0.000131667
0
0
0
1682191640.96557
msg_begin
7.75655e+06
-363892
2.49363
0.00580748
0.00590823
0.000748273
0
0
0
1682191641.01555
msg_begin
7.75655e+06
-363892
2.48814
0.00553832
0.0032067
0.000348429
0
0
0
1682191641.06548
msg_begin
7.75655e+06
-363891
2.48123
0.00644661
0.00545788
0.000513913
0
0
0
1682191641.11545
msg_begin
7.75655e+06
-363891
2.48243
0.00572071
0.00324963
0.000848441
0
0
0
1682191641.16541
msg_begin
7.75655e+06
-363891
2.47769
0.00479464
0.00852188
0.000480792
0
0
0
1682191641.21529
msg_begin
7.75655e+06
-363891
2.46967
0.00638874
0.00505252
0.000938201
0
0
0
1682191641.26554
msg_begin
7.75655e+06
-363891
2.46604
0.0270498
0.0223272
0.000704355
0
0
0
1682191641.31527
msg_begin
7.75655e+06
-363891
2.46229
0.0277676
0.0105082
0.00117024
0
0
0
1682191641.36515
msg_begin
7.75655e+06
-363890
2.45591
0.000661401
0.000713696
9.19607e-05
0
0
0
1682191641.41516
msg_begin
7.75655e+06
-363890
2.45279
0.0134422
0.00772071
0.000717353
0
0
0
1682191641.46512
msg_begin
7.75655e+06
-363890
2.44947
0.00834987
0.00885764
0.000317854
0
0
0
1682191641.51512
msg_begin
7.75655e+06
-363890
2.44476
0.00122416
0.00182225
0.000107982
0
0
0
1682191641.56507
msg_begin
7.75655e+06
-363890
2.44058
0.0131879
0.0054025
5.65789e-05
0
0
0
1682191641.61520
msg_begin
7.75655e+06
-363889
2.43439
0.00421391
0.00127778
0.000466803
0
0
0
1682191641.66535
msg_begin
7.75655e+06
-363889
2.4291
0.00498653
0.00165709
0.000279567
0
0
0
1682191641.71513
msg_begin
7.75655e+06
-363889
2.42634
1.58325e-08
2.61934e-09
8.88178e-16
0
0
0
1682191641.76515
msg_begin
7.75655e+06
-363889
2.42233
0.00145794
0.000470469
0.000107435
0
0
0
1682191641.81519
msg_begin
7.75655e+06
-363889
2.41701
0.00835396
0.00349396
0.000496334
0
0
0
1682191641.86519
msg_begin
7.75655e+06
-363888
2.4143
0.0131169
0.00783217
0.000575262
0
0
0
1682191641.91515
msg_begin
7.75655e+06
-363888
2.40843
0.0103377
0.0125505
0.0010444
0
0
0
1682191641.96516
msg_begin
7.75655e+06
-363888
2.40199
0.00762747
0.00676471
0.000983689
0
0
0
1682191642.01511
msg_begin
7.75655e+06
-363888
2.39723
0.0214941
0.00722047
0.000544741
0
0
0
1682191642.06534
msg_begin
7.75655e+06
-363888
2.39412
0.0105318
0.0109168
0.0011177
0
0
0
1682191642.11513
msg_begin
7.75655e+06
-363887
2.38828
0.00639484
0.00350366
0.000609812
0
0
0
1682191642.16508
msg_begin
7.75655e+06
-363887
2.38606
0.0164068
0.013426
0.00042356
0
0
0
1682191642.21502
msg_begin
7.75655e+06
-363887
2.381
0.0132648
0.0147729
0.00108468
0
0
0
1682191642.26495
msg_begin
7.75655e+06
-363887
2.37464
0.00668336
0.00805332
0.000628271
0
0
0
1682191642.31489
msg_begin
7.75655e+06
-363887
2.36823
0.0136862
0.0168904
0.0016621
0
0
0
1682191642.36483
msg_begin
7.75655e+06
-363887
2.36456
0.0135656
0.0111553
0.000691367
0
0
0
1682191642.41476
msg_begin
7.75655e+06
-363886
2.36035
0.000644921
0.00342296
0.000114629
0
0
0
1682191642.46480
msg_begin
7.75655e+06
-363886
2.35381
0.00418212
0.00701883
0.000429064
0
0
0
1682191642.51471
msg_begin
7.75655e+06
-363886
2.35058
0.00184216
0.0149565
0.000135057
0
0
0
1682191642.56483
msg_begin
7.75655e+06
-363886
2.34486
0.000796808
0.00176695
9.97614e-05
0
0
0
1682191642.61584
msg_begin
7.75654e+06
-363886
2.33943
0.00377168
0.00447749
0.000151543
0
0
0
1682191642.66474
msg_begin
7.75654e+06
-363885
2.33755
0.00173328
0.00493332
0.000319975
0
0
0
1682191642.71470
msg_begin
7.75654e+06
-363885
2.32857
7.26432e-08
3.89991e-09
2.22045e-15
0
0
0
1682191642.76472
msg_begin
7.75654e+06
-363885
2.32265
0.00670637
0.00609166
0.000498294
0
0
0
1682191642.81469
msg_begin
7.75654e+06
-363885
2.3233
0.00930609
0.0102184
0.000802159
0
0
0
1682191642.86475
msg_begin
7.75654e+06
-363885
2.31726
0.0571399
0.0644234
0.00198069
0
0
0
1682191642.91471
msg_begin
7.75654e+06
-363884
2.31313
0.0196125
0.0210182
0.000837923
0
0
0
1682191642.96467
msg_begin
7.75654e+06
-363884
2.30785
0.00450385
0.0102899
0.000720807
0
0
0
1682191643.01504
msg_begin
7.75654e+06
-363884
2.30244
0.00977134
0.00668143
0.000637245
0
0
0
1682191643.06463
msg_begin
7.75654e+06
-363884
2.29655
0.00770362
0.00180767
0.000279953
0
0
0
1682191643.11459
msg_begin
7.75654e+06
-363884
2.29189
0.00033191
0.000480903
4.04633e-05
0
0
0
1682191643.16456
msg_begin
7.75654e+06
-363883
2.2865
0.00231627
0.00291242
0.000609277
0
0
0
1682191643.21467
msg_begin
7.75654e+06
-363883
2.27957
0.000262958
0.00597418
0.000219335
0
0
0
1682191643.26445
msg_begin
7.75654e+06
-363883
2.27553
0.00251599
0.00582518
0.000101294
0
0
0
1682191643.31439
msg_begin
7.75654e+06
-363883
2.27142
0.00501123
0.0100031
0.000785055
0
0
0
1682191643.36437
msg_begin
7.75654e+06
-363883
2.2671
0.0143379
0.00986604
0.00071378
0
0
0
1682191643.41447
msg_begin
7.75654e+06
-363882
2.26068
0.00775527
0.0117776
0.000610133
0
0
0
1682191643.46431
msg_begin
7.75654e+06
-363882
2.25842
0.00700891
0.00446244
0.000988869
0
0
0
1682191643.51432
msg_begin
7.75654e+06
-363882
2.25149
0.0101583
0.0143713
0.00102314
0
0
0
1682191643.56431
msg_begin
7.75654e+06
-363882
2.24589
0.00393383
0.00660182
0.000257757
0
0
0
1682191643.61453
msg_begin
7.75654e+06
-363882
2.23969
0.0117486
0.0126864
0.0011116
0
0
0
1682191643.66437
msg_begin
7.75654e+06
-363881
2.23132
0.000435621
0.00101432
0.000188395
0
0
0
1682191643.71440
msg_begin
7.75654e+06
-363881
2.22706
0.0124221
0.00932056
0.000579626
0
0
0
1682191643.76441
msg_begin
7.75654e+06
-363881
2.22446
0.0024598
0.000693907
0.00011974
0
0
0
1682191643.81449
msg_begin
7.75654e+06
-363881
2.21739
0.0248524
0.0211618
0.000423799
0
0
0
1682191643.86446
msg_begin
7.75654e+06
-363881
2.21396
0.0225743
0.0211758
0.00119104
0
0
0
1682191643.91455
msg_begin
7.75654e+06
-363880
2.2088
0.00299376
0.00368563
0.00025425
0
0
0
1682191643.96457
msg_begin
7.75654e+06
-363880
2.20177
0.0118888
0.00889135
0.000644299
0
0
0
1682191644.01462
msg_begin
7.75654e+06
-363880
2.19713
0.00166005
0.00509407
0.000313149
0
0
0
1682191644.06460
msg_begin
7.75654e+06
-363880
2.18888
4.84288e-08
1.22236e-09
8.88178e-16
0
0
0
1682191644.11455
msg_begin
7.75654e+06
-363880
2.18733
0.000423192
0.000637022
0.000102033
0
0
0
1682191644.16453
msg_begin
7.75654e+06
-363879
2.17953
0.00767349
0.00926303
0.000787382
0
0
0
1682191644.21491
msg_begin
7.75654e+06
-363879
2.17723
0.00876006
0.013694
0.000412294
0
0
0
1682191644.26447
msg_begin
7.75654e+06
-363879
2.17168
0.00497846
0.00484848
0.000116869
0
0
0
1682191644.31441
msg_begin
7.75654e+06
-363879
2.16841
0.00305272
0.00193801
0.000503547
0
0
0
1682191644.36436
msg_begin
7.75654e+06
-363879
2.1641
0.00301262
0.00422524
0.00106623
0
0
0
1682191644.41454
msg_begin
7.75654e+06
-363879
2.15938
0.000511484
0.000735552
6.47068e-05
0
0
0
1682191644.46420
msg_begin
7.75654e+06
-363878
2.15206
0.00153887
0.000744089
0.000295937
0
0
0
1682191644.51417
msg_begin
7.75654e+06
-363878
2.14568
0.00740617
0.00518582
0.000622427
0
0
0
1682191644.56405
msg_begin
7.75654e+06
-363878
2.14226
0.00383675
0.00720895
0.000212579
0
0
0
1682191644.61401
msg_begin
7.75654e+06
-363878
2.13633
0.000105276
0.00138648
9.09423e-05
0
0
0
1682191644.66398
msg_begin
7.75654e+06
-363878
2.13475
0.00382263
0.00326703
0.000271401
0
0
0
1682191644.71396
msg_begin
7.75654e+06
-363877
2.13053
8.3819e-09
2.2701e-09
8.88178e-16
0
0
0
1682191644.76386
msg_begin
7.75654e+06
-363877
2.12442
0.0180212
0.0220495
0.00171354
0
0
0
1682191644.81508
msg_begin
7.75654e+06
-363877
2.12228
0.0106019
0.028477
0.000916873
0
0
0
1682191644.86387
msg_begin
7.75654e+06
-363877
2.11691
0.00386653
0.00148199
0.000632794
0
0
0
1682191644.91384
msg_begin
7.75654e+06
-363877
2.10878
0.00100275
0.00133955
0.00013244
0
0
0
1682191644.96384
msg_begin
7.75654e+06
-363877
2.1079
0.00467059
0.00562352
0.00047538
0
0
0
1682191645.01378
msg_begin
7.75654e+06
-363876
2.10506
0.00189576
0.00200117
0.00025954
0
0
0
1682191645.06384
msg_begin
7.75654e+06
-363876
2.09788
0.00416174
0.0127947
0.00011833
0
0
0
1682191645.11387
msg_begin
7.75654e+06
-363876
2.09387
0.000522779
0.000888459
0.000435306
0
0
0
1682191645.16382
msg_begin
7.75654e+06
-363876
2.08709
1.11759e-08
8.14907e-10
4.44089e-16
0
0
0
1682191645.21377
msg_begin
7.75654e+06
-363876
2.08306
0.00109496
0.0095988
0.000218459
0
0
0
1682191645.26368
msg_begin
7.75654e+06
-363876
2.08031
0.0064647
0.00657912
0.000596912
0
0
0
1682191645.31371
msg_begin
7.75654e+06
-363875
2.07382
0.000278595
0.00248954
0.000252245
0
0
0
1682191645.36369
msg_begin
7.75654e+06
-363875
2.07434
0.00208816
0.0113336
0.00146472
0
0
0
1682191645.41369
msg_begin
7.75654e+06
-363875
2.07117
0.00642993
0.0107382
0.000929894
0
0
0
1682191645.46368
msg_begin
7.75654e+06
-363875
2.06894
0.00342829
0.00450614
0.000366848
0
0
0
1682191645.51369
msg_begin
7.75654e+06
-363875
2.06298
0.0027671
0.000173865
0.000106706
0
0
0
1682191645.56365
msg_begin
7.75654e+06
-363875
2.06003
0.00611385
0.00445189
0.00110795
0
0
0
1682191645.61386
msg_begin
7.75654e+06
-363874
2.05398
0.00252405
0.00552927
0.000983445
0
0
0
1682191645.66374
msg_begin
7.75654e+06
-363874
2.05264
0.00463817
0.00704672
0.000488821
0
0
0
1682191645.71372
msg_begin
7.75654e+06
-363874
2.05043
5.7742e-08
2.50293e-09
1.77636e-15
0
0
0
1682191645.76371
msg_begin
7.75654e+06
-363874
2.04925
0.00146124
0.00310886
0.00011573
0
0
0
1682191645.81399
msg_begin
7.75654e+06
-363874
2.04779
0.00401453
0.00509884
0.000452261
0
0
0
1682191645.86379
msg_begin
7.75654e+06
-363874
2.0435
0.0116938
0.0214115
0.00121997
0
0
0
1682191645.91381
msg_begin
7.75654e+06
-363874
2.03936
0.00579813
0.0161112
0.000335083
0
0
0
1682191645.96379
msg_begin
7.75654e+06
-363873
2.0387
0.0044994
0.0114331
0.000356125
0
0
0
1682191646.01412
msg_begin
7.75654e+06
-363873
2.03502
6.98492e-08
1.16415e-09
3.10862e-15
0
0
0
1682191646.06386
msg_begin
7.75654e+06
-363873
2.03536
0.00248862
0.0041262
0.00115556
0
0
0
1682191646.11392
msg_begin
7.75654e+06
-363873
2.03089
0.00181628
0.00165576
0.000103
0
0
0
1682191646.16390
msg_begin
7.75654e+06
-363873
2.02872
0.0012835
0.00315868
0.000169444
0
0
0
1682191646.21403
msg_begin
7.75654e+06
-363873
2.02477
6.51926e-08
5.23869e-10
4.44089e-15
0
0
0
1682191646.26392
msg_begin
7.75654e+06
-363873
2.02362
0.0033955
0.0195925
0.000558252
0
0
0
1682191646.31385
msg_begin
7.75654e+06
-363872
2.02266
0.00139711
0.00197331
0.0005967
0
0
0
1682191646.36379
msg_begin
7.75654e+06
-363872
2.01804
0.00281385
0.0082255
0.000430939
0
0
0
1682191646.41410
msg_begin
7.75654e+06
-363872
2.01748
0.00800244
0.00212657
0.00116556
0
0
0
1682191646.46391
msg_begin
7.75654e+06
-363872
2.01323
0.00299149
0.00500233
0.000341576
0
0
0
1682191646.51372
msg_begin
7.75654e+06
-363872
2.01294
0.00712942
0.0055445
0.00104271
0
0
0
1682191646.56369
msg_begin
7.75654e+06
-363872
2.00824
0.00633023
0.00835826
0.0012463
0
0
0
1682191646.61385
msg_begin
7.75654e+06
-363872
2.01059
0.00169433
0.00773912
0.00113999
0
0
0
1682191646.66364
msg_begin
7.75654e+06
-363872
2.0096
0.00555653
0.00429845
0.000958062
0
0
0
1682191646.71372
msg_begin
7.75653e+06
-363872
2.00731
0.00170295
0.0011345
9.58597e-05
0
0
0
1682191646.76364
msg_begin
7.75653e+06
-363871
2.00325
0.000356342
0.00181419
0.000102642
0
0
0
1682191646.81361
msg_begin
7.75653e+06
-363871
1.99916
0.00649077
0.011242
0.000786372
0
0
0
1682191646.86360
msg_begin
7.75653e+06
-363871
2.00092
0.00822515
0.00785793
0.000598049
0
0
0
1682191646.91358
msg_begin
7.75653e+06
-363871
2.00128
0.0125676
0.0106497
0.00103148
0
0
0
1682191646.96357
msg_begin
7.75653e+06
-363871
2.00014
0.000820553
0.000759994
0.000103242
0
0
0
1682191647.01368
msg_begin
7.75653e+06
-363871
2.00143
0.00639654
0.00408404
0.000221322
0
0
0
1682191647.06364
msg_begin
7.75653e+06
-363871
2.00056
0.0101576
0.0236051
0.00236407
0
0
0
1682191647.11372
msg_begin
7.75653e+06
-363870
1.99764
0.000269675
0.00201801
3.33075e-05
0
0
0
1682191647.16365
msg_begin
7.75653e+06
-363870
1.99567
0.00487397
0.00505158
0.00124049
0
0
0
1682191647.21376
msg_begin
7.75653e+06
-363870
1.9943
0.00548305
0.0162742
0.00131623
0
0
0
1682191647.26361
msg_begin
7.75653e+06
-363870
1.99838
0.00423801
0.00537428
0.00112322
0
0
0
1682191647.31365
msg_begin
7.75653e+06
-363870
1.99506
0.00595514
0.00465244
0.000396613
0
0
0
1682191647.36361
msg_begin
7.75653e+06
-363870
1.99304
0.00376261
0.0023685
0.000176503
0
0
0
1682191647.41366
msg_begin
7.75653e+06
-363870
1.99681
0.000670302
0.0025665
0.000364092
0
0
0
1682191647.46365
msg_begin
7.75653e+06
-363870
1.99806
5.23283e-05
0.000262153
8.41487e-07
0
0
0
1682191647.51368
msg_begin
7.75653e+06
-363870
1.99928
0.00657994
0.00876574
0.00140983
0
0
0
1682191647.56367
msg_begin
7.75653e+06
-363869
1.99535
8.00937e-08
2.32831e-10
1.11022e-15
0
0
0
1682191647.61379
msg_begin
7.75653e+06
-363869
1.99409
0.00540859
0.0136563
0.000400564
0
0
0
1682191647.66358
msg_begin
7.75653e+06
-363869
1.99238
0.00146469
0.0029779
0.000113281
0
0
0
1682191647.71358
msg_begin
7.75653e+06
-363869
1.99107
0.00356699
0.0054634
0.000679949
0
0
0
1682191647.76346
msg_begin
7.75653e+06
-363869
1.99152
0.00478749
0.00489316
0.000845033
0
0
0
1682191647.81345
msg_begin
7.75653e+06
-363869
1.99026
0.00614392
0.0122469
0.000868839
0
0
0
1682191647.86341
msg_begin
7.75653e+06
-363869
1.99061
0.0016813
0.011925
0.000481507
0
0
0
1682191647.91338
msg_begin
7.75653e+06
-363869
1.99139
0.00646777
0.0120239
0.000475851
0
0
0
1682191647.96341
msg_begin
7.75653e+06
-363868
1.98862
0.00508967
0.00465978
0.000402764
0
0
0
1682191648.01350
msg_begin
7.75653e+06
-363868
1.98881
0.00287385
0.00987185
0.000306737
0
0
0
1682191648.06338
msg_begin
7.75653e+06
-363868
1.99109
0.00231363
0.00340939
0.000386387
0
0
0
1682191648.11331
msg_begin
7.75653e+06
-363868
1.9892
0.00481238
0.005188
0.000457294
0
0
0
1682191648.16334
msg_begin
7.75653e+06
-363868
1.9896
0.00555043
0.00724721
0.00101558
0
0
0
1682191648.21355
msg_begin
7.75653e+06
-363868
1.98837
0.00271073
0.00470967
0.000574444
0
0
0
1682191648.26338
msg_begin
7.75653e+06
-363868
1.98843
0.000787968
0.00134085
0.000311547
0
0
0
1682191648.31330
msg_begin
7.75653e+06
-363868
1.98744
0.0023688
0.00685316
0.00037591
0
0
0
1682191648.36327
msg_begin
7.75653e+06
-363867
1.98687
0.00552613
0.00482531
0.00049634
0
0
0
1682191648.41332
msg_begin
7.75653e+06
-363867
1.98724
0.0085704
0.00942217
0.000656854
0
0
0
1682191648.46348
msg_begin
7.75653e+06
-363867
1.98644
0.000244404
4.28158e-05
2.45953e-05
0
0
0
1682191648.51328
msg_begin
7.75653e+06
-363867
1.982
0.00288392
0.00182852
0.000361615
0
0
0
1682191648.56336
msg_begin
7.75653e+06
-363867
1.98184
0.00323124
0.00298496
0.000251246
0
0
0
1682191648.61358
msg_begin
7.75653e+06
-363867
1.98194
0.00197068
0.00230015
0.000215188
0
0
0
1682191648.66332
msg_begin
7.75653e+06
-363867
1.98375
0.00213168
0.0074784
0.000412619
0
0
0
1682191648.71337
msg_begin
7.75653e+06
-363867
1.98274
4.65661e-08
1.62981e-09
6.66134e-16
0
0
0
1682191648.76336
msg_begin
7.75653e+06
-363867
1.97917
0.0123549
0.026069
0.000677997
0
0
0
1682191648.81327
msg_begin
7.75653e+06
-363866
1.97718
0.00522937
0.00443584
0.000450467
0
0
0
1682191648.86323
msg_begin
7.75653e+06
-363866
1.97898
2.98023e-08
5.82077e-10
4.44089e-16
0
0
0
1682191648.91323
msg_begin
7.75653e+06
-363866
1.97588
0.00357965
0.00541757
0.000256499
0
0
0
1682191648.96317
msg_begin
7.75653e+06
-363866
1.97248
0.00650599
0.00202509
0.000206419
0
0
0
1682191649.01339
msg_begin
7.75653e+06
-363866
1.97292
0.0132824
0.0265763
0.000730974
0
0
0
1682191649.06310
msg_begin
7.75653e+06
-363866
1.97299
0.00968623
0.0122755
0.000268064
0
0
0
1682191649.11310
msg_begin
7.75653e+06
-363866
1.97122
0.00525069
0.00543785
0.000174142
0
0
0
1682191649.16310
msg_begin
7.75653e+06
-363865
1.97064
0.000352971
0.000567194
5.1732e-05
0
0
0
1682191649.21303
msg_begin
7.75653e+06
-363865
1.96902
0.00756399
0.00901144
0.000938328
0
0
0
1682191649.26306
msg_begin
7.75653e+06
-363865
1.97052
0.000108435
0.000470153
3.92283e-05
0
0
0
1682191649.31300
msg_begin
7.75653e+06
-363865
1.97001
0.0152223
0.0025345
0.000338289
0
0
0
1682191649.36299
msg_begin
7.75653e+06
-363865
1.97016
0.0008232
0.000770001
0.000119169
0
0
0
1682191649.41312
msg_begin
7.75653e+06
-363865
1.9704
0.0012722
0.00499081
0.000356555
0
0
0
1682191649.46290
msg_begin
7.75653e+06
-363865
1.96715
0.000570466
0.0011327
0.000120971
0
0
0
1682191649.51286
msg_begin
7.75653e+06
-363865
1.96647
0.00150179
0.0153854
0.00130214
0
0
0
1682191649.56284
msg_begin
7.75653e+06
-363864
1.96743
0.00352614
0.00514045
0.000262406
0
0
0
1682191649.61301
msg_begin
7.75653e+06
-363864
1.96538
0.0104512
0.00697254
0.00115032
0
0
0
1682191649.66283
msg_begin
7.75653e+06
-363864
1.96802
0.00223214
0.0047129
0.000342509
0
0
0
1682191649.71275
msg_begin
7.75653e+06
-363864
1.96369
0.00593861
0.0114373
0.00109491
0
0
0
1682191649.76276
msg_begin
7.75653e+06
-363864
1.96036
0.00468361
0.00444065
0.000688943
0
0
0
1682191649.81312
msg_begin
7.75653e+06
-363864
1.95832
0.00166587
0.000738382
0.000135443
0
0
0
1682191649.86271
msg_begin
7.75653e+06
-363863
1.9566
0.0018969
0.00194129
6.28893e-05
0
0
0
1682191649.91277
msg_begin
7.75653e+06
-363863
1.95574
0.00107282
0.00518297
0.000419146
0
0
0
1682191649.96281
msg_begin
7.75653e+06
-363863
1.95221
0.00148304
0.00157273
3.78999e-05
0
0
0
1682191650.01373
msg_begin
7.75653e+06
-363863
1.95273
0.00220557
0.0029947
0.000193726
0
0
0
1682191650.06283
msg_begin
7.75653e+06
-363863
1.94812
0.00795028
0.00782729
0.000853182
0
0
0
1682191650.11286
msg_begin
7.75653e+06
-363862
1.94365
0.00618453
0.00685821
0.000480524
0
0
0
1682191650.16291
msg_begin
7.75653e+06
-363862
1.94059
5.75734e-06
0.00119879
0.000159424
0
0
0
1682191650.21363
msg_begin
7.75653e+06
-363862
1.94099
0.00240196
0.000454222
2.4262e-05
0
0
0
1682191650.26295
msg_begin
7.75653e+06
-363862
1.93832
1.39698e-08
1.33878e-09
0
0
0
0
1682191650.31300
msg_begin
7.75653e+06
-363862
1.9349
0.00046803
0.00111555
7.51216e-06
0
0
0
1682191650.36291
msg_begin
7.75653e+06
-363862
1.93414
0.000555528
0.0013237
0.000102389
0
0
0
1682191650.41296
msg_begin
7.75653e+06
-363861
1.92851
0.0042802
0.00347646
0.00120895
0
0
0
1682191650.46295
msg_begin
7.75653e+06
-363861
1.92608
0.00113595
0.00167625
0.000162882
0
0
0
1682191650.51291
msg_begin
7.75653e+06
-363861
1.92737
0.00117291
0.00143175
0.000129614
0
0
0
1682191650.56299
msg_begin
7.75653e+06
-363861
1.92233
0.000849593
0.004443
2.77606e-05
0
0
0
1682191650.61276
msg_begin
7.75653e+06
-363861
1.91921
0.00423331
0.00616778
0.000662629
0
0
0
1682191650.66268
msg_begin
7.75653e+06
-363860
1.91746
0.006087
0.00998108
0.000889166
0
0
0
1682191650.71266
msg_begin
7.75653e+06
-363860
1.9139
0.00215659
0.00896156
0.000226592
0
0
0
1682191650.76308
msg_begin
7.75653e+06
-363860
1.90768
0.00123478
0.0096618
0.000872185
0
0
0
1682191650.81260
msg_begin
7.75653e+06
-363860
1.90358
0.001699
0.00376399
0.000965571
0
0
0
1682191650.86250
msg_begin
7.75653e+06
-363860
1.90288
4.47035e-08
6.98492e-10
6.66134e-16
0
0
0
1682191650.91251
msg_begin
7.75653e+06
-363860
1.90111
0.000497987
0.0021216
0.000130985
0
0
0
1682191650.96249
msg_begin
7.75653e+06
-363859
1.89541
0.00654036
0.00284952
0.000144315
0
0
0
1682191651.01246
msg_begin
7.75653e+06
-363859
1.89327
0.00126252
0.00232464
0.000349754
0
0
0
1682191651.06252
msg_begin
7.75653e+06
-363859
1.88702
0.00745754
0.0200957
0.000990617
0
0
0
1682191651.11242
msg_begin
7.75653e+06
-363859
1.8846
0.00242099
0.0146286
0.000168756
0
0
0
1682191651.16245
msg_begin
7.75653e+06
-363858
1.87933
0.00356634
0.0150945
0.00271238
0
0
0
1682191651.21338
msg_begin
7.75653e+06
-363858
1.87454
0.00208169
0.00295802
0.000219667
0
0
0
1682191651.26247
msg_begin
7.75653e+06
-363858
1.86899
0.018912
0.0244453
0.001136
0
0
0
1682191651.36255
msg_begin
7.75653e+06
-363858
1.86359
0.00273493
0.0256349
0.000626261
0
0
0
1682191651.41298
msg_begin
7.75653e+06
-363857
1.86004
0.00299518
0.00408724
0.000255182
0
0
0
1682191651.46240
msg_begin
7.75653e+06
-363857
1.85374
0.000314887
0.000200359
1.74693e-05
0
0
0
1682191651.51239
msg_begin
7.75653e+06
-363857
1.84952
0.00390257
0.00313173
0.000654581
0
0
0
1682191651.56227
msg_begin
7.75653e+06
-363857
1.84486
0.00281941
0.00165669
0.000191661
0
0
0
1682191651.61348
msg_begin
7.75653e+06
-363856
1.84351
0.0103176
0.00468329
0.000681263
0
0
0
1682191651.66220
msg_begin
7.75653e+06
-363856
1.83838
0.00133725
0.00514328
0.000441238
0
0
0
1682191651.71212
msg_begin
7.75653e+06
-363856
1.83027
0.00568852
0.0106499
0.000686814
0
0
0
1682191651.76291
msg_begin
7.75653e+06
-363856
1.82798
0.00778569
0.0289812
0.0010663
0
0
0
1682191651.81210
msg_begin
7.75653e+06
-363855
1.82393
0.00288087
0.00678524
0.000608888
0
0
0
1682191651.86189
msg_begin
7.75653e+06
-363855
1.82188
0.000635085
0.0069029
0.000393684
0
0
0
1682191651.91181
msg_begin
7.75653e+06
-363855
1.81303
0.0107392
0.0054147
8.66866e-05
0
0
0
1682191651.96787
msg_begin
7.75653e+06
-363855
1.81073
0.000411234
0.00421981
8.94921e-05
0
0
0
1682191652.01181
msg_begin
7.75653e+06
-363854
1.80632
0.00677058
0.00206927
0.000430746
0
0
0
1682191652.06175
msg_begin
7.75653e+06
-363854
1.80173
0.00852686
0.00215649
0.00017649
0
0
0
1682191652.11171
msg_begin
7.75653e+06
-363854
1.7944
0.0042813
0.00657905
0.000373617
0
0
0
1682191652.16271
msg_begin
7.75653e+06
-363854
1.79183
0.00404326
0.00304221
0.000300247
0
0
0
1682191652.21174
msg_begin
7.75653e+06
-363853
1.78713
0.00277358
0.00695919
0.000633668
0
0
0
1682191652.26168
msg_begin
7.75653e+06
-363853
1.78066
0.000562587
0.00226552
7.64351e-05
0
0
0
1682191652.31171
msg_begin
7.75653e+06
-363853
1.77441
0.00475354
0.0167548
0.000939197
0
0
0
1682191652.36238
msg_begin
7.75653e+06
-363853
1.7707
0.0109602
0.034169
0.000933734
0
0
0
1682191652.41170
msg_begin
7.75653e+06
-363852
1.76755
0.00625367
0.0147512
0.000974338
0
0
0
1682191652.46174
msg_begin
7.75653e+06
-363852
1.7655
3.72529e-09
1.39698e-09
1.77636e-15
0
0
0
1682191652.51177
msg_begin
7.75653e+06
-363852
1.75753
6.51926e-08
5.23869e-10
4.44089e-16
0
0
0
1682191652.56177
msg_begin
7.75653e+06
-363852
1.74976
9.31323e-09
2.2701e-09
6.66134e-16
0
0
0
1682191652.61200
msg_begin
7.75653e+06
-363851
1.74541
0.00934341
0.00690387
0.000918804
0
0
0
1682191652.66184
msg_begin
7.75653e+06
-363851
1.73959
0.000993592
0.000320423
0.000108518
0
0
0
1682191652.71980
msg_begin
7.75653e+06
-363851
1.73874
0.00269323
0.00626248
0.000307824
0
0
0
1682191652.76196
msg_begin
7.75653e+06
-363850
1.72912
0.000359898
0.00150873
0.000235291
0
0
0
1682191652.81311
msg_begin
7.75653e+06
-363850
1.72275
0.000485114
0.00145455
0.00053757
0
0
0
1682191652.86196
msg_begin
7.75653e+06
-363850
1.71844
0.00178364
0.0277814
0.000222035
0
0
0
1682191652.91190
msg_begin
7.75653e+06
-363850
1.7106
0.00174059
0.0185485
0.000326438
0
0
0
1682191652.96191
msg_begin
7.75653e+06
-363849
1.70769
0.00373314
0.00769433
0.00103708
0
0
0
1682191653.01263
msg_begin
7.75653e+06
-363849
1.70213
0.00114669
0.00176204
0.000103665
0
0
0
1682191653.06185
msg_begin
7.75653e+06
-363849
1.69397
0.00220295
0.014562
0.000148294
0
0
0
1682191653.11181
msg_begin
7.75653e+06
-363848
1.69155
0.000154458
0.00328549
9.5109e-06
0
0
0
1682191653.16173
msg_begin
7.75653e+06
-363848
1.68713
0.00294553
0.0108099
0.000476394
0
0
0
1682191653.21164
msg_begin
7.75653e+06
-363848
1.67407
0.000731889
0.00132538
0.000238572
0
0
0
1682191653.26161
msg_begin
7.75653e+06
-363848
1.67385
0.000610357
0.000357963
6.28229e-05
0
0
0
1682191653.31162
msg_begin
7.75653e+06
-363847
1.67031
9.31323e-10
1.10595e-09
8.88178e-16
0
0
0
1682191653.36159
msg_begin
7.75653e+06
-363847
1.6599
0.00400021
0.0188234
0.00104752
0
0
0
1682191653.41221
msg_begin
7.75653e+06
-363847
1.65564
0.00127075
0.00888481
0.000323073
0
0
0
1682191653.46157
msg_begin
7.75653e+06
-363846
1.64888
0.00203302
0.00930568
0.000342391
0
0
0
1682191653.51162
msg_begin
7.75653e+06
-363846
1.63989
0.000212031
0.0076883
0.000235405
0
0
0
1682191653.57370
msg_begin
7.75653e+06
-363846
1.6326
0.00089888
0.00198098
4.08226e-05
0
0
0
1682191653.61159
msg_begin
7.75653e+06
-363845
1.62961
0.00236117
0.00539587
0.000263521
0
0
0
1682191653.66163
msg_begin
7.75653e+06
-363845
1.6213
0.00338431
0.00201242
0.000213672
0
0
0
1682191653.71168
msg_begin
7.75653e+06
-363845
1.62003
8.00937e-08
5.82077e-10
4.44089e-16
0
0
0
1682191653.76273
msg_begin
7.75653e+06
-363844
1.61116
9.31323e-10
2.50293e-09
2.22045e-16
0
0
0
1682191653.81225
msg_begin
7.75653e+06
-363844
1.60509
0.00120866
0.0032782
0.000193694
0
0
0
1682191653.86181
msg_begin
7.75653e+06
-363844
1.60208
0.00221374
0.00271184
0.000114655
0
0
0
1682191653.91176
msg_begin
7.75653e+06
-363843
1.59658
0.00434996
0.0254086
0.000776592
0
0
0
1682191653.96882
msg_begin
7.75653e+06
-363843
1.588
0.00290062
0.00601853
0.000267366
0
0
0
1682191654.01173
msg_begin
7.75653e+06
-363843
1.5834
3.25963e-08
1.04774e-09
0
0
0
0
1682191654.06177
msg_begin
7.75653e+06
-363842
1.57783
0.000378189
0.00477406
0.00046157
0
0
0
1682191654.11175
msg_begin
7.75653e+06
-363842
1.57004
0.00465558
0.00394185
0.00116704
0
0
0
1682191654.16242
msg_begin
7.75653e+06
-363842
1.56505
0.00143161
0.00226287
0.000354179
0
0
0
1682191654.21177
msg_begin
7.75653e+06
-363841
1.55751
0.0020072
0.00118923
0.000167554
0
0
0
1682191654.26155
msg_begin
7.75653e+06
-363841
1.5536
0.0032167
0.0463602
0.000404421
0
0
0
1682191654.33004
msg_begin
7.75653e+06
-363841
1.54512
0.0031121
0.00370568
0.000116816
0
0
0
1682191654.41172
msg_begin
7.75653e+06
-363840
1.53837
5.12227e-08
2.21189e-09
0
0
0
0
1682191654.46156
msg_begin
7.75653e+06
-363840
1.5364
3.72529e-09
6.98492e-10
4.44089e-16
0
0
0
1682191654.51154
msg_begin
7.75653e+06
-363840
1.53111
0.00225293
0.00468559
0.000252231
0
0
0
1682191654.56222
msg_begin
7.75653e+06
-363839
1.52433
0.0073246
0.0459136
0.000389147
0
0
0
1682191654.61184
msg_begin
7.75653e+06
-363839
1.51976
0.00713402
0.0176255
0.00191448
0
0
0
1682191654.66162
msg_begin
7.75653e+06
-363839
1.51408
8.3819e-09
3.49246e-10
2.22045e-16
0
0
0
1682191654.71161
msg_begin
7.75653e+06
-363838
1.50787
0.000447639
0.0038536
5.07665e-05
0
0
0
1682191654.76164
msg_begin
7.75653e+06
-363838
1.50549
0.000567031
0.00392246
0.000317545
0
0
0
1682191654.81296
msg_begin
7.75653e+06
-363838
1.50282
3.72529e-09
3.43425e-09
0
0
0
0
1682191654.86171
msg_begin
7.75653e+06
-363837
1.49681
0.00667696
0.0042073
0.000212259
0
0
0
1682191654.91177
msg_begin
7.75653e+06
-363837
1.49341
0.00101588
0.00475419
0.000516941
0
0
0
1682191654.96178
msg_begin
7.75653e+06
-363837
1.48753
0.000689876
0.00832772
0.00012358
0
0
0
1682191655.01178
msg_begin
7.75653e+06
-363837
1.48361
0.00178089
0.0197393
0.000753982
0
0
0
1682191655.06188
msg_begin
7.75653e+06
-363836
1.48085
0.00608091
0.0220483
0.000388432
0
0
0
1682191655.11189
msg_begin
7.75653e+06
-363836
1.47946
2.98023e-08
2.09548e-09
0
0
0
0
1682191655.16193
msg_begin
7.75653e+06
-363836
1.47135
9.31323e-08
2.67755e-09
0
0
0
0
1682191655.21299
msg_begin
7.75653e+06
-363835
1.46775
0.00579739
0.0222345
0.000817524
0
0
0
1682191655.26185
msg_begin
7.75653e+06
-363835
1.46561
5.4948e-08
1.74623e-09
8.88178e-16
0
0
0
1682191655.31180
msg_begin
7.75653e+06
-363835
1.46211
0.00134066
0.0133411
0.000468668
0
0
0
1682191655.36178
msg_begin
7.75653e+06
-363835
1.4613
4.65661e-09
1.62981e-09
6.66134e-16
0
0
0
1682191655.41173
msg_begin
7.75653e+06
-363834
1.45804
0.00378257
0.0104359
0.000466852
0
0
0
1682191655.46163
msg_begin
7.75653e+06
-363834
1.45479
0.00464043
0.0103061
0.000548036
0
0
0
1682191655.51158
msg_begin
7.75653e+06
-363833
1.45193
0.00905615
0.0180821
0.0010531
0
0
0
1682191655.56159
msg_begin
7.75653e+06
-363833
1.45175
0.00170114
0.00983588
0.000268105
0
0
0
1682191655.61252
msg_begin
7.75653e+06
-363833
1.44913
0.0137885
0.0136699
0.000651369
0
0
0
1682191655.66157
msg_begin
7.75653e+06
-363832
1.4494
4.65661e-09
1.74623e-10
1.11022e-15
0
0
0
1682191655.71149
msg_begin
7.75653e+06
-363832
1.44688
3.35276e-08
2.91038e-09
1.11022e-15
0
0
0
1682191655.76182
msg_begin
7.75653e+06
-363832
1.44641
4.19095e-08
3.7835e-09
8.88178e-16
0
0
0
1682191655.81161
msg_begin
7.75653e+06
-363832
1.44369
0.0006886
0.00480963
0.00016675
0
0
0
1682191655.86146
msg_begin
7.75653e+06
-363831
1.44144
0.00733477
0.0133002
0.000573643
0
0
0
1682191655.91140
msg_begin
7.75653e+06
-363831
1.43744
0.0061068
0.0491295
0.000287946
0
0
0
1682191655.96156
msg_begin
7.75653e+06
-363831
1.43561
8.28877e-08
2.32831e-09
8.88178e-16
0
0
0
1682191656.01178
msg_begin
7.75653e+06
-363830
1.43698
0.000806752
0.0023138
0.000101131
0
0
0
1682191656.06143
msg_begin
7.75653e+06
-363830
1.4332
0.000544826
0.00206824
2.49878e-06
0
0
0
1682191656.11147
msg_begin
7.75653e+06
-363830
1.43284
0.00203159
0.0187289
0.000245025
0
0
0
1682191656.16175
msg_begin
7.75653e+06
-363829
1.43006
4.19095e-08
1.10595e-09
1.11022e-15
0
0
0
1682191656.21176
msg_begin
7.75653e+06
-363829
1.43132
0.00455628
0.00423785
0.000281197
0
0
0
1682191656.26155
msg_begin
7.75653e+06
-363829
1.43061
7.63685e-08
2.44472e-09
8.88178e-16
0
0
0
1682191656.31155
msg_begin
7.75653e+06
-363828
1.42638
0.000883376
0.00123243
0.000108086
0
0
0
1682191656.36154
msg_begin
7.75653e+06
-363828
1.42758
0.00229188
0.00710867
0.000485889
0
0
0
1682191656.41167
msg_begin
7.75653e+06
-363828
1.42691
0.000312542
3.48704e-05
6.01946e-05
0
0
0
1682191656.46146
msg_begin
7.75653e+06
-363827
1.42435
1.11759e-08
5.82077e-11
0
0
0
0
1682191656.51140
msg_begin
7.75653e+06
-363827
1.42396
0.00579245
0.0284999
0.00181543
0
0
0
1682191656.56135
msg_begin
7.75653e+06
-363827
1.42108
0.000235631
0.000415784
0.000156815
0
0
0
1682191656.61161
msg_begin
7.75653e+06
-363827
1.42105
0.00619402
0.0170672
0.000103569
0
0
0
1682191656.66128
msg_begin
7.75653e+06
-363826
1.41931
0.00623082
0.029771
0.0002349
0
0
0
1682191656.71186
msg_begin
7.75653e+06
-363826
1.42095
0.000288018
0.00134791
0.000547067
0
0
0
1682191656.76114
msg_begin
7.75653e+06
-363826
1.42177
0.00188201
0.0155942
0.000669248
0
0
0
1682191656.81115
msg_begin
7.75653e+06
-363825
1.41996
0.00121902
0.00269391
4.27489e-05
0
0
0
1682191656.86115
msg_begin
7.75653e+06
-363825
1.41888
0.00206813
0.0153236
0.000972549
0
0
0
1682191656.91106
msg_begin
7.75653e+06
-363825
1.41674
0.00143337
0.0137532
4.38024e-05
0
0
0
1682191656.96107
msg_begin
7.75653e+06
-363824
1.41858
5.69873e-05
0.000240196
4.79425e-06
0
0
0
1682191657.01162
msg_begin
7.75653e+06
-363824
1.41899
0.00342625
0.0015833
0.000278752
0
0
0
1682191657.06096
msg_begin
7.75653e+06
-363824
1.42117
0.000677257
0.00342843
6.09436e-05
0
0
0
1682191657.11091
msg_begin
7.75653e+06
-363823
1.41884
1.58325e-08
2.2701e-09
1.33227e-15
0
0
0
1682191657.16079
msg_begin
7.75653e+06
-363823
1.41781
0.000585148
0.00396911
0.000225333
0
0
0
1682191657.21175
msg_begin
7.75653e+06
-363823
1.41843
0.0112637
0.00567948
0.000206906
0
0
0
1682191657.26057
msg_begin
7.75653e+06
-363823
1.41874
9.31323e-10
8.14907e-10
1.33227e-15
0
0
0
1682191657.31046
msg_begin
7.75653e+06
-363822
1.4179
0.00311158
0.0158928
0.000439921
0
0
0
1682191657.36040
msg_begin
7.75653e+06
-363822
1.42015
0.00383839
0.00084999
0.000108338
0
0
0
1682191657.41080
msg_begin
7.75653e+06
-363822
1.42103
0.00308973
0.0158883
0.000713707
0
0
0
1682191657.46027
msg_begin
7.75653e+06
-363821
1.41871
5.4948e-08
5.82077e-11
6.66134e-16
0
0
0
1682191657.51025
msg_begin
7.75653e+06
-363821
1.41609
0.0111002
0.040698
0.000901178
0
0
0
1682191657.56020
msg_begin
7.75653e+06
-363821
1.41766
4.93601e-08
3.08501e-09
1.11022e-15
0
0
0
1682191657.61111
msg_begin
7.75653e+06
-363820
1.41625
0.000669833
6.30038e-05
3.76184e-06
0
0
0
1682191657.66012
msg_begin
7.75653e+06
-363820
1.41692
0.00882566
0.0122881
0.000376635
0
0
0
1682191657.71021
msg_begin
7.75653e+06
-363820
1.41646
0.00744502
0.00405187
0.000493367
0
0
0
1682191657.76014
msg_begin
7.75653e+06
-363819
1.41396
5.12227e-08
2.96859e-09
2.22045e-16
0
0
0
1682191657.81102
msg_begin
7.75653e+06
-363819
1.41561
6.51926e-09
5.82077e-10
6.66134e-16
0
0
0
1682191657.86021
msg_begin
7.75653e+06
-363819
1.41425
0.0026759
0.0201819
0.000292021
0
0
0
1682191657.91029
msg_begin
7.75653e+06
-363818
1.41402
0.00292471
0.00307978
0.000183505
0
0
0
1682191657.96033
msg_begin
7.75653e+06
-363818
1.41405
1.95578e-08
8.14907e-10
4.44089e-16
0
0
0
1682191658.01137
msg_begin
7.75653e+06
-363817
1.41424
0.00132161
0.00440783
0.000178087
0
0
0
1682191658.06033
msg_begin
7.75653e+06
-363817
1.41527
0.00255316
0.00931496
0.000866427
0
0
0
1682191658.11037
msg_begin
7.75653e+06
-363817
1.41573
0.00238331
0.01773
6.91804e-05
0
0
0
1682191658.16035
msg_begin
7.75653e+06
-363816
1.41784
4.47035e-08
2.2701e-09
0
0
0
0
1682191658.21026
msg_begin
7.75653e+06
-363816
1.41756
0.00164274
0.00450632
0.000137693
0
0
0
1682191658.26025
msg_begin
7.75653e+06
-363816
1.42056
0.00506512
0.00564093
0.000122822
0
0
0
1682191658.31021
msg_begin
7.75653e+06
-363815
1.42177
0.00673883
0.0510088
0.00116739
0
0
0
1682191658.36022
msg_begin
7.75653e+06
-363815
1.41801
0.000653297
0.00581299
5.26928e-05
0
0
0
1682191658.41009
msg_begin
7.75653e+06
-363815
1.41899
0.00240917
0.006075
0.000449714
0
0
0
1682191658.46006
msg_begin
7.75653e+06
-363814
1.41639
0.000788638
0.000752334
0.000230566
0
0
0
1682191658.51001
msg_begin
7.75653e+06
-363814
1.41984
0.00572988
0.00262337
0.000149469
0
0
0
1682191658.56007
msg_begin
7.75653e+06
-363814
1.41673
0.0135218
0.00615606
0.000758163
0
0
0
1682191658.60996
msg_begin
7.75653e+06
-363813
1.41949
0.00197215
0.00134989
0.000176094
0
0
0
1682191658.65993
msg_begin
7.75653e+06
-363813
1.41795
0.0092923
0.0423198
0.000235822
0
0
0
1682191658.71003
msg_begin
7.75653e+06
-363813
1.42001
0.000184671
0.0185126
0.000161418
0
0
0
1682191658.75992
msg_begin
7.75653e+06
-363812
1.41798
0.00458988
0.0103845
0.000761403
0
0
0
1682191658.80998
msg_begin
7.75653e+06
-363812
1.41461
0.000371388
0.00649285
0.00024518
0
0
0
1682191658.85993
msg_begin
7.75653e+06
-363812
1.4139
0.000195276
0.00104557
1.1514e-05
0
0
0
1682191658.90993
msg_begin
7.75653e+06
-363811
1.4172
5.96046e-08
3.49246e-09
4.44089e-16
0
0
0
1682191658.95987
msg_begin
7.75653e+06
-363811
1.41744
0.00811454
0.0229671
0.000610349
0
0
0
1682191659.00993
msg_begin
7.75653e+06
-363810
1.42364
5.58794e-09
3.60887e-09
4.44089e-16
0
0
0
1682191659.05992
msg_begin
7.75653e+06
-363810
1.42349
4.56348e-08
4.65661e-10
6.66134e-16
0
0
0
1682191659.10997
msg_begin
7.75653e+06
-363810
1.42116
0.000448662
0.00143964
0.000142964
0
0
0
1682191659.16004
msg_begin
7.75653e+06
-363810
1.42039
0.00876329
0.0365829
0.000253695
0
0
0
1682191659.20991
msg_begin
7.75653e+06
-363809
1.42034
0.00313509
0.00110001
4.60959e-05
0
0
0
1682191659.25995
msg_begin
7.75653e+06
-363809
1.42019
5.58794e-09
8.73115e-10
0
0
0
0
1682191659.30992
msg_begin
7.75653e+06
-363809
1.41788
0.000510328
0.000519907
9.69228e-05
0
0
0
1682191659.35991
msg_begin
7.75653e+06
-363809
1.41446
0.00553292
0.000812109
0.000645717
0
0
0
1682191659.40982
msg_begin
7.75653e+06
-363808
1.41479
1.21072e-08
3.31784e-09
6.66134e-16
0
0
0
1682191659.45993
msg_begin
7.75653e+06
-363808
1.41109
6.98492e-08
3.49246e-10
1.11022e-15
0
0
0
1682191659.50988
msg_begin
7.75653e+06
-363807
1.41199
7.9765e-05
0.00260657
1.79256e-05
0
0
0
1682191659.55977
msg_begin
7.75653e+06
-363807
1.41021
0.00138634
0.00369971
0.000467711
0
0
0
1682191659.60978
msg_begin
7.75653e+06
-363807
1.40689
0.00902454
0.0173582
0.00151694
0
0
0
1682191659.65974
msg_begin
7.75653e+06
-363806
1.40417
0.00211116
0.00735212
0.00115952
0
0
0
1682191659.71050
msg_begin
7.75653e+06
-363806
1.40419
5.96046e-08
2.96859e-09
1.9984e-15
0
0
0
1682191659.75978
msg_begin
7.75653e+06
-363805
1.40454
0.00271782
0.00438912
7.85552e-05
0
0
0
1682191659.80980
msg_begin
7.75653e+06
-363805
1.40515
0.00915928
0.0134918
0.00161739
0
0
0
1682191659.85986
msg_begin
7.75653e+06
-363805
1.40633
5.40167e-08
1.04774e-09
8.88178e-16
0
0
0
1682191659.90979
msg_begin
7.75653e+06
-363804
1.40583
0.00990961
0.0316662
0.00197232
0
0
0
1682191659.95975
msg_begin
7.75653e+06
-363804
1.40532
0.00908478
0.0470804
0.000905812
0
0
0
1682191660.00975
msg_begin
7.75653e+06
-363804
1.40386
8.10251e-08
3.20142e-09
8.88178e-16
0
0
0
1682191660.05975
msg_begin
7.75653e+06
-363803
1.40083
0.00136703
0.0058996
0.000394944
0
0
0
1682191660.10970
msg_begin
7.75653e+06
-363803
1.40049
0.01436
0.00502118
0.000723054
0
0
0
1682191660.15969
msg_begin
7.75653e+06
-363802
1.40068
2.98023e-08
2.50293e-09
1.77636e-15
0
0
0
1682191660.20971
msg_begin
7.75653e+06
-363802
1.40003
0.00108939
0.0012927
0.000174881
0
0
0
1682191660.25967
msg_begin
7.75653e+06
-363802
1.39674
0.00785617
0.013062
0.00138043
0
0
0
1682191660.30967
msg_begin
7.75653e+06
-363801
1.39605
5.12227e-08
2.61934e-09
6.66134e-16
0
0
0
1682191660.35963
msg_begin
7.75653e+06
-363801
1.39531
0.00667119
0.0283636
0.000975959
0
0
0
1682191660.40968
msg_begin
7.75653e+06
-363801
1.39561
0.00140868
0.0151396
0.000584665
0
0
0
1682191660.45966
msg_begin
7.75653e+06
-363800
1.39406
0.00382004
0.0369827
0.000378241
0
0
0
1682191660.50963
msg_begin
7.75653e+06
-363800
1.39119
0.00130586
0.0141144
0.000300413
0
0
0
1682191660.55973
msg_begin
7.75653e+06
-363800
1.38989
0
1.10595e-09
1.33227e-15
0
0
0
1682191660.60959
msg_begin
7.75653e+06
-363799
1.3871
0.00691559
0.0540411
0.00089602
0
0
0
1682191660.65969
msg_begin
7.75653e+06
-363799
1.38809
0.00398657
0.061541
0.00105999
0
0
0
1682191660.70969
msg_begin
7.75653e+06
-363799
1.38584
0.0105372
0.00677151
0.000529295
0
0
0
1682191660.75962
msg_begin
7.75653e+06
-363798
1.38491
0.00125345
0.00255615
0.000683857
0
0
0
1682191660.80966
msg_begin
7.75653e+06
-363798
1.38383
1.95578e-08
1.33878e-09
8.88178e-16
0
0
0
1682191660.85972
msg_begin
7.75653e+06
-363798
1.38243
0.000936317
0.00315235
0.000438709
0
0
0
1682191660.90972
msg_begin
7.75653e+06
-363797
1.38108
0.00201604
0.00503285
0.000200121
0
0
0
1682191660.95976
msg_begin
7.75653e+06
-363797
1.37641
0.00206861
0.01273
0.000273459
0
0
0
1682191661.00977
msg_begin
7.75653e+06
-363797
1.37592
2.51457e-08
1.74623e-10
8.88178e-16
0
0
0
1682191661.05984
msg_begin
7.75653e+06
-363796
1.37595
0.000131486
0.0012224
3.36013e-05
0
0
0
1682191661.10991
msg_begin
7.75653e+06
-363796
1.3736
0.00216958
0.00269732
0.000465159
0
0
0
1682191661.15987
msg_begin
7.75653e+06
-363795
1.37047
2.04891e-08
1.16415e-09
2.22045e-15
0
0
0
1682191661.20996
msg_begin
7.75653e+06
-363795
1.36348
4.65661e-08
2.2701e-09
1.55431e-15
0
0
0
1682191661.25997
msg_begin
7.75653e+06
-363795
1.35985
0.00191694
0.00336345
0.000176566
0
0
0
1682191661.31002
msg_begin
7.75653e+06
-363794
1.35776
0.00405554
0.0149798
0.000977129
0
0
0
1682191661.35997
msg_begin
7.75653e+06
-363794
1.35414
0.00467374
0.0357884
0.000285362
0
0
0
1682191661.41006
msg_begin
7.75653e+06
-363793
1.35152
0.00101334
0.00419287
0.000149185
0
0
0
1682191661.46007
msg_begin
7.75653e+06
-363793
1.34858
0.00152931
0.0159214
0.00069367
0
0
0
1682191661.51000
msg_begin
7.75653e+06
-363793
1.34556
0.00115449
0.00668823
0.000362562
0
0
0
1682191661.56005
msg_begin
7.75653e+06
-363792
1.3408
0.00164062
0.00869288
8.95879e-05
0
0
0
1682191661.61012
msg_begin
7.75653e+06
-363792
1.33742
0.000632167
0.00122097
7.83518e-06
0
0
0
1682191661.66015
msg_begin
7.75653e+06
-363791
1.33281
0.0102693
0.0337955
0.000856663
0
0
0
1682191661.71017
msg_begin
7.75653e+06
-363791
1.3319
1.11759e-08
4.13274e-09
2.22045e-15
0
0
0
1682191661.76009
msg_begin
7.75653e+06
-363791
1.32579
0.0146049
0.035121
0.00141175
0
0
0
1682191661.81017
msg_begin
7.75653e+06
-363790
1.32172
1.86265e-08
5.82077e-10
4.44089e-16
0
0
0
1682191661.86011
msg_begin
7.75653e+06
-363790
1.31806
0.00111726
0.00573164
8.01041e-05
0
0
0
1682191661.91006
msg_begin
7.75653e+06
-363790
1.31662
4.93601e-08
4.65661e-10
1.11022e-15
0
0
0
1682191661.95996
msg_begin
7.75653e+06
-363789
1.31106
0.0012084
0.00089964
7.84656e-05
0
0
0
1682191662.00993
msg_begin
7.75653e+06
-363789
1.30373
0.00538168
0.0122721
0.000534301
0
0
0
1682191662.05985
msg_begin
7.75653e+06
-363788
1.30127
0.0258202
0.0549575
0.00226566
0
0
0
1682191662.10984
msg_begin
7.75653e+06
-363788
1.2986
0.00237346
0.00478944
0.000609736
0
0
0
1682191662.15967
msg_begin
7.75653e+06
-363788
1.29302
0.00240579
0.00238161
3.8603e-05
0
0
0
1682191662.20965
msg_begin
7.75653e+06
-363787
1.29052
8.48589e-05
0.00172252
9.04554e-05
0
0
0
1682191662.25966
msg_begin
7.75653e+06
-363787
1.28752
0.0016618
0.00262659
0.00030817
0
0
0
1682191662.30955
msg_begin
7.75653e+06
-363786
1.28132
0.00489966
0.0275275
0.000592355
0
0
0
1682191662.35960
msg_begin
7.75653e+06
-363786
1.276
0.00560549
0.00493077
0.000710532
0
0
0
1682191662.40943
msg_begin
7.75653e+06
-363786
1.26757
0.00457814
0.0241044
0.00163451
0
0
0
1682191662.45944
msg_begin
7.75653e+06
-363785
1.26348
0.000827066
0.00481435
8.74354e-05
0
0
0
1682191662.50948
msg_begin
7.75654e+06
-363785
1.25847
0.00976659
0.0396342
0.0012809
0
0
0
1682191662.60949
msg_begin
7.75654e+06
-363784
1.2529
0.001679
0.00317415
0.000176164
0
0
0
1682191662.65952
msg_begin
7.75654e+06
-363783
1.24222
0.000801874
0.00171317
5.43862e-05
0
0
0
1682191662.75952
msg_begin
7.75654e+06
-363783
1.23576
0.00839612
0.0153132
0.000438534
0
0
0
1682191662.80958
msg_begin
7.75654e+06
-363783
1.23213
0.0224168
0.0376462
0.0010433
0
0
0
1682191662.85957
msg_begin
7.75654e+06
-363782
1.22511
0.00115266
0.000269055
7.97952e-05
0
0
0
1682191662.90955
msg_begin
7.75654e+06
-363782
1.22221
0.00892565
0.00511144
0.000288604
0
0
0
1682191662.95966
msg_begin
7.75654e+06
-363782
1.2161
4.56348e-08
2.96859e-09
1.33227e-15
0
0
0
1682191663.00995
msg_begin
7.75654e+06
-363781
1.2107
0.00100792
0.000763864
0.000351453
0
0
0
1682191663.05959
msg_begin
7.75654e+06
-363781
1.20543
0.000477857
0.00280032
0.000178695
0
0
0
1682191663.10961
msg_begin
7.75654e+06
-363780
1.20017
0.00385658
0.0012557
0.000119062
0
0
0
1682191663.15989
msg_begin
7.75654e+06
-363780
1.19328
0.00462686
0.00595077
0.000951483
0
0
0
1682191663.20977
msg_begin
7.75654e+06
-363780
1.18683
7.45058e-09
4.65661e-10
1.77636e-15
0
0
0
1682191663.25950
msg_begin
7.75654e+06
-363779
1.183
2.51457e-08
2.91038e-10
2.22045e-16
0
0
0
1682191663.30950
msg_begin
7.75654e+06
-363779
1.17685
0.0101307
0.00741916
0.000613854
0
0
0
1682191663.35952
msg_begin
7.75654e+06
-363779
1.17031
0.0202743
0.0036247
8.71443e-05
0
0
0
1682191663.40948
msg_begin
7.75654e+06
-363778
1.16597
1.30385e-08
5.82077e-11
2.22045e-15
0
0
0
1682191663.45947
msg_begin
7.75654e+06
-363778
1.15909
6.51926e-09
2.09548e-09
6.66134e-16
0
0
0
1682191663.50944
msg_begin
7.75654e+06
-363778
1.15384
0.00390671
0.0211498
0.000957798
0
0
0
1682191663.55954
msg_begin
7.75654e+06
-363777
1.14661
0.0015507
0.000383481
2.07335e-05
0
0
0
1682191663.60944
msg_begin
7.75654e+06
-363777
1.13812
0.00973242
0.00461954
0.000529284
0
0
0
1682191663.65946
msg_begin
7.75654e+06
-363776
1.13305
0.00226571
0.00300088
0.000405402
0
0
0
1682191663.70944
msg_begin
7.75654e+06
-363776
1.12596
0.0298351
0.0476879
0.0024126
0
0
0
1682191663.75954
msg_begin
7.75654e+06
-363776
1.1229
0.000230578
0.000295974
7.9858e-06
0
0
0
1682191663.80937
msg_begin
7.75654e+06
-363775
1.11326
5.4948e-08
5.82077e-10
2.66454e-15
0
0
0
1682191663.85937
msg_begin
7.75654e+06
-363775
1.10669
2.98023e-08
3.37604e-09
4.44089e-15
0
0
0
1682191663.90937
msg_begin
7.75654e+06
-363775
1.10248
0.000238203
0.00171432
9.33256e-05
0
0
0
1682191663.95943
msg_begin
7.75654e+06
-363774
1.09299
6.60136e-05
0.000352902
6.98396e-05
0
0
0
1682191664.00937
msg_begin
7.75654e+06
-363774
1.08646
3.1665e-08
9.31323e-10
1.9984e-15
0
0
0
1682191664.05937
msg_begin
7.75654e+06
-363774
1.08011
0.000495662
0.000964951
0.000128624
0
0
0
1682191664.10938
msg_begin
7.75654e+06
-363773
1.07692
0.00556038
0.0295465
0.0021156
0
0
0
1682191664.15945
msg_begin
7.75654e+06
-363773
1.07053
0.000555554
0.008611
0.00034148
0
0
0
1682191664.20955
msg_begin
7.75654e+06
-363773
1.06296
9.12696e-08
6.40284e-10
1.77636e-15
0
0
0
1682191664.25949
msg_begin
7.75654e+06
-363772
1.05821
0.00181297
0.0165024
0.000559194
0
0
0
1682191664.30952
msg_begin
7.75654e+06
-363772
1.05115
0.0133034
0.0291596
0.00192783
0
0
0
1682191664.35955
msg_begin
7.75654e+06
-363772
1.04804
3.25963e-08
1.74623e-10
6.66134e-16
0
0
0
1682191664.40953
msg_begin
7.75654e+06
-363771
1.03893
0
2.50293e-09
3.10862e-15
0
0
0
1682191664.45953
msg_begin
7.75654e+06
-363771
1.03482
0.00250445
0.000101607
0.00032342
0
0
0
1682191664.50959
msg_begin
7.75654e+06
-363771
1.02909
0.00547494
0.00116677
0.000423781
0
0
0
1682191664.55960
msg_begin
7.75654e+06
-363770
1.01973
4.56348e-08
9.8953e-10
3.55271e-15
0
0
0
1682191664.60958
msg_begin
7.75654e+06
-363770
1.01324
0.0252268
0.0336806
0.001293
0
0
0
1682191664.65964
msg_begin
7.75654e+06
-363770
1.00684
0.00038013
0.000955111
3.43668e-05
0
0
0
1682191664.71048
msg_begin
7.75654e+06
-363769
1.00019
0.000397184
0.00249873
0.000193007
0
0
0
1682191664.75967
msg_begin
7.75654e+06
-363769
0.987683
0.00701139
0.00518223
0.000248808
0
0
0
1682191664.80964
msg_begin
7.75654e+06
-363769
0.983445
5.58794e-08
2.44472e-09
7.77156e-16
0
0
0
1682191664.85965
msg_begin
7.75654e+06
-363768
0.978705
9.12696e-08
2.79397e-09
2.44249e-15
0
0
0
1682191664.90963
msg_begin
7.75654e+06
-363768
0.975165
0.00564223
0.00741677
0.000822443
0
0
0
1682191664.95947
msg_begin
7.75654e+06
-363768
0.969256
1.11759e-08
8.14907e-10
6.32827e-15
0
0
0
1682191665.00942
msg_begin
7.75654e+06
-363767
0.962523
0.00127922
0.00212386
5.17198e-05
0
0
0
1682191665.05944
msg_begin
7.75654e+06
-363767
0.954844
7.63685e-08
4.07454e-10
3.33067e-16
0
0
0
1682191665.10938
msg_begin
7.75654e+06
-363767
0.94477
0.00399109
0.00158
8.46796e-05
0
0
0
1682191665.15932
msg_begin
7.75654e+06
-363766
0.938375
0.000822692
0.000917722
6.50412e-05
0
0
0
1682191665.20932
msg_begin
7.75654e+06
-363766
0.936656
0.0152625
0.007085
0.000817031
0
0
0
1682191665.25925
msg_begin
7.75654e+06
-363766
0.926233
0.00300144
0.00378075
0.000159616
0
0
0
1682191665.30927
msg_begin
7.75654e+06
-363765
0.916829
0.00282936
0.00314309
0.000463045
0
0
0
1682191665.35929
msg_begin
7.75654e+06
-363765
0.910942
0.00302837
0.00231411
0.000152457
0
0
0
1682191665.40934
msg_begin
7.75654e+06
-363765
0.901411
8.00937e-08
5.82077e-11
3.21965e-15
0
0
0
1682191665.45936
msg_begin
7.75655e+06
-363764
0.892626
5.40167e-08
1.86265e-09
1.88738e-15
0
0
0
1682191665.50930
msg_begin
7.75655e+06
-363764
0.885274
0.000108955
0.000342394
6.31434e-06
0
0
0
1682191665.55929
msg_begin
7.75655e+06
-363764
0.879636
0.00557765
0.00574196
0.000313043
0
0
0
1682191665.60925
msg_begin
7.75655e+06
-363764
0.870687
0.0154288
0.00911064
0.000701009
0
0
0
1682191665.65927
msg_begin
7.75655e+06
-363763
0.863439
0.00144288
0.00166495
0.000369721
0
0
0
1682191665.70934
msg_begin
7.75655e+06
-363763
0.853412
8.3819e-09
3.08501e-09
3.33067e-16
0
0
0
1682191665.75919
msg_begin
7.75655e+06
-363763
0.847691
4.93601e-08
3.14321e-09
3.55271e-15
0
0
0
1682191665.80920
msg_begin
7.75655e+06
-363762
0.83383
4.74975e-08
1.22236e-09
2.33147e-15
0
0
0
1682191665.85927
msg_begin
7.75655e+06
-363762
0.828323
5.58794e-09
9.31323e-10
1.66533e-15
0
0
0
1682191665.90922
msg_begin
7.75655e+06
-363762
0.823745
0.00147829
0.000849981
0.000220686
0
0
0
1682191665.95927
msg_begin
7.75655e+06
-363762
0.813936
0.00179103
0.00424836
0.000671577
0
0
0
1682191666.00928
msg_begin
7.75655e+06
-363761
0.810541
0.000858794
0.00250507
5.66425e-05
0
0
0
1682191666.05924
msg_begin
7.75655e+06
-363761
0.800543
4.19095e-08
3.43425e-09
2.22045e-15
0
0
0
1682191666.10921
msg_begin
7.75655e+06
-363761
0.79593
0.0177834
0.0107996
0.000416437
0
0
0
1682191666.15928
msg_begin
7.75655e+06
-363760
0.788194
1.11759e-08
1.28057e-09
3.77476e-15
0
0
0
1682191666.20917
msg_begin
7.75655e+06
-363760
0.782826
0.00104179
0.00168048
0.000189041
0
0
0
1682191666.25914
msg_begin
7.75655e+06
-363760
0.770544
7.91624e-08
2.32831e-09
1.11022e-15
0
0
0
1682191666.30905
msg_begin
7.75655e+06
-363760
0.763576
0.000108112
0.000192046
2.01925e-05
0
0
0
1682191666.35901
msg_begin
7.75655e+06
-363759
0.756888
0.0192496
0.0183155
0.00119574
0
0
0
1682191666.40901
msg_begin
7.75655e+06
-363759
0.749299
7.17118e-08
1.74623e-09
5.55112e-16
0
0
0
1682191666.45893
msg_begin
7.75655e+06
-363759
0.74317
0.00165143
0.00257252
0.000382149
0
0
0
1682191666.50893
msg_begin
7.75655e+06
-363759
0.736733
5.96046e-08
2.38651e-09
2.22045e-15
0
0
0
1682191666.55881
msg_begin
7.75655e+06
-363758
0.736503
0.00322665
0.000534339
0.000208475
0
0
0
1682191666.60878
msg_begin
7.75655e+06
-363758
0.725696
0.0128335
0.0052284
0.000569131
0
0
0
1682191666.65878
msg_begin
7.75655e+06
-363758
0.72208
0.00142768
0.0018508
0.000167978
0
0
0
1682191666.70894
msg_begin
7.75655e+06
-363757
0.715357
4.74975e-08
3.55067e-09
3.33067e-16
0
0
0
1682191666.75872
msg_begin
7.75655e+06
-363757
0.709446
0.000776088
0.00450548
0.000126426
0
0
0
1682191666.80876
msg_begin
7.75655e+06
-363757
0.708255
5.58794e-09
1.74623e-10
1.44329e-15
0
0
0
1682191666.85875
msg_begin
7.75655e+06
-363757
0.697096
2.98023e-08
2.09548e-09
3.44169e-15
0
0
0
1682191666.90869
msg_begin
7.75655e+06
-363757
0.697561
0.00174349
0.00105822
9.37614e-05
0
0
0
1682191666.95873
msg_begin
7.75655e+06
-363756
0.694647
0.00543722
0.00456609
0.000671825
0
0
0
1682191667.00876
msg_begin
7.75655e+06
-363756
0.688603
1.21072e-08
4.19095e-09
1.33227e-15
0
0
0
1682191667.05891
msg_begin
7.75655e+06
-363756
0.68475
1.58325e-08
2.91038e-09
3.44169e-15
0
0
0
1682191667.10883
msg_begin
7.75655e+06
-363755
0.681861
0.0013412
0.00161115
1.68936e-05
0
0
0
1682191667.15882
msg_begin
7.75655e+06
-363755
0.674994
3.63216e-08
1.45519e-09
2.33147e-15
0
0
0
1682191667.20886
msg_begin
7.75655e+06
-363755
0.67242
0.00286504
0.000636192
0.000305122
0
0
0
1682191667.25892
msg_begin
7.75655e+06
-363755
0.670332
0.000202984
8.01322e-05
8.66785e-06
0
0
0
1682191667.30895
msg_begin
7.75656e+06
-363754
0.665836
2.42144e-08
1.39698e-09
3.9968e-15
0
0
0
1682191667.35909
msg_begin
7.75656e+06
-363754
0.663331
0.00647903
0.00234901
0.00024351
0
0
0
1682191667.40906
msg_begin
7.75656e+06
-363754
0.662114
0.010879
0.0130779
0.000275167
0
0
0
1682191667.45904
msg_begin
7.75656e+06
-363754
0.66173
0.0110267
0.0054605
0.000949907
0
0
0
1682191667.50902
msg_begin
7.75656e+06
-363754
0.661153
1.76951e-08
2.91038e-09
4.44089e-16
0
0
0
1682191667.55957
msg_begin
7.75656e+06
-363753
0.660545
0.00638348
0.00580277
0.000600602
0
0
0
1682191667.60902
msg_begin
7.75656e+06
-363753
0.655588
4.84288e-08
5.23869e-10
7.77156e-16
0
0
0
1682191667.65902
msg_begin
7.75656e+06
-363753
0.650735
0.00211068
0.00358345
9.84559e-05
0
0
0
1682191667.70986
msg_begin
7.75656e+06
-363752
0.648667
0.00414138
0.0126668
0.00064903
0
0
0
1682191667.75899
msg_begin
7.75656e+06
-363752
0.644128
1.11759e-08
1.10595e-09
2.22045e-15
0
0
0
1682191667.80903
msg_begin
7.75656e+06
-363752
0.643445
0.00249963
0.00830273
0.00121201
0
0
0
1682191667.85901
msg_begin
7.75656e+06
-363752
0.641064
0.0157202
0.0209491
0.00104154
0
0
0
1682191667.90900
msg_begin
7.75656e+06
-363751
0.638472
0.00330781
0.00345445
8.24252e-05
0
0
0
1682191667.95902
msg_begin
7.75656e+06
-363751
0.638243
0.00393712
0.00119101
0.000259162
0
0
0
1682191668.00901
msg_begin
7.75656e+06
-363751
0.636652
0.0405238
0.0237778
0.00102653
0
0
0
1682191668.05898
msg_begin
7.75656e+06
-363751
0.636565
0.00343969
0.00764949
0.000244998
0
0
0
1682191668.10891
msg_begin
7.75656e+06
-363750
0.633662
5.72565e-05
0.000123255
1.49525e-05
0
0
0
1682191668.15882
msg_begin
7.75656e+06
-363750
0.629241
5.58794e-09
1.39698e-09
2.77556e-15
0
0
0
1682191668.20868
msg_begin
7.75656e+06
-363750
0.629433
0.00700637
0.00494543
0.000971393
0
0
0
1682191668.25859
msg_begin
7.75656e+06
-363750
0.628599
0.00187468
0.001986
9.28471e-05
0
0
0
1682191668.30849
msg_begin
7.75656e+06
-363750
0.629463
0.0117829
0.00595269
0.000554483
0
0
0
1682191668.35843
msg_begin
7.75656e+06
-363749
0.62954
0.0273353
0.0170162
0.000883141
0
0
0
1682191668.40823
msg_begin
7.75656e+06
-363749
0.627912
0.00910579
0.00826843
0.000196612
0
0
0
1682191668.45814
msg_begin
7.75656e+06
-363749
0.626046
0.00324064
0.00762266
0.000150421
0
0
0
1682191668.50803
msg_begin
7.75656e+06
-363748
0.623664
0.00233644
0.00667973
0.000307995
0
0
0
1682191668.60784
msg_begin
7.75656e+06
-363748
0.623862
0.00638986
0.00429629
0.000156173
0
0
0
1682191668.65777
msg_begin
7.75656e+06
-363748
0.62753
0.000252478
0.000294367
1.53217e-05
0
0
0
1682191668.70892
msg_begin
7.75656e+06
-363748
0.62345
0.015223
0.00611913
0.000729519
0
0
0
1682191668.75764
msg_begin
7.75656e+06
-363747
0.627486
0.0030875
0.00307782
0.000327781
0
0
0
1682191668.80756
msg_begin
7.75656e+06
-363747
0.626116
0.00669092
0.0125004
0.000384042
0
0
0
1682191668.85757
msg_begin
7.75657e+06
-363747
0.623875
0.00132257
0.000694597
5.52694e-05
0
0
0
1682191668.90750
msg_begin
7.75657e+06
-363747
0.624951
0.00337709
0.000577852
1.75803e-05
0
0
0
1682191668.95745
msg_begin
7.75657e+06
-363746
0.623668
0.00724682
0.00197827
0.000415444
0
0
0
1682191669.00747
msg_begin
7.75657e+06
-363746
0.623939
5.21541e-08
1.10595e-09
4.88498e-15
0
0
0
1682191669.05751
msg_begin
7.75657e+06
-363746
0.624423
0.000253353
0.000182269
3.17899e-05
0
0
0
1682191669.10750
msg_begin
7.75657e+06
-363746
0.624958
0.0098773
0.00284104
0.000417103
0
0
0
1682191669.15755
msg_begin
7.75657e+06
-363745
0.62093
0.00468798
0.00537483
0.000280343
0
0
0
1682191669.20761
msg_begin
7.75657e+06
-363745
0.622507
0.0204676
0.0132788
0.000325419
0
0
0
1682191669.25772
msg_begin
7.75657e+06
-363745
0.622087
0.0193514
0.0135859
0.00030819
0
0
0
1682191669.30781
msg_begin
7.75657e+06
-363745
0.623169
0.0088309
0.00988493
0.000787987
0
0
0
1682191669.35791
msg_begin
7.75657e+06
-363744
0.622837
0.0102747
0.000895136
0.000352251
0
0
0
1682191669.40799
msg_begin
7.75657e+06
-363744
0.621616
0.00899117
0.0141713
0.00154132
0
0
0
1682191669.45801
msg_begin
7.75657e+06
-363744
0.62181
0.00343472
0.003175
0.000462994
0
0
0
1682191669.50810
msg_begin
7.75657e+06
-363744
0.621555
1.49012e-08
4.07454e-10
1.9984e-15
0
0
0
1682191669.55812
msg_begin
7.75657e+06
-363743
0.619803
3.25963e-08
8.14907e-10
3.33067e-16
0
0
0
1682191669.60816
msg_begin
7.75657e+06
-363743
0.620898
0.0260601
0.015889
0.00156485
0
0
0
1682191669.65822
msg_begin
7.75657e+06
-363743
0.619083
4.00469e-08
5.23869e-10
3.9968e-15
0
0
0
1682191669.70878
msg_begin
7.75657e+06
-363743
0.616967
0.00168597
0.00367806
0.000633406
0
0
0
1682191669.75824
msg_begin
7.75657e+06
-363742
0.616951
1.95578e-08
9.31323e-10
1.66533e-15
0
0
0
1682191669.80823
msg_begin
7.75657e+06
-363742
0.61811
6.0536e-08
2.2701e-09
3.55271e-15
0
0
0
1682191669.85828
msg_begin
7.75657e+06
-363742
0.61978
7.45058e-09
6.40284e-10
7.77156e-16
0
0
0
1682191669.90885
msg_begin
7.75657e+06
-363742
0.619789
0.00130555
0.00083831
3.39028e-05
0
0
0
1682191669.95808
msg_begin
7.75657e+06
-363741
0.619052
0.00590262
0.00296013
0.000758503
0
0
0
1682191670.00803
msg_begin
7.75657e+06
-363741
0.619242
7.35745e-08
2.38651e-09
3.10862e-15
0
0
0
1682191670.05801
msg_begin
7.75657e+06
-363741
0.619378
0.00150584
0.00117981
0.000185777
0
0
0
1682191670.10782
msg_begin
7.75657e+06
-363741
0.615227
0.00169467
0.00108689
0.000260144
0
0
0
1682191670.15785
msg_begin
7.75657e+06
-363740
0.619781
4.65661e-09
2.2701e-09
3.77476e-15
0
0
0
1682191670.20777
msg_begin
7.75657e+06
-363740
0.619824
0.00356439
0.00106138
7.53347e-05
0
0
0
1682191670.25770
msg_begin
7.75657e+06
-363740
0.619707
0.0067303
0.00528121
0.000494983
0
0
0
1682191670.30773
msg_begin
7.75657e+06
-363740
0.618459
0.0265671
0.0118469
0.00057455
0
0
0
1682191670.35887
msg_begin
7.75658e+06
-363739
0.619811
0.00653233
0.00544911
0.000484367
0
0
0
1682191670.40765
msg_begin
7.75658e+06
-363739
0.624336
0.00096255
0.00423014
0.000598457
0
0
0
1682191670.45773
msg_begin
7.75658e+06
-363739
0.621845
0.004261
0.00208485
0.000596435
0
0
0
1682191670.50761
msg_begin
7.75658e+06
-363739
0.620848
1.67638e-08
2.50293e-09
1.33227e-15
0
0
0
1682191670.55761
msg_begin
7.75658e+06
-363738
0.618716
9.42065e-06
5.04325e-06
4.05009e-07
0
0
0
1682191670.60759
msg_begin
7.75658e+06
-363738
0.621085
1.67638e-08
2.38651e-09
2.9976e-15
0
0
0
1682191670.65761
msg_begin
7.75658e+06
-363738
0.621415
0.0136121
0.00968829
0.000299758
0
0
0
1682191670.70804
msg_begin
7.75658e+06
-363738
0.620163
0.0126177
0.00699854
0.000275697
0
0
0
1682191670.75758
msg_begin
7.75658e+06
-363737
0.622664
0.00637644
0.00737783
0.000762017
0
0
0
1682191670.80756
msg_begin
7.75658e+06
-363737
0.6231
0.00174732
0.000220015
3.01072e-05
0
0
0
1682191670.85757
msg_begin
7.75658e+06
-363737
0.621673
0.000784087
0.00209134
4.85437e-05
0
0
0
1682191670.90758
msg_begin
7.75658e+06
-363737
0.619426
0.0373573
0.0289528
0.000919394
0
0
0
1682191670.95752
msg_begin
7.75658e+06
-363736
0.618611
8.3819e-09
2.85218e-09
3.44169e-15
0
0
0
1682191671.00747
msg_begin
7.75658e+06
-363736
0.619128
0.00353158
0.0123656
0.00105353
0
0
0
1682191671.05741
msg_begin
7.75658e+06
-363736
0.62074
0.00103832
0.00193107
0.000124369
0
0
0
1682191671.10738
msg_begin
7.75658e+06
-363736
0.624727
5.21541e-08
1.80444e-09
3.77476e-15
0
0
0
1682191671.15737
msg_begin
7.75658e+06
-363735
0.624039
0.00806071
0.0122877
0.000905042
0
0
0
1682191671.20737
msg_begin
7.75658e+06
-363735
0.617293
0
3.7835e-09
2.77556e-15
0
0
0
1682191671.25738
msg_begin
7.75658e+06
-363735
0.619918
5.86733e-08
1.57161e-09
2.10942e-15
0
0
0
1682191671.30736
msg_begin
7.75658e+06
-363735
0.623153
5.58794e-08
4.65661e-10
3.33067e-16
0
0
0
1682191671.35738
msg_begin
7.75658e+06
-363734
0.628448
1.86265e-08
1.92085e-09
3.44169e-15
0
0
0
1682191671.40741
msg_begin
7.75658e+06
-363734
0.628318
1.39698e-08
2.03727e-09
4.44089e-16
0
0
0
1682191671.45741
msg_begin
7.75658e+06
-363734
0.627809
8.00937e-08
2.21189e-09
1.77636e-15
0
0
0
1682191671.50739
msg_begin
7.75658e+06
-363734
0.627848
0.00290253
0.00799659
0.000401162
0
0
0
1682191671.55737
msg_begin
7.75658e+06
-363733
0.629132
0.0489332
0.0313443
0.00225653
0
0
0
1682191671.60739
msg_begin
7.75658e+06
-363733
0.627756
0.0544532
0.0372645
0.00123044
0
0
0
1682191671.65743
msg_begin
7.75658e+06
-363733
0.631251
8.56817e-08
2.56114e-09
2.10942e-15
0
0
0
1682191671.70762
msg_begin
7.75658e+06
-363733
0.628758
1.58325e-08
9.8953e-10
2.10942e-15
0
0
0
1682191671.75745
msg_begin
7.75658e+06
-363732
0.630099
0.0010654
0.000259961
4.59798e-06
0
0
0
1682191671.80745
msg_begin
7.75659e+06
-363732
0.630052
0.00176202
0.00175048
1.19931e-05
0
0
0
1682191671.85742
msg_begin
7.75659e+06
-363732
0.628959
0.0114203
0.00834616
0.000431452
0
0
0
1682191671.90747
msg_begin
7.75659e+06
-363732
0.631292
0.00187714
0.000986169
4.31556e-05
0
0
0
1682191671.95740
msg_begin
7.75659e+06
-363731
0.63219
0.0159365
0.00535517
4.27441e-05
0
0
0
1682191672.00743
msg_begin
7.75659e+06
-363731
0.634467
0.0019197
0.00237548
0.000159765
0
0
0
1682191672.05749
msg_begin
7.75659e+06
-363731
0.634679
5.7742e-08
5.82077e-10
3.33067e-16
0
0
0
1682191672.10745
msg_begin
7.75659e+06
-363731
0.636405
0.00832422
0.0115298
0.00136926
0
0
0
1682191672.15746
msg_begin
7.75659e+06
-363730
0.638704
0.0157532
0.00946303
0.000374541
0
0
0
1682191672.20787
msg_begin
7.75659e+06
-363730
0.640594
0.00666316
0.00790076
0.000562004
0
0
0
1682191672.25751
msg_begin
7.75659e+06
-363730
0.642258
0.00305524
0.00513537
0.000584814
0
0
0
1682191672.30753
msg_begin
7.75659e+06
-363730
0.637519
0.0111411
0.00654073
0.00327248
0
0
0
1682191672.35762
msg_begin
7.75659e+06
-363729
0.642481
0.00341384
0.00123052
0.000389978
0
0
0
1682191672.40769
msg_begin
7.75659e+06
-363729
0.640112
0.0213933
0.00442092
0.000882437
0
0
0
1682191672.45772
msg_begin
7.75659e+06
-363729
0.63749
0.0162267
0.0194006
0.000581229
0
0
0
1682191672.50815
msg_begin
7.75659e+06
-363729
0.637373
0.00725675
0.00478569
0.000361815
0
0
0
1682191672.55777
msg_begin
7.75659e+06
-363728
0.638154
0.0143529
0.00397685
0.000856172
0
0
0
1682191672.60784
msg_begin
7.75659e+06
-363728
0.638202
0.0135688
0.00785126
0.000911392
0
0
0
1682191672.65783
msg_begin
7.75659e+06
-363728
0.636917
0.00907117
0.00666135
2.27036e-05
0
0
0
1682191672.70822
msg_begin
7.75659e+06
-363728
0.637272
0.0127494
0.011629
0.000621308
0
0
0
1682191672.75789
msg_begin
7.75659e+06
-363727
0.639796
0.00587663
0.00325486
0.000281703
0
0
0
1682191672.80773
msg_begin
7.75659e+06
-363727
0.641214
0.000172046
0.00180561
4.2511e-05
0
0
0
1682191672.85765
msg_begin
7.75659e+06
-363727
0.639626
0.00189797
0.000476317
0.000130355
0
0
0
1682191672.90759
msg_begin
7.75659e+06
-363727
0.63833
0.00474309
0.0022339
0.000143073
0
0
0
1682191672.95750
msg_begin
7.75659e+06
-363726
0.640397
1.02445e-08
5.82077e-11
3.33067e-16
0
0
0
1682191673.00747
msg_begin
7.75659e+06
-363726
0.638733
0.0157639
0.0157294
5.16566e-05
0
0
0
1682191673.05734
msg_begin
7.75659e+06
-363726
0.635598
0.00545012
0.00207848
0.000937194
0
0
0
1682191673.10721
msg_begin
7.75659e+06
-363726
0.635272
0.00547029
0.00352836
0.000169526
0
0
0
1682191673.15715
msg_begin
7.75659e+06
-363725
0.634926
0.00116519
0.000665319
0.000127024
0
0
0
1682191673.20702
msg_begin
7.75659e+06
-363725
0.635505
0.00666449
0.00638524
0.000740794
0
0
0
1682191673.25693
msg_begin
7.75659e+06
-363725
0.638162
0.0269886
0.012103
0.00178798
0
0
0
1682191673.30690
msg_begin
7.75659e+06
-363725
0.639362
0.00497447
0.00654578
0.000612672
0
0
0
1682191673.35678
msg_begin
7.7566e+06
-363724
0.638547
0.0648986
0.0443771
0.000875307
0
0
0
1682191673.40704
msg_begin
7.7566e+06
-363724
0.637954
0.0172373
0.013332
0.000241171
0
0
0
1682191673.45665
msg_begin
7.7566e+06
-363724
0.635275
1.58325e-08
1.62981e-09
1.77636e-15
0
0
0
1682191673.50657
msg_begin
7.7566e+06
-363724
0.636447
0.0041255
0.00329554
0.000234316
0
0
0
1682191673.55663
msg_begin
7.7566e+06
-363723
0.635603
6.14673e-08
9.31323e-10
1.33227e-15
0
0
0
1682191673.60651
msg_begin
7.7566e+06
-363723
0.634822
0.00110296
0.00115777
8.68921e-05
0
0
0
1682191673.65642
msg_begin
7.7566e+06
-363723
0.637745
0.00456559
0.00726769
0.000307694
0
0
0
1682191673.70718
msg_begin
7.7566e+06
-363723
0.63722
0.0230682
0.0144591
0.000520284
0
0
0
1682191673.75639
msg_begin
7.7566e+06
-363723
0.637021
1.21072e-08
2.09548e-09
3.10862e-15
0
0
0
1682191673.80642
msg_begin
7.7566e+06
-363722
0.643261
0.00387732
0.00210253
0.000329683
0
0
0
1682191673.85641
msg_begin
7.7566e+06
-363722
0.644284
0.00199996
0.000568285
0.000138699
0
0
0
1682191673.90639
msg_begin
7.7566e+06
-363722
0.646598
3.07336e-08
1.92085e-09
1.33227e-15
0
0
0
1682191673.95644
msg_begin
7.7566e+06
-363722
0.646964
0.00204699
0.000689732
0.000146313
0
0
0
1682191674.00641
msg_begin
7.7566e+06
-363721
0.64594
0.0225458
0.0211306
0.000866621
0
0
0
1682191674.05646
msg_begin
7.7566e+06
-363721
0.646181
5.30854e-08
1.5134e-09
2.88658e-15
0
0
0
1682191674.10650
msg_begin
7.7566e+06
-363721
0.648912
0.00688884
0.00600892
0.000459962
0
0
0
1682191674.15651
msg_begin
7.7566e+06
-363721
0.646264
1.95578e-08
9.8953e-10
3.88578e-15
0
0
0
1682191674.20657
msg_begin
7.7566e+06
-363720
0.646586
0.0176441
0.00977161
0.000812914
0
0
0
1682191674.25659
msg_begin
7.7566e+06
-363720
0.652856
0.00969311
0.0037431
0.000508545
0
0
0
1682191674.30664
msg_begin
7.7566e+06
-363720
0.654005
0.00851489
0.00951946
0.000544323
0
0
0
1682191674.35664
msg_begin
7.7566e+06
-363720
0.654906
1.67638e-08
3.49246e-10
3.44169e-15
0
0
0
1682191674.40671
msg_begin
7.7566e+06
-363720
0.65207
0.0116299
0.0159878
0.000488266
0
0
0
1682191674.45688
msg_begin
7.7566e+06
-363719
0.650873
0.00307983
0.00193276
0.000103146
0
0
0
1682191674.50693
msg_begin
7.7566e+06
-363719
0.649962
0.000969864
0.00318739
1.57197e-05
0
0
0
1682191674.55693
msg_begin
7.7566e+06
-363719
0.652812
0.00735152
0.00345236
0.000416652
0
0
0
1682191674.60700
msg_begin
7.7566e+06
-363718
0.654333
3.72529e-08
3.49246e-10
3.44169e-15
0
0
0
1682191674.65709
msg_begin
7.7566e+06
-363718
0.653414
0.00910413
0.00322545
0.00016649
0
0
0
1682191674.70731
msg_begin
7.7566e+06
-363718
0.653369
0.00241003
0.00149261
0.00019657
0
0
0
1682191674.75720
msg_begin
7.7566e+06
-363718
0.656558
0.0136096
0.0116524
0.00193995
0
0
0
1682191674.80730
msg_begin
7.7566e+06
-363717
0.658854
0.00536252
0.00562605
0.000319836
0
0
0
1682191674.85737
msg_begin
7.7566e+06
-363717
0.659855
0.0155529
0.0123059
0.00219427
0
0
0
1682191674.90734
msg_begin
7.75661e+06
-363717
0.660852
0.00393094
0.00266023
0.000248973
0
0
0
1682191674.95733
msg_begin
7.75661e+06
-363717
0.658115
0.00264856
0.00190413
0.000396377
0
0
0
1682191675.00730
msg_begin
7.75661e+06
-363716
0.656652
0.0203382
0.00982097
0.00110795
0
0
0
1682191675.05727
msg_begin
7.75661e+06
-363716
0.658756
0.00814753
0.0131986
0.00127214
0
0
0
1682191675.10718
msg_begin
7.75661e+06
-363716
0.657571
0.00509795
0.00274142
0.000199678
0
0
0
1682191675.15702
msg_begin
7.75661e+06
-363716
0.662936
0.0087943
0.00903302
0.000456739
0
0
0
1682191675.20698
msg_begin
7.75661e+06
-363715
0.664314
0.0221361
0.0166787
0.00138673
0
0
0
1682191675.25685
msg_begin
7.75661e+06
-363715
0.665162
0.00577224
0.00468044
0.000407106
0
0
0
1682191675.30676
msg_begin
7.75661e+06
-363715
0.665552
1.02445e-08
2.91038e-09
3.77476e-15
0
0
0
1682191675.35704
msg_begin
7.75661e+06
-363715
0.66487
0.0028505
0.00463659
0.000236131
0
0
0
1682191675.40670
msg_begin
7.75661e+06
-363714
0.664032
0.0116897
0.00802117
0.00070885
0
0
0
1682191675.45628
msg_begin
7.75661e+06
-363714
0.663527
0.0092517
0.0110878
0.00070409
0
0
0
1682191675.50620
msg_begin
7.75661e+06
-363714
0.663737
0.00763797
0.00344493
0.000339576
0
0
0
1682191675.55620
msg_begin
7.75661e+06
-363714
0.662838
0.000266815
0.00563948
0.000115769
0
0
0
1682191675.60587
msg_begin
7.75661e+06
-363713
0.661935
0.0140727
0.00647287
0.000822167
0
0
0
1682191675.65576
msg_begin
7.75661e+06
-363713
0.663677
0.00183314
0.00012102
0.000135263
0
0
0
1682191675.70682
msg_begin
7.75661e+06
-363713
0.661606
0.00438322
0.00194411
0.000407551
0
0
0
1682191675.75555
msg_begin
7.75661e+06
-363713
0.657755
6.23986e-08
1.5134e-09
3.10862e-15
0
0
0
1682191675.80553
msg_begin
7.75661e+06
-363712
0.660246
0.00104141
0.00132445
7.3054e-05
0
0
0
1682191675.85540
msg_begin
7.75661e+06
-363712
0.662985
0.0025791
0.000378281
3.66236e-05
0
0
0
1682191675.90537
msg_begin
7.75661e+06
-363712
0.66146
0.00207123
0.000822671
0.000519663
0
0
0
1682191675.95536
msg_begin
7.75661e+06
-363711
0.662704
0.00343287
0.00705532
0.000229901
0
0
0
1682191676.00528
msg_begin
7.75661e+06
-363711
0.660778
0.00629649
0.00811246
0.000609146
0
0
0
1682191676.05524
msg_begin
7.75661e+06
-363711
0.661007
6.51926e-09
1.39698e-09
2.66454e-15
0
0
0
1682191676.10518
msg_begin
7.75661e+06
-363711
0.663623
0.00990118
0.0132264
0.000201474
0
0
0
1682191676.15517
msg_begin
7.75661e+06
-363710
0.66184
0.00720618
0.00665956
0.000440396
0
0
0
1682191676.20507
msg_begin
7.75661e+06
-363710
0.663707
0.000345116
0.000716004
0.000239991
0
0
0
1682191676.25500
msg_begin
7.75661e+06
-363710
0.66695
0.0183133
0.025937
0.000908385
0
0
0
1682191676.30500
msg_begin
7.75661e+06
-363710
0.668986
0.013119
0.0159379
0.000223446
0
0
0
1682191676.35495
msg_begin
7.75661e+06
-363710
0.672349
0.00451972
0.00449572
0.000670327
0
0
0
1682191676.40489
msg_begin
7.75661e+06
-363709
0.67276
0.0242044
0.0206307
0.00078205
0
0
0
1682191676.45490
msg_begin
7.75661e+06
-363709
0.672803
0.00855925
0.00814351
6.65949e-05
0
0
0
1682191676.50483
msg_begin
7.75661e+06
-363709
0.675843
0.00124001
0.00341104
1.29483e-05
0
0
0
1682191676.55477
msg_begin
7.75662e+06
-363709
0.672833
0.0116593
0.0113358
0.00184082
0
0
0
1682191676.60481
msg_begin
7.75662e+06
-363709
0.678273
7.82311e-08
1.57161e-09
1.11022e-16
0
0
0
1682191676.65472
msg_begin
7.75662e+06
-363708
0.678854
0.00381767
0.00856352
0.000339749
0
0
0
1682191676.70467
msg_begin
7.75662e+06
-363708
0.677413
0.0224513
0.0115489
0.000345975
0
0
0
1682191676.75546
msg_begin
7.75662e+06
-363708
0.676893
0.00110612
0.00019922
1.98527e-05
0
0
0
1682191676.80457
msg_begin
7.75662e+06
-363708
0.675412
0.0117258
0.00411825
0.000292315
0
0
0
1682191676.85460
msg_begin
7.75662e+06
-363707
0.675299
0.00271381
0.00363616
7.43186e-05
0
0
0
1682191676.90457
msg_begin
7.75662e+06
-363707
0.677829
0.00763624
0.000713032
0.000587588
0
0
0
1682191676.95522
msg_begin
7.75662e+06
-363707
0.676529
0.00532701
0.00442496
0.000527334
0
0
0
1682191677.00449
msg_begin
7.75662e+06
-363707
0.674057
7.63685e-08
2.2701e-09
2.22045e-16
0
0
0
1682191677.05448
msg_begin
7.75662e+06
-363706
0.670618
0.0029711
0.00331002
0.000339701
0
0
0
1682191677.10446
msg_begin
7.75662e+06
-363706
0.671894
4.88349e-06
0.00141803
1.16301e-05
0
0
0
1682191677.15510
msg_begin
7.75662e+06
-363706
0.672448
0.0285908
0.0244735
0.000435914
0
0
0
1682191677.20439
msg_begin
7.75662e+06
-363706
0.671732
0.012272
0.0123122
0.000410313
0
0
0
1682191677.25448
msg_begin
7.75662e+06
-363705
0.667656
8.01936e-05
0.000806888
7.01327e-05
0
0
0
1682191677.30449
msg_begin
7.75662e+06
-363705
0.667235
0.00232971
0.000308799
3.46668e-05
0
0
0
1682191677.35548
msg_begin
7.75662e+06
-363705
0.666044
2.80473e-05
0.00143862
5.33222e-05
0
0
0
1682191677.40451
msg_begin
7.75662e+06
-363704
0.667332
0.0254833
0.00488542
0.000519016
0
0
0
1682191677.45463
msg_begin
7.75662e+06
-363704
0.666927
0.00726788
0.00143704
0.00012772
0
0
0
1682191677.50467
msg_begin
7.75662e+06
-363704
0.669261
0.00425067
0.0107198
0.000575699
0
0
0
1682191677.55483
msg_begin
7.75662e+06
-363704
0.66834
0.00959826
0.0215517
0.000607424
0
0
0
1682191677.60478
msg_begin
7.75662e+06
-363703
0.667948
0.00116901
0.0012371
3.6224e-05
0
0
0
1682191677.65475
msg_begin
7.75662e+06
-363703
0.661874
6.51926e-09
5.82077e-11
2.44249e-15
0
0
0
1682191677.70585
msg_begin
7.75662e+06
-363703
0.663361
0.00105519
0.00207018
6.59398e-05
0
0
0
1682191677.75498
msg_begin
7.75662e+06
-363703
0.663526
0.0122911
0.0109088
0.0016335
0
0
0
1682191677.80503
msg_begin
7.75662e+06
-363702
0.664749
0.0124803
0.0148249
0.000606947
0
0
0
1682191677.85512
msg_begin
7.75662e+06
-363702
0.661728
0.0190785
0.00835506
0.000999735
0
0
0
1682191677.90524
msg_begin
7.75662e+06
-363702
0.661741
0.0176666
0.0189776
0.000788959
0
0
0
1682191677.95531
msg_begin
7.75662e+06
-363702
0.659863
0.00991414
0.00904194
0.000214136
0
0
0
1682191678.00542
msg_begin
7.75662e+06
-363701
0.661064
0.0265596
0.0188117
0.00113101
0
0
0
1682191678.05553
msg_begin
7.75662e+06
-363701
0.658632
0.00502477
0.000412377
0.000181476
0
0
0
1682191678.10561
msg_begin
7.75662e+06
-363701
0.66139
6.51926e-08
2.32831e-09
2.66454e-15
0
0
0
1682191678.15568
msg_begin
7.75662e+06
-363701
0.659325
0.00809139
0.00682217
0.000562047
0
0
0
1682191678.20577
msg_begin
7.75663e+06
-363701
0.660124
0.000900521
0.00641764
0.000200382
0
0
0
1682191678.25587
msg_begin
7.75663e+06
-363700
0.655569
0.00162476
0.00841918
0.000144197
0
0
0
1682191678.30593
msg_begin
7.75663e+06
-363700
0.654906
1.02445e-08
3.49246e-09
2.10942e-15
0
0
0
1682191678.35594
msg_begin
7.75663e+06
-363700
0.65486
0.000392463
7.6558e-05
1.87327e-06
0
0
0
1682191678.40597
msg_begin
7.75663e+06
-363700
0.6561
0.0034912
0.00392024
7.08218e-05
0
0
0
1682191678.45595
msg_begin
7.75663e+06
-363699
0.655959
0.0196011
0.0208485
0.000701814
0
0
0
1682191678.50596
msg_begin
7.75663e+06
-363699
0.656644
8.9407e-08
3.31784e-09
3.10862e-15
0
0
0
1682191678.55588
msg_begin
7.75663e+06
-363699
0.654734
0.0199755
0.00232133
0.00249457
0
0
0
1682191678.60588
msg_begin
7.75663e+06
-363698
0.651021
0.0262985
0.0234796
0.000401727
0
0
0
1682191678.65570
msg_begin
7.75663e+06
-363698
0.64925
0.000577655
0.00139942
5.71106e-06
0
0
0
1682191678.70565
msg_begin
7.75663e+06
-363698
0.649208
0.0214524
0.0150744
0.00100602
0
0
0
1682191678.75561
msg_begin
7.75663e+06
-363698
0.644833
0.010266
0.00231358
0.000393541
0
0
0
1682191678.80549
msg_begin
7.75663e+06
-363697
0.644928
0.0205078
0.0150463
5.53646e-07
0
0
0
1682191678.85540
msg_begin
7.75663e+06
-363697
0.644903
8.00937e-08
4.65661e-10
1.44329e-15
0
0
0
1682191678.90528
msg_begin
7.75663e+06
-363697
0.643913
0.0150024
0.0166105
0.002331
0
0
0
1682191678.95548
msg_begin
7.75663e+06
-363697
0.646264
0.00365966
0.00371291
0.000372891
0
0
0
1682191679.00511
msg_begin
7.75663e+06
-363696
0.642431
0.0186968
0.0133615
0.0014835
0
0
0
1682191679.05501
msg_begin
7.75663e+06
-363696
0.64689
1.21072e-08
1.45519e-09
4.44089e-16
0
0
0
1682191679.10496
msg_begin
7.75663e+06
-363696
0.645556
0.00168405
0.00134055
6.28722e-05
0
0
0
1682191679.15524
msg_begin
7.75663e+06
-363695
0.643278
0.0169658
0.0128513
0.00144229
0
0
0
1682191679.20483
msg_begin
7.75663e+06
-363695
0.646209
7.91624e-08
2.67755e-09
6.66134e-16
0
0
0
1682191679.25478
msg_begin
7.75663e+06
-363695
0.643842
0.0371459
0.0214085
0.00268707
0
0
0
1682191679.30470
msg_begin
7.75663e+06
-363695
0.645137
0.0101251
0.00744769
0.000557439
0
0
0
1682191679.35470
msg_begin
7.75663e+06
-363694
0.644915
0.00542235
0.00835201
0.000573904
0
0
0
1682191679.40453
msg_begin
7.75663e+06
-363694
0.644776
0.015538
0.00668413
0.000457847
0
0
0
1682191679.45445
msg_begin
7.75663e+06
-363694
0.646215
0.0103831
0.0061147
6.87687e-05
0
0
0
1682191679.50449
msg_begin
7.75663e+06
-363693
0.645122
0.00297052
0.00078912
2.28521e-05
0
0
0
1682191679.55534
msg_begin
7.75663e+06
-363693
0.646964
0.00705836
0.00382061
0.000180486
0
0
0
1682191679.60447
msg_begin
7.75664e+06
-363693
0.64573
0.00231548
0.002084
1.08674e-05
0
0
0
1682191679.65441
msg_begin
7.75664e+06
-363692
0.645622
0.012695
0.0101023
0.00120276
0
0
0
1682191679.75558
msg_begin
7.75664e+06
-363692
0.644184
0.0171157
0.0144081
0.000988738
0
0
0
1682191679.80455
msg_begin
7.75664e+06
-363692
0.640847
0.0358144
0.0275113
0.00187817
0
0
0
1682191679.85460
msg_begin
7.75664e+06
-363692
0.641501
0.0086242
0.00207549
0.000919772
0
0
0
1682191679.90473
msg_begin
7.75664e+06
-363691
0.64049
0.00282826
0.00239879
0.000578442
0
0
0
1682191679.95602
msg_begin
7.75664e+06
-363691
0.642518
2.79397e-08
2.2701e-09
1.22125e-15
0
0
0
1682191680.00466
msg_begin
7.75664e+06
-363691
0.6416
1.49012e-08
3.14321e-09
1.11022e-15
0
0
0
1682191680.05465
msg_begin
7.75664e+06
-363691
0.641915
0.000198118
0.00115859
7.44166e-05
0
0
0
1682191680.10473
msg_begin
7.75664e+06
-363690
0.640621
0.0298665
0.0273808
0.0002246
0
0
0
1682191680.15461
msg_begin
7.75664e+06
-363690
0.640512
0.00797428
0.00717098
0.000178624
0
0
0
1682191680.20456
msg_begin
7.75664e+06
-363690
0.641006
0.00184509
0.00123865
0.000565755
0
0
0
1682191680.25459
msg_begin
7.75664e+06
-363690
0.641021
0.0014171
0.00130339
0.000253727
0
0
0
1682191680.30453
msg_begin
7.75664e+06
-363689
0.641658
0.0023793
0.000693695
0.000357548
0
0
0
1682191680.35563
msg_begin
7.75664e+06
-363689
0.640946
9.31323e-09
3.49246e-10
2.9976e-15
0
0
0
1682191680.40439
msg_begin
7.75664e+06
-363689
0.637194
0.0114601
0.00620988
0.000732781
0
0
0
1682191680.45440
msg_begin
7.75664e+06
-363689
0.636237
0.00842289
0.000378858
3.09327e-05
0
0
0
1682191680.50452
msg_begin
7.75664e+06
-363688
0.635132
0.0218742
0.0160812
0.000443589
0
0
0
1682191680.55433
msg_begin
7.75664e+06
-363688
0.635916
0.0203865
0.0152367
0.000517932
0
0
0
1682191680.60427
msg_begin
7.75664e+06
-363688
0.636683
9.03383e-08
2.61934e-09
1.88738e-15
0
0
0
1682191680.65427
msg_begin
7.75664e+06
-363688
0.633011
0.00464556
0.00356118
0.000623488
0
0
0
1682191680.70427
msg_begin
7.75664e+06
-363687
0.634291
0.000569955
0.000393856
6.34594e-05
0
0
0
1682191680.75436
msg_begin
7.75664e+06
-363687
0.636648
6.51926e-09
2.91038e-10
1.44329e-15
0
0
0
1682191680.80425
msg_begin
7.75664e+06
-363687
0.636056
0.0018231
0.00101579
4.82253e-05
0
0
0
1682191680.85424
msg_begin
7.75664e+06
-363686
0.638793
0.02005
0.019092
0.00107614
0
0
0
1682191680.90422
msg_begin
7.75664e+06
-363686
0.636104
7.72998e-08
1.22236e-09
4.44089e-16
0
0
0
1682191680.95422
msg_begin
7.75664e+06
-363686
0.635649
0.000895045
0.00221546
0.000528666
0
0
0
1682191681.00421
msg_begin
7.75664e+06
-363686
0.635126
5.58794e-08
1.16415e-10
1.44329e-15
0
0
0
1682191681.05418
msg_begin
7.75664e+06
-363685
0.638294
0.00232688
0.00176142
4.9717e-05
0
0
0
1682191681.10422
msg_begin
7.75665e+06
-363685
0.635172
7.45058e-09
1.74623e-10
9.99201e-16
0
0
0
1682191681.15421
msg_begin
7.75665e+06
-363685
0.637433
0.00373288
0.00401462
0.000797882
0
0
0
1682191681.20414
msg_begin
7.75665e+06
-363685
0.637791
0.00631574
0.0059857
9.46199e-05
0
0
0
1682191681.25410
msg_begin
7.75665e+06
-363684
0.636998
0.00415901
0.00220856
0.000264878
0
0
0
1682191681.30403
msg_begin
7.75665e+06
-363684
0.636528
0.00897473
0.00727468
0.000227686
0
0
0
1682191681.35390
msg_begin
7.75665e+06
-363684
0.635192
0.0113293
0.0107945
0.000829818
0
0
0
1682191681.40388
msg_begin
7.75665e+06
-363684
0.635405
0.00799655
0.00502021
0.000238525
0
0
0
1682191681.45385
msg_begin
7.75665e+06
-363683
0.634596
0.00528936
0.00264986
0.000896387
0
0
0
1682191681.50376
msg_begin
7.75665e+06
-363683
0.635386
0.026391
0.0188256
0.00178168
0
0
0
1682191681.55374
msg_begin
7.75665e+06
-363683
0.635772
0.000744287
0.000459675
4.04695e-05
0
0
0
1682191681.60366
msg_begin
7.75665e+06
-363683
0.630874
0.00252533
0.00456549
0.000700874
0
0
0
1682191681.65362
msg_begin
7.75665e+06
-363682
0.627885
0.00688262
0.00666808
0.00115445
0
0
0
1682191681.70359
msg_begin
7.75665e+06
-363682
0.628998
0.00377175
0.0013293
0.000124856
0
0
0
1682191681.75477
msg_begin
7.75665e+06
-363682
0.629362
0.00344505
0.00381011
0.000590078
0
0
0
1682191681.80353
msg_begin
7.75665e+06
-363682
0.629275
0.0476156
0.0176074
2.64798e-05
0
0
0
1682191681.85352
msg_begin
7.75665e+06
-363681
0.6306
0.0026231
0.0103982
0.000246352
0
0
0
1682191681.90347
msg_begin
7.75665e+06
-363681
0.630778
0.014681
0.0226033
0.000937435
0
0
0
1682191681.95402
msg_begin
7.75665e+06
-363681
0.629534
0.0039614
0.0120743
0.000271806
0
0
0
1682191682.00339
msg_begin
7.75665e+06
-363681
0.628449
0.00716698
0.00991281
0.000462421
0
0
0
1682191682.05332
msg_begin
7.75665e+06
-363680
0.628306
5.68107e-08
2.32831e-09
1.77636e-15
0
0
0
1682191682.10329
msg_begin
7.75665e+06
-363680
0.627515
0.00428773
0.000686618
0.000408346
0
0
0
1682191682.15398
msg_begin
7.75665e+06
-363680
0.628666
0.00760338
0.00967267
0.000229819
0
0
0
1682191682.20332
msg_begin
7.75665e+06
-363679
0.629146
1.95578e-08
9.8953e-10
1.55431e-15
0
0
0
1682191682.25341
msg_begin
7.75665e+06
-363679
0.623966
7.63685e-08
2.38651e-09
2.77556e-15
0
0
0
1682191682.30343
msg_begin
7.75665e+06
-363679
0.624139
0.0042885
0.000666454
0.00038912
0
0
0
1682191682.35374
msg_begin
7.75665e+06
-363679
0.622662
9.31323e-10
1.57161e-09
2.88658e-15
0
0
0
1682191682.40353
msg_begin
7.75665e+06
-363678
0.617741
0.00447648
0.00261942
0.000602399
0
0
0
1682191682.45351
msg_begin
7.75665e+06
-363678
0.618381
0.0012511
0.000405924
6.03228e-05
0
0
0
1682191682.50360
msg_begin
7.75666e+06
-363678
0.612732
0.00946428
0.0049033
0.000866684
0
0
0
1682191682.55502
msg_begin
7.75666e+06
-363677
0.612277
5.86733e-08
1.74623e-09
1.88738e-15
0
0
0
1682191682.60364
msg_begin
7.75666e+06
-363677
0.611988
0.0157775
0.00867723
0.00127352
0
0
0
1682191682.65371
msg_begin
7.75666e+06
-363677
0.608892
5.86733e-08
4.07454e-10
3.44169e-15
0
0
0
1682191682.70378
msg_begin
7.75666e+06
-363677
0.609626
0.00122398
0.000937077
0.000184708
0
0
0
1682191682.75378
msg_begin
7.75666e+06
-363676
0.609151
0.00371963
0.00365534
0.000134203
0
0
0
1682191682.80377
msg_begin
7.75666e+06
-363676
0.607662
0.00344186
0.00236274
9.82631e-05
0
0
0
1682191682.85387
msg_begin
7.75666e+06
-363676
0.601675
2.04891e-08
1.74623e-10
3.66374e-15
0
0
0
1682191682.90383
msg_begin
7.75666e+06
-363675
0.600953
0.00197668
0.00435834
0.000103392
0
0
0
1682191682.95396
msg_begin
7.75666e+06
-363675
0.598902
0.00854772
0.00141059
0.000748475
0
0
0
1682191683.00394
msg_begin
7.75666e+06
-363675
0.598401
0.0149367
0.00113178
0.000611506
0
0
0
1682191683.05399
msg_begin
7.75666e+06
-363675
0.5922
0.000662284
0.000134359
0.000322944
0
0
0
1682191683.10400
msg_begin
7.75666e+06
-363675
0.588487
0.00346872
0.00391372
0.000583631
0
0
0
1682191683.15399
msg_begin
7.75666e+06
-363674
0.584558
0.00386597
0.000813762
0.000103494
0
0
0
1682191683.20402
msg_begin
7.75666e+06
-363674
0.581365
7.35745e-08
5.23869e-10
1.9984e-15
0
0
0
1682191683.25405
msg_begin
7.75666e+06
-363674
0.58453
4.00469e-08
5.82077e-11
5.88418e-15
0
0
0
1682191683.30410
msg_begin
7.75666e+06
-363674
0.582151
0.0100918
0.00438304
0.000570608
0
0
0
1682191683.35408
msg_begin
7.75666e+06
-363673
0.579321
0.0490232
0.025944
0.000366058
0
0
0
1682191683.40411
msg_begin
7.75666e+06
-363673
0.575283
0.00904425
0.0112805
0.000650566
0
0
0
1682191683.45424
msg_begin
7.75666e+06
-363673
0.573031
0.00179429
0.00240146
0.000292971
0
0
0
1682191683.50422
msg_begin
7.75666e+06
-363672
0.564887
0.0114401
0.0144868
0.000940185
0
0
0
1682191683.55422
msg_begin
7.75666e+06
-363672
0.561628
7.63685e-08
2.09548e-09
2.9976e-15
0
0
0
1682191683.60431
msg_begin
7.75666e+06
-363672
0.5631
5.58794e-09
3.89991e-09
3.9968e-15
0
0
0
1682191683.65429
msg_begin
7.75666e+06
-363672
0.560841
0.00130279
0.00125868
0.000245521
0
0
0
1682191683.70434
msg_begin
7.75666e+06
-363672
0.554215
0.0305078
0.0196299
0.000262654
0
0
0
1682191683.75571
msg_begin
7.75666e+06
-363671
0.548307
0.00699036
0.00613455
0.000211592
0
0
0
1682191683.80445
msg_begin
7.75666e+06
-363671
0.545621
0.00929714
0.0121919
0.00171122
0
0
0
1682191683.85454
msg_begin
7.75667e+06
-363671
0.543779
0.0303757
0.0136536
0.00220858
0
0
0
1682191683.90457
msg_begin
7.75667e+06
-363671
0.539764
6.51926e-09
6.98492e-10
1.44329e-15
0
0
0
1682191683.95497
msg_begin
7.75667e+06
-363671
0.53473
0.00165271
0.000872519
0.000183874
0
0
0
1682191684.00456
msg_begin
7.75667e+06
-363670
0.533767
3.72529e-09
2.15368e-09
4.44089e-15
0
0
0
1682191684.05456
msg_begin
7.75667e+06
-363670
0.527822
0.00293513
0.00575106
0.000455213
0
0
0
1682191684.10452
msg_begin
7.75667e+06
-363670
0.528326
0.0828111
0.0468867
0.000731319
0
0
0
1682191684.15469
msg_begin
7.75667e+06
-363670
0.526401
0.00316338
0.00220806
0.000113528
0
0
0
1682191684.20444
msg_begin
7.75667e+06
-363669
0.522673
7.26432e-08
1.57161e-09
6.66134e-16
0
0
0
1682191684.25440
msg_begin
7.75667e+06
-363669
0.51329
6.98492e-08
4.07454e-10
8.88178e-16
0
0
0
1682191684.30437
msg_begin
7.75667e+06
-363669
0.507286
0.000345716
0.00101205
3.40842e-05
0
0
0
1682191684.35457
msg_begin
7.75667e+06
-363669
0.505635
0.00743587
0.00526229
0.000536189
0
0
0
1682191684.40439
msg_begin
7.75667e+06
-363668
0.503494
0.00343015
0.0004378
9.14925e-05
0
0
0
1682191684.45445
msg_begin
7.75667e+06
-363668
0.497798
0.0239466
0.0143723
0.00184606
0
0
0
1682191684.50442
msg_begin
7.75667e+06
-363668
0.491128
0.0174099
0.00811868
0.000571908
0
0
0
1682191684.55491
msg_begin
7.75667e+06
-363668
0.485975
5.96046e-08
3.7835e-09
1.05471e-15
0
0
0
1682191684.60446
msg_begin
7.75667e+06
-363668
0.478832
0.0056499
0.00152921
0.000730472
0
0
0
1682191684.65456
msg_begin
7.75667e+06
-363667
0.474158
0.0079011
0.00730831
0.00136676
0
0
0
1682191684.70451
msg_begin
7.75667e+06
-363667
0.473063
0.0024907
0.000264248
4.87193e-05
0
0
0
1682191684.75450
msg_begin
7.75667e+06
-363667
0.47128
0.0401634
0.0312782
0.000893308
0
0
0
1682191684.80448
msg_begin
7.75667e+06
-363667
0.468312
0.00221328
5.85828e-05
7.97095e-05
0
0
0
1682191684.85452
msg_begin
7.75667e+06
-363667
0.466169
0.00301817
0.00350178
8.89273e-05
0
0
0
1682191684.90449
msg_begin
7.75667e+06
-363667
0.463673
2.79397e-09
9.31323e-10
3.33067e-15
0
0
0
1682191684.95444
msg_begin
7.75667e+06
-363666
0.457847
1.58325e-08
2.32831e-10
6.10623e-16
0
0
0
1682191685.00451
msg_begin
7.75667e+06
-363666
0.458142
8.56817e-08
1.97906e-09
9.99201e-16
0
0
0
1682191685.05451
msg_begin
7.75667e+06
-363666
0.452394
0.0172969
0.00776781
0.00158264
0
0
0
1682191685.10449
msg_begin
7.75667e+06
-363666
0.451592
0.00828153
0.0113736
0.000469316
0
0
0
1682191685.15454
msg_begin
7.75667e+06
-363666
0.442056
0.00914667
0.0082834
0.0014832
0
0
0
1682191685.20451
msg_begin
7.75667e+06
-363666
0.440655
0.0150927
0.00719483
0.000204171
0
0
0
1682191685.25456
msg_begin
7.75667e+06
-363665
0.437741
0.0480624
0.0264863
0.00113922
0
0
0
1682191685.30449
msg_begin
7.75668e+06
-363665
0.435485
1.21072e-08
2.91038e-10
5.55112e-17
0
0
0
1682191685.35453
msg_begin
7.75668e+06
-363665
0.432185
0.0837254
0.048202
0.0019995
0
0
0
1682191685.40445
msg_begin
7.75668e+06
-363665
0.428078
0.0025392
0.00102909
2.01486e-05
0
0
0
1682191685.45436
msg_begin
7.75668e+06
-363665
0.42824
0.0422307
0.0197287
0.00142038
0
0
0
1682191685.50426
msg_begin
7.75668e+06
-363665
0.425508
0.000740883
0.000139033
8.9721e-05
0
0
0
1682191685.55419
msg_begin
7.75668e+06
-363665
0.423234
6.98492e-08
2.2701e-09
2.55351e-15
0
0
0
1682191685.60404
msg_begin
7.75668e+06
-363664
0.415313
1.76951e-08
3.95812e-09
1.9984e-15
0
0
0
1682191685.65401
msg_begin
7.75668e+06
-363664
0.412509
0.0129263
0.00421064
0.000942086
0
0
0
1682191685.70393
msg_begin
7.75668e+06
-363664
0.410265
2.79397e-08
3.49246e-10
6.66134e-16
0
0
0
1682191685.75507
msg_begin
7.75668e+06
-363664
0.409609
8.10251e-08
2.32831e-10
8.88178e-16
0
0
0
1682191685.80378
msg_begin
7.75668e+06
-363664
0.40539
0.000453585
0.000110415
2.91367e-05
0
0
0
1682191685.85377
msg_begin
7.75668e+06
-363663
0.398862
0.00846659
0.00811323
0.000673805
0
0
0
1682191685.90374
msg_begin
7.75668e+06
-363663
0.395052
2.79397e-09
5.82077e-10
1.66533e-15
0
0
0
1682191685.95473
msg_begin
7.75668e+06
-363663
0.393111
0.00336343
0.00154403
0.000157022
0
0
0
1682191686.00364
msg_begin
7.75668e+06
-363663
0.393354
7.45058e-08
2.79397e-09
5.55112e-16
0
0
0
1682191686.05361
msg_begin
7.75668e+06
-363663
0.387366
0.00379315
0.00451095
7.69754e-05
0
0
0
1682191686.10372
msg_begin
7.75668e+06
-363663
0.380994
0.0101694
0.00453035
0.000968446
0
0
0
1682191686.15450
msg_begin
7.75668e+06
-363662
0.379998
6.51926e-08
2.73576e-09
6.10623e-16
0
0
0
1682191686.20357
msg_begin
7.75668e+06
-363662
0.37735
0.012242
0.0146531
0.00111064
0
0
0
1682191686.25356
msg_begin
7.75668e+06
-363662
0.379188
0.0091999
0.00676768
0.0023022
0
0
0
1682191686.30361
msg_begin
7.75668e+06
-363662
0.378926
0.0111977
0.007635
0.000992753
0
0
0
1682191686.35421
msg_begin
7.75668e+06
-363662
0.368395
0.0186605
0.00671113
0.000264346
0
0
0
1682191686.40342
msg_begin
7.75668e+06
-363662
0.358578
0.0147778
0.00337737
0.000618958
0
0
0
1682191686.45337
msg_begin
7.75668e+06
-363661
0.35108
4.04235e-05
0.000416332
9.40036e-06
0
0
0
1682191686.50333
msg_begin
7.75668e+06
-363661
0.350082
0.0012758
0.00257193
0.00030767
0
0
0
1682191686.55393
msg_begin
7.75668e+06
-363661
0.348094
5.7742e-08
2.91038e-10
1.05471e-15
0
0
0
1682191686.60316
msg_begin
7.75668e+06
-363661
0.343733
6.23986e-08
2.91038e-10
3.21965e-15
0
0
0
1682191686.65314
msg_begin
7.75669e+06
-363661
0.340182
0.0292062
0.0135966
0.00164292
0
0
0
1682191686.70308
msg_begin
7.75669e+06
-363661
0.333886
0.0147727
0.00520026
0.000250055
0
0
0
1682191686.75301
msg_begin
7.75669e+06
-363661
0.33332
8.10251e-08
2.61934e-09
1.77636e-15
0
0
0
1682191686.80304
msg_begin
7.75669e+06
-363660
0.329334
0.0118204
0.00360097
0.000736634
0
0
0
1682191686.85298
msg_begin
7.75669e+06
-363660
0.328061
0.000423885
6.9496e-05
0.000228992
0
0
0
1682191686.90299
msg_begin
7.75669e+06
-363660
0.323372
0.0006785
0.00107061
5.89751e-05
0
0
0
1682191686.95300
msg_begin
7.75669e+06
-363660
0.321587
6.51926e-09
3.08501e-09
2.55351e-15
0
0
0
1682191687.00299
msg_begin
7.75669e+06
-363660
0.314452
0.0134935
0.00430903
0.000484291
0
0
0
1682191687.05301
msg_begin
7.75669e+06
-363660
0.308916
0.030292
0.0078215
0.00172815
0
0
0
1682191687.10307
msg_begin
7.75669e+06
-363659
0.304959
0.00616687
0.00222951
0.000296418
0
0
0
1682191687.15303
msg_begin
7.75669e+06
-363659
0.303388
0.00127713
0.000526766
0.00029553
0
0
0
1682191687.20309
msg_begin
7.75669e+06
-363659
0.297826
0.032349
0.014213
0.0022219
0
0
0
1682191687.25314
msg_begin
7.75669e+06
-363659
0.295596
6.51926e-08
2.85218e-09
8.32667e-16
0
0
0
1682191687.30312
msg_begin
7.75669e+06
-363659
0.28886
0.0276107
0.00304376
0.00134153
0
0
0
1682191687.35314
msg_begin
7.75669e+06
-363659
0.28742
2.32831e-08
4.65661e-10
1.88738e-15
0
0
0
1682191687.40318
msg_begin
7.75669e+06
-363659
0.284964
0.0597272
0.0193795
0.000623987
0
0
0
1682191687.45318
msg_begin
7.75669e+06
-363658
0.274946
1.86265e-09
2.32831e-10
2.77556e-15
0
0
0
1682191687.50370
msg_begin
7.75669e+06
-363658
0.272779
0.0153039
0.00547608
0.00210416
0
0
0
1682191687.55329
msg_begin
7.75669e+06
-363658
0.270543
0.0710947
0.0221999
0.00104277
0
0
0
1682191687.60328
msg_begin
7.75669e+06
-363658
0.267385
5.68107e-08
1.16415e-10
1.77636e-15
0
0
0
1682191687.65327
msg_begin
7.75669e+06
-363658
0.266388
0.00897254
0.00218807
0.000457204
0
0
0
1682191687.70335
msg_begin
7.75669e+06
-363658
0.262157
0.0147347
0.00510404
0.000310432
0
0
0
1682191687.75440
msg_begin
7.75669e+06
-363658
0.257395
0.00866587
0.00481368
0.000791478
0
0
0
1682191687.80328
msg_begin
7.7567e+06
-363658
0.257087
0.00154561
0.00182623
0.000322185
0
0
0
1682191687.85321
msg_begin
7.7567e+06
-363658
0.251925
0.00121559
0.00125765
0.000219138
0
0
0
1682191687.90326
msg_begin
7.7567e+06
-363657
0.248106
2.42144e-08
5.82077e-10
2.94209e-15
0
0
0
1682191687.95451
msg_begin
7.7567e+06
-363657
0.242705
0.0212804
0.00334599
0.0018809
0
0
0
1682191688.00316
msg_begin
7.7567e+06
-363657
0.240936
0.00543149
0.0022387
0.000193256
0
0
0
1682191688.05317
msg_begin
7.7567e+06
-363657
0.234521
0.000208652
0.000778527
1.06175e-05
0
0
0
1682191688.10308
msg_begin
7.7567e+06
-363657
0.231063
0.00172389
0.00169329
0.000165397
0
0
0
1682191688.15390
msg_begin
7.7567e+06
-363657
0.22886
7.26432e-08
4.07454e-10
1.05471e-15
0
0
0
1682191688.21072
msg_begin
7.7567e+06
-363657
0.225468
0.00314802
0.00160072
0.000147245
0
0
0
1682191688.25296
msg_begin
7.7567e+06
-363657
0.220123
7.26432e-08
2.56114e-09
3.60822e-16
0
0
0
1682191688.30292
msg_begin
7.7567e+06
-363657
0.219165
0.0116379
0.00178638
0.000288036
0
0
0
1682191688.35348
msg_begin
7.7567e+06
-363656
0.214802
0.0492826
0.0138615
0.00035245
0
0
0
1682191688.40280
msg_begin
7.7567e+06
-363656
0.209237
0.00205657
0.00222774
0.000323105
0
0
0
1682191688.45276
msg_begin
7.7567e+06
-363656
0.204255
0.00488979
0.00123319
0.000801767
0
0
0
1682191688.50276
msg_begin
7.7567e+06
-363656
0.201256
0.0355361
0.0168543
0.000759583
0
0
0
1682191688.55374
msg_begin
7.7567e+06
-363656
0.198683
0.00655665
0.00419358
0.000424458
0
0
0
1682191688.60266
msg_begin
7.7567e+06
-363656
0.191511
4.84288e-08
2.56114e-09
8.60423e-16
0
0
0
1682191688.65263
msg_begin
7.7567e+06
-363656
0.187762
0.000726054
0.000661654
8.91222e-05
0
0
0
1682191688.70261
msg_begin
7.7567e+06
-363656
0.182149
0.000662843
0.000610899
0.000544623
0
0
0
1682191688.75256
msg_begin
7.7567e+06
-363656
0.178768
0.00069196
0.00044896
7.52944e-05
0
0
0
1682191688.80256
msg_begin
7.7567e+06
-363656
0.17874
0.00171713
0.000376619
3.60525e-05
0
0
0
1682191688.85261
msg_begin
7.7567e+06
-363656
0.167481
2.04891e-08
8.14907e-10
1.88738e-15
0
0
0
1682191688.90318
msg_begin
7.7567e+06
-363655
0.164333
0.0316845
0.00327052
0.000658891
0
0
0
1682191688.95258
msg_begin
7.75671e+06
-363655
0.158331
0.033731
0.00407017
0.000619241
0
0
0
1682191689.00260
msg_begin
7.75671e+06
-363655
0.157122
2.79397e-09
1.16415e-10
2.77556e-16
0
0
0
1682191689.05254
msg_begin
7.75671e+06
-363655
0.158314
2.79397e-09
4.07454e-10
3.33067e-16
0
0
0
1682191689.10303
msg_begin
7.75671e+06
-363655
0.1546
0.0368621
0.00291222
0.00511582
0
0
0
1682191689.15257
msg_begin
7.75671e+06
-363655
0.14552
2.42144e-08
1.74623e-10
1.38778e-16
0
0
0
1682191689.20255
msg_begin
7.75671e+06
-363655
0.14282
0.0175319
0.0108372
0.00111462
0
0
0
1682191689.25256
msg_begin
7.75671e+06
-363655
0.137784
0.00732935
0.00309065
0.000353645
0
0
0
1682191689.30295
msg_begin
7.75671e+06
-363655
0.133876
0.000536295
0.000724575
3.80741e-05
0
0
0
1682191689.35256
msg_begin
7.75671e+06
-363655
0.131575
0.0142049
0.00290097
0.000235991
0
0
0
1682191689.40254
msg_begin
7.75671e+06
-363655
0.125052
0.0028122
0.00368832
0.000373117
0
0
0
1682191689.45257
msg_begin
7.75671e+06
-363655
0.121928
0.0025091
0.00261357
0.000457564
0
0
0
1682191689.50310
msg_begin
7.75671e+06
-363655
0.121336
0.00608762
0.00122644
0.000739439
0
0
0
1682191689.55243
msg_begin
7.75671e+06
-363655
0.118173
5.40167e-08
1.04774e-09
2.91434e-16
0
0
0
1682191689.60240
msg_begin
7.75671e+06
-363654
0.112024
0.00294669
0.00332033
0.000127757
0
0
0
1682191689.65240
msg_begin
7.75671e+06
-363654
0.108627
0.0195363
0.00694241
0.00106081
0
0
0
1682191689.70240
msg_begin
7.75671e+06
-363654
0.101069
0.00199215
0.000223047
3.20464e-05
0
0
0
1682191689.75300
msg_begin
7.75671e+06
-363654
0.098912
0.00473634
0.0102844
0.00049827
0
0
0
1682191689.80239
msg_begin
7.75671e+06
-363654
0.0943089
1.49012e-08
2.32831e-10
4.996e-16
0
0
0
1682191689.85236
msg_begin
7.75671e+06
-363654
0.0882367
0.0044591
0.00049304
0.000267129
0
0
0
1682191689.90230
msg_begin
7.75671e+06
-363654
0.0856051
0.0070965
0.00109378
0.000151507
0
0
0
1682191689.95281
msg_begin
7.75671e+06
-363654
0.0826247
0.0109744
0.00979497
0.000436749
0
0
0
1682191690.00231
msg_begin
7.75671e+06
-363654
0.0789275
1.86265e-08
1.62981e-09
8.88178e-16
0
0
0
1682191690.05233
msg_begin
7.75671e+06
-363654
0.0697532
0.0153856
0.0113007
0.00301539
0
0
0
1682191690.10236
msg_begin
7.75671e+06
-363654
0.0668653
0.00604804
0.000981384
6.83673e-05
0
0
0
1682191690.15335
msg_begin
7.75672e+06
-363654
0.0636693
0.0398541
0.00288841
0.00337592
0
0
0
1682191690.20227
msg_begin
7.75672e+06
-363654
0.0651355
0.0349454
0.00155285
0.00154249
0
0
0
1682191690.25224
msg_begin
7.75672e+06
-363654
0.0584013
0.00531608
0.000855069
0.000166246
0
0
0
1682191690.30225
msg_begin
7.75672e+06
-363654
0.0544391
0.0152922
0.00536521
0.00052758
0
0
0
1682191690.35334
msg_begin
7.75672e+06
-363654
0.046522
0.00214838
0.00211231
0.00128189
0
0
0
1682191690.45220
msg_begin
7.75672e+06
-363654
0.043336
0.0135105
0.00782443
0.000373491
0
0
0
1682191690.50220
msg_begin
7.75672e+06
-363654
0.0445248
0.00951619
0.00547362
0.000343726
0
0
0
1682191690.55288
msg_begin
7.75672e+06
-363654
0.032651
6.51926e-08
9.8953e-10
6.245e-17
0
0
0
1682191690.60208
msg_begin
7.75672e+06
-363654
0.0307858
0.00143618
0.00309813
0.000256554
0
0
0
1682191690.65204
msg_begin
7.75672e+06
-363654
0.0284168
0.00229324
0.00199382
0.000216671
0
0
0
1682191690.70206
msg_begin
7.75672e+06
-363654
0.0243292
0.011824
0.00248355
0.00050382
0
0
0
1682191690.75203
msg_begin
7.75672e+06
-363654
0.0196601
1.86265e-08
3.72529e-09
2.01228e-16
0
0
0
1682191690.80191
msg_begin
7.75672e+06
-363654
0.0160405
0.0187732
0.00277728
0.000960583
0
0
0
1682191690.85190
msg_begin
7.75672e+06
-363654
0.0103601
0.000322285
0.00239627
1.61883e-05
0
0
0
1682191690.90283
msg_begin
7.75672e+06
-363654
0.0107129
0.00403822
0.00146729
0.000244072
0
0
0
1682191690.95171
msg_begin
7.75672e+06
-363654
0.00520889
0.00770849
0.00344219
0.000804472
0
0
0
1682191691.00168
msg_begin
7.75672e+06
-363654
0.00360383
3.07336e-08
2.73576e-09
4.33681e-19
0
0
0
1682191691.05165
msg_begin
7.75672e+06
-363654
-0.00132009
1.49012e-08
7.567e-10
3.25261e-18
0
0
0
1682191691.10298
msg_begin
7.75672e+06
-363654
-0.00528421
0.0374289
0.00561777
0.00131711
0
0
0
1682191691.15166
msg_begin
7.75672e+06
-363654
-0.0124134
6.51926e-08
6.40284e-10
1.73472e-18
0
0
0
1682191691.20164
msg_begin
7.75672e+06
-363654
-0.0133828
0.0012128
0.00224859
0.000104252
0
0
0
1682191691.25170
msg_begin
7.75672e+06
-363654
-0.0137946
0.00526662
0.00355442
0.000169527
0
0
0
1682191691.30259
msg_begin
7.75672e+06
-363654
-0.0236183
7.91624e-08
1.16415e-09
8.32667e-17
0
0
0
1682191691.35166
msg_begin
7.75672e+06
-363654
-0.0261597
0.00794926
0.00263333
0.000380094
0
0
0
1682191691.40165
msg_begin
7.75673e+06
-363654
-0.0257533
0.0282607
0.00151145
0.000422888
0
0
0
1682191691.45166
msg_begin
7.75673e+06
-363654
-0.0276515
0.010047
0.00442792
0.000787804
0
0
0
1682191691.50180
msg_begin
7.75673e+06
-363654
-0.034402
0.00312274
0.0030604
0.000248269
0
0
0
1682191691.55165
msg_begin
7.75673e+06
-363654
-0.0422168
5.21541e-08
3.84171e-09
1.45717e-16
0
0
0
1682191691.60164
msg_begin
7.75673e+06
-363654
-0.0440699
0.00356145
0.00058027
8.95782e-05
0
0
0
1682191691.65159
msg_begin
7.75673e+06
-363654
-0.0457833
0.0200691
0.002659
0.000324788
0
0
0
1682191691.70164
msg_begin
7.75673e+06
-363654
-0.046093
0.00147059
0.00109788
6.69447e-05
0
0
0
1682191691.75257
msg_begin
7.75673e+06
-363654
-0.050988
0.00449343
0.000408575
0.000156866
0
0
0
1682191691.80165
msg_begin
7.75673e+06
-363654
-0.0577085
0.0252872
0.00316052
0.000840492
0
0
0
1682191691.85169
msg_begin
7.75673e+06
-363654
-0.0635712
4.74975e-08
3.25963e-09
7.07767e-16
0
0
0
1682191692.00162
msg_begin
7.75673e+06
-363654
-0.0666777
0.00930801
0.00752694
0.00062704
0
0
0
1682191692.05162
msg_begin
7.75673e+06
-363654
-0.0711713
0.000397503
0.000180292
8.86409e-05
0
0
0
1682191692.10162
msg_begin
7.75673e+06
-363654
-0.0749135
0.0369314
0.00572089
0.00167752
0
0
0
1682191692.15216
msg_begin
7.75673e+06
-363654
-0.0776201
0.00184724
0.00668775
0.000548923
0
0
0
1682191692.20161
msg_begin
7.75673e+06
-363654
-0.0820866
0.0167792
0.000916767
0.00107994
0
0
0
1682191692.25159
msg_begin
7.75673e+06
-363654
-0.087279
0.0149434
0.00291136
0.000780164
0
0
0
1682191692.30169
msg_begin
7.75673e+06
-363654
-0.0884653
0.0120875
0.00240984
0.000369984
0
0
0
1682191692.35172
msg_begin
7.75673e+06
-363654
-0.0891918
0.00549458
0.00033335
1.24105e-05
0
0
0
1682191692.40157
msg_begin
7.75673e+06
-363654
-0.0937045
1.95578e-08
3.60887e-09
9.71445e-17
0
0
0
1682191692.45156
msg_begin
7.75673e+06
-363654
-0.0998546
5.58794e-09
3.84171e-09
7.91034e-16
0
0
0
1682191692.50154
msg_begin
7.75673e+06
-363654
-0.0995644
0.00783892
0.00685009
0.000849415
0
0
0
1682191692.55191
msg_begin
7.75673e+06
-363654
-0.104401
1.76951e-08
1.39698e-09
1.52656e-15
0
0
0
1682191692.60137
msg_begin
7.75673e+06
-363654
-0.105445
0.018376
0.0053815
0.000173708
0
0
0
1682191692.65135
msg_begin
7.75673e+06
-363654
-0.104835
0.00064593
0.00048399
0.000204396
0
0
0
1682191692.70135
msg_begin
7.75673e+06
-363654
-0.108371
0.0141644
0.00357209
0.000503646
0
0
0
1682191692.75128
msg_begin
7.75674e+06
-363654
-0.109534
0.0223288
0.00113414
0.000829171
0
0
0
1682191692.80128
msg_begin
7.75674e+06
-363654
-0.109961
0.0154231
0.00347866
0.000423357
0
0
0
1682191692.85123
msg_begin
7.75674e+06
-363654
-0.112509
1.58325e-08
4.07454e-09
1.19349e-15
0
0
0
1682191692.90212
msg_begin
7.75674e+06
-363654
-0.111153
0.0192059
0.00214426
0.00095033
0
0
0
1682191692.95117
msg_begin
7.75674e+06
-363654
-0.114258
0.0019723
0.00180691
5.19275e-05
0
0
0
1682191693.00118
msg_begin
7.75674e+06
-363654
-0.115887
0.0135611
0.00434677
0.000411023
0
0
0
1682191693.05120
msg_begin
7.75674e+06
-363655
-0.113006
6.70552e-08
5.23869e-10
2.91434e-16
0
0
0
1682191693.10200
msg_begin
7.75674e+06
-363655
-0.119498
1.02445e-08
5.82077e-10
4.71845e-16
0
0
0
1682191693.15121
msg_begin
7.75674e+06
-363655
-0.122092
0.0036068
0.00357316
0.000515041
0
0
0
1682191693.20120
msg_begin
7.75674e+06
-363655
-0.121014
0.00465278
0.000235096
0.000227414
0
0
0
1682191693.25117
msg_begin
7.75674e+06
-363655
-0.123524
0.00765534
0.00445113
0.000510367
0
0
0
1682191693.30196
msg_begin
7.75674e+06
-363655
-0.1232
0.0148944
0.00329445
0.000453048
0
0
0
1682191693.35110
msg_begin
7.75674e+06
-363655
-0.122619
0.0439914
0.0054582
0.000998431
0
0
0
1682191693.40106
msg_begin
7.75674e+06
-363655
-0.124405
9.31323e-09
2.21189e-09
1.94289e-16
0
0
0
1682191693.45105
msg_begin
7.75674e+06
-363655
-0.12362
0.00628909
0.00347502
0.00072805
0
0
0
1682191693.50216
msg_begin
7.75674e+06
-363655
-0.123977
7.72998e-08
6.40284e-10
1.23512e-15
0
0
0
1682191693.55109
msg_begin
7.75674e+06
-363655
-0.122499
8.10251e-08
1.33878e-09
4.44089e-16
0
0
0
1682191693.60106
msg_begin
7.75674e+06
-363655
-0.125337
0.000903167
0.000115961
0.000468564
0
0
0
1682191693.70105
msg_begin
7.75674e+06
-363655
-0.126844
0.00147814
0.00214125
0.000202416
0
0
0
1682191693.85112
msg_begin
7.75674e+06
-363655
-0.130302
0.00359489
0.00145097
0.000203471
0
0
0
1682191693.90120
msg_begin
7.75674e+06
-363655
-0.132164
0.00431866
0.000655845
1.91374e-05
0
0
0
1682191694.00106
msg_begin
7.75674e+06
-363655
-0.130449
0.00660087
0.00202726
0.000219813
0
0
0
1682191694.05110
msg_begin
7.75675e+06
-363655
-0.131796
0.00527393
0.00122181
0.00018149
0
0
0
1682191694.10101
msg_begin
7.75675e+06
-363655
-0.131078
8.9407e-08
3.25963e-09
2.77556e-17
0
0
0
1682191694.20086
msg_begin
7.75675e+06
-363656
-0.131026
0.0681279
0.00940335
0.00144593
0
0
0
1682191694.35183
msg_begin
7.75675e+06
-363656
-0.130523
0.0217396
0.00422939
0.000205726
0
0
0
1682191694.45059
msg_begin
7.75675e+06
-363656
-0.130272
0.0135136
0.00127398
0.000296304
0
0
0
1682191694.55075
msg_begin
7.75675e+06
-363656
-0.133514
5.58794e-09
1.22236e-09
1.249e-15
0
0
0
1682191694.60048
msg_begin
7.75675e+06
-363656
-0.1348
0.0049941
0.00368172
0.000138663
0
0
0
1682191694.65039
msg_begin
7.75675e+06
-363656
-0.13728
0.0044122
0.00435329
7.76215e-05
0
0
0
1682191694.70041
msg_begin
7.75675e+06
-363656
-0.137055
0.00711551
0.00289159
0.000196475
0
0
0
1682191694.75043
msg_begin
7.75675e+06
-363656
-0.136253
0.0434005
0.007484
0.000556708
0
0
0
1682191694.80026
msg_begin
7.75675e+06
-363656
-0.135386
0.0597261
0.0051575
0.000910072
0
0
0
1682191694.85025
msg_begin
7.75675e+06
-363656
-0.138375
0.0247973
0.00145078
0.000260436
0
0
0
1682191694.90102
msg_begin
7.75675e+06
-363656
-0.13628
0.00201588
0.000778896
0.000201099
0
0
0
1682191694.95024
msg_begin
7.75675e+06
-363656
-0.135996
0.0018164
0.000629496
1.79139e-05
0
0
0
1682191695.00020
msg_begin
7.75675e+06
-363656
-0.13721
0.00228137
0.00488319
0.000464438
0
0
0
1682191695.05021
msg_begin
7.75675e+06
-363656
-0.140327
5.86733e-08
5.82077e-10
1.33227e-15
0
0
0
1682191695.10121
msg_begin
7.75675e+06
-363656
-0.143128
6.51926e-08
2.79397e-09
1.66533e-16
0
0
0
1682191695.15020
msg_begin
7.75675e+06
-363656
-0.143271
0.00547798
0.000419378
0.000425754
0
0
0
1682191695.20020
msg_begin
7.75675e+06
-363656
-0.143284
0.00954714
0.000340686
0.00115559
0
0
0
1682191695.25021
msg_begin
7.75675e+06
-363657
-0.13955
5.58794e-09
6.40284e-10
8.32667e-16
0
0
0
1682191695.30084
msg_begin
7.75676e+06
-363657
-0.141334
0.0303251
0.0164359
0.000309444
0
0
0
1682191695.35024
msg_begin
7.75676e+06
-363657
-0.146805
0.00928988
0.000671996
0.000250231
0
0
0
1682191695.40024
msg_begin
7.75676e+06
-363657
-0.146227
0.011357
0.00163829
0.000513985
0
0
0
1682191695.45030
msg_begin
7.75676e+06
-363657
-0.146229
7.82311e-08
1.04774e-09
6.93889e-16
0
0
0
1682191695.50130
msg_begin
7.75676e+06
-363657
-0.147412
0.00795801
0.00442062
0.000965415
0
0
0
1682191695.55025
msg_begin
7.75676e+06
-363657
-0.147338
0.00104469
0.0094842
3.13169e-05
0
0
0
1682191695.60030
msg_begin
7.75676e+06
-363657
-0.148444
0.00902276
0.0174396
0.00130965
0
0
0
1682191695.65024
msg_begin
7.75676e+06
-363657
-0.147302
0.000235706
0.00064925
1.72464e-05
0
0
0
1682191695.70023
msg_begin
7.75676e+06
-363657
-0.147538
4.19095e-08
1.57161e-09
8.04912e-16
0
0
0
1682191695.75018
msg_begin
7.75676e+06
-363657
-0.146267
1.76951e-08
7.567e-10
4.44089e-16
0
0
0
1682191695.80012
msg_begin
7.75676e+06
-363657
-0.14339
0.0182489
0.00458924
0.000743877
0
0
0
1682191695.85010
msg_begin
7.75676e+06
-363657
-0.142041
0.0346541
0.0152617
0.00169863
0
0
0
1682191695.90009
msg_begin
7.75676e+06
-363657
-0.144158
0.00316298
0.000403251
0.000385515
0
0
0
1682191696.00004
msg_begin
7.75676e+06
-363657
-0.14423
1.86265e-08
2.85218e-09
2.22045e-16
0
0
0
1682191696.05004
msg_begin
7.75676e+06
-363658
-0.144485
0.025528
0.00161865
0.000982778
0
0
0
1682191696.10004
msg_begin
7.75676e+06
-363658
-0.1438
0.0368102
0.0107561
0.00060008
0
0
0
1682191696.15006
msg_begin
7.75676e+06
-363658
-0.142769
0.0387977
0.0142535
0.00127451
0
0
0
1682191696.20006
msg_begin
7.75676e+06
-363658
-0.144239
0.00122191
0.000101198
7.87478e-05
0
0
0
1682191696.24998
msg_begin
7.75676e+06
-363658
-0.142285
0.00815601
4.94356e-05
0.000435696
0
0
0
1682191696.29998
msg_begin
7.75676e+06
-363658
-0.140918
0.00893515
0.00493744
0.00198165
0
0
0
1682191696.34992
msg_begin
7.75676e+06
-363658
-0.139781
0.000214809
0.000121057
5.98342e-05
0
0
0
1682191696.40001
msg_begin
7.75677e+06
-363658
-0.136739
7.45058e-09
2.09548e-09
7.77156e-16
0
0
0
1682191696.45005
msg_begin
7.75677e+06
-363658
-0.135372
0.0696865
0.0142059
0.000701197
0
0
0
1682191696.49994
msg_begin
7.75677e+06
-363658
-0.134951
7.91624e-08
3.20142e-09
1.38778e-16
0
0
0
1682191696.54997
msg_begin
7.75677e+06
-363658
-0.133846
0.0680089
0.0139445
0.00116571
0
0
0
1682191696.59996
msg_begin
7.75677e+06
-363658
-0.133059
0.0242148
0.00256105
0.000198113
0
0
0
1682191696.64989
msg_begin
7.75677e+06
-363658
-0.134521
0.0488101
0.00625074
0.00111084
0
0
0
1682191696.69985
msg_begin
7.75677e+06
-363658
-0.133208
0.0309266
0.00664867
0.000237238
0
0
0
1682191696.74990
msg_begin
7.75677e+06
-363658
-0.133973
0.0141714
0.0128176
0.000872765
0
0
0
1682191696.79981
msg_begin
7.75677e+06
-363658
-0.131341
0.00854499
0.00269827
0.000715991
0
0
0
1682191696.84989
msg_begin
7.75677e+06
-363658
-0.132291
0.000786084
0.000810233
4.64921e-05
0
0
0
1682191696.90059
msg_begin
7.75677e+06
-363658
-0.133061
0.00176533
0.0011418
0.000256042
0
0
0
1682191696.94968
msg_begin
7.75677e+06
-363659
-0.13119
0.00778309
0.00170639
0.000138682
0
0
0
1682191696.99953
msg_begin
7.75677e+06
-363659
-0.130111
0.0114606
0.00523753
0.000742149
0
0
0
1682191697.04946
msg_begin
7.75677e+06
-363659
-0.132658
0.00469146
0.00241511
0.00144744
0
0
0
1682191697.10018
msg_begin
7.75677e+06
-363659
-0.130438
0.00964598
0.00420548
0.00111409
0
0
0
1682191697.14942
msg_begin
7.75677e+06
-363659
-0.127525
0.0170227
0.00263183
0.000663954
0
0
0
1682191697.19936
msg_begin
7.75677e+06
-363659
-0.12885
6.79865e-08
2.38651e-09
1.66533e-16
0
0
0
1682191697.24937
msg_begin
7.75677e+06
-363659
-0.132632
5.58794e-09
2.73576e-09
1.08247e-15
0
0
0
1682191697.29963
msg_begin
7.75677e+06
-363659
-0.13453
0.0083087
0.0061544
0.000323405
0
0
0
1682191697.34926
msg_begin
7.75677e+06
-363659
-0.129785
0.0135487
0.00214763
0.000375958
0
0
0
1682191697.39933
msg_begin
7.75677e+06
-363659
-0.129581
0.00123848
0.00525441
0.000305844
0
0
0
1682191697.44927
msg_begin
7.75678e+06
-363659
-0.130033
0.0102515
0.000184972
7.01729e-05
0
0
0
1682191697.49955
msg_begin
7.75678e+06
-363659
-0.129639
0.00121325
0.000797703
0.00011995
0
0
0
1682191697.54935
msg_begin
7.75678e+06
-363659
-0.130285
0.0144444
0.00542105
0.00115756
0
0
0
1682191697.59925
msg_begin
7.75678e+06
-363659
-0.129609
0.00153458
0.000134701
6.09739e-05
0
0
0
1682191697.64922
msg_begin
7.75678e+06
-363659
-0.131406
0.0107343
0.00201181
0.000461376
0
0
0
1682191697.69915
msg_begin
7.75678e+06
-363659
-0.129824
0.00288167
0.00310237
0.000235684
0
0
0
1682191697.74915
msg_begin
7.75678e+06
-363659
-0.128905
0.00343251
0.00619661
0.000690987
0
0
0
1682191697.79915
msg_begin
7.75678e+06
-363660
-0.129071
0.00485645
0.000671804
0.000370338
0
0
0
1682191697.84912
msg_begin
7.75678e+06
-363660
-0.127483
0.00387096
0.00257147
0.000220686
0
0
0
1682191697.89908
msg_begin
7.75678e+06
-363660
-0.125823
0.0116867
0.00037652
0.000369424
0
0
0
1682191697.94908
msg_begin
7.75678e+06
-363660
-0.129482
0.00521219
0.00239555
0.00036991
0
0
0
1682191697.99911
msg_begin
7.75678e+06
-363660
-0.130013
0.00424589
0.000952213
0.000122205
0
0
0
1682191698.04913
msg_begin
7.75678e+06
-363660
-0.129965
1.11759e-08
2.73576e-09
3.60822e-16
0
0
0
1682191698.09918
msg_begin
7.75678e+06
-363660
-0.131794
5.86733e-08
1.33878e-09
1.27676e-15
0
0
0
1682191698.14913
msg_begin
7.75678e+06
-363660
-0.13208
0.0145341
0.00242978
0.000100942
0
0
0
1682191698.19915
msg_begin
7.75678e+06
-363660
-0.131813
0.0114874
0.00123314
0.000429434
0
0
0
1682191698.24905
msg_begin
7.75678e+06
-363660
-0.128106
7.54371e-08
3.72529e-09
8.32667e-17
0
0
0
1682191698.29908
msg_begin
7.75678e+06
-363660
-0.124846
6.61239e-08
3.20142e-09
3.19189e-16
0
0
0
1682191698.34901
msg_begin
7.75678e+06
-363660
-0.124267
0.0325671
0.00411507
0.001145
0
0
0
1682191698.39890
msg_begin
7.75678e+06
-363660
-0.124994
0.00283663
0.00121012
0.00213032
0
0
0
1682191698.45467
msg_begin
7.75678e+06
-363660
-0.129982
0.0168461
0.00788363
0.00111186
0
0
0
1682191698.49875
msg_begin
7.75678e+06
-363660
-0.129561
0.00170142
0.00141004
0.000172918
0
0
0
1682191698.54872
msg_begin
7.75679e+06
-363660
-0.129096
8.19564e-08
6.98492e-10
4.996e-16
0
0
0
1682191698.59866
msg_begin
7.75679e+06
-363660
-0.127839
0.0102676
0.0105131
0.00107028
0
0
0
1682191698.64858
msg_begin
7.75679e+06
-363660
-0.13239
1.49012e-08
2.03727e-09
1.38778e-16
0
0
0
1682191698.69864
msg_begin
7.75679e+06
-363661
-0.131134
0.0045605
0.00577087
0.000540086
0
0
0
1682191698.74856
msg_begin
7.75679e+06
-363661
-0.131954
0.00185533
0.00696953
0.00022912
0
0
0
1682191698.79856
msg_begin
7.75679e+06
-363661
-0.128749
0.0039838
0.00280803
0.000242673
0
0
0
1682191698.84859
msg_begin
7.75679e+06
-363661
-0.132398
0.00295322
0.000314957
0.000113146
0
0
0
1682191698.89933
msg_begin
7.75679e+06
-363661
-0.130139
0.0103621
0.000135049
0.000200194
0
0
0
1682191698.94862
msg_begin
7.75679e+06
-363661
-0.129664
0.00691502
0.000169385
0.000547186
0
0
0
1682191698.99858
msg_begin
7.75679e+06
-363661
-0.123794
0.029985
0.00155564
0.00101744
0
0
0
1682191699.04854
msg_begin
7.75679e+06
-363661
-0.12374
0.0179879
0.00702536
0.00164589
0
0
0
1682191699.09920
msg_begin
7.75679e+06
-363661
-0.133804
1.76951e-08
5.82077e-10
1.08247e-15
0
0
0
1682191699.14843
msg_begin
7.75679e+06
-363661
-0.132454
0.00488111
0.00247943
5.10597e-05
0
0
0
1682191699.19832
msg_begin
7.75679e+06
-363661
-0.131947
3.72529e-09
4.07454e-10
4.71845e-16
0
0
0
1682191699.24818
msg_begin
7.75679e+06
-363661
-0.133747
1.21072e-08
2.56114e-09
5.55112e-16
0
0
0
1682191699.29845
msg_begin
7.75679e+06
-363661
-0.131189
0.0250542
0.00089027
0.000146649
0
0
0
1682191699.34801
msg_begin
7.75679e+06
-363661
-0.130469
6.0536e-08
6.98492e-10
1.7486e-15
0
0
0
1682191699.39797
msg_begin
7.75679e+06
-363661
-0.128107
0.00320067
0.000674091
4.77163e-05
0
0
0
1682191699.44788
msg_begin
7.75679e+06
-363661
-0.128574
0.00325425
0.000354834
0.000126204
0
0
0
1682191699.49825
msg_begin
7.75679e+06
-363662
-0.128359
0.00671212
0.00315463
0.000210642
0
0
0
1682191699.54769
msg_begin
7.7568e+06
-363662
-0.130266
0.0244736
0.00439807
0.00065019
0
0
0
1682191699.59767
msg_begin
7.7568e+06
-363662
-0.129674
1.58325e-08
1.74623e-09
5.55112e-16
0
0
0
1682191699.64762
msg_begin
7.7568e+06
-363662
-0.128039
7.63685e-08
1.92085e-09
2.498e-16
0
0
0
1682191699.69752
msg_begin
7.7568e+06
-363662
-0.125106
0.0025298
0.00173263
0.000605366
0
0
0
1682191699.74747
msg_begin
7.7568e+06
-363662
-0.124942
6.70552e-08
2.50293e-09
1.02696e-15
0
0
0
1682191699.79745
msg_begin
7.7568e+06
-363662
-0.124565
0.00277758
0.004617
0.00041953
0
0
0
1682191699.84738
msg_begin
7.7568e+06
-363662
-0.127593
0.00397056
0.000198664
0.000329642
0
0
0
1682191699.89756
msg_begin
7.7568e+06
-363662
-0.127318
0.000910579
0.00209042
7.57312e-05
0
0
0
1682191699.94731
msg_begin
7.7568e+06
-363662
-0.12782
0.00747476
0.000230637
0.000164003
0
0
0
1682191699.99724
msg_begin
7.7568e+06
-363662
-0.126766
0.006903
0.00106678
0.000325087
0
0
0
1682191700.04723
msg_begin
7.7568e+06
-363662
-0.125507
0.0249198
0.00406707
0.000594072
0
0
0
1682191700.09722
msg_begin
7.7568e+06
-363662
-0.126381
0.00573157
0.00206213
0.00071968
0
0
0
1682191700.14723
msg_begin
7.7568e+06
-363662
-0.125019
0.0392643
0.00632855
0.000361141
0
0
0
1682191700.19721
msg_begin
7.7568e+06
-363662
-0.124805
0.00250543
0.00149388
2.12333e-05
0
0
0
1682191700.24725
msg_begin
7.7568e+06
-363662
-0.12621
0.0119554
0.00263206
0.000435672
0
0
0
1682191700.29757
msg_begin
7.7568e+06
-363662
-0.11945
0.00105374
0.00321468
0.000430847
0
0
0
1682191700.34727
msg_begin
7.7568e+06
-363662
-0.121134
0.0333812
0.00250542
0.000936968
0
0
0
1682191700.39720
msg_begin
7.7568e+06
-363663
-0.122809
2.51457e-08
2.50293e-09
4.02456e-16
0
0
0
1682191700.44726
msg_begin
7.7568e+06
-363663
-0.123855
0.0183755
0.00434001
0.000548307
0
0
0
1682191700.49724
msg_begin
7.75681e+06
-363663
-0.122189
0.0275871
0.00845192
0.000681606
0
0
0
1682191700.59725
msg_begin
7.75681e+06
-363663
-0.124918
0.000681318
0.00115344
0.000107617
0
0
0
1682191700.64729
msg_begin
7.75681e+06
-363663
-0.127363
0.0147544
0.000648567
0.000913581
0
0
0
1682191700.69733
msg_begin
7.75681e+06
-363663
-0.126378
5.21541e-08
6.40284e-10
5.55112e-16
0
0
0
1682191700.74728
msg_begin
7.75681e+06
-363663
-0.125492
0.0199982
0.000441277
0.000187307
0
0
0
1682191700.79728
msg_begin
7.75681e+06
-363663
-0.127855
0.0337435
0.00325162
0.000720592
0
0
0
1682191700.84741
msg_begin
7.75681e+06
-363663
-0.125495
0.00918964
0.00182291
0.000256171
0
0
0
1682191700.89798
msg_begin
7.75681e+06
-363663
-0.124564
2.79397e-09
7.567e-10
7.49401e-16
0
0
0
1682191700.95942
msg_begin
7.75681e+06
-363663
-0.123871
0.00266821
0.000144335
4.35875e-05
0
0
0
1682191700.99751
msg_begin
7.75681e+06
-363663
-0.126107
0.00580554
0.000175414
1.603e-05
0
0
0
1682191701.04819
msg_begin
7.75681e+06
-363663
-0.124462
0.00732477
0.00645501
0.000474813
0
0
0
1682191701.09817
msg_begin
7.75681e+06
-363663
-0.124635
0.00821859
0.0045364
0.000158026
0
0
0
1682191701.14768
msg_begin
7.75681e+06
-363663
-0.126129
1.21072e-08
3.49246e-10
5.27356e-16
0
0
0
1682191701.19770
msg_begin
7.75681e+06
-363663
-0.126075
0.00449895
0.00194751
0.00113443
0
0
0
1682191701.24770
msg_begin
7.75681e+06
-363663
-0.126211
0.022572
0.00142544
0.000319725
0
0
0
1682191701.29873
msg_begin
7.75681e+06
-363664
-0.125724
0.00659788
0.00385189
0.000623324
0
0
0
1682191701.34784
msg_begin
7.75681e+06
-363664
-0.125684
0.00315415
0.000186435
2.46083e-05
0
0
0
1682191701.39786
msg_begin
7.75681e+06
-363664
-0.127462
7.17118e-08
4.65661e-10
1.38778e-15
0
0
0
1682191701.44787
msg_begin
7.75681e+06
-363664
-0.12683
4.09782e-08
3.0268e-09
5.55112e-17
0
0
0
1682191701.49844
msg_begin
7.75681e+06
-363664
-0.126485
0.000629039
2.48156e-06
2.26914e-06
0
0
0
1682191701.54781
msg_begin
7.75681e+06
-363664
-0.123306
0.0577689
0.00646373
0.00154715
0
0
0
1682191701.59780
msg_begin
7.75682e+06
-363664
-0.125122
0.0106596
0.00189472
7.88984e-05
0
0
0
1682191701.64771
msg_begin
7.75682e+06
-363664
-0.124313
0.016461
0.0021441
0.000670721
0
0
0
1682191701.69752
msg_begin
7.75682e+06
-363664
-0.124418
7.73067e-05
0.00165141
0.000714644
0
0
0
1682191701.74754
msg_begin
7.75682e+06
-363664
-0.12383
8.3819e-09
2.38651e-09
9.99201e-16
0
0
0
1682191701.79738
msg_begin
7.75682e+06
-363664
-0.123642
0.00197356
0.00117472
0.000141346
0
0
0
1682191701.84728
msg_begin
7.75682e+06
-363664
-0.122775
0.0037093
0.0104194
0.000446676
0
0
0
1682191701.89726
msg_begin
7.75682e+06
-363664
-0.1251
0.0264688
0.00924083
1.94331e-05
0
0
0
1682191701.94725
msg_begin
7.75682e+06
-363664
-0.127002
8.84756e-08
5.82077e-10
3.05311e-16
0
0
0
1682191701.99726
msg_begin
7.75682e+06
-363664
-0.125846
0.00603667
0.00289932
0.000434881
0
0
0
1682191702.04710
msg_begin
7.75682e+06
-363664
-0.127367
5.58794e-09
3.66708e-09
5.55112e-16
0
0
0
1682191702.09720
msg_begin
7.75682e+06
-363664
-0.125181
2.04891e-08
2.73576e-09
4.996e-16
0
0
0
1682191702.14713
msg_begin
7.75682e+06
-363664
-0.124845
0.00127778
0.0001443
5.4294e-06
0
0
0
1682191702.19709
msg_begin
7.75682e+06
-363664
-0.124451
8.00937e-08
2.32831e-10
3.05311e-16
0
0
0
1682191702.24716
msg_begin
7.75682e+06
-363665
-0.122052
0.0244327
0.0125499
5.80216e-05
0
0
0
1682191702.29713
msg_begin
7.75682e+06
-363665
-0.120347
0.00626993
0.00519268
0.000593335
0
0
0
1682191702.34713
msg_begin
7.75682e+06
-363665
-0.121647
0.00582201
0.00111897
0.000172838
0
0
0
1682191702.39716
msg_begin
7.75682e+06
-363665
-0.12387
0.0524613
0.00526031
0.00138475
0
0
0
1682191702.44714
msg_begin
7.75682e+06
-363665
-0.126699
0.0176694
0.00442826
0.00081059
0
0
0
1682191702.49738
msg_begin
7.75682e+06
-363665
-0.124088
0.00386592
0.0070723
0.00135131
0
0
0
1682191702.54716
msg_begin
7.75682e+06
-363665
-0.121804
0.00212539
0.000924193
5.01084e-05
0
0
0
1682191702.59718
msg_begin
7.75682e+06
-363665
-0.12322
0.0013609
0.00108956
0.000228129
0
0
0
1682191702.64720
msg_begin
7.75683e+06
-363665
-0.119393
0.000685295
0.000173387
3.76156e-05
0
0
0
1682191702.69721
msg_begin
7.75683e+06
-363665
-0.118094
0.0124232
0.00343642
0.000457515
0
0
0
1682191702.74714
msg_begin
7.75683e+06
-363665
-0.118514
0.0160377
0.00197393
0.000142797
0
0
0
1682191702.79711
msg_begin
7.75683e+06
-363665
-0.118906
0.0133797
0.00630633
0.00146607
0
0
0
1682191702.84750
msg_begin
7.75683e+06
-363665
-0.119052
0.0129373
0.00166262
0.000625248
0
0
0
1682191702.89755
msg_begin
7.75683e+06
-363665
-0.117455
0.00132398
0.000117396
4.57933e-05
0
0
0
1682191702.94692
msg_begin
7.75683e+06
-363665
-0.116815
1.58325e-08
2.44472e-09
1.38778e-16
0
0
0
1682191702.99684
msg_begin
7.75683e+06
-363665
-0.117645
0.00452667
0.00381881
0.000265661
0
0
0
1682191703.04771
msg_begin
7.75683e+06
-363665
-0.115742
0.0496456
0.0139023
0.000504624
0
0
0
1682191703.09698
msg_begin
7.75683e+06
-363665
-0.113597
0.020749
0.00957852
0.00131285
0
0
0
1682191703.14662
msg_begin
7.75683e+06
-363665
-0.117562
0.0378489
0.0151456
0.00161177
0
0
0
1682191703.19661
msg_begin
7.75683e+06
-363666
-0.124009
6.23986e-08
4.07454e-10
1.11022e-16
0
0
0
1682191703.24715
msg_begin
7.75683e+06
-363666
-0.124493
0.00256034
0.00169203
0.000170712
0
0
0
1682191703.29703
msg_begin
7.75683e+06
-363666
-0.125207
0.014041
0.00046476
0.000239411
0
0
0
1682191703.34652
msg_begin
7.75683e+06
-363666
-0.126329
0.000820724
0.000876513
4.70843e-05
0
0
0
1682191703.39651
msg_begin
7.75683e+06
-363666
-0.125513
0.011524
0.000730506
0.0003549
0
0
0
1682191703.44726
msg_begin
7.75683e+06
-363666
-0.125559
0.0365623
0.00437077
0.000661832
0
0
0
1682191703.49724
msg_begin
7.75683e+06
-363666
-0.125601
0.0714361
0.00902381
0.000381268
0
0
0
1682191703.54646
msg_begin
7.75683e+06
-363666
-0.126518
1.67638e-08
2.50293e-09
1.30451e-15
0
0
0
1682191703.59656
msg_begin
7.75683e+06
-363666
-0.125512
0.0352519
0.00274183
0.000334008
0
0
0
1682191703.64721
msg_begin
7.75683e+06
-363666
-0.125307
0.0177176
0.00750181
0.000644074
0
0
0
1682191703.69649
msg_begin
7.75683e+06
-363666
-0.127767
0.00158045
0.00165001
4.59394e-05
0
0
0
1682191703.74655
msg_begin
7.75684e+06
-363666
-0.128572
0.00371159
0.00240649
0.000580098
0
0
0
1682191703.79657
msg_begin
7.75684e+06
-363666
-0.129562
0.0149941
0.00749019
0.000639846
0
0
0
1682191703.84658
msg_begin
7.75684e+06
-363666
-0.130095
0.00537995
0.000455778
5.60425e-05
0
0
0
1682191703.89671
msg_begin
7.75684e+06
-363666
-0.126364
0.00991675
0.00382435
0.000218246
0
0
0
1682191703.94669
msg_begin
7.75684e+06
-363666
-0.130487
0.00753282
0.00101507
0.000500613
0
0
0
1682191703.99666
msg_begin
7.75684e+06
-363666
-0.125406
0.00331339
0.0015657
0.000682482
0
0
0
1682191704.04680
msg_begin
7.75684e+06
-363666
-0.13481
0.0026844
0.000767328
0.00022019
0
0
0
1682191704.09673
msg_begin
7.75684e+06
-363667
-0.130201
5.68107e-08
1.39698e-09
1.11022e-16
0
0
0
1682191704.14663
msg_begin
7.75684e+06
-363667
-0.130965
0.00712214
0.00271159
0.000181845
0
0
0
1682191704.19657
msg_begin
7.75684e+06
-363667
-0.130775
1.76951e-08
0
1.63758e-15
0
0
0
1682191704.24656
msg_begin
7.75684e+06
-363667
-0.130986
0.00282684
0.000323935
9.10378e-06
0
0
0
1682191704.29649
msg_begin
7.75684e+06
-363667
-0.124916
0.00343478
0.00994458
0.00218174
0
0
0
1682191704.34639
msg_begin
7.75684e+06
-363667
-0.132428
0.00646805
0.00956624
0.000488982
0
0
0
1682191704.39628
msg_begin
7.75684e+06
-363667
-0.129724
0.00907921
0.0116016
0.00140911
0
0
0
1682191704.44619
msg_begin
7.75684e+06
-363667
-0.128487
0.00479307
0.00337995
0.000323128
0
0
0
1682191704.49618
msg_begin
7.75684e+06
-363667
-0.127332
4.28408e-08
2.67755e-09
1.38778e-16
0
0
0
1682191704.54600
msg_begin
7.75684e+06
-363667
-0.126388
0.0258425
0.0104322
0.000799284
0
0
0
1682191704.59601
msg_begin
7.75684e+06
-363667
-0.127137
0.0240057
0.00308813
0.000251301
0
0
0
1682191704.64589
msg_begin
7.75684e+06
-363667
-0.128212
0.00737848
0.00326966
0.000507395
0
0
0
1682191704.69587
msg_begin
7.75684e+06
-363667
-0.129189
0.0682646
0.00327153
0.00134278
0
0
0
1682191704.74584
msg_begin
7.75684e+06
-363667
-0.129095
0.0386404
0.00930954
0.000873459
0
0
0
1682191704.79585
msg_begin
7.75684e+06
-363667
-0.13042
0.00224221
0.000842477
9.87293e-05
0
0
0
1682191704.84665
msg_begin
7.75685e+06
-363667
-0.130344
0.00461686
0.000998558
0.000211829
0
0
0
1682191704.89643
msg_begin
7.75685e+06
-363667
-0.131014
0.0108002
0.00718855
0.000829291
0
0
0
1682191704.94583
msg_begin
7.75685e+06
-363667
-0.134659
0.00307013
0.00319289
0.000216514
0
0
0
1682191704.99579
msg_begin
7.75685e+06
-363667
-0.132274
0.0119254
0.00569471
0.000452607
0
0
0
1682191705.04581
msg_begin
7.75685e+06
-363667
-0.132392
0.0633632
0.0136471
0.000568623
0
0
0
1682191705.09619
msg_begin
7.75685e+06
-363668
-0.133961
0.00424645
0.00374543
0.000472062
0
0
0
1682191705.14577
msg_begin
7.75685e+06
-363668
-0.134259
0.00432992
0.00275623
0.000210121
0
0
0
1682191705.19575
msg_begin
7.75685e+06
-363668
-0.134737
0.0015393
0.00129429
0.0001178
0
0
0
1682191705.24706
msg_begin
7.75685e+06
-363668
-0.133441
0.00949182
0.00892501
0.000767958
0
0
0
1682191705.29577
msg_begin
7.75685e+06
-363668
-0.135035
0.0485734
0.0130686
0.000706561
0
0
0
1682191705.34555
msg_begin
7.75685e+06
-363668
-0.136424
0.0250817
0.00453616
0.000620075
0
0
0
1682191705.39546
msg_begin
7.75685e+06
-363668
-0.136912
0.0835863
0.0133259
0.00296885
0
0
0
1682191705.44541
msg_begin
7.75685e+06
-363668
-0.142955
2.23517e-08
1.57161e-09
1.11022e-15
0
0
0
1682191705.49564
msg_begin
7.75685e+06
-363668
-0.138032
7.45058e-09
3.60887e-09
1.44329e-15
0
0
0
1682191705.54534
msg_begin
7.75685e+06
-363668
-0.141968
0.00816679
0.000812375
0.000283667
0
0
0
1682191705.59519
msg_begin
7.75685e+06
-363668
-0.139676
0.0036495
0.000453254
0.000107755
0
0
0
1682191705.64600
msg_begin
7.75685e+06
-363668
-0.141365
0.0141193
0.00657087
0.000697985
0
0
0
1682191705.69513
msg_begin
7.75685e+06
-363668
-0.141483
0.00222076
0.00133539
9.34762e-05
0
0
0
1682191705.74506
msg_begin
7.75685e+06
-363668
-0.142634
0.00592772
0.00587547
0.00115252
0
0
0
1682191705.79508
msg_begin
7.75685e+06
-363668
-0.144514
0.0421813
0.0126533
0.000188785
0
0
0
1682191705.84505
msg_begin
7.75685e+06
-363668
-0.144836
0.011992
0.0029056
0.00060833
0
0
0
1682191705.89537
msg_begin
7.75685e+06
-363668
-0.142841
0.0123944
0.00404789
0.000580723
0
0
0
1682191705.94507
msg_begin
7.75686e+06
-363668
-0.140757
0.00324327
0.00136457
0.000640384
0
0
0
1682191705.99505
msg_begin
7.75686e+06
-363668
-0.140193
0.00262899
0.00319361
0.000470642
0
0
0
1682191706.04613
msg_begin
7.75686e+06
-363669
-0.139202
0.00408696
0.00416913
0.000259702
0
0
0
1682191706.09521
msg_begin
7.75686e+06
-363669
-0.139203
0.000522721
0.00231952
2.27205e-05
0
0
0
1682191706.14495
msg_begin
7.75686e+06
-363669
-0.141395
0.0252425
0.00867229
0.000497026
0
0
0
1682191706.19492
msg_begin
7.75686e+06
-363669
-0.14169
0.0491355
0.0032075
0.0013436
0
0
0
1682191706.24479
msg_begin
7.75686e+06
-363669
-0.140235
4.84288e-08
1.57161e-09
9.15934e-16
0
0
0
1682191706.29499
msg_begin
7.75686e+06
-363669
-0.139068
0.000107277
0.00130565
0.000108253
0
0
0
1682191706.34456
msg_begin
7.75686e+06
-363669
-0.13963
0.00840144
0.00109615
0.00020969
0
0
0
1682191706.39453
msg_begin
7.75686e+06
-363669
-0.138746
0.0355884
0.00456753
0.000402567
0
0
0
1682191706.44453
msg_begin
7.75686e+06
-363669
-0.136624
0.00933255
0.000415265
0.000157866
0
0
0
1682191706.49468
msg_begin
7.75686e+06
-363669
-0.138462
0.00345244
0.00111416
7.14358e-05
0
0
0
1682191706.54427
msg_begin
7.75686e+06
-363669
-0.138386
0.00188454
0.00283584
0.00020147
0
0
0
1682191706.59425
msg_begin
7.75686e+06
-363669
-0.137136
0.0336224
0.00943182
0.00095142
0
0
0
1682191706.64440
msg_begin
7.75686e+06
-363669
-0.136203
1.95578e-08
5.23869e-10
1.30451e-15
0
0
0
1682191706.69418
msg_begin
7.75686e+06
-363669
-0.136175
0.0036044
0.00168399
9.62132e-05
0
0
0
1682191706.74411
msg_begin
7.75686e+06
-363669
-0.134471
6.33299e-08
1.28057e-09
2.77556e-17
0
0
0
1682191706.79412
msg_begin
7.75686e+06
-363669
-0.132789
0.0224253
0.0102097
0.00127549
0
0
0
1682191706.84499
msg_begin
7.75686e+06
-363669
-0.132157
7.63685e-08
4.65661e-10
4.71845e-16
0
0
0
1682191706.89420
msg_begin
7.75686e+06
-363669
-0.13186
0.00867857
0.00460786
0.000733761
0
0
0
1682191706.94406
msg_begin
7.75686e+06
-363670
-0.132996
0.020329
0.00315173
0.000152277
0
0
0
1682191706.99411
msg_begin
7.75686e+06
-363670
-0.132833
0.0081599
0.00777701
0.00099412
0
0
0
1682191707.04434
msg_begin
7.75686e+06
-363670
-0.133163
0.00196121
1.07285e-05
1.00022e-05
0
0
0
1682191707.09416
msg_begin
7.75687e+06
-363670
-0.134678
7.54371e-08
3.08501e-09
6.10623e-16
0
0
0
1682191707.14417
msg_begin
7.75687e+06
-363670
-0.138635
0.0188076
0.00853806
0.000810814
0
0
0
1682191707.19417
msg_begin
7.75687e+06
-363670
-0.136862
0.0102538
0.0112363
0.000728173
0
0
0
1682191707.24483
msg_begin
7.75687e+06
-363670
-0.135396
6.42613e-08
3.66708e-09
8.32667e-16
0
0
0
1682191707.29416
msg_begin
7.75687e+06
-363670
-0.13751
2.23517e-08
5.23869e-10
1.38778e-16
0
0
0
1682191707.34416
msg_begin
7.75687e+06
-363670
-0.14004
0.00247185
0.000458637
5.34109e-05
0
0
0
1682191707.39416
msg_begin
7.75687e+06
-363670
-0.139095
0.00574662
0.00801271
0.000437163
0
0
0
1682191707.44456
msg_begin
7.75687e+06
-363670
-0.136817
0.0105314
0.00224707
0.000555527
0
0
0
1682191707.49405
msg_begin
7.75687e+06
-363670
-0.137867
0.0129404
0.00590924
0.00055938
0
0
0
1682191707.54398
msg_begin
7.75687e+06
-363670
-0.137137
0.0519668
0.00321766
0.000468772
0
0
0
1682191707.59396
msg_begin
7.75687e+06
-363670
-0.138298
8.9407e-08
3.08501e-09
5.27356e-16
0
0
0
1682191707.64469
msg_begin
7.75687e+06
-363670
-0.138428
0.00932067
0.000396111
0.000616876
0
0
0
1682191707.69378
msg_begin
7.75687e+06
-363670
-0.140927
0.00945713
0.00226607
0.000617796
0
0
0
1682191707.74369
msg_begin
7.75687e+06
-363670
-0.143384
2.14204e-08
2.79397e-09
9.4369e-16
0
0
0
1682191707.79353
msg_begin
7.75687e+06
-363671
-0.140746
0.000310591
0.000259437
8.24073e-05
0
0
0
1682191707.84337
msg_begin
7.75687e+06
-363671
-0.143069
1.95578e-08
2.38651e-09
7.21645e-16
0
0
0
1682191707.89332
msg_begin
7.75687e+06
-363671
-0.139887
0.00221607
0.000774678
0.000156114
0
0
0
1682191707.94328
msg_begin
7.75687e+06
-363671
-0.139597
0.0140005
0.00257251
0.00109522
0
0
0
1682191707.99308
msg_begin
7.75687e+06
-363671
-0.139629
0.00761583
0.00108743
0.00036696
0
0
0
1682191708.04340
msg_begin
7.75687e+06
-363671
-0.136776
0.0106412
0.00122632
0.00014287
0
0
0
1682191708.09296
msg_begin
7.75687e+06
-363671
-0.137095
0.00828021
0.00165056
0.000188876
0
0
0
1682191708.14292
msg_begin
7.75687e+06
-363671
-0.139804
0.00284677
0.00354229
0.000137438
0
0
0
1682191708.19289
msg_begin
7.75688e+06
-363671
-0.13742
0.000626908
0.000172403
1.24005e-05
0
0
0
1682191708.24353
msg_begin
7.75688e+06
-363671
-0.139473
0.0414022
0.0208807
0.00045207
0
0
0
1682191708.29289
msg_begin
7.75688e+06
-363671
-0.13815
0.00182375
0.00107044
0.000117329
0
0
0
1682191708.34282
msg_begin
7.75688e+06
-363671
-0.139941
0.00081309
1.17605e-05
6.09254e-05
0
0
0
1682191708.39282
msg_begin
7.75688e+06
-363671
-0.139103
0.016296
0.00155242
0.000265996
0
0
0
1682191708.44352
msg_begin
7.75688e+06
-363671
-0.139629
0.00480432
0.0047107
0.000621288
0
0
0
1682191708.49279
msg_begin
7.75688e+06
-363671
-0.140809
0.00168598
0.0057292
0.00013004
0
0
0
1682191708.54277
msg_begin
7.75688e+06
-363671
-0.141741
0.00629435
0.00243936
0.000136961
0
0
0
1682191708.59276
msg_begin
7.75688e+06
-363671
-0.14385
0.00873866
0.0109672
0.000557616
0
0
0
1682191708.64289
msg_begin
7.75688e+06
-363671
-0.145495
0.0113541
0.00825822
0.00046505
0
0
0
1682191708.69281
msg_begin
7.75688e+06
-363672
-0.147967
0.0109822
0.00781368
0.000842318
0
0
0
1682191708.74283
msg_begin
7.75688e+06
-363672
-0.146032
0.0016395
0.000619043
9.45156e-05
0
0
0
1682191708.79284
msg_begin
7.75688e+06
-363672
-0.142945
0.0160802
0.00477957
0.000236371
0
0
0
1682191708.84375
msg_begin
7.75688e+06
-363672
-0.14299
0.0201226
0.0160286
0.000833885
0
0
0
1682191708.89278
msg_begin
7.75688e+06
-363672
-0.14108
0.0138088
0.00944889
0.000321287
0
0
0
1682191708.94275
msg_begin
7.75688e+06
-363672
-0.143525
0.00277112
0.00504319
6.0518e-05
0
0
0
1682191708.99270
msg_begin
7.75688e+06
-363672
-0.143604
0.00596446
0.00605093
0.00172623
0
0
0
1682191709.04275
msg_begin
7.75688e+06
-363672
-0.144257
0.0111151
0.00347971
0.000497569
0
0
0
1682191709.09261
msg_begin
7.75688e+06
-363672
-0.143884
0.0551962
0.00463707
0.000496185
0
0
0
1682191709.19874
msg_begin
7.75688e+06
-363672
-0.144302
0.0441875
0.014625
0.000186896
0
0
0
1682191709.24313
msg_begin
7.75688e+06
-363672
-0.143416
0.00490672
0.00321987
0.00133945
0
0
0
1682191709.29251
msg_begin
7.75689e+06
-363672
-0.145337
0.00198259
0.00469553
0.00011353
0
0
0
1682191709.34252
msg_begin
7.75689e+06
-363672
-0.145121
0.0012434
0.00200026
0.000296553
0
0
0
1682191709.39251
msg_begin
7.75689e+06
-363672
-0.145078
0.00173567
0.000751746
6.63177e-05
0
0
0
1682191709.44299
msg_begin
7.75689e+06
-363672
-0.142368
0.00865493
0.00188887
0.0010475
0
0
0
1682191709.49257
msg_begin
7.75689e+06
-363673
-0.143335
6.61239e-08
8.14907e-10
9.4369e-16
0
0
0
1682191709.54246
msg_begin
7.75689e+06
-363673
-0.144933
0.00548622
0.00322779
0.000663319
0
0
0
1682191709.59238
msg_begin
7.75689e+06
-363673
-0.144903
2.00108e-05
1.78173e-05
2.55344e-05
0
0
0
1682191709.64245
msg_begin
7.75689e+06
-363673
-0.149002
0.00324373
0.00239769
0.000227312
0
0
0
1682191709.69223
msg_begin
7.75689e+06
-363673
-0.143732
0.027237
0.00602556
0.000554128
0
0
0
1682191709.74220
msg_begin
7.75689e+06
-363673
-0.145937
2.23517e-08
1.22236e-09
2.77556e-17
0
0
0
1682191709.79214
msg_begin
7.75689e+06
-363673
-0.144079
0.00858199
0.00842998
0.000448376
0
0
0
1682191709.84197
msg_begin
7.75689e+06
-363673
-0.145465
1.95578e-08
5.82077e-11
8.04912e-16
0
0
0
1682191709.89184
msg_begin
7.75689e+06
-363673
-0.145613
0.00989068
0.00122336
0.0001365
0
0
0
1682191709.94175
msg_begin
7.75689e+06
-363673
-0.147829
0.00488508
0.00518987
0.000332102
0
0
0
1682191709.99166
msg_begin
7.75689e+06
-363673
-0.15184
0.00656523
0.00494367
0.000839844
0
0
0
1682191710.04166
msg_begin
7.75689e+06
-363673
-0.147798
3.25963e-08
3.49246e-10
3.60822e-16
0
0
0
1682191710.09185
msg_begin
7.75689e+06
-363673
-0.14987
1.86265e-09
5.23869e-10
4.996e-16
0
0
0
1682191710.14147
msg_begin
7.75689e+06
-363673
-0.149267
0.00888759
0.000376486
6.22647e-06
0
0
0
1682191710.19142
msg_begin
7.75689e+06
-363673
-0.149116
0.0188114
0.00217513
0.00016658
0
0
0
1682191710.24139
msg_begin
7.75689e+06
-363674
-0.150863
0.00105789
0.000243497
5.38826e-05
0
0
0
1682191710.29201
msg_begin
7.75689e+06
-363674
-0.154577
5.86733e-08
2.91038e-10
1.30451e-15
0
0
0
1682191710.34126
msg_begin
7.7569e+06
-363674
-0.153711
0.00729038
0.00373406
0.000218336
0
0
0
1682191710.39131
msg_begin
7.7569e+06
-363674
-0.152208
7.17118e-08
2.2701e-09
1.38778e-15
0
0
0
1682191710.44119
msg_begin
7.7569e+06
-363674
-0.154089
0.0142738
0.00443697
6.67007e-05
0
0
0
1682191710.49118
msg_begin
7.7569e+06
-363674
-0.154794
0.0126784
0.0032635
0.000379432
0
0
0
1682191710.54111
msg_begin
7.7569e+06
-363674
-0.157487
1.11759e-08
5.82077e-10
4.996e-16
0
0
0
1682191710.59116
msg_begin
7.7569e+06
-363674
-0.157201
6.0536e-08
9.31323e-10
5.55112e-17
0
0
0
1682191710.64111
msg_begin
7.7569e+06
-363674
-0.156498
0.0225215
0.0113119
0.000478407
0
0
0
1682191710.69110
msg_begin
7.7569e+06
-363674
-0.152987
7.72998e-08
3.43425e-09
9.99201e-16
0
0
0
1682191710.74111
msg_begin
7.7569e+06
-363674
-0.155878
0.0110837
0.00571544
0.000454877
0
0
0
1682191710.79121
msg_begin
7.7569e+06
-363674
-0.158128
0.0234518
0.0019224
0.00029229
0
0
0
1682191710.84110
msg_begin
7.7569e+06
-363674
-0.158339
0.0104351
0.00575991
0.000321636
0
0
0
1682191710.89114
msg_begin
7.7569e+06
-363674
-0.157513
0.0183714
0.00699263
0.000481088
0
0
0
1682191710.94116
msg_begin
7.7569e+06
-363675
-0.157365
7.35745e-08
1.68802e-09
7.49401e-16
0
0
0
1682191710.99120
msg_begin
7.7569e+06
-363675
-0.159217
0.00544929
0.00442273
0.000299613
0
0
0
1682191711.04129
msg_begin
7.7569e+06
-363675
-0.156869
0.00332014
0.000666142
0.000143257
0
0
0
1682191711.09120
msg_begin
7.7569e+06
-363675
-0.157963
0.00563523
0.000611394
0.000250062
0
0
0
1682191711.14118
msg_begin
7.7569e+06
-363675
-0.1605
0.00134137
0.000474721
4.42813e-05
0
0
0
1682191711.19113
msg_begin
7.7569e+06
-363675
-0.160196
5.40167e-08
1.22236e-09
1.36002e-15
0
0
0
1682191711.24099
msg_begin
7.7569e+06
-363675
-0.160781
1.02445e-08
2.96859e-09
1.66533e-16
0
0
0
1682191711.29098
msg_begin
7.7569e+06
-363675
-0.161311
0.0153488
0.00641778
0.000399146
0
0
0
1682191711.34084
msg_begin
7.7569e+06
-363675
-0.161577
2.70084e-08
3.49246e-10
1.36002e-15
0
0
0
1682191711.39075
msg_begin
7.7569e+06
-363675
-0.162138
0.000891902
0.00106176
0.000290128
0
0
0
1682191711.44060
msg_begin
7.75691e+06
-363675
-0.160665
0.00116612
0.0013649
0.000338672
0
0
0
1682191711.49051
msg_begin
7.75691e+06
-363675
-0.162475
1.30385e-08
4.65661e-10
1.80411e-15
0
0
0
1682191711.54044
msg_begin
7.75691e+06
-363675
-0.164787
0.0331615
0.00689534
0.000503155
0
0
0
1682191711.59031
msg_begin
7.75691e+06
-363675
-0.164556
0.00213137
0.00418785
0.00068999
0
0
0
1682191711.64091
msg_begin
7.75691e+06
-363676
-0.161126
8.84756e-08
3.20142e-09
6.93889e-16
0
0
0
1682191711.69019
msg_begin
7.75691e+06
-363676
-0.162135
0.0578398
0.00655016
0.00069559
0
0
0
1682191711.74014
msg_begin
7.75691e+06
-363676
-0.164305
0.000501645
0.00191329
0.000381552
0
0
0
1682191711.79004
msg_begin
7.75691e+06
-363676
-0.163905
0.000487425
0.00161178
9.67622e-05
0
0
0
1682191711.84009
msg_begin
7.75691e+06
-363676
-0.164432
0.0123198
0.00184318
0.00037225
0
0
0
1682191711.88998
msg_begin
7.75691e+06
-363676
-0.165093
0.0125927
0.0035486
0.00026369
0
0
0
1682191711.93998
msg_begin
7.75691e+06
-363676
-0.166175
2.04891e-08
2.32831e-10
6.38378e-16
0
0
0
1682191711.98992
msg_begin
7.75691e+06
-363676
-0.165268
0.0107022
0.00490956
0.00050415
0
0
0
1682191712.03988
msg_begin
7.75691e+06
-363676
-0.165204
0.0316388
0.00336473
0.00137484
0
0
0
1682191712.08984
msg_begin
7.75691e+06
-363676
-0.163356
0.0186603
0.00270007
0.000640513
0
0
0
1682191712.13975
msg_begin
7.75691e+06
-363676
-0.162526
0.00123878
0.000977404
7.83187e-05
0
0
0
1682191712.18979
msg_begin
7.75691e+06
-363676
-0.162606
0.00492502
0.00267959
3.8245e-05
0
0
0
1682191712.23972
msg_begin
7.75691e+06
-363676
-0.161426
0.0435192
0.00156352
0.000664412
0
0
0
1682191712.28961
msg_begin
7.75691e+06
-363677
-0.163017
0.0249906
0.00758222
0.000847515
0
0
0
1682191712.33964
msg_begin
7.75691e+06
-363677
-0.161548
0.00340966
0.0030939
0.000142089
0
0
0
1682191712.38962
msg_begin
7.75691e+06
-363677
-0.164319
0.00253851
0.00215967
0.000212888
0
0
0
1682191712.43959
msg_begin
7.75691e+06
-363677
-0.162197
0.000895787
0.000881708
2.07119e-05
0
0
0
1682191712.48964
msg_begin
7.75692e+06
-363677
-0.161219
0.0347877
0.00562285
0.00107952
0
0
0
1682191712.53965
msg_begin
7.75692e+06
-363677
-0.161246
0.0075667
0.000988133
3.02907e-05
0
0
0
1682191712.58962
msg_begin
7.75692e+06
-363677
-0.162383
0.0152421
0.00675696
0.000617448
0
0
0
1682191712.63960
msg_begin
7.75692e+06
-363677
-0.164326
5.30854e-08
2.91038e-10
8.32667e-17
0
0
0
1682191712.68951
msg_begin
7.75692e+06
-363677
-0.162548
0.0202286
0.00033792
0.00116839
0
0
0
1682191712.73951
msg_begin
7.75692e+06
-363677
-0.161064
0.00477062
0.000697378
0.000359712
0
0
0
1682191712.78942
msg_begin
7.75692e+06
-363677
-0.163885
0.0093071
0.00218858
0.000538508
0
0
0
1682191712.84018
msg_begin
7.75692e+06
-363677
-0.166259
0.0264891
0.00401706
0.00137889
0
0
0
1682191712.88915
msg_begin
7.75692e+06
-363677
-0.166853
7.4021e-05
0.00026514
2.4825e-05
0
0
0
1682191712.93905
msg_begin
7.75692e+06
-363678
-0.165394
0.00727765
0.00449653
0.000214563
0
0
0
1682191712.98893
msg_begin
7.75692e+06
-363678
-0.162652
0.0280828
0.00403758
0.00040432
0
0
0
1682191713.08867
msg_begin
7.75692e+06
-363678
-0.162311
7.45058e-09
1.33878e-09
2.22045e-16
0
0
0
1682191713.13856
msg_begin
7.75692e+06
-363678
-0.161571
0.0133281
0.00648228
0.000208384
0
0
0
1682191713.18850
msg_begin
7.75692e+06
-363678
-0.161459
0.000177464
0.0017007
0.000278836
0
0
0
1682191713.23873
msg_begin
7.75692e+06
-363678
-0.159803
0.0490088
0.0196136
0.00103815
0
0
0
1682191713.28839
msg_begin
7.75692e+06
-363678
-0.160127
0.00451493
0.012158
0.000568293
0
0
0
1682191713.33844
msg_begin
7.75692e+06
-363678
-0.158733
2.04891e-08
2.91038e-10
9.71445e-16
0
0
0
1682191713.38840
msg_begin
7.75692e+06
-363678
-0.159442
0.0150902
0.0139334
0.000201539
0
0
0
1682191713.43861
msg_begin
7.75692e+06
-363678
-0.161841
0.00140233
0.00177576
7.08841e-05
0
0
0
1682191713.48838
msg_begin
7.75692e+06
-363678
-0.16415
0.00948291
0.00208701
0.000538751
0
0
0
1682191713.53835
msg_begin
7.75693e+06
-363678
-0.162199
0.0244541
0.00508262
0.000286597
0
0
0
1682191713.58833
msg_begin
7.75693e+06
-363678
-0.162713
0.00385832
0.0018067
0.000446706
0
0
0
1682191713.63922
msg_begin
7.75693e+06
-363679
-0.161427
0.0619534
0.0147498
0.00116127
0
0
0
1682191713.68821
msg_begin
7.75693e+06
-363679
-0.160763
0.0113477
0.00446392
0.00052022
0
0
0
1682191713.73811
msg_begin
7.75693e+06
-363679
-0.160447
0.00547571
0.00293054
0.00104612
0
0
0
1682191713.78801
msg_begin
7.75693e+06
-363679
-0.158669
5.21541e-08
3.31784e-09
2.498e-16
0
0
0
1682191713.83793
msg_begin
7.75693e+06
-363679
-0.159499
0.0161229
0.00125811
0.00159259
0
0
0
1682191713.88780
msg_begin
7.75693e+06
-363679
-0.155467
0.00801362
0.000868561
0.000310327
0
0
0
1682191713.93769
msg_begin
7.75693e+06
-363679
-0.156306
0.00555984
0.00199232
0.000227584
0
0
0
1682191713.98755
msg_begin
7.75693e+06
-363679
-0.155373
0.0149726
0.00575852
0.00142022
0
0
0
1682191714.03740
msg_begin
7.75693e+06
-363679
-0.151411
0.0378751
0.0137769
0.000212202
0
0
0
1682191714.08737
msg_begin
7.75693e+06
-363679
-0.155102
4.65661e-09
3.49246e-10
6.66134e-16
0
0
0
1682191714.13717
msg_begin
7.75693e+06
-363679
-0.154439
0.019785
0.00547584
0.000237616
0
0
0
1682191714.18712
msg_begin
7.75693e+06
-363679
-0.15372
0.0027253
0.00444531
0.000291054
0
0
0
1682191714.23704
msg_begin
7.75693e+06
-363679
-0.148641
0.00142782
0.000963714
2.896e-05
0
0
0
1682191714.28695
msg_begin
7.75693e+06
-363679
-0.14825
1.86265e-08
7.567e-10
4.996e-16
0
0
0
1682191714.33690
msg_begin
7.75693e+06
-363679
-0.144805
0.0321166
0.00310206
0.000123082
0
0
0
1682191714.38686
msg_begin
7.75693e+06
-363679
-0.144555
0.0257085
0.00117829
0.000641034
0
0
0
1682191714.43678
msg_begin
7.75693e+06
-363680
-0.143106
1.67638e-08
2.50293e-09
8.32667e-17
0
0
0
1682191714.48677
msg_begin
7.75693e+06
-363680
-0.143438
3.72529e-08
1.5134e-09
7.77156e-16
0
0
0
1682191714.53674
msg_begin
7.75693e+06
-363680
-0.144235
5.12227e-08
4.07454e-10
6.10623e-16
0
0
0
1682191714.58673
msg_begin
7.75694e+06
-363680
-0.14546
0.0133395
0.00130464
6.50758e-05
0
0
0
1682191714.63675
msg_begin
7.75694e+06
-363680
-0.146437
5.4948e-08
3.20142e-09
4.16334e-16
0
0
0
1682191714.68698
msg_begin
7.75694e+06
-363680
-0.147341
0.00402137
0.00154007
1.40823e-05
0
0
0
1682191714.73662
msg_begin
7.75694e+06
-363680
-0.146923
0.0108184
0.00815672
0.00132493
0
0
0
1682191714.78653
msg_begin
7.75694e+06
-363680
-0.145037
2.79397e-09
1.57161e-09
2.77556e-16
0
0
0
1682191714.83647
msg_begin
7.75694e+06
-363680
-0.146897
1.49012e-08
0
2.77556e-16
0
0
0
1682191714.88626
msg_begin
7.75694e+06
-363680
-0.142766
0.0216033
0.00247795
0.000594311
0
0
0
1682191714.93619
msg_begin
7.75694e+06
-363680
-0.141
0.00554308
0.00232434
0.000274185
0
0
0
1682191714.98602
msg_begin
7.75694e+06
-363680
-0.139055
0.00207658
0.00570393
0.000323179
0
0
0
1682191715.03667
msg_begin
7.75694e+06
-363680
-0.136948
0.0119594
0.00151737
0.000110142
0
0
0
1682191715.08586
msg_begin
7.75694e+06
-363680
-0.139528
0.00789457
0.00994289
0.000151922
0
0
0
1682191715.13572
msg_begin
7.75694e+06
-363680
-0.139009
0.079926
0.0124589
0.00129545
0
0
0
1682191715.18572
msg_begin
7.75694e+06
-363680
-0.143315
0.00417917
0.000278081
0.000481344
0
0
0
1682191715.23586
msg_begin
7.75694e+06
-363681
-0.144663
0.00406734
0.00186038
0.00033373
0
0
0
1682191715.28548
msg_begin
7.75694e+06
-363681
-0.138478
7.17118e-08
3.14321e-09
2.77556e-17
0
0
0
1682191715.33550
msg_begin
7.75694e+06
-363681
-0.140639
0.00408478
0.00216223
0.000345274
0
0
0
1682191715.38545
msg_begin
7.75694e+06
-363681
-0.141781
0.0420225
0.00650944
0.00115233
0
0
0
1682191715.43609
msg_begin
7.75694e+06
-363681
-0.143245
0.00929741
0.00825188
0.00027954
0
0
0
1682191715.48537
msg_begin
7.75694e+06
-363681
-0.140386
0.0110383
0.00780838
0.00066513
0
0
0
1682191715.53527
msg_begin
7.75694e+06
-363681
-0.141691
0.0194944
0.00800715
0.0012746
0
0
0
1682191715.58515
msg_begin
7.75694e+06
-363681
-0.140232
0.00348048
0.000242647
3.9532e-05
0
0
0
1682191715.63544
msg_begin
7.75695e+06
-363681
-0.141602
0.00296174
2.33037e-05
0.000362409
0
0
0
1682191715.68494
msg_begin
7.75695e+06
-363681
-0.141129
0.031536
0.00856048
0.000889081
0
0
0
1682191715.73486
msg_begin
7.75695e+06
-363681
-0.138237
0.00185284
0.000327513
4.30208e-05
0
0
0
1682191715.78471
msg_begin
7.75695e+06
-363681
-0.134791
0.0143644
0.00177957
0.000919253
0
0
0
1682191715.83465
msg_begin
7.75695e+06
-363681
-0.13883
0.00319708
0.000461449
0.000249827
0
0
0
1682191715.88453
msg_begin
7.75695e+06
-363681
-0.141541
0.00452889
0.00141942
0.000376277
0
0
0
1682191715.93446
msg_begin
7.75695e+06
-363681
-0.140125
0.0280951
0.00450033
0.000518164
0
0
0
1682191715.98450
msg_begin
7.75695e+06
-363681
-0.137679
0.0299474
0.00861062
0.000772323
0
0
0
1682191716.03449
msg_begin
7.75695e+06
-363681
-0.13566
5.68107e-08
3.08501e-09
5.82867e-16
0
0
0
1682191716.08434
msg_begin
7.75695e+06
-363682
-0.139482
1.21072e-08
9.31323e-10
5.55112e-16
0
0
0
1682191716.13432
msg_begin
7.75695e+06
-363682
-0.137338
0.00109802
0.00201021
0.000143571
0
0
0
1682191716.18424
msg_begin
7.75695e+06
-363682
-0.139501
0.000716694
6.31618e-05
5.88468e-06
0
0
0
1682191716.23421
msg_begin
7.75695e+06
-363682
-0.137792
0.0291151
0.00517673
0.00111821
0
0
0
1682191716.28418
msg_begin
7.75695e+06
-363682
-0.141117
0.0506996
0.0195578
0.0010268
0
0
0
1682191716.33414
msg_begin
7.75695e+06
-363682
-0.137327
0.0423531
0.00359897
0.000971749
0
0
0
1682191716.38408
msg_begin
7.75695e+06
-363682
-0.140416
0.0564531
0.00594581
0.000940333
0
0
0
1682191716.43398
msg_begin
7.75695e+06
-363682
-0.138769
0.00124452
0.000345837
8.89603e-06
0
0
0
1682191716.48392
msg_begin
7.75695e+06
-363682
-0.139194
0.00572393
0.00757316
0.00100314
0
0
0
1682191716.53379
msg_begin
7.75695e+06
-363682
-0.140397
0.00987499
0.00690424
0.000392564
0
0
0
1682191716.58364
msg_begin
7.75695e+06
-363682
-0.137444
0.00984756
0.00130844
0.000451091
0
0
0
1682191716.63353
msg_begin
7.75695e+06
-363682
-0.134837
0.00800771
0.000804928
0.000762696
0
0
0
1682191716.68336
msg_begin
7.75695e+06
-363682
-0.13793
0.00717408
0.00494365
0.000128223
0
0
0
1682191716.73326
msg_begin
7.75696e+06
-363682
-0.13858
0.000331399
0.00048485
8.04501e-05
0
0
0
1682191716.78308
msg_begin
7.75696e+06
-363682
-0.138296
0.00709318
0.00448716
0.00117736
0
0
0
1682191716.83293
msg_begin
7.75696e+06
-363682
-0.138771
0.0126185
0.00170898
0.000600481
0
0
0
1682191716.88279
msg_begin
7.75696e+06
-363683
-0.136805
7.26432e-08
3.60887e-09
3.88578e-16
0
0
0
1682191716.93269
msg_begin
7.75696e+06
-363683
-0.138455
0.00304504
0.0042697
0.000551021
0
0
0
1682191716.98259
msg_begin
7.75696e+06
-363683
-0.143582
0.0347561
0.0038285
0.000699762
0
0
0
1682191717.03257
msg_begin
7.75696e+06
-363683
-0.142807
0.0206418
0.00297492
0.000240037
0
0
0
1682191717.08243
msg_begin
7.75696e+06
-363683
-0.14473
0.00684602
0.00763935
0.000389351
0
0
0
1682191717.13240
msg_begin
7.75696e+06
-363683
-0.146284
0.00373243
0.00528195
3.60829e-05
0
0
0
1682191717.18236
msg_begin
7.75696e+06
-363683
-0.145774
0.000621498
0.000299386
5.17026e-05
0
0
0
1682191717.23233
msg_begin
7.75696e+06
-363683
-0.144252
0.0132996
0.00875121
0.000609615
0
0
0
1682191717.28223
msg_begin
7.75696e+06
-363683
-0.144036
0.00247414
0.0112129
0.000758223
0
0
0
1682191717.33222
msg_begin
7.75696e+06
-363683
-0.14341
0.000933889
0.00182371
8.37452e-05
0
0
0
1682191717.38222
msg_begin
7.75696e+06
-363683
-0.142818
3.35276e-08
7.567e-10
9.71445e-16
0
0
0
1682191717.48206
msg_begin
7.75696e+06
-363683
-0.143196
3.72529e-09
9.8953e-10
3.33067e-16
0
0
0
1682191717.53208
msg_begin
7.75696e+06
-363683
-0.142693
0.00413725
0.00154972
0.00022906
0
0
0
1682191717.58203
msg_begin
7.75696e+06
-363683
-0.143482
0.0051921
0.00151888
0.00019106
0
0
0
1682191717.63200
msg_begin
7.75696e+06
-363683
-0.144129
0.0171209
0.00382978
0.0013194
0
0
0
1682191717.68195
msg_begin
7.75696e+06
-363684
-0.143478
8.3819e-09
3.49246e-10
7.49401e-16
0
0
0
1682191717.73189
msg_begin
7.75696e+06
-363684
-0.142838
0.00233108
0.00466977
0.000102713
0
0
0
1682191717.78184
msg_begin
7.75697e+06
-363684
-0.139809
0.00635199
0.00980012
0.000330423
0
0
0
1682191717.83243
msg_begin
7.75697e+06
-363684
-0.14086
0.00767354
0.00154958
8.97483e-05
0
0
0
1682191717.88152
msg_begin
7.75697e+06
-363684
-0.14184
0.00438395
0.00191258
0.000367175
0
0
0
1682191717.93142
msg_begin
7.75697e+06
-363684
-0.142509
0.0011433
0.000725618
0.000106916
0
0
0
1682191717.98135
msg_begin
7.75697e+06
-363684
-0.143199
0.00274883
0.00148756
0.000190838
0
0
0
1682191718.03254
msg_begin
7.75697e+06
-363684
-0.14253
1.21072e-08
3.0268e-09
1.19349e-15
0
0
0
1682191718.08110
msg_begin
7.75697e+06
-363684
-0.141051
0.00869876
0.00508364
0.000466299
0
0
0
1682191718.13104
msg_begin
7.75697e+06
-363684
-0.139706
0.00213883
0.000125452
9.65032e-05
0
0
0
1682191718.18093
msg_begin
7.75697e+06
-363684
-0.139333
0.0211603
0.00734398
0.0011548
0
0
0
1682191718.23101
msg_begin
7.75697e+06
-363684
-0.141016
0.00791147
0.00287891
0.000586138
0
0
0
1682191718.28088
msg_begin
7.75697e+06
-363684
-0.143197
0.0233722
0.00203116
0.000869102
0
0
0
1682191718.33084
msg_begin
7.75697e+06
-363684
-0.141179
0.0373374
0.00722886
0.00127458
0
0
0
1682191718.38086
msg_begin
7.75697e+06
-363684
-0.142487
7.57531e-05
0.000433463
7.96805e-05
0
0
0
1682191718.43187
msg_begin
7.75697e+06
-363684
-0.142342
0.0270763
0.0186599
0.000776842
0
0
0
1682191718.48076
msg_begin
7.75697e+06
-363685
-0.141867
0.00722267
0.00907153
0.000566854
0
0
0
1682191718.53065
msg_begin
7.75697e+06
-363685
-0.140894
0.00459468
0.00355108
0.000286262
0
0
0
1682191718.58055
msg_begin
7.75697e+06
-363685
-0.143157
0.00838346
0.000782228
0.000661348
0
0
0
1682191718.63133
msg_begin
7.75697e+06
-363685
-0.142776
0.0017015
0.00115036
0.000107771
0
0
0
1682191718.68030
msg_begin
7.75697e+06
-363685
-0.14088
0.0192983
0.00162146
0.000186616
0
0
0
1682191718.73020
msg_begin
7.75697e+06
-363685
-0.141766
0.00694645
0.00152628
0.000284183
0
0
0
1682191718.78027
msg_begin
7.75697e+06
-363685
-0.139284
0.0115221
0.00343581
0.00114433
0
0
0
1682191718.82993
msg_begin
7.75698e+06
-363685
-0.141503
0.000932421
0.00136816
3.111e-05
0
0
0
1682191718.87974
msg_begin
7.75698e+06
-363685
-0.143513
0.00219813
0.00324692
0.000515619
0
0
0
1682191718.92961
msg_begin
7.75698e+06
-363685
-0.139829
0.0054142
0.00362405
0.000398999
0
0
0
1682191718.97958
msg_begin
7.75698e+06
-363685
-0.139199
0.00559795
0.00158957
0.000209278
0
0
0
1682191719.02940
msg_begin
7.75698e+06
-363685
-0.134679
0.00775256
0.00796073
0.00018675
0
0
0
1682191719.07937
msg_begin
7.75698e+06
-363685
-0.134321
0.00231123
0.0175276
0.000644922
0
0
0
1682191719.12929
msg_begin
7.75698e+06
-363685
-0.13178
0.00526161
0.000812578
0.000489189
0
0
0
1682191719.17934
msg_begin
7.75698e+06
-363685
-0.135631
0.000852931
0.00185479
0.000147669
0
0
0
1682191719.22930
msg_begin
7.75698e+06
-363685
-0.135099
0.00433536
0.00552882
0.00043593
0
0
0
1682191719.27932
msg_begin
7.75698e+06
-363685
-0.135251
0.0188608
0.00869263
0.000473315
0
0
0
1682191719.32933
msg_begin
7.75698e+06
-363686
-0.140013
0.000133859
0.00107595
0.000156652
0
0
0
1682191719.37954
msg_begin
7.75698e+06
-363686
-0.134358
0.00792366
0.0021105
0.000646294
0
0
0
1682191719.42937
msg_begin
7.75698e+06
-363686
-0.13541
0.0151349
0.00446571
0.000344898
0
0
0
1682191719.47936
msg_begin
7.75698e+06
-363686
-0.13718
0.00124692
0.000164341
6.49157e-05
0
0
0
1682191719.52929
msg_begin
7.75698e+06
-363686
-0.134817
0.00813329
0.00420434
0.000343166
0
0
0
1682191719.57936
msg_begin
7.75698e+06
-363686
-0.134409
0.010129
0.0023994
0.000337968
0
0
0
1682191719.62919
msg_begin
7.75698e+06
-363686
-0.136863
0.000602571
0.000484484
3.41763e-05
0
0
0
1682191719.67912
msg_begin
7.75698e+06
-363686
-0.138896
0.0131142
0.00856863
0.000597558
0
0
0
1682191719.72972
msg_begin
7.75698e+06
-363686
-0.137349
0.00983156
0.0153036
0.00114706
0
0
0
1682191719.77911
msg_begin
7.75698e+06
-363686
-0.136671
0.00653507
0.00253703
0.000122883
0
0
0
1682191719.83016
msg_begin
7.75698e+06
-363686
-0.136963
0.0316621
0.00851534
0.000491013
0
0
0
1682191719.87875
msg_begin
7.75699e+06
-363686
-0.136345
0.0292192
0.00465778
0.000724209
0
0
0
1682191719.92861
msg_begin
7.75699e+06
-363686
-0.138052
0.0124347
0.0124287
0.00071483
0
0
0
1682191719.97850
msg_begin
7.75699e+06
-363686
-0.139052
0.00524348
0.000357157
0.000294905
0
0
0
1682191720.02886
msg_begin
7.75699e+06
-363686
-0.13971
0.0205693
0.00482212
0.000225433
0
0
0
1682191720.07818
msg_begin
7.75699e+06
-363686
-0.140722
0.00362364
0.00370639
0.000395016
0
0
0
1682191720.12807
msg_begin
7.75699e+06
-363686
-0.140047
0.00387334
0.0037122
0.000504188
0
0
0
1682191720.17802
msg_begin
7.75699e+06
-363687
-0.137951
0.0122555
0.009784
0.000677002
0
0
0
1682191720.22891
msg_begin
7.75699e+06
-363687
-0.139595
0.0192287
0.0087157
0.00056088
0
0
0
1682191720.27760
msg_begin
7.75699e+06
-363687
-0.139043
0.0297974
0.00836919
0.00203506
0
0
0
1682191720.32751
msg_begin
7.75699e+06
-363687
-0.139392
0.00645447
0.00262082
0.000360604
0
0
0
1682191720.37740
msg_begin
7.75699e+06
-363687
-0.141077
0.0128844
0.00266542
0.000214187
0
0
0
1682191720.42785
msg_begin
7.75699e+06
-363687
-0.141057
0.0119142
0.0110039
0.000982533
0
0
0
1682191720.47721
msg_begin
7.75699e+06
-363687
-0.142786
0.0127075
0.0136582
0.000351151
0
0
0
1682191720.52721
msg_begin
7.75699e+06
-363687
-0.142734
0.00441048
0.00650677
0.000774905
0
0
0
1682191720.57704
msg_begin
7.75699e+06
-363687
-0.141705
0.00196837
0.000289883
6.22767e-05
0
0
0
1682191720.62838
msg_begin
7.75699e+06
-363687
-0.140231
0.00844288
0.00560809
0.000789847
0
0
0
1682191720.67704
msg_begin
7.75699e+06
-363687
-0.142524
0.00643581
0.00421377
0.000369924
0
0
0
1682191720.72764
msg_begin
7.75699e+06
-363687
-0.147355
0.000686022
0.00126549
0.000675698
0
0
0
1682191720.77696
msg_begin
7.75699e+06
-363687
-0.142599
4.74975e-08
2.21189e-09
9.15934e-16
0
0
0
1682191720.82695
msg_begin
7.75699e+06
-363687
-0.143593
0.00321419
0.000899349
0.000137764
0
0
0
1682191720.87689
msg_begin
7.75699e+06
-363687
-0.143767
0.0135407
0.00381007
0.000503757
0
0
0
1682191720.92688
msg_begin
7.757e+06
-363687
-0.143815
0.00192818
0.0006296
0.00011325
0
0
0
1682191720.97710
msg_begin
7.757e+06
-363688
-0.142707
6.33299e-08
6.40284e-10
2.77556e-17
0
0
0
1682191721.02676
msg_begin
7.757e+06
-363688
-0.144463
0.0228924
0.00532401
0.000988184
0
0
0
1682191721.07667
msg_begin
7.757e+06
-363688
-0.145351
0.0033904
0.00128893
0.000140663
0
0
0
1682191721.12657
msg_begin
7.757e+06
-363688
-0.14268
0.00994144
0.00325127
0.000648659
0
0
0
1682191721.17689
msg_begin
7.757e+06
-363688
-0.141252
0.0272747
0.0149447
0.000515499
0
0
0
1682191721.22644
msg_begin
7.757e+06
-363688
-0.14289
4.65661e-09
1.80444e-09
1.41553e-15
0
0
0
1682191721.27625
msg_begin
7.757e+06
-363688
-0.141984
0.00230723
0.0014122
0.00038303
0
0
0
1682191721.32611
msg_begin
7.757e+06
-363688
-0.144583
0.0158481
0.00459196
0.000293015
0
0
0
1682191721.37620
msg_begin
7.757e+06
-363688
-0.142013
0.0101538
0.00185283
0.000316266
0
0
0
1682191721.42591
msg_begin
7.757e+06
-363688
-0.143599
0.0231077
0.011563
0.000805188
0
0
0
1682191721.47576
msg_begin
7.757e+06
-363688
-0.144981
0.00389152
0.00263561
0.000451657
0
0
0
1682191721.52562
msg_begin
7.757e+06
-363688
-0.145104
0.00911845
0.00175615
0.000306075
0
0
0
1682191721.57592
msg_begin
7.757e+06
-363688
-0.14333
0.000530953
0.000174441
2.37489e-05
0
0
0
1682191721.62555
msg_begin
7.757e+06
-363688
-0.142485
0.000506814
0.000255246
4.28927e-05
0
0
0
1682191721.67531
msg_begin
7.757e+06
-363688
-0.143028
0.0067837
0.00062122
8.20984e-05
0
0
0
1682191721.72516
msg_begin
7.757e+06
-363688
-0.14553
0.000108853
0.000403243
5.19878e-06
0
0
0
1682191721.77501
msg_begin
7.757e+06
-363688
-0.143543
0.0306258
0.00636373
0.000938432
0
0
0
1682191721.82553
msg_begin
7.757e+06
-363689
-0.143844
7.72998e-08
2.91038e-10
3.33067e-16
0
0
0
1682191721.87473
msg_begin
7.757e+06
-363689
-0.145106
0.00433643
0.00171681
0.000394451
0
0
0
1682191721.92463
msg_begin
7.757e+06
-363689
-0.143003
0.00846305
0.00468563
0.000353363
0
0
0
1682191721.97453
msg_begin
7.757e+06
-363689
-0.142044
0.00461974
0.00168692
0.000121783
0
0
0
1682191722.02435
msg_begin
7.75701e+06
-363689
-0.140651
0.0017705
0.00162196
0.000302866
0
0
0
1682191722.07436
msg_begin
7.75701e+06
-363689
-0.139092
0.0016408
0.00317311
0.000148948
0
0
0
1682191722.12417
msg_begin
7.75701e+06
-363689
-0.139285
0.0270863
0.00844214
0.000519157
0
0
0
1682191722.17408
msg_begin
7.75701e+06
-363689
-0.138258
0.00454734
0.002581
0.000154177
0
0
0
1682191722.22416
msg_begin
7.75701e+06
-363689
-0.138863
0.0042895
0.00368253
0.000269584
0
0
0
1682191722.27390
msg_begin
7.75701e+06
-363689
-0.137242
0.00290812
0.00927499
0.000189206
0
0
0
1682191722.32390
msg_begin
7.75701e+06
-363689
-0.136849
0.0287249
0.00485549
0.00022598
0
0
0
1682191722.37384
msg_begin
7.75701e+06
-363689
-0.137947
0.0163902
0.00487701
0.00095976
0
0
0
1682191722.42383
msg_begin
7.75701e+06
-363689
-0.134669
0.0069071
0.00127125
0.000167901
0
0
0
1682191722.47375
msg_begin
7.75701e+06
-363689
-0.137872
0.00657378
8.15364e-05
0.000194121
0
0
0
1682191722.52372
msg_begin
7.75701e+06
-363689
-0.135897
0.020344
0.00102974
5.88491e-05
0
0
0
1682191722.57367
msg_begin
7.75701e+06
-363689
-0.137934
8.84756e-08
2.91038e-09
1.11022e-16
0
0
0
1682191722.62382
msg_begin
7.75701e+06
-363689
-0.137116
0.00232455
0.000254022
1.38463e-05
0
0
0
1682191722.67361
msg_begin
7.75701e+06
-363690
-0.13802
0.0144867
0.00281194
0.000400691
0
0
0
1682191722.72364
msg_begin
7.75701e+06
-363690
-0.136034
0.012051
0.0103455
0.000374507
0
0
0
1682191722.77365
msg_begin
7.75701e+06
-363690
-0.136816
0.0042379
0.00508822
0.000354536
0
0
0
1682191722.82358
msg_begin
7.75701e+06
-363690
-0.134874
0.00595036
0.00316628
0.000301342
0
0
0
1682191722.87369
msg_begin
7.75701e+06
-363690
-0.135869
0.00532125
0.0045958
0.000287664
0
0
0
1682191722.92366
msg_begin
7.75701e+06
-363690
-0.136828
0.00358511
0.000870665
0.000100166
0
0
0
1682191722.97365
msg_begin
7.75701e+06
-363690
-0.136768
0.00728279
0.000701807
5.28123e-05
0
0
0
1682191723.02363
msg_begin
7.75701e+06
-363690
-0.137711
0.0101845
0.00477278
0.000241856
0
0
0
1682191723.07356
msg_begin
7.75701e+06
-363690
-0.137602
0.00244306
0.00326459
8.42527e-05
0
0
0
1682191723.12345
msg_begin
7.75702e+06
-363690
-0.136784
0.00205046
0.000464269
6.4598e-05
0
0
0
1682191723.17340
msg_begin
7.75702e+06
-363690
-0.138072
0.0111624
0.00268184
0.000771809
0
0
0
1682191723.22334
msg_begin
7.75702e+06
-363690
-0.140126
0.00348241
0.00504848
0.000330397
0
0
0
1682191723.27322
msg_begin
7.75702e+06
-363690
-0.140194
0.011652
0.017556
0.000622793
0
0
0
1682191723.32307
msg_begin
7.75702e+06
-363690
-0.13735
0.00951257
0.0126513
0.000700047
0
0
0
1682191723.37296
msg_begin
7.75702e+06
-363690
-0.139806
0.000199079
0.00034938
3.22208e-05
0
0
0
1682191723.42284
msg_begin
7.75702e+06
-363690
-0.143707
6.51926e-08
2.2701e-09
3.05311e-16
0
0
0
1682191723.47276
msg_begin
7.75702e+06
-363690
-0.143071
0.00381249
0.00158806
0.000359685
0
0
0
1682191723.52265
msg_begin
7.75702e+06
-363690
-0.142758
0.0100921
0.00140867
0.000234106
0
0
0
1682191723.57249
msg_begin
7.75702e+06
-363690
-0.143517
2.79397e-09
1.57161e-09
1.27676e-15
0
0
0
1682191723.62238
msg_begin
7.75702e+06
-363691
-0.143732
0.000755085
0.00104446
0.000175713
0
0
0
1682191723.67224
msg_begin
7.75702e+06
-363691
-0.144217
0.00728
0.00850403
0.000384732
0
0
0
1682191723.72214
msg_begin
7.75702e+06
-363691
-0.142448
0.0031008
0.000943168
8.53173e-05
0
0
0
1682191723.77361
msg_begin
7.75702e+06
-363691
-0.145529
0.0108667
0.00163496
0.000357663
0
0
0
1682191723.82210
msg_begin
7.75702e+06
-363691
-0.143736
0.00182061
0.00169706
0.000392481
0
0
0
1682191723.87188
msg_begin
7.75702e+06
-363691
-0.143557
0.00278075
7.08769e-05
3.63253e-05
0
0
0
1682191723.92173
msg_begin
7.75702e+06
-363691
-0.143085
0.00405265
0.000247689
0.000225608
0
0
0
1682191723.97187
msg_begin
7.75702e+06
-363691
-0.14374
0.00141315
0.000425752
6.15716e-05
0
0
0
1682191724.02152
msg_begin
7.75702e+06
-363691
-0.14266
7.07805e-08
1.57161e-09
3.33067e-16
0
0
0
1682191724.07139
msg_begin
7.75702e+06
-363691
-0.143107
0.00774191
0.00665225
0.000372655
0
0
0
1682191724.12116
msg_begin
7.75702e+06
-363691
-0.142462
0.0165859
0.0014628
0.000387506
0
0
0
1682191724.17124
msg_begin
7.75702e+06
-363691
-0.141185
0.00404427
0.00108873
0.000246361
0
0
0
1682191724.22094
msg_begin
7.75702e+06
-363691
-0.142386
0.00239395
0.00251363
4.5025e-05
0
0
0
1682191724.27082
msg_begin
7.75702e+06
-363691
-0.144164
6.23986e-08
3.49246e-10
9.15934e-16
0
0
0
1682191724.32075
msg_begin
7.75703e+06
-363691
-0.143063
0.00952279
0.00108039
0.000167223
0
0
0
1682191724.37124
msg_begin
7.75703e+06
-363691
-0.144019
0.0277833
0.00679084
0.00105849
0
0
0
1682191724.42058
msg_begin
7.75703e+06
-363691
-0.1428
0.00213533
0.00261211
0.000964584
0
0
0
1682191724.47055
msg_begin
7.75703e+06
-363691
-0.142882
7.07805e-08
2.73576e-09
7.21645e-16
0
0
0
1682191724.52061
msg_begin
7.75703e+06
-363692
-0.143058
3.25963e-08
6.40284e-10
7.77156e-16
0
0
0
1682191724.57072
msg_begin
7.75703e+06
-363692
-0.146395
0.0035535
0.00261101
0.000337498
0
0
0
1682191724.62039
msg_begin
7.75703e+06
-363692
-0.143811
0.00223175
0.00178235
0.000718524
0
0
0
1682191724.67037
msg_begin
7.75703e+06
-363692
-0.142926
0.0147008
0.00127814
0.000160732
0
0
0
1682191724.72028
msg_begin
7.75703e+06
-363692
-0.14166
0.0164632
0.00444912
0.00131139
0
0
0
1682191724.77021
msg_begin
7.75703e+06
-363692
-0.143274
4.47035e-08
3.31784e-09
2.22045e-16
0
0
0
1682191724.82021
msg_begin
7.75703e+06
-363692
-0.143304
0.00387446
0.000744849
0.000133481
0
0
0
1682191724.87013
msg_begin
7.75703e+06
-363692
-0.142321
0.00732115
0.00541887
0.00069075
0
0
0
1682191724.92013
msg_begin
7.75703e+06
-363692
-0.143073
1.95578e-08
5.82077e-11
4.71845e-16
0
0
0
1682191724.97011
msg_begin
7.75703e+06
-363692
-0.144801
0.00218585
0.000582508
5.66785e-05
0
0
0
1682191725.02002
msg_begin
7.75703e+06
-363692
-0.142694
8.3819e-09
6.40284e-10
0
0
0
0
1682191725.06995
msg_begin
7.75703e+06
-363692
-0.143862
0.0112714
0.00180766
0.000493516
0
0
0
1682191725.11991
msg_begin
7.75703e+06
-363692
-0.146713
0.00231171
0.003662
0.000314955
0
0
0
1682191725.16980
msg_begin
7.75703e+06
-363692
-0.145912
0.00845285
0.00861642
0.00121628
0
0
0
1682191725.21972
msg_begin
7.75703e+06
-363692
-0.146812
0.0086494
0.00505802
0.00055039
0
0
0
1682191725.26976
msg_begin
7.75703e+06
-363692
-0.146029
0.00260214
0.000216558
4.37741e-05
0
0
0
1682191725.31961
msg_begin
7.75703e+06
-363692
-0.146624
5.7742e-08
6.40284e-10
9.71445e-16
0
0
0
1682191725.36956
msg_begin
7.75703e+06
-363692
-0.145336
0.00461746
0.00262922
7.34629e-05
0
0
0
1682191725.41958
msg_begin
7.75703e+06
-363692
-0.143104
9.12696e-08
7.567e-10
6.10623e-16
0
0
0
1682191725.46957
msg_begin
7.75703e+06
-363692
-0.144523
0.00179941
0.0011779
0.000165165
0
0
0
1682191725.51948
msg_begin
7.75703e+06
-363692
-0.142594
0.00942976
0.000989317
0.000121942
0
0
0
1682191725.56945
msg_begin
7.75703e+06
-363692
-0.142683
0.00242508
0.000255785
0.000104172
0
0
0
1682191725.61937
msg_begin
7.75703e+06
-363692
-0.14312
0.0117153
0.00334237
0.000361665
0
0
0
1682191725.66931
msg_begin
7.75703e+06
-363692
-0.143472
0.00401731
0.00301465
8.14338e-05
0
0
0
1682191725.71924
msg_begin
7.75703e+06
-363693
-0.141692
0.00908645
0.00455339
0.000143372
0
0
0
1682191725.76937
msg_begin
7.75703e+06
-363693
-0.141296
0.0104009
0.00695196
0.000899002
0
0
0
1682191725.81896
msg_begin
7.75704e+06
-363693
-0.136401
0.00183656
0.000155642
6.29224e-05
0
0
0
1682191725.91877
msg_begin
7.75704e+06
-363693
-0.136067
1.86265e-08
4.19095e-09
0
0
0
0
1682191725.96922
msg_begin
7.75704e+06
-363693
-0.138795
0.00307051
0.00011014
0.000205772
0
0
0
1682191726.01847
msg_begin
7.75704e+06
-363693
-0.13811
0.0106477
0.00133086
0.000224655
0
0
0
1682191726.06831
msg_begin
7.75704e+06
-363693
-0.133193
1.02445e-08
3.95812e-09
8.32667e-17
0
0
0
1682191726.11827
msg_begin
7.75704e+06
-363693
-0.13629
0.00284244
0.000334636
0.0002107
0
0
0
1682191726.16923
msg_begin
7.75704e+06
-363693
-0.136449
0.00508286
0.00187184
0.000353971
0
0
0
1682191726.21792
msg_begin
7.75704e+06
-363693
-0.135843
0.00080045
0.000338361
0.000161519
0
0
0
1682191726.26777
msg_begin
7.75704e+06
-363693
-0.136749
0.0157513
0.00788298
0.000476842
0
0
0
1682191726.31770
msg_begin
7.75704e+06
-363693
-0.135728
0.00867236
0.00803061
0.000814505
0
0
0
1682191726.36891
msg_begin
7.75704e+06
-363693
-0.138535
9.12327e-05
0.000507413
0.000150864
0
0
0
1682191726.41757
msg_begin
7.75704e+06
-363693
-0.136702
0.00934842
0.0036682
0.00126262
0
0
0
1682191726.46752
msg_begin
7.75704e+06
-363693
-0.135114
0.00497066
0.000521161
8.25446e-05
0
0
0
1682191726.51750
msg_begin
7.75704e+06
-363693
-0.133252
0.0149514
0.00276368
0.00064831
0
0
0
1682191726.56838
msg_begin
7.75704e+06
-363693
-0.135177
0.00377736
0.000473957
3.80118e-05
0
0
0
1682191726.61737
msg_begin
7.75704e+06
-363693
-0.135199
0.0140684
0.00341531
0.00126618
0
0
0
1682191726.66737
msg_begin
7.75704e+06
-363693
-0.13546
0.00107864
0.000371703
0.00010923
0
0
0
1682191726.71737
msg_begin
7.75704e+06
-363693
-0.135321
0.016048
0.0045265
0.00031117
0
0
0
1682191726.76724
msg_begin
7.75704e+06
-363693
-0.135978
0.0095187
0.00532398
0.00021608
0
0
0
1682191726.81727
msg_begin
7.75704e+06
-363693
-0.135723
0.0175551
0.000688191
8.54889e-05
0
0
0
1682191726.86722
msg_begin
7.75704e+06
-363693
-0.136755
0.00364301
0.00253692
0.000147506
0
0
0
1682191726.91724
msg_begin
7.75704e+06
-363693
-0.134417
0.0160262
0.00213748
0.000520816
0
0
0
1682191726.96726
msg_begin
7.75704e+06
-363693
-0.135737
0.00631177
0.00178886
0.000372304
0
0
0
1682191727.01730
msg_begin
7.75704e+06
-363693
-0.136347
0.000204399
0.00217048
4.18855e-05
0
0
0
1682191727.06727
msg_begin
7.75704e+06
-363693
-0.135865
0.00552849
0.00521504
0.000546517
0
0
0
1682191727.11727
msg_begin
7.75704e+06
-363693
-0.136836
0.00605911
0.00271363
0.000328716
0
0
0
1682191727.16720
msg_begin
7.75704e+06
-363693
-0.136871
0.0123753
0.00224529
0.000870912
0
0
0
1682191727.21711
msg_begin
7.75704e+06
-363693
-0.137741
0.0034769
0.000403785
0.000581936
0
0
0
1682191727.26705
msg_begin
7.75704e+06
-363693
-0.136828
1.76951e-08
2.32831e-10
6.38378e-16
0
0
0
1682191727.31699
msg_begin
7.75704e+06
-363693
-0.136224
0.0134197
0.00370557
0.000423692
0
0
0
1682191727.36695
msg_begin
7.75704e+06
-363693
-0.138326
0.00236136
0.00188751
3.90337e-05
0
0
0
1682191727.41682
msg_begin
7.75704e+06
-363693
-0.138512
0.0119425
0.0037275
0.00148456
0
0
0
1682191727.46672
msg_begin
7.75704e+06
-363693
-0.138628
0.00384805
0.00308301
0.000824693
0
0
0
1682191727.51668
msg_begin
7.75704e+06
-363693
-0.13906
0.0092683
0.00681795
0.000437725
0
0
0
1682191727.56650
msg_begin
7.75704e+06
-363693
-0.138405
0.000183515
0.000295061
1.41718e-05
0
0
0
1682191727.61639
msg_begin
7.75704e+06
-363694
-0.13893
0.00768651
0.00382527
0.000434243
0
0
0
1682191727.66632
msg_begin
7.75704e+06
-363694
-0.138423
0.00635625
0.00808232
0.00040923
0
0
0
1682191727.71621
msg_begin
7.75704e+06
-363694
-0.139085
0.00202141
0.00619779
0.000147572
0
0
0
1682191727.76608
msg_begin
7.75704e+06
-363694
-0.138934
0.00891409
0.00207171
0.000103191
0
0
0
1682191727.81601
msg_begin
7.75704e+06
-363694
-0.138864
0.0139246
0.00411569
0.000315628
0
0
0
1682191727.86599
msg_begin
7.75704e+06
-363694
-0.139524
0.00070643
0.00049073
2.48124e-05
0
0
0
1682191727.91599
msg_begin
7.75704e+06
-363694
-0.140454
0.00431917
0.00562197
0.000371542
0
0
0
1682191727.96641
msg_begin
7.75704e+06
-363694
-0.140121
0.00134322
0.000833806
9.50323e-05
0
0
0
1682191728.01568
msg_begin
7.75704e+06
-363694
-0.14031
0.00443121
0.00186109
0.000318431
0
0
0
1682191728.06555
msg_begin
7.75705e+06
-363694
-0.1402
0.00402204
0.00140776
0.000161887
0
0
0
1682191728.11539
msg_begin
7.75705e+06
-363694
-0.137248
0.00202192
0.00347085
5.3163e-05
0
0
0
1682191728.16573
msg_begin
7.75705e+06
-363694
-0.140038
0.0130584
0.00443548
0.000682
0
0
0
1682191728.21524
msg_begin
7.75705e+06
-363694
-0.139222
0.00117884
0.00247418
0.000389061
0
0
0
1682191728.26520
msg_begin
7.75705e+06
-363694
-0.138364
0.00314306
0.000921693
0.000190468
0
0
0
1682191728.31515
msg_begin
7.75705e+06
-363694
-0.138277
0.00156798
0.00516023
0.000565339
0
0
0
1682191728.36557
msg_begin
7.75705e+06
-363694
-0.138255
0.00339964
0.00211853
0.000418607
0
0
0
1682191728.41506
msg_begin
7.75705e+06
-363694
-0.138906
0.000414085
0.000136564
2.80844e-06
0
0
0
1682191728.46500
msg_begin
7.75705e+06
-363694
-0.140488
0.00503878
0.00126098
0.000275251
0
0
0
1682191728.51490
msg_begin
7.75705e+06
-363694
-0.137802
0.0179798
0.0071947
0.00083626
0
0
0
1682191728.56550
msg_begin
7.75705e+06
-363694
-0.134805
8.3819e-09
3.72529e-09
3.88578e-16
0
0
0
1682191728.61496
msg_begin
7.75705e+06
-363694
-0.138076
1.39698e-08
3.49246e-10
5.82867e-16
0
0
0
1682191728.66496
msg_begin
7.75705e+06
-363694
-0.138258
0.0124741
0.00547329
0.00104412
0
0
0
1682191728.76477
msg_begin
7.75705e+06
-363694
-0.138087
0.00354597
0.00300281
0.000188555
0
0
0
1682191728.81473
msg_begin
7.75705e+06
-363694
-0.139418
0.0133758
0.000457821
0.00111833
0
0
0
1682191728.86462
msg_begin
7.75705e+06
-363694
-0.136639
0.00166538
0.00135477
4.96725e-05
0
0
0
1682191728.91457
msg_begin
7.75705e+06
-363694
-0.138911
2.23517e-08
3.49246e-09
1.55431e-15
0
0
0
1682191728.96444
msg_begin
7.75705e+06
-363694
-0.137152
0.0146966
0.000431984
0.000670625
0
0
0
1682191729.01432
msg_begin
7.75705e+06
-363694
-0.138063
0.00861245
0.00219385
0.000687663
0
0
0
1682191729.06420
msg_begin
7.75705e+06
-363694
-0.141392
0.0320623
0.0062709
0.00193054
0
0
0
1682191729.11417
msg_begin
7.75705e+06
-363694
-0.139296
0.00255324
0.00102713
0.000148632
0
0
0
1682191729.16404
msg_begin
7.75705e+06
-363694
-0.140826
0.0167504
0.0018899
0.000964145
0
0
0
1682191729.21405
msg_begin
7.75705e+06
-363694
-0.140997
0.00410502
0.00425391
0.000416196
0
0
0
1682191729.26390
msg_begin
7.75705e+06
-363694
-0.138247
0.0131632
0.00562897
0.000573267
0
0
0
1682191729.31375
msg_begin
7.75705e+06
-363694
-0.138009
0.0101667
0.00340778
0.000316516
0
0
0
1682191729.36371
msg_begin
7.75705e+06
-363694
-0.137898
0.00305688
0.00178295
0.000127136
0
0
0
1682191729.41363
msg_begin
7.75705e+06
-363694
-0.138968
0.00890269
0.00263996
0.000842378
0
0
0
1682191729.46351
msg_begin
7.75705e+06
-363694
-0.140179
0.0080362
0.00336098
0.000315125
0
0
0
1682191729.51348
msg_begin
7.75705e+06
-363694
-0.141191
0.0135274
0.00459191
0.000783329
0
0
0
1682191729.56346
msg_begin
7.75705e+06
-363694
-0.139898
0.00204724
0.000441571
3.59636e-05
0
0
0
1682191729.61337
msg_begin
7.75705e+06
-363694
-0.142414
0.00123999
0.0010959
8.05059e-05
0
0
0
1682191729.66329
msg_begin
7.75705e+06
-363695
-0.139338
0.00376808
0.000979284
0.000115305
0
0
0
1682191729.71334
msg_begin
7.75705e+06
-363695
-0.138836
0.00566637
0.0017147
0.000197403
0
0
0
1682191729.76331
msg_begin
7.75705e+06
-363695
-0.138311
0.00384226
0.00106809
0.00019593
0
0
0
1682191729.81324
msg_begin
7.75705e+06
-363695
-0.139567
0.018637
0.0017736
0.00177465
0
0
0
1682191729.86330
msg_begin
7.75705e+06
-363695
-0.141677
0.00414244
0.00234698
0.000158324
0
0
0
1682191729.91331
msg_begin
7.75705e+06
-363695
-0.139816
0.00221583
0.000337545
7.94344e-05
0
0
0
1682191729.96332
msg_begin
7.75705e+06
-363695
-0.139742
0.007629
0.00339407
0.000488199
0
0
0
1682191730.01330
msg_begin
7.75705e+06
-363695
-0.140115
0.0127642
0.00372516
0.00050622
0
0
0
1682191730.06330
msg_begin
7.75705e+06
-363695
-0.141144
0.0241778
0.000703535
0.000275159
0
0
0
1682191730.11332
msg_begin
7.75705e+06
-363695
-0.141244
0.0311792
0.00660438
0.000598001
0
0
0
1682191730.16326
msg_begin
7.75705e+06
-363695
-0.140925
0.0122596
0.00489685
0.000522554
0
0
0
1682191730.21324
msg_begin
7.75705e+06
-363695
-0.141237
0.00816168
0.00199816
0.000271722
0
0
0
1682191730.26317
msg_begin
7.75705e+06
-363695
-0.141782
0.0074413
0.00785798
0.00117433
0
0
0
1682191730.31314
msg_begin
7.75705e+06
-363695
-0.142088
0.00395478
0.00030433
3.92117e-05
0
0
0
1682191730.36340
msg_begin
7.75705e+06
-363695
-0.143073
0.0116087
0.00333615
0.000327242
0
0
0
1682191730.41315
msg_begin
7.75705e+06
-363695
-0.14319
0.00670196
0.00544355
0.000516711
0
0
0
1682191730.46309
msg_begin
7.75705e+06
-363695
-0.143719
0.00584356
0.000653648
7.94974e-05
0
0
0
1682191730.51300
msg_begin
7.75705e+06
-363695
-0.145011
0.00484439
0.00700499
0.00059721
0
0
0
1682191730.56299
msg_begin
7.75706e+06
-363695
-0.145511
0.00735971
0.00389826
0.000206378
0
0
0
1682191730.61301
msg_begin
7.75706e+06
-363695
-0.146146
0.00507593
0.00172798
0.000120192
0
0
0
1682191730.66301
msg_begin
7.75706e+06
-363695
-0.143373
0.0141186
0.00106931
0.000249361
0
0
0
1682191730.76302
msg_begin
7.75706e+06
-363695
-0.144237
0.0208333
0.00114763
0.000263909
0
0
0
1682191730.81305
msg_begin
7.75706e+06
-363695
-0.145102
0.0123355
0.000426167
5.64836e-05
0
0
0
1682191730.86304
msg_begin
7.75706e+06
-363695
-0.146163
0.0175884
0.00648359
0.00110749
0
0
0
1682191730.91307
msg_begin
7.75706e+06
-363695
-0.147517
0.0227337
0.0119711
0.000453157
0
0
0
1682191730.96303
msg_begin
7.75706e+06
-363695
-0.145674
0.00930746
0.00862574
0.00141672
0
0
0
1682191731.01304
msg_begin
7.75706e+06
-363695
-0.146823
0.00261155
0.000777819
0.000100367
0
0
0
1682191731.06306
msg_begin
7.75706e+06
-363695
-0.146041
0.0152399
0.00945522
0.00050007
0
0
0
1682191731.11305
msg_begin
7.75706e+06
-363695
-0.146733
0.0119064
0.014499
0.000582409
0
0
0
1682191731.16302
msg_begin
7.75706e+06
-363695
-0.144251
0.00212028
0.00585526
0.000266742
0
0
0
1682191731.21298
msg_begin
7.75706e+06
-363695
-0.147096
0.0443774
0.0108198
0.00113916
0
0
0
1682191731.26293
msg_begin
7.75706e+06
-363695
-0.14786
0.01092
0.00324065
0.0011472
0
0
0
1682191731.31288
msg_begin
7.75706e+06
-363696
-0.14733
0.00615484
0.00430463
0.00053698
0
0
0
1682191731.36291
msg_begin
7.75706e+06
-363696
-0.144481
0.0165228
0.00292508
0.000470763
0
0
0
1682191731.41277
msg_begin
7.75706e+06
-363696
-0.144593
0.000523146
0.000428298
0.000189933
0
0
0
1682191731.46276
msg_begin
7.75706e+06
-363696
-0.146117
0.00663223
0.00700685
0.00041135
0
0
0
1682191731.51271
msg_begin
7.75706e+06
-363696
-0.145755
0.00243412
0.00177423
0.00125896
0
0
0
1682191731.56266
msg_begin
7.75706e+06
-363696
-0.147573
0.0172389
0.004832
0.000362312
0
0
0
1682191731.61263
msg_begin
7.75706e+06
-363696
-0.14855
0.0107204
0.00695211
0.000384542
0
0
0
1682191731.66260
msg_begin
7.75706e+06
-363696
-0.144623
0.0012812
3.36205e-05
6.5201e-05
0
0
0
1682191731.71264
msg_begin
7.75706e+06
-363696
-0.147867
0.00379157
0.00225063
0.000287504
0
0
0
1682191731.76255
msg_begin
7.75706e+06
-363696
-0.14714
0.0159427
0.00172917
0.00020409
0
0
0
1682191731.81253
msg_begin
7.75706e+06
-363696
-0.148287
0.0139255
0.00811657
0.00068958
0
0
0
1682191731.86254
msg_begin
7.75706e+06
-363696
-0.147258
0.00914164
0.00588822
0.000543548
0
0
0
1682191731.91249
msg_begin
7.75706e+06
-363696
-0.149738
0.031165
0.00427258
0.00151698
0
0
0
1682191731.96258
msg_begin
7.75706e+06
-363696
-0.151628
0.00124278
0.00171101
3.16373e-05
0
0
0
1682191732.01256
msg_begin
7.75706e+06
-363696
-0.151054
0.00504029
0.00118413
0.00056263
0
0
0
1682191732.06252
msg_begin
7.75706e+06
-363696
-0.151406
0.00620447
0.00351006
0.000379745
0
0
0
1682191732.11249
msg_begin
7.75706e+06
-363696
-0.150296
0.00699343
0.000710006
0.000123889
0
0
0
1682191732.16250
msg_begin
7.75706e+06
-363696
-0.15146
0.00699643
0.00238778
0.000577436
0
0
0
1682191732.21248
msg_begin
7.75706e+06
-363696
-0.152527
0.00639557
0.00071235
0.000241303
0
0
0
1682191732.26247
msg_begin
7.75706e+06
-363696
-0.149842
0.00163608
0.000508143
0.000179569
0
0
0
1682191732.31240
msg_begin
7.75706e+06
-363696
-0.147275
0.00658921
0.00758678
0.000545578
0
0
0
1682191732.36264
msg_begin
7.75706e+06
-363696
-0.144423
0.00359523
0.00613053
0.00027374
0
0
0
1682191732.41248
msg_begin
7.75706e+06
-363696
-0.143849
0.000701812
0.00071095
3.0111e-05
0
0
0
1682191732.46234
msg_begin
7.75706e+06
-363696
-0.143161
0.0011487
0.000928049
8.42926e-05
0
0
0
1682191732.51237
msg_begin
7.75706e+06
-363696
-0.143615
0.000300603
0.000559946
6.43121e-05
0
0
0
1682191732.56228
msg_begin
7.75707e+06
-363696
-0.137317
0.00461917
0.00190274
0.000420207
0
0
0
1682191732.61223
msg_begin
7.75707e+06
-363696
-0.136387
0.00629647
0.0060822
0.00159635
0
0
0
1682191732.66219
msg_begin
7.75707e+06
-363696
-0.137685
5.58794e-09
6.40284e-10
8.04912e-16
0
0
0
1682191732.71213
msg_begin
7.75707e+06
-363697
-0.136308
0.00980774
0.00546114
0.000359962
0
0
0
1682191732.76214
msg_begin
7.75707e+06
-363697
-0.135256
0.00368173
0.00603295
0.000276226
0
0
0
1682191732.81206
msg_begin
7.75707e+06
-363697
-0.129871
1.49012e-08
2.56114e-09
7.49401e-16
0
0
0
1682191732.86203
msg_begin
7.75707e+06
-363697
-0.129993
0.00657232
0.000346951
0.000135469
0
0
0
1682191732.91201
msg_begin
7.75707e+06
-363697
-0.126527
0.00726519
0.000887918
0.000275242
0
0
0
1682191732.96196
msg_begin
7.75707e+06
-363697
-0.124456
0.00933999
0.00189164
0.00051285
0
0
0
1682191733.01191
msg_begin
7.75707e+06
-363697
-0.114757
0.0292712
0.00298339
0.00129956
0
0
0
1682191733.06191
msg_begin
7.75707e+06
-363697
-0.114415
0.0155138
0.0164104
0.00112435
0
0
0
1682191733.11191
msg_begin
7.75707e+06
-363697
-0.104514
0.00424573
0.00708761
0.000851209
0
0
0
1682191733.16187
msg_begin
7.75707e+06
-363697
-0.0965194
0.00648902
0.00260882
0.00172121
0
0
0
1682191733.21181
msg_begin
7.75707e+06
-363697
-0.09141
0.00585577
0.00379924
0.000593401
0
0
0
1682191733.26167
msg_begin
7.75707e+06
-363697
-0.0844739
0.0151604
0.00114885
0.000861295
0
0
0
1682191733.31168
msg_begin
7.75707e+06
-363697
-0.0800975
0.00115932
0.00164158
0.000270355
0
0
0
1682191733.36160
msg_begin
7.75707e+06
-363697
-0.0678018
0.0154757
0.00435846
0.000323387
0
0
0
1682191733.41156
msg_begin
7.75707e+06
-363697
-0.0585975
7.07805e-08
2.56114e-09
2.42861e-16
0
0
0
1682191733.46146
msg_begin
7.75707e+06
-363697
-0.0466478
0.00067412
0.0022106
0.00048703
0
0
0
1682191733.51145
msg_begin
7.75707e+06
-363697
-0.0450781
3.72529e-09
3.49246e-10
1.45717e-16
0
0
0
1682191733.56141
msg_begin
7.75707e+06
-363697
-0.0309623
0.00218475
0.000542603
5.66166e-05
0
0
0
1682191733.61130
msg_begin
7.75707e+06
-363697
-0.0163518
0.00936454
0.00451962
0.000147389
0
0
0
1682191733.66129
msg_begin
7.75707e+06
-363697
0.00327395
0.00039357
0.000533721
0.000841497
0
0
0
1682191733.71132
msg_begin
7.75707e+06
-363697
0.00199509
0.00344855
0.0019831
0.00212904
0
0
0
1682191733.76115
msg_begin
7.75707e+06
-363697
0.0208882
0.0037326
0.000697966
0.000298351
0
0
0
1682191733.81116
msg_begin
7.75707e+06
-363697
0.0317144
0.00372588
0.00776655
1.2487e-06
0
0
0
1682191733.86105
msg_begin
7.75707e+06
-363697
0.0488823
0.0046702
0.00316044
0.000471279
0
0
0
1682191733.91100
msg_begin
7.75707e+06
-363697
0.0635577
0.000785938
0.0005312
5.40659e-05
0
0
0
1682191733.96105
msg_begin
7.75707e+06
-363697
0.0734446
0.0260253
0.00311231
0.00151365
0
0
0
1682191734.01090
msg_begin
7.75707e+06
-363697
0.0840512
0.000482647
0.00446578
5.57439e-06
0
0
0
1682191734.06086
msg_begin
7.75707e+06
-363697
0.10054
0.00899838
0.00206039
0.000882847
0
0
0
1682191734.11157
msg_begin
7.75707e+06
-363697
0.116216
0.0163534
0.00220554
0.000623021
0
0
0
1682191734.16074
msg_begin
7.75707e+06
-363697
0.131365
0.0197081
0.0039333
0.0027031
0
0
0
1682191734.21062
msg_begin
7.75707e+06
-363697
0.145338
0.0061699
0.00359373
0.000754308
0
0
0
1682191734.26066
msg_begin
7.75707e+06
-363697
0.155479
0.000295054
0.00197402
0.000133998
0
0
0
1682191734.31066
msg_begin
7.75707e+06
-363697
0.16836
0.00630889
0.00396475
0.000752344
0
0
0
1682191734.36055
msg_begin
7.75707e+06
-363697
0.183136
5.58794e-09
1.74623e-09
8.04912e-16
0
0
0
1682191734.41052
msg_begin
7.75707e+06
-363697
0.195963
0.00654428
0.00689504
0.000325805
0
0
0
1682191734.46044
msg_begin
7.75708e+06
-363697
0.208628
0.00490702
0.00442729
0.000445481
0
0
0
1682191734.51079
msg_begin
7.75708e+06
-363696
0.222647
0.0067361
0.00255453
0.00046077
0
0
0
1682191734.56038
msg_begin
7.75708e+06
-363696
0.236327
0.00470955
0.0024939
0.00113122
0
0
0
1682191734.61034
msg_begin
7.75708e+06
-363696
0.250892
0.0202799
0.00461112
0.00122073
0
0
0
1682191734.66040
msg_begin
7.75708e+06
-363696
0.267444
8.56817e-08
1.74623e-10
2.83107e-15
0
0
0
1682191734.71032
msg_begin
7.75708e+06
-363696
0.284264
5.12227e-08
3.0268e-09
3.88578e-16
0
0
0
1682191734.76036
msg_begin
7.75708e+06
-363696
0.294501
0.011209
0.000964793
0.000349371
0
0
0
1682191734.81020
msg_begin
7.75708e+06
-363696
0.307777
0.0155713
0.00185345
0.000371279
0
0
0
1682191734.86012
msg_begin
7.75708e+06
-363696
0.321948
0.00637863
0.00221501
0.000205066
0
0
0
1682191734.91006
msg_begin
7.75708e+06
-363696
0.332905
3.42161e-05
0.000343696
3.96589e-05
0
0
0
1682191734.96004
msg_begin
7.75708e+06
-363696
0.350392
0.00663395
0.00286865
0.000359072
0
0
0
1682191735.01001
msg_begin
7.75708e+06
-363696
0.362191
0.00213819
0.00385403
0.000131494
0
0
0
1682191735.05997
msg_begin
7.75708e+06
-363696
0.373962
0.00324531
0.000418298
3.05387e-05
0
0
0
1682191735.10999
msg_begin
7.75708e+06
-363695
0.386951
0.001762
0.000654181
0.000105596
0
0
0
1682191735.15998
msg_begin
7.75708e+06
-363695
0.402499
3.72529e-09
7.567e-10
8.88178e-16
0
0
0
1682191735.21001
msg_begin
7.75708e+06
-363695
0.416011
0.0061277
0.000813848
0.000416719
0
0
0
1682191735.25998
msg_begin
7.75708e+06
-363695
0.427727
0.00285304
0.00284135
0.000481987
0
0
0
1682191735.30998
msg_begin
7.75708e+06
-363695
0.439183
0.00497046
0.0014638
0.000352275
0
0
0
1682191735.36000
msg_begin
7.75708e+06
-363695
0.450738
0.00470428
0.00144671
0.000954718
0
0
0
1682191735.41004
msg_begin
7.75708e+06
-363695
0.458708
0.00409225
0.00259096
0.000336801
0
0
0
1682191735.46001
msg_begin
7.75708e+06
-363695
0.468872
3.72529e-08
2.56114e-09
5.16254e-15
0
0
0
1682191735.51012
msg_begin
7.75708e+06
-363695
0.488391
0.00741457
0.00355886
0.000782854
0
0
0
1682191735.61016
msg_begin
7.75708e+06
-363694
0.508079
0.0042361
0.00545197
0.000563014
0
0
0
1682191735.76029
msg_begin
7.75708e+06
-363694
0.515565
5.86733e-08
3.49246e-10
6.66134e-16
0
0
0
1682191735.81037
msg_begin
7.75708e+06
-363694
0.519162
0.00349083
0.00278624
0.000209076
0
0
0
1682191735.86040
msg_begin
7.75708e+06
-363694
0.526384
0.0042788
0.00354291
0.000231742
0
0
0
1682191735.91063
msg_begin
7.75708e+06
-363694
0.532355
0.000367552
0.000628814
5.62764e-05
0
0
0
1682191735.96044
msg_begin
7.75708e+06
-363693
0.531521
0.000550353
0.000378498
4.63796e-05
0
0
0
1682191736.01047
msg_begin
7.75708e+06
-363693
0.533586
0.000282183
0.00148222
1.61012e-05
0
0
0
1682191736.06055
msg_begin
7.75708e+06
-363693
0.534614
8.3819e-09
9.31323e-10
1.77636e-15
0
0
0
1682191736.11138
msg_begin
7.75708e+06
-363693
0.535602
0.00836152
0.00286028
0.000287678
0
0
0
1682191736.16056
msg_begin
7.75708e+06
-363693
0.53933
0.0123832
0.00543015
0.000358901
0
0
0
1682191736.21070
msg_begin
7.75708e+06
-363693
0.541057
0.00114832
0.000316206
4.34839e-05
0
0
0
1682191736.26073
msg_begin
7.75708e+06
-363693
0.543292
2.79397e-09
1.10595e-09
1.33227e-15
0
0
0
1682191736.31083
msg_begin
7.75708e+06
-363692
0.541595
0.000633182
0.0015687
3.15218e-05
0
0
0
1682191736.36091
msg_begin
7.75708e+06
-363692
0.542037
0.00151568
0.000353942
4.26087e-05
0
0
0
1682191736.41100
msg_begin
7.75708e+06
-363692
0.539089
1.95578e-08
3.14321e-09
1.33227e-15
0
0
0
1682191736.46108
msg_begin
7.75708e+06
-363692
0.540068
0.000951369
0.00486249
0.000202374
0
0
0
1682191736.51117
msg_begin
7.75708e+06
-363692
0.539945
0.0163595
0.00204046
0.000955832
0
0
0
1682191736.56117
msg_begin
7.75709e+06
-363692
0.543455
0.0229981
0.00489758
0.00114924
0
0
0
1682191736.61124
msg_begin
7.75709e+06
-363692
0.541745
6.51926e-09
1.74623e-10
1.33227e-15
0
0
0
1682191736.66120
msg_begin
7.75709e+06
-363691
0.538935
6.51926e-09
1.16415e-10
9.99201e-16
0
0
0
1682191736.71125
msg_begin
7.75709e+06
-363691
0.539383
8.3819e-09
3.31784e-09
1.88738e-15
0
0
0
1682191736.76119
msg_begin
7.75709e+06
-363691
0.539107
0.000656523
0.000253491
1.61107e-05
0
0
0
1682191736.81107
msg_begin
7.75709e+06
-363691
0.53893
0.00378674
0.001883
0.000250504
0
0
0
1682191736.86105
msg_begin
7.75709e+06
-363691
0.539548
5.58794e-09
8.73115e-10
2.22045e-15
0
0
0
1682191736.91100
msg_begin
7.75709e+06
-363691
0.539793
0.00825161
0.000626423
0.00048404
0
0
0
1682191736.96098
msg_begin
7.75709e+06
-363690
0.542876
0.00398814
0.000638242
0.000612498
0
0
0
1682191737.01087
msg_begin
7.75709e+06
-363690
0.546538
5.40167e-08
1.74623e-09
3.55271e-15
0
0
0
1682191737.06077
msg_begin
7.75709e+06
-363690
0.545583
0.00973239
0.00561996
0.000934986
0
0
0
1682191737.11068
msg_begin
7.75709e+06
-363690
0.540632
5.58794e-09
1.22236e-09
2.9976e-15
0
0
0
1682191737.16063
msg_begin
7.75709e+06
-363690
0.54045
0.00951161
0.00449276
0.000373691
0
0
0
1682191737.21057
msg_begin
7.75709e+06
-363690
0.543581
0.00680745
0.00264923
0.000322092
0
0
0
1682191737.26053
msg_begin
7.75709e+06
-363689
0.544007
4.65661e-08
4.65661e-10
8.88178e-16
0
0
0
1682191737.31049
msg_begin
7.75709e+06
-363689
0.545256
0.00861889
0.00173574
0.000548273
0
0
0
1682191737.36045
msg_begin
7.75709e+06
-363689
0.543456
0.0341506
0.0270749
0.00210113
0
0
0
1682191737.41033
msg_begin
7.75709e+06
-363689
0.541389
0.0149538
0.00802494
0.00276989
0
0
0
1682191737.46038
msg_begin
7.75709e+06
-363689
0.537444
0.00934746
0.00285296
0.000127042
0
0
0
1682191737.51038
msg_begin
7.75709e+06
-363688
0.539034
0.0101977
0.00500901
0.000661931
0
0
0
1682191737.56035
msg_begin
7.75709e+06
-363688
0.540646
0.00263658
0.00242888
0.000147065
0
0
0
1682191737.61027
msg_begin
7.75709e+06
-363688
0.541017
0.00845627
0.00542878
0.00328482
0
0
0
1682191737.66030
msg_begin
7.75709e+06
-363688
0.540864
0.0125296
0.0116667
0.000574375
0
0
0
1682191737.71027
msg_begin
7.75709e+06
-363688
0.537601
7.26432e-08
1.10595e-09
1.11022e-16
0
0
0
1682191737.76026
msg_begin
7.75709e+06
-363688
0.535948
0.00914172
0.00373458
0.000569329
0
0
0
1682191737.81027
msg_begin
7.75709e+06
-363687
0.533413
0.00758486
0.0183253
0.000831633
0
0
0
1682191737.86031
msg_begin
7.75709e+06
-363687
0.537547
4.93601e-08
8.14907e-10
3.77476e-15
0
0
0
1682191737.91088
msg_begin
7.75709e+06
-363687
0.538262
0.00056703
0.00101588
8.9218e-05
0
0
0
1682191737.96023
msg_begin
7.75709e+06
-363687
0.536936
0.00494285
0.00221758
0.000186529
0
0
0
1682191738.01020
msg_begin
7.75709e+06
-363687
0.537209
0.026501
0.0105137
0.000677678
0
0
0
1682191738.06019
msg_begin
7.75709e+06
-363687
0.533855
0.00560216
0.00330004
0.000320423
0
0
0
1682191738.11131
msg_begin
7.75709e+06
-363686
0.534516
0.00064731
0.000625417
8.01535e-05
0
0
0
1682191738.16007
msg_begin
7.75709e+06
-363686
0.536489
0.0133971
0.0113713
0.000785738
0
0
0
1682191738.21004
msg_begin
7.75709e+06
-363686
0.5363
0.00557896
0.00372731
0.000342633
0
0
0
1682191738.26004
msg_begin
7.75709e+06
-363686
0.537951
0.00489272
0.00393825
0.000173203
0
0
0
1682191738.31037
msg_begin
7.75709e+06
-363686
0.53522
0.0127676
0.00591135
0.000828677
0
0
0
1682191738.35994
msg_begin
7.75709e+06
-363686
0.536118
0.00231848
0.00210562
0.000205186
0
0
0
1682191738.40994
msg_begin
7.75709e+06
-363685
0.534968
0.00577673
0.00370523
0.000409675
0
0
0
1682191738.45995
msg_begin
7.7571e+06
-363685
0.532684
9.56527e-05
0.0017601
1.13301e-05
0
0
0
1682191738.51001
msg_begin
7.7571e+06
-363685
0.534901
0.00021558
0.00924071
0.000268045
0
0
0
1682191738.55984
msg_begin
7.7571e+06
-363685
0.539673
0.00857529
0.000338891
0.000700318
0
0
0
1682191738.60971
msg_begin
7.7571e+06
-363685
0.537448
0.0104827
0.0113159
0.000402986
0
0
0
1682191738.65958
msg_begin
7.7571e+06
-363685
0.538947
0.00150551
0.000522313
4.77863e-05
0
0
0
1682191738.70950
msg_begin
7.7571e+06
-363684
0.537752
0.00296838
0.00438167
0.000536589
0
0
0
1682191738.75940
msg_begin
7.7571e+06
-363684
0.534191
0.0106631
0.0167275
0.00123808
0
0
0
1682191738.80926
msg_begin
7.7571e+06
-363684
0.526895
8.9407e-08
1.74623e-10
1.77636e-15
0
0
0
1682191738.85912
msg_begin
7.7571e+06
-363684
0.528257
3.72529e-09
9.31323e-10
3.77476e-15
0
0
0
1682191738.90899
msg_begin
7.7571e+06
-363684
0.527715
0.000277817
0.0025383
3.44609e-05
0
0
0
1682191738.95886
msg_begin
7.7571e+06
-363684
0.528071
1.39698e-08
3.20142e-09
3.9968e-15
0
0
0
1682191739.00876
msg_begin
7.7571e+06
-363683
0.526607
0.0021682
0.00186985
0.000283973
0
0
0
1682191739.05864
msg_begin
7.7571e+06
-363683
0.524797
5.96046e-08
1.16415e-10
1.66533e-15
0
0
0
1682191739.10859
msg_begin
7.7571e+06
-363683
0.524117
0.00519214
0.00250643
0.000432096
0
0
0
1682191739.15851
msg_begin
7.7571e+06
-363683
0.525838
0.00138443
0.000881998
2.37908e-05
0
0
0
1682191739.20847
msg_begin
7.7571e+06
-363683
0.525076
0.00976019
0.00312506
0.000408509
0
0
0
1682191739.25835
msg_begin
7.7571e+06
-363683
0.525971
0.00061695
0.000464968
8.93597e-05
0
0
0
1682191739.30836
msg_begin
7.7571e+06
-363683
0.525796
0.0268775
0.00941889
0.00186833
0
0
0
1682191739.35827
msg_begin
7.7571e+06
-363682
0.525668
0.00228903
0.00205192
0.000178518
0
0
0
1682191739.40834
msg_begin
7.7571e+06
-363682
0.525915
4.65661e-08
2.91038e-10
2.22045e-16
0
0
0
1682191739.45832
msg_begin
7.7571e+06
-363682
0.527281
2.51457e-08
3.55067e-09
2.10942e-15
0
0
0
1682191739.50825
msg_begin
7.7571e+06
-363682
0.526475
0.00138897
0.00106196
0.000157917
0
0
0
1682191739.55818
msg_begin
7.7571e+06
-363682
0.524183
0.0121071
0.00556776
0.000655599
0
0
0
1682191739.60813
msg_begin
7.7571e+06
-363682
0.526094
0.00885006
0.0085024
0.000895513
0
0
0
1682191739.65811
msg_begin
7.7571e+06
-363682
0.527521
1.49012e-08
1.39698e-09
1.77636e-15
0
0
0
1682191739.70807
msg_begin
7.7571e+06
-363682
0.521367
0.0272707
0.0200611
3.42336e-05
0
0
0
1682191739.75809
msg_begin
7.7571e+06
-363682
0.5207
1.86265e-09
1.97906e-09
2.88658e-15
0
0
0
1682191739.80800
msg_begin
7.7571e+06
-363681
0.523202
0.000503417
0.0015663
0.000201388
0
0
0
1682191739.85797
msg_begin
7.7571e+06
-363681
0.52434
0.0198053
0.00388957
0.00192839
0
0
0
1682191739.90784
msg_begin
7.7571e+06
-363681
0.52294
5.4948e-08
8.73115e-10
1.11022e-16
0
0
0
1682191739.95786
msg_begin
7.7571e+06
-363681
0.523958
0.000840194
0.000709665
4.53636e-06
0
0
0
1682191740.00792
msg_begin
7.7571e+06
-363681
0.52467
0.0136213
0.0139697
0.00116271
0
0
0
1682191740.06943
msg_begin
7.7571e+06
-363681
0.527045
0.00553853
0.0094673
0.000990871
0
0
0
1682191740.10778
msg_begin
7.7571e+06
-363681
0.527044
0.001679
0.00225181
7.36401e-05
0
0
0
1682191740.15779
msg_begin
7.7571e+06
-363681
0.524415
0.00198396
0.00911171
0.000659804
0
0
0
1682191740.20773
msg_begin
7.7571e+06
-363681
0.523973
0.00694661
0.00446112
8.19572e-05
0
0
0
1682191740.25777
msg_begin
7.7571e+06
-363680
0.52192
0.000186406
0.000312919
1.3125e-05
0
0
0
1682191740.30765
msg_begin
7.7571e+06
-363680
0.521587
0.013523
0.0093522
0.00116623
0
0
0
1682191740.35768
msg_begin
7.7571e+06
-363680
0.520073
5.7742e-08
5.82077e-11
9.99201e-16
0
0
0
1682191740.40751
msg_begin
7.7571e+06
-363680
0.521673
0.0116876
0.0064425
0.00132399
0
0
0
1682191740.45747
msg_begin
7.7571e+06
-363680
0.517827
0.00525738
0.00250273
0.000377804
0
0
0
1682191740.50748
msg_begin
7.7571e+06
-363680
0.51871
0.0140653
0.0115893
0.00073192
0
0
0
1682191740.55750
msg_begin
7.7571e+06
-363680
0.518636
6.89179e-08
3.72529e-09
1.22125e-15
0
0
0
1682191740.60744
msg_begin
7.7571e+06
-363680
0.520568
0.00289387
0.00354792
5.40764e-05
0
0
0
1682191740.65742
msg_begin
7.7571e+06
-363680
0.520387
0.0140917
0.00541776
0.00134412
0
0
0
1682191740.70736
msg_begin
7.7571e+06
-363680
0.522641
0.0175465
0.0108982
0.00182332
0
0
0
1682191740.75740
msg_begin
7.7571e+06
-363680
0.520907
0.00475372
0.00177321
0.000392607
0
0
0
1682191740.80740
msg_begin
7.7571e+06
-363679
0.523117
2.04891e-08
1.16415e-09
1.11022e-16
0
0
0
1682191740.85737
msg_begin
7.7571e+06
-363679
0.5233
0.0113353
0.00764933
0.000313657
0
0
0
1682191740.90738
msg_begin
7.75711e+06
-363679
0.521909
0.00488601
0.00396082
0.000317919
0
0
0
1682191740.95737
msg_begin
7.75711e+06
-363679
0.521391
0.00277497
0.000941934
0.000123916
0
0
0
1682191741.00741
msg_begin
7.75711e+06
-363679
0.523369
0.00695206
0.0065261
0.000334575
0
0
0
1682191741.05751
msg_begin
7.75711e+06
-363679
0.523612
0.0140461
0.0134779
0.00105942
0
0
0
1682191741.10739
msg_begin
7.75711e+06
-363679
0.521596
0.00253813
0.000687051
0.000107088
0
0
0
1682191741.15735
msg_begin
7.75711e+06
-363679
0.522367
5.4948e-08
1.80444e-09
1.55431e-15
0
0
0
1682191741.20736
msg_begin
7.75711e+06
-363679
0.522975
0.00270059
0.00798601
0.000711262
0
0
0
1682191741.25738
msg_begin
7.75711e+06
-363679
0.522675
0.00312897
0.00414055
0.000392252
0
0
0
1682191741.30742
msg_begin
7.75711e+06
-363678
0.523384
0.00307233
0.00775724
0.000434279
0
0
0
1682191741.35741
msg_begin
7.75711e+06
-363678
0.525043
0.00861256
0.0101653
0.000715823
0
0
0
1682191741.40746
msg_begin
7.75711e+06
-363678
0.531043
3.63216e-08
2.61934e-09
2.88658e-15
0
0
0
1682191741.45744
msg_begin
7.75711e+06
-363678
0.53144
5.4948e-08
4.07454e-10
5.55112e-16
0
0
0
1682191741.50749
msg_begin
7.75711e+06
-363678
0.530858
8.47504e-08
3.25963e-09
2.22045e-15
0
0
0
1682191741.55755
msg_begin
7.75711e+06
-363678
0.530816
0.00326745
0.00170394
0.00023166
0
0
0
1682191741.60749
msg_begin
7.75711e+06
-363678
0.530976
0.0017539
0.00151247
4.60517e-05
0
0
0
1682191741.65752
msg_begin
7.75711e+06
-363678
0.530874
0.00161865
0.00159014
6.97637e-05
0
0
0
1682191741.70759
msg_begin
7.75711e+06
-363678
0.531299
0.00244059
0.0026512
0.000172609
0
0
0
1682191741.75751
msg_begin
7.75711e+06
-363677
0.53198
0.00274042
0.00286303
0.000190151
0
0
0
1682191741.80755
msg_begin
7.75711e+06
-363677
0.530586
0.00298136
0.00222578
0.000753171
0
0
0
1682191741.85748
msg_begin
7.75711e+06
-363677
0.531989
0.0019154
0.0023687
4.678e-05
0
0
0
1682191741.90748
msg_begin
7.75711e+06
-363677
0.531139
0.00874706
0.00235325
0.000294197
0
0
0
1682191741.95750
msg_begin
7.75711e+06
-363677
0.532946
0.0032872
0.00201874
0.000418795
0
0
0
1682191742.00746
msg_begin
7.75711e+06
-363677
0.531017
0.00426174
0.00202282
0.000494722
0
0
0
1682191742.05751
msg_begin
7.75711e+06
-363677
0.533
0.00126564
0.000942544
0.000920514
0
0
0
1682191742.10747
msg_begin
7.75711e+06
-363677
0.530898
0.000910762
0.00135644
7.45266e-05
0
0
0
1682191742.15749
msg_begin
7.75711e+06
-363677
0.531492
7.82311e-08
1.74623e-10
0
0
0
0
1682191742.20747
msg_begin
7.75711e+06
-363677
0.531713
0.00853716
0.00219107
0.00107341
0
0
0
1682191742.25746
msg_begin
7.75711e+06
-363676
0.531976
0.00119859
0.00142422
0.000119557
0
0
0
1682191742.30748
msg_begin
7.75711e+06
-363676
0.531078
0.00130506
0.0018143
0.00011523
0
0
0
1682191742.35750
msg_begin
7.75711e+06
-363676
0.528871
0.00263922
0.000486933
0.000474651
0
0
0
1682191742.40758
msg_begin
7.75711e+06
-363676
0.528496
0.00963687
0.000813545
0.000226896
0
0
0
1682191742.45759
msg_begin
7.75711e+06
-363676
0.525691
0.0031157
0.000492127
0.000253577
0
0
0
1682191742.50752
msg_begin
7.75711e+06
-363676
0.523376
0.0074534
0.00446983
0.00106819
0
0
0
1682191742.55751
msg_begin
7.75711e+06
-363676
0.524541
0.00937741
0.0101457
0.00174809
0
0
0
1682191742.60742
msg_begin
7.75711e+06
-363676
0.525724
0.00902939
0.00552316
0.00110667
0
0
0
1682191742.65736
msg_begin
7.75711e+06
-363676
0.528785
0.000394848
0.000302108
9.48259e-05
0
0
0
1682191742.70730
msg_begin
7.75711e+06
-363675
0.530955
0.00543361
0.0044967
0.000981181
0
0
0
1682191742.75728
msg_begin
7.75711e+06
-363675
0.53531
0.00119746
4.40647e-05
0.000341319
0
0
0
1682191742.80729
msg_begin
7.75711e+06
-363675
0.534057
0.00739393
0.00248942
0.000551591
0
0
0
1682191742.85721
msg_begin
7.75711e+06
-363675
0.532055
0.00803895
0.00634181
0.000430444
0
0
0
1682191742.90721
msg_begin
7.75711e+06
-363675
0.532317
0.00871382
0.00207503
7.67602e-05
0
0
0
1682191742.95718
msg_begin
7.75711e+06
-363675
0.529719
1.95578e-08
2.73576e-09
6.66134e-16
0
0
0
1682191743.00724
msg_begin
7.75711e+06
-363675
0.525717
0.00313668
0.00140733
0.000251887
0
0
0
1682191743.05721
msg_begin
7.75711e+06
-363675
0.523471
0.0322444
0.0155765
0.000156922
0
0
0
1682191743.10730
msg_begin
7.75711e+06
-363674
0.524472
5.58794e-09
3.55067e-09
4.10783e-15
0
0
0
1682191743.15732
msg_begin
7.75711e+06
-363674
0.525723
0.0147991
0.00502502
0.000519842
0
0
0
1682191743.20726
msg_begin
7.75711e+06
-363674
0.525731
5.86733e-08
1.28057e-09
4.996e-15
0
0
0
1682191743.25735
msg_begin
7.75711e+06
-363674
0.527008
0.00137058
0.00260541
0.000250355
0
0
0
1682191743.30741
msg_begin
7.75711e+06
-363674
0.528905
0.0110245
0.00961328
0.000797499
0
0
0
1682191743.35744
msg_begin
7.75711e+06
-363674
0.528501
0.00495561
0.00554491
0.000179468
0
0
0
1682191743.40747
msg_begin
7.75711e+06
-363674
0.530795
1.95578e-08
9.31323e-10
1.9984e-15
0
0
0
1682191743.45750
msg_begin
7.75711e+06
-363673
0.52896
0.00153168
0.00316589
0.000140049
0
0
0
1682191743.50760
msg_begin
7.75711e+06
-363673
0.527765
0.00317865
0.00683782
0.00186424
0
0
0
1682191743.55766
msg_begin
7.75711e+06
-363673
0.525668
0.000359888
0.00015713
5.18815e-05
0
0
0
1682191743.60766
msg_begin
7.75712e+06
-363673
0.525922
0.00552125
0.00179563
5.40034e-05
0
0
0
1682191743.65775
msg_begin
7.75712e+06
-363673
0.524688
0.0214955
0.0108499
0.00117995
0
0
0
1682191743.70771
msg_begin
7.75712e+06
-363673
0.523732
5.96046e-08
4.07454e-10
2.22045e-15
0
0
0
1682191743.75771
msg_begin
7.75712e+06
-363673
0.525456
0.00117277
0.000138725
0.000194986
0
0
0
1682191743.80778
msg_begin
7.75712e+06
-363672
0.524008
0.0135283
0.0267923
0.000690804
0
0
0
1682191743.85779
msg_begin
7.75712e+06
-363672
0.523975
0.00292816
0.00269329
0.000395949
0
0
0
1682191743.90785
msg_begin
7.75712e+06
-363672
0.522126
0.00436097
0.000348002
0.000101662
0
0
0
1682191743.95782
msg_begin
7.75712e+06
-363672
0.523331
0.00187033
0.00113174
0.000109821
0
0
0
1682191744.00781
msg_begin
7.75712e+06
-363672
0.524506
0.0179052
0.0177658
0.000288422
0
0
0
1682191744.05779
msg_begin
7.75712e+06
-363672
0.523645
0.0127173
0.00293281
0.000446511
0
0
0
1682191744.10775
msg_begin
7.75712e+06
-363672
0.520872
0.0290962
0.0274594
0.00133091
0
0
0
1682191744.15769
msg_begin
7.75712e+06
-363671
0.521512
4.65661e-09
2.67755e-09
2.33147e-15
0
0
0
1682191744.20771
msg_begin
7.75712e+06
-363671
0.520143
0.00473319
0.0139757
0.000840908
0
0
0
1682191744.25768
msg_begin
7.75712e+06
-363671
0.51589
0.00278488
0.000586574
0.000339065
0
0
0
1682191744.30762
msg_begin
7.75712e+06
-363671
0.517609
0.0110896
0.00520021
0.0002979
0
0
0
1682191744.35757
msg_begin
7.75712e+06
-363671
0.516937
0.00285925
0.000818004
6.67461e-05
0
0
0
1682191744.40751
msg_begin
7.75712e+06
-363671
0.51612
0.0122491
0.00501018
0.00118734
0
0
0
1682191744.45749
msg_begin
7.75712e+06
-363670
0.513016
0.0319439
0.0253294
0.00059308
0
0
0
1682191744.50745
msg_begin
7.75712e+06
-363670
0.514108
0.0197078
0.0123635
0.00111
0
0
0
1682191744.55737
msg_begin
7.75712e+06
-363670
0.510625
0.0217519
0.00533682
0.0018996
0
0
0
1682191744.60740
msg_begin
7.75712e+06
-363670
0.512088
6.98492e-08
2.85218e-09
3.33067e-16
0
0
0
1682191744.65732
msg_begin
7.75712e+06
-363670
0.510159
0.0113639
0.0102704
0.000791235
0
0
0
1682191744.70732
msg_begin
7.75712e+06
-363670
0.508498
0.000878123
0.000941194
0.000132125
0
0
0
1682191744.75734
msg_begin
7.75712e+06
-363669
0.510817
0.000224287
0.00137501
2.61772e-05
0
0
0
1682191744.80730
msg_begin
7.75712e+06
-363669
0.51031
0.00741897
0.00331071
0.000161795
0
0
0
1682191744.85736
msg_begin
7.75712e+06
-363669
0.511048
0.0105301
0.0160438
0.00103866
0
0
0
1682191744.90832
msg_begin
7.75712e+06
-363669
0.511077
1.11759e-08
5.82077e-11
1.44329e-15
0
0
0
1682191744.95735
msg_begin
7.75712e+06
-363669
0.51036
0.0183466
0.00997718
0.00210438
0
0
0
1682191745.00731
msg_begin
7.75712e+06
-363669
0.504577
0.00284789
0.00231881
0.000238047
0
0
0
1682191745.05728
msg_begin
7.75712e+06
-363668
0.505973
0.00298375
0.00188643
0.000516067
0
0
0
1682191745.10832
msg_begin
7.75712e+06
-363668
0.504279
0.00153933
0.00199732
8.32738e-05
0
0
0
1682191745.15714
msg_begin
7.75712e+06
-363668
0.504396
0.00925034
0.00465784
0.00126757
0
0
0
1682191745.20707
msg_begin
7.75712e+06
-363668
0.503213
0.0321588
0.0196264
0.00115578
0
0
0
1682191745.25718
msg_begin
7.75712e+06
-363668
0.501779
0.0142062
0.00529702
0.000788663
0
0
0
1682191745.30781
msg_begin
7.75712e+06
-363668
0.503003
0.00250893
0.00193983
0.000518617
0
0
0
1682191745.35689
msg_begin
7.75712e+06
-363667
0.500253
0.00115406
0.00144384
0.000115036
0
0
0
1682191745.40691
msg_begin
7.75713e+06
-363667
0.499123
0.021392
0.00613881
0.00120844
0
0
0
1682191745.45687
msg_begin
7.75713e+06
-363667
0.499269
0.000650882
0.00011383
1.66262e-05
0
0
0
1682191745.50780
msg_begin
7.75713e+06
-363667
0.497597
0.00181983
0.00322721
0.000543821
0
0
0
1682191745.55692
msg_begin
7.75713e+06
-363667
0.500147
4.56348e-08
1.74623e-10
0
0
0
0
1682191745.60697
msg_begin
7.75713e+06
-363667
0.497063
0.000195801
0.00012012
6.26592e-05
0
0
0
1682191745.65713
msg_begin
7.75713e+06
-363666
0.498944
0.0147882
0.00495954
0.00186089
0
0
0
1682191745.70710
msg_begin
7.75713e+06
-363666
0.497495
4.56348e-08
2.32831e-10
3.77476e-15
0
0
0
1682191745.75713
msg_begin
7.75713e+06
-363666
0.497944
0.0208767
0.0129719
0.000771049
0
0
0
1682191745.80709
msg_begin
7.75713e+06
-363666
0.496602
5.58794e-08
5.82077e-11
3.44169e-15
0
0
0
1682191745.85721
msg_begin
7.75713e+06
-363666
0.49737
0.00505761
0.00356893
0.000238497
0
0
0
1682191745.90706
msg_begin
7.75713e+06
-363666
0.494111
0.01401
0.00567111
0.000337697
0
0
0
1682191745.95699
msg_begin
7.75713e+06
-363665
0.493394
0.0144018
0.0156335
0.0012623
0
0
0
1682191746.00694
msg_begin
7.75713e+06
-363665
0.496732
0.00330328
0.00116015
5.5327e-05
0
0
0
1682191746.05679
msg_begin
7.75713e+06
-363665
0.496597
0.0149735
0.00195819
0.000584228
0
0
0
1682191746.10675
msg_begin
7.75713e+06
-363665
0.495447
0.00421934
0.00325545
0.000219329
0
0
0
1682191746.15664
msg_begin
7.75713e+06
-363665
0.49243
0.00338263
0.0055614
0.000510339
0
0
0
1682191746.20658
msg_begin
7.75713e+06
-363664
0.491737
0.00226003
0.00251266
0.000184309
0
0
0
1682191746.25645
msg_begin
7.75713e+06
-363664
0.494534
0.0283935
0.013256
0.0015794
0
0
0
1682191746.30640
msg_begin
7.75713e+06
-363664
0.495574
2.79397e-09
1.39698e-09
1.9984e-15
0
0
0
1682191746.35633
msg_begin
7.75713e+06
-363664
0.492904
0.012736
0.00142622
0.000697222
0
0
0
1682191746.40631
msg_begin
7.75713e+06
-363664
0.493718
0.00205903
0.00135377
0.00033612
0
0
0
1682191746.45626
msg_begin
7.75713e+06
-363664
0.492148
0.00154456
0.00268779
0.000286685
0
0
0
1682191746.50621
msg_begin
7.75713e+06
-363663
0.489395
0.0114715
0.00527408
0.000395113
0
0
0
1682191746.55630
msg_begin
7.75713e+06
-363663
0.489858
0.021568
0.00416219
0.000923873
0
0
0
1682191746.60628
msg_begin
7.75713e+06
-363663
0.490031
0.00684916
0.00199166
0.000631957
0
0
0
1682191746.65636
msg_begin
7.75713e+06
-363663
0.488481
4.09782e-08
9.31323e-10
1.05471e-15
0
0
0
1682191746.70642
msg_begin
7.75713e+06
-363663
0.487575
0.0110544
0.00835234
0.000428142
0
0
0
1682191746.75645
msg_begin
7.75713e+06
-363662
0.488766
0.00248433
0.00452772
0.000942027
0
0
0
1682191746.80646
msg_begin
7.75713e+06
-363662
0.487412
0.0455233
0.0290629
0.000737155
0
0
0
1682191746.85665
msg_begin
7.75713e+06
-363662
0.486953
6.61239e-08
1.16415e-09
1.16573e-15
0
0
0
1682191746.90723
msg_begin
7.75713e+06
-363662
0.486774
0.00172782
0.00243967
0.000145322
0
0
0
1682191746.95675
msg_begin
7.75714e+06
-363662
0.487185
0.00689324
0.00549243
0.00104401
0
0
0
1682191747.00683
msg_begin
7.75714e+06
-363661
0.489112
0.0141115
0.00136587
0.000223328
0
0
0
1682191747.05689
msg_begin
7.75714e+06
-363661
0.487271
0.00947355
0.00126217
8.94912e-05
0
0
0
1682191747.10798
msg_begin
7.75714e+06
-363661
0.488159
0.00326926
0.00539257
0.000315628
0
0
0
1682191747.15708
msg_begin
7.75714e+06
-363661
0.487184
1.95578e-08
5.82077e-11
1.38778e-15
0
0
0
1682191747.20711
msg_begin
7.75714e+06
-363661
0.4878
0.0148545
0.00932245
0.000848795
0
0
0
1682191747.25720
msg_begin
7.75714e+06
-363660
0.488331
0.0129566
0.00227873
0.000246034
0
0
0
1682191747.30813
msg_begin
7.75714e+06
-363660
0.488123
0.045021
0.0184593
0.0024095
0
0
0
1682191747.35713
msg_begin
7.75714e+06
-363660
0.482079
0.00161767
0.00251086
0.000358162
0
0
0
1682191747.40719
msg_begin
7.75714e+06
-363660
0.482993
0.00335431
0.00125376
0.000167652
0
0
0
1682191747.45718
msg_begin
7.75714e+06
-363660
0.484953
0.00577387
0.00195398
0.000312266
0
0
0
1682191747.50764
msg_begin
7.75714e+06
-363659
0.484009
6.51926e-08
2.91038e-09
3.27516e-15
0
0
0
1682191747.55706
msg_begin
7.75714e+06
-363659
0.485788
9.31323e-09
3.55067e-09
3.77476e-15
0
0
0
1682191747.60697
msg_begin
7.75714e+06
-363659
0.489199
0.00297118
0.00377042
0.000223154
0
0
0
1682191747.65684
msg_begin
7.75714e+06
-363659
0.489584
0.00822563
0.00138739
0.000409815
0
0
0
1682191747.70677
msg_begin
7.75714e+06
-363659
0.489805
0.00280366
0.00693705
0.00045009
0
0
0
1682191747.75669
msg_begin
7.75714e+06
-363658
0.490351
0.00406764
0.00944021
0.000429642
0
0
0
1682191747.80664
msg_begin
7.75714e+06
-363658
0.493623
0.0144848
0.00341856
0.000419581
0
0
0
1682191747.85660
msg_begin
7.75714e+06
-363658
0.492378
8.3819e-09
5.82077e-11
1.66533e-16
0
0
0
1682191747.90735
msg_begin
7.75714e+06
-363658
0.493857
0.0024262
0.00286283
0.00115517
0
0
0
1682191747.95653
msg_begin
7.75714e+06
-363658
0.493127
0.0044691
0.00394415
0.000408476
0
0
0
1682191748.00646
msg_begin
7.75714e+06
-363658
0.49475
0.000471556
0.000889724
0.000121907
0
0
0
1682191748.05642
msg_begin
7.75714e+06
-363657
0.495228
0.00843099
0.00406347
0.000902151
0
0
0
1682191748.10752
msg_begin
7.75714e+06
-363657
0.495411
0.00596088
0.0043148
0.000693826
0
0
0
1682191748.15641
msg_begin
7.75714e+06
-363657
0.494822
0.000104008
0.000143265
3.03575e-05
0
0
0
1682191748.20642
msg_begin
7.75714e+06
-363657
0.495539
0.00747328
0.00662059
0.000408906
0
0
0
1682191748.25642
msg_begin
7.75714e+06
-363657
0.495649
0.00460225
0.00132884
0.000196155
0
0
0
1682191748.30722
msg_begin
7.75714e+06
-363656
0.500194
0.00508793
0.00494996
0.000279502
0
0
0
1682191748.35644
msg_begin
7.75715e+06
-363656
0.498277
0.000485133
7.73845e-05
5.28087e-05
0
0
0
1682191748.40653
msg_begin
7.75715e+06
-363656
0.502649
0.00250333
0.00556799
0.000667641
0
0
0
1682191748.45661
msg_begin
7.75715e+06
-363656
0.50385
0.0027672
0.00116905
0.000250585
0
0
0
1682191748.50705
msg_begin
7.75715e+06
-363656
0.503921
0.00704872
0.00609975
0.000757994
0
0
0
1682191748.55658
msg_begin
7.75715e+06
-363655
0.505809
0.0137849
0.0110363
0.00153994
0
0
0
1682191748.60660
msg_begin
7.75715e+06
-363655
0.505449
0.0113478
0.0085774
0.00142568
0
0
0
1682191748.65663
msg_begin
7.75715e+06
-363655
0.505938
0.00676097
0.00700667
0.00236326
0
0
0
1682191748.70656
msg_begin
7.75715e+06
-363655
0.510886
0.00247136
0.00770391
0.000588271
0
0
0
1682191748.75649
msg_begin
7.75715e+06
-363655
0.513909
0.00808548
0.0116061
0.00095973
0
0
0
1682191748.80651
msg_begin
7.75715e+06
-363654
0.514221
0.0124178
0.00765414
0.000498054
0
0
0
1682191748.85651
msg_begin
7.75715e+06
-363654
0.517135
0.00924107
0.00750863
0.00125929
0
0
0
1682191748.90653
msg_begin
7.75715e+06
-363654
0.519512
0.0093123
0.00464227
0.000884131
0
0
0
1682191748.95654
msg_begin
7.75715e+06
-363654
0.519907
0.00129299
3.34453e-05
5.76394e-06
0
0
0
1682191749.00658
msg_begin
7.75715e+06
-363654
0.520247
0.000386764
0.000442136
2.70197e-05
0
0
0
1682191749.05654
msg_begin
7.75715e+06
-363653
0.523458
0.00455678
0.000550573
0.000494557
0
0
0
1682191749.10661
msg_begin
7.75715e+06
-363653
0.522434
0.00766364
0.00410105
0.000806819
0
0
0
1682191749.15657
msg_begin
7.75715e+06
-363653
0.525643
0.0065853
0.00699491
0.00109563
0
0
0
1682191749.20654
msg_begin
7.75715e+06
-363653
0.527857
0.00045325
0.000347014
1.67634e-05
0
0
0
1682191749.25654
msg_begin
7.75715e+06
-363653
0.530987
0.00638277
0.00368929
0.00020886
0
0
0
1682191749.30649
msg_begin
7.75715e+06
-363652
0.532588
0.00666972
0.0044366
0.00038292
0
0
0
1682191749.35647
msg_begin
7.75715e+06
-363652
0.53369
0.0176011
0.00895603
0.000810725
0
0
0
1682191749.40643
msg_begin
7.75715e+06
-363652
0.535077
0.00214273
0.00551825
0.000174487
0
0
0
1682191749.45635
msg_begin
7.75715e+06
-363652
0.540975
0.00126029
0.00138132
9.08248e-05
0
0
0
1682191749.50630
msg_begin
7.75715e+06
-363652
0.546997
0.0107054
0.00476479
0.000871609
0
0
0
1682191749.55627
msg_begin
7.75715e+06
-363651
0.549883
0.00264232
0.00369855
0.000185703
0
0
0
1682191749.60618
msg_begin
7.75715e+06
-363651
0.550982
0.0029187
0.00266857
0.000628882
0
0
0
1682191749.65623
msg_begin
7.75715e+06
-363651
0.550732
0.00862603
0.00344736
0.00133626
0
0
0
1682191749.70613
msg_begin
7.75715e+06
-363651
0.554153
4.13166e-05
0.000944396
6.48747e-05
0
0
0
1682191749.75613
msg_begin
7.75715e+06
-363651
0.560595
0.00220702
0.000832815
5.25266e-05
0
0
0
1682191749.80605
msg_begin
7.75715e+06
-363650
0.562288
0.00929281
0.00827166
0.00104155
0
0
0
1682191749.85608
msg_begin
7.75716e+06
-363650
0.565408
0.000982039
0.000373865
5.08163e-05
0
0
0
1682191749.90637
msg_begin
7.75716e+06
-363650
0.570417
0.0131451
0.00863601
0.00083461
0
0
0
1682191749.95603
msg_begin
7.75716e+06
-363650
0.578433
8.56817e-08
8.73115e-10
3.10862e-15
0
0
0
1682191750.00598
msg_begin
7.75716e+06
-363650
0.583098
0.0367188
0.0240317
0.00190479
0
0
0
1682191750.05599
msg_begin
7.75716e+06
-363649
0.587477
0.00220036
0.00156438
0.000108689
0
0
0
1682191750.10704
msg_begin
7.75716e+06
-363649
0.593818
0.00534033
0.00492259
0.00052102
0
0
0
1682191750.15592
msg_begin
7.75716e+06
-363649
0.601602
0.00386997
0.00216463
0.000519475
0
0
0
1682191750.20589
msg_begin
7.75716e+06
-363649
0.606706
9.57061e-05
0.00133283
4.72605e-05
0
0
0
1682191750.25589
msg_begin
7.75716e+06
-363648
0.608279
0.0225413
0.0242088
0.0012305
0
0
0
1682191750.30593
msg_begin
7.75716e+06
-363648
0.61566
0.00228961
0.0030978
0.000542203
0
0
0
1682191750.35589
msg_begin
7.75716e+06
-363648
0.62219
0.000391891
8.62827e-05
6.11376e-05
0
0
0
1682191750.40593
msg_begin
7.75716e+06
-363648
0.628891
0.00295421
0.00736394
0.00174227
0
0
0
1682191750.45594
msg_begin
7.75716e+06
-363648
0.634453
2.07138e-05
0.000825183
9.7223e-06
0
0
0
1682191750.50733
msg_begin
7.75716e+06
-363647
0.641602
0.0229719
0.0141008
0.00186791
0
0
0
1682191750.55603
msg_begin
7.75716e+06
-363647
0.647851
0.00371967
0.000442909
3.06274e-05
0
0
0
1682191750.60606
msg_begin
7.75716e+06
-363647
0.655631
0.00194005
0.0036293
0.000301735
0
0
0
1682191750.65613
msg_begin
7.75716e+06
-363647
0.663462
5.4948e-08
1.86265e-09
1.33227e-15
0
0
0
1682191750.70614
msg_begin
7.75716e+06
-363646
0.675331
0.00690738
0.00457322
0.00159552
0
0
0
1682191750.75620
msg_begin
7.75716e+06
-363646
0.68442
0.0266002
0.00689099
0.00193912
0
0
0
1682191750.80623
msg_begin
7.75716e+06
-363646
0.693065
0.00906045
0.00934526
0.00125448
0
0
0
1682191750.85628
msg_begin
7.75716e+06
-363646
0.701728
0.00479736
0.00891425
0.000738366
0
0
0
1682191750.90634
msg_begin
7.75716e+06
-363645
0.712585
0.00447819
0.00149644
0.000610063
0
0
0
1682191750.95639
msg_begin
7.75716e+06
-363645
0.723578
0.00400567
0.00302993
0.000358566
0
0
0
1682191751.00635
msg_begin
7.75716e+06
-363645
0.735284
0.0148314
0.00365488
0.00201858
0
0
0
1682191751.05700
msg_begin
7.75716e+06
-363645
0.743961
0.0170779
0.0200159
0.000573371
0
0
0
1682191751.10638
msg_begin
7.75716e+06
-363645
0.754526
0.00103741
0.00541332
0.000124439
0
0
0
1682191751.15647
msg_begin
7.75716e+06
-363644
0.765504
0.000785176
0.00116583
0.000118841
0
0
0
1682191751.20642
msg_begin
7.75716e+06
-363644
0.77538
0.00664243
0.0109091
0.00117699
0
0
0
1682191751.25717
msg_begin
7.75716e+06
-363644
0.785503
0.0253777
0.0216781
0.00190302
0
0
0
1682191751.30639
msg_begin
7.75716e+06
-363643
0.794795
0.0396178
0.0409882
0.0022387
0
0
0
1682191751.35636
msg_begin
7.75716e+06
-363643
0.804117
0.00446495
0.00224468
0.000499805
0
0
0
1682191751.40633
msg_begin
7.75716e+06
-363643
0.820509
0.00298443
0.00357022
0.000284237
0
0
0
1682191751.45716
msg_begin
7.75716e+06
-363643
0.835865
0.000471274
0.000132386
0.000144385
0
0
0
1682191751.50620
msg_begin
7.75716e+06
-363642
0.843646
0.00127641
0.00666861
0.00056077
0
0
0
1682191751.55626
msg_begin
7.75716e+06
-363642
0.855768
0.00509981
0.000714073
0.000290959
0
0
0
1682191751.60627
msg_begin
7.75717e+06
-363642
0.866716
0.0278076
0.026284
0.00191425
0
0
0
1682191751.65629
msg_begin
7.75717e+06
-363642
0.880132
0.0162487
0.0142446
0.00243914
0
0
0
1682191751.70634
msg_begin
7.75717e+06
-363641
0.891315
0.0360913
0.038659
0.000534174
0
0
0
1682191751.75633
msg_begin
7.75717e+06
-363641
0.904691
0.00370428
0.00366548
0.000533371
0
0
0
1682191751.80645
msg_begin
7.75717e+06
-363641
0.922253
3.72529e-09
1.39698e-09
1.55431e-15
0
0
0
1682191751.85688
msg_begin
7.75717e+06
-363640
0.934648
0.00295546
0.00516034
0.000237233
0
0
0
1682191751.90652
msg_begin
7.75717e+06
-363640
0.945769
0.00286644
0.00186506
0.000140827
0
0
0
1682191751.95647
msg_begin
7.75717e+06
-363640
0.956623
0.00126379
0.00265321
0.000385574
0
0
0
1682191752.00654
msg_begin
7.75717e+06
-363640
0.963661
0.00249037
0.000235675
0.000133896
0
0
0
1682191752.05710
msg_begin
7.75717e+06
-363639
0.974003
0.0155324
0.018936
0.000454565
0
0
0
1682191752.10655
msg_begin
7.75717e+06
-363639
0.988106
7.45058e-09
1.74623e-10
3.44169e-15
0
0
0
1682191752.15658
msg_begin
7.75717e+06
-363639
0.997917
0.0195478
0.0359747
0.000741748
0
0
0
1682191752.20652
msg_begin
7.75717e+06
-363639
1.00804
0.00546166
0.0063045
0.00109635
0
0
0
1682191752.25714
msg_begin
7.75717e+06
-363638
1.02083
0.00737859
0.0153952
0.000802801
0
0
0
1682191752.30654
msg_begin
7.75717e+06
-363638
1.03046
0.00372862
0.00400228
0.000361802
0
0
0
1682191752.35652
msg_begin
7.75717e+06
-363638
1.04883
0.00331564
0.00671167
0.000225014
0
0
0
1682191752.40651
msg_begin
7.75717e+06
-363637
1.05894
0.00124177
0.00437974
0.000338854
0
0
0
1682191752.45710
msg_begin
7.75717e+06
-363637
1.06453
5.27315e-05
0.00227423
0.000287575
0
0
0
1682191752.50651
msg_begin
7.75717e+06
-363637
1.07922
5.7742e-08
2.15368e-09
1.33227e-15
0
0
0
1682191752.55648
msg_begin
7.75717e+06
-363637
1.08939
0.00816971
0.0111769
0.000630329
0
0
0
1682191752.60646
msg_begin
7.75717e+06
-363636
1.09929
0.0109381
0.0319395
0.00150797
0
0
0
1682191752.65645
msg_begin
7.75717e+06
-363636
1.1137
6.23986e-08
3.25963e-09
2.22045e-16
0
0
0
1682191752.70655
msg_begin
7.75717e+06
-363636
1.12002
0.00246614
0.00660943
0.000339046
0
0
0
1682191752.75654
msg_begin
7.75717e+06
-363635
1.12897
0.00408987
0.00701627
0.00101166
0
0
0
1682191752.80650
msg_begin
7.75717e+06
-363635
1.13417
0.022473
0.0460297
0.000449553
0
0
0
1682191752.85650
msg_begin
7.75717e+06
-363635
1.14443
5.21541e-08
2.32831e-09
8.88178e-16
0
0
0
1682191752.90735
msg_begin
7.75717e+06
-363634
1.15243
4.47035e-08
1.92085e-09
3.10862e-15
0
0
0
1682191752.95652
msg_begin
7.75717e+06
-363634
1.1569
0.0118852
0.0054298
0.000637964
0
0
0
1682191753.00657
msg_begin
7.75717e+06
-363634
1.16011
0.00287132
0.00852277
0.000718469
0
0
0
1682191753.05655
msg_begin
7.75717e+06
-363634
1.16716
1.21072e-08
2.61934e-09
3.55271e-15
0
0
0
1682191753.10654
msg_begin
7.75717e+06
-363633
1.17068
0.0120147
0.0312603
0.00065462
0
0
0
1682191753.15654
msg_begin
7.75717e+06
-363633
1.17366
0.0055181
0.00419374
0.000297768
0
0
0
1682191753.20665
msg_begin
7.75717e+06
-363633
1.17661
0.00104459
0.000253927
6.43519e-05
0
0
0
1682191753.25660
msg_begin
7.75717e+06
-363632
1.18034
0.00201586
0.00405527
0.000277847
0
0
0
1682191753.30770
msg_begin
7.75717e+06
-363632
1.18478
0.000114854
0.00596435
2.50858e-05
0
0
0
1682191753.35665
msg_begin
7.75717e+06
-363632
1.18566
0.00615979
0.00421583
0.000510043
0
0
0
1682191753.40664
msg_begin
7.75717e+06
-363631
1.18488
0.00422835
0.0126551
0.000889858
0
0
0
1682191753.45664
msg_begin
7.75717e+06
-363631
1.19286
7.63685e-08
6.98492e-10
1.11022e-15
0
0
0
1682191753.50694
msg_begin
7.75717e+06
-363631
1.19249
1.30385e-08
2.50293e-09
2.44249e-15
0
0
0
1682191753.55659
msg_begin
7.75717e+06
-363630
1.19897
0.00866093
0.0472003
0.00166848
0
0
0
1682191753.60653
msg_begin
7.75717e+06
-363630
1.20168
0.00555607
0.00688476
0.000327101
0
0
0
1682191753.65650
msg_begin
7.75717e+06
-363630
1.20624
0.00806329
0.0260162
0.00049059
0
0
0
1682191753.70651
msg_begin
7.75717e+06
-363629
1.20846
4.28408e-08
5.82077e-10
8.88178e-16
0
0
0
1682191753.75642
msg_begin
7.75717e+06
-363629
1.20735
0.000668042
0.00144718
0.000134685
0
0
0
1682191753.80643
msg_begin
7.75717e+06
-363629
1.20788
0.00425057
0.00025453
0.00021142
0
0
0
1682191753.85693
msg_begin
7.75717e+06
-363629
1.20764
8.19564e-08
2.09548e-09
1.11022e-15
0
0
0
1682191753.90645
msg_begin
7.75717e+06
-363628
1.20361
0.000244459
0.000636646
5.33687e-05
0
0
0
1682191753.95639
msg_begin
7.75717e+06
-363628
1.20222
0.0103328
0.0244288
0.000231146
0
0
0
1682191754.00642
msg_begin
7.75717e+06
-363628
1.20072
0.00227479
0.00446003
0.000173773
0
0
0
1682191754.05690
msg_begin
7.75717e+06
-363627
1.1995
0.0062863
0.0069471
0.000814926
0
0
0
1682191754.10638
msg_begin
7.75717e+06
-363627
1.20366
7.17118e-08
2.50293e-09
3.55271e-15
0
0
0
1682191754.15639
msg_begin
7.75717e+06
-363627
1.20116
0.00793302
0.0194293
0.000349496
0
0
0
1682191754.20647
msg_begin
7.75717e+06
-363626
1.20102
0.004522
0.00632857
0.000644349
0
0
0
1682191754.25706
msg_begin
7.75717e+06
-363626
1.2002
0.00609317
0.00763612
0.00101319
0
0
0
1682191754.30645
msg_begin
7.75717e+06
-363626
1.19799
0.0120615
0.021076
0.000691738
0
0
0
1682191754.35648
msg_begin
7.75717e+06
-363625
1.19278
6.70552e-08
6.40284e-10
2.66454e-15
0
0
0
1682191754.40653
msg_begin
7.75717e+06
-363625
1.19214
6.98492e-08
2.96859e-09
1.33227e-15
0
0
0
1682191754.45739
msg_begin
7.75717e+06
-363625
1.19004
8.00937e-08
5.82077e-11
3.10862e-15
0
0
0
1682191754.50656
msg_begin
7.75717e+06
-363624
1.19011
0.00400836
0.0131831
0.000521953
0
0
0
1682191754.55648
msg_begin
7.75717e+06
-363624
1.18659
0.00205853
0.0103913
0.000210565
0
0
0
1682191754.60651
msg_begin
7.75717e+06
-363624
1.18443
3.25963e-08
1.45519e-09
3.55271e-15
0
0
0
1682191754.65701
msg_begin
7.75717e+06
-363623
1.17833
0.0015016
0.00536617
0.000422775
0
0
0
1682191754.70653
msg_begin
7.75717e+06
-363623
1.17384
0.00322038
0.002846
0.000512834
0
0
0
1682191754.75654
msg_begin
7.75717e+06
-363623
1.17277
0.00397697
0.000900236
0.000217124
0
0
0
1682191754.80655
msg_begin
7.75717e+06
-363622
1.16711
0.00753265
0.0209145
0.000401337
0
0
0
1682191754.85662
msg_begin
7.75717e+06
-363622
1.16394
0.00650138
0.0299532
3.35962e-05
0
0
0
1682191754.90667
msg_begin
7.75717e+06
-363622
1.15922
0.000301085
0.000518751
6.82243e-05
0
0
0
1682191754.95666
msg_begin
7.75717e+06
-363621
1.14606
0.00028551
0.00169795
1.98556e-05
0
0
0
1682191755.00675
msg_begin
7.75717e+06
-363621
1.13967
0.00538686
0.011884
0.000482298
0
0
0
1682191755.05683
msg_begin
7.75717e+06
-363621
1.13389
0.00125016
0.00173222
0.000108664
0
0
0
1682191755.10685
msg_begin
7.75718e+06
-363621
1.12966
0.00338591
0.00269121
0.000760408
0
0
0
1682191755.15685
msg_begin
7.75718e+06
-363620
1.12141
0.00219414
0.000958562
2.85451e-05
0
0
0
1682191755.20683
msg_begin
7.75718e+06
-363620
1.11232
0.00106704
0.00206422
0.000136584
0
0
0
1682191755.25687
msg_begin
7.75718e+06
-363620
1.10508
0.00865428
0.0118764
0.000538679
0
0
0
1682191755.30687
msg_begin
7.75718e+06
-363619
1.09902
0.0251017
0.0424738
0.0014953
0
0
0
1682191755.35685
msg_begin
7.75718e+06
-363619
1.09563
0.01778
0.0232199
0.00106434
0
0
0
1682191755.40683
msg_begin
7.75718e+06
-363619
1.09282
5.40167e-08
6.98492e-10
4.44089e-15
0
0
0
1682191755.45683
msg_begin
7.75718e+06
-363619
1.08412
0.00950235
0.0215556
0.000465282
0
0
0
1682191755.50678
msg_begin
7.75718e+06
-363618
1.07319
0.00176908
0.00792333
0.000984494
0
0
0
1682191755.55680
msg_begin
7.75718e+06
-363618
1.0653
0.00380146
0.00410661
0.000774742
0
0
0
1682191755.60676
msg_begin
7.75718e+06
-363618
1.06022
0.000334714
0.0062294
0.000342505
0
0
0
1682191755.65677
msg_begin
7.75718e+06
-363617
1.05014
6.0536e-08
1.04774e-09
1.9984e-15
0
0
0
1682191755.70669
msg_begin
7.75718e+06
-363617
1.03681
0.00763038
0.00798535
0.000657727
0
0
0
1682191755.75665
msg_begin
7.75718e+06
-363617
1.03545
0.000650219
0.00298078
0.000278535
0
0
0
1682191755.80668
msg_begin
7.75718e+06
-363617
1.02986
0.00226048
0.0034007
0.000147864
0
0
0
1682191755.85765
msg_begin
7.75718e+06
-363616
1.01977
0.0107471
0.0177141
0.000465063
0
0
0
1682191755.90660
msg_begin
7.75718e+06
-363616
1.01039
8.9407e-08
3.0268e-09
1.11022e-15
0
0
0
1682191755.95654
msg_begin
7.75718e+06
-363616
1.00078
5.58794e-09
2.91038e-09
1.55431e-15
0
0
0
1682191756.00657
msg_begin
7.75718e+06
-363615
0.993337
0.00227084
0.00272773
0.000236252
0
0
0
1682191756.05697
msg_begin
7.75718e+06
-363615
0.984959
0.0276994
0.0212024
0.00195343
0
0
0
1682191756.10652
msg_begin
7.75718e+06
-363615
0.973524
0.00376703
0.00204006
0.000240003
0
0
0
1682191756.15647
msg_begin
7.75718e+06
-363615
0.962357
0.007953
0.0146244
5.44446e-05
0
0
0
1682191756.20640
msg_begin
7.75718e+06
-363614
0.958802
0.0228757
0.0407988
0.00159949
0
0
0
1682191756.25663
msg_begin
7.75718e+06
-363614
0.948999
0.00069532
1.74363e-05
6.83957e-05
0
0
0
1682191756.30627
msg_begin
7.75718e+06
-363614
0.939328
0.00389771
0.00468895
0.00175954
0
0
0
1682191756.35621
msg_begin
7.75718e+06
-363613
0.936998
0.0120088
0.0211885
0.00130589
0
0
0
1682191756.40617
msg_begin
7.75718e+06
-363613
0.932702
0.0208626
0.023905
0.000357304
0
0
0
1682191756.45662
msg_begin
7.75718e+06
-363613
0.923314
0.00169345
0.000113582
0.000229831
0
0
0
1682191756.50599
msg_begin
7.75718e+06
-363613
0.914056
7.63685e-08
2.44472e-09
2.66454e-15
0
0
0
1682191756.55602
msg_begin
7.75718e+06
-363612
0.903372
7.91624e-08
2.91038e-09
4.66294e-15
0
0
0
1682191756.60587
msg_begin
7.75718e+06
-363612
0.894665
0.0105841
0.00847976
0.00204641
0
0
0
1682191756.65620
msg_begin
7.75718e+06
-363612
0.890652
6.61239e-08
2.73576e-09
3.66374e-15
0
0
0
1682191756.70582
msg_begin
7.75718e+06
-363612
0.879692
0.00947242
0.00878751
0.00111195
0
0
0
1682191756.75583
msg_begin
7.75718e+06
-363611
0.869062
0.000463479
0.000608314
1.37434e-05
0
0
0
1682191756.80579
msg_begin
7.75718e+06
-363611
0.859902
0.000110926
0.000171536
2.78394e-06
0
0
0
1682191756.85578
msg_begin
7.75718e+06
-363611
0.850788
0.0196858
0.0162701
0.000424965
0
0
0
1682191756.90585
msg_begin
7.75718e+06
-363610
0.84366
0.00374384
0.00498788
0.000702934
0
0
0
1682191756.95584
msg_begin
7.75718e+06
-363610
0.837558
0.0152551
0.0191419
0.00114611
0
0
0
1682191757.00594
msg_begin
7.75718e+06
-363610
0.829273
0.000635761
0.00321289
4.20775e-05
0
0
0
1682191757.05604
msg_begin
7.75718e+06
-363610
0.81825
0.00793142
0.00716858
0.00115277
0
0
0
1682191757.10611
msg_begin
7.75718e+06
-363609
0.810142
0.00688421
0.00865622
0.000582989
0
0
0
1682191757.15623
msg_begin
7.75718e+06
-363609
0.803001
0.00358626
0.00542682
0.000119467
0
0
0
1682191757.20627
msg_begin
7.75718e+06
-363609
0.789911
6.61239e-08
1.28057e-09
9.99201e-16
0
0
0
1682191757.25632
msg_begin
7.75718e+06
-363608
0.779749
0.00251045
0.00276088
0.000167762
0
0
0
1682191757.30633
msg_begin
7.75718e+06
-363608
0.774567
0.00380958
0.00451757
0.000158368
0
0
0
1682191757.35631
msg_begin
7.75718e+06
-363608
0.769764
0.0013382
0.00157163
0.000263419
0
0
0
1682191757.40630
msg_begin
7.75718e+06
-363608
0.762183
0.00912449
0.00377327
0.000951368
0
0
0
1682191757.45623
msg_begin
7.75718e+06
-363608
0.752961
0.0432051
0.0251741
0.00240518
0
0
0
1682191757.50622
msg_begin
7.75718e+06
-363607
0.743871
0.00434218
0.00107882
0.000497982
0
0
0
1682191757.55613
msg_begin
7.75718e+06
-363607
0.734777
0.0291252
0.0359703
0.00174734
0
0
0
1682191757.60602
msg_begin
7.75718e+06
-363607
0.723788
0.0125928
0.00697529
0.000705598
0
0
0
1682191757.65594
msg_begin
7.75719e+06
-363607
0.719606
1.58325e-08
7.567e-10
1.44329e-15
0
0
0
1682191757.70598
msg_begin
7.75719e+06
-363606
0.71818
1.61845e-05
0.000146805
2.40763e-05
0
0
0
1682191757.75595
msg_begin
7.75719e+06
-363606
0.712457
0.00397729
0.0251406
0.000744113
0
0
0
1682191757.80598
msg_begin
7.75719e+06
-363606
0.707695
2.70084e-08
1.04774e-09
2.22045e-16
0
0
0
1682191757.85615
msg_begin
7.75719e+06
-363606
0.70419
0.00691589
0.00259059
0.000669896
0
0
0
1682191757.90599
msg_begin
7.75719e+06
-363605
0.691092
0.00347857
0.00391092
0.000244169
0
0
0
1682191757.95598
msg_begin
7.75719e+06
-363605
0.68011
0.00528235
0.00435895
0.000942214
0
0
0
1682191758.00605
msg_begin
7.75719e+06
-363605
0.67446
0.0201688
0.0110891
0.00180741
0
0
0
1682191758.05621
msg_begin
7.75719e+06
-363605
0.667134
0.00390627
0.00595891
0.000484599
0
0
0
1682191758.10598
msg_begin
7.75719e+06
-363604
0.663954
0.00774701
0.0053254
0.000299127
0
0
0
1682191758.15595
msg_begin
7.75719e+06
-363604
0.655429
2.79397e-09
1.80444e-09
8.88178e-16
0
0
0
1682191758.20604
msg_begin
7.75719e+06
-363604
0.653749
0.00096404
0.000691282
0.000157414
0
0
0
1682191758.25635
msg_begin
7.75719e+06
-363604
0.644267
5.12227e-08
1.28057e-09
1.66533e-15
0
0
0
1682191758.30603
msg_begin
7.75719e+06
-363603
0.634432
0.0206737
0.00987805
0.00114593
0
0
0
1682191758.35596
msg_begin
7.75719e+06
-363603
0.632825
8.19564e-08
2.85218e-09
1.44329e-15
0
0
0
1682191758.40593
msg_begin
7.75719e+06
-363603
0.630113
0.00429721
0.00783911
0.00190023
0
0
0
1682191758.45633
msg_begin
7.75719e+06
-363603
0.628621
7.35745e-08
1.04774e-09
1.55431e-15
0
0
0
1682191758.50588
msg_begin
7.75719e+06
-363603
0.623919
0.000156009
0.000164575
3.2486e-05
0
0
0
1682191758.55592
msg_begin
7.75719e+06
-363603
0.624028
0.00716276
0.00187744
0.0004962
0
0
0
1682191758.60587
msg_begin
7.75719e+06
-363602
0.614774
0.00628892
0.00664175
0.000376169
0
0
0
1682191758.65627
msg_begin
7.75719e+06
-363602
0.608092
0.00638655
0.0214254
0.000656058
0
0
0
1682191758.70592
msg_begin
7.75719e+06
-363602
0.60787
0.00126635
0.00196873
0.000275191
0
0
0
1682191758.75586
msg_begin
7.75719e+06
-363602
0.601175
0.00249451
0.00333331
0.00024173
0
0
0
1682191758.80585
msg_begin
7.75719e+06
-363601
0.594794
6.51926e-08
3.0268e-09
2.22045e-15
0
0
0
1682191758.85590
msg_begin
7.75719e+06
-363601
0.593698
0.00635205
0.00311357
0.000206399
0
0
0
1682191758.90594
msg_begin
7.75719e+06
-363601
0.590646
0.0200705
0.0119408
0.000942089
0
0
0
1682191758.95595
msg_begin
7.75719e+06
-363601
0.58795
0.0422397
0.0195665
0.000473775
0
0
0
1682191759.00589
msg_begin
7.75719e+06
-363600
0.581869
0.00517086
0.00946423
0.000175311
0
0
0
1682191759.05587
msg_begin
7.75719e+06
-363600
0.58033
0.00602193
0.00603953
0.000302043
0
0
0
1682191759.10592
msg_begin
7.75719e+06
-363600
0.576515
0.00441187
0.00726885
0.000843133
0
0
0
1682191759.15585
msg_begin
7.75719e+06
-363600
0.576692
1.76951e-08
5.23869e-10
1.9984e-15
0
0
0
1682191759.20582
msg_begin
7.75719e+06
-363600
0.576931
0.038455
0.0204877
0.00129738
0
0
0
1682191759.25577
msg_begin
7.75719e+06
-363599
0.576992
0.00543091
0.0063227
0.000345396
0
0
0
1682191759.30573
msg_begin
7.7572e+06
-363599
0.578001
0.00605217
0.00826637
0.00125851
0
0
0
1682191759.35563
msg_begin
7.7572e+06
-363599
0.572501
0.0025961
0.00207744
0.000138077
0
0
0
1682191759.40569
msg_begin
7.7572e+06
-363599
0.570616
0.00756557
0.0045298
0.000470252
0
0
0
1682191759.45553
msg_begin
7.7572e+06
-363599
0.566619
0.00917173
0.00647102
0.000941063
0
0
0
1682191759.50556
msg_begin
7.7572e+06
-363598
0.568434
0.0113468
0.00404857
0.000710237
0
0
0
1682191759.55554
msg_begin
7.7572e+06
-363598
0.56684
0.00153965
0.00329129
0.00106054
0
0
0
1682191759.60556
msg_begin
7.7572e+06
-363598
0.565636
0.000653503
0.000693757
5.79381e-05
0
0
0
1682191759.65559
msg_begin
7.7572e+06
-363598
0.564642
0.00809436
0.011166
0.00107165
0
0
0
1682191759.70568
msg_begin
7.7572e+06
-363597
0.562209
0.00186171
0.000444095
0.000415587
0
0
0
1682191759.75574
msg_begin
7.7572e+06
-363597
0.561497
0.0227334
0.0172732
0.000584165
0
0
0
1682191759.80579
msg_begin
7.7572e+06
-363597
0.563023
0.0178593
0.0218501
0.000956779
0
0
0
1682191759.85683
msg_begin
7.7572e+06
-363597
0.563874
0.00110885
0.000436255
0.00011841
0
0
0
1682191759.90599
msg_begin
7.7572e+06
-363597
0.564142
6.51926e-09
1.33878e-09
1.11022e-15
0
0
0
1682191759.95606
msg_begin
7.7572e+06
-363596
0.564247
0.035485
0.0207504
0.00136062
0
0
0
1682191760.00620
msg_begin
7.7572e+06
-363596
0.564106
1.11759e-08
4.07454e-10
5.21805e-15
0
0
0
1682191760.05704
msg_begin
7.7572e+06
-363596
0.561288
0.0217118
0.00323075
0.000313564
0
0
0
1682191760.10628
msg_begin
7.7572e+06
-363596
0.56081
0.00208152
0.00293716
0.000403705
0
0
0
1682191760.15628
msg_begin
7.7572e+06
-363595
0.564876
0.00470606
0.00901395
0.000731885
0
0
0
1682191760.20631
msg_begin
7.7572e+06
-363595
0.563873
0.00866247
0.000949551
0.000174673
0
0
0
1682191760.25734
msg_begin
7.7572e+06
-363595
0.564592
0.00179574
0.00271056
0.00100154
0
0
0
1682191760.30641
msg_begin
7.7572e+06
-363595
0.562306
0.00461171
0.00305038
0.000102346
0
0
0
1682191760.35632
msg_begin
7.7572e+06
-363595
0.561038
0.00341199
0.00633547
0.000408664
0
0
0
1682191760.40634
msg_begin
7.7572e+06
-363594
0.56123
0.00538849
0.00774029
0.000250148
0
0
0
1682191760.45748
msg_begin
7.7572e+06
-363594
0.561667
0.0384981
0.00841009
0.000739717
0
0
0
1682191760.50627
msg_begin
7.7572e+06
-363594
0.563332
0.0291684
0.00920501
0.00129985
0
0
0
1682191760.55623
msg_begin
7.7572e+06
-363594
0.562489
0.00305946
0.00133477
0.000340556
0
0
0
1682191760.60620
msg_begin
7.7572e+06
-363594
0.565656
0.00732378
0.00292117
0.000398135
0
0
0
1682191760.65718
msg_begin
7.7572e+06
-363593
0.566666
0.00491877
0.00177704
0.000251532
0
0
0
1682191760.70621
msg_begin
7.7572e+06
-363593
0.566148
0
2.32831e-10
1.55431e-15
0
0
0
1682191760.75618
msg_begin
7.7572e+06
-363593
0.56541
0.00682573
0.00468693
0.000862946
0
0
0
1682191760.80617
msg_begin
7.7572e+06
-363593
0.564813
0.0103852
0.00421504
0.00242853
0
0
0
1682191760.85619
msg_begin
7.75721e+06
-363593
0.565391
0.0357656
0.0170558
0.00277662
0
0
0
1682191760.90622
msg_begin
7.75721e+06
-363592
0.564858
0.00522606
0.0038479
0.000113547
0
0
0
1682191760.95623
msg_begin
7.75721e+06
-363592
0.56371
0.00130259
0.00159247
0.000149249
0
0
0
1682191761.00622
msg_begin
7.75721e+06
-363592
0.560284
0.00201601
0.000974253
0.000320865
0
0
0
1682191761.05627
msg_begin
7.75721e+06
-363592
0.559775
0.00395985
0.00694299
0.000295096
0
0
0
1682191761.10624
msg_begin
7.75721e+06
-363591
0.561769
0.0108313
0.00875226
0.00108124
0
0
0
1682191761.15617
msg_begin
7.75721e+06
-363591
0.562152
5.02914e-08
1.5134e-09
4.996e-15
0
0
0
1682191761.20616
msg_begin
7.75721e+06
-363591
0.56304
0.00413333
0.00146868
2.81967e-05
0
0
0
1682191761.25612
msg_begin
7.75721e+06
-363591
0.562281
0.00189158
0.000994101
0.000479586
0
0
0
1682191761.30619
msg_begin
7.75721e+06
-363591
0.561384
0.0104862
0.00751197
0.000423265
0
0
0
1682191761.35620
msg_begin
7.75721e+06
-363590
0.560029
0.00255609
0.00198656
0.000508899
0
0
0
1682191761.40624
msg_begin
7.75721e+06
-363590
0.560455
0.0133717
0.00764567
0.000277901
0
0
0
1682191761.45631
msg_begin
7.75721e+06
-363590
0.561314
0.00279956
0.00923691
0.000390676
0
0
0
1682191761.50622
msg_begin
7.75721e+06
-363590
0.560827
1.49012e-08
1.16415e-10
8.88178e-16
0
0
0
1682191761.55621
msg_begin
7.75721e+06
-363590
0.561408
0.00783615
0.00547908
0.000286523
0
0
0
1682191761.60619
msg_begin
7.75721e+06
-363589
0.559348
0.0349581
0.0105635
0.00116272
0
0
0
1682191761.65627
msg_begin
7.75721e+06
-363589
0.560853
4.65661e-08
4.65661e-10
8.88178e-16
0
0
0
1682191761.70631
msg_begin
7.75721e+06
-363589
0.565006
0.00358529
0.00228072
0.000933681
0
0
0
1682191761.75632
msg_begin
7.75721e+06
-363589
0.564558
0.00336697
0.000419304
7.36522e-05
0
0
0
1682191761.80636
msg_begin
7.75721e+06
-363589
0.562425
0.00101307
0.00430491
0.000289734
0
0
0
1682191761.85707
msg_begin
7.75721e+06
-363589
0.562129
3.72529e-09
5.82077e-10
1.9984e-15
0
0
0
1682191761.90638
msg_begin
7.75721e+06
-363588
0.56418
0.00212154
0.00350747
0.000512808
0
0
0
1682191761.95635
msg_begin
7.75721e+06
-363588
0.566182
0.00253927
0.00214298
0.000452203
0
0
0
1682191762.00632
msg_begin
7.75721e+06
-363588
0.564726
0.00540492
0.00262196
0.00019471
0
0
0
1682191762.05748
msg_begin
7.75721e+06
-363588
0.565396
0.0044031
0.00424525
0.000352028
0
0
0
1682191762.10622
msg_begin
7.75721e+06
-363588
0.565149
0.0465154
0.0324879
0.000513726
0
0
0
1682191762.15612
msg_begin
7.75721e+06
-363587
0.565968
0.00373172
0.00556307
0.00115553
0
0
0
1682191762.20607
msg_begin
7.75721e+06
-363587
0.566673
0.00418938
0.00737887
0.000652406
0
0
0
1682191762.25649
msg_begin
7.75721e+06
-363587
0.568081
0.00508862
0.00261433
0.00041599
0
0
0
1682191762.30596
msg_begin
7.75721e+06
-363587
0.568515
1.67638e-08
6.40284e-10
0
0
0
0
1682191762.35590
msg_begin
7.75721e+06
-363586
0.570261
0.00361576
0.00368325
0.000511578
0
0
0
1682191762.40586
msg_begin
7.75721e+06
-363586
0.568625
0.00455264
0.0057215
0.000713378
0
0
0
1682191762.45687
msg_begin
7.75722e+06
-363586
0.569383
0.00874156
0.00505339
0.000578076
0
0
0
1682191762.50598
msg_begin
7.75722e+06
-363586
0.569953
0.00818686
0.00388782
0.00018923
0
0
0
1682191762.55603
msg_begin
7.75722e+06
-363586
0.571407
0.00577595
0.00252369
0.000851828
0
0
0
1682191762.60617
msg_begin
7.75722e+06
-363585
0.570852
0.00922377
0.0100322
0.000788814
0
0
0
1682191762.65702
msg_begin
7.75722e+06
-363585
0.571664
0.0322811
0.026067
0.0016451
0
0
0
1682191762.70617
msg_begin
7.75722e+06
-363585
0.573641
0.00197575
0.000887099
0.000178489
0
0
0
1682191762.75627
msg_begin
7.75722e+06
-363585
0.576787
0.0152927
0.00692816
0.000561654
0
0
0
1682191762.80630
msg_begin
7.75722e+06
-363584
0.576073
0.00198279
0.00267444
9.13737e-05
0
0
0
1682191762.85636
msg_begin
7.75722e+06
-363584
0.578529
0.00859799
0.000860264
0.000381496
0
0
0
1682191762.90639
msg_begin
7.75722e+06
-363584
0.577717
0.00124248
0.0013295
8.72943e-05
0
0
0
1682191762.95637
msg_begin
7.75722e+06
-363584
0.577609
0.0097458
0.00765903
0.000260202
0
0
0
1682191763.00635
msg_begin
7.75722e+06
-363584
0.582865
0.00122238
0.00159936
0.000271038
0
0
0
1682191763.05634
msg_begin
7.75722e+06
-363583
0.581592
0.000266559
0.00249673
3.56635e-05
0
0
0
1682191763.10625
msg_begin
7.75722e+06
-363583
0.582624
7.82311e-08
8.73115e-10
3.33067e-15
0
0
0
1682191763.15618
msg_begin
7.75722e+06
-363583
0.582462
0.00316847
0.00821001
0.000799581
0
0
0
1682191763.20610
msg_begin
7.75722e+06
-363583
0.582339
1.11759e-08
3.20142e-09
1.55431e-15
0
0
0
1682191763.25603
msg_begin
7.75722e+06
-363582
0.583116
0.00125708
0.00866987
0.000125568
0
0
0
1682191763.30602
msg_begin
7.75722e+06
-363582
0.585578
0.00147489
0.00132461
0.000195986
0
0
0
1682191763.35590
msg_begin
7.75722e+06
-363582
0.584484
0.0120607
0.00823419
0.000707611
0
0
0
1682191763.40591
msg_begin
7.75722e+06
-363582
0.586834
0.00248518
0.00425134
0.000193375
0
0
0
1682191763.45577
msg_begin
7.75722e+06
-363581
0.589796
0.0188109
0.00452157
0.000708392
0
0
0
1682191763.50575
msg_begin
7.75722e+06
-363581
0.590728
0.00780275
0.00535554
6.35485e-05
0
0
0
1682191763.55579
msg_begin
7.75722e+06
-363581
0.588979
0.00696548
0.00469078
0.000564985
0
0
0
1682191763.60585
msg_begin
7.75722e+06
-363581
0.589697
0.0064611
0.00724349
0.000472894
0
0
0
1682191763.65580
msg_begin
7.75722e+06
-363581
0.590211
0.00339263
0.00115185
0.000446419
0
0
0
1682191763.70586
msg_begin
7.75722e+06
-363580
0.594647
9.31323e-10
5.23869e-10
2.33147e-15
0
0
0
1682191763.75593
msg_begin
7.75722e+06
-363580
0.595701
0.00532335
0.00822274
0.000617503
0
0
0
1682191763.80700
msg_begin
7.75722e+06
-363580
0.595552
0.00608613
0.00305084
0.000361796
0
0
0
1682191763.85702
msg_begin
7.75722e+06
-363580
0.596487
0.00108775
0.00252796
0.000237339
0
0
0
1682191763.90610
msg_begin
7.75722e+06
-363579
0.596932
0.0209301
0.0204687
0.000582746
0
0
0
1682191763.95608
msg_begin
7.75723e+06
-363579
0.601724
2.04891e-08
0
1.77636e-15
0
0
0
1682191764.00620
msg_begin
7.75723e+06
-363579
0.603236
0.00131165
0.000750775
1.24751e-05
0
0
0
1682191764.05674
msg_begin
7.75723e+06
-363579
0.599986
0.00536298
0.00421307
0.000486936
0
0
0
1682191764.10619
msg_begin
7.75723e+06
-363579
0.599717
0.0196162
0.0166679
0.000731182
0
0
0
1682191764.15619
msg_begin
7.75723e+06
-363578
0.603962
8.3819e-09
2.50293e-09
5.77316e-15
0
0
0
1682191764.20618
msg_begin
7.75723e+06
-363578
0.606023
0.00206327
0.00181356
0.00020079
0
0
0
1682191764.25706
msg_begin
7.75723e+06
-363578
0.607049
0.00118142
0.000582797
2.3938e-05
0
0
0
1682191764.30611
msg_begin
7.75723e+06
-363578
0.608004
0.00130276
0.000412245
9.57935e-05
0
0
0
1682191764.35602
msg_begin
7.75723e+06
-363577
0.609139
0.0130544
0.00979863
0.000258765
0
0
0
1682191764.40594
msg_begin
7.75723e+06
-363577
0.608847
0.00589576
0.00499577
0.000285308
0
0
0
1682191764.45637
msg_begin
7.75723e+06
-363577
0.612978
7.91624e-08
1.39698e-09
9.99201e-16
0
0
0
1682191764.50583
msg_begin
7.75723e+06
-363577
0.612566
0.0147161
0.0142164
0.000784252
0
0
0
1682191764.55577
msg_begin
7.75723e+06
-363576
0.614786
5.7742e-08
2.91038e-09
3.44169e-15
0
0
0
1682191764.60570
msg_begin
7.75723e+06
-363576
0.614036
0.00832849
0.0107896
0.000409697
0
0
0
1682191764.65599
msg_begin
7.75723e+06
-363576
0.615221
0.00443777
0.00352474
0.000413499
0
0
0
1682191764.70563
msg_begin
7.75723e+06
-363576
0.615488
0.00425249
0.00352488
0.000539926
0
0
0
1682191764.75573
msg_begin
7.75723e+06
-363575
0.617437
0.0008546
0.00047212
0.000203469
0
0
0
1682191764.80566
msg_begin
7.75723e+06
-363575
0.613918
0.000859076
0.000460792
0.000111796
0
0
0
1682191764.85579
msg_begin
7.75723e+06
-363575
0.61607
0.0018971
0.00116103
0.000220273
0
0
0
1682191764.90580
msg_begin
7.75723e+06
-363575
0.616314
0.00401165
0.00274754
0.00071973
0
0
0
1682191764.95583
msg_begin
7.75723e+06
-363574
0.618108
0.00574046
0.00755675
0.000518298
0
0
0
1682191765.00582
msg_begin
7.75723e+06
-363574
0.619998
0.00804194
0.0151749
0.000694518
0
0
0
1682191765.05593
msg_begin
7.75723e+06
-363574
0.619806
5.40167e-08
7.567e-10
8.88178e-16
0
0
0
1682191765.10597
msg_begin
7.75723e+06
-363574
0.623871
0.00224561
0.00179594
8.15891e-05
0
0
0
1682191765.15591
msg_begin
7.75723e+06
-363573
0.626049
0.00624113
0.00178129
0.000185493
0
0
0
1682191765.20602
msg_begin
7.75723e+06
-363573
0.62528
0.0224831
0.0174111
0.00094719
0
0
0
1682191765.25590
msg_begin
7.75723e+06
-363573
0.627826
0.00292156
0.000596238
0.00126195
0
0
0
1682191765.30584
msg_begin
7.75723e+06
-363573
0.626146
0.017892
0.0126765
0.000874367
0
0
0
1682191765.35572
msg_begin
7.75723e+06
-363573
0.629229
0.0312276
0.0269877
0.000131253
0
0
0
1682191765.40564
msg_begin
7.75723e+06
-363572
0.632078
0.0473819
0.050824
0.000910253
0
0
0
1682191765.45665
msg_begin
7.75724e+06
-363572
0.635559
0.00803704
0.00208647
0.000505373
0
0
0
1682191765.50551
msg_begin
7.75724e+06
-363572
0.637536
0.00999503
0.0107142
0.000590622
0
0
0
1682191765.55545
msg_begin
7.75724e+06
-363571
0.64129
5.33389e-05
0.00121806
0.000138482
0
0
0
1682191765.60543
msg_begin
7.75724e+06
-363571
0.642267
6.0536e-08
2.91038e-10
7.77156e-16
0
0
0
1682191765.65535
msg_begin
7.75724e+06
-363571
0.643073
0.00542916
0.0113139
0.00130965
0
0
0
1682191765.70525
msg_begin
7.75724e+06
-363571
0.646264
5.2718e-05
2.89856e-05
1.20685e-06
0
0
0
1682191765.75528
msg_begin
7.75724e+06
-363570
0.650223
0.0270228
0.0204689
0.000344743
0
0
0
1682191765.80673
msg_begin
7.75724e+06
-363570
0.653618
0.0166348
0.000551251
0.000367568
0
0
0
1682191765.85596
msg_begin
7.75724e+06
-363570
0.654999
0.042393
0.0248346
0.00143496
0
0
0
1682191765.90514
msg_begin
7.75724e+06
-363570
0.657419
0.0327909
0.0179917
0.00155104
0
0
0
1682191765.95512
msg_begin
7.75724e+06
-363570
0.656714
0.0345603
0.0238421
0.00148026
0
0
0
1682191766.00516
msg_begin
7.75724e+06
-363569
0.659862
0.0124246
0.00770455
0.000834823
0
0
0
1682191766.05558
msg_begin
7.75724e+06
-363569
0.660216
5.86733e-08
9.31323e-10
6.66134e-16
0
0
0
1682191766.10518
msg_begin
7.75724e+06
-363569
0.659148
1.30385e-08
1.62981e-09
1.66533e-15
0
0
0
1682191766.15517
msg_begin
7.75724e+06
-363569
0.662212
0.0103249
0.00511015
0.000190979
0
0
0
1682191766.20519
msg_begin
7.75724e+06
-363568
0.664821
6.51926e-09
3.7835e-09
3.44169e-15
0
0
0
1682191766.25568
msg_begin
7.75724e+06
-363568
0.665122
0.0118734
0.00990926
0.000259319
0
0
0
1682191766.30523
msg_begin
7.75724e+06
-363568
0.665866
1.11759e-08
1.16415e-10
8.88178e-16
0
0
0
1682191766.35532
msg_begin
7.75724e+06
-363568
0.66956
0.00131401
0.00607016
0.000121615
0
0
0
1682191766.40536
msg_begin
7.75724e+06
-363568
0.673266
0.00362243
0.00762955
0.000688368
0
0
0
1682191766.45626
msg_begin
7.75724e+06
-363567
0.674483
6.61239e-08
4.65661e-10
1.11022e-15
0
0
0
1682191766.50533
msg_begin
7.75724e+06
-363567
0.67393
0.010165
0.0113774
0.000274324
0
0
0
1682191766.55540
msg_begin
7.75724e+06
-363567
0.674407
0.00515331
0.0143194
0.000373697
0
0
0
1682191766.60538
msg_begin
7.75724e+06
-363566
0.675077
0.0116971
0.007666
0.000751124
0
0
0
1682191766.65625
msg_begin
7.75724e+06
-363566
0.673277
0.0153667
0.00777445
0.000628446
0
0
0
1682191766.70533
msg_begin
7.75724e+06
-363566
0.673062
0.00293504
0.00199502
0.000197801
0
0
0
1682191766.75530
msg_begin
7.75724e+06
-363566
0.674894
6.79865e-08
6.98492e-10
7.77156e-16
0
0
0
1682191766.80533
msg_begin
7.75724e+06
-363565
0.676221
0.00159429
0.00031194
0.000180004
0
0
0
1682191766.85534
msg_begin
7.75724e+06
-363565
0.680749
0.0632725
0.0424413
0.000442143
0
0
0
1682191766.90534
msg_begin
7.75724e+06
-363565
0.683266
0.0262348
0.013453
0.000471003
0
0
0
1682191766.95524
msg_begin
7.75724e+06
-363564
0.682865
0.0678478
0.0712484
0.00126357
0
0
0
1682191767.00533
msg_begin
7.75725e+06
-363564
0.692829
1.11759e-08
3.20142e-09
4.55191e-15
0
0
0
1682191767.05531
msg_begin
7.75725e+06
-363564
0.691812
0.00699863
0.00916707
0.000776472
0
0
0
1682191767.10534
msg_begin
7.75725e+06
-363563
0.691616
0.0029393
0.00271919
0.00107559
0
0
0
1682191767.15527
msg_begin
7.75725e+06
-363563
0.694499
0.00420375
0.00488312
0.000652783
0
0
0
1682191767.20534
msg_begin
7.75725e+06
-363563
0.69388
0.0119323
0.0104655
0.000590804
0
0
0
1682191767.25518
msg_begin
7.75725e+06
-363563
0.69427
1.86265e-08
2.15368e-09
3.66374e-15
0
0
0
1682191767.30519
msg_begin
7.75725e+06
-363562
0.694759
0.0116047
0.00798436
0.000904976
0
0
0
1682191767.35519
msg_begin
7.75725e+06
-363562
0.701715
6.51926e-09
1.68802e-09
3.55271e-15
0
0
0
1682191767.40525
msg_begin
7.75725e+06
-363562
0.702498
0.0173837
0.0031251
0.000203602
0
0
0
1682191767.45519
msg_begin
7.75725e+06
-363561
0.707041
0.00448743
0.0019647
0.000271391
0
0
0
1682191767.50514
msg_begin
7.75725e+06
-363561
0.70839
0.0253679
0.0248395
0.001283
0
0
0
1682191767.55508
msg_begin
7.75725e+06
-363561
0.708912
0.00636645
0.00773318
0.000469209
0
0
0
1682191767.60503
msg_begin
7.75725e+06
-363561
0.712389
0.0151074
0.0111655
0.00139837
0
0
0
1682191767.65507
msg_begin
7.75725e+06
-363560
0.711701
0.000328852
0.00590065
0.000196371
0
0
0
1682191767.70499
msg_begin
7.75725e+06
-363560
0.714541
0.0100324
0.00270223
0.000273566
0
0
0
1682191767.75496
msg_begin
7.75725e+06
-363560
0.713612
8.3819e-09
3.49246e-10
8.88178e-16
0
0
0
1682191767.80489
msg_begin
7.75725e+06
-363559
0.714208
0.0108413
0.00766398
6.5521e-05
0
0
0
1682191767.85560
msg_begin
7.75725e+06
-363559
0.717495
1.86265e-08
5.82077e-11
9.99201e-16
0
0
0
1682191767.90494
msg_begin
7.75725e+06
-363559
0.719417
0.00458374
0.0158985
0.000483723
0
0
0
1682191767.95497
msg_begin
7.75725e+06
-363558
0.722072
0.0235215
0.0258248
0.00165049
0
0
0
1682191768.00500
msg_begin
7.75725e+06
-363558
0.722767
0.000719381
0.000354238
2.65232e-05
0
0
0
1682191768.05588
msg_begin
7.75725e+06
-363558
0.725131
0.00238967
0.00197064
0.000335683
0
0
0
1682191768.10514
msg_begin
7.75725e+06
-363557
0.728028
0.000635763
0.000265078
0.000123326
0
0
0
1682191768.15519
msg_begin
7.75725e+06
-363557
0.72885
0.0164702
0.0210247
0.00146003
0
0
0
1682191768.20531
msg_begin
7.75725e+06
-363557
0.729964
0.00448999
0.000763042
0.00045601
0
0
0
1682191768.25600
msg_begin
7.75725e+06
-363556
0.733959
0.00600213
0.00715885
0.000348048
0
0
0
1682191768.30534
msg_begin
7.75725e+06
-363556
0.734547
0.0139818
0.007108
0.000634792
0
0
0
1682191768.35543
msg_begin
7.75725e+06
-363556
0.733112
0.00199424
0.00126822
0.000268582
0
0
0
1682191768.40544
msg_begin
7.75725e+06
-363555
0.735282
2.79397e-08
2.21189e-09
0
0
0
0
1682191768.45630
msg_begin
7.75726e+06
-363555
0.736249
0.0153818
0.0127974
0.000499005
0
0
0
1682191768.50546
msg_begin
7.75726e+06
-363555
0.737436
0.0165728
0.00665034
0.000139962
0
0
0
1682191768.55555
msg_begin
7.75726e+06
-363554
0.735757
0.011943
0.0084973
0.000549347
0
0
0
1682191768.60553
msg_begin
7.75726e+06
-363554
0.738851
5.86733e-08
2.96859e-09
1.66533e-15
0
0
0
1682191768.65643
msg_begin
7.75726e+06
-363554
0.74032
0.000643159
0.00634452
0.000746329
0
0
0
1682191768.70552
msg_begin
7.75726e+06
-363553
0.739973
0.00366777
0.000592197
7.23805e-06
0
0
0
1682191768.75554
msg_begin
7.75726e+06
-363553
0.740849
0.00392468
0.00367814
0.000331742
0
0
0
1682191768.80557
msg_begin
7.75726e+06
-363553
0.743234
0.00141924
2.7927e-05
5.17754e-05
0
0
0
1682191768.85577
msg_begin
7.75726e+06
-363553
0.743838
0.00118069
0.00371984
8.22563e-05
0
0
0
1682191768.90568
msg_begin
7.75726e+06
-363552
0.744442
2.04891e-08
3.49246e-10
5.9952e-15
0
0
0
1682191768.95564
msg_begin
7.75726e+06
-363552
0.743726
0.000547968
0.000622405
0.000126488
0
0
0
1682191769.00566
msg_begin
7.75726e+06
-363552
0.745571
0.00506815
0.00339547
0.000858343
0
0
0
1682191769.05564
msg_begin
7.75726e+06
-363551
0.74747
0.00124233
0.00147119
7.41988e-05
0
0
0
1682191769.10565
msg_begin
7.75726e+06
-363551
0.74964
0.00167619
0.000451599
9.82834e-05
0
0
0
1682191769.15564
msg_begin
7.75726e+06
-363551
0.749538
0.0180236
0.00265332
0.000142191
0
0
0
1682191769.20567
msg_begin
7.75726e+06
-363550
0.749572
0.00508985
0.00867935
0.000400234
0
0
0
1682191769.25563
msg_begin
7.75726e+06
-363550
0.749707
0.00209698
0.0020318
0.000121111
0
0
0
1682191769.30565
msg_begin
7.75726e+06
-363550
0.750629
0.000618689
0.000381798
6.60035e-05
0
0
0
1682191769.35569
msg_begin
7.75726e+06
-363549
0.751836
0.00297211
0.0085534
0.000872436
0
0
0
1682191769.40574
msg_begin
7.75726e+06
-363549
0.754362
0.0070931
0.00591011
0.000439412
0
0
0
1682191769.45577
msg_begin
7.75726e+06
-363549
0.758799
0.00148825
0.000741153
0.000188523
0
0
0
1682191769.50576
msg_begin
7.75726e+06
-363548
0.758979
0.00680358
0.00647985
0.000462054
0
0
0
1682191769.55575
msg_begin
7.75726e+06
-363548
0.762115
7.07805e-08
4.65661e-10
3.88578e-15
0
0
0
1682191769.60576
msg_begin
7.75726e+06
-363548
0.760629
0.019404
0.0145342
0.000651073
0
0
0
1682191769.65581
msg_begin
7.75726e+06
-363547
0.759047
0.0076653
0.0116522
0.000361375
0
0
0
1682191769.70575
msg_begin
7.75726e+06
-363547
0.760633
3.35276e-08
3.31784e-09
2.10942e-15
0
0
0
1682191769.75570
msg_begin
7.75726e+06
-363547
0.760614
0.00141937
0.00493973
0.000384583
0
0
0
1682191769.80557
msg_begin
7.75726e+06
-363546
0.76005
0.00417
0.00372189
0.000359128
0
0
0
1682191769.85555
msg_begin
7.75726e+06
-363546
0.759557
0.00729518
0.00936495
0.00129751
0
0
0
1682191769.90550
msg_begin
7.75726e+06
-363546
0.761731
0.00323005
0.00720619
0.000729894
0
0
0
1682191769.95547
msg_begin
7.75727e+06
-363546
0.764461
0.0019965
0.00317849
0.000389897
0
0
0
1682191770.00538
msg_begin
7.75727e+06
-363545
0.763801
0.00320983
0.00743831
0.000348846
0
0
0
1682191770.05536
msg_begin
7.75727e+06
-363545
0.762351
0.0108708
0.0170541
0.000937666
0
0
0
1682191770.10526
msg_begin
7.75727e+06
-363544
0.760937
6.61239e-08
1.10595e-09
2.22045e-16
0
0
0
1682191770.15531
msg_begin
7.75727e+06
-363544
0.764071
0.0129958
0.000459354
0.000460478
0
0
0
1682191770.20530
msg_begin
7.75727e+06
-363544
0.760567
0.000722614
0.00135267
0.000131827
0
0
0
1682191770.25532
msg_begin
7.75727e+06
-363544
0.762978
0.0101555
0.00969754
0.00125129
0
0
0
1682191770.30533
msg_begin
7.75727e+06
-363543
0.762944
0.0160094
0.0182268
0.000803296
0
0
0
1682191770.35540
msg_begin
7.75727e+06
-363543
0.765128
0.000604209
0.000912792
0.000301547
0
0
0
1682191770.40540
msg_begin
7.75727e+06
-363543
0.763419
0.0121625
0.0113614
0.000468962
0
0
0
1682191770.45549
msg_begin
7.75727e+06
-363542
0.763418
0.0146055
0.00837501
0.00134087
0
0
0
1682191770.50554
msg_begin
7.75727e+06
-363542
0.759152
7.26432e-08
1.92085e-09
2.10942e-15
0
0
0
1682191770.55561
msg_begin
7.75727e+06
-363542
0.760607
0.000620085
0.000732702
0.00012795
0
0
0
1682191770.60564
msg_begin
7.75727e+06
-363541
0.76261
0.0132303
0.015201
0.000454851
0
0
0
1682191770.65566
msg_begin
7.75727e+06
-363541
0.764814
0.00683557
0.00386023
0.000577795
0
0
0
1682191770.70569
msg_begin
7.75727e+06
-363541
0.764821
0.002928
0.00241114
4.23907e-05
0
0
0
1682191770.75578
msg_begin
7.75727e+06
-363540
0.765221
8.00937e-08
2.61934e-09
5.10703e-15
0
0
0
1682191770.80573
msg_begin
7.75727e+06
-363540
0.767264
0.0026493
0.00203782
5.58757e-05
0
0
0
1682191770.85573
msg_begin
7.75727e+06
-363540
0.767857
0.00174505
0.00289393
0.000153701
0
0
0
1682191770.90573
msg_begin
7.75727e+06
-363539
0.768108
0.006828
0.00425442
0.000508758
0
0
0
1682191770.95572
msg_begin
7.75727e+06
-363539
0.768914
0.000929869
0.000331206
0.00012679
0
0
0
1682191771.00570
msg_begin
7.75727e+06
-363539
0.768403
0.00263487
0.00203569
0.000183408
0
0
0
1682191771.05581
msg_begin
7.75727e+06
-363538
0.767911
0.00698167
0.00688124
0.000477297
0
0
0
1682191771.10580
msg_begin
7.75727e+06
-363538
0.76721
1.30385e-08
1.57161e-09
3.44169e-15
0
0
0
1682191771.15579
msg_begin
7.75727e+06
-363538
0.766898
2.70084e-08
3.14321e-09
4.44089e-15
0
0
0
1682191771.20580
msg_begin
7.75727e+06
-363537
0.764227
3.44589e-08
2.32831e-09
2.10942e-15
0
0
0
1682191771.25582
msg_begin
7.75727e+06
-363537
0.766152
0.00152187
0.00290391
0.000124301
0
0
0
1682191771.30591
msg_begin
7.75727e+06
-363537
0.763149
0.00656485
0.00765136
0.000891067
0
0
0
1682191771.35592
msg_begin
7.75727e+06
-363536
0.764876
0.00739745
0.00848402
9.4922e-05
0
0
0
1682191771.40587
msg_begin
7.75727e+06
-363536
0.764928
0.00446144
0.000453661
9.3484e-05
0
0
0
1682191771.45956
msg_begin
7.75727e+06
-363536
0.76483
0.00289531
0.00423128
0.000182925
0
0
0
1682191771.50593
msg_begin
7.75728e+06
-363535
0.762705
0.00124547
0.00303645
0.00015548
0
0
0
1682191771.55587
msg_begin
7.75728e+06
-363535
0.763146
0.00348861
0.00262609
0.00041328
0
0
0
1682191771.60585
msg_begin
7.75728e+06
-363535
0.763337
4.65661e-09
3.25963e-09
3.33067e-16
0
0
0
1682191771.65590
msg_begin
7.75728e+06
-363535
0.762374
0.00364689
0.00564819
0.000130482
0
0
0
1682191771.70590
msg_begin
7.75728e+06
-363534
0.757949
0.00164902
0.000813497
0.000161754
0
0
0
1682191771.75586
msg_begin
7.75728e+06
-363534
0.759324
0.00986638
0.0212557
0.00079236
0
0
0
1682191771.80590
msg_begin
7.75728e+06
-363534
0.75907
0.00217638
0.00151862
8.00585e-05
0
0
0
1682191771.85594
msg_begin
7.75728e+06
-363533
0.758384
0.00598419
0.00792343
0.000205428
0
0
0
1682191771.90597
msg_begin
7.75728e+06
-363533
0.755005
0.00917358
0.00784732
0.000107852
0
0
0
1682191771.95595
msg_begin
7.75728e+06
-363533
0.75582
0.00134228
0.00215855
0.000278758
0
0
0
1682191772.00595
msg_begin
7.75728e+06
-363532
0.756254
1.02445e-08
1.16415e-10
2.22045e-16
0
0
0
1682191772.05587
msg_begin
7.75728e+06
-363532
0.751922
2.04891e-08
1.57161e-09
9.99201e-16
0
0
0
1682191772.10590
msg_begin
7.75728e+06
-363532
0.750978
0.000672416
2.24972e-05
0.000129706
0
0
0
1682191772.15591
msg_begin
7.75728e+06
-363531
0.753548
0.00649035
0.00304297
0.00050629
0
0
0
1682191772.20588
msg_begin
7.75728e+06
-363531
0.751685
0.000107286
0.00309253
0.000157585
0
0
0
1682191772.25588
msg_begin
7.75728e+06
-363531
0.753538
0.000589026
0.000887893
7.10833e-05
0
0
0
1682191772.30587
msg_begin
7.75728e+06
-363530
0.753625
0.000785515
0.00321218
0.000862437
0
0
0
1682191772.35583
msg_begin
7.75728e+06
-363530
0.755666
0.00215964
0.00195984
0.000119774
0
0
0
1682191772.40576
msg_begin
7.75728e+06
-363530
0.752111
0.000382896
0.00102203
1.56549e-05
0
0
0
1682191772.45578
msg_begin
7.75728e+06
-363529
0.752158
0.00283742
0.00293352
0.000281942
0
0
0
1682191772.50575
msg_begin
7.75728e+06
-363529
0.754364
0.0130297
0.0235442
0.000179715
0
0
0
1682191772.55574
msg_begin
7.75728e+06
-363529
0.751521
3.07336e-08
2.2701e-09
1.44329e-15
0
0
0
1682191772.60570
msg_begin
7.75728e+06
-363529
0.751
0.0132866
0.0144676
0.000231643
0
0
0
1682191772.65574
msg_begin
7.75728e+06
-363528
0.753108
0.000137319
0.00160048
0.000307922
0
0
0
1682191772.70571
msg_begin
7.75728e+06
-363528
0.753897
0.00971118
0.0174851
0.000484152
0
0
0
1682191772.75569
msg_begin
7.75728e+06
-363528
0.75268
0.0115492
0.00995432
0.000831257
0
0
0
1682191772.80579
msg_begin
7.75728e+06
-363527
0.751511
0.0137931
0.0204752
0.00116566
0
0
0
1682191772.85573
msg_begin
7.75728e+06
-363527
0.748854
6.51926e-08
4.07454e-10
1.11022e-15
0
0
0
1682191772.90581
msg_begin
7.75728e+06
-363527
0.751458
0.00209469
0.0053152
0.000345163
0
0
0
1682191772.95579
msg_begin
7.75728e+06
-363526
0.748693
1.87156e-05
0.000477273
6.01091e-05
0
0
0
1682191773.00591
msg_begin
7.75729e+06
-363526
0.74501
0.00979156
0.0168409
0.000217602
0
0
0
1682191773.05698
msg_begin
7.75729e+06
-363526
0.747528
0.00152144
0.000195825
0.00028627
0
0
0
1682191773.10586
msg_begin
7.75729e+06
-363525
0.744553
0.0115321
0.0124083
0.00143481
0
0
0
1682191773.15586
msg_begin
7.75729e+06
-363525
0.743937
4.65661e-09
3.0268e-09
2.77556e-15
0
0
0
1682191773.20588
msg_begin
7.75729e+06
-363525
0.742166
0.00618103
0.00304435
0.000454029
0
0
0
1682191773.25643
msg_begin
7.75729e+06
-363524
0.741874
0.00131733
0.00399608
0.000374754
0
0
0
1682191773.30579
msg_begin
7.75729e+06
-363524
0.740891
0.0244102
0.02822
0.00216806
0
0
0
1682191773.35573
msg_begin
7.75729e+06
-363524
0.740191
0.00134785
0.00725951
0.000352999
0
0
0
1682191773.40574
msg_begin
7.75729e+06
-363524
0.737779
1.30385e-08
4.65661e-10
2.22045e-16
0
0
0
1682191773.45670
msg_begin
7.75729e+06
-363523
0.737401
0.000543588
0.00137041
0.000191414
0
0
0
1682191773.50569
msg_begin
7.75729e+06
-363523
0.740558
0.00117264
0.00361478
0.000148106
0
0
0
1682191773.55566
msg_begin
7.75729e+06
-363523
0.739824
0.00433434
0.0058848
0.000430253
0
0
0
1682191773.60561
msg_begin
7.75729e+06
-363522
0.740789
0.0234902
0.0284902
0.00068064
0
0
0
1682191773.65651
msg_begin
7.75729e+06
-363522
0.740522
0.0403581
0.0374625
0.000399019
0
0
0
1682191773.70566
msg_begin
7.75729e+06
-363522
0.73844
0.000476314
0.000577264
6.07079e-05
0
0
0
1682191773.75568
msg_begin
7.75729e+06
-363521
0.737534
0.00732749
0.0111757
0.000198061
0
0
0
1682191773.80572
msg_begin
7.75729e+06
-363521
0.737525
0.00236478
0.00100738
3.31149e-05
0
0
0
1682191773.85568
msg_begin
7.75729e+06
-363521
0.737228
4.19095e-08
2.61934e-09
1.77636e-15
0
0
0
1682191773.90564
msg_begin
7.75729e+06
-363520
0.736465
0.00633545
0.00291015
0.000448247
0
0
0
1682191773.95562
msg_begin
7.75729e+06
-363520
0.737015
0.00712797
0.00496947
0.000297482
0
0
0
1682191774.00564
msg_begin
7.75729e+06
-363520
0.737492
1.21072e-08
2.85218e-09
2.22045e-16
0
0
0
1682191774.05559
msg_begin
7.75729e+06
-363520
0.740985
1.86265e-09
4.65661e-10
4.88498e-15
0
0
0
1682191774.10558
msg_begin
7.75729e+06
-363519
0.741688
0.00764914
0.0101749
0.000187966
0
0
0
1682191774.15551
msg_begin
7.75729e+06
-363519
0.739553
0.00148977
0.00192191
9.66277e-05
0
0
0
1682191774.20556
msg_begin
7.75729e+06
-363519
0.73911
0.0027694
0.00304171
0.000197422
0
0
0
1682191774.25551
msg_begin
7.75729e+06
-363518
0.738313
4.65661e-09
8.73115e-10
4.55191e-15
0
0
0
1682191774.30553
msg_begin
7.75729e+06
-363518
0.738093
0.0251344
0.0128787
0.00056762
0
0
0
1682191774.35549
msg_begin
7.75729e+06
-363518
0.741423
0.00461304
0.00531069
0.00041727
0
0
0
1682191774.40557
msg_begin
7.75729e+06
-363517
0.739041
0.00121249
0.000873191
3.31357e-05
0
0
0
1682191774.45567
msg_begin
7.75729e+06
-363517
0.739778
0.00139859
0.00149643
0.000110206
0
0
0
1682191774.50567
msg_begin
7.75729e+06
-363517
0.74163
0.0109476
0.0117058
0.000602008
0
0
0
1682191774.55572
msg_begin
7.7573e+06
-363516
0.745074
0.00128744
0.00504538
0.000100909
0
0
0
1682191774.60576
msg_begin
7.7573e+06
-363516
0.744772
0.00209049
0.00154817
0.000210537
0
0
0
1682191774.65572
msg_begin
7.7573e+06
-363516
0.742562
0.00533681
0.00064366
0.00091672
0
0
0
1682191774.70576
msg_begin
7.7573e+06
-363515
0.744648
0.00287603
0.00867948
0.000223909
0
0
0
1682191774.75571
msg_begin
7.7573e+06
-363515
0.743902
0.0130645
0.0179029
0.00106495
0
0
0
1682191774.80585
msg_begin
7.7573e+06
-363515
0.744826
0.00463071
0.00524323
0.000382376
0
0
0
1682191774.85568
msg_begin
7.7573e+06
-363515
0.745108
0.0141618
0.00431841
0.000644768
0
0
0
1682191774.90568
msg_begin
7.7573e+06
-363514
0.745297
0.00495563
0.00617893
0.000216328
0
0
0
1682191774.95568
msg_begin
7.7573e+06
-363514
0.743052
0.00478179
0.00041719
0.00173274
0
0
0
1682191775.00565
msg_begin
7.7573e+06
-363514
0.742618
0.0026395
0.00780618
0.000220391
0
0
0
1682191775.05561
msg_begin
7.7573e+06
-363513
0.742744
0.0291037
0.0433955
0.000161291
0
0
0
1682191775.10555
msg_begin
7.7573e+06
-363513
0.744112
0.000215867
0.000180487
4.78447e-06
0
0
0
1682191775.15556
msg_begin
7.7573e+06
-363513
0.743776
0.00121688
0.0037427
0.00017614
0
0
0
1682191775.20555
msg_begin
7.7573e+06
-363512
0.743391
0.00181695
0.00820938
0.000346542
0
0
0
1682191775.25544
msg_begin
7.7573e+06
-363512
0.743715
0.00373483
0.00240286
0.000320821
0
0
0
1682191775.30543
msg_begin
7.7573e+06
-363512
0.744135
0.00559786
0.00819706
0.000561216
0
0
0
1682191775.35542
msg_begin
7.7573e+06
-363512
0.742271
0.000559004
0.000634787
0.000156541
0
0
0
1682191775.40533
msg_begin
7.7573e+06
-363511
0.742644
0.036534
0.0343907
0.00193267
0
0
0
1682191775.45535
msg_begin
7.7573e+06
-363511
0.741061
0.0167485
0.0219759
0.000917108
0
0
0
1682191775.50533
msg_begin
7.7573e+06
-363511
0.744669
4.65661e-08
2.2701e-09
1.77636e-15
0
0
0
1682191775.55530
msg_begin
7.7573e+06
-363510
0.746305
1.58325e-08
4.07454e-10
1.11022e-16
0
0
0
1682191775.60528
msg_begin
7.7573e+06
-363510
0.745969
0.0132772
0.0197838
0.001081
0
0
0
1682191775.65533
msg_begin
7.7573e+06
-363510
0.745317
0.0356344
0.0358808
0.00106484
0
0
0
1682191775.70537
msg_begin
7.7573e+06
-363510
0.744903
0.040177
0.0297213
0.000783113
0
0
0
1682191775.75537
msg_begin
7.7573e+06
-363509
0.7452
0.0131821
0.0122212
0.00116585
0
0
0
1682191775.80543
msg_begin
7.7573e+06
-363509
0.742777
0.0159843
0.0182218
0.000203818
0
0
0
1682191775.85546
msg_begin
7.7573e+06
-363509
0.74279
0.00525
0.0009298
0.00038802
0
0
0
1682191775.90554
msg_begin
7.7573e+06
-363508
0.740875
0.00959761
0.0055906
5.3039e-05
0
0
0
1682191775.95555
msg_begin
7.7573e+06
-363508
0.738612
0.011671
0.0171194
0.000824203
0
0
0
1682191776.00567
msg_begin
7.7573e+06
-363508
0.737772
0.00100524
0.000459278
0.000136149
0
0
0
1682191776.05566
msg_begin
7.7573e+06
-363508
0.737564
0.00348477
0.00127651
9.92743e-05
0
0
0
1682191776.10565
msg_begin
7.7573e+06
-363507
0.73557
0.00272247
0.0046226
0.000357562
0
0
0
1682191776.15566
msg_begin
7.75731e+06
-363507
0.735333
0.00152051
0.00186556
0.000493485
0
0
0
1682191776.20558
msg_begin
7.75731e+06
-363507
0.734855
0.0313894
0.0298932
0.000824328
0
0
0
1682191776.25556
msg_begin
7.75731e+06
-363506
0.735028
0.00205224
0.00142933
0.000593769
0
0
0
1682191776.30549
msg_begin
7.75731e+06
-363506
0.734199
0.013751
0.00178366
0.00087217
0
0
0
1682191776.35547
msg_begin
7.75731e+06
-363506
0.730639
0.00291995
0.00321324
0.000240587
0
0
0
1682191776.40540
msg_begin
7.75731e+06
-363506
0.726198
0.0109178
0.00339192
0.000970752
0
0
0
1682191776.45541
msg_begin
7.75731e+06
-363505
0.724298
0.00620667
0.00284259
0.000817381
0
0
0
1682191776.50536
msg_begin
7.75731e+06
-363505
0.722437
4.65661e-08
2.50293e-09
2.66454e-15
0
0
0
1682191776.55528
msg_begin
7.75731e+06
-363505
0.72361
1.02445e-08
2.09548e-09
1.44329e-15
0
0
0
1682191776.60527
msg_begin
7.75731e+06
-363504
0.722098
0.00676958
0.010375
0.000358227
0
0
0
1682191776.65527
msg_begin
7.75731e+06
-363504
0.718928
0.00960951
0.0116955
0.000389557
0
0
0
1682191776.70526
msg_begin
7.75731e+06
-363504
0.715472
0.0154191
0.014335
0.00159888
0
0
0
1682191776.75529
msg_begin
7.75731e+06
-363504
0.710966
0.012257
0.00586841
0.000235901
0
0
0
1682191776.80534
msg_begin
7.75731e+06
-363503
0.70907
0.0206695
0.0139752
0.000918535
0
0
0
1682191776.85537
msg_begin
7.75731e+06
-363503
0.707468
0.0100982
0.00757811
0.0013987
0
0
0
1682191776.90539
msg_begin
7.75731e+06
-363503
0.701531
0.0033114
0.00472568
0.000698419
0
0
0
1682191776.95549
msg_begin
7.75731e+06
-363503
0.695747
0.00241838
0.00477698
0.000305045
0
0
0
1682191777.00553
msg_begin
7.75731e+06
-363502
0.690068
0.0151279
0.00745319
0.000314537
0
0
0
1682191777.05560
msg_begin
7.75731e+06
-363502
0.687276
0.00624386
0.0080599
0.000742889
0
0
0
1682191777.10565
msg_begin
7.75731e+06
-363502
0.677008
0.0135442
0.0122224
0.00165167
0
0
0
1682191777.15565
msg_begin
7.75731e+06
-363501
0.672203
0.00240166
0.000271049
5.55646e-05
0
0
0
1682191777.20584
msg_begin
7.75731e+06
-363501
0.662993
0.00151479
0.000524504
3.9337e-05
0
0
0
1682191777.25580
msg_begin
7.75731e+06
-363501
0.655582
0.0135955
0.0070987
0.000419458
0
0
0
1682191777.30588
msg_begin
7.75731e+06
-363501
0.65033
0.00140915
0.00553028
0.000292599
0
0
0
1682191777.35587
msg_begin
7.75731e+06
-363501
0.641871
0.0154646
0.011707
0.00214872
0
0
0
1682191777.40597
msg_begin
7.75731e+06
-363500
0.642699
2.23517e-08
1.16415e-10
1.22125e-15
0
0
0
1682191777.45595
msg_begin
7.75731e+06
-363500
0.63565
5.58794e-09
1.74623e-10
3.55271e-15
0
0
0
1682191777.50603
msg_begin
7.75731e+06
-363500
0.627367
0.00268514
0.00275085
0.000142675
0
0
0
1682191777.55605
msg_begin
7.75731e+06
-363500
0.613127
0.0124947
0.00981292
0.000845233
0
0
0
1682191777.60611
msg_begin
7.75731e+06
-363499
0.607177
0.000558734
0.0034699
0.000256298
0
0
0
1682191777.65616
msg_begin
7.75731e+06
-363499
0.597498
0.00502882
0.00711361
0.000836053
0
0
0
1682191777.70615
msg_begin
7.75731e+06
-363499
0.590457
0.00434091
0.00500666
0.000509517
0
0
0
1682191777.75610
msg_begin
7.75732e+06
-363499
0.581627
0.00787066
0.00237563
0.000180433
0
0
0
1682191777.80613
msg_begin
7.75732e+06
-363498
0.57667
0.023424
0.00754414
0.00300256
0
0
0
1682191777.85608
msg_begin
7.75732e+06
-363498
0.567254
0.00171377
0.00976675
0.000362174
0
0
0
1682191777.90611
msg_begin
7.75732e+06
-363498
0.555799
0.000950581
0.00221271
6.95771e-05
0
0
0
1682191777.95609
msg_begin
7.75732e+06
-363498
0.546321
7.45058e-09
4.07454e-10
3.10862e-15
0
0
0
1682191778.00604
msg_begin
7.75732e+06
-363498
0.535852
0.00728808
0.00389379
0.000382984
0
0
0
1682191778.05605
msg_begin
7.75732e+06
-363497
0.529968
0.0197236
0.0187121
0.00276882
0
0
0
1682191778.10601
msg_begin
7.75732e+06
-363497
0.521496
0.00512005
0.00163826
9.39852e-05
0
0
0
1682191778.15591
msg_begin
7.75732e+06
-363497
0.510361
0.000127106
0.000334951
6.84534e-06
0
0
0
1682191778.20587
msg_begin
7.75732e+06
-363497
0.499657
6.0536e-08
8.14907e-10
3.60822e-15
0
0
0
1682191778.25586
msg_begin
7.75732e+06
-363497
0.486794
0.00629693
0.00353092
0.000607135
0
0
0
1682191778.30584
msg_begin
7.75732e+06
-363496
0.479077
0.0216284
0.0130291
0.00186185
0
0
0
1682191778.35585
msg_begin
7.75732e+06
-363496
0.46293
0.00341338
0.00199952
0.00026385
0
0
0
1682191778.40588
msg_begin
7.75732e+06
-363496
0.455597
0.00124971
0.000127848
2.70469e-05
0
0
0
1682191778.45586
msg_begin
7.75732e+06
-363496
0.440809
0.00100097
0.00149373
3.44653e-05
0
0
0
1682191778.50587
msg_begin
7.75732e+06
-363496
0.428888
0.0138118
0.00619951
0.00166274
0
0
0
1682191778.55579
msg_begin
7.75732e+06
-363495
0.417866
0.00410229
0.00135743
0.000498715
0
0
0
1682191778.60581
msg_begin
7.75732e+06
-363495
0.408668
0.00479636
0.00266273
0.000650878
0
0
0
1682191778.65574
msg_begin
7.75732e+06
-363495
0.395519
0.00014443
0.000327887
9.60986e-06
0
0
0
1682191778.70571
msg_begin
7.75732e+06
-363495
0.387653
0.0142222
0.0072441
0.000709056
0
0
0
1682191778.75568
msg_begin
7.75732e+06
-363495
0.366804
0.00242717
0.00115451
8.45077e-05
0
0
0
1682191778.80558
msg_begin
7.75732e+06
-363495
0.358896
0.00776703
0.00218914
0.000965626
0
0
0
1682191778.85551
msg_begin
7.75732e+06
-363495
0.342479
6.33299e-08
1.10595e-09
2.498e-15
0
0
0
1682191778.90556
msg_begin
7.75732e+06
-363494
0.330724
0.00509891
0.000729452
4.6245e-05
0
0
0
1682191778.95551
msg_begin
7.75732e+06
-363494
0.31321
0.0128067
0.00851072
0.000476167
0
0
0
1682191779.00555
msg_begin
7.75732e+06
-363494
0.30278
0.00319079
0.00455486
0.000242158
0
0
0
1682191779.05557
msg_begin
7.75732e+06
-363494
0.285693
0.0113075
0.00182281
7.77045e-05
0
0
0
1682191779.10553
msg_begin
7.75732e+06
-363494
0.275076
0.00262774
0.000810393
0.000172988
0
0
0
1682191779.15554
msg_begin
7.75732e+06
-363494
0.255514
0.0246887
0.00675661
0.000695997
0
0
0
1682191779.20561
msg_begin
7.75733e+06
-363494
0.241816
0.00991465
0.00391328
0.000470459
0
0
0
1682191779.25563
msg_begin
7.75733e+06
-363494
0.227703
1.86265e-08
3.20142e-09
3.02536e-15
0
0
0
1682191779.30559
msg_begin
7.75733e+06
-363494
0.216811
0.0150007
0.000984214
0.00114901
0
0
0
1682191779.35559
msg_begin
7.75733e+06
-363493
0.203086
0.0282626
0.00353382
0.00162372
0
0
0
1682191779.40564
msg_begin
7.75733e+06
-363493
0.179927
1.02445e-08
1.16415e-10
5.82867e-16
0
0
0
1682191779.45557
msg_begin
7.75733e+06
-363493
0.16899
0.0160071
0.000958437
0.00171797
0
0
0
1682191779.50560
msg_begin
7.75733e+06
-363493
0.15279
0.0030642
0.00329805
0.0012194
0
0
0
1682191779.55557
msg_begin
7.75733e+06
-363493
0.141736
0.0340492
0.00629423
0.00177373
0
0
0
1682191779.60555
msg_begin
7.75733e+06
-363493
0.123912
0.0174553
0.0114277
0.00114489
0
0
0
1682191779.65557
msg_begin
7.75733e+06
-363493
0.115786
0.00444198
0.00931753
0.000140316
0
0
0
1682191779.70556
msg_begin
7.75733e+06
-363493
0.0971457
0.015936
0.002022
0.00120447
0
0
0
1682191779.75646
msg_begin
7.75733e+06
-363493
0.0840568
1.30385e-08
2.56114e-09
4.57967e-16
0
0
0
1682191779.80566
msg_begin
7.75733e+06
-363493
0.065806
0.00398655
0.00153902
0.000365
0
0
0
1682191779.85684
msg_begin
7.75733e+06
-363493
0.0573619
0.00762818
0.00856119
0.00113161
0
0
0
1682191779.90563
msg_begin
7.75733e+06
-363493
0.0395522
0.00657755
0.00126675
0.000178998
0
0
0
1682191779.95568
msg_begin
7.75733e+06
-363493
0.022202
0.0397843
0.00588359
0.00214792
0
0
0
1682191780.00570
msg_begin
7.75733e+06
-363493
0.0144901
0.00336957
0.00308745
0.000105509
0
0
0
1682191780.05598
msg_begin
7.75733e+06
-363493
-0.00328747
0.00681931
0.00134162
0.000382876
0
0
0
1682191780.10575
msg_begin
7.75733e+06
-363493
-0.0138609
0.00803345
0.00694997
0.000736873
0
0
0
1682191780.15570
msg_begin
7.75733e+06
-363493
-0.0323235
9.12696e-08
2.96859e-09
3.1225e-16
0
0
0
1682191780.20572
msg_begin
7.75733e+06
-363493
-0.0365214
0.00206374
0.000104595
5.26438e-05
0
0
0
1682191780.25686
msg_begin
7.75733e+06
-363493
-0.0528229
8.00937e-08
1.74623e-10
2.08167e-17
0
0
0
1682191780.30570
msg_begin
7.75733e+06
-363493
-0.0603959
0.00404371
0.00130553
8.79786e-05
0
0
0
1682191780.35560
msg_begin
7.75733e+06
-363493
-0.0757571
1.02445e-08
1.28057e-09
3.60822e-16
0
0
0
1682191780.40564
msg_begin
7.75733e+06
-363493
-0.0878381
6.89179e-08
2.32831e-10
2.35922e-16
0
0
0
1682191780.45604
msg_begin
7.75733e+06
-363493
-0.101401
0.0056784
0.0062607
0.000322773
0
0
0
1682191780.50564
msg_begin
7.75733e+06
-363493
-0.114143
0.0145599
0.00790291
0.00123169
0
0
0
1682191780.55550
msg_begin
7.75733e+06
-363493
-0.123035
0.0064194
0.00104734
0.000393748
0
0
0
1682191780.60557
msg_begin
7.75734e+06
-363493
-0.130631
0.00161601
0.000277454
6.01457e-05
0
0
0
1682191780.65638
msg_begin
7.75734e+06
-363493
-0.143205
0.00443448
0.000626133
0.000117501
0
0
0
1682191780.70549
msg_begin
7.75734e+06
-363493
-0.15465
0.0301313
0.00223443
0.0032274
0
0
0
1682191780.75558
msg_begin
7.75734e+06
-363493
-0.161625
0.0031773
0.000546022
0.000131678
0
0
0
1682191780.80544
msg_begin
7.75734e+06
-363493
-0.168251
0.00720096
0.00545769
0.000665907
0
0
0
1682191780.85533
msg_begin
7.75734e+06
-363493
-0.179874
0.00932457
0.00774477
0.000345797
0
0
0
1682191780.90529
msg_begin
7.75734e+06
-363493
-0.185204
0.0120637
0.00290482
0.00115221
0
0
0
1682191780.95515
msg_begin
7.75734e+06
-363493
-0.191155
0.00566
0.00695196
0.00217869
0
0
0
1682191781.00505
msg_begin
7.75734e+06
-363493
-0.199998
0.00804308
0.00177308
0.000390889
0
0
0
1682191781.05502
msg_begin
7.75734e+06
-363493
-0.208373
0.00509857
0.00812109
0.000336338
0
0
0
1682191781.10493
msg_begin
7.75734e+06
-363493
-0.216625
0.00328548
0.00112265
0.00012848
0
0
0
1682191781.15496
msg_begin
7.75734e+06
-363494
-0.224005
0.00138031
0.00238274
4.88701e-05
0
0
0
1682191781.20498
msg_begin
7.75734e+06
-363494
-0.224383
0.00047091
9.64587e-06
1.39223e-05
0
0
0
1682191781.25506
msg_begin
7.75734e+06
-363494
-0.23619
2.51457e-08
1.16415e-09
2.85882e-15
0
0
0
1682191781.30504
msg_begin
7.75734e+06
-363494
-0.241532
0.0105484
0.000359577
4.60316e-05
0
0
0
1682191781.35533
msg_begin
7.75734e+06
-363494
-0.243907
2.70084e-08
2.67755e-09
2.66454e-15
0
0
0
1682191781.40519
msg_begin
7.75734e+06
-363494
-0.248491
0.0176472
0.00779776
0.00122805
0
0
0
1682191781.45526
msg_begin
7.75734e+06
-363494
-0.252309
0.00206678
0.000314835
2.68892e-05
0
0
0
1682191781.50532
msg_begin
7.75734e+06
-363494
-0.254108
0.0184892
0.00662752
0.00123809
0
0
0
1682191781.55533
msg_begin
7.75734e+06
-363494
-0.261976
0.0072953
0.00114846
0.000347813
0
0
0
1682191781.60540
msg_begin
7.75734e+06
-363494
-0.262693
0.0327532
0.0114408
0.000643766
0
0
0
1682191781.65557
msg_begin
7.75734e+06
-363494
-0.265521
0.00802573
0.00341142
0.000403649
0
0
0
1682191781.70552
msg_begin
7.75734e+06
-363494
-0.267202
0.00225488
0.00293945
0.000163104
0
0
0
1682191781.75647
msg_begin
7.75734e+06
-363495
-0.270648
0.0103277
0.00186244
0.000481626
0
0
0
1682191781.80569
msg_begin
7.75734e+06
-363495
-0.271385
0.00784379
0.00582058
0.000428054
0
0
0
1682191781.85687
msg_begin
7.75734e+06
-363495
-0.278647
0.0162453
0.00455018
0.00129493
0
0
0
1682191781.90575
msg_begin
7.75734e+06
-363495
-0.277796
0.0019746
0.00199715
0.000546125
0
0
0
1682191781.95583
msg_begin
7.75735e+06
-363495
-0.280267
0.0151831
0.00937497
0.000616882
0
0
0
1682191782.00589
msg_begin
7.75735e+06
-363495
-0.282749
0.0233792
0.0078259
0.000532586
0
0
0
1682191782.05627
msg_begin
7.75735e+06
-363495
-0.286061
0.00580043
0.00103625
0.000519116
0
0
0
1682191782.10572
msg_begin
7.75735e+06
-363495
-0.289685
0.0036374
0.00379451
0.000120837
0
0
0
1682191782.15567
msg_begin
7.75735e+06
-363495
-0.294962
0.00470697
0.000376617
0.000102145
0
0
0
1682191782.20576
msg_begin
7.75735e+06
-363496
-0.296525
0.00600612
0.00623883
0.000821431
0
0
0
1682191782.25663
msg_begin
7.75735e+06
-363496
-0.298388
0.0023605
0.00563439
0.000179498
0
0
0
1682191782.30553
msg_begin
7.75735e+06
-363496
-0.29929
0.00150005
0.00108762
0.000226873
0
0
0
1682191782.35552
msg_begin
7.75735e+06
-363496
-0.306211
1.30385e-08
5.23869e-10
5.55112e-16
0
0
0
1682191782.40541
msg_begin
7.75735e+06
-363496
-0.307758
0.00310761
0.000540622
9.8666e-05
0
0
0
1682191782.45602
msg_begin
7.75735e+06
-363496
-0.312718
0.0153126
0.00588254
0.00149227
0
0
0
1682191782.50532
msg_begin
7.75735e+06
-363496
-0.317889
0.0145178
0.0112253
0.000505345
0
0
0
1682191782.55537
msg_begin
7.75735e+06
-363496
-0.321752
0.00109612
8.35827e-05
3.0414e-05
0
0
0
1682191782.60542
msg_begin
7.75735e+06
-363496
-0.325632
0.00117865
0.000452054
6.07416e-05
0
0
0
1682191782.65608
msg_begin
7.75735e+06
-363497
-0.331536
0.000577433
0.000586818
9.91404e-05
0
0
0
1682191782.70533
msg_begin
7.75735e+06
-363497
-0.337429
0.0127661
0.0020498
0.000129344
0
0
0
1682191782.75535
msg_begin
7.75735e+06
-363497
-0.341588
0.0162398
0.00741422
0.000556017
0
0
0
1682191782.80531
msg_begin
7.75735e+06
-363497
-0.344833
0.00313099
0.00214804
0.000193349
0
0
0
1682191782.85527
msg_begin
7.75735e+06
-363497
-0.347794
0.00744062
0.00143607
0.000715585
0
0
0
1682191782.90531
msg_begin
7.75735e+06
-363497
-0.353397
0.0112492
0.00500073
0.000472969
0
0
0
1682191782.95530
msg_begin
7.75735e+06
-363497
-0.357715
0.0158607
0.0108141
0.000955592
0
0
0
1682191783.00537
msg_begin
7.75735e+06
-363497
-0.360746
0.000441921
7.65075e-05
8.21342e-05
0
0
0
1682191783.05534
msg_begin
7.75735e+06
-363498
-0.365559
0.00571552
0.00996003
0.000593993
0
0
0
1682191783.10528
msg_begin
7.75735e+06
-363498
-0.367949
0.00530484
0.00534093
0.000291083
0
0
0
1682191783.15529
msg_begin
7.75735e+06
-363498
-0.375152
5.58794e-09
3.89991e-09
1.77636e-15
0
0
0
1682191783.20540
msg_begin
7.75736e+06
-363498
-0.381667
0.00960955
0.00364341
0.000687672
0
0
0
1682191783.25533
msg_begin
7.75736e+06
-363498
-0.384122
0.00383867
0.00145886
0.00021539
0
0
0
1682191783.30523
msg_begin
7.75736e+06
-363498
-0.387463
0.00660349
0.000688458
9.94412e-05
0
0
0
1682191783.35527
msg_begin
7.75736e+06
-363499
-0.395028
0.00250639
0.00135305
0.00031714
0
0
0
1682191783.40536
msg_begin
7.75736e+06
-363499
-0.39373
3.72529e-09
3.66708e-09
2.27596e-15
0
0
0
1682191783.45529
msg_begin
7.75736e+06
-363499
-0.395188
0.0397627
0.0236519
0.00152244
0
0
0
1682191783.50533
msg_begin
7.75736e+06
-363499
-0.401785
0.0145469
0.0049044
0.00177941
0
0
0
1682191783.55529
msg_begin
7.75736e+06
-363499
-0.403531
0.00657296
0.00103837
0.00048287
0
0
0
1682191783.60534
msg_begin
7.75736e+06
-363499
-0.408997
0.00480434
0.00726842
0.000142815
0
0
0
1682191783.65535
msg_begin
7.75736e+06
-363499
-0.412259
0.00632218
0.00905604
0.000227779
0
0
0
1682191783.70541
msg_begin
7.75736e+06
-363500
-0.414946
0.0386446
0.0112931
0.000715974
0
0
0
1682191783.75582
msg_begin
7.75736e+06
-363500
-0.420001
6.0536e-08
2.32831e-10
3.10862e-15
0
0
0
1682191783.80547
msg_begin
7.75736e+06
-363500
-0.424499
0.0330338
0.0146024
0.000960625
0
0
0
1682191783.85638
msg_begin
7.75736e+06
-363500
-0.427678
0.00888561
0.00483826
0.000154001
0
0
0
1682191783.90542
msg_begin
7.75736e+06
-363500
-0.430105
0.00122761
0.00106668
3.91332e-05
0
0
0
1682191783.95549
msg_begin
7.75736e+06
-363501
-0.432347
0.00360192
0.000234263
0.000225446
0
0
0
1682191784.00545
msg_begin
7.75736e+06
-363501
-0.43953
0.00981473
0.00682902
0.000658596
0
0
0
1682191784.05587
msg_begin
7.75736e+06
-363501
-0.44107
0.00556879
0.00347452
0.00100382
0
0
0
1682191784.10539
msg_begin
7.75736e+06
-363501
-0.444445
0.000118268
0.000725903
0.000229148
0
0
0
1682191784.15544
msg_begin
7.75736e+06
-363501
-0.447513
1.16609e-05
0.000475378
2.00816e-05
0
0
0
1682191784.20539
msg_begin
7.75736e+06
-363501
-0.45179
0.0007194
0.00313219
5.73254e-05
0
0
0
1682191784.25634
msg_begin
7.75736e+06
-363502
-0.455098
0.00654612
0.00420724
0.000343266
0
0
0
1682191784.30538
msg_begin
7.75736e+06
-363502
-0.457984
0.0126391
0.00502515
0.000761497
0
0
0
1682191784.35533
msg_begin
7.75736e+06
-363502
-0.461714
0.00543349
0.00218962
0.000219065
0
0
0
1682191784.40533
msg_begin
7.75736e+06
-363502
-0.462762
0.00664234
0.00399839
0.000605132
0
0
0
1682191784.45583
msg_begin
7.75737e+06
-363502
-0.4662
1.76951e-08
1.57161e-09
9.99201e-16
0
0
0
1682191784.50537
msg_begin
7.75737e+06
-363503
-0.470894
0.00516407
0.0120658
0.00131146
0
0
0
1682191784.55531
msg_begin
7.75737e+06
-363503
-0.47102
0.0110435
0.00983718
0.00115041
0
0
0
1682191784.60527
msg_begin
7.75737e+06
-363503
-0.472273
0.0180078
0.00601228
0.000666423
0
0
0
1682191784.65615
msg_begin
7.75737e+06
-363503
-0.477404
0.00101045
9.0523e-05
0.00078435
0
0
0
1682191784.70517
msg_begin
7.75737e+06
-363503
-0.477811
0.0187559
0.014421
0.000528193
0
0
0
1682191784.75509
msg_begin
7.75737e+06
-363504
-0.480078
0.00224676
0.000679248
0.000192168
0
0
0
1682191784.80511
msg_begin
7.75737e+06
-363504
-0.482948
0.00131538
0.000263914
3.12685e-05
0
0
0
1682191784.85500
msg_begin
7.75737e+06
-363504
-0.488342
0.00186578
0.00127657
0.000330251
0
0
0
1682191784.90503
msg_begin
7.75737e+06
-363504
-0.49133
8.3819e-09
2.2701e-09
3.33067e-16
0
0
0
1682191784.95499
msg_begin
7.75737e+06
-363504
-0.495888
0.0292709
0.0173727
0.00109582
0
0
0
1682191785.00504
msg_begin
7.75737e+06
-363505
-0.501216
0.0174651
0.0139845
0.000944802
0
0
0
1682191785.05511
msg_begin
7.75737e+06
-363505
-0.506847
0.00572576
0.0127319
0.000308314
0
0
0
1682191785.10514
msg_begin
7.75737e+06
-363505
-0.511091
9.31323e-09
5.23869e-10
1.88738e-15
0
0
0
1682191785.15522
msg_begin
7.75737e+06
-363505
-0.51111
0.0303286
0.0184381
0.00140973
0
0
0
1682191785.20541
msg_begin
7.75737e+06
-363506
-0.515529
0.0100741
0.00193862
0.00233937
0
0
0
1682191785.25530
msg_begin
7.75737e+06
-363506
-0.522086
0.000349812
0.000255203
9.68929e-05
0
0
0
1682191785.30538
msg_begin
7.75737e+06
-363506
-0.524093
0.00098429
0.000490991
1.64142e-05
0
0
0
1682191785.35543
msg_begin
7.75737e+06
-363506
-0.530774
3.72529e-09
3.14321e-09
2.77556e-15
0
0
0
1682191785.40548
msg_begin
7.75737e+06
-363506
-0.537986
0.00352995
0.000398228
0.000606539
0
0
0
1682191785.45550
msg_begin
7.75737e+06
-363507
-0.540391
2.51457e-08
3.55067e-09
8.88178e-16
0
0
0
1682191785.50551
msg_begin
7.75737e+06
-363507
-0.545075
3.25963e-08
3.49246e-10
6.66134e-16
0
0
0
1682191785.55557
msg_begin
7.75737e+06
-363507
-0.552288
0.000673429
0.00148127
2.54821e-05
0
0
0
1682191785.60553
msg_begin
7.75737e+06
-363507
-0.557339
0.000123989
0.000199872
4.75716e-05
0
0
0
1682191785.65560
msg_begin
7.75738e+06
-363508
-0.560931
0.015116
0.00624627
0.000638394
0
0
0
1682191785.70559
msg_begin
7.75738e+06
-363508
-0.569256
0.0189424
0.0133177
0.000804066
0
0
0
1682191785.75625
msg_begin
7.75738e+06
-363508
-0.56477
1.21072e-08
1.22236e-09
2.22045e-16
0
0
0
1682191785.80562
msg_begin
7.75738e+06
-363508
-0.573962
5.40167e-08
8.14907e-10
2.9976e-15
0
0
0
1682191785.85643
msg_begin
7.75738e+06
-363509
-0.579539
2.8871e-08
1.16415e-10
3.10862e-15
0
0
0
1682191785.90548
msg_begin
7.75738e+06
-363509
-0.58603
0.00180284
0.000967399
0.000845381
0
0
0
1682191785.95548
msg_begin
7.75738e+06
-363509
-0.586198
6.70552e-08
6.40284e-10
1.88738e-15
0
0
0
1682191786.00551
msg_begin
7.75738e+06
-363509
-0.593125
0.00167791
0.00201251
0.000141589
0
0
0
1682191786.05578
msg_begin
7.75738e+06
-363510
-0.598986
0.0237034
0.00887109
0.000582111
0
0
0
1682191786.10545
msg_begin
7.75738e+06
-363510
-0.601033
0.00133458
0.00330998
0.00028183
0
0
0
1682191786.15542
msg_begin
7.75738e+06
-363510
-0.607106
1.95578e-08
2.56114e-09
3.33067e-16
0
0
0
1682191786.20543
msg_begin
7.75738e+06
-363510
-0.614009
0.0506145
0.0393183
0.00263459
0
0
0
1682191786.25651
msg_begin
7.75738e+06
-363511
-0.617594
0.00102826
0.000331223
3.38826e-06
0
0
0
1682191786.30536
msg_begin
7.75738e+06
-363511
-0.623278
1.76951e-08
3.55067e-09
3.44169e-15
0
0
0
1682191786.35541
msg_begin
7.75738e+06
-363511
-0.626612
0.01133
0.0127427
0.000296638
0
0
0
1682191786.40534
msg_begin
7.75738e+06
-363512
-0.632377
0.00650402
0.00796229
0.00105814
0
0
0
1682191786.45583
msg_begin
7.75738e+06
-363512
-0.6364
0.0125666
0.0197677
0.00204647
0
0
0
1682191786.50536
msg_begin
7.75738e+06
-363512
-0.644569
0.00463179
0.00186412
5.62006e-05
0
0
0
1682191786.55541
msg_begin
7.75738e+06
-363512
-0.648111
0.00805343
0.00382068
0.000315092
0
0
0
1682191786.60552
msg_begin
7.75738e+06
-363513
-0.654283
0.00995639
0.0102762
0.00107284
0
0
0
1682191786.65625
msg_begin
7.75738e+06
-363513
-0.658795
6.23986e-08
6.40284e-10
1.88738e-15
0
0
0
1682191786.70538
msg_begin
7.75738e+06
-363513
-0.662881
0.00278535
0.00806772
0.000496021
0
0
0
1682191786.75547
msg_begin
7.75738e+06
-363514
-0.6728
1.02445e-08
5.23869e-10
2.10942e-15
0
0
0
1682191786.80532
msg_begin
7.75738e+06
-363514
-0.675551
5.12227e-08
2.50293e-09
3.55271e-15
0
0
0
1682191786.85523
msg_begin
7.75738e+06
-363514
-0.681917
0.000928407
0.000280827
4.50965e-05
0
0
0
1682191786.90517
msg_begin
7.75739e+06
-363514
-0.688206
0.00113085
0.000515089
0.000144447
0
0
0
1682191786.95507
msg_begin
7.75739e+06
-363515
-0.691333
0.0588908
0.0420257
0.00102343
0
0
0
1682191787.00497
msg_begin
7.75739e+06
-363515
-0.693899
0.0163466
0.0179904
0.000662048
0
0
0
1682191787.05496
msg_begin
7.75739e+06
-363515
-0.699281
5.21541e-08
1.74623e-09
2.66454e-15
0
0
0
1682191787.10483
msg_begin
7.75739e+06
-363516
-0.707085
0.0179709
0.023723
0.00120005
0
0
0
1682191787.15480
msg_begin
7.75739e+06
-363516
-0.712668
0.0114917
0.0139613
0.000901499
0
0
0
1682191787.20467
msg_begin
7.75739e+06
-363516
-0.718978
0.0274415
0.0330735
0.00271715
0
0
0
1682191787.25466
msg_begin
7.75739e+06
-363517
-0.725103
0.00648442
0.00160312
0.000404668
0
0
0
1682191787.30462
msg_begin
7.75739e+06
-363517
-0.734917
0.00127615
0.000275554
1.29169e-05
0
0
0
1682191787.35452
msg_begin
7.75739e+06
-363517
-0.737535
0.00247064
0.000961198
0.000108829
0
0
0
1682191787.40451
msg_begin
7.75739e+06
-363518
-0.745817
0.00940759
0.0127443
0.000628197
0
0
0
1682191787.45457
msg_begin
7.75739e+06
-363518
-0.7525
0.0017898
0.00245807
6.25849e-05
0
0
0
1682191787.50460
msg_begin
7.75739e+06
-363518
-0.758125
0.000353144
0.00162066
7.78453e-05
0
0
0
1682191787.55469
msg_begin
7.75739e+06
-363519
-0.762008
0.00535873
0.00537097
0.000357136
0
0
0
1682191787.60509
msg_begin
7.75739e+06
-363519
-0.769431
1.49012e-08
1.45519e-09
1.88738e-15
0
0
0
1682191787.65478
msg_begin
7.75739e+06
-363519
-0.772123
8.3819e-09
9.8953e-10
1.9984e-15
0
0
0
1682191787.70481
msg_begin
7.75739e+06
-363519
-0.780409
0.0112683
0.00644313
0.000369467
0
0
0
1682191787.75545
msg_begin
7.75739e+06
-363520
-0.783904
0.000905485
0.00748048
0.000231711
0
0
0
1682191787.80489
msg_begin
7.75739e+06
-363520
-0.789087
0.00554047
0.00470305
0.00044521
0
0
0
1682191787.85572
msg_begin
7.75739e+06
-363521
-0.795239
0.00785927
0.00878802
0.000890422
0
0
0
1682191787.90500
msg_begin
7.75739e+06
-363521
-0.801555
0.0116999
0.0131494
0.000358884
0
0
0
1682191787.95510
msg_begin
7.75739e+06
-363521
-0.807386
0.0050396
0.000597036
0.000472707
0
0
0
1682191788.00508
msg_begin
7.75739e+06
-363522
-0.809337
0.00588096
0.0057483
0.000269748
0
0
0
1682191788.05535
msg_begin
7.75739e+06
-363522
-0.818571
2.79397e-09
2.32831e-09
7.77156e-16
0
0
0
1682191788.10518
msg_begin
7.75739e+06
-363522
-0.824524
0.0403456
0.0315685
0.00175178
0
0
0
1682191788.15523
msg_begin
7.75739e+06
-363523
-0.829085
0.00973873
0.0126621
0.000511269
0
0
0
1682191788.20525
msg_begin
7.75739e+06
-363523
-0.83449
0.000690148
0.000462191
0.000117164
0
0
0
1682191788.25639
msg_begin
7.75739e+06
-363523
-0.844711
0.0058822
0.0060467
0.00105553
0
0
0
1682191788.30536
msg_begin
7.7574e+06
-363524
-0.84784
0.00664478
0.0080308
0.000649382
0
0
0
1682191788.35543
msg_begin
7.7574e+06
-363524
-0.85413
0.00718989
0.00282774
0.000358522
0
0
0
1682191788.40551
msg_begin
7.7574e+06
-363524
-0.862646
0.0090732
0.00529796
0.00149247
0
0
0
1682191788.45569
msg_begin
7.7574e+06
-363525
-0.863627
0.020099
0.0389473
0.00120076
0
0
0
1682191788.50555
msg_begin
7.7574e+06
-363525
-0.870416
0.00234603
0.00158743
0.00017312
0
0
0
1682191788.55555
msg_begin
7.7574e+06
-363526
-0.869912
0.00291373
0.00580918
0.000333077
0
0
0
1682191788.60556
msg_begin
7.7574e+06
-363526
-0.875187
0.0113552
0.0123444
0.000434763
0
0
0
1682191788.65636
msg_begin
7.7574e+06
-363526
-0.881388
6.14673e-08
5.82077e-10
1.77636e-15
0
0
0
1682191788.70568
msg_begin
7.7574e+06
-363527
-0.880596
0.00625705
0.00648921
0.00166637
0
0
0
1682191788.75565
msg_begin
7.7574e+06
-363527
-0.886596
7.91624e-08
1.97906e-09
3.55271e-15
0
0
0
1682191788.80668
msg_begin
7.7574e+06
-363527
-0.889596
0.00340561
0.00615931
0.000268035
0
0
0
1682191788.85569
msg_begin
7.7574e+06
-363528
-0.892433
0.00276078
0.00161315
0.000560375
0
0
0
1682191788.90569
msg_begin
7.7574e+06
-363528
-0.895601
4.09782e-08
2.44472e-09
1.9984e-15
0
0
0
1682191788.95576
msg_begin
7.7574e+06
-363528
-0.899569
0.00458231
0.00905883
0.000409189
0
0
0
1682191789.00690
msg_begin
7.7574e+06
-363529
-0.903676
0.00364955
0.00176355
0.000680288
0
0
0
1682191789.05568
msg_begin
7.7574e+06
-363529
-0.909532
0.00707884
0.00760491
0.000954458
0
0
0
1682191789.10574
msg_begin
7.7574e+06
-363530
-0.906413
0.0122409
0.00450313
0.00040442
0
0
0
1682191789.15565
msg_begin
7.7574e+06
-363530
-0.904362
5.40167e-08
1.28057e-09
1.77636e-15
0
0
0
1682191789.20644
msg_begin
7.7574e+06
-363530
-0.905358
0.000608154
0.00155585
7.90177e-05
0
0
0
1682191789.25563
msg_begin
7.7574e+06
-363531
-0.91037
2.51457e-08
9.31323e-10
3.77476e-15
0
0
0
1682191789.30557
msg_begin
7.7574e+06
-363531
-0.912373
0.000260542
0.000962851
4.85046e-05
0
0
0
1682191789.35554
msg_begin
7.7574e+06
-363531
-0.915422
0.00505525
0.00219993
0.00133006
0
0
0
1682191789.40551
msg_begin
7.7574e+06
-363532
-0.917109
0.00921049
0.0113591
0.000840369
0
0
0
1682191789.45543
msg_begin
7.7574e+06
-363532
-0.916291
0.00546913
0.00249502
0.000562516
0
0
0
1682191789.50541
msg_begin
7.7574e+06
-363532
-0.916545
0.00344909
0.00291216
0.00037047
0
0
0
1682191789.55533
msg_begin
7.7574e+06
-363533
-0.915245
0.00410308
0.00576291
0.000487538
0
0
0
1682191789.60616
msg_begin
7.7574e+06
-363533
-0.913902
0.00328365
0.000771464
0.000120619
0
0
0
1682191789.65518
msg_begin
7.7574e+06
-363533
-0.913347
0.0330627
0.038498
0.00143234
0
0
0
1682191789.70512
msg_begin
7.7574e+06
-363534
-0.917317
0.000318582
0.000509134
0.000155212
0
0
0
1682191789.75581
msg_begin
7.7574e+06
-363534
-0.918467
0.00740428
0.00725915
0.00142532
0
0
0
1682191789.80485
msg_begin
7.7574e+06
-363535
-0.914805
3.81842e-08
1.16415e-10
8.88178e-16
0
0
0
1682191789.85596
msg_begin
7.7574e+06
-363535
-0.915707
0.0156712
0.0166228
0.000872537
0
0
0
1682191789.90465
msg_begin
7.7574e+06
-363535
-0.916205
0.000891885
0.00574126
0.00039609
0
0
0
1682191789.95449
msg_begin
7.75741e+06
-363536
-0.913729
0.00931636
0.0128028
0.000729881
0
0
0
1682191790.00438
msg_begin
7.75741e+06
-363536
-0.913825
2.89843e-05
0.00030701
0.000118091
0
0
0
1682191790.05433
msg_begin
7.75741e+06
-363537
-0.912198
0.00130678
0.00288033
0.000160453
0
0
0
1682191790.10417
msg_begin
7.75741e+06
-363537
-0.912326
0.0298309
0.0255112
0.000945611
0
0
0
1682191790.15414
msg_begin
7.75741e+06
-363537
-0.915457
0.0198919
0.0180194
0.000571191
0
0
0
1682191790.20412
msg_begin
7.75741e+06
-363538
-0.915985
0.0102525
0.00572993
0.00111017
0
0
0
1682191790.25451
msg_begin
7.75741e+06
-363538
-0.91637
0.00537798
0.00385838
0.000444169
0
0
0
1682191790.30410
msg_begin
7.75741e+06
-363538
-0.91212
0.00897093
0.0085731
0.000443927
0
0
0
1682191790.35414
msg_begin
7.75741e+06
-363539
-0.912912
0.00353035
0.00256346
0.00018976
0
0
0
1682191790.40420
msg_begin
7.75741e+06
-363539
-0.912581
0.0136393
0.010881
0.000514634
0
0
0
1682191790.45419
msg_begin
7.75741e+06
-363540
-0.912404
6.14673e-08
2.32831e-10
3.66374e-15
0
0
0
1682191790.50424
msg_begin
7.75741e+06
-363540
-0.915772
0.00176103
0.0017927
0.0002125
0
0
0
1682191790.55429
msg_begin
7.75741e+06
-363541
-0.914184
0.00309817
0.00300151
0.000169644
0
0
0
1682191790.60437
msg_begin
7.75741e+06
-363541
-0.915707
0.00147557
0.00187216
0.000335257
0
0
0
1682191790.65448
msg_begin
7.75741e+06
-363541
-0.908693
0.00342433
0.00401493
0.00130837
0
0
0
1682191790.70453
msg_begin
7.75741e+06
-363542
-0.912279
1.30385e-08
2.85218e-09
5.55112e-16
0
0
0
1682191790.75548
msg_begin
7.75741e+06
-363542
-0.917366
2.98023e-08
1.74623e-10
4.10783e-15
0
0
0
1682191790.80481
msg_begin
7.75741e+06
-363542
-0.917516
0.00215143
0.00345339
6.81493e-05
0
0
0
1682191790.85497
msg_begin
7.75741e+06
-363543
-0.91553
4.84288e-08
3.55067e-09
1.33227e-15
0
0
0
1682191790.90506
msg_begin
7.75741e+06
-363543
-0.914252
0.00145751
0.00259672
0.000200635
0
0
0
1682191790.95524
msg_begin
7.75741e+06
-363544
-0.914343
0.000249932
0.00186555
0.000201004
0
0
0
1682191791.00582
msg_begin
7.75741e+06
-363544
-0.913667
0.00160395
0.000914864
0.000351472
0
0
0
1682191791.05537
msg_begin
7.75741e+06
-363544
-0.917834
0.0272293
0.0199756
0.000918871
0
0
0
1682191791.10551
msg_begin
7.75741e+06
-363545
-0.91617
0.00782068
0.000416613
0.000268769
0
0
0
1682191791.15555
msg_begin
7.75741e+06
-363545
-0.91736
0.00295092
0.000966556
3.66242e-05
0
0
0
1682191791.20597
msg_begin
7.75741e+06
-363546
-0.916888
0.0147647
0.0237416
0.000796059
0
0
0
1682191791.25561
msg_begin
7.75741e+06
-363546
-0.918683
0.00778609
0.00838332
0.000566554
0
0
0
1682191791.30563
msg_begin
7.75741e+06
-363547
-0.920556
1.49012e-08
9.31323e-10
4.44089e-15
0
0
0
1682191791.35569
msg_begin
7.75741e+06
-363547
-0.921724
3.44589e-08
3.37604e-09
2.88658e-15
0
0
0
1682191791.40686
msg_begin
7.75741e+06
-363547
-0.92149
0.00965138
0.0119221
0.000448879
0
0
0
1682191791.45563
msg_begin
7.75741e+06
-363548
-0.920065
0.00563477
0.00718933
0.000650472
0
0
0
1682191791.50560
msg_begin
7.75741e+06
-363548
-0.921291
0.00791713
0.00503277
0.000190935
0
0
0
1682191791.55553
msg_begin
7.75742e+06
-363548
-0.919852
0.00311724
0.00520083
0.00052607
0
0
0
1682191791.60651
msg_begin
7.75742e+06
-363549
-0.920637
0.00130809
0.000564914
2.81648e-05
0
0
0
1682191791.65530
msg_begin
7.75742e+06
-363549
-0.922661
0
9.31323e-10
9.99201e-16
0
0
0
1682191791.70515
msg_begin
7.75742e+06
-363550
-0.921601
0.00382389
0.00119995
8.78594e-06
0
0
0
1682191791.75569
msg_begin
7.75742e+06
-363550
-0.923317
0.00603341
0.00686289
0.000150113
0
0
0
1682191791.80479
msg_begin
7.75742e+06
-363551
-0.924223
0.0128274
0.00150571
0.00045504
0
0
0
1682191791.85522
msg_begin
7.75742e+06
-363551
-0.927577
1.95578e-08
1.04774e-09
9.99201e-16
0
0
0
1682191791.90462
msg_begin
7.75742e+06
-363551
-0.92998
1.39698e-08
2.32831e-09
1.44329e-15
0
0
0
1682191791.95446
msg_begin
7.75742e+06
-363552
-0.927139
0.0012653
0.00178874
7.44372e-05
0
0
0
1682191792.00439
msg_begin
7.75742e+06
-363552
-0.931956
8.84756e-08
2.09548e-09
1.22125e-15
0
0
0
1682191792.05429
msg_begin
7.75742e+06
-363553
-0.926506
8.56817e-08
4.01633e-09
4.44089e-16
0
0
0
1682191792.10412
msg_begin
7.75742e+06
-363553
-0.928541
0.0402355
0.0527955
0.00276727
0
0
0
1682191792.15411
msg_begin
7.75742e+06
-363553
-0.928849
4.56348e-08
1.22236e-09
5.44009e-15
0
0
0
1682191792.20394
msg_begin
7.75742e+06
-363554
-0.933065
7.82311e-08
5.23869e-10
1.55431e-15
0
0
0
1682191792.25386
msg_begin
7.75742e+06
-363554
-0.935172
0.000332252
0.000611583
3.73116e-05
0
0
0
1682191792.30382
msg_begin
7.75742e+06
-363555
-0.936518
0.00174769
0.0037087
0.000838947
0
0
0
1682191792.35375
msg_begin
7.75742e+06
-363555
-0.933135
0.0170924
0.0199954
0.001178
0
0
0
1682191792.40368
msg_begin
7.75742e+06
-363556
-0.933372
0.0089202
0.00358115
0.000129806
0
0
0
1682191792.45370
msg_begin
7.75742e+06
-363556
-0.932627
0.00110999
0.00417879
0.000114639
0
0
0
1682191792.50371
msg_begin
7.75742e+06
-363556
-0.930968
0.00046077
0.000558469
6.91617e-05
0
0
0
1682191792.55379
msg_begin
7.75742e+06
-363557
-0.931394
0.0365637
0.0450461
0.00226164
0
0
0
1682191792.60392
msg_begin
7.75742e+06
-363557
-0.937001
0.00463707
0.0106679
0.00100138
0
0
0
1682191792.65391
msg_begin
7.75742e+06
-363558
-0.935859
0.0111928
0.00437044
0.000456369
0
0
0
1682191792.70402
msg_begin
7.75742e+06
-363558
-0.93606
0.0105411
0.0156039
0.000709758
0
0
0
1682191792.75492
msg_begin
7.75742e+06
-363559
-0.937135
0.0250706
0.0288756
0.0010015
0
0
0
1682191792.80418
msg_begin
7.75742e+06
-363559
-0.93519
0.00312608
0.00688398
0.000404077
0
0
0
1682191792.85428
msg_begin
7.75742e+06
-363559
-0.935907
2.70084e-08
1.33878e-09
2.22045e-16
0
0
0
1682191792.90430
msg_begin
7.75742e+06
-363560
-0.934704
0.00657006
0.0185221
0.00100071
0
0
0
1682191792.95425
msg_begin
7.75742e+06
-363560
-0.936311
0.00115647
0.00192548
0.000211771
0
0
0
1682191793.00442
msg_begin
7.75742e+06
-363561
-0.938846
0.00265766
0.00288415
0.000180504
0
0
0
1682191793.05434
msg_begin
7.75742e+06
-363561
-0.939681
0.00271575
0.00139788
0.00112267
0
0
0
1682191793.10430
msg_begin
7.75743e+06
-363562
-0.944801
0
1.33878e-09
1.22125e-15
0
0
0
1682191793.15434
msg_begin
7.75743e+06
-363562
-0.945876
0.00242942
0.00514684
0.000102718
0
0
0
1682191793.20429
msg_begin
7.75743e+06
-363562
-0.943723
0.00498424
0.00663074
8.98312e-05
0
0
0
1682191793.25434
msg_begin
7.75743e+06
-363563
-0.943081
0.00178077
0.00414942
0.000109078
0
0
0
1682191793.30427
msg_begin
7.75743e+06
-363563
-0.945168
0.00118936
0.000593341
8.39676e-05
0
0
0
1682191793.35429
msg_begin
7.75743e+06
-363564
-0.942628
0.019775
0.0301759
0.000521697
0
0
0
1682191793.40429
msg_begin
7.75743e+06
-363564
-0.94381
0.0116791
0.0218122
0.000557346
0
0
0
1682191793.45431
msg_begin
7.75743e+06
-363565
-0.93849
1.21072e-08
1.33878e-09
4.10783e-15
0
0
0
1682191793.50433
msg_begin
7.75743e+06
-363565
-0.938413
0.0100292
0.0126161
0.000713989
0
0
0
1682191793.55452
msg_begin
7.75743e+06
-363565
-0.937408
9.31323e-08
2.44472e-09
3.77476e-15
0
0
0
1682191793.60433
msg_begin
7.75743e+06
-363566
-0.939791
0.0254149
0.0299755
0.00119859
0
0
0
1682191793.65422
msg_begin
7.75743e+06
-363566
-0.941078
0.00438199
0.00260966
0.000322427
0
0
0
1682191793.70419
msg_begin
7.75743e+06
-363567
-0.938933
0.0112175
0.00442283
0.000250461
0
0
0
1682191793.75482
msg_begin
7.75743e+06
-363567
-0.940253
0.00232871
0.00106462
0.000278566
0
0
0
1682191793.80414
msg_begin
7.75743e+06
-363568
-0.940307
0.00951318
0.0147523
0.00157507
0
0
0
1682191793.85410
msg_begin
7.75743e+06
-363568
-0.941699
0.00659883
0.00408769
0.000482062
0
0
0
1682191793.90408
msg_begin
7.75743e+06
-363568
-0.943399
0.00671409
0.0253251
0.00115718
0
0
0
1682191793.95403
msg_begin
7.75743e+06
-363569
-0.943332
0.000827555
0.00193374
9.16388e-05
0
0
0
1682191794.00400
msg_begin
7.75743e+06
-363569
-0.942377
0.00192453
0.00424031
0.000493389
0
0
0
1682191794.05403
msg_begin
7.75743e+06
-363570
-0.945393
0.000450935
0.00314282
0.0001773
0
0
0
1682191794.10399
msg_begin
7.75743e+06
-363570
-0.94447
0.00404748
0.00547939
4.96429e-05
0
0
0
1682191794.15395
msg_begin
7.75743e+06
-363571
-0.941651
9.31323e-10
2.56114e-09
1.33227e-15
0
0
0
1682191794.20403
msg_begin
7.75743e+06
-363571
-0.94181
0.0215097
0.0265472
0.0015943
0
0
0
1682191794.25398
msg_begin
7.75743e+06
-363572
-0.945395
0.0151559
0.0029529
7.06929e-05
0
0
0
1682191794.30398
msg_begin
7.75743e+06
-363572
-0.946416
0.00130862
0.000476272
1.78111e-05
0
0
0
1682191794.35400
msg_begin
7.75743e+06
-363573
-0.944759
0.00336486
0.005924
0.000147361
0
0
0
1682191794.40401
msg_begin
7.75743e+06
-363573
-0.944743
0.0608069
0.0924835
0.000155174
0
0
0
1682191794.45400
msg_begin
7.75743e+06
-363573
-0.945107
0.00138827
0.00157522
0.000145108
0
0
0
1682191794.50394
msg_begin
7.75743e+06
-363574
-0.945071
0.000824611
0.00182317
0.000208766
0
0
0
1682191794.55400
msg_begin
7.75743e+06
-363574
-0.948272
0.00290985
0.00762148
0.000805492
0
0
0
1682191794.60397
msg_begin
7.75744e+06
-363575
-0.949072
0.000360532
0.00576295
7.08334e-06
0
0
0
1682191794.65398
msg_begin
7.75744e+06
-363575
-0.952679
3.25103e-05
0.00202631
1.55891e-05
0
0
0
1682191794.70393
msg_begin
7.75744e+06
-363576
-0.954924
0.00661426
0.00906168
0.000567573
0
0
0
1682191794.75399
msg_begin
7.75744e+06
-363576
-0.955752
0.00245471
0.0039393
0.000438266
0
0
0
1682191794.80438
msg_begin
7.75744e+06
-363577
-0.951069
0.0222808
0.0316017
0.00103458
0
0
0
1682191794.85398
msg_begin
7.75744e+06
-363577
-0.94815
8.10251e-08
6.40284e-10
3.33067e-15
0
0
0
1682191794.90397
msg_begin
7.75744e+06
-363577
-0.945491
0.00330787
0.00536202
0.00024566
0
0
0
1682191794.95395
msg_begin
7.75744e+06
-363578
-0.948058
0.00113427
9.96463e-05
6.59877e-05
0
0
0
1682191795.00435
msg_begin
7.75744e+06
-363578
-0.954845
0.000427416
0.000265855
0.000288998
0
0
0
1682191795.05392
msg_begin
7.75744e+06
-363579
-0.951131
7.45058e-09
2.44472e-09
2.22045e-15
0
0
0
1682191795.10387
msg_begin
7.75744e+06
-363579
-0.949118
0.0226772
0.0272949
0.000740662
0
0
0
1682191795.15399
msg_begin
7.75744e+06
-363580
-0.947328
3.25963e-08
8.14907e-10
2.22045e-15
0
0
0
1682191795.20459
msg_begin
7.75744e+06
-363580
-0.948425
0.00118011
7.89234e-05
4.13203e-06
0
0
0
1682191795.25400
msg_begin
7.75744e+06
-363581
-0.94851
0.0113308
0.00213331
0.000460149
0
0
0
1682191795.30410
msg_begin
7.75744e+06
-363581
-0.946106
0.00349327
0.00583555
0.000580098
0
0
0
1682191795.35413
msg_begin
7.75744e+06
-363581
-0.946826
0.00587446
0.00949502
0.000274508
0
0
0
1682191795.40481
msg_begin
7.75744e+06
-363582
-0.946596
1.26731e-05
0.00432836
0.000596196
0
0
0
1682191795.45423
msg_begin
7.75744e+06
-363582
-0.94376
0.00865462
0.0124904
0.00125237
0
0
0
1682191795.50424
msg_begin
7.75744e+06
-363583
-0.950854
0.00291253
0.00335102
0.000626891
0
0
0
1682191795.55432
msg_begin
7.75744e+06
-363583
-0.953022
1.11759e-08
2.91038e-10
1.44329e-15
0
0
0
1682191795.60523
msg_begin
7.75744e+06
-363584
-0.954571
0.00347537
0.00686613
0.000596989
0
0
0
1682191795.65427
msg_begin
7.75744e+06
-363584
-0.953078
0.00497876
0.00901981
0.00021127
0
0
0
1682191795.70429
msg_begin
7.75744e+06
-363585
-0.953143
0.017046
0.0205363
0.00200503
0
0
0
1682191795.75459
msg_begin
7.75744e+06
-363585
-0.950988
3.72529e-09
3.84171e-09
2.9976e-15
0
0
0
1682191795.80431
msg_begin
7.75744e+06
-363586
-0.950196
0.00273521
0.00256828
7.47504e-05
0
0
0
1682191795.85436
msg_begin
7.75744e+06
-363586
-0.947358
0.00293194
0.0062783
0.00163179
0
0
0
1682191795.90438
msg_begin
7.75744e+06
-363586
-0.946383
0.00247193
0.00898723
0.000223069
0
0
0
1682191795.95447
msg_begin
7.75744e+06
-363587
-0.94593
0.0047727
0.00437289
0.000875499
0
0
0
1682191796.00454
msg_begin
7.75744e+06
-363587
-0.940316
0.0038916
0.00551758
0.00101387
0
0
0
1682191796.05455
msg_begin
7.75744e+06
-363588
-0.951814
9.40636e-08
8.73115e-10
6.66134e-16
0
0
0
1682191796.10452
msg_begin
7.75745e+06
-363588
-0.951635
0.0416908
0.0681588
0.000845198
0
0
0
1682191796.15457
msg_begin
7.75745e+06
-363589
-0.951863
0.00377106
0.00594253
9.54117e-05
0
0
0
1682191796.20449
msg_begin
7.75745e+06
-363589
-0.951662
0.00859232
0.00758609
0.00100505
0
0
0
1682191796.25441
msg_begin
7.75745e+06
-363590
-0.94984
0.00310491
0.00484553
0.000796403
0
0
0
1682191796.30440
msg_begin
7.75745e+06
-363590
-0.948213
0.0264838
0.0350264
0.00136777
0
0
0
1682191796.35444
msg_begin
7.75745e+06
-363590
-0.945907
0.000962056
0.00013585
0.000162266
0
0
0
1682191796.40432
msg_begin
7.75745e+06
-363591
-0.947629
0.00776427
0.012988
0.000313706
0
0
0
1682191796.45434
msg_begin
7.75745e+06
-363591
-0.948813
0.00268293
0.00441965
0.000179945
0
0
0
1682191796.50430
msg_begin
7.75745e+06
-363592
-0.951269
8.56817e-08
2.38651e-09
2.88658e-15
0
0
0
1682191796.55433
msg_begin
7.75745e+06
-363592
-0.947193
0.00985686
0.00836367
0.000630544
0
0
0
1682191796.60433
msg_begin
7.75745e+06
-363593
-0.943806
5.40167e-08
1.39698e-09
1.9984e-15
0
0
0
1682191796.65434
msg_begin
7.75745e+06
-363593
-0.942695
0.0133355
0.0101328
0.00106793
0
0
0
1682191796.70432
msg_begin
7.75745e+06
-363594
-0.942366
0.00453316
0.00729737
0.000651975
0
0
0
1682191796.75512
msg_begin
7.75745e+06
-363594
-0.941844
0.0237101
0.0239792
0.000872038
0
0
0
1682191796.80424
msg_begin
7.75745e+06
-363594
-0.943689
0.0028304
0.006163
0.000294939
0
0
0
1682191796.85422
msg_begin
7.75745e+06
-363595
-0.942764
0.0117461
0.0253016
0.000471594
0
0
0
1682191796.90418
msg_begin
7.75745e+06
-363595
-0.93998
0.00843703
0.0103401
0.000607091
0
0
0
1682191796.95432
msg_begin
7.75745e+06
-363596
-0.941945
0.0191698
0.0205623
0.00159479
0
0
0
1682191797.00413
msg_begin
7.75745e+06
-363596
-0.942586
0.00948147
0.0110764
0.000497384
0
0
0
1682191797.05420
msg_begin
7.75745e+06
-363597
-0.942087
9.70616e-05
0.00060431
1.00578e-05
0
0
0
1682191797.10419
msg_begin
7.75745e+06
-363597
-0.939746
6.70552e-08
5.23869e-10
1.11022e-16
0
0
0
1682191797.15417
msg_begin
7.75745e+06
-363597
-0.941284
0.000217362
0.01284
0.00112484
0
0
0
1682191797.20426
msg_begin
7.75745e+06
-363598
-0.938392
0.0017007
0.0146539
0.00058104
0
0
0
1682191797.25429
msg_begin
7.75745e+06
-363598
-0.937013
0.00592821
0.00406138
0.000560008
0
0
0
1682191797.30432
msg_begin
7.75745e+06
-363599
-0.934758
0.00445841
0.00547351
0.000265665
0
0
0
1682191797.35438
msg_begin
7.75745e+06
-363599
-0.933443
0.0103999
0.00636963
0.000588819
0
0
0
1682191797.40450
msg_begin
7.75745e+06
-363599
-0.930871
0.00357316
0.0171657
0.000353277
0
0
0
1682191797.45445
msg_begin
7.75745e+06
-363600
-0.931011
0.000408173
0.00355829
3.53488e-05
0
0
0
1682191797.50443
msg_begin
7.75745e+06
-363600
-0.931045
0.0128282
0.0160264
0.000522917
0
0
0
1682191797.55448
msg_begin
7.75745e+06
-363601
-0.932939
9.31323e-10
1.39698e-09
4.44089e-16
0
0
0
1682191797.60449
msg_begin
7.75745e+06
-363601
-0.929702
0.00963518
0.0155175
0.000614036
0
0
0
1682191797.65455
msg_begin
7.75746e+06
-363602
-0.93036
0.0158344
0.0068888
0.000793425
0
0
0
1682191797.70461
msg_begin
7.75746e+06
-363602
-0.932767
5.30854e-08
5.82077e-11
5.77316e-15
0
0
0
1682191797.75460
msg_begin
7.75746e+06
-363603
-0.932571
5.86733e-08
3.08501e-09
1.44329e-15
0
0
0
1682191797.80497
msg_begin
7.75746e+06
-363603
-0.929593
0.00489134
0.0112516
0.000684991
0
0
0
1682191797.85457
msg_begin
7.75746e+06
-363603
-0.93333
0.00132681
0.00202895
2.33371e-05
0
0
0
1682191797.90454
msg_begin
7.75746e+06
-363604
-0.934378
0.00105132
0.000246179
1.49326e-05
0
0
0
1682191797.95468
msg_begin
7.75746e+06
-363604
-0.932063
0.00114239
0.00161347
4.71877e-05
0
0
0
1682191798.00493
msg_begin
7.75746e+06
-363605
-0.928365
0.0369345
0.042548
0.00115129
0
0
0
1682191798.05453
msg_begin
7.75746e+06
-363605
-0.923809
2.51457e-08
2.21189e-09
2.22045e-16
0
0
0
1682191798.10451
msg_begin
7.75746e+06
-363605
-0.924905
0.0130221
0.0136848
0.000628695
0
0
0
1682191798.15585
msg_begin
7.75746e+06
-363606
-0.92335
6.51926e-08
2.32831e-10
1.44329e-15
0
0
0
1682191798.20505
msg_begin
7.75746e+06
-363606
-0.921733
0.00118582
0.00220747
0.000208202
0
0
0
1682191798.25450
msg_begin
7.75746e+06
-363607
-0.919638
5.68107e-08
3.43425e-09
2.77556e-15
0
0
0
1682191798.30454
msg_begin
7.75746e+06
-363607
-0.919389
4.65661e-09
3.31784e-09
5.21805e-15
0
0
0
1682191798.35464
msg_begin
7.75746e+06
-363607
-0.919813
0.000654152
0.00680457
0.000115737
0
0
0
1682191798.40512
msg_begin
7.75746e+06
-363608
-0.92049
0.000933212
0.00225722
4.49666e-05
0
0
0
1682191798.45451
msg_begin
7.75746e+06
-363608
-0.920399
0.0125159
0.00437159
0.000319096
0
0
0
1682191798.50453
msg_begin
7.75746e+06
-363609
-0.921508
0.000920864
0.000555377
8.79788e-05
0
0
0
1682191798.55566
msg_begin
7.75746e+06
-363609
-0.920614
0.00329589
0.00309095
0.000229985
0
0
0
1682191798.60543
msg_begin
7.75746e+06
-363610
-0.920302
0.00100442
0.00975261
0.000127172
0
0
0
1682191798.65456
msg_begin
7.75746e+06
-363610
-0.921595
0.0110353
0.0295261
0.0019667
0
0
0
1682191798.70453
msg_begin
7.75746e+06
-363610
-0.919468
0.0281877
0.0126831
0.00201768
0
0
0
1682191798.75465
msg_begin
7.75746e+06
-363611
-0.920479
0.000695541
0.00484846
8.66723e-05
0
0
0
1682191798.80452
msg_begin
7.75746e+06
-363611
-0.922594
0.0148474
0.028046
0.000645749
0
0
0
1682191798.85463
msg_begin
7.75746e+06
-363612
-0.922214
0.00810588
0.00274515
0.000326025
0
0
0
1682191798.90461
msg_begin
7.75746e+06
-363612
-0.922032
8.3819e-09
4.01633e-09
7.77156e-16
0
0
0
1682191798.95468
msg_begin
7.75746e+06
-363612
-0.919125
0.00117801
0.000320849
8.05091e-05
0
0
0
1682191799.00460
msg_begin
7.75746e+06
-363613
-0.918051
0.0109037
0.00962441
0.000969634
0
0
0
1682191799.05452
msg_begin
7.75746e+06
-363613
-0.919749
0.000533281
0.000468559
1.82458e-05
0
0
0
1682191799.10445
msg_begin
7.75746e+06
-363614
-0.921905
0.00898634
0.0057931
0.000801816
0
0
0
1682191799.15442
msg_begin
7.75746e+06
-363614
-0.92424
0.00491033
0.0040264
0.00029893
0
0
0
1682191799.20428
msg_begin
7.75747e+06
-363615
-0.924297
0.00135295
0.0026094
3.57358e-05
0
0
0
1682191799.25420
msg_begin
7.75747e+06
-363615
-0.924441
0.00215046
0.00416589
0.000340468
0
0
0
1682191799.30419
msg_begin
7.75747e+06
-363615
-0.923699
0.0061777
0.00954693
0.00074288
0
0
0
1682191799.35414
msg_begin
7.75747e+06
-363616
-0.924434
1.11759e-08
1.68802e-09
7.77156e-16
0
0
0
1682191799.40417
msg_begin
7.75747e+06
-363616
-0.924347
0.00045979
0.000321875
2.49419e-05
0
0
0
1682191799.45397
msg_begin
7.75747e+06
-363617
-0.925249
0.000266616
0.000319227
1.33798e-05
0
0
0
1682191799.50397
msg_begin
7.75747e+06
-363617
-0.926993
6.98492e-08
1.16415e-10
1.9984e-15
0
0
0
1682191799.55387
msg_begin
7.75747e+06
-363618
-0.928211
4.47035e-08
3.08501e-09
8.88178e-16
0
0
0
1682191799.60381
msg_begin
7.75747e+06
-363618
-0.927826
0.00914684
0.00197252
0.000173112
0
0
0
1682191799.65378
msg_begin
7.75747e+06
-363618
-0.929594
0.00458954
0.0096043
0.000749516
0
0
0
1682191799.70375
msg_begin
7.75747e+06
-363619
-0.93508
6.98492e-08
3.37604e-09
2.44249e-15
0
0
0
1682191799.75381
msg_begin
7.75747e+06
-363619
-0.934262
0.0159735
0.00988381
0.00190081
0
0
0
1682191799.80410
msg_begin
7.75747e+06
-363620
-0.932224
0.00892246
0.0175395
0.000936683
0
0
0
1682191799.85381
msg_begin
7.75747e+06
-363620
-0.93069
9.31323e-09
7.567e-10
1.88738e-15
0
0
0
1682191799.90387
msg_begin
7.75747e+06
-363621
-0.933121
0.004904
0.0114689
0.000199008
0
0
0
1682191799.95496
msg_begin
7.75747e+06
-363621
-0.929846
6.51926e-09
3.60887e-09
3.55271e-15
0
0
0
1682191800.00472
msg_begin
7.75747e+06
-363621
-0.926752
0.00185195
0.00159503
0.000191452
0
0
0
1682191800.05469
msg_begin
7.75747e+06
-363622
-0.923406
0.00288989
0.00395621
0.000195411
0
0
0
1682191800.10408
msg_begin
7.75747e+06
-363622
-0.920759
0.0065691
0.0111408
0.000191952
0
0
0
1682191800.15444
msg_begin
7.75747e+06
-363622
-0.920405
0.00572949
0.00915686
0.000282509
0
0
0
1682191800.20499
msg_begin
7.75747e+06
-363623
-0.918058
0.0128431
0.0108275
0.00039045
0
0
0
1682191800.25421
msg_begin
7.75747e+06
-363623
-0.916168
0.00786171
0.00697548
0.000283843
0
0
0
1682191800.30422
msg_begin
7.75747e+06
-363624
-0.915863
0.00586177
0.00481003
0.000797885
0
0
0
1682191800.35542
msg_begin
7.75747e+06
-363624
-0.915143
2.70084e-08
3.0268e-09
3.33067e-16
0
0
0
1682191800.40495
msg_begin
7.75747e+06
-363624
-0.914574
0.000479536
0.000336635
3.24778e-05
0
0
0
1682191800.45418
msg_begin
7.75747e+06
-363625
-0.914457
0.015056
0.0267203
0.00150676
0
0
0
1682191800.50424
msg_begin
7.75747e+06
-363625
-0.915847
0.0172262
0.0308751
0.000289162
0
0
0
1682191800.55545
msg_begin
7.75747e+06
-363626
-0.912281
9.31323e-09
2.32831e-09
9.99201e-16
0
0
0
1682191800.60490
msg_begin
7.75747e+06
-363626
-0.911333
0.00253974
0.0115104
0.00028236
0
0
0
1682191800.65411
msg_begin
7.75747e+06
-363626
-0.905421
0.00012272
0.00336167
0.000317469
0
0
0
1682191800.70410
msg_begin
7.75747e+06
-363627
-0.902766
0.00178016
0.00184382
2.9716e-05
0
0
0
1682191800.75407
msg_begin
7.75747e+06
-363627
-0.904248
0.0262165
0.0280473
0.00120924
0
0
0
1682191800.80410
msg_begin
7.75748e+06
-363628
-0.901828
0.00449106
0.00558254
0.000298859
0
0
0
1682191800.85400
msg_begin
7.75748e+06
-363628
-0.899243
1.49012e-08
3.20142e-09
6.55032e-15
0
0
0
1682191800.90399
msg_begin
7.75748e+06
-363628
-0.898933
8.3819e-09
1.04774e-09
2.33147e-15
0
0
0
1682191800.95394
msg_begin
7.75748e+06
-363629
-0.897338
0.00449466
0.00781725
0.000203129
0
0
0
1682191801.00383
msg_begin
7.75748e+06
-363629
-0.897008
0.00544698
0.00801559
0.00113356
0
0
0
1682191801.05378
msg_begin
7.75748e+06
-363629
-0.891137
0.00323617
0.00076085
0.000435375
0
0
0
1682191801.10374
msg_begin
7.75748e+06
-363630
-0.886391
0.000750343
0.00216096
5.25151e-05
0
0
0
1682191801.15372
msg_begin
7.75748e+06
-363630
-0.883578
0.00641771
0.000740374
0.000115277
0
0
0
1682191801.20357
msg_begin
7.75748e+06
-363631
-0.879785
3.72529e-08
4.65661e-10
1.55431e-15
0
0
0
1682191801.25356
msg_begin
7.75748e+06
-363631
-0.874684
0.00347365
0.00152776
0.000245648
0
0
0
1682191801.30348
msg_begin
7.75748e+06
-363631
-0.868902
7.20151e-05
0.00124024
7.14827e-05
0
0
0
1682191801.35338
msg_begin
7.75748e+06
-363632
-0.863054
0.0160497
0.0279224
0.00150047
0
0
0
1682191801.40336
msg_begin
7.75748e+06
-363632
-0.858199
0.00718211
0.00623515
0.000268297
0
0
0
1682191801.45333
msg_begin
7.75748e+06
-363632
-0.855207
0.0024468
0.00692543
0.000208836
0
0
0
1682191801.50341
msg_begin
7.75748e+06
-363633
-0.849381
0.000961682
0.000467123
1.84501e-05
0
0
0
1682191801.55344
msg_begin
7.75748e+06
-363633
-0.842931
0.0078739
0.00538263
0.000698092
0
0
0
1682191801.60348
msg_begin
7.75748e+06
-363634
-0.83793
0.000767704
0.00100826
5.97015e-05
0
0
0
1682191801.65356
msg_begin
7.75748e+06
-363634
-0.836732
0.016544
0.0115026
0.0016777
0
0
0
1682191801.70364
msg_begin
7.75748e+06
-363634
-0.832082
0.0105724
0.00473986
0.000190909
0
0
0
1682191801.75377
msg_begin
7.75748e+06
-363635
-0.826829
0.00221362
0.00188938
6.50145e-05
0
0
0
1682191801.80424
msg_begin
7.75748e+06
-363635
-0.818836
0.0199324
0.0220985
0.00134375
0
0
0
1682191801.85394
msg_begin
7.75748e+06
-363635
-0.81175
0.0087387
0.000645902
0.000612804
0
0
0
1682191801.90404
msg_begin
7.75748e+06
-363636
-0.81061
8.75443e-08
5.82077e-10
2.77556e-15
0
0
0
1682191801.95544
msg_begin
7.75748e+06
-363636
-0.805751
0.0122194
0.00446931
0.00135301
0
0
0
1682191802.00486
msg_begin
7.75748e+06
-363636
-0.798025
0.00187245
0.00223284
0.000127378
0
0
0
1682191802.05414
msg_begin
7.75748e+06
-363637
-0.788643
0.00406109
0.00295975
0.000262551
0
0
0
1682191802.10415
msg_begin
7.75748e+06
-363637
-0.783454
1.11759e-08
8.73115e-10
1.88738e-15
0
0
0
1682191802.15401
msg_begin
7.75748e+06
-363637
-0.778764
2.51457e-08
5.82077e-11
0
0
0
0
1682191802.20476
msg_begin
7.75748e+06
-363638
-0.773474
0.000620642
0.000431227
8.17395e-05
0
0
0
1682191802.25391
msg_begin
7.75748e+06
-363638
-0.768664
0.00306229
0.00239484
0.000317729
0
0
0
1682191802.30379
msg_begin
7.75749e+06
-363638
-0.761854
0.00992266
0.00407356
0.000158082
0
0
0
1682191802.35382
msg_begin
7.75749e+06
-363639
-0.752724
0.0111711
0.00784834
0.00105352
0
0
0
1682191802.40419
msg_begin
7.75749e+06
-363639
-0.746678
8.9407e-08
1.04774e-09
1.11022e-16
0
0
0
1682191802.45366
msg_begin
7.75749e+06
-363639
-0.737816
0.00644029
0.00405397
0.000282789
0
0
0
1682191802.50360
msg_begin
7.75749e+06
-363640
-0.729211
0.00410261
0.00119979
1.72337e-05
0
0
0
1682191802.55485
msg_begin
7.75749e+06
-363640
-0.724086
0.0124191
0.005598
0.00059153
0
0
0
1682191802.60450
msg_begin
7.75749e+06
-363640
-0.719259
0.0178127
0.0138947
0.00120503
0
0
0
1682191802.65369
msg_begin
7.75749e+06
-363641
-0.711234
0.00211862
0.000454525
0.000165606
0
0
0
1682191802.70374
msg_begin
7.75749e+06
-363641
-0.707964
0.00290997
0.00283328
0.000325373
0
0
0
1682191802.75386
msg_begin
7.75749e+06
-363641
-0.700107
0.00182552
0.00178954
5.54758e-05
0
0
0
1682191802.80403
msg_begin
7.75749e+06
-363641
-0.696095
0.000582921
5.52832e-05
6.89033e-05
0
0
0
1682191802.85412
msg_begin
7.75749e+06
-363642
-0.693065
0.00244395
0.00832086
0.00106224
0
0
0
1682191802.90419
msg_begin
7.75749e+06
-363642
-0.682897
0.0186107
0.003424
0.000294851
0
0
0
1682191802.95432
msg_begin
7.75749e+06
-363642
-0.678316
0.0128474
0.00337032
0.000352592
0
0
0
1682191803.00446
msg_begin
7.75749e+06
-363643
-0.670318
0.000129155
0.000768923
1.88461e-05
0
0
0
1682191803.05455
msg_begin
7.75749e+06
-363643
-0.666231
0.00106592
0.00017075
0.000174776
0
0
0
1682191803.10456
msg_begin
7.75749e+06
-363643
-0.661777
0.00181125
0.00117739
0.000131905
0
0
0
1682191803.15464
msg_begin
7.75749e+06
-363644
-0.651585
2.14204e-08
3.60887e-09
1.55431e-15
0
0
0
1682191803.20469
msg_begin
7.75749e+06
-363644
-0.646787
0.0193095
0.0128336
0.00127924
0
0
0
1682191803.25461
msg_begin
7.75749e+06
-363644
-0.642715
0.00231195
0.00202527
0.00011065
0
0
0
1682191803.30471
msg_begin
7.75749e+06
-363645
-0.641042
0.00724866
0.00149341
0.00100793
0
0
0
1682191803.35467
msg_begin
7.75749e+06
-363645
-0.636955
0.00407773
0.0049892
0.000785618
0
0
0
1682191803.40462
msg_begin
7.75749e+06
-363645
-0.633365
0.0278671
0.0246493
0.00133985
0
0
0
1682191803.45465
msg_begin
7.75749e+06
-363645
-0.624625
8.56817e-08
6.40284e-10
1.9984e-15
0
0
0
1682191803.50471
msg_begin
7.75749e+06
-363646
-0.616214
8.84756e-08
1.45519e-09
3.10862e-15
0
0
0
1682191803.55464
msg_begin
7.75749e+06
-363646
-0.610678
0.012842
0.00271849
0.000505392
0
0
0
1682191803.60466
msg_begin
7.75749e+06
-363646
-0.601277
0.00770269
0.00354112
0.00196853
0
0
0
1682191803.65459
msg_begin
7.7575e+06
-363646
-0.592713
5.58794e-09
3.08501e-09
2.44249e-15
0
0
0
1682191803.70450
msg_begin
7.7575e+06
-363647
-0.588377
0.0260157
0.0170364
0.000821758
0
0
0
1682191803.75438
msg_begin
7.7575e+06
-363647
-0.585746
0.0267013
0.0212892
0.00117917
0
0
0
1682191803.80469
msg_begin
7.7575e+06
-363647
-0.577043
0.000434731
0.00131156
0.000623339
0
0
0
1682191803.85419
msg_begin
7.7575e+06
-363647
-0.572171
0.00499848
0.00450312
8.03947e-05
0
0
0
1682191803.90408
msg_begin
7.7575e+06
-363648
-0.56506
8.84756e-08
5.23869e-10
1.11022e-15
0
0
0
1682191803.95405
msg_begin
7.7575e+06
-363648
-0.561366
0.00948532
0.00733987
0.000720502
0
0
0
1682191804.00479
msg_begin
7.7575e+06
-363648
-0.549699
9.31323e-08
3.7835e-09
4.21885e-15
0
0
0
1682191804.05397
msg_begin
7.7575e+06
-363648
-0.540375
1.21072e-08
8.73115e-10
6.32827e-15
0
0
0
1682191804.10390
msg_begin
7.7575e+06
-363649
-0.537079
0.00604493
0.00859544
0.000252079
0
0
0
1682191804.15399
msg_begin
7.7575e+06
-363649
-0.528812
0.022507
0.0117425
0.000972253
0
0
0
1682191804.20469
msg_begin
7.7575e+06
-363649
-0.519222
0.0460776
0.0299057
0.00186589
0
0
0
1682191804.25394
msg_begin
7.7575e+06
-363649
-0.511576
7.82311e-08
4.65661e-10
1.77636e-15
0
0
0
1682191804.30397
msg_begin
7.7575e+06
-363650
-0.514721
5.68107e-08
2.38651e-09
2.22045e-15
0
0
0
1682191804.35402
msg_begin
7.7575e+06
-363650
-0.506933
7.63685e-08
3.72529e-09
7.77156e-16
0
0
0
1682191804.40458
msg_begin
7.7575e+06
-363650
-0.496834
0.0147649
0.00870966
0.000483417
0
0
0
1682191804.45392
msg_begin
7.7575e+06
-363650
-0.486832
0.00180341
0.0053669
0.000185969
0
0
0
1682191804.50385
msg_begin
7.7575e+06
-363650
-0.478006
0.0264333
0.0151478
0.00027133
0
0
0
1682191804.55395
msg_begin
7.7575e+06
-363651
-0.469
0.00100129
0.000296308
0.000137843
0
0
0
1682191804.60427
msg_begin
7.7575e+06
-363651
-0.464386
0.00346373
0.000430924
0.000334246
0
0
0
1682191804.65388
msg_begin
7.7575e+06
-363651
-0.458598
0.0134805
0.00483622
0.000369783
0
0
0
1682191804.70383
msg_begin
7.7575e+06
-363651
-0.452399
0.00494699
0.00151439
0.000224187
0
0
0
1682191804.75386
msg_begin
7.7575e+06
-363651
-0.449027
0.0126694
0.00723475
0.00240316
0
0
0
1682191804.80387
msg_begin
7.7575e+06
-363652
-0.439372
0.00466849
0.00263901
0.000176205
0
0
0
1682191804.85395
msg_begin
7.75751e+06
-363652
-0.433015
0.0201844
0.0126249
0.000728008
0
0
0
1682191804.90391
msg_begin
7.75751e+06
-363652
-0.427576
0.00543786
0.00759117
0.000167645
0
0
0
1682191804.95395
msg_begin
7.75751e+06
-363652
-0.425241
0.0182333
0.0113997
0.00152642
0
0
0
1682191805.00400
msg_begin
7.75751e+06
-363652
-0.417223
0.00984296
0.0061375
0.000883404
0
0
0
1682191805.05412
msg_begin
7.75751e+06
-363653
-0.408675
0.000172046
0.000587232
1.13032e-05
0
0
0
1682191805.10404
msg_begin
7.75751e+06
-363653
-0.403309
5.96046e-08
2.32831e-09
3.66374e-15
0
0
0
1682191805.15403
msg_begin
7.75751e+06
-363653
-0.40186
1.39698e-08
9.8953e-10
9.99201e-16
0
0
0
1682191805.20413
msg_begin
7.75751e+06
-363653
-0.390643
0.00781729
0.00223999
0.000348439
0
0
0
1682191805.25399
msg_begin
7.75751e+06
-363653
-0.384349
0.0307765
0.0128129
0.00147982
0
0
0
1682191805.30384
msg_begin
7.75751e+06
-363653
-0.369892
2.8871e-08
2.61934e-09
1.66533e-16
0
0
0
1682191805.35389
msg_begin
7.75751e+06
-363654
-0.364182
0.00143372
0.000211623
8.03365e-05
0
0
0
1682191805.40381
msg_begin
7.75751e+06
-363654
-0.359924
0.00645079
0.00420691
0.000268924
0
0
0
1682191805.45371
msg_begin
7.75751e+06
-363654
-0.356337
0
1.04774e-09
7.77156e-16
0
0
0
1682191805.50359
msg_begin
7.75751e+06
-363654
-0.352012
0.00702491
0.00274848
0.000501697
0
0
0
1682191805.55362
msg_begin
7.75751e+06
-363654
-0.346446
0.00531332
0.00418808
0.000510065
0
0
0
1682191805.60354
msg_begin
7.75751e+06
-363654
-0.337199
9.31323e-09
7.567e-10
1.44329e-15
0
0
0
1682191805.65355
msg_begin
7.75751e+06
-363655
-0.333124
0.00402321
0.000802115
9.67979e-05
0
0
0
1682191805.70356
msg_begin
7.75751e+06
-363655
-0.330162
0.0495402
0.0114472
0.00255073
0
0
0
1682191805.75360
msg_begin
7.75751e+06
-363655
-0.317635
0.00379185
0.00745692
0.000278383
0
0
0
1682191805.80419
msg_begin
7.75751e+06
-363655
-0.312899
6.14673e-08
3.37604e-09
5.55112e-17
0
0
0
1682191805.85368
msg_begin
7.75751e+06
-363655
-0.304659
5.86733e-08
2.56114e-09
2.05391e-15
0
0
0
1682191805.90370
msg_begin
7.75751e+06
-363655
-0.298655
0.0446454
0.0149873
0.000685827
0
0
0
1682191805.95381
msg_begin
7.75752e+06
-363655
-0.29418
0.0315385
0.0171906
0.00132247
0
0
0
1682191806.00444
msg_begin
7.75752e+06
-363655
-0.281193
6.51926e-08
2.21189e-09
3.33067e-16
0
0
0
1682191806.05390
msg_begin
7.75752e+06
-363656
-0.276718
0.0103746
0.00413954
0.000869763
0
0
0
1682191806.10394
msg_begin
7.75752e+06
-363656
-0.272799
0.0040561
0.0015203
6.22696e-05
0
0
0
1682191806.15398
msg_begin
7.75752e+06
-363656
-0.268398
0.00590009
0.000349743
0.000191455
0
0
0
1682191806.20476
msg_begin
7.75752e+06
-363656
-0.26312
0.0251485
0.0125046
0.00126835
0
0
0
1682191806.25393
msg_begin
7.75752e+06
-363656
-0.252538
0.00892597
0.00345339
0.000579074
0
0
0
1682191806.30391
msg_begin
7.75752e+06
-363656
-0.249963
0.0322908
0.00802676
0.000730647
0
0
0
1682191806.35398
msg_begin
7.75752e+06
-363656
-0.247873
8.19564e-08
3.66708e-09
2.22045e-16
0
0
0
1682191806.40450
msg_begin
7.75752e+06
-363656
-0.237509
1.21072e-08
7.567e-10
3.33067e-16
0
0
0
1682191806.45379
msg_begin
7.75752e+06
-363656
-0.227777
0.0640268
0.0181504
0.00447236
0
0
0
1682191806.50369
msg_begin
7.75752e+06
-363657
-0.225641
0.0248235
0.00653912
0.000667631
0
0
0
1682191806.55374
msg_begin
7.75752e+06
-363657
-0.221168
0.026873
0.00844356
0.000280189
0
0
0
1682191806.60436
msg_begin
7.75752e+06
-363657
-0.214164
0.0225149
0.0107759
0.00182855
0
0
0
1682191806.65358
msg_begin
7.75752e+06
-363657
-0.210374
0.0438164
0.00727313
0.000462892
0
0
0
1682191806.70353
msg_begin
7.75752e+06
-363657
-0.203126
0.0148649
0.0114825
0.00172274
0
0
0
1682191806.75364
msg_begin
7.75752e+06
-363657
-0.199398
0.032352
0.00459623
0.000822251
0
0
0
1682191806.80353
msg_begin
7.75752e+06
-363657
-0.195605
0.0295879
0.00608331
0.000689907
0
0
0
1682191806.85357
msg_begin
7.75752e+06
-363657
-0.190575
0.0157879
0.00376419
0.000386731
0
0
0
1682191806.90356
msg_begin
7.75752e+06
-363657
-0.186926
0.00622808
0.00568594
0.000473425
0
0
0
1682191806.95357
msg_begin
7.75752e+06
-363657
-0.181841
0.0151066
0.0015711
0.00025919
0
0
0
1682191807.00372
msg_begin
7.75752e+06
-363657
-0.17925
0.0379026
0.0115715
0.00102132
0
0
0
1682191807.05375
msg_begin
7.75753e+06
-363658
-0.176848
0.0119652
0.00329959
0.000993319
0
0
0
1682191807.10378
msg_begin
7.75753e+06
-363658
-0.168292
0.00407199
0.00218833
0.000286698
0
0
0
1682191807.15388
msg_begin
7.75753e+06
-363658
-0.168588
0.0217865
0.00188185
0.00107058
0
0
0
1682191807.20386
msg_begin
7.75753e+06
-363658
-0.171174
7.91624e-08
4.07454e-10
1.30451e-15
0
0
0
1682191807.25392
msg_begin
7.75753e+06
-363658
-0.168351
0.0308015
0.00497984
0.000962273
0
0
0
1682191807.30400
msg_begin
7.75753e+06
-363658
-0.163675
0.0106718
0.00197946
0.000323905
0
0
0
1682191807.35403
msg_begin
7.75753e+06
-363658
-0.161801
0.00911824
0.00740064
0.000621273
0
0
0
1682191807.40403
msg_begin
7.75753e+06
-363658
-0.152619
0.0155498
0.00377094
0.000980451
0
0
0
1682191807.45406
msg_begin
7.75753e+06
-363658
-0.155032
6.61239e-08
1.28057e-09
1.47105e-15
0
0
0
1682191807.50412
msg_begin
7.75753e+06
-363658
-0.156893
0.00894383
0.00605008
0.000966719
0
0
0
1682191807.55414
msg_begin
7.75753e+06
-363658
-0.15258
0.00711183
0.00234633
0.000475851
0
0
0
1682191807.60415
msg_begin
7.75753e+06
-363658
-0.149868
0.0211676
0.00446668
6.86176e-05
0
0
0
1682191807.65419
msg_begin
7.75753e+06
-363658
-0.145896
0.00216497
0.00132827
0.000786368
0
0
0
1682191807.70424
msg_begin
7.75753e+06
-363658
-0.143944
0.00727901
0.00274446
0.000548218
0
0
0
1682191807.75426
msg_begin
7.75753e+06
-363658
-0.139494
0.0160558
0.0160096
0.00136836
0
0
0
1682191807.80503
msg_begin
7.75753e+06
-363659
-0.13465
0.0365506
0.0121813
0.0017241
0
0
0
1682191807.85433
msg_begin
7.75753e+06
-363659
-0.132019
0.0227993
0.0138737
0.00241567
0
0
0
1682191807.90435
msg_begin
7.75753e+06
-363659
-0.129096
0.0475895
0.0186935
0.000890906
0
0
0
1682191807.95450
msg_begin
7.75753e+06
-363659
-0.125529
0.0305322
0.0112585
0.00158678
0
0
0
1682191808.00516
msg_begin
7.75753e+06
-363659
-0.125169
0.000222058
0.00046284
8.85404e-06
0
0
0
1682191808.05447
msg_begin
7.75753e+06
-363659
-0.122519
0.00684971
0.00482232
0.000596176
0
0
0
1682191808.10450
msg_begin
7.75753e+06
-363659
-0.122693
0.0159485
0.000907506
0.000277222
0
0
0
1682191808.15448
msg_begin
7.75754e+06
-363659
-0.120714
0.010918
0.00104024
0.000396468
0
0
0
1682191808.20547
msg_begin
7.75754e+06
-363659
-0.119987
0.00259353
0.000378071
0.000201516
0
0
0
1682191808.25457
msg_begin
7.75754e+06
-363659
-0.114993
0.0051118
0.00171055
7.24768e-05
0
0
0
1682191808.30459
msg_begin
7.75754e+06
-363659
-0.112693
0.00299485
0.00250655
8.82143e-05
0
0
0
1682191808.35469
msg_begin
7.75754e+06
-363659
-0.109434
0.0249306
0.00904101
0.00102404
0
0
0
1682191808.40507
msg_begin
7.75754e+06
-363659
-0.108456
0.00771176
0.00342609
0.000536611
0
0
0
1682191808.45465
msg_begin
7.75754e+06
-363659
-0.101424
0.0120484
0.00712315
0.000705393
0
0
0
1682191808.50461
msg_begin
7.75754e+06
-363659
-0.0956356
0.0254184
0.00310039
0.000766371
0
0
0
1682191808.55463
msg_begin
7.75754e+06
-363659
-0.0922795
0.00260477
0.00127042
0.000304062
0
0
0
1682191808.60546
msg_begin
7.75754e+06
-363659
-0.0898087
0.0401522
0.0109789
0.00244637
0
0
0
1682191808.65460
msg_begin
7.75754e+06
-363659
-0.0876228
0.0297265
0.0119308
0.00107398
0
0
0
1682191808.70454
msg_begin
7.75754e+06
-363659
-0.0832546
0.0179869
0.00426138
0.000984378
0
0
0
1682191808.75447
msg_begin
7.75754e+06
-363659
-0.0789725
0.0156811
0.00228734
0.000488616
0
0
0
1682191808.80451
msg_begin
7.75754e+06
-363659
-0.0757099
0.0145877
0.00986123
0.000502746
0
0
0
1682191808.85447
msg_begin
7.75754e+06
-363659
-0.0718036
0.0371763
0.00731426
0.00224856
0
0
0
1682191808.90445
msg_begin
7.75754e+06
-363660
-0.068215
0.013158
0.00422407
0.000748901
0
0
0
1682191808.95437
msg_begin
7.75754e+06
-363660
-0.0670501
0.0174989
0.00809251
0.000695089
0
0
0
1682191809.00435
msg_begin
7.75754e+06
-363660
-0.0677488
0.00151831
0.00127205
2.84233e-05
0
0
0
1682191809.05434
msg_begin
7.75754e+06
-363660
-0.0619838
0.0189758
0.00300042
0.000216398
0
0
0
1682191809.10424
msg_begin
7.75754e+06
-363660
-0.0620932
0.0212811
0.0104538
0.000860611
0
0
0
1682191809.15426
msg_begin
7.75754e+06
-363660
-0.0580453
0.00730086
0.00196006
0.000391097
0
0
0
1682191809.20422
msg_begin
7.75755e+06
-363660
-0.0576673
0.00377228
0.00270838
0.000723644
0
0
0
1682191809.25417
msg_begin
7.75755e+06
-363660
-0.0514627
0.016728
0.00398914
0.000872637
0
0
0
1682191809.30418
msg_begin
7.75755e+06
-363660
-0.0483925
0.0144443
0.00357828
0.000495245
0
0
0
1682191809.35411
msg_begin
7.75755e+06
-363660
-0.041276
0.0252261
0.00737063
0.00149443
0
0
0
1682191809.40415
msg_begin
7.75755e+06
-363660
-0.0362978
0.0255811
0.00625181
0.000886081
0
0
0
1682191809.45407
msg_begin
7.75755e+06
-363660
-0.03645
0.0028528
0.00124695
0.000136254
0
0
0
1682191809.50406
msg_begin
7.75755e+06
-363660
-0.0334655
0.00754111
0.00130467
0.00024498
0
0
0
1682191809.55403
msg_begin
7.75755e+06
-363660
-0.0249378
0.00808703
0.00183644
0.000168792
0
0
0
1682191809.60400
msg_begin
7.75755e+06
-363660
-0.0229071
0.00735808
0.00195714
0.000470018
0
0
0
1682191809.65390
msg_begin
7.75755e+06
-363660
-0.0183984
0.0228114
0.00531975
0.00135456
0
0
0
1682191809.70385
msg_begin
7.75755e+06
-363660
-0.0149048
6.49922e-05
0.000401714
5.39303e-05
0
0
0
1682191809.75379
msg_begin
7.75755e+06
-363660
-0.0145554
0.0155816
0.00372344
0.000233603
0
0
0
1682191809.80421
msg_begin
7.75755e+06
-363660
-0.0119174
0.00969651
0.00571639
0.00113998
0
0
0
1682191809.85372
msg_begin
7.75755e+06
-363660
-0.00812759
0.0191338
0.0176162
0.00230706
0
0
0
1682191809.90364
msg_begin
7.75755e+06
-363660
-0.00573129
0.052487
0.0118979
0.000757395
0
0
0
1682191809.95369
msg_begin
7.75755e+06
-363660
-0.00484702
0.00189063
0.00141002
8.90435e-05
0
0
0
1682191810.00425
msg_begin
7.75755e+06
-363660
-0.00432529
0.0259556
0.00875295
0.00142154
0
0
0
1682191810.05358
msg_begin
7.75755e+06
-363660
0.0034787
7.45058e-09
2.91038e-10
7.37257e-18
0
0
0
1682191810.10359
msg_begin
7.75755e+06
-363660
0.00532916
0.0100322
0.00598703
0.00047417
0
0
0
1682191810.15395
msg_begin
7.75755e+06
-363660
0.0062119
0.00590303
0.00155306
0.000460582
0
0
0
1682191810.20448
msg_begin
7.75755e+06
-363660
0.0079356
6.37082e-05
0.00126755
0.000114077
0
0
0
1682191810.25375
msg_begin
7.75755e+06
-363660
0.00786537
0.0245254
0.00225935
4.44729e-05
0
0
0
1682191810.30378
msg_begin
7.75756e+06
-363660
0.0151185
0.00818678
0.00268722
0.000960475
0
0
0
1682191810.35389
msg_begin
7.75756e+06
-363660
0.0222902
0.00823761
0.000473192
6.6385e-05
0
0
0
1682191810.40458
msg_begin
7.75756e+06
-363660
0.0267186
0.000629732
5.21679e-05
5.15224e-05
0
0
0
1682191810.45393
msg_begin
7.75756e+06
-363660
0.0293306
0.0030239
0.00164558
0.000484922
0
0
0
1682191810.50393
msg_begin
7.75756e+06
-363660
0.031399
0.00277649
0.00238516
0.000276516
0
0
0
1682191810.55397
msg_begin
7.75756e+06
-363660
0.0322216
0.0116067
0.000183371
0.000215089
0
0
0
1682191810.60440
msg_begin
7.75756e+06
-363660
0.0347012
0.0466701
0.0079958
0.00184164
0
0
0
1682191810.65374
msg_begin
7.75756e+06
-363660
0.039995
0.0728415
0.00355545
0.000468069
0
0
0
1682191810.70362
msg_begin
7.75756e+06
-363660
0.0445607
0.0115094
0.00187162
0.00151889
0
0
0
1682191810.75369
msg_begin
7.75756e+06
-363660
0.0480063
0.0183566
0.0102124
0.00129948
0
0
0
1682191810.80346
msg_begin
7.75756e+06
-363660
0.0506774
1.11759e-08
1.04774e-09
2.28983e-16
0
0
0
1682191810.85337
msg_begin
7.75756e+06
-363660
0.0525808
0.0180937
0.00357799
0.000363982
0
0
0
1682191810.90330
msg_begin
7.75756e+06
-363659
0.0557541
0.00708973
0.00506695
0.000269847
0
0
0
1682191810.95331
msg_begin
7.75756e+06
-363659
0.0590953
0.0125356
0.00112355
0.000599364
0
0
0
1682191811.00334
msg_begin
7.75756e+06
-363659
0.0645337
0.00294742
0.000736221
0.000290478
0
0
0
1682191811.05330
msg_begin
7.75756e+06
-363659
0.0685585
0.0136373
0.00376967
0.000504961
0
0
0
1682191811.10335
msg_begin
7.75756e+06
-363659
0.0691847
0.0326098
0.00662193
0.00138802
0
0
0
1682191811.15346
msg_begin
7.75756e+06
-363659
0.0725508
0.00640341
0.00176426
0.00021685
0
0
0
1682191811.20338
msg_begin
7.75756e+06
-363659
0.0737702
0.025477
0.00691554
0.00164122
0
0
0
1682191811.25339
msg_begin
7.75756e+06
-363659
0.0777418
0.0228069
0.00657217
0.00102951
0
0
0
1682191811.30335
msg_begin
7.75756e+06
-363659
0.0809337
0.00678275
0.00133938
0.000150604
0
0
0
1682191811.35331
msg_begin
7.75757e+06
-363659
0.0829376
0.0145873
0.00413215
0.000598624
0
0
0
1682191811.40333
msg_begin
7.75757e+06
-363659
0.0845437
5.68107e-08
6.98492e-10
1.02696e-15
0
0
0
1682191811.45330
msg_begin
7.75757e+06
-363659
0.0889122
0.0012294
4.41984e-05
7.32257e-05
0
0
0
1682191811.50328
msg_begin
7.75757e+06
-363659
0.0895703
0.00327529
0.000467707
0.000132315
0
0
0
1682191811.55330
msg_begin
7.75757e+06
-363659
0.0936224
0.00978027
0.00268589
0.000596545
0
0
0
1682191811.60330
msg_begin
7.75757e+06
-363659
0.0994517
0.000277544
4.5738e-05
1.94815e-05
0
0
0
1682191811.65330
msg_begin
7.75757e+06
-363659
0.0981817
6.14673e-08
4.65661e-10
6.38378e-16
0
0
0
1682191811.70331
msg_begin
7.75757e+06
-363659
0.0992662
0.0023142
0.000934261
0.000602297
0
0
0
1682191811.75331
msg_begin
7.75757e+06
-363659
0.101673
0.00281222
0.000981857
0.000225039
0
0
0
1682191811.80423
msg_begin
7.75757e+06
-363659
0.105491
0.0252196
0.00451414
0.000502703
0
0
0
1682191811.85334
msg_begin
7.75757e+06
-363659
0.109248
0.00200341
0.00276094
0.000366681
0
0
0
1682191811.90336
msg_begin
7.75757e+06
-363659
0.110253
0.00237665
0.00422678
0.00017208
0
0
0
1682191811.95342
msg_begin
7.75757e+06
-363658
0.114619
0.0131693
0.00805512
0.000314011
0
0
0
1682191812.00380
msg_begin
7.75757e+06
-363658
0.117278
0.013042
0.000810418
0.000513625
0
0
0
1682191812.05333
msg_begin
7.75757e+06
-363658
0.11765
5.86733e-08
3.66708e-09
9.15934e-16
0
0
0
1682191812.10338
msg_begin
7.75757e+06
-363658
0.121849
0.0094353
0.00131034
0.000302112
0
0
0
1682191812.15342
msg_begin
7.75757e+06
-363658
0.122651
0.0248951
0.0138754
0.00119711
0
0
0
1682191812.20389
msg_begin
7.75757e+06
-363658
0.127799
0.00405127
0.00346009
0.000242844
0
0
0
1682191812.25333
msg_begin
7.75757e+06
-363658
0.131602
5.7742e-08
3.20142e-09
8.88178e-16
0
0
0
1682191812.30331
msg_begin
7.75757e+06
-363658
0.130895
0.0117131
0.00150023
0.000910318
0
0
0
1682191812.35339
msg_begin
7.75757e+06
-363658
0.136279
0.00179126
0.000209156
6.12125e-05
0
0
0
1682191812.40394
msg_begin
7.75758e+06
-363658
0.138102
0.00353591
0.011435
0.000983322
0
0
0
1682191812.45334
msg_begin
7.75758e+06
-363658
0.140471
0.0128551
0.0139492
0.00112997
0
0
0
1682191812.50332
msg_begin
7.75758e+06
-363658
0.14421
0.0012551
0.00170106
0.000120669
0
0
0
1682191812.55341
msg_begin
7.75758e+06
-363658
0.149271
0.00642239
0.00660702
0.000227892
0
0
0
1682191812.60376
msg_begin
7.75758e+06
-363658
0.147815
4.74975e-08
1.45519e-09
3.05311e-16
0
0
0
1682191812.65328
msg_begin
7.75758e+06
-363657
0.152361
0.00205501
0.00152706
0.0001455
0
0
0
1682191812.70325
msg_begin
7.75758e+06
-363657
0.153395
0.00174895
0.00161198
0.000208136
0
0
0
1682191812.75318
msg_begin
7.75758e+06
-363657
0.159726
0.0284313
0.00584093
0.00030129
0
0
0
1682191812.80316
msg_begin
7.75758e+06
-363657
0.159307
0.00112071
5.93476e-05
5.26937e-05
0
0
0
1682191812.85318
msg_begin
7.75758e+06
-363657
0.164345
0.00543855
0.000597746
4.77959e-05
0
0
0
1682191812.90320
msg_begin
7.75758e+06
-363657
0.167554
0.00931379
0.00614492
0.000401283
0
0
0
1682191812.95321
msg_begin
7.75758e+06
-363657
0.171248
0.000372342
0.00137896
0.000108029
0
0
0
1682191813.00328
msg_begin
7.75758e+06
-363657
0.172134
6.70552e-08
1.57161e-09
1.63758e-15
0
0
0
1682191813.05321
msg_begin
7.75758e+06
-363657
0.172583
0.0199738
0.00241213
0.000510563
0
0
0
1682191813.10324
msg_begin
7.75758e+06
-363657
0.17326
0.0277175
0.0052041
0.00248127
0
0
0
1682191813.15323
msg_begin
7.75758e+06
-363657
0.17906
0.0100962
0.0108974
0.000652308
0
0
0
1682191813.20320
msg_begin
7.75758e+06
-363657
0.177996
0.00177529
0.00153944
5.56201e-05
0
0
0
1682191813.25308
msg_begin
7.75758e+06
-363656
0.183667
0.00162451
0.0015398
0.000164697
0
0
0
1682191813.30302
msg_begin
7.75758e+06
-363656
0.187335
0.00519465
0.00276041
0.000505538
0
0
0
1682191813.36302
msg_begin
7.75758e+06
-363656
0.190609
0.0113574
0.00379625
0.000101164
0
0
0
1682191813.40288
msg_begin
7.75758e+06
-363656
0.194097
0.00454767
0.00419138
0.000272473
0
0
0
1682191813.45280
msg_begin
7.75759e+06
-363656
0.198703
1.11759e-08
2.91038e-10
2.47025e-15
0
0
0
1682191813.50278
msg_begin
7.75759e+06
-363656
0.201796
0.000299511
0.00347414
8.50231e-05
0
0
0
1682191813.55272
msg_begin
7.75759e+06
-363656
0.20238
0.00257137
0.00182167
0.000123329
0
0
0
1682191813.60274
msg_begin
7.75759e+06
-363656
0.200836
0.00245559
0.000245506
4.58597e-05
0
0
0
1682191813.65272
msg_begin
7.75759e+06
-363656
0.206069
0.0163899
0.00737282
0.000907903
0
0
0
1682191813.70270
msg_begin
7.75759e+06
-363656
0.208009
0.00111097
0.00071544
0.000143286
0
0
0
1682191813.75281
msg_begin
7.75759e+06
-363655
0.210143
0.0220265
0.00770793
0.00078984
0
0
0
1682191813.80284
msg_begin
7.75759e+06
-363655
0.21101
0.0035381
0.00497345
0.000390826
0
0
0
1682191813.85281
msg_begin
7.75759e+06
-363655
0.214847
0.00788563
0.00645834
0.000466814
0
0
0
1682191813.90287
msg_begin
7.75759e+06
-363655
0.217079
0.00297618
0.00289138
0.000157701
0
0
0
1682191813.95294
msg_begin
7.75759e+06
-363655
0.219943
0.0070069
0.00561657
0.000324144
0
0
0
1682191814.00361
msg_begin
7.75759e+06
-363655
0.222143
0.0472005
0.0123641
0.00143993
0
0
0
1682191814.05320
msg_begin
7.75759e+06
-363655
0.226738
0.0486729
0.00538796
0.00174869
0
0
0
1682191814.10325
msg_begin
7.75759e+06
-363655
0.228616
0.0219514
0.00553692
0.00102111
0
0
0
1682191814.15337
msg_begin
7.75759e+06
-363654
0.228182
0.00600514
0.00425959
0.00188373
0
0
0
1682191814.20409
msg_begin
7.75759e+06
-363654
0.234081
0.00137388
0.00137995
0.000205578
0
0
0
1682191814.25350
msg_begin
7.75759e+06
-363654
0.236623
0.0215224
0.00539894
0.000848038
0
0
0
1682191814.30354
msg_begin
7.75759e+06
-363654
0.239873
0.0150511
0.00879516
0.000680445
0
0
0
1682191814.35368
msg_begin
7.75759e+06
-363654
0.241224
1.67638e-08
3.20142e-09
3.60822e-16
0
0
0
1682191814.40391
msg_begin
7.75759e+06
-363654
0.245122
0.00634614
0.00160745
0.000209732
0
0
0
1682191814.45360
msg_begin
7.75759e+06
-363654
0.246367
0.013463
0.00891355
0.00112813
0
0
0
1682191814.50360
msg_begin
7.7576e+06
-363654
0.249209
0.00786131
0.00146051
0.000215481
0
0
0
1682191814.55367
msg_begin
7.7576e+06
-363654
0.252382
4.65661e-08
3.31784e-09
2.33147e-15
0
0
0
1682191814.60395
msg_begin
7.7576e+06
-363653
0.255461
0.00173336
0.00182952
0.000247484
0
0
0
1682191814.65344
msg_begin
7.7576e+06
-363653
0.262149
0.0213935
0.000492569
0.000423356
0
0
0
1682191814.70336
msg_begin
7.7576e+06
-363653
0.262714
0.0397147
0.0100443
0.000401709
0
0
0
1682191814.75332
msg_begin
7.7576e+06
-363653
0.266199
0.00486275
0.0029034
0.000190739
0
0
0
1682191814.80373
msg_begin
7.7576e+06
-363653
0.268269
0.00261621
0.00638971
0.000551321
0
0
0
1682191814.85329
msg_begin
7.7576e+06
-363653
0.269551
0.0138781
0.00429214
0.00136872
0
0
0
1682191814.90321
msg_begin
7.7576e+06
-363653
0.270722
0.00692282
0.00274718
0.000181463
0
0
0
1682191814.95325
msg_begin
7.7576e+06
-363652
0.277297
0.00684406
0.00315241
0.000483928
0
0
0
1682191815.00350
msg_begin
7.7576e+06
-363652
0.278093
6.0536e-08
1.45519e-09
5.55112e-17
0
0
0
1682191815.05300
msg_begin
7.7576e+06
-363652
0.280786
9.31323e-09
1.68802e-09
2.77556e-16
0
0
0
1682191815.10297
msg_begin
7.7576e+06
-363652
0.284875
0.0242542
0.0173632
0.000452151
0
0
0
1682191815.15287
msg_begin
7.7576e+06
-363652
0.287462
0.0186597
0.00340149
0.000633829
0
0
0
1682191815.20337
msg_begin
7.7576e+06
-363652
0.291152
0.0131582
0.0115899
0.000848916
0
0
0
1682191815.25272
msg_begin
7.7576e+06
-363652
0.295438
8.75443e-08
2.91038e-10
7.21645e-16
0
0
0
1682191815.30271
msg_begin
7.7576e+06
-363651
0.294682
0.0207574
0.00784376
0.00103344
0
0
0
1682191815.35260
msg_begin
7.7576e+06
-363651
0.298624
0.0167915
0.00961118
0.000611595
0
0
0
1682191815.40323
msg_begin
7.7576e+06
-363651
0.302625
0.00571509
0.00365086
0.000327865
0
0
0
1682191815.45258
msg_begin
7.7576e+06
-363651
0.306784
0.00915754
0.00157857
0.000393735
0
0
0
1682191815.50255
msg_begin
7.7576e+06
-363651
0.306097
0.0209854
0.00754941
0.000536466
0
0
0
1682191815.55258
msg_begin
7.7576e+06
-363651
0.31042
0.0072828
0.00498
0.000291923
0
0
0
1682191815.60283
msg_begin
7.75761e+06
-363651
0.312578
0.0225851
0.00996491
0.000480627
0
0
0
1682191815.65249
msg_begin
7.75761e+06
-363650
0.312488
1.30385e-08
1.57161e-09
3.33067e-16
0
0
0
1682191815.70247
msg_begin
7.75761e+06
-363650
0.316331
0.0135154
0.0120682
0.00133704
0
0
0
1682191815.75241
msg_begin
7.75761e+06
-363650
0.322405
0.0415729
0.0304588
0.00032331
0
0
0
1682191815.80268
msg_begin
7.75761e+06
-363650
0.327159
0.00334442
0.00516094
0.00064447
0
0
0
1682191815.85238
msg_begin
7.75761e+06
-363650
0.329366
0.00450509
0.00804931
0.000297905
0
0
0
1682191815.90243
msg_begin
7.75761e+06
-363650
0.332096
0.0167257
0.0101181
0.000994589
0
0
0
1682191815.95244
msg_begin
7.75761e+06
-363650
0.335551
0.0057258
0.00408707
0.000254365
0
0
0
1682191816.00286
msg_begin
7.75761e+06
-363649
0.339492
0.00828855
0.00366203
0.000396232
0
0
0
1682191816.05250
msg_begin
7.75761e+06
-363649
0.34353
0.0358113
0.0143094
0.00144548
0
0
0
1682191816.10253
msg_begin
7.75761e+06
-363649
0.346737
0.0173418
0.00410718
0.000492786
0
0
0
1682191816.15255
msg_begin
7.75761e+06
-363649
0.351119
0.00941855
0.00773999
0.000207188
0
0
0
1682191816.20285
msg_begin
7.75761e+06
-363649
0.35419
0.00379675
0.00242793
0.000257669
0
0
0
1682191816.25274
msg_begin
7.75761e+06
-363648
0.361942
0.00285049
0.00426952
0.000175963
0
0
0
1682191816.30275
msg_begin
7.75761e+06
-363648
0.364349
0.0190502
0.00788264
0.00075255
0
0
0
1682191816.35279
msg_begin
7.75761e+06
-363648
0.368554
0.00666598
0.00157994
0.00112016
0
0
0
1682191816.40324
msg_begin
7.75761e+06
-363648
0.371324
0.000105492
0.000218316
9.3335e-05
0
0
0
1682191816.45294
msg_begin
7.75761e+06
-363648
0.378797
0.010002
0.00453377
0.00069931
0
0
0
1682191816.50295
msg_begin
7.75761e+06
-363648
0.384518
0.0421097
0.0140241
0.00151979
0
0
0
1682191816.55304
msg_begin
7.75761e+06
-363647
0.38862
0.00256369
0.00522363
0.000641122
0
0
0
1682191816.60348
msg_begin
7.75761e+06
-363647
0.393241
0.00357086
0.00744572
0.000540378
0
0
0
1682191816.65308
msg_begin
7.75761e+06
-363647
0.397168
0.0158654
0.0093626
0.000446759
0
0
0
1682191816.70315
msg_begin
7.75761e+06
-363647
0.401625
0.00391392
0.000907113
0.000187298
0
0
0
1682191816.75317
msg_begin
7.75762e+06
-363647
0.405156
0.0205806
0.00838798
0.000479743
0
0
0
1682191816.80362
msg_begin
7.75762e+06
-363646
0.413793
0.00130958
0.00572468
0.000593087
0
0
0
1682191816.85327
msg_begin
7.75762e+06
-363646
0.415073
0.0043605
0.00226808
0.000880282
0
0
0
1682191816.90340
msg_begin
7.75762e+06
-363646
0.424291
0.00194235
0.000883296
6.82715e-05
0
0
0
1682191816.95330
msg_begin
7.75762e+06
-363646
0.430703
0.0186227
0.0189305
0.00139865
0
0
0
1682191817.00330
msg_begin
7.75762e+06
-363646
0.435082
0.0171003
0.00427038
0.00053348
0
0
0
1682191817.05325
msg_begin
7.75762e+06
-363645
0.439968
0.0351788
0.0114102
0.000508045
0
0
0
1682191817.10328
msg_begin
7.75762e+06
-363645
0.445275
0.0122396
0.00767
0.000639394
0
0
0
1682191817.15322
msg_begin
7.75762e+06
-363645
0.452886
0.00355364
0.00878819
0.000345859
0
0
0
1682191817.20319
msg_begin
7.75762e+06
-363645
0.456619
0.00115483
0.00921513
0.00100699
0
0
0
1682191817.25317
msg_begin
7.75762e+06
-363645
0.462635
0.00693882
0.013914
0.000423756
0
0
0
1682191817.30308
msg_begin
7.75762e+06
-363644
0.472204
0.00310384
0.014051
0.00030147
0
0
0
1682191817.35304
msg_begin
7.75762e+06
-363644
0.477046
0.00583185
0.00134336
0.000466657
0
0
0
1682191817.40302
msg_begin
7.75762e+06
-363644
0.482576
0.00217758
0.00120419
0.000160194
0
0
0
1682191817.45294
msg_begin
7.75762e+06
-363644
0.485161
0.00440383
0.0064232
0.00062431
0
0
0
1682191817.50285
msg_begin
7.75762e+06
-363644
0.492188
0.00165389
0.000464769
0.000280857
0
0
0
1682191817.55283
msg_begin
7.75762e+06
-363643
0.500944
0.00134146
0.000622687
0.000157144
0
0
0
1682191817.60287
msg_begin
7.75762e+06
-363643
0.506718
0.00282928
0.00771304
0.000543774
0
0
0
1682191817.65287
msg_begin
7.75762e+06
-363643
0.512741
0.0155995
0.00474478
0.000592964
0
0
0
1682191817.70290
msg_begin
7.75762e+06
-363643
0.517205
0.000364698
4.25953e-05
4.21275e-05
0
0
0
1682191817.75296
msg_begin
7.75762e+06
-363642
0.52375
0.0507036
0.0283134
0.000872436
0
0
0
1682191817.80311
msg_begin
7.75762e+06
-363642
0.529477
0.00190943
0.000457634
4.19039e-05
0
0
0
1682191817.85314
msg_begin
7.75762e+06
-363642
0.536246
0.00621323
0.0026192
0.000483818
0
0
0
1682191817.90325
msg_begin
7.75762e+06
-363642
0.542551
0.0020739
0.00016522
0.000206895
0
0
0
1682191817.95335
msg_begin
7.75763e+06
-363641
0.549081
0.0368305
0.026146
0.00126365
0
0
0
1682191818.00407
msg_begin
7.75763e+06
-363641
0.555561
0.0161293
0.00836277
0.000884646
0
0
0
1682191818.05357
msg_begin
7.75763e+06
-363641
0.558258
0.0335077
0.0228225
0.0013764
0
0
0
1682191818.10358
msg_begin
7.75763e+06
-363641
0.563314
0.00636663
0.0169192
0.0016478
0
0
0
1682191818.15358
msg_begin
7.75763e+06
-363640
0.569257
0.0160463
0.0180216
0.000816779
0
0
0
1682191818.20386
msg_begin
7.75763e+06
-363640
0.575054
0.00870538
0.00803464
0.000511654
0
0
0
1682191818.25350
msg_begin
7.75763e+06
-363640
0.578679
1.02445e-08
1.80444e-09
4.32987e-15
0
0
0
1682191818.30345
msg_begin
7.75763e+06
-363640
0.581896
0.00247896
0.000501727
0.000107127
0
0
0
1682191818.35344
msg_begin
7.75763e+06
-363639
0.582518
0.00277903
2.90228e-05
0.000540222
0
0
0
1682191818.40383
msg_begin
7.75763e+06
-363639
0.586324
0.0422094
0.0340114
0.000939102
0
0
0
1682191818.45324
msg_begin
7.75763e+06
-363639
0.590132
0.014292
0.00754034
0.000943489
0
0
0
1682191818.50309
msg_begin
7.75763e+06
-363639
0.595371
0.031327
0.0141573
0.00144982
0
0
0
1682191818.55306
msg_begin
7.75763e+06
-363638
0.598343
0.00924102
0.00855693
0.00146811
0
0
0
1682191818.60299
msg_begin
7.75763e+06
-363638
0.597528
0.00644461
0.00118651
0.000199804
0
0
0
1682191818.65294
msg_begin
7.75763e+06
-363638
0.601756
0.0130392
0.00612176
0.000921729
0
0
0
1682191818.70294
msg_begin
7.75763e+06
-363638
0.603134
0.0182188
0.00363733
0.000632994
0
0
0
1682191818.75289
msg_begin
7.75763e+06
-363637
0.603406
0.00587821
0.00199048
0.000726107
0
0
0
1682191818.80287
msg_begin
7.75763e+06
-363637
0.60606
0.00283396
0.00178714
8.16943e-05
0
0
0
1682191818.85287
msg_begin
7.75763e+06
-363637
0.607792
0.0309112
0.027084
0.00149738
0
0
0
1682191818.90290
msg_begin
7.75763e+06
-363637
0.612764
0.0368029
0.024213
0.00167526
0
0
0
1682191818.95292
msg_begin
7.75763e+06
-363636
0.615584
0.0259357
0.00795262
0.000695239
0
0
0
1682191819.00291
msg_begin
7.75763e+06
-363636
0.616351
0.0026373
0.00196496
7.81452e-05
0
0
0
1682191819.05294
msg_begin
7.75763e+06
-363636
0.618961
0.0307931
0.022157
0.000734075
0
0
0
1682191819.10302
msg_begin
7.75763e+06
-363635
0.619454
0.0101282
0.00765199
0.000442798
0
0
0
1682191819.15318
msg_begin
7.75763e+06
-363635
0.618901
7.63685e-08
4.65661e-10
4.10783e-15
0
0
0
1682191819.20319
msg_begin
7.75763e+06
-363635
0.61963
0.00113447
0.00112313
0.000114941
0
0
0
1682191819.25323
msg_begin
7.75764e+06
-363635
0.61982
0.0244542
0.0105435
0.00093743
0
0
0
1682191819.30324
msg_begin
7.75764e+06
-363634
0.621746
0.00814922
0.0089272
0.000575561
0
0
0
1682191819.35327
msg_begin
7.75764e+06
-363634
0.619199
0.00168397
0.00161175
0.00014216
0
0
0
1682191819.40325
msg_begin
7.75764e+06
-363634
0.620475
0.00540987
0.0120358
0.000822049
0
0
0
1682191819.45324
msg_begin
7.75764e+06
-363634
0.622443
0.0207204
0.00858469
0.000850879
0
0
0
1682191819.50323
msg_begin
7.75764e+06
-363633
0.623307
0.00188487
0.00323799
8.95128e-05
0
0
0
1682191819.55327
msg_begin
7.75764e+06
-363633
0.625544
0.0161048
0.0130487
0.00141916
0
0
0
1682191819.60320
msg_begin
7.75764e+06
-363633
0.627389
0.000661248
0.000801404
3.01209e-05
0
0
0
1682191819.65313
msg_begin
7.75764e+06
-363632
0.628401
0.0137232
0.0108406
0.000653774
0
0
0
1682191819.70309
msg_begin
7.75764e+06
-363632
0.625757
1.58325e-08
1.16415e-09
3.88578e-15
0
0
0
1682191819.75308
msg_begin
7.75764e+06
-363632
0.627517
0.00407613
0.00494173
0.000364411
0
0
0
1682191819.80321
msg_begin
7.75764e+06
-363632
0.629102
0.00805294
0.0222132
0.000914502
0
0
0
1682191819.85308
msg_begin
7.75764e+06
-363631
0.632515
0.00120879
0.00337511
0.000179036
0
0
0
1682191819.90311
msg_begin
7.75764e+06
-363631
0.632101
0.00230877
0.00270229
0.000100849
0
0
0
1682191819.95302
msg_begin
7.75764e+06
-363631
0.632062
0.00374975
0.00565365
0.000535431
0
0
0
1682191820.00340
msg_begin
7.75764e+06
-363630
0.63348
0.00705994
0.00322692
0.000551603
0
0
0
1682191820.05301
msg_begin
7.75764e+06
-363630
0.634419
0.0181604
0.022341
0.00154134
0
0
0
1682191820.10299
msg_begin
7.75764e+06
-363630
0.637546
0.00339649
0.00448547
0.000493719
0
0
0
1682191820.15292
msg_begin
7.75764e+06
-363630
0.638856
0.00852969
0.00352793
0.000460781
0
0
0
1682191820.20296
msg_begin
7.75764e+06
-363629
0.639317
0.0105562
0.0122719
0.000372333
0
0
0
1682191820.25292
msg_begin
7.75764e+06
-363629
0.640822
0.0227341
0.00781565
0.000367931
0
0
0
1682191820.30293
msg_begin
7.75764e+06
-363629
0.639515
0.00828314
0.00312587
0.000321273
0
0
0
1682191820.35298
msg_begin
7.75764e+06
-363628
0.641543
0.00842297
0.0138115
0.00110285
0
0
0
1682191820.40372
msg_begin
7.75764e+06
-363628
0.644509
0.0163127
0.0126667
0.000490446
0
0
0
1682191820.45307
msg_begin
7.75764e+06
-363628
0.644069
0.00264834
0.00212328
0.000127131
0
0
0
1682191820.50308
msg_begin
7.75764e+06
-363628
0.643777
0.00337995
0.00876899
0.000495184
0
0
0
1682191820.55305
msg_begin
7.75764e+06
-363627
0.6455
0.00134978
0.00475399
8.84197e-05
0
0
0
1682191820.60307
msg_begin
7.75765e+06
-363627
0.644789
0.00256632
0.00420617
0.00016864
0
0
0
1682191820.65309
msg_begin
7.75765e+06
-363627
0.647702
0.00342351
0.00298343
5.01179e-05
0
0
0
1682191820.70884
msg_begin
7.75765e+06
-363627
0.646899
0.00755526
0.00657435
0.000444506
0
0
0
1682191820.75311
msg_begin
7.75765e+06
-363626
0.64688
0.00394222
0.00180849
0.000118153
0
0
0
1682191820.80309
msg_begin
7.75765e+06
-363626
0.64932
0.00317281
0.00551005
0.000150101
0
0
0
1682191820.85301
msg_begin
7.75765e+06
-363626
0.649175
0.0217671
0.00630911
0.000329341
0
0
0
1682191820.90301
msg_begin
7.75765e+06
-363625
0.649414
0.00110333
0.000164427
2.0933e-05
0
0
0
1682191820.95299
msg_begin
7.75765e+06
-363625
0.649497
0.00131966
0.00218053
0.000213064
0
0
0
1682191821.00299
msg_begin
7.75765e+06
-363625
0.65076
0.0109226
0.00988919
0.00121262
0
0
0
1682191821.05292
msg_begin
7.75765e+06
-363625
0.651508
0.000141821
0.00147783
0.000146857
0
0
0
1682191821.10290
msg_begin
7.75765e+06
-363624
0.651925
0.00184839
0.00154454
6.72111e-05
0
0
0
1682191821.15288
msg_begin
7.75765e+06
-363624
0.650556
0.025497
0.0247392
0.00131324
0
0
0
1682191821.20289
msg_begin
7.75765e+06
-363624
0.649487
0.0453435
0.0269009
0.000247821
0
0
0
1682191821.25286
msg_begin
7.75765e+06
-363623
0.647493
0.010267
0.0079242
0.000398703
0
0
0
1682191821.30292
msg_begin
7.75765e+06
-363623
0.64668
0.000850636
0.00123979
0.000138633
0
0
0
1682191821.35297
msg_begin
7.75765e+06
-363623
0.649597
0.0141808
0.0123171
0.000704399
0
0
0
1682191821.40303
msg_begin
7.75765e+06
-363622
0.647837
0.0161187
0.00837965
0.00120051
0
0
0
1682191821.45304
msg_begin
7.75765e+06
-363622
0.645156
0.000475142
0.000411665
0.00020763
0
0
0
1682191821.50316
msg_begin
7.75765e+06
-363622
0.643863
0.0139265
0.00359361
0.000947514
0
0
0
1682191821.55308
msg_begin
7.75765e+06
-363622
0.647544
0.00121657
0.00245608
0.000863581
0
0
0
1682191821.60325
msg_begin
7.75765e+06
-363621
0.647295
5.58794e-09
8.14907e-10
9.99201e-16
0
0
0
1682191821.65326
msg_begin
7.75765e+06
-363621
0.649086
0.00159878
0.000460261
0.000173571
0
0
0
1682191821.70329
msg_begin
7.75765e+06
-363621
0.647551
0.00719272
0.0134658
0.000393061
0
0
0
1682191821.75332
msg_begin
7.75765e+06
-363620
0.648853
0.00557712
0.00442482
0.000326304
0
0
0
1682191821.80330
msg_begin
7.75765e+06
-363620
0.648751
0.00237142
0.00161337
0.00013848
0
0
0
1682191821.85329
msg_begin
7.75765e+06
-363620
0.649114
0.0242873
0.0269552
0.00113049
0
0
0
1682191821.90325
msg_begin
7.75765e+06
-363620
0.648128
0.000349372
0.00125536
1.72965e-06
0
0
0
1682191821.95318
msg_begin
7.75766e+06
-363619
0.644666
0.0136623
0.0124765
0.000203273
0
0
0
1682191822.00381
msg_begin
7.75766e+06
-363619
0.642802
0.0123254
0.00682925
0.000884751
0
0
0
1682191822.05309
msg_begin
7.75766e+06
-363619
0.644011
0.0132269
0.00488952
0.00290073
0
0
0
1682191822.10300
msg_begin
7.75766e+06
-363618
0.640415
0.00434667
0.0134644
0.000751168
0
0
0
1682191822.15283
msg_begin
7.75766e+06
-363618
0.639658
0.0317312
0.025337
0.00109002
0
0
0
1682191822.20351
msg_begin
7.75766e+06
-363618
0.640247
0.0625742
0.0553139
0.000969042
0
0
0
1682191822.25268
msg_begin
7.75766e+06
-363618
0.641808
0.00140045
0.00197385
0.000108974
0
0
0
1682191822.30264
msg_begin
7.75766e+06
-363617
0.640853
0.0016957
0.00238422
0.000188648
0
0
0
1682191822.35266
msg_begin
7.75766e+06
-363617
0.641062
0.00361023
0.00241931
0.000528878
0
0
0
1682191822.40340
msg_begin
7.75766e+06
-363617
0.639706
0.0142931
0.00775508
0.000728
0
0
0
1682191822.45264
msg_begin
7.75766e+06
-363616
0.639853
0.0254772
0.0211115
0.000753827
0
0
0
1682191822.50271
msg_begin
7.75766e+06
-363616
0.640636
0.00262235
0.00423027
0.00026974
0
0
0
1682191822.55273
msg_begin
7.75766e+06
-363616
0.639924
0.00733473
0.00561937
0.000407244
0
0
0
1682191822.60282
msg_begin
7.75766e+06
-363616
0.638286
0.021628
0.022558
0.000351482
0
0
0
1682191822.65281
msg_begin
7.75766e+06
-363615
0.638469
0.000612921
0.000326508
0.000263414
0
0
0
1682191822.70282
msg_begin
7.75766e+06
-363615
0.63745
0.0358164
0.0224416
0.00076404
0
0
0
1682191822.75283
msg_begin
7.75766e+06
-363615
0.637392
0.0101048
0.0084623
0.00156548
0
0
0
1682191822.80289
msg_begin
7.75766e+06
-363614
0.634855
0.000137859
0.000195061
2.31759e-05
0
0
0
1682191822.85284
msg_begin
7.75766e+06
-363614
0.635153
0.00525893
0.00233478
0.000325321
0
0
0
1682191822.90292
msg_begin
7.75766e+06
-363614
0.635277
0.000910151
0.00171131
0.000213214
0
0
0
1682191822.95291
msg_begin
7.75766e+06
-363614
0.635193
0.0048309
0.00241812
0.00109503
0
0
0
1682191823.00285
msg_begin
7.75766e+06
-363613
0.634173
0.00108837
0.000695891
3.96844e-05
0
0
0
1682191823.05290
msg_begin
7.75766e+06
-363613
0.632902
0.00257186
0.00185124
4.9007e-05
0
0
0
1682191823.10289
msg_begin
7.75766e+06
-363613
0.634429
0.0127817
0.0237878
0.000417599
0
0
0
1682191823.15278
msg_begin
7.75766e+06
-363613
0.632337
0.0251825
0.00863231
0.000675177
0
0
0
1682191823.20276
msg_begin
7.75766e+06
-363612
0.632889
5.86733e-08
3.49246e-09
2.10942e-15
0
0
0
1682191823.25276
msg_begin
7.75766e+06
-363612
0.632137
0.00335046
0.00369414
0.000387571
0
0
0
1682191823.30280
msg_begin
7.75767e+06
-363612
0.629093
0.0112337
0.00950981
0.000622636
0
0
0
1682191823.35274
msg_begin
7.75767e+06
-363611
0.629245
0.00557574
0.0107193
0.000834113
0
0
0
1682191823.40273
msg_begin
7.75767e+06
-363611
0.631737
0.00154198
0.00197676
0.000268715
0
0
0
1682191823.45269
msg_begin
7.75767e+06
-363611
0.628774
0.012388
0.00419055
0.000616495
0
0
0
1682191823.50266
msg_begin
7.75767e+06
-363611
0.62855
0.0129328
0.0147813
0.000914462
0
0
0
1682191823.55267
msg_begin
7.75767e+06
-363610
0.630744
2.78749e-05
0.000419613
0.000104827
0
0
0
1682191823.60271
msg_begin
7.75767e+06
-363610
0.629261
9.08386e-05
0.000302172
4.93274e-06
0
0
0
1682191823.65260
msg_begin
7.75767e+06
-363610
0.630239
0.0191254
0.0105022
0.00109276
0
0
0
1682191823.70263
msg_begin
7.75767e+06
-363609
0.628159
0.00256404
0.0018993
0.000566859
0
0
0
1682191823.75254
msg_begin
7.75767e+06
-363609
0.629384
1.39698e-08
3.66708e-09
3.21965e-15
0
0
0
1682191823.80310
msg_begin
7.75767e+06
-363609
0.628054
2.14204e-08
4.65661e-10
7.77156e-16
0
0
0
1682191823.85260
msg_begin
7.75767e+06
-363609
0.627521
6.14673e-08
8.73115e-10
1.33227e-15
0
0
0
1682191823.90254
msg_begin
7.75767e+06
-363608
0.626111
5.12227e-08
2.56114e-09
1.22125e-15
0
0
0
1682191823.95265
msg_begin
7.75767e+06
-363608
0.628727
0.0046925
0.00567856
6.96741e-05
0
0
0
1682191824.00310
msg_begin
7.75767e+06
-363608
0.626114
2.04891e-08
5.23869e-10
4.44089e-16
0
0
0
1682191824.05262
msg_begin
7.75767e+06
-363608
0.629153
0.00167469
0.00179028
0.000189498
0
0
0
1682191824.10272
msg_begin
7.75767e+06
-363607
0.629742
0.00833356
0.00416249
0.000315051
0
0
0
1682191824.15270
msg_begin
7.75767e+06
-363607
0.628935
0.0125559
0.0151742
0.00116454
0
0
0
1682191824.20354
msg_begin
7.75767e+06
-363607
0.630475
5.68107e-08
2.61934e-09
8.88178e-16
0
0
0
1682191824.25258
msg_begin
7.75767e+06
-363606
0.627301
0.00211271
0.00118918
0.0001101
0
0
0
1682191824.30254
msg_begin
7.75767e+06
-363606
0.625326
0.0212018
0.00514222
0.000483656
0
0
0
1682191824.35247
msg_begin
7.75767e+06
-363606
0.624932
0.0318933
0.0259799
0.000197484
0
0
0
1682191824.40303
msg_begin
7.75767e+06
-363605
0.62461
6.59521e-05
0.000363621
0.000277434
0
0
0
1682191824.45242
msg_begin
7.75767e+06
-363605
0.625434
0.00128589
0.00118233
0.000119077
0
0
0
1682191824.50247
msg_begin
7.75767e+06
-363605
0.625126
0.00126724
0.0010931
4.3104e-05
0
0
0
1682191824.55234
msg_begin
7.75767e+06
-363605
0.624622
0.00213775
0.00314938
0.000577506
0
0
0
1682191824.60286
msg_begin
7.75767e+06
-363604
0.627142
0.00275819
0.00219786
0.000173827
0
0
0
1682191824.65220
msg_begin
7.75768e+06
-363604
0.625931
0.00613943
0.00470267
0.00046201
0
0
0
1682191824.70225
msg_begin
7.75768e+06
-363604
0.627472
0.00112257
0.00146034
0.000121505
0
0
0
1682191824.75218
msg_begin
7.75768e+06
-363604
0.62578
5.03326e-05
0.000436829
0.000104677
0
0
0
1682191824.80216
msg_begin
7.75768e+06
-363603
0.627646
0.00439965
0.0135922
0.000836738
0
0
0
1682191824.85208
msg_begin
7.75768e+06
-363603
0.62777
1.58325e-08
3.37604e-09
1.22125e-15
0
0
0
1682191824.90254
msg_begin
7.75768e+06
-363603
0.628276
0.00900149
0.00705394
0.000371837
0
0
0
1682191824.95221
msg_begin
7.75768e+06
-363602
0.625391
0.0075038
0.00896412
9.20718e-05
0
0
0
1682191825.00205
msg_begin
7.75768e+06
-363602
0.628092
0.000199846
0.000142439
6.87706e-05
0
0
0
1682191825.05208
msg_begin
7.75768e+06
-363602
0.628876
5.7742e-08
2.79397e-09
2.22045e-15
0
0
0
1682191825.10207
msg_begin
7.75768e+06
-363602
0.630888
0.00036539
0.001055
9.86839e-05
0
0
0
1682191825.15213
msg_begin
7.75768e+06
-363601
0.632507
0.00200134
7.14873e-05
1.84948e-05
0
0
0
1682191825.20214
msg_begin
7.75768e+06
-363601
0.630248
0.0072015
0.00306884
0.000101286
0
0
0
1682191825.25211
msg_begin
7.75768e+06
-363601
0.626623
2.6077e-08
4.65661e-10
4.10783e-15
0
0
0
1682191825.30221
msg_begin
7.75768e+06
-363600
0.631871
0.0160325
0.0134391
0.000509184
0
0
0
1682191825.35236
msg_begin
7.75768e+06
-363600
0.629787
7.45058e-08
2.96859e-09
2.33147e-15
0
0
0
1682191825.40223
msg_begin
7.75768e+06
-363600
0.632012
0.0168826
0.0113201
0.000599263
0
0
0
1682191825.45229
msg_begin
7.75768e+06
-363600
0.631044
0.00112276
0.00212406
0.000108661
0
0
0
1682191825.50229
msg_begin
7.75768e+06
-363599
0.63338
0.00403252
0.00315003
0.000153868
0
0
0
1682191825.55243
msg_begin
7.75768e+06
-363599
0.633491
7.45058e-09
3.14321e-09
3.9968e-15
0
0
0
1682191825.60238
msg_begin
7.75768e+06
-363599
0.632549
5.36466e-06
0.000117073
2.32017e-05
0
0
0
1682191825.65237
msg_begin
7.75768e+06
-363598
0.63302
0.00520413
0.00766345
0.00116899
0
0
0
1682191825.70243
msg_begin
7.75768e+06
-363598
0.635106
1.95578e-08
2.56114e-09
3.10862e-15
0
0
0
1682191825.75251
msg_begin
7.75768e+06
-363598
0.632571
6.98492e-08
1.28057e-09
8.88178e-16
0
0
0
1682191825.80257
msg_begin
7.75768e+06
-363598
0.633737
0.0363381
0.023688
0.000650764
0
0
0
1682191825.85259
msg_begin
7.75768e+06
-363597
0.635444
0.013707
0.0104389
0.000693089
0
0
0
1682191825.90268
msg_begin
7.75768e+06
-363597
0.63201
0.0143045
0.0136339
0.000922366
0
0
0
1682191825.95274
msg_begin
7.75769e+06
-363597
0.632456
0.0014774
0.00138243
0.000335623
0
0
0
1682191826.00337
msg_begin
7.75769e+06
-363596
0.633805
0.00610243
0.00585512
0.000408783
0
0
0
1682191826.05290
msg_begin
7.75769e+06
-363596
0.634421
0.0513254
0.0473911
0.000519576
0
0
0
1682191826.10290
msg_begin
7.75769e+06
-363596
0.635145
0.000962223
0.00452588
0.0002832
0
0
0
1682191826.15294
msg_begin
7.75769e+06
-363596
0.635261
0.00181433
0.00222887
0.000295564
0
0
0
1682191826.20363
msg_begin
7.75769e+06
-363595
0.638456
0.00261415
0.00230931
0.000280704
0
0
0
1682191826.25303
msg_begin
7.75769e+06
-363595
0.639345
2.8871e-08
3.49246e-09
2.77556e-15
0
0
0
1682191826.30306
msg_begin
7.75769e+06
-363595
0.640782
0.00580717
0.00413772
0.00036169
0
0
0
1682191826.35305
msg_begin
7.75769e+06
-363594
0.641962
0.0020816
0.00261987
0.000138577
0
0
0
1682191826.40315
msg_begin
7.75769e+06
-363594
0.642745
0.0157593
0.0047434
0.000481594
0
0
0
1682191826.45322
msg_begin
7.75769e+06
-363594
0.646168
6.0536e-08
2.32831e-10
1.44329e-15
0
0
0
1682191826.50324
msg_begin
7.75769e+06
-363594
0.645867
0.00391535
0.00393404
0.000297749
0
0
0
1682191826.55335
msg_begin
7.75769e+06
-363593
0.643906
0.0091197
0.00895307
0.000488604
0
0
0
1682191826.60397
msg_begin
7.75769e+06
-363593
0.648234
0.00455896
0.0115569
0.000410416
0
0
0
1682191826.65348
msg_begin
7.75769e+06
-363593
0.648815
0.00295388
0.000334599
0.000431208
0
0
0
1682191826.70359
msg_begin
7.75769e+06
-363592
0.650958
0.00334534
0.0022994
0.00121972
0
0
0
1682191826.75363
msg_begin
7.75769e+06
-363592
0.649258
0.00998812
0.00457364
0.000337176
0
0
0
1682191826.80368
msg_begin
7.75769e+06
-363592
0.649117
0.0110697
0.00941175
0.00108816
0
0
0
1682191826.85373
msg_begin
7.75769e+06
-363591
0.649399
3.72529e-08
5.82077e-10
7.77156e-16
0
0
0
1682191826.90373
msg_begin
7.75769e+06
-363591
0.649231
0.00438371
0.00168081
9.16153e-05
0
0
0
1682191826.95448
msg_begin
7.75769e+06
-363591
0.650149
0.00196959
0.00190794
0.000160857
0
0
0
1682191827.00377
msg_begin
7.75769e+06
-363591
0.65047
0.000784442
0.00137672
4.95593e-05
0
0
0
1682191827.05370
msg_begin
7.75769e+06
-363590
0.647614
9.22009e-08
2.91038e-09
2.55351e-15
0
0
0
1682191827.10367
msg_begin
7.75769e+06
-363590
0.647637
7.45058e-08
2.56114e-09
3.77476e-15
0
0
0
1682191827.15412
msg_begin
7.75769e+06
-363590
0.645053
2.98023e-08
2.56114e-09
3.33067e-15
0
0
0
1682191827.20344
msg_begin
7.75769e+06
-363590
0.643652
0.0148407
0.0179756
0.000485538
0
0
0
1682191827.25348
msg_begin
7.75769e+06
-363589
0.642461
0.00021286
0.000520708
9.30543e-06
0
0
0
1682191827.30337
msg_begin
7.7577e+06
-363589
0.643961
0.00302705
0.00248133
0.000332673
0
0
0
1682191827.35328
msg_begin
7.7577e+06
-363589
0.642997
0.044358
0.0204012
0.00066096
0
0
0
1682191827.40317
msg_begin
7.7577e+06
-363588
0.641885
0.00308977
0.00588338
0.000166871
0
0
0
1682191827.45309
msg_begin
7.7577e+06
-363588
0.639375
0.0114937
0.00746544
0.000289952
0
0
0
1682191827.50307
msg_begin
7.7577e+06
-363588
0.639882
0.00163274
0.000293104
5.58942e-05
0
0
0
1682191827.55359
msg_begin
7.7577e+06
-363587
0.637783
0.000515192
0.000323452
3.43099e-05
0
0
0
1682191827.60304
msg_begin
7.7577e+06
-363587
0.639301
0.00264431
0.00645929
0.000403185
0
0
0
1682191827.65308
msg_begin
7.7577e+06
-363587
0.642404
0.00155072
1.66718e-05
0.000107546
0
0
0
1682191827.70313
msg_begin
7.7577e+06
-363587
0.64106
0.0152732
0.00710413
0.000757112
0
0
0
1682191827.75320
msg_begin
7.7577e+06
-363586
0.639506
1.76951e-08
1.33878e-09
6.66134e-16
0
0
0
1682191827.80346
msg_begin
7.7577e+06
-363586
0.635818
5.21541e-08
1.10595e-09
1.22125e-15
0
0
0
1682191827.85339
msg_begin
7.7577e+06
-363586
0.634767
0.00371876
0.0035199
5.22842e-05
0
0
0
1682191827.90346
msg_begin
7.7577e+06
-363585
0.634237
4.20156e-05
0.00194682
2.68204e-05
0
0
0
1682191827.95349
msg_begin
7.7577e+06
-363585
0.636095
0.000799661
0.000392753
4.68203e-05
0
0
0
1682191828.00348
msg_begin
7.7577e+06
-363585
0.634365
0.000608299
0.00152134
0.000102494
0
0
0
1682191828.05354
msg_begin
7.7577e+06
-363585
0.634895
9.71911e-05
6.97093e-05
1.73995e-05
0
0
0
1682191828.10364
msg_begin
7.7577e+06
-363584
0.633943
0.000807599
0.00180135
4.58267e-06
0
0
0
1682191828.15368
msg_begin
7.7577e+06
-363584
0.634935
0.0017808
0.00544393
0.000952405
0
0
0
1682191828.20425
msg_begin
7.7577e+06
-363584
0.633032
1.58325e-08
1.39698e-09
4.10783e-15
0
0
0
1682191828.25370
msg_begin
7.7577e+06
-363583
0.630502
0.0135907
0.00140938
0.000269544
0
0
0
1682191828.30369
msg_begin
7.7577e+06
-363583
0.632116
0.00137898
0.000297476
6.04282e-05
0
0
0
1682191828.35373
msg_begin
7.7577e+06
-363583
0.629772
0.000168632
0.00076315
6.26204e-05
0
0
0
1682191828.40380
msg_begin
7.7577e+06
-363583
0.626066
0.00809367
0.00612112
0.000349238
0
0
0
1682191828.45372
msg_begin
7.7577e+06
-363582
0.628072
0.00101583
0.00079316
4.5277e-05
0
0
0
1682191828.50368
msg_begin
7.7577e+06
-363582
0.628219
0.0211594
0.0187776
0.000789921
0
0
0
1682191828.55357
msg_begin
7.7577e+06
-363582
0.625964
0.00598905
0.0130025
0.00068641
0
0
0
1682191828.60347
msg_begin
7.75771e+06
-363581
0.625396
0.00377449
0.00379378
7.4244e-05
0
0
0
1682191828.65340
msg_begin
7.75771e+06
-363581
0.62403
0.00527722
0.00333368
0.000406819
0
0
0
1682191828.70326
msg_begin
7.75771e+06
-363581
0.620919
6.98492e-08
1.22236e-09
8.88178e-16
0
0
0
1682191828.75310
msg_begin
7.75771e+06
-363581
0.617901
0.00462197
0.0079406
0.000671775
0
0
0
1682191828.80305
msg_begin
7.75771e+06
-363580
0.617433
0.00471726
0.0018154
0.000129176
0
0
0
1682191828.85294
msg_begin
7.75771e+06
-363580
0.620824
7.45058e-08
9.8953e-10
3.10862e-15
0
0
0
1682191828.90289
msg_begin
7.75771e+06
-363580
0.619273
0.0162456
0.0058544
0.000377126
0
0
0
1682191828.95290
msg_begin
7.75771e+06
-363579
0.619197
4.74975e-08
2.09548e-09
3.33067e-16
0
0
0
1682191829.00285
msg_begin
7.75771e+06
-363579
0.620768
0.00897502
0.00870982
0.000404591
0
0
0
1682191829.05283
msg_begin
7.75771e+06
-363579
0.619899
0.00379292
0.00400114
0.000439129
0
0
0
1682191829.10287
msg_begin
7.75771e+06
-363579
0.620827
0.0101995
0.0128985
0.000489812
0
0
0
1682191829.15288
msg_begin
7.75771e+06
-363578
0.616956
0.0102362
0.00795095
0.000912934
0
0
0
1682191829.20290
msg_begin
7.75771e+06
-363578
0.619219
0.0118586
0.00247961
0.000436615
0
0
0
1682191829.25297
msg_begin
7.75771e+06
-363578
0.619817
3.44589e-08
2.79397e-09
3.33067e-16
0
0
0
1682191829.30288
msg_begin
7.75771e+06
-363578
0.620671
0.000336346
0.000812721
0.000107794
0
0
0
1682191829.35358
msg_begin
7.75771e+06
-363577
0.619393
0.000260595
0.000834758
3.51382e-05
0
0
0
1682191829.40290
msg_begin
7.75771e+06
-363577
0.619119
0.00366134
0.00901889
5.43183e-05
0
0
0
1682191829.45287
msg_begin
7.75771e+06
-363577
0.621326
0.00198685
0.00488627
0.000414075
0
0
0
1682191829.50290
msg_begin
7.75771e+06
-363576
0.623686
2.66593e-05
0.00164225
1.18912e-05
0
0
0
1682191829.55313
msg_begin
7.75771e+06
-363576
0.62258
0.00222881
0.000634836
0.000289302
0
0
0
1682191829.60293
msg_begin
7.75771e+06
-363576
0.623114
0.00234291
0.00161912
6.92862e-05
0
0
0
1682191829.65286
msg_begin
7.75771e+06
-363575
0.624794
0.00543804
0.00678133
0.00028795
0
0
0
1682191829.70291
msg_begin
7.75771e+06
-363575
0.626343
0.00279659
0.00155079
0.000152775
0
0
0
1682191829.75284
msg_begin
7.75771e+06
-363575
0.628851
0.00758428
0.00796236
0.000532984
0
0
0
1682191829.80281
msg_begin
7.75771e+06
-363575
0.630056
1.02445e-08
6.98492e-10
4.77396e-15
0
0
0
1682191829.85275
msg_begin
7.75771e+06
-363574
0.632154
0.000818086
0.000209906
6.92806e-05
0
0
0
1682191829.90278
msg_begin
7.75772e+06
-363574
0.632686
0.0110705
0.00104334
0.000219042
0
0
0
1682191829.95276
msg_begin
7.75772e+06
-363574
0.638658
5.58794e-09
3.43425e-09
3.33067e-16
0
0
0
1682191830.00281
msg_begin
7.75772e+06
-363573
0.640585
0.00038601
0.00153545
0.000115273
0
0
0
1682191830.05283
msg_begin
7.75772e+06
-363573
0.643398
0.00885224
0.00811008
0.000242831
0
0
0
1682191830.10282
msg_begin
7.75772e+06
-363573
0.639565
7.2256e-05
0.00149305
0.000224565
0
0
0
1682191830.15356
msg_begin
7.75772e+06
-363572
0.641114
0.00734704
0.00395237
0.000844242
0
0
0
1682191830.20276
msg_begin
7.75772e+06
-363572
0.645019
0.00110866
0.000171677
1.93752e-05
0
0
0
1682191830.25274
msg_begin
7.75772e+06
-363572
0.645248
9.31323e-10
2.32831e-09
4.44089e-16
0
0
0
1682191830.30270
msg_begin
7.75772e+06
-363572
0.645511
0.00731138
0.00390253
0.000189082
0
0
0
1682191830.35266
msg_begin
7.75772e+06
-363571
0.644504
0.000445383
0.000248292
5.63562e-05
0
0
0
1682191830.40261
msg_begin
7.75772e+06
-363571
0.645459
0.0166791
0.00177052
0.000663763
0
0
0
1682191830.45261
msg_begin
7.75772e+06
-363571
0.64947
0.0398092
0.0149946
0.00197215
0
0
0
1682191830.50256
msg_begin
7.75772e+06
-363570
0.646171
0.0269142
0.0281617
0.000723735
0
0
0
1682191830.55257
msg_begin
7.75772e+06
-363570
0.645992
0.00200923
0.000823887
6.20505e-05
0
0
0
1682191830.60252
msg_begin
7.75772e+06
-363570
0.648667
6.70552e-08
1.57161e-09
5.10703e-15
0
0
0
1682191830.65243
msg_begin
7.75772e+06
-363570
0.649457
0.00120637
0.000807948
0.000174842
0
0
0
1682191830.70241
msg_begin
7.75772e+06
-363569
0.651371
0.0122016
0.0110153
0.000270477
0
0
0
1682191830.75233
msg_begin
7.75772e+06
-363569
0.648185
0.000752316
0.000636746
5.84541e-05
0
0
0
1682191830.80232
msg_begin
7.75772e+06
-363569
0.651695
0.000857287
0.000726282
0.000162833
0
0
0
1682191830.85229
msg_begin
7.75772e+06
-363568
0.651343
0.0027726
0.00219626
9.9226e-06
0
0
0
1682191830.90221
msg_begin
7.75772e+06
-363568
0.653655
0.0297765
0.0222124
0.000288618
0
0
0
1682191830.95255
msg_begin
7.75772e+06
-363568
0.650535
0.0218864
0.0197724
0.000427443
0
0
0
1682191831.00220
msg_begin
7.75772e+06
-363568
0.648542
0.000228509
0.00108956
0.00021082
0
0
0
1682191831.05225
msg_begin
7.75772e+06
-363567
0.65085
5.7742e-08
2.38651e-09
4.44089e-15
0
0
0
1682191831.10230
msg_begin
7.75772e+06
-363567
0.65036
0.00112756
0.00149779
3.56236e-05
0
0
0
1682191831.15271
msg_begin
7.75772e+06
-363567
0.65217
0.0152482
0.0146086
0.000843328
0
0
0
1682191831.20249
msg_begin
7.75772e+06
-363566
0.651941
0.000899796
0.000621473
0.000308031
0
0
0
1682191831.25261
msg_begin
7.75773e+06
-363566
0.650611
0.0312687
0.0184619
0.00143669
0
0
0
1682191831.30270
msg_begin
7.75773e+06
-363566
0.650219
4.56348e-08
3.43425e-09
3.9968e-15
0
0
0
1682191831.35300
msg_begin
7.75773e+06
-363565
0.648816
0.0135096
0.0118246
0.0014354
0
0
0
1682191831.40287
msg_begin
7.75773e+06
-363565
0.648418
0.00602054
0.00598817
0.000931995
0
0
0
1682191831.45291
msg_begin
7.75773e+06
-363565
0.650404
0.033184
0.0285234
0.00277988
0
0
0
1682191831.50296
msg_begin
7.75773e+06
-363565
0.64863
0.00253671
0.000435798
3.20242e-05
0
0
0
1682191831.55355
msg_begin
7.75773e+06
-363564
0.649523
0.00775876
0.00127363
0.00031918
0
0
0
1682191831.60298
msg_begin
7.75773e+06
-363564
0.65176
0.0130859
0.00263907
0.00110511
0
0
0
1682191831.65299
msg_begin
7.75773e+06
-363564
0.651566
0.00278405
0.00545255
0.000483688
0
0
0
1682191831.70297
msg_begin
7.75773e+06
-363563
0.651368
0.00851223
0.00651009
0.000585004
0
0
0
1682191831.75282
msg_begin
7.75773e+06
-363563
0.654097
0.0188222
0.012982
0.00245444
0
0
0
1682191831.80282
msg_begin
7.75773e+06
-363563
0.653404
0.0290503
0.0115401
0.00130692
0
0
0
1682191831.85268
msg_begin
7.75773e+06
-363563
0.656737
0.0041998
0.00470255
0.000654795
0
0
0
1682191831.90261
msg_begin
7.75773e+06
-363562
0.654853
0.00617521
0.0138661
0.00129569
0
0
0
1682191831.95257
msg_begin
7.75773e+06
-363562
0.654379
0.000373214
0.000789442
2.97564e-05
0
0
0
1682191832.00249
msg_begin
7.75773e+06
-363562
0.657129
0.000911777
0.000890957
0.000137679
0
0
0
1682191832.05254
msg_begin
7.75773e+06
-363561
0.657728
0.00313352
0.00424025
7.29473e-05
0
0
0
1682191832.10253
msg_begin
7.75773e+06
-363561
0.656281
8.28877e-08
2.91038e-10
1.11022e-16
0
0
0
1682191832.15254
msg_begin
7.75773e+06
-363561
0.657739
0.00236132
0.000713939
9.43025e-05
0
0
0
1682191832.20266
msg_begin
7.75773e+06
-363561
0.653577
9.31323e-09
2.15368e-09
9.99201e-16
0
0
0
1682191832.25270
msg_begin
7.75773e+06
-363560
0.650615
1.02445e-08
4.07454e-10
4.32987e-15
0
0
0
1682191832.30269
msg_begin
7.75773e+06
-363560
0.650139
0.0124438
0.0100671
0.00068241
0
0
0
1682191832.35281
msg_begin
7.75773e+06
-363560
0.652462
0.00280371
0.00359386
0.000211755
0
0
0
1682191832.40269
msg_begin
7.75773e+06
-363559
0.650229
0.0166592
0.00817357
0.000295049
0
0
0
1682191832.45269
msg_begin
7.75773e+06
-363559
0.650926
0.0015648
0.000294539
9.36592e-05
0
0
0
1682191832.50270
msg_begin
7.75773e+06
-363559
0.652695
0.00620716
0.00305706
0.000143078
0
0
0
1682191832.55266
msg_begin
7.75773e+06
-363559
0.649103
0.00735344
0.00461637
0.000603016
0
0
0
1682191832.60267
msg_begin
7.75774e+06
-363558
0.647086
0.0109673
0.00730069
0.000860235
0
0
0
1682191832.65269
msg_begin
7.75774e+06
-363558
0.644449
5.96046e-08
2.21189e-09
3.88578e-15
0
0
0
1682191832.70270
msg_begin
7.75774e+06
-363558
0.64565
0.0128237
0.00402396
0.00059575
0
0
0
1682191832.75264
msg_begin
7.75774e+06
-363557
0.644733
0.0200245
0.00216844
0.000239145
0
0
0
1682191832.80267
msg_begin
7.75774e+06
-363557
0.644565
0.0127616
0.0102414
0.00101912
0
0
0
1682191832.85266
msg_begin
7.75774e+06
-363557
0.644981
0.000336216
0.00154484
0.000126307
0
0
0
1682191832.90265
msg_begin
7.75774e+06
-363556
0.642555
9.31323e-10
3.49246e-10
1.66533e-15
0
0
0
1682191832.95277
msg_begin
7.75774e+06
-363556
0.645111
0.00549751
0.00306226
0.000285705
0
0
0
1682191833.00260
msg_begin
7.75774e+06
-363556
0.642851
0.0187099
0.00927469
0.00047698
0
0
0
1682191833.05251
msg_begin
7.75774e+06
-363556
0.644351
6.79865e-08
9.31323e-10
9.99201e-16
0
0
0
1682191833.10247
msg_begin
7.75774e+06
-363555
0.645354
8.19564e-08
1.5134e-09
1.33227e-15
0
0
0
1682191833.15271
msg_begin
7.75774e+06
-363555
0.644116
0.0245126
0.0144372
0.000700921
0
0
0
1682191833.20244
msg_begin
7.75774e+06
-363555
0.644541
0.0042623
0.00251314
2.61015e-05
0
0
0
1682191833.25237
msg_begin
7.75774e+06
-363555
0.644377
0.00490332
0.0133236
0.000295294
0
0
0
1682191833.30235
msg_begin
7.75774e+06
-363554
0.643817
0.0166332
0.00643483
0.00064824
0
0
0
1682191833.35268
msg_begin
7.75774e+06
-363554
0.642107
0.00165234
0.00254855
5.79134e-05
0
0
0
1682191833.40244
msg_begin
7.75774e+06
-363554
0.642511
0.00294464
0.00230426
0.000165912
0
0
0
1682191833.45243
msg_begin
7.75774e+06
-363553
0.640161
0.00250106
0.00143145
0.00039586
0
0
0
1682191833.50244
msg_begin
7.75774e+06
-363553
0.639882
0.0030675
0.00775359
0.000209414
0
0
0
1682191833.55262
msg_begin
7.75774e+06
-363553
0.641561
0.0126817
0.0128143
0.00109188
0
0
0
1682191833.60248
msg_begin
7.75774e+06
-363553
0.64284
1.30385e-08
4.07454e-10
1.33227e-15
0
0
0
1682191833.65244
msg_begin
7.75774e+06
-363552
0.642877
0.0106732
0.0177059
0.000500844
0
0
0
1682191833.70244
msg_begin
7.75774e+06
-363552
0.641911
0.0155047
0.00139638
8.30986e-05
0
0
0
1682191833.75247
msg_begin
7.75774e+06
-363552
0.63902
4.65661e-08
2.56114e-09
4.32987e-15
0
0
0
1682191833.80248
msg_begin
7.75774e+06
-363551
0.639689
0.00167592
0.0129982
0.000141001
0
0
0
1682191833.85245
msg_begin
7.75774e+06
-363551
0.63935
0.0128946
0.00451481
0.00187473
0
0
0
1682191833.90246
msg_begin
7.75774e+06
-363551
0.637202
0.0035243
0.00660143
0.000288789
0
0
0
1682191833.95245
msg_begin
7.75775e+06
-363551
0.639168
0.00324968
0.00419757
0.000187291
0
0
0
1682191834.00244
msg_begin
7.75775e+06
-363550
0.638823
6.0536e-08
2.67755e-09
5.88418e-15
0
0
0
1682191834.05246
msg_begin
7.75775e+06
-363550
0.639972
0.000928906
0.000710823
0.000160354
0
0
0
1682191834.10248
msg_begin
7.75775e+06
-363550
0.638368
0.0216303
0.0237303
0.000548522
0
0
0
1682191834.15253
msg_begin
7.75775e+06
-363549
0.639003
7.45058e-08
5.82077e-10
1.66533e-15
0
0
0
1682191834.20253
msg_begin
7.75775e+06
-363549
0.636623
0.00551963
0.00550247
0.000327696
0
0
0
1682191834.25255
msg_begin
7.75775e+06
-363549
0.638232
1.95578e-08
2.09548e-09
4.44089e-16
0
0
0
1682191834.30259
msg_begin
7.75775e+06
-363549
0.638284
0.00199149
0.00164443
0.000360401
0
0
0
1682191834.35264
msg_begin
7.75775e+06
-363548
0.639118
0.0260597
0.0168484
0.000916571
0
0
0
1682191834.40267
msg_begin
7.75775e+06
-363548
0.641817
2.23517e-08
9.8953e-10
2.10942e-15
0
0
0
1682191834.45266
msg_begin
7.75775e+06
-363548
0.642156
0.0511667
0.034154
0.000607653
0
0
0
1682191834.50272
msg_begin
7.75775e+06
-363547
0.642297
0.00147317
0.00208639
0.000115578
0
0
0
1682191834.55329
msg_begin
7.75775e+06
-363547
0.643524
0.0119227
0.0100903
0.000349995
0
0
0
1682191834.60277
msg_begin
7.75775e+06
-363547
0.643578
0.00554911
0.00696165
0.000339379
0
0
0
1682191834.65272
msg_begin
7.75775e+06
-363547
0.641392
0.00169856
0.00249972
0.000265118
0
0
0
1682191834.70271
msg_begin
7.75775e+06
-363546
0.639463
0.00345509
0.0060957
0.00074774
0
0
0
1682191834.75271
msg_begin
7.75775e+06
-363546
0.641161
0.00666081
0.00300614
0.000754575
0
0
0
1682191834.80271
msg_begin
7.75775e+06
-363546
0.63881
1.95578e-08
5.23869e-10
3.55271e-15
0
0
0
1682191834.85270
msg_begin
7.75775e+06
-363546
0.637139
0.000523801
0.000426685
8.24819e-05
0
0
0
1682191834.90262
msg_begin
7.75775e+06
-363545
0.638097
0.00269657
0.00936763
0.000364016
0
0
0
1682191834.95275
msg_begin
7.75775e+06
-363545
0.639137
0.0111537
0.00870991
0.00104036
0
0
0
1682191835.00266
msg_begin
7.75775e+06
-363545
0.638763
0.0111254
0.00928526
0.00188185
0
0
0
1682191835.05265
msg_begin
7.75775e+06
-363544
0.638316
0.00534131
0.00214601
0.000341021
0
0
0
1682191835.10266
msg_begin
7.75775e+06
-363544
0.636956
0.0121383
0.00663764
0.000666867
0
0
0
1682191835.15290
msg_begin
7.75775e+06
-363544
0.637561
0.000701356
0.000561526
2.69331e-05
0
0
0
1682191835.20258
msg_begin
7.75775e+06
-363544
0.637611
0.0193224
0.0117814
0.00023109
0
0
0
1682191835.25257
msg_begin
7.75775e+06
-363543
0.638125
0.00956369
0.00113077
0.000263788
0
0
0
1682191835.30251
msg_begin
7.75775e+06
-363543
0.636919
0.00328703
0.00158033
0.000226888
0
0
0
1682191835.35296
msg_begin
7.75776e+06
-363543
0.635241
0.00169602
0.00137335
0.000169808
0
0
0
1682191835.40250
msg_begin
7.75776e+06
-363543
0.640243
0.0100706
0.0118957
0.00125003
0
0
0
1682191835.45254
msg_begin
7.75776e+06
-363542
0.636798
0.00406237
0.00127527
9.77148e-05
0
0
0
1682191835.50278
msg_begin
7.75776e+06
-363542
0.63436
0.015306
0.0140865
0.000475471
0
0
0
1682191835.55294
msg_begin
7.75776e+06
-363542
0.637176
0.0276703
0.0256222
0.000655732
0
0
0
1682191835.60257
msg_begin
7.75776e+06
-363542
0.637469
0.00391059
0.00264508
0.000236219
0
0
0
1682191835.65256
msg_begin
7.75776e+06
-363541
0.636927
0.000902511
0.00109949
0.000165571
0
0
0
1682191835.70364
msg_begin
7.75776e+06
-363541
0.63788
0.00777549
0.00240782
0.000952882
0
0
0
1682191835.75255
msg_begin
7.75776e+06
-363541
0.637726
0.0124101
0.00474192
0.00037609
0
0
0
1682191835.80250
msg_begin
7.75776e+06
-363541
0.638063
0.00404801
0.00375904
0.000187732
0
0
0
1682191835.85250
msg_begin
7.75776e+06
-363540
0.635843
0.0058633
0.00486038
0.000781558
0
0
0
1682191835.90253
msg_begin
7.75776e+06
-363540
0.63799
0.00300279
0.00223239
0.000390062
0
0
0
1682191835.95252
msg_begin
7.75776e+06
-363540
0.636559
0.010759
0.0045561
0.000485063
0
0
0
1682191836.00250
msg_begin
7.75776e+06
-363540
0.639525
0.0167414
0.00977092
0.00181718
0
0
0
1682191836.05237
msg_begin
7.75776e+06
-363539
0.637511
0.00764354
0.00803008
0.000904941
0
0
0
1682191836.10234
msg_begin
7.75776e+06
-363539
0.637541
0.0124
0.0034743
0.000927907
0
0
0
1682191836.15234
msg_begin
7.75776e+06
-363539
0.637062
0.0086173
0.00506208
0.000239719
0
0
0
1682191836.20228
msg_begin
7.75776e+06
-363539
0.635595
0.00247916
0.00487076
0.000320236
0
0
0
1682191836.25231
msg_begin
7.75776e+06
-363538
0.635503
0.00756369
0.00232833
0.000211871
0
0
0
1682191836.30223
msg_begin
7.75776e+06
-363538
0.636807
0.0164226
0.0085415
0.000680392
0
0
0
1682191836.35231
msg_begin
7.75776e+06
-363538
0.637032
0.0105343
0.00336655
0.000134797
0
0
0
1682191836.40239
msg_begin
7.75776e+06
-363538
0.637153
0.0116702
0.00276803
0.000919765
0
0
0
1682191836.45238
msg_begin
7.75776e+06
-363537
0.63457
0.00447304
0.0106718
0.000632175
0
0
0
1682191836.50243
msg_begin
7.75776e+06
-363537
0.63289
0.0066534
0.00117
0.000591262
0
0
0
1682191836.55256
msg_begin
7.75776e+06
-363537
0.635685
0.015501
0.0100305
0.000407445
0
0
0
1682191836.60252
msg_begin
7.75776e+06
-363537
0.634946
0.000653341
0.00240077
0.000226655
0
0
0
1682191836.65256
msg_begin
7.75776e+06
-363536
0.632939
0.00596777
0.00433356
0.00078472
0
0
0
1682191836.70250
msg_begin
7.75776e+06
-363536
0.635944
0.0136208
0.00990766
0.00101741
0
0
0
1682191836.75255
msg_begin
7.75776e+06
-363536
0.633581
0.00890056
0.00770859
0.00083591
0
0
0
1682191836.80257
msg_begin
7.75776e+06
-363536
0.632107
0.00761571
0.00464779
0.000215582
0
0
0
1682191836.85262
msg_begin
7.75777e+06
-363535
0.630167
0.0122848
0.0113289
0.00131364
0
0
0
1682191836.90290
msg_begin
7.75777e+06
-363535
0.629047
0.0131167
0.00755058
0.000726751
0
0
0
1682191836.95293
msg_begin
7.75777e+06
-363535
0.630141
0.000893687
1.39678e-05
7.87032e-05
0
0
0
1682191837.00282
msg_begin
7.75777e+06
-363535
0.630148
0.00462031
0.00104153
0.000278827
0
0
0
1682191837.05281
msg_begin
7.75777e+06
-363534
0.63154
0.016204
0.00923162
0.00294159
0
0
0
1682191837.10340
msg_begin
7.75777e+06
-363534
0.626496
1.49012e-08
5.23869e-10
1.88738e-15
0
0
0
1682191837.15345
msg_begin
7.75777e+06
-363534
0.626359
0.00802804
0.00145096
0.000431033
0
0
0
1682191837.20286
msg_begin
7.75777e+06
-363534
0.623604
0.00423182
0.00461116
0.000547855
0
0
0
1682191837.25287
msg_begin
7.75777e+06
-363534
0.619629
0.0114829
0.00752768
0.00125563
0
0
0
1682191837.30339
msg_begin
7.75777e+06
-363533
0.617956
0.0104044
0.00634498
0.000726107
0
0
0
1682191837.35319
msg_begin
7.75777e+06
-363533
0.616447
0.00321267
0.00516206
0.000387366
0
0
0
1682191837.40271
msg_begin
7.75777e+06
-363533
0.612526
0.015048
0.00608464
0.000712759
0
0
0
1682191837.45267
msg_begin
7.75777e+06
-363533
0.607836
0.0130003
0.0103846
0.00142303
0
0
0
1682191837.50273
msg_begin
7.75777e+06
-363532
0.601753
0.00734295
0.00396739
0.000647762
0
0
0
1682191837.55275
msg_begin
7.75777e+06
-363532
0.601641
0.00180553
0.000683588
4.57968e-07
0
0
0
1682191837.60233
msg_begin
7.75777e+06
-363532
0.598351
0.0112946
0.0144776
0.00238614
0
0
0
1682191837.65221
msg_begin
7.75777e+06
-363532
0.589889
0.00338487
0.00387112
0.00028921
0
0
0
1682191837.70299
msg_begin
7.75777e+06
-363531
0.587172
0.00366377
0.00290782
0.000486597
0
0
0
1682191837.75192
msg_begin
7.75777e+06
-363531
0.582948
9.12696e-08
8.73115e-10
2.88658e-15
0
0
0
1682191837.80191
msg_begin
7.75777e+06
-363531
0.577932
0.00162808
0.00115622
0.00015572
0
0
0
1682191837.85180
msg_begin
7.75777e+06
-363531
0.569649
0.00498559
0.00972015
0.000606161
0
0
0
1682191837.90177
msg_begin
7.75777e+06
-363531
0.562711
0.00373895
0.00347947
0.000314393
0
0
0
1682191837.95171
msg_begin
7.75777e+06
-363530
0.562276
0.000623394
0.000840574
8.79871e-05
0
0
0
1682191838.00186
msg_begin
7.75777e+06
-363530
0.553767
0.0128826
0.0136193
0.00092257
0
0
0
1682191838.05182
msg_begin
7.75777e+06
-363530
0.546118
0.00324008
0.00625591
0.000409995
0
0
0
1682191838.10179
msg_begin
7.75777e+06
-363530
0.542559
0.000291215
0.00719159
0.000236278
0
0
0
1682191838.15181
msg_begin
7.75777e+06
-363530
0.533689
0.000255423
0.00323018
0.000188727
0
0
0
1682191838.20185
msg_begin
7.75777e+06
-363529
0.525303
3.91155e-08
5.82077e-11
1.77636e-15
0
0
0
1682191838.25178
msg_begin
7.75777e+06
-363529
0.526654
1.11759e-08
2.50293e-09
5.10703e-15
0
0
0
1682191838.30185
msg_begin
7.75777e+06
-363529
0.521578
0.000901579
0.000328445
0.000139328
0
0
0
1682191838.35178
msg_begin
7.75777e+06
-363529
0.513481
0.00178787
0.000284349
9.67288e-05
0
0
0
1682191838.40186
msg_begin
7.75777e+06
-363529
0.502174
0.00685839
0.00823403
0.000399854
0
0
0
1682191838.45181
msg_begin
7.75778e+06
-363528
0.494755
0.000166891
0.000325173
2.68686e-06
0
0
0
1682191838.50181
msg_begin
7.75778e+06
-363528
0.486563
0.00167473
0.00348282
0.000102923
0
0
0
1682191838.55183
msg_begin
7.75778e+06
-363528
0.478928
0.0196854
0.00800025
0.00122296
0
0
0
1682191838.60176
msg_begin
7.75778e+06
-363528
0.471157
1.21072e-08
4.65661e-10
1.11022e-15
0
0
0
1682191838.65175
msg_begin
7.75778e+06
-363528
0.462027
0.00399659
0.0138734
0.00018285
0
0
0
1682191838.70163
msg_begin
7.75778e+06
-363527
0.452685
0.00603903
0.00244219
0.000339965
0
0
0
1682191838.75160
msg_begin
7.75778e+06
-363527
0.448767
0.00583535
0.00169347
0.00125279
0
0
0
1682191838.80152
msg_begin
7.75778e+06
-363527
0.440403
0.00232624
0.000997041
2.1549e-05
0
0
0
1682191838.85143
msg_begin
7.75778e+06
-363527
0.432023
0.0110192
0.0127134
0.00227317
0
0
0
1682191838.90207
msg_begin
7.75778e+06
-363527
0.419661
0.00190863
0.00804493
0.000182616
0
0
0
1682191838.95130
msg_begin
7.75778e+06
-363527
0.411709
0.00048726
0.000567638
0.00010547
0
0
0
1682191839.00127
msg_begin
7.75778e+06
-363526
0.40775
0.0229362
0.00442728
0.00108545
0
0
0
1682191839.05118
msg_begin
7.75778e+06
-363526
0.39964
0.01738
0.0041175
0.000240869
0
0
0
1682191839.10121
msg_begin
7.75778e+06
-363526
0.390943
0.0158831
0.00415779
0.00109609
0
0
0
1682191839.15120
msg_begin
7.75778e+06
-363526
0.381205
0.0200991
0.00575484
0.00065254
0
0
0
1682191839.20116
msg_begin
7.75778e+06
-363526
0.371193
0.00272972
7.21125e-05
9.02487e-05
0
0
0
1682191839.25120
msg_begin
7.75778e+06
-363526
0.361458
0.00210869
0.000101365
3.21188e-05
0
0
0
1682191839.30127
msg_begin
7.75778e+06
-363526
0.352954
8.9407e-08
1.68802e-09
2.22045e-15
0
0
0
1682191839.35149
msg_begin
7.75778e+06
-363525
0.346167
7.26432e-08
1.04774e-09
1.77636e-15
0
0
0
1682191839.40141
msg_begin
7.75778e+06
-363525
0.338086
0.00724261
0.00762349
0.000542829
0
0
0
1682191839.45139
msg_begin
7.75778e+06
-363525
0.329332
0.0104732
0.00302746
0.00140521
0
0
0
1682191839.50141
msg_begin
7.75778e+06
-363525
0.317809
0.00071611
0.000142463
0.000146296
0
0
0
1682191839.55137
msg_begin
7.75778e+06
-363525
0.311447
0.00362347
0.00161825
0.000196976
0
0
0
1682191839.60139
msg_begin
7.75778e+06
-363525
0.302912
0.0044237
0.00339836
1.33586e-05
0
0
0
1682191839.65135
msg_begin
7.75778e+06
-363525
0.296159
0.00109637
0.00131939
0.000109035
0
0
0
1682191839.70138
msg_begin
7.75778e+06
-363524
0.284664
0.00931757
0.00452542
0.0010182
0
0
0
1682191839.75135
msg_begin
7.75778e+06
-363524
0.276666
9.40636e-08
2.56114e-09
1.22125e-15
0
0
0
1682191839.80132
msg_begin
7.75778e+06
-363524
0.271529
5.4948e-08
3.7835e-09
7.21645e-16
0
0
0
1682191839.85127
msg_begin
7.75779e+06
-363524
0.259936
0.00446502
0.000943753
9.89509e-05
0
0
0
1682191839.90131
msg_begin
7.75779e+06
-363524
0.252513
0.00854878
0.00323951
0.000151858
0
0
0
1682191839.95134
msg_begin
7.75779e+06
-363524
0.237674
0.014978
0.00201831
0.000613667
0
0
0
1682191840.00127
msg_begin
7.75779e+06
-363524
0.227189
4.37722e-08
1.92085e-09
2.16493e-15
0
0
0
1682191840.05125
msg_begin
7.75779e+06
-363524
0.222728
0.00247942
0.00239113
0.000828212
0
0
0
1682191840.10114
msg_begin
7.75779e+06
-363524
0.210103
0.00571039
0.00786497
0.000248333
0
0
0
1682191840.15162
msg_begin
7.75779e+06
-363524
0.204838
1.21072e-08
3.49246e-10
7.21645e-16
0
0
0
1682191840.20106
msg_begin
7.75779e+06
-363523
0.19213
7.26432e-08
3.08501e-09
2.77556e-17
0
0
0
1682191840.25104
msg_begin
7.75779e+06
-363523
0.182024
0.00658248
0.00407721
0.000781049
0
0
0
1682191840.30177
msg_begin
7.75779e+06
-363523
0.174582
0.0037761
0.00110063
9.91381e-05
0
0
0
1682191840.35099
msg_begin
7.75779e+06
-363523
0.163108
0.00939197
0.00565892
0.000450188
0
0
0
1682191840.40100
msg_begin
7.75779e+06
-363523
0.153319
0.0555537
0.00155773
0.00274374
0
0
0
1682191840.45098
msg_begin
7.75779e+06
-363523
0.144929
0.0173203
0.00433493
0.000483221
0
0
0
1682191840.50202
msg_begin
7.75779e+06
-363523
0.1359
5.86733e-08
2.91038e-10
7.77156e-16
0
0
0
1682191840.55139
msg_begin
7.75779e+06
-363523
0.12633
0.00844828
0.00441015
0.000412648
0
0
0
1682191840.60110
msg_begin
7.75779e+06
-363523
0.12111
0.00397509
0.000796206
0.000399717
0
0
0
1682191840.65106
msg_begin
7.75779e+06
-363523
0.110244
0.000342071
0.000305024
2.75583e-05
0
0
0
1682191840.70119
msg_begin
7.75779e+06
-363523
0.0960243
0.00445703
0.00478009
0.000176953
0
0
0
1682191840.75111
msg_begin
7.75779e+06
-363523
0.0896179
0.0054843
0.00201826
0.000262037
0
0
0
1682191840.80108
msg_begin
7.75779e+06
-363523
0.0832577
0.0108238
0.00638725
0.00412746
0
0
0
1682191840.85120
msg_begin
7.75779e+06
-363523
0.0753073
0.00279948
0.000139365
0.000120854
0
0
0
1682191840.90103
msg_begin
7.75779e+06
-363523
0.061247
0.0109357
0.00236183
0.000580509
0
0
0
1682191840.95140
msg_begin
7.75779e+06
-363523
0.0537078
4.41471e-07
0.000103579
0.000191139
0
0
0
1682191841.00084
msg_begin
7.75779e+06
-363523
0.044446
5.4948e-08
2.38651e-09
3.19189e-16
0
0
0
1682191841.05080
msg_begin
7.75779e+06
-363523
0.0329723
0.00398733
0.0144813
0.000567572
0
0
0
1682191841.10080
msg_begin
7.7578e+06
-363523
0.0270178
0.00552734
0.00120629
5.74897e-05
0
0
0
1682191841.15068
msg_begin
7.7578e+06
-363523
0.0153815
0.0200977
0.00894417
0.00057654
0
0
0
1682191841.20063
msg_begin
7.7578e+06
-363523
0.00550933
8.47504e-08
6.98492e-10
6.93889e-18
0
0
0
1682191841.25059
msg_begin
7.7578e+06
-363523
-0.00769543
0.000578262
0.00123514
0.000225234
0
0
0
1682191841.30054
msg_begin
7.7578e+06
-363523
-0.0124969
0.00447041
0.000356529
5.69084e-05
0
0
0
1682191841.35165
msg_begin
7.7578e+06
-363522
-0.023415
0.00926356
0.00519214
0.000223566
0
0
0
1682191841.40056
msg_begin
7.7578e+06
-363522
-0.0304626
0.00327599
0.00182626
0.000154181
0
0
0
1682191841.45058
msg_begin
7.7578e+06
-363522
-0.0399048
0.000574926
0.000124036
4.39292e-05
0
0
0
1682191841.50059
msg_begin
7.7578e+06
-363522
-0.0484523
5.30854e-08
1.33878e-09
5.27356e-16
0
0
0
1682191841.55072
msg_begin
7.7578e+06
-363522
-0.0541442
0.000937074
0.000109123
0.000104784
0
0
0
1682191841.60068
msg_begin
7.7578e+06
-363523
-0.0615698
0.00217763
0.000361335
0.000187563
0
0
0
1682191841.65077
msg_begin
7.7578e+06
-363523
-0.0685265
6.51926e-09
2.32831e-10
2.22045e-16
0
0
0
1682191841.70078
msg_begin
7.7578e+06
-363523
-0.0777443
0.0073466
0.000723893
0.00088987
0
0
0
1682191841.75079
msg_begin
7.7578e+06
-363523
-0.0848029
5.96046e-08
6.40284e-10
5.55112e-17
0
0
0
1682191841.80081
msg_begin
7.7578e+06
-363523
-0.0923375
0.00118539
0.000508898
0.000187828
0
0
0
1682191841.85078
msg_begin
7.7578e+06
-363523
-0.103017
8.00937e-08
4.65661e-10
6.66134e-16
0
0
0
1682191841.90072
msg_begin
7.7578e+06
-363523
-0.104997
6.51926e-08
4.13274e-09
1.31839e-15
0
0
0
1682191841.95092
msg_begin
7.7578e+06
-363523
-0.113809
0.0050575
0.00366713
0.000499555
0
0
0
1682191842.00063
msg_begin
7.7578e+06
-363523
-0.119883
0.00394409
0.00849846
0.000302213
0
0
0
1682191842.05057
msg_begin
7.7578e+06
-363523
-0.127446
6.51926e-08
5.23869e-10
3.88578e-16
0
0
0
1682191842.10095
msg_begin
7.7578e+06
-363523
-0.136631
0.00608225
0.0016493
0.000476034
0
0
0
1682191842.15052
msg_begin
7.7578e+06
-363523
-0.140957
0.00520639
0.00471885
0.000464974
0
0
0
1682191842.20047
msg_begin
7.7578e+06
-363523
-0.150086
9.31323e-10
2.15368e-09
9.15934e-16
0
0
0
1682191842.25037
msg_begin
7.7578e+06
-363523
-0.157245
8.3819e-09
8.73115e-10
1.22125e-15
0
0
0
1682191842.30036
msg_begin
7.7578e+06
-363523
-0.166203
0.000549027
0.00470136
0.000444418
0
0
0
1682191842.35067
msg_begin
7.75781e+06
-363523
-0.172835
0.0102621
0.000669269
0.000348614
0
0
0
1682191842.40042
msg_begin
7.75781e+06
-363523
-0.178755
0.0100071
0.0129815
0.00036492
0
0
0
1682191842.45039
msg_begin
7.75781e+06
-363523
-0.185306
0.00636753
0.001923
0.000735856
0
0
0
1682191842.50116
msg_begin
7.75781e+06
-363523
-0.191715
8.00937e-08
2.32831e-10
1.44329e-15
0
0
0
1682191842.55059
msg_begin
7.75781e+06
-363523
-0.202193
0.00926906
0.00155158
0.000753088
0
0
0
1682191842.60024
msg_begin
7.75781e+06
-363523
-0.210115
0.00150273
0.00058396
0.000353234
0
0
0
1682191842.65025
msg_begin
7.75781e+06
-363523
-0.212625
0.00302997
0.00169004
1.50192e-06
0
0
0
1682191842.70048
msg_begin
7.75781e+06
-363524
-0.22072
0.00362335
0.00135908
0.000425216
0
0
0
1682191842.75025
msg_begin
7.75781e+06
-363524
-0.2236
0.00455783
0.00410159
0.000505098
0
0
0
1682191842.80015
msg_begin
7.75781e+06
-363524
-0.226075
0.00643711
0.00376719
0.00046248
0
0
0
1682191842.85005
msg_begin
7.75781e+06
-363524
-0.238627
7.45058e-09
2.56114e-09
2.47025e-15
0
0
0
1682191842.90020
msg_begin
7.75781e+06
-363524
-0.246605
0.0119964
0.00321729
5.49206e-06
0
0
0
1682191842.95013
msg_begin
7.75781e+06
-363524
-0.257799
0.0580847
0.0113072
0.00196633
0
0
0
1682191843.00011
msg_begin
7.75781e+06
-363524
-0.265367
9.31323e-08
4.07454e-10
5.55112e-17
0
0
0
1682191843.05012
msg_begin
7.75781e+06
-363524
-0.278748
0.00963512
0.00263564
0.000554013
0
0
0
1682191843.10010
msg_begin
7.75781e+06
-363524
-0.288464
0.0140221
0.00823129
0.000247573
0
0
0
1682191843.15023
msg_begin
7.75781e+06
-363524
-0.293733
5.7742e-08
5.23869e-10
1.44329e-15
0
0
0
1682191843.20019
msg_begin
7.75781e+06
-363525
-0.300558
0.0194305
0.00552447
0.000494333
0
0
0
1682191843.25020
msg_begin
7.75781e+06
-363525
-0.307365
0.00448629
0.000816843
0.000208414
0
0
0
1682191843.30023
msg_begin
7.75781e+06
-363525
-0.313
0.00251598
0.000889916
0.000107219
0
0
0
1682191843.35149
msg_begin
7.75781e+06
-363525
-0.322774
0.000244711
0.00137058
1.97753e-05
0
0
0
1682191843.40027
msg_begin
7.75781e+06
-363525
-0.33168
0.00209857
0.00318128
7.7588e-05
0
0
0
1682191843.45037
msg_begin
7.75781e+06
-363525
-0.342543
0.00405137
0.000755584
9.20856e-05
0
0
0
1682191843.50035
msg_begin
7.75782e+06
-363525
-0.353011
0.0213856
0.00208808
0.000388648
0
0
0
1682191843.55041
msg_begin
7.75782e+06
-363525
-0.361876
0.000975587
0.000399653
6.80881e-05
0
0
0
1682191843.60040
msg_begin
7.75782e+06
-363526
-0.36829
9.31323e-09
9.31323e-10
3.44169e-15
0
0
0
1682191843.65038
msg_begin
7.75782e+06
-363526
-0.382725
0.0131746
0.00238402
0.000517444
0
0
0
1682191843.70034
msg_begin
7.75782e+06
-363526
-0.39249
0.0081796
0.00542973
0.000658222
0
0
0
1682191843.75032
msg_begin
7.75782e+06
-363526
-0.40251
0.0080142
0.0024674
0.000313244
0
0
0
1682191843.80033
msg_begin
7.75782e+06
-363526
-0.409847
0.00538089
0.00535041
0.00051618
0
0
0
1682191843.85032
msg_begin
7.75782e+06
-363526
-0.423169
0.00283486
0.00162806
0.000541404
0
0
0
1682191843.90027
msg_begin
7.75782e+06
-363527
-0.432659
0.0183587
0.00818641
0.000668823
0
0
0
1682191843.95063
msg_begin
7.75782e+06
-363527
-0.442211
0.00535427
0.00677412
0.000782929
0
0
0
1682191844.00033
msg_begin
7.75782e+06
-363527
-0.451721
0.0195029
0.00999272
0.000286703
0
0
0
1682191844.05026
msg_begin
7.75782e+06
-363527
-0.460269
0.0136466
0.00545482
0.000463309
0
0
0
1682191844.10027
msg_begin
7.75782e+06
-363527
-0.4711
0.00175301
0.000317926
5.33558e-05
0
0
0
1682191844.15054
msg_begin
7.75782e+06
-363528
-0.479812
0.0180377
0.00992956
0.00210857
0
0
0
1682191844.20030
msg_begin
7.75782e+06
-363528
-0.490047
0.00444617
0.00461835
0.000405373
0
0
0
1682191844.25031
msg_begin
7.75782e+06
-363528
-0.500513
0.00107299
0.00421725
0.000338018
0
0
0
1682191844.30028
msg_begin
7.75782e+06
-363528
-0.511496
0.00326661
0.00102858
0.000167672
0
0
0
1682191844.35031
msg_begin
7.75782e+06
-363528
-0.52242
3.63216e-08
1.86265e-09
3.66374e-15
0
0
0
1682191844.40027
msg_begin
7.75782e+06
-363529
-0.532338
0.00746625
0.0142864
0.000431364
0
0
0
1682191844.45026
msg_begin
7.75782e+06
-363529
-0.539455
0.00384723
0.00375671
0.000162643
0
0
0
1682191844.50023
msg_begin
7.75782e+06
-363529
-0.552187
0.0122322
0.00998673
0.000381969
0
0
0
1682191844.55018
msg_begin
7.75782e+06
-363529
-0.562984
0.000253589
0.000583091
0.000308439
0
0
0
1682191844.60017
msg_begin
7.75782e+06
-363530
-0.571613
9.31323e-08
5.23869e-10
7.77156e-16
0
0
0
1682191844.65018
msg_begin
7.75782e+06
-363530
-0.583255
0.00049602
0.000600129
0.000303489
0
0
0
1682191844.70013
msg_begin
7.75782e+06
-363530
-0.591414
0.0221629
0.0112139
0.000674559
0
0
0
1682191844.75010
msg_begin
7.75783e+06
-363530
-0.600245
2.51457e-08
3.43425e-09
1.11022e-15
0
0
0
1682191844.80009
msg_begin
7.75783e+06
-363531
-0.610733
0.00735718
0.00961327
0.000202345
0
0
0
1682191844.85006
msg_begin
7.75783e+06
-363531
-0.622438
0.00167403
0.00140428
0.00013692
0
0
0
1682191844.90006
msg_begin
7.75783e+06
-363531
-0.630712
6.28179e-05
0.000504369
8.12956e-06
0
0
0
1682191844.95010
msg_begin
7.75783e+06
-363531
-0.641475
0.00579262
0.00390173
0.00063327
0
0
0
1682191845.00011
msg_begin
7.75783e+06
-363532
-0.652305
0.00388853
0.00202117
0.000250745
0
0
0
1682191845.05007
msg_begin
7.75783e+06
-363532
-0.663896
7.45058e-08
9.31323e-10
2.9976e-15
0
0
0
1682191845.10004
msg_begin
7.75783e+06
-363532
-0.669925
0.00889487
0.00691745
0.00104058
0
0
0
1682191845.15004
msg_begin
7.75783e+06
-363532
-0.681694
0.00203102
0.00772045
0.000392977
0
0
0
1682191845.19996
msg_begin
7.75783e+06
-363533
-0.686301
0.0205331
0.0145513
0.000499539
0
0
0
1682191845.24999
msg_begin
7.75783e+06
-363533
-0.697924
4.86523e-05
0.00284047
0.000184915
0
0
0
1682191845.30001
msg_begin
7.75783e+06
-363533
-0.704722
7.17118e-08
4.65661e-10
9.99201e-16
0
0
0
1682191845.34997
msg_begin
7.75783e+06
-363534
-0.70664
0.0025057
0.00792668
0.000932035
0
0
0
1682191845.39993
msg_begin
7.75783e+06
-363534
-0.715647
2.14204e-08
3.20142e-09
1.33227e-15
0
0
0
1682191845.44985
msg_begin
7.75783e+06
-363534
-0.722867
9.31323e-10
1.74623e-10
1.88738e-15
0
0
0
1682191845.49982
msg_begin
7.75783e+06
-363534
-0.727592
0.0149235
0.023692
0.000757208
0
0
0
1682191845.54979
msg_begin
7.75783e+06
-363535
-0.733891
0.0201529
0.0290719
0.00076158
0
0
0
1682191845.59967
msg_begin
7.75783e+06
-363535
-0.737527
0.00505571
0.00653554
8.46366e-05
0
0
0
1682191845.64963
msg_begin
7.75783e+06
-363535
-0.738801
9.31323e-10
2.21189e-09
2.22045e-16
0
0
0
1682191845.69951
msg_begin
7.75783e+06
-363536
-0.736007
3.38301e-05
0.000424995
2.18928e-05
0
0
0
1682191845.74949
msg_begin
7.75783e+06
-363536
-0.737642
0.00457938
0.0119938
0.00015842
0
0
0
1682191845.79942
msg_begin
7.75783e+06
-363536
-0.741255
0.000164339
0.000957805
2.34706e-05
0
0
0
1682191845.84940
msg_begin
7.75783e+06
-363537
-0.74177
0.0017821
0.00297681
0.000221968
0
0
0
1682191845.89943
msg_begin
7.75783e+06
-363537
-0.741496
0.0167083
0.0127799
0.000565335
0
0
0
1682191845.94960
msg_begin
7.75783e+06
-363537
-0.742033
0.00196741
0.00109301
0.000136371
0
0
0
1682191845.99944
msg_begin
7.75783e+06
-363538
-0.739767
0.00621378
0.00417507
0.0005018
0
0
0
1682191846.04939
msg_begin
7.75783e+06
-363538
-0.739633
0.000799964
0.00201741
0.000164412
0
0
0
1682191846.09940
msg_begin
7.75783e+06
-363538
-0.74135
0.0116219
0.018971
0.00106394
0
0
0
1682191846.14954
msg_begin
7.75784e+06
-363539
-0.738121
0.00101877
0.000304412
9.29674e-05
0
0
0
1682191846.19938
msg_begin
7.75784e+06
-363539
-0.737132
0.00109538
0.00135332
7.7313e-05
0
0
0
1682191846.24939
msg_begin
7.75784e+06
-363539
-0.736889
0.00922166
0.00821225
0.000579093
0
0
0
1682191846.29949
msg_begin
7.75784e+06
-363540
-0.73446
0.00135361
0.00199278
0.000199532
0
0
0
1682191846.34962
msg_begin
7.75784e+06
-363540
-0.733934
0.00448508
0.00365242
0.000241027
0
0
0
1682191846.39949
msg_begin
7.75784e+06
-363540
-0.733243
3.38407e-05
0.00162501
0.00013847
0
0
0
1682191846.44947
msg_begin
7.75784e+06
-363541
-0.734408
0.00345693
0.00186645
0.000375919
0
0
0
1682191846.49947
msg_begin
7.75784e+06
-363541
-0.73602
0.0137664
0.0141172
0.00149499
0
0
0
1682191846.54946
msg_begin
7.75784e+06
-363541
-0.733931
0.00190775
0.00248246
0.000171639
0
0
0
1682191846.59943
msg_begin
7.75784e+06
-363541
-0.733592
0.00110933
0.00221435
0.000219922
0
0
0
1682191846.64937
msg_begin
7.75784e+06
-363542
-0.733384
0.0101756
0.00922857
0.000504903
0
0
0
1682191846.69934
msg_begin
7.75784e+06
-363542
-0.729569
0.00189658
0.00521907
0.00011794
0
0
0
1682191846.74928
msg_begin
7.75784e+06
-363542
-0.730356
0.00353816
0.00447395
0.000258876
0
0
0
1682191846.79929
msg_begin
7.75784e+06
-363543
-0.731817
0.00827897
0.00572959
0.000267873
0
0
0
1682191846.84929
msg_begin
7.75784e+06
-363543
-0.73114
0.012292
0.0131358
0.000360881
0
0
0
1682191846.89926
msg_begin
7.75784e+06
-363543
-0.731149
0.000916913
0.000356086
1.2482e-05
0
0
0
1682191846.94910
msg_begin
7.75784e+06
-363544
-0.732383
0.0234036
0.0181293
0.00063459
0
0
0
1682191846.99900
msg_begin
7.75784e+06
-363544
-0.729421
0.00862789
0.00627448
0.00124605
0
0
0
1682191847.04896
msg_begin
7.75784e+06
-363544
-0.729755
0.0069858
0.00546713
0.000786424
0
0
0
1682191847.09899
msg_begin
7.75784e+06
-363545
-0.730351
0.00646044
0.00395406
0.000259558
0
0
0
1682191847.14894
msg_begin
7.75784e+06
-363545
-0.730486
0.00472499
0.000418157
0.000582679
0
0
0
1682191847.19892
msg_begin
7.75784e+06
-363545
-0.730563
5.68107e-08
5.23869e-10
1.11022e-16
0
0
0
1682191847.24892
msg_begin
7.75784e+06
-363546
-0.731385
0.00876425
0.00756069
0.000371979
0
0
0
1682191847.29893
msg_begin
7.75784e+06
-363546
-0.731149
0.0053343
0.00242399
0.000376545
0
0
0
1682191847.34890
msg_begin
7.75784e+06
-363546
-0.729637
0.00342146
0.00341735
0.000462828
0
0
0
1682191847.39896
msg_begin
7.75784e+06
-363547
-0.731564
0.00343829
0.00428649
0.000193448
0
0
0
1682191847.44890
msg_begin
7.75784e+06
-363547
-0.731768
0.025581
0.0311256
0.000225152
0
0
0
1682191847.49896
msg_begin
7.75785e+06
-363547
-0.73163
0.00213763
3.55583e-05
4.95749e-05
0
0
0
1682191847.54899
msg_begin
7.75785e+06
-363548
-0.732476
0.00588718
0.00220569
0.000838127
0
0
0
1682191847.59901
msg_begin
7.75785e+06
-363548
-0.732134
4.74975e-08
1.74623e-10
7.77156e-16
0
0
0
1682191847.64896
msg_begin
7.75785e+06
-363548
-0.73479
0.00178269
0.000824563
2.86842e-05
0
0
0
1682191847.69900
msg_begin
7.75785e+06
-363549
-0.733263
0.00712571
0.00495619
0.00037752
0
0
0
1682191847.74894
msg_begin
7.75785e+06
-363549
-0.732681
0.00218946
0.0014339
3.59162e-05
0
0
0
1682191847.79891
msg_begin
7.75785e+06
-363549
-0.732864
0.00153524
0.00445994
0.000189628
0
0
0
1682191847.84891
msg_begin
7.75785e+06
-363550
-0.731857
0.000795598
0.000725539
0.000267724
0
0
0
1682191847.89889
msg_begin
7.75785e+06
-363550
-0.731271
0.0118568
0.023118
0.000730804
0
0
0
1682191847.94879
msg_begin
7.75785e+06
-363550
-0.731982
0.00834045
0.0217019
0.000155272
0
0
0
1682191847.99873
msg_begin
7.75785e+06
-363551
-0.730816
5.21541e-08
1.74623e-10
1.44329e-15
0
0
0
1682191848.04869
msg_begin
7.75785e+06
-363551
-0.728704
0.00265403
0.00198392
0.000174376
0
0
0
1682191848.09870
msg_begin
7.75785e+06
-363551
-0.730286
0.000832158
0.000115305
7.22628e-05
0
0
0
1682191848.14854
msg_begin
7.75785e+06
-363552
-0.72738
3.72529e-09
4.65661e-10
1.77636e-15
0
0
0
1682191848.19847
msg_begin
7.75785e+06
-363552
-0.729157
0.0139864
0.0118928
0.000241732
0
0
0
1682191848.24845
msg_begin
7.75785e+06
-363552
-0.730448
0.0178724
0.0155142
0.00133032
0
0
0
1682191848.29832
msg_begin
7.75785e+06
-363553
-0.730048
0.000574679
0.000210192
9.17847e-05
0
0
0
1682191848.34825
msg_begin
7.75785e+06
-363553
-0.730445
0.00253188
0.00298364
0.00054817
0
0
0
1682191848.39816
msg_begin
7.75785e+06
-363553
-0.727987
0.002177
0.00301732
0.000161012
0
0
0
1682191848.44817
msg_begin
7.75785e+06
-363554
-0.72578
0.00369913
0.00386687
0.000226517
0
0
0
1682191848.49799
msg_begin
7.75785e+06
-363554
-0.729323
0.00379905
0.00512177
5.23034e-05
0
0
0
1682191848.54796
msg_begin
7.75785e+06
-363554
-0.729304
1.58325e-08
1.57161e-09
4.55191e-15
0
0
0
1682191848.59797
msg_begin
7.75785e+06
-363555
-0.726485
0.0220296
0.0175172
0.00207397
0
0
0
1682191848.64791
msg_begin
7.75785e+06
-363555
-0.729382
0.00282593
0.000163226
0.000269725
0
0
0
1682191848.69797
msg_begin
7.75785e+06
-363555
-0.729362
0.0126401
0.010381
0.000821306
0
0
0
1682191848.74799
msg_begin
7.75785e+06
-363556
-0.729029
0.00768289
0.00477362
0.000686402
0
0
0
1682191848.79802
msg_begin
7.75786e+06
-363556
-0.730049
0.00492056
0.000401496
1.47014e-05
0
0
0
1682191848.84804
msg_begin
7.75786e+06
-363556
-0.728223
0.008429
0.00722367
0.000920648
0
0
0
1682191848.89810
msg_begin
7.75786e+06
-363557
-0.727476
0.0080888
0.00670214
0.000364646
0
0
0
1682191848.94810
msg_begin
7.75786e+06
-363557
-0.729333
0.00436777
0.0083761
0.000322767
0
0
0
1682191848.99815
msg_begin
7.75786e+06
-363557
-0.727525
0.00263241
0.000531546
5.7489e-05
0
0
0
1682191849.04818
msg_begin
7.75786e+06
-363558
-0.72964
0.0164377
0.0209269
0.00225814
0
0
0
1682191849.09818
msg_begin
7.75786e+06
-363558
-0.731293
0.00780228
0.00576094
0.000477336
0
0
0
1682191849.14804
msg_begin
7.75786e+06
-363559
-0.73058
0.00471037
0.0036782
0.000328425
0
0
0
1682191849.19803
msg_begin
7.75786e+06
-363559
-0.733245
0.00148918
0.00170025
4.90579e-05
0
0
0
1682191849.24802
msg_begin
7.75786e+06
-363559
-0.731528
0.004349
0.00417204
0.000398427
0
0
0
1682191849.29787
msg_begin
7.75786e+06
-363560
-0.732085
8.00937e-08
5.82077e-11
1.66533e-15
0
0
0
1682191849.34785
msg_begin
7.75786e+06
-363560
-0.731295
0.00497233
0.00445127
0.000708677
0
0
0
1682191849.39777
msg_begin
7.75786e+06
-363560
-0.730938
0.00180264
0.0019934
5.97581e-05
0
0
0
1682191849.44774
msg_begin
7.75786e+06
-363561
-0.732337
0.0123177
0.0200645
0.00022025
0
0
0
1682191849.49775
msg_begin
7.75786e+06
-363561
-0.735026
0.00539583
0.0100061
0.00125979
0
0
0
1682191849.54762
msg_begin
7.75786e+06
-363561
-0.733921
0.00278601
0.0129572
0.000362785
0
0
0
1682191849.59767
msg_begin
7.75786e+06
-363562
-0.733402
0.0160405
0.00616296
0.00110282
0
0
0
1682191849.64764
msg_begin
7.75786e+06
-363562
-0.735775
0.00136577
0.000701988
1.62705e-07
0
0
0
1682191849.69762
msg_begin
7.75786e+06
-363562
-0.73616
6.51926e-09
1.04774e-09
2.22045e-15
0
0
0
1682191849.74760
msg_begin
7.75786e+06
-363563
-0.736297
0.0166933
0.0132579
0.000551796
0
0
0
1682191849.79765
msg_begin
7.75786e+06
-363563
-0.735967
0.0180776
0.0209571
0.000340404
0
0
0
1682191849.84767
msg_begin
7.75786e+06
-363563
-0.734797
4.56348e-08
4.01633e-09
2.44249e-15
0
0
0
1682191849.89758
msg_begin
7.75786e+06
-363564
-0.734139
0.00122896
0.00212475
0.000146874
0
0
0
1682191849.94761
msg_begin
7.75786e+06
-363564
-0.737886
0.00142074
0.00206979
7.9316e-05
0
0
0
1682191849.99764
msg_begin
7.75786e+06
-363564
-0.7393
0.00285922
0.00827892
0.000170854
0
0
0
1682191850.04767
msg_begin
7.75787e+06
-363565
-0.739236
0.00271116
0.00492781
0.000162802
0
0
0
1682191850.09839
msg_begin
7.75787e+06
-363565
-0.738602
0.0418877
0.0402829
0.00178288
0
0
0
1682191850.14762
msg_begin
7.75787e+06
-363565
-0.742543
0.00462111
0.00661435
0.00108519
0
0
0
1682191850.19767
msg_begin
7.75787e+06
-363566
-0.741689
0.000339941
0.00208368
1.16187e-05
0
0
0
1682191850.24768
msg_begin
7.75787e+06
-363566
-0.741484
0.00673507
0.00767793
0.000357994
0
0
0
1682191850.29762
msg_begin
7.75787e+06
-363567
-0.74207
0.00609022
0.00069418
5.78698e-05
0
0
0
1682191850.34769
msg_begin
7.75787e+06
-363567
-0.741233
6.34013e-05
0.000895223
5.61179e-07
0
0
0
1682191850.39768
msg_begin
7.75787e+06
-363567
-0.743372
0.00113156
0.0002836
2.43791e-05
0
0
0
1682191850.44760
msg_begin
7.75787e+06
-363568
-0.741577
0.00131088
0.001681
9.57149e-05
0
0
0
1682191850.49817
msg_begin
7.75787e+06
-363568
-0.742079
1.21072e-08
5.82077e-11
1.9984e-15
0
0
0
1682191850.54756
msg_begin
7.75787e+06
-363568
-0.741974
0.0093975
0.00906273
0.000522825
0
0
0
1682191850.59750
msg_begin
7.75787e+06
-363569
-0.743244
0.0169624
0.0193505
0.000813376
0
0
0
1682191850.64755
msg_begin
7.75787e+06
-363569
-0.744767
0.000789035
0.0002967
1.38117e-05
0
0
0
1682191850.69741
msg_begin
7.75787e+06
-363569
-0.74485
0.00535193
0.0104253
0.00058287
0
0
0
1682191850.74731
msg_begin
7.75787e+06
-363570
-0.742649
2.79397e-09
4.07454e-10
1.9984e-15
0
0
0
1682191850.79720
msg_begin
7.75787e+06
-363570
-0.744439
0.000663802
6.23472e-05
2.83719e-05
0
0
0
1682191850.84722
msg_begin
7.75787e+06
-363571
-0.74537
0.000426448
0.000349418
3.43521e-05
0
0
0
1682191850.89718
msg_begin
7.75787e+06
-363571
-0.743502
0.010121
0.0141353
0.00056284
0
0
0
1682191850.94712
msg_begin
7.75787e+06
-363571
-0.740399
0.00441895
0.00468209
0.000493837
0
0
0
1682191850.99706
msg_begin
7.75787e+06
-363572
-0.739438
0.00724296
0.00572774
0.00060037
0
0
0
1682191851.04709
msg_begin
7.75787e+06
-363572
-0.743909
0.00298023
0.000392958
0.000104638
0
0
0
1682191851.09704
msg_begin
7.75787e+06
-363572
-0.743405
0.00188629
0.000590256
3.35581e-05
0
0
0
1682191851.14705
msg_begin
7.75787e+06
-363573
-0.742351
0.00637893
0.00678253
0.00041405
0
0
0
1682191851.19704
msg_begin
7.75787e+06
-363573
-0.741326
0.000770119
0.000615694
1.49605e-05
0
0
0
1682191851.24707
msg_begin
7.75787e+06
-363573
-0.73788
3.35276e-08
5.23869e-10
2.66454e-15
0
0
0
1682191851.29696
msg_begin
7.75788e+06
-363574
-0.738609
6.23986e-08
1.92085e-09
4.77396e-15
0
0
0
1682191851.34700
msg_begin
7.75788e+06
-363574
-0.739581
0.0132478
0.0127715
0.00205649
0
0
0
1682191851.39699
msg_begin
7.75788e+06
-363575
-0.743289
0.00279838
0.00222301
0.000309957
0
0
0
1682191851.44705
msg_begin
7.75788e+06
-363575
-0.740939
0.0188795
0.0156384
0.00137493
0
0
0
1682191851.49708
msg_begin
7.75788e+06
-363575
-0.739144
0.00278333
0.00091109
0.000225184
0
0
0
1682191851.54712
msg_begin
7.75788e+06
-363576
-0.740866
0.0397911
0.0354443
0.00143517
0
0
0
1682191851.59713
msg_begin
7.75788e+06
-363576
-0.741776
0.00502488
0.00173198
0.000229456
0
0
0
1682191851.64713
msg_begin
7.75788e+06
-363576
-0.742598
0.00169703
0.00716287
0.000111671
0
0
0
1682191851.69743
msg_begin
7.75788e+06
-363577
-0.741781
0.00538453
0.0151469
0.000928102
0
0
0
1682191851.74721
msg_begin
7.75788e+06
-363577
-0.740412
0.00361534
0.00201884
0.000258575
0
0
0
1682191851.79715
msg_begin
7.75788e+06
-363577
-0.740859
0.000205088
0.00105489
3.20916e-05
0
0
0
1682191851.84730
msg_begin
7.75788e+06
-363578
-0.740045
0.00198377
0.0046229
0.000357672
0
0
0
1682191851.89710
msg_begin
7.75788e+06
-363578
-0.740105
0.0035382
0.00352605
0.000284054
0
0
0
1682191851.94703
msg_begin
7.75788e+06
-363579
-0.739009
0.000363466
0.000582437
4.26185e-06
0
0
0
1682191851.99692
msg_begin
7.75788e+06
-363579
-0.739009
0.00994927
0.00878503
0.00124007
0
0
0
1682191852.04685
msg_begin
7.75788e+06
-363579
-0.738557
0.023067
0.0323937
0.000315558
0
0
0
1682191852.09670
msg_begin
7.75788e+06
-363580
-0.739458
0.000648609
0.00186662
8.40336e-05
0
0
0
1682191852.14661
msg_begin
7.75788e+06
-363580
-0.740259
0.0136535
0.00737212
0.000861093
0
0
0
1682191852.19655
msg_begin
7.75788e+06
-363580
-0.741478
0.00380499
0.00210079
0.000287856
0
0
0
1682191852.24682
msg_begin
7.75788e+06
-363581
-0.740813
0.00130066
0.00062339
0.000125277
0
0
0
1682191852.29648
msg_begin
7.75788e+06
-363581
-0.740673
0.00482363
0.00558349
0.000270226
0
0
0
1682191852.34646
msg_begin
7.75788e+06
-363582
-0.741912
0.0150078
0.0174686
0.00109928
0
0
0
1682191852.39656
msg_begin
7.75788e+06
-363582
-0.742633
0.00112037
0.00108145
0.000112379
0
0
0
1682191852.44662
msg_begin
7.75789e+06
-363582
-0.740502
0.0176326
0.0149388
0.000736777
0
0
0
1682191852.49682
msg_begin
7.75789e+06
-363583
-0.738309
0.0348846
0.0364417
0.000651266
0
0
0
1682191852.54670
msg_begin
7.75789e+06
-363583
-0.738075
0.0252989
0.019139
0.00140481
0
0
0
1682191852.59672
msg_begin
7.75789e+06
-363583
-0.740401
0.00366588
0.0043749
0.000130661
0
0
0
1682191852.64716
msg_begin
7.75789e+06
-363584
-0.742454
0.00197813
0.00237734
0.000442634
0
0
0
1682191852.69681
msg_begin
7.75789e+06
-363584
-0.742377
0.00592028
0.0121824
0.000843542
0
0
0
1682191852.74685
msg_begin
7.75789e+06
-363585
-0.743134
0.00829237
0.0121571
0.000464052
0
0
0
1682191852.79690
msg_begin
7.75789e+06
-363585
-0.741837
0.00622983
0.0200716
7.57787e-05
0
0
0
1682191852.84693
msg_begin
7.75789e+06
-363585
-0.73976
0.011383
0.00575574
0.000595789
0
0
0
1682191852.89702
msg_begin
7.75789e+06
-363586
-0.740199
0.00148663
0.000610275
3.51379e-05
0
0
0
1682191852.94702
msg_begin
7.75789e+06
-363586
-0.740315
0.000961427
0.0042336
0.00019837
0
0
0
1682191852.99699
msg_begin
7.75789e+06
-363586
-0.74014
0.00399582
0.00420734
0.00103221
0
0
0
1682191853.04697
msg_begin
7.75789e+06
-363587
-0.742693
0.00448699
0.00217028
0.000277097
0
0
0
1682191853.09691
msg_begin
7.75789e+06
-363587
-0.739997
0.00221913
0.00737768
0.000265952
0
0
0
1682191853.14683
msg_begin
7.75789e+06
-363588
-0.740507
0.00863769
0.0066384
0.00138906
0
0
0
1682191853.19680
msg_begin
7.75789e+06
-363588
-0.740598
0.00763793
0.0047321
0.000871445
0
0
0
1682191853.24666
msg_begin
7.75789e+06
-363588
-0.740238
0.0157626
0.0178051
0.000865284
0
0
0
1682191853.29662
msg_begin
7.75789e+06
-363589
-0.739956
6.98492e-08
4.07454e-10
1.55431e-15
0
0
0
1682191853.34656
msg_begin
7.75789e+06
-363589
-0.742595
0.00507056
0.0095603
0.000629993
0
0
0
1682191853.39656
msg_begin
7.75789e+06
-363589
-0.743865
0.00396984
0.00725024
0.000241607
0
0
0
1682191853.44650
msg_begin
7.75789e+06
-363590
-0.743061
0.00192429
0.0024769
4.41522e-05
0
0
0
1682191853.49646
msg_begin
7.75789e+06
-363590
-0.743161
0.00199124
0.000722301
9.11807e-05
0
0
0
1682191853.54647
msg_begin
7.75789e+06
-363591
-0.743476
0.00153996
1.16947e-05
0.000144333
0
0
0
1682191853.59644
msg_begin
7.75789e+06
-363591
-0.741509
0.000447141
0.000871733
4.10378e-05
0
0
0
1682191853.64649
msg_begin
7.7579e+06
-363591
-0.741462
7.72998e-08
1.39698e-09
5.55112e-15
0
0
0
1682191853.69653
msg_begin
7.7579e+06
-363592
-0.739958
0.0132313
0.0071015
0.000842678
0
0
0
1682191853.74657
msg_begin
7.7579e+06
-363592
-0.739673
0.0208424
0.0242014
0.00080943
0
0
0
1682191853.79662
msg_begin
7.7579e+06
-363592
-0.741853
0.00318633
0.00404835
0.000520633
0
0
0
1682191853.84669
msg_begin
7.7579e+06
-363593
-0.741713
0.0120689
0.0155821
0.00160893
0
0
0
1682191853.89671
msg_begin
7.7579e+06
-363593
-0.739203
0.00753313
0.00283691
0.000405049
0
0
0
1682191853.94672
msg_begin
7.7579e+06
-363594
-0.737559
0.00734253
0.0143533
0.000814745
0
0
0
1682191853.99675
msg_begin
7.7579e+06
-363594
-0.737566
0.000616719
0.00365295
0.000312571
0
0
0
1682191854.04679
msg_begin
7.7579e+06
-363594
-0.739012
0.0062199
0.00396572
0.000850085
0
0
0
1682191854.09673
msg_begin
7.7579e+06
-363595
-0.739785
0.00812624
0.0106789
0.000879045
0
0
0
1682191854.14670
msg_begin
7.7579e+06
-363595
-0.738335
0.0116786
0.0118344
0.000833845
0
0
0
1682191854.24651
msg_begin
7.7579e+06
-363596
-0.738923
0.00570144
0.00410411
0.000350819
0
0
0
1682191854.29644
msg_begin
7.7579e+06
-363596
-0.736562
0.000609571
0.00132734
0.000101193
0
0
0
1682191854.34628
msg_begin
7.7579e+06
-363597
-0.736912
0.00576068
0.000956148
0.000290761
0
0
0
1682191854.39618
msg_begin
7.7579e+06
-363597
-0.736718
0.002776
0.0012708
0.000156443
0
0
0
1682191854.44619
msg_begin
7.7579e+06
-363597
-0.734325
0.0076931
0.00229663
0.000857899
0
0
0
1682191854.49601
msg_begin
7.7579e+06
-363598
-0.736119
0.0159834
0.0122288
0.000838144
0
0
0
1682191854.54597
msg_begin
7.7579e+06
-363598
-0.740486
0.00966824
0.00587769
0.000750596
0
0
0
1682191854.59584
msg_begin
7.7579e+06
-363598
-0.736635
0.00519605
0.0100015
0.000207264
0
0
0
1682191854.64581
msg_begin
7.7579e+06
-363599
-0.736467
0.00547766
0.00929922
0.000311831
0
0
0
1682191854.69576
msg_begin
7.7579e+06
-363599
-0.734725
3.53903e-08
5.82077e-10
1.77636e-15
0
0
0
1682191854.74569
msg_begin
7.7579e+06
-363600
-0.73504
0.0017799
0.00230331
0.000274423
0
0
0
1682191854.79576
msg_begin
7.7579e+06
-363600
-0.736745
0.00361577
0.00601322
0.000301602
0
0
0
1682191854.84571
msg_begin
7.75791e+06
-363600
-0.736951
0.0167656
0.0167499
0.00095881
0
0
0
1682191854.89568
msg_begin
7.75791e+06
-363601
-0.732561
0.00564218
0.00424409
0.000706949
0
0
0
1682191854.94576
msg_begin
7.75791e+06
-363601
-0.732258
0.000721869
0.000675071
4.72756e-05
0
0
0
1682191854.99575
msg_begin
7.75791e+06
-363601
-0.732813
0.00914438
0.0186896
0.00074045
0
0
0
1682191855.04578
msg_begin
7.75791e+06
-363602
-0.730542
0.00161173
0.00152303
0.00013797
0
0
0
1682191855.09586
msg_begin
7.75791e+06
-363602
-0.730324
0.00618064
0.0119526
0.000349177
0
0
0
1682191855.14594
msg_begin
7.75791e+06
-363602
-0.73073
0.00119631
0.00206101
0.000198466
0
0
0
1682191855.19616
msg_begin
7.75791e+06
-363603
-0.729554
0.000689628
0.00470633
0.000988452
0
0
0
1682191855.24597
msg_begin
7.75791e+06
-363603
-0.726906
0.00777462
0.00302609
0.000237724
0
0
0
1682191855.29595
msg_begin
7.75791e+06
-363604
-0.729505
0.000288371
0.000210824
0.000100176
0
0
0
1682191855.34597
msg_begin
7.75791e+06
-363604
-0.729945
0.00194753
0.00543797
6.41942e-05
0
0
0
1682191855.39604
msg_begin
7.75791e+06
-363604
-0.728782
0.000226676
0.000606971
8.95384e-05
0
0
0
1682191855.44610
msg_begin
7.75791e+06
-363605
-0.732693
0.0102237
0.0144368
0.000473035
0
0
0
1682191855.49599
msg_begin
7.75791e+06
-363605
-0.731474
0.00125036
0.00347903
6.36668e-05
0
0
0
1682191855.54599
msg_begin
7.75791e+06
-363605
-0.729956
0.00980355
0.000759716
0.00145611
0
0
0
1682191855.59592
msg_begin
7.75791e+06
-363606
-0.72898
0.00726495
0.00324541
0.00053718
0
0
0
1682191855.64593
msg_begin
7.75791e+06
-363606
-0.729263
0.00842491
0.00605724
0.0014192
0
0
0
1682191855.69587
msg_begin
7.75791e+06
-363606
-0.728374
7.16181e-05
0.000673493
2.52884e-05
0
0
0
1682191855.74580
msg_begin
7.75791e+06
-363607
-0.729207
0.030166
0.0233938
0.000357427
0
0
0
1682191855.79582
msg_begin
7.75791e+06
-363607
-0.728154
0.00103655
0.0064248
0.000311526
0
0
0
1682191855.84583
msg_begin
7.75791e+06
-363607
-0.729079
0.016723
0.00257646
0.000241588
0
0
0
1682191855.89574
msg_begin
7.75791e+06
-363608
-0.729835
0.0212917
0.0256678
0.000568332
0
0
0
1682191855.94568
msg_begin
7.75791e+06
-363608
-0.729327
0.000994176
0.00285614
0.00031613
0
0
0
1682191855.99570
msg_begin
7.75791e+06
-363609
-0.729295
0.00892216
0.0141019
0.000656449
0
0
0
1682191856.04567
msg_begin
7.75792e+06
-363609
-0.728611
0.000686824
0.000760357
1.58275e-05
0
0
0
1682191856.09555
msg_begin
7.75792e+06
-363609
-0.729646
0.00287012
0.00469082
0.000398583
0
0
0
1682191856.14556
msg_begin
7.75792e+06
-363610
-0.728553
0.00364099
0.00334918
0.000446138
0
0
0
1682191856.19557
msg_begin
7.75792e+06
-363610
-0.72828
0.00233222
0.000309109
6.46948e-05
0
0
0
1682191856.24560
msg_begin
7.75792e+06
-363610
-0.729779
0.010271
0.0118799
0.000428627
0
0
0
1682191856.29562
msg_begin
7.75792e+06
-363611
-0.730396
6.61239e-08
3.49246e-10
4.996e-15
0
0
0
1682191856.34563
msg_begin
7.75792e+06
-363611
-0.729939
0.0047453
0.0047151
0.000353627
0
0
0
1682191856.39566
msg_begin
7.75792e+06
-363611
-0.730058
0.00514686
0.00613292
0.000107925
0
0
0
1682191856.44561
msg_begin
7.75792e+06
-363612
-0.728794
0.00203798
0.00482789
0.000682532
0
0
0
1682191856.49566
msg_begin
7.75792e+06
-363612
-0.727178
8.9407e-08
1.39698e-09
3.44169e-15
0
0
0
1682191856.54569
msg_begin
7.75792e+06
-363612
-0.726876
0.0160798
0.0144243
0.00101515
0
0
0
1682191856.59563
msg_begin
7.75792e+06
-363613
-0.724833
0.000355968
0.00326231
0.000105158
0
0
0
1682191856.64567
msg_begin
7.75792e+06
-363613
-0.726518
4.65661e-09
1.57161e-09
2.44249e-15
0
0
0
1682191856.69560
msg_begin
7.75792e+06
-363613
-0.724587
0.0162229
0.00863489
0.00113358
0
0
0
1682191856.74555
msg_begin
7.75792e+06
-363614
-0.724567
0.0198797
0.0216931
0.00141223
0
0
0
1682191856.79541
msg_begin
7.75792e+06
-363614
-0.728219
0.00965706
0.00100812
0.000600406
0
0
0
1682191856.84536
msg_begin
7.75792e+06
-363614
-0.728735
0.00379981
0.000571089
0.000190895
0
0
0
1682191856.89528
msg_begin
7.75792e+06
-363615
-0.727692
0.00146554
0.00115714
0.000352271
0
0
0
1682191856.94514
msg_begin
7.75792e+06
-363615
-0.726275
0.0202229
0.0176052
1.72073e-05
0
0
0
1682191856.99509
msg_begin
7.75792e+06
-363616
-0.727741
0.00551565
0.00394924
0.000168875
0
0
0
1682191857.04497
msg_begin
7.75792e+06
-363616
-0.725118
1.30385e-08
1.68802e-09
1.88738e-15
0
0
0
1682191857.09509
msg_begin
7.75792e+06
-363616
-0.724721
0.00105133
0.0012363
2.33841e-05
0
0
0
1682191857.14481
msg_begin
7.75792e+06
-363617
-0.728691
0.00199736
0.00244308
0.00103623
0
0
0
1682191857.19481
msg_begin
7.75792e+06
-363617
-0.725745
0.0148756
0.00945948
0.000394925
0
0
0
1682191857.24477
msg_begin
7.75792e+06
-363617
-0.722538
0.00405162
0.00906394
0.00119816
0
0
0
1682191857.29477
msg_begin
7.75793e+06
-363617
-0.724926
0.0254548
0.0264545
0.00228814
0
0
0
1682191857.34479
msg_begin
7.75793e+06
-363618
-0.725397
0.00285231
0.00119473
0.000222226
0
0
0
1682191857.39492
msg_begin
7.75793e+06
-363618
-0.727399
0.000121051
0.0109874
0.00279089
0
0
0
1682191857.44497
msg_begin
7.75793e+06
-363619
-0.723068
0.000646849
3.68117e-05
5.90961e-05
0
0
0
1682191857.49509
msg_begin
7.75793e+06
-363619
-0.724972
0.0139055
0.0105072
0.00141678
0
0
0
1682191857.54512
msg_begin
7.75793e+06
-363619
-0.726154
0.00228004
0.00161434
0.000605447
0
0
0
1682191857.59523
msg_begin
7.75793e+06
-363620
-0.726574
0.00273214
0.00631983
0.000326349
0
0
0
1682191857.64527
msg_begin
7.75793e+06
-363620
-0.729284
0.00382342
0.00136648
0.000217531
0
0
0
1682191857.69582
msg_begin
7.75793e+06
-363620
-0.729589
0.000291323
5.25873e-06
4.05423e-05
0
0
0
1682191857.74535
msg_begin
7.75793e+06
-363620
-0.730121
0.00185108
0.00141016
0.000159689
0
0
0
1682191857.79538
msg_begin
7.75793e+06
-363621
-0.728038
0.00781019
0.00206725
0.00142488
0
0
0
1682191857.84534
msg_begin
7.75793e+06
-363621
-0.729045
0.0142503
0.0172087
0.00320408
0
0
0
1682191857.89595
msg_begin
7.75793e+06
-363621
-0.728794
0.017282
0.00623893
0.00104025
0
0
0
1682191857.94539
msg_begin
7.75793e+06
-363622
-0.728071
0.0063651
0.00576383
0.000147312
0
0
0
1682191857.99541
msg_begin
7.75793e+06
-363622
-0.728743
0.0168926
0.0240644
0.000804644
0
0
0
1682191858.04533
msg_begin
7.75793e+06
-363622
-0.729729
0.00367087
0.00490443
0.000846753
0
0
0
1682191858.09559
msg_begin
7.75793e+06
-363623
-0.729632
7.26432e-08
3.08501e-09
3.55271e-15
0
0
0
1682191858.14542
msg_begin
7.75793e+06
-363623
-0.731343
0.0146778
0.0101462
0.000834883
0
0
0
1682191858.19547
msg_begin
7.75793e+06
-363623
-0.729597
0.00186125
0.00208455
6.14893e-05
0
0
0
1682191858.24543
msg_begin
7.75793e+06
-363624
-0.730039
0.00242874
3.66949e-05
0.000102462
0
0
0
1682191858.29603
msg_begin
7.75793e+06
-363624
-0.731013
0.000994649
0.0039571
0.000382037
0
0
0
1682191858.34544
msg_begin
7.75793e+06
-363624
-0.730337
0.0141813
0.00484512
0.000532597
0
0
0
1682191858.39544
msg_begin
7.75793e+06
-363625
-0.729764
0.00321069
0.000637756
9.85709e-05
0
0
0
1682191858.44531
msg_begin
7.75793e+06
-363625
-0.729458
0.00439847
0.000794748
0.000169409
0
0
0
1682191858.49697
msg_begin
7.75793e+06
-363625
-0.729946
0.0125977
0.0202395
0.000265215
0
0
0
1682191858.54530
msg_begin
7.75793e+06
-363625
-0.730568
0.000461565
0.000369388
7.46945e-05
0
0
0
1682191858.59531
msg_begin
7.75793e+06
-363626
-0.728881
0.004804
0.00628775
0.000193134
0
0
0
1682191858.64527
msg_begin
7.75794e+06
-363626
-0.730981
0.00656019
0.00258854
0.000218549
0
0
0
1682191858.69661
msg_begin
7.75794e+06
-363626
-0.73171
0.0196411
0.00720318
0.000632758
0
0
0
1682191858.74523
msg_begin
7.75794e+06
-363627
-0.730798
0.00511597
0.00743779
0.00043883
0
0
0
1682191858.79532
msg_begin
7.75794e+06
-363627
-0.732008
0.0187226
0.02868
0.00140875
0
0
0
1682191858.84523
msg_begin
7.75794e+06
-363627
-0.731404
0.0135659
0.0139222
0.000279205
0
0
0
1682191858.89517
msg_begin
7.75794e+06
-363628
-0.731771
0.00496288
0.00327264
0.000153958
0
0
0
1682191858.94514
msg_begin
7.75794e+06
-363628
-0.736054
0.00880667
0.00598145
0.000703544
0
0
0
1682191858.99509
msg_begin
7.75794e+06
-363628
-0.733839
0.00040628
0.000886688
6.82931e-05
0
0
0
1682191859.04507
msg_begin
7.75794e+06
-363628
-0.736432
0.000792658
0.000754524
3.65549e-05
0
0
0
1682191859.09508
msg_begin
7.75794e+06
-363629
-0.738729
0.0043066
0.0039993
0.000279481
0
0
0
1682191859.14503
msg_begin
7.75794e+06
-363629
-0.735666
0.00266583
0.00116679
0.000247411
0
0
0
1682191859.19504
msg_begin
7.75794e+06
-363629
-0.736409
0.00198369
0.00373421
0.000215793
0
0
0
1682191859.24495
msg_begin
7.75794e+06
-363630
-0.741721
8.3819e-09
2.56114e-09
5.77316e-15
0
0
0
1682191859.29496
msg_begin
7.75794e+06
-363630
-0.74249
0.00968731
0.0107593
0.000466917
0
0
0
1682191859.34495
msg_begin
7.75794e+06
-363630
-0.742918
0.0105529
0.0133256
0.000653135
0
0
0
1682191859.39495
msg_begin
7.75794e+06
-363630
-0.744323
0.00448812
0.0121313
0.000921962
0
0
0
1682191859.44496
msg_begin
7.75794e+06
-363631
-0.745138
0.0084334
0.0113783
0.000604018
0
0
0
1682191859.49494
msg_begin
7.75794e+06
-363631
-0.745762
0.00366284
0.00407839
0.000202902
0
0
0
1682191859.54494
msg_begin
7.75794e+06
-363631
-0.750172
0.0104136
0.00670629
0.000595429
0
0
0
1682191859.59493
msg_begin
7.75794e+06
-363632
-0.750924
0.000758791
0.00418696
0.000111634
0
0
0
1682191859.64494
msg_begin
7.75794e+06
-363632
-0.752299
0.0135076
0.00685574
0.000683111
0
0
0
1682191859.69486
msg_begin
7.75794e+06
-363632
-0.750741
0.000611065
0.000759424
7.05023e-05
0
0
0
1682191859.74489
msg_begin
7.75794e+06
-363632
-0.751023
0.00136006
0.00158197
9.86619e-05
0
0
0
1682191859.79483
msg_begin
7.75794e+06
-363633
-0.753202
0.00168611
0.00096144
6.64352e-05
0
0
0
1682191859.84472
msg_begin
7.75794e+06
-363633
-0.753709
0.00953838
0.0080243
0.000249757
0
0
0
1682191859.89526
msg_begin
7.75794e+06
-363633
-0.754681
0.00976042
0.00910983
0.00101339
0
0
0
1682191859.94461
msg_begin
7.75794e+06
-363634
-0.75465
0.0170038
0.0150928
0.000737628
0
0
0
1682191859.99446
msg_begin
7.75794e+06
-363634
-0.756443
0.0149911
0.0192947
0.000553468
0
0
0
1682191860.04445
msg_begin
7.75794e+06
-363634
-0.757395
0.00270837
0.00537026
0.000405364
0
0
0
1682191860.09496
msg_begin
7.75794e+06
-363634
-0.758774
0.00946777
0.0129077
0.00111856
0
0
0
1682191860.14423
msg_begin
7.75794e+06
-363635
-0.758443
0.0129467
0.0115091
0.000757261
0
0
0
1682191860.19416
msg_begin
7.75794e+06
-363635
-0.760801
0.0199881
0.0142371
0.000867478
0
0
0
1682191860.24417
msg_begin
7.75795e+06
-363635
-0.76271
0.00624829
0.00327899
0.000187298
0
0
0
1682191860.29483
msg_begin
7.75795e+06
-363636
-0.761631
0.00306511
0.0116023
0.000163777
0
0
0
1682191860.34398
msg_begin
7.75795e+06
-363636
-0.762271
0.0191968
0.00930791
0.00117755
0
0
0
1682191860.39390
msg_begin
7.75795e+06
-363636
-0.762572
1.21072e-08
1.33878e-09
4.32987e-15
0
0
0
1682191860.44387
msg_begin
7.75795e+06
-363636
-0.762354
0.00726545
0.0108219
0.000634186
0
0
0
1682191860.49440
msg_begin
7.75795e+06
-363637
-0.764165
0.00377732
0.0045117
0.00049804
0
0
0
1682191860.54381
msg_begin
7.75795e+06
-363637
-0.762974
0.0107473
0.0045724
0.000726347
0
0
0
1682191860.59380
msg_begin
7.75795e+06
-363637
-0.765043
0.000932951
0.0080818
0.000639326
0
0
0
1682191860.64383
msg_begin
7.75795e+06
-363638
-0.765058
8.00991e-05
5.28859e-05
9.99696e-06
0
0
0
1682191860.69478
msg_begin
7.75795e+06
-363638
-0.766213
0.0061515
0.00954446
0.00135488
0
0
0
1682191860.74378
msg_begin
7.75795e+06
-363638
-0.767219
0.00473519
0.00474993
0.00022634
0
0
0
1682191860.79385
msg_begin
7.75795e+06
-363638
-0.768348
0.0021128
0.00193791
0.000226424
0
0
0
1682191860.84377
msg_begin
7.75795e+06
-363639
-0.769481
0.00626082
0.00610468
0.000528633
0
0
0
1682191860.89381
msg_begin
7.75795e+06
-363639
-0.771476
0.00239551
0.00222242
0.000234
0
0
0
1682191860.94383
msg_begin
7.75795e+06
-363639
-0.771281
0.00566906
0.00391848
0.000346582
0
0
0
1682191860.99379
msg_begin
7.75795e+06
-363639
-0.773619
9.31323e-09
3.49246e-10
7.77156e-16
0
0
0
1682191861.04382
msg_begin
7.75795e+06
-363640
-0.774551
5.4948e-08
3.08501e-09
3.33067e-15
0
0
0
1682191861.09378
msg_begin
7.75795e+06
-363640
-0.775757
0.00635217
0.00636352
0.00039321
0
0
0
1682191861.14376
msg_begin
7.75795e+06
-363640
-0.774342
7.45058e-08
5.82077e-10
7.77156e-16
0
0
0
1682191861.19374
msg_begin
7.75795e+06
-363641
-0.778048
0.00439019
0.00635348
0.00104521
0
0
0
1682191861.24371
msg_begin
7.75795e+06
-363641
-0.777143
0.0165423
0.00463468
0.000437523
0
0
0
1682191861.29369
msg_begin
7.75795e+06
-363641
-0.781522
0.0191551
0.0188311
0.000284708
0
0
0
1682191861.34367
msg_begin
7.75795e+06
-363641
-0.785639
0.00344218
0.00325268
0.000329765
0
0
0
1682191861.39366
msg_begin
7.75795e+06
-363642
-0.78727
0.00112213
0.00164473
0.000320944
0
0
0
1682191861.44368
msg_begin
7.75795e+06
-363642
-0.790679
5.4948e-08
1.57161e-09
3.10862e-15
0
0
0
1682191861.49367
msg_begin
7.75795e+06
-363642
-0.793977
5.40167e-08
1.74623e-10
2.22045e-15
0
0
0
1682191861.54372
msg_begin
7.75795e+06
-363642
-0.79966
0.0289307
0.0248298
0.00103702
0
0
0
1682191861.59380
msg_begin
7.75795e+06
-363643
-0.801743
0.0025306
0.00296356
0.00089387
0
0
0
1682191861.64370
msg_begin
7.75795e+06
-363643
-0.809749
0.00133779
0.000254461
0.000104688
0
0
0
1682191861.69373
msg_begin
7.75795e+06
-363643
-0.814347
0.00515218
0.00462791
0.000334464
0
0
0
1682191861.74377
msg_begin
7.75795e+06
-363643
-0.823602
0.00536413
0.00122083
0.000400792
0
0
0
1682191861.79366
msg_begin
7.75795e+06
-363644
-0.829265
0.000339444
4.15381e-05
4.41707e-05
0
0
0
1682191861.84364
msg_begin
7.75795e+06
-363644
-0.831945
0.0230723
0.0306926
0.000822966
0
0
0
1682191861.89370
msg_begin
7.75795e+06
-363644
-0.84336
0.00265516
0.00529565
0.000429122
0
0
0
1682191861.94364
msg_begin
7.75795e+06
-363644
-0.843267
1.76951e-08
1.5134e-09
5.55112e-16
0
0
0
1682191861.99360
msg_begin
7.75796e+06
-363645
-0.853774
0.00104864
0.00308873
0.000136964
0
0
0
1682191862.04358
msg_begin
7.75796e+06
-363645
-0.856529
7.07805e-08
5.23869e-10
1.77636e-15
0
0
0
1682191862.09359
msg_begin
7.75796e+06
-363645
-0.86473
0.0031916
0.00256975
4.25754e-06
0
0
0
1682191862.14358
msg_begin
7.75796e+06
-363645
-0.871005
0.00349394
0.000462592
0.000181508
0
0
0
1682191862.19365
msg_begin
7.75796e+06
-363646
-0.880058
0.00683173
0.00710833
0.00177524
0
0
0
1682191862.24353
msg_begin
7.75796e+06
-363646
-0.885696
0.00990595
0.00987944
0.000612773
0
0
0
1682191862.29363
msg_begin
7.75796e+06
-363646
-0.895059
0.00174557
0.00183051
0.000437871
0
0
0
1682191862.34362
msg_begin
7.75796e+06
-363647
-0.905902
0.00129977
0.000211048
7.40282e-05
0
0
0
1682191862.39364
msg_begin
7.75796e+06
-363647
-0.911537
0.0084773
0.00449748
0.000649219
0
0
0
1682191862.44364
msg_begin
7.75796e+06
-363647
-0.920392
0.0184568
0.0171175
0.00201944
0
0
0
1682191862.49360
msg_begin
7.75796e+06
-363647
-0.931886
0.00461365
0.00575249
0.000276501
0
0
0
1682191862.54359
msg_begin
7.75796e+06
-363648
-0.939022
0.00505887
0.00257768
0.000809629
0
0
0
1682191862.59355
msg_begin
7.75796e+06
-363648
-0.951534
0.00571709
0.0093593
0.00202912
0
0
0
1682191862.64353
msg_begin
7.75796e+06
-363648
-0.960972
0.0136896
0.0200003
0.000744807
0
0
0
1682191862.69348
msg_begin
7.75796e+06
-363648
-0.967942
0.00214058
0.00202407
0.000416225
0
0
0
1682191862.74347
msg_begin
7.75796e+06
-363649
-0.980071
0.00767196
0.00932663
0.000242036
0
0
0
1682191862.79334
msg_begin
7.75796e+06
-363649
-0.990844
0.0178303
0.0125201
0.00150849
0
0
0
1682191862.84324
msg_begin
7.75796e+06
-363649
-1.00095
0.00272986
0.00783952
0.000269501
0
0
0
1682191862.89315
msg_begin
7.75796e+06
-363650
-1.01153
0.0118919
0.0174858
0.00158991
0
0
0
1682191862.94315
msg_begin
7.75796e+06
-363650
-1.02517
0.0111567
0.0155954
0.00239176
0
0
0
1682191862.99307
msg_begin
7.75796e+06
-363650
-1.03353
0.000540909
0.000106917
2.04187e-06
0
0
0
1682191863.04305
msg_begin
7.75796e+06
-363650
-1.04691
0.00331321
0.00321561
0.00058281
0
0
0
1682191863.09304
msg_begin
7.75796e+06
-363651
-1.05493
0.00429223
0.00321584
0.000425478
0
0
0
1682191863.14305
msg_begin
7.75796e+06
-363651
-1.06483
0.00382503
0.0111364
0.000772995
0
0
0
1682191863.19298
msg_begin
7.75796e+06
-363651
-1.07508
9.31323e-10
1.10595e-09
6.66134e-16
0
0
0
1682191863.24298
msg_begin
7.75796e+06
-363652
-1.08816
0.00188814
0.00881397
0.000483329
0
0
0
1682191863.29286
msg_begin
7.75796e+06
-363652
-1.10137
0.00555595
0.00490297
0.000826424
0
0
0
1682191863.34283
msg_begin
7.75796e+06
-363652
-1.11208
0.00720368
0.0106747
0.000424776
0
0
0
1682191863.39273
msg_begin
7.75796e+06
-363653
-1.11877
0.00061028
0.000966066
0.000122458
0
0
0
1682191863.44267
msg_begin
7.75796e+06
-363653
-1.13065
0.0185548
0.027212
0.000240675
0
0
0
1682191863.49263
msg_begin
7.75796e+06
-363653
-1.1445
0.00809263
0.0081725
0.00153727
0
0
0
1682191863.54256
msg_begin
7.75796e+06
-363653
-1.15444
0.00790083
0.0169751
0.000817108
0
0
0
1682191863.59253
msg_begin
7.75796e+06
-363654
-1.16271
0.00964933
0.00886881
0.00064883
0
0
0
1682191863.64248
msg_begin
7.75796e+06
-363654
-1.174
0.000107012
0.00134047
2.30375e-05
0
0
0
1682191863.69247
msg_begin
7.75796e+06
-363654
-1.18526
0.00770752
0.0169763
0.000829387
0
0
0
1682191863.74247
msg_begin
7.75796e+06
-363655
-1.20078
0.00527636
0.00332013
0.000345573
0
0
0
1682191863.79244
msg_begin
7.75796e+06
-363655
-1.20904
0.0128979
0.0233505
0.00105932
0
0
0
1682191863.84246
msg_begin
7.75796e+06
-363655
-1.22537
0.0137004
0.0315442
0.00213273
0
0
0
1682191863.89236
msg_begin
7.75796e+06
-363656
-1.23948
0.000958716
0.00124281
0.000353889
0
0
0
1682191863.94234
msg_begin
7.75796e+06
-363656
-1.24701
5.02914e-08
2.61934e-09
2.22045e-16
0
0
0
1682191863.99231
msg_begin
7.75796e+06
-363656
-1.26275
0.0114786
0.00377542
0.000252719
0
0
0
1682191864.04226
msg_begin
7.75796e+06
-363657
-1.28167
1.68166e-05
5.64553e-05
4.28563e-06
0
0
0
1682191864.14206
msg_begin
7.75796e+06
-363657
-1.29668
1.21072e-08
9.31323e-10
1.33227e-15
0
0
0
1682191864.19204
msg_begin
7.75796e+06
-363658
-1.31089
0.00547846
0.0105546
0.000991842
0
0
0
1682191864.24197
msg_begin
7.75796e+06
-363658
-1.32358
0.00707728
0.00510066
0.000575528
0
0
0
1682191864.29189
msg_begin
7.75796e+06
-363658
-1.3349
0.000421072
0.00946163
0.000436051
0
0
0
1682191864.34184
msg_begin
7.75796e+06
-363659
-1.34991
0.00153803
0.00779541
0.000317743
0
0
0
1682191864.39178
msg_begin
7.75796e+06
-363659
-1.36114
0.00103298
0.0017591
7.85045e-05
0
0
0
1682191864.44180
msg_begin
7.75796e+06
-363659
-1.36907
7.98396e-05
0.00248544
8.81783e-05
0
0
0
1682191864.49174
msg_begin
7.75796e+06
-363660
-1.37758
0.00168286
0.00443539
0.000377108
0
0
0
1682191864.54169
msg_begin
7.75796e+06
-363660
-1.39238
0.00151781
0.00566081
0.000198035
0
0
0
1682191864.59169
msg_begin
7.75796e+06
-363661
-1.40638
0.00193709
0.00133513
0.000220483
0
0
0
1682191864.64162
msg_begin
7.75796e+06
-363661
-1.41854
0.00604529
0.00598284
0.00057701
0
0
0
1682191864.69160
msg_begin
7.75796e+06
-363661
-1.42839
0.00270797
0.00639661
9.63349e-05
0
0
0
1682191864.74157
msg_begin
7.75796e+06
-363662
-1.43919
0.00495815
0.00468415
0.000476992
0
0
0
1682191864.79159
msg_begin
7.75796e+06
-363662
-1.4539
0.00171327
0.00252821
0.00015843
0
0
0
1682191864.84155
msg_begin
7.75796e+06
-363662
-1.46652
0.000140471
0.000300402
4.40845e-05
0
0
0
1682191864.89153
msg_begin
7.75796e+06
-363663
-1.4759
0.0088662
0.00428782
0.000263235
0
0
0
1682191864.94151
msg_begin
7.75796e+06
-363663
-1.48991
0.00315429
0.0111351
0.00166707
0
0
0
1682191864.99156
msg_begin
7.75796e+06
-363663
-1.50205
0.00545109
0.00752238
0.000925253
0
0
0
1682191865.04154
msg_begin
7.75796e+06
-363664
-1.50917
0.00472888
0.0183585
0.00236347
0
0
0
1682191865.09158
msg_begin
7.75796e+06
-363664
-1.52835
0.0103227
0.0110692
0.00158049
0
0
0
1682191865.14160
msg_begin
7.75796e+06
-363665
-1.53994
0.010862
0.0052432
0.00162573
0
0
0
1682191865.19154
msg_begin
7.75796e+06
-363665
-1.55962
0.00147259
0.00355039
0.000841117
0
0
0
1682191865.24160
msg_begin
7.75796e+06
-363665
-1.56482
0.00325967
0.00462534
0.000182502
0
0
0
1682191865.29158
msg_begin
7.75796e+06
-363666
-1.57716
0.000445452
0.000826721
1.70795e-05
0
0
0
1682191865.34159
msg_begin
7.75796e+06
-363666
-1.58659
0.00193417
0.00648707
0.000315181
0
0
0
1682191865.39159
msg_begin
7.75796e+06
-363667
-1.59993
0.00893452
0.0219457
0.00222938
0
0
0
1682191865.44159
msg_begin
7.75796e+06
-363667
-1.6105
5.58794e-09
2.15368e-09
2.22045e-16
0
0
0
1682191865.49160
msg_begin
7.75796e+06
-363667
-1.61872
0.00648807
0.0149787
0.000839476
0
0
0
1682191865.54159
msg_begin
7.75796e+06
-363668
-1.63559
0.00676793
0.0094093
0.000291934
0
0
0
1682191865.59161
msg_begin
7.75796e+06
-363668
-1.64868
0.00435855
0.0118814
0.000923858
0
0
0
1682191865.64171
msg_begin
7.75796e+06
-363668
-1.66267
0.0070313
0.0213122
0.00114648
0
0
0
1682191865.69157
msg_begin
7.75796e+06
-363669
-1.67043
0.000190749
0.00208521
0.00011063
0
0
0
1682191865.74155
msg_begin
7.75796e+06
-363669
-1.68962
0.00233499
0.00573013
0.000434042
0
0
0
1682191865.79142
msg_begin
7.75796e+06
-363670
-1.69735
0.00267557
0.00891985
0.000310805
0
0
0
1682191865.84139
msg_begin
7.75796e+06
-363670
-1.71102
0.00427283
0.0168782
0.000976888
0
0
0
1682191865.89124
msg_begin
7.75796e+06
-363670
-1.7216
0.000860262
0.0111302
0.000200895
0
0
0
1682191865.94115
msg_begin
7.75796e+06
-363671
-1.73073
0.00844832
0.00868003
0.000420731
0
0
0
1682191865.99101
msg_begin
7.75796e+06
-363671
-1.73951
0.00128601
0.000328768
0.000205669
0
0
0
1682191866.04085
msg_begin
7.75796e+06
-363672
-1.75031
0.0025796
0.00421667
0.000773624
0
0
0
1682191866.09078
msg_begin
7.75796e+06
-363672
-1.76206
0.00163824
0.00503087
0.00089025
0
0
0
1682191866.14063
msg_begin
7.75796e+06
-363673
-1.77632
0.00137008
0.00510493
0.000258967
0
0
0
1682191866.19061
msg_begin
7.75796e+06
-363673
-1.78644
0.00219685
0.0111114
0.00128944
0
0
0
1682191866.24049
msg_begin
7.75796e+06
-363673
-1.79949
0.00189521
0.00277336
0.000931469
0
0
0
1682191866.29047
msg_begin
7.75796e+06
-363674
-1.8099
0.00957075
0.0167888
0.00161607
0
0
0
1682191866.34039
msg_begin
7.75796e+06
-363674
-1.82416
0.00484915
0.00530046
0.00124196
0
0
0
1682191866.39037
msg_begin
7.75796e+06
-363675
-1.83467
0.0011806
0.00340902
0.000424504
0
0
0
1682191866.44029
msg_begin
7.75796e+06
-363675
-1.84308
0.00402373
0.00907189
0.00208265
0
0
0
1682191866.49025
msg_begin
7.75796e+06
-363675
-1.85555
0.008007
0.013427
0.000449526
0
0
0
1682191866.54012
msg_begin
7.75796e+06
-363676
-1.86786
0.00774342
0.0181355
0.000804159
0
0
0
1682191866.59011
msg_begin
7.75796e+06
-363676
-1.87819
0.00827134
0.00906153
0.000286812
0
0
0
1682191866.64004
msg_begin
7.75796e+06
-363677
-1.89084
0.00386315
0.0119765
0.000762001
0
0
0
1682191866.68997
msg_begin
7.75796e+06
-363677
-1.90179
1.67638e-08
5.23869e-10
1.77636e-15
0
0
0
1682191866.73997
msg_begin
7.75796e+06
-363677
-1.91843
0.00568884
0.0019911
0.000205918
0
0
0
1682191866.78992
msg_begin
7.75796e+06
-363678
-1.92863
0.000690449
0.00127018
3.3015e-05
0
0
0
1682191866.83999
msg_begin
7.75796e+06
-363678
-1.93929
9.31323e-08
0
1.11022e-15
0
0
0
1682191866.88990
msg_begin
7.75796e+06
-363679
-1.94723
0.0045378
0.00931535
0.00100862
0
0
0
1682191866.93989
msg_begin
7.75796e+06
-363679
-1.96267
0.000630711
0.00230207
0.000211258
0
0
0
1682191866.98983
msg_begin
7.75796e+06
-363679
-1.97642
0.00759482
0.0101067
0.00220609
0
0
0
1682191867.03978
msg_begin
7.75796e+06
-363680
-1.99224
0.00427956
0.0142668
0.000250519
0
0
0
1682191867.08979
msg_begin
7.75796e+06
-363680
-1.99931
0.00086886
0.00157043
0.000544356
0
0
0
1682191867.13974
msg_begin
7.75796e+06
-363681
-2.01268
0.00274325
0.00663535
0.000182943
0
0
0
1682191867.18973
msg_begin
7.75796e+06
-363681
-2.02886
0.00169338
0.00108119
0.000592366
0
0
0
1682191867.23972
msg_begin
7.75796e+06
-363681
-2.04666
4.65661e-09
9.31323e-10
3.55271e-15
0
0
0
1682191867.28971
msg_begin
7.75796e+06
-363682
-2.06315
5.12227e-08
5.82077e-11
1.77636e-15
0
0
0
1682191867.33966
msg_begin
7.75796e+06
-363682
-2.07728
0.000780105
0.00472961
0.000600235
0
0
0
1682191867.38965
msg_begin
7.75796e+06
-363683
-2.08773
0.00187158
0.00956626
0.00202091
0
0
0
1682191867.43967
msg_begin
7.75796e+06
-363683
-2.09662
0.0119563
0.00794382
0.000634821
0
0
0
1682191867.48964
msg_begin
7.75796e+06
-363683
-2.10428
0.000505465
0.000258928
8.56589e-05
0
0
0
1682191867.53956
msg_begin
7.75796e+06
-363684
-2.12018
0.0102194
0.0166313
0.00154432
0
0
0
1682191867.58944
msg_begin
7.75796e+06
-363684
-2.13324
0.00944184
0.0133441
0.000674307
0
0
0
1682191867.63945
msg_begin
7.75796e+06
-363684
-2.14843
0.0101076
0.0112209
0.00144234
0
0
0
1682191867.68938
msg_begin
7.75796e+06
-363685
-2.16307
0.0151879
0.0179452
0.00184886
0
0
0
1682191867.73938
msg_begin
7.75796e+06
-363685
-2.17167
0.010249
0.0189408
0.0012515
0
0
0
1682191867.78932
msg_begin
7.75796e+06
-363686
-2.18862
0.000955116
0.00200847
0.000294794
0
0
0
1682191867.83928
msg_begin
7.75796e+06
-363686
-2.20421
5.02914e-08
2.91038e-09
4.44089e-16
0
0
0
1682191867.88921
msg_begin
7.75796e+06
-363686
-2.21155
0.000819851
0.00306619
0.000238547
0
0
0
1682191867.93917
msg_begin
7.75796e+06
-363687
-2.22231
0.0299228
0.0417121
0.00235617
0
0
0
1682191867.98904
msg_begin
7.75796e+06
-363687
-2.23402
0.00492529
0.00822979
0.000410665
0
0
0
1682191868.03902
msg_begin
7.75796e+06
-363687
-2.24742
6.70552e-08
3.31784e-09
3.55271e-15
0
0
0
1682191868.08896
msg_begin
7.75796e+06
-363688
-2.25971
0.00537366
0.00506608
0.000817961
0
0
0
1682191868.13882
msg_begin
7.75796e+06
-363688
-2.27055
0.00260888
0.0121485
0.00145808
0
0
0
1682191868.18868
msg_begin
7.75796e+06
-363688
-2.28383
0.0132981
0.0134581
0.000884914
0
0
0
1682191868.23871
msg_begin
7.75796e+06
-363689
-2.29103
0.000745623
0.00597065
0.000414094
0
0
0
1682191868.28859
msg_begin
7.75796e+06
-363689
-2.30371
5.96046e-08
3.20142e-09
1.77636e-15
0
0
0
1682191868.33847
msg_begin
7.75796e+06
-363690
-2.31424
0.0116029
0.0167177
0.000529734
0
0
0
1682191868.38836
msg_begin
7.75795e+06
-363690
-2.32781
0.0155876
0.0301206
0.00254972
0
0
0
1682191868.43830
msg_begin
7.75795e+06
-363690
-2.33536
0.0138089
0.0199209
0.00131593
0
0
0
1682191868.48825
msg_begin
7.75795e+06
-363691
-2.34987
0.00263553
0.00457255
0.00055365
0
0
0
1682191868.53826
msg_begin
7.75795e+06
-363691
-2.36023
0.00765283
0.00759661
0.000740762
0
0
0
1682191868.58821
msg_begin
7.75795e+06
-363691
-2.3708
0.00850105
0.00793656
0.000249875
0
0
0
1682191868.63819
msg_begin
7.75795e+06
-363692
-2.37619
0.00511546
0.00103474
0.000919804
0
0
0
1682191868.68813
msg_begin
7.75795e+06
-363692
-2.38514
0.00649775
0.0067557
0.000190353
0
0
0
1682191868.73805
msg_begin
7.75795e+06
-363692
-2.39643
0.0576133
0.0498276
0.000640261
0
0
0
1682191868.78818
msg_begin
7.75795e+06
-363693
-2.40052
6.0536e-08
3.14321e-09
4.44089e-15
0
0
0
1682191868.83794
msg_begin
7.75795e+06
-363693
-2.40699
0.0100816
0.00822026
0.000663481
0
0
0
1682191868.88790
msg_begin
7.75795e+06
-363693
-2.41842
0.0121614
0.0096707
0.000940617
0
0
0
1682191868.93786
msg_begin
7.75795e+06
-363693
-2.42118
0.0273192
0.030205
0.00120473
0
0
0
1682191868.98784
msg_begin
7.75795e+06
-363694
-2.42874
0.0170291
0.0134304
0.000791306
0
0
0
1682191869.03777
msg_begin
7.75795e+06
-363694
-2.43512
0.0031149
0.00759627
0.00030214
0
0
0
1682191869.08770
msg_begin
7.75795e+06
-363694
-2.4424
0.0222789
0.0241843
0.00102512
0
0
0
1682191869.13761
msg_begin
7.75795e+06
-363695
-2.44772
0.00620849
0.00537157
0.00160709
0
0
0
1682191869.18752
msg_begin
7.75795e+06
-363695
-2.4557
0.0128584
0.0140943
0.000760803
0
0
0
1682191869.23746
msg_begin
7.75795e+06
-363695
-2.45974
0.0205168
0.0189772
0.00131949
0
0
0
1682191869.28747
msg_begin
7.75795e+06
-363696
-2.46643
0.0315222
0.0209442
0.000976834
0
0
0
1682191869.33740
msg_begin
7.75795e+06
-363696
-2.46959
0.0155857
0.0129823
0.000488136
0
0
0
1682191869.38729
msg_begin
7.75795e+06
-363696
-2.47371
0.00868333
0.00502697
0.000504363
0
0
0
1682191869.43716
msg_begin
7.75795e+06
-363697
-2.47996
0.0131074
0.00507944
0.000202527
0
0
0
1682191869.48706
msg_begin
7.75795e+06
-363697
-2.48355
0.0505199
0.0398183
0.000572595
0
0
0
1682191869.53690
msg_begin
7.75795e+06
-363697
-2.48455
0.0214576
0.0152633
0.00115601
0
0
0
1682191869.58678
msg_begin
7.75795e+06
-363698
-2.48748
0.0131739
0.0106762
0.00068516
0
0
0
1682191869.63695
msg_begin
7.75795e+06
-363698
-2.48834
0.0159736
0.0112273
0.00068711
0
0
0
1682191869.68658
msg_begin
7.75795e+06
-363698
-2.48795
0.00411801
0.00285375
0.000675477
0
0
0
1682191869.73637
msg_begin
7.75795e+06
-363698
-2.49035
0.000973408
0.000890221
0.000210662
0
0
0
1682191869.78725
msg_begin
7.75794e+06
-363699
-2.49063
0.010775
0.0103875
0.000420029
0
0
0
1682191869.83612
msg_begin
7.75794e+06
-363699
-2.48983
0.00472511
0.0147318
0.00102334
0
0
0
1682191869.88611
msg_begin
7.75794e+06
-363699
-2.48869
0.0189774
0.00672678
0.000791879
0
0
0
1682191869.93607
msg_begin
7.75794e+06
-363700
-2.48721
0.00353691
0.00164287
0.000500436
0
0
0
1682191869.98722
msg_begin
7.75794e+06
-363700
-2.4862
0.00803271
0.00892657
0.000225963
0
0
0
1682191870.03618
msg_begin
7.75794e+06
-363700
-2.48601
0.000940049
0.0011936
4.12721e-05
0
0
0
1682191870.08614
msg_begin
7.75794e+06
-363701
-2.48627
0.00901557
0.00406538
0.000187808
0
0
0
1682191870.13615
msg_begin
7.75794e+06
-363701
-2.48543
0.0231879
0.00542569
0.00053167
0
0
0
1682191870.18621
msg_begin
7.75794e+06
-363701
-2.48407
0.0250299
0.00849947
0.00019949
0
0
0
1682191870.23621
msg_begin
7.75794e+06
-363702
-2.48603
0.000119512
0.00106403
4.13953e-06
0
0
0
1682191870.28625
msg_begin
7.75794e+06
-363702
-2.48693
0.0034963
0.00944825
0.000581656
0
0
0
1682191870.33614
msg_begin
7.75794e+06
-363702
-2.48734
0.00642486
0.00535012
0.000426049
0
0
0
1682191870.38616
msg_begin
7.75794e+06
-363702
-2.48738
0.00711562
0.00805601
0.000542545
0
0
0
1682191870.43607
msg_begin
7.75794e+06
-363703
-2.48741
0.0101569
0.00814403
0.000482909
0
0
0
1682191870.48600
msg_begin
7.75794e+06
-363703
-2.49031
0.0189616
0.0199634
0.00237816
0
0
0
1682191870.53600
msg_begin
7.75794e+06
-363703
-2.49168
0.00882915
0.00832823
0.00110449
0
0
0
1682191870.58592
msg_begin
7.75794e+06
-363704
-2.49373
0.0231557
0.018893
0.00118377
0
0
0
1682191870.63589
msg_begin
7.75794e+06
-363704
-2.49416
0.0191227
0.0293005
0.00118098
0
0
0
1682191870.68588
msg_begin
7.75794e+06
-363704
-2.49642
0.0507445
0.0445219
0.00243898
0
0
0
1682191870.73587
msg_begin
7.75794e+06
-363704
-2.4991
0.000970931
0.000493519
4.02676e-05
0
0
0
1682191870.78593
msg_begin
7.75794e+06
-363705
-2.49868
0.0104653
0.0060335
0.000312531
0
0
0
1682191870.83586
msg_begin
7.75794e+06
-363705
-2.49662
0.034225
0.0179018
0.000486624
0
0
0
1682191870.88586
msg_begin
7.75794e+06
-363705
-2.49651
0.0139205
0.0195899
0.00150243
0
0
0
1682191870.93579
msg_begin
7.75794e+06
-363706
-2.49204
5.40167e-08
1.74623e-10
2.66454e-15
0
0
0
1682191870.98580
msg_begin
7.75794e+06
-363706
-2.49309
0.00697355
0.00465216
0.000592063
0
0
0
1682191871.03573
msg_begin
7.75793e+06
-363706
-2.49215
0.0269504
0.0211685
0.000816097
0
0
0
1682191871.08575
msg_begin
7.75793e+06
-363707
-2.49506
0.00623215
0.00283796
0.000309411
0
0
0
1682191871.13568
msg_begin
7.75793e+06
-363707
-2.49567
0.0328039
0.0179704
0.00222916
0
0
0
1682191871.18563
msg_begin
7.75793e+06
-363707
-2.49602
0.0128295
0.0157935
0.00111826
0
0
0
1682191871.23562
msg_begin
7.75793e+06
-363708
-2.49573
0.00961602
0.00994371
0.000536489
0
0
0
1682191871.28565
msg_begin
7.75793e+06
-363708
-2.49649
0.00759029
0.00508655
0.000150732
0
0
0
1682191871.33553
msg_begin
7.75793e+06
-363708
-2.49561
0.00304479
0.00430666
0.00047121
0
0
0
1682191871.38551
msg_begin
7.75793e+06
-363709
-2.49961
0.00976405
0.00514956
0.000234485
0
0
0
1682191871.43543
msg_begin
7.75793e+06
-363709
-2.49736
0.00866557
0.00335437
0.000329181
0
0
0
1682191871.48542
msg_begin
7.75793e+06
-363709
-2.49998
0.0433336
0.0206071
0.000895481
0
0
0
1682191871.53532
msg_begin
7.75793e+06
-363710
-2.49924
0.00182602
0.00520598
0.000242631
0
0
0
1682191871.58525
msg_begin
7.75793e+06
-363710
-2.50109
0.0516499
0.0449816
0.0020115
0
0
0
1682191871.63517
msg_begin
7.75793e+06
-363710
-2.50274
0.00263677
0.00348236
0.000316682
0
0
0
1682191871.68518
msg_begin
7.75793e+06
-363711
-2.502
1.11759e-08
6.98492e-10
1.77636e-15
0
0
0
1682191871.73509
msg_begin
7.75793e+06
-363711
-2.50203
0.0441758
0.0416818
0.00112366
0
0
0
1682191871.78506
msg_begin
7.75793e+06
-363711
-2.50165
0.0104185
0.00902933
0.00101541
0
0
0
1682191871.83501
msg_begin
7.75793e+06
-363712
-2.50089
0.00861762
0.0098545
0.00113228
0
0
0
1682191871.88503
msg_begin
7.75793e+06
-363712
-2.50147
0.00314103
0.00135326
0.000149584
0
0
0
1682191871.93497
msg_begin
7.75793e+06
-363712
-2.50083
0.0187273
0.0213288
0.000935914
0
0
0
1682191871.98488
msg_begin
7.75793e+06
-363713
-2.49987
0.000273293
0.000131502
7.92173e-05
0
0
0
1682191872.03616
msg_begin
7.75793e+06
-363713
-2.50407
1.76951e-08
1.22236e-09
8.88178e-16
0
0
0
1682191872.08481
msg_begin
7.75793e+06
-363713
-2.50146
0.000153133
2.38905e-05
1.086e-06
0
0
0
1682191872.13470
msg_begin
7.75793e+06
-363714
-2.50188
0.0227907
0.0225205
0.000506564
0
0
0
1682191872.18459
msg_begin
7.75793e+06
-363714
-2.50283
1.7618e-05
0.0005038
5.90491e-05
0
0
0
1682191872.23448
msg_begin
7.75792e+06
-363714
-2.50181
0.0187195
0.0184623
0.000939562
0
0
0
1682191872.28443
msg_begin
7.75792e+06
-363714
-2.50521
0.00247207
0.00720433
0.00104341
0
0
0
1682191872.33438
msg_begin
7.75792e+06
-363715
-2.50345
0.00296894
0.0114595
0.000309311
0
0
0
1682191872.38439
msg_begin
7.75792e+06
-363715
-2.50084
0.00622934
0.0023884
0.000417282
0
0
0
1682191872.43439
msg_begin
7.75792e+06
-363715
-2.50343
0.0252494
0.0155659
0.00134141
0
0
0
1682191872.48441
msg_begin
7.75792e+06
-363716
-2.50012
0.00425423
0.000921535
0.000195871
0
0
0
1682191872.53443
msg_begin
7.75792e+06
-363716
-2.50045
7.63685e-08
2.09548e-09
2.66454e-15
0
0
0
1682191872.58443
msg_begin
7.75792e+06
-363716
-2.5003
0.00064111
0.00126381
8.80212e-05
0
0
0
1682191872.63442
msg_begin
7.75792e+06
-363717
-2.49873
0.0085931
0.00855083
0.00103594
0
0
0
1682191872.68435
msg_begin
7.75792e+06
-363717
-2.49876
0.0103282
0.00765025
0.000737622
0
0
0
1682191872.73434
msg_begin
7.75792e+06
-363717
-2.49973
0.0190877
0.026661
0.00144316
0
0
0
1682191872.78429
msg_begin
7.75792e+06
-363718
-2.50322
0.0143349
0.00453398
0.000932648
0
0
0
1682191872.83437
msg_begin
7.75792e+06
-363718
-2.50266
0.00147045
0.0011608
0.000230631
0
0
0
1682191872.88426
msg_begin
7.75792e+06
-363718
-2.50224
0.00200129
0.00129133
0.000523753
0
0
0
1682191872.93428
msg_begin
7.75792e+06
-363719
-2.4985
0.00285587
0.0022439
0.000131794
0
0
0
1682191872.98418
msg_begin
7.75792e+06
-363719
-2.49828
0.0105007
0.00553512
0.000786361
0
0
0
1682191873.03475
msg_begin
7.75792e+06
-363719
-2.50099
0.00458415
0.00390203
0.000287369
0
0
0
1682191873.08412
msg_begin
7.75792e+06
-363720
-2.50254
0.00812813
0.00870184
0.000576952
0
0
0
1682191873.13410
msg_begin
7.75792e+06
-363720
-2.50099
0.00485081
0.00209009
0.000156868
0
0
0
1682191873.18408
msg_begin
7.75792e+06
-363720
-2.50002
0.00337057
0.000624581
0.000105287
0
0
0
1682191873.23464
msg_begin
7.75792e+06
-363721
-2.501
0.0281317
0.0122959
0.000621669
0
0
0
1682191873.28399
msg_begin
7.75792e+06
-363721
-2.49887
7.45058e-09
6.98492e-10
4.44089e-15
0
0
0
1682191873.33395
msg_begin
7.75792e+06
-363721
-2.49771
0.0121328
0.00596504
0.00130568
0
0
0
1682191873.38391
msg_begin
7.75791e+06
-363722
-2.49884
0.00445501
0.00657648
0.00126687
0
0
0
1682191873.43485
msg_begin
7.75791e+06
-363722
-2.49946
8.3819e-09
1.74623e-09
3.55271e-15
0
0
0
1682191873.48398
msg_begin
7.75791e+06
-363723
-2.5003
0.00369026
0.00136095
0.00026096
0
0
0
1682191873.53392
msg_begin
7.75791e+06
-363723
-2.49994
1.67638e-08
2.38651e-09
3.55271e-15
0
0
0
1682191873.58382
msg_begin
7.75791e+06
-363723
-2.4987
0.0167953
0.0126247
0.00039312
0
0
0
1682191873.63458
msg_begin
7.75791e+06
-363724
-2.49635
0.00491573
0.00250474
0.000370983
0
0
0
1682191873.68369
msg_begin
7.75791e+06
-363724
-2.4974
5.7742e-08
2.91038e-10
2.66454e-15
0
0
0
1682191873.73360
msg_begin
7.75791e+06
-363724
-2.50039
0.00189134
0.000856442
0.000602678
0
0
0
1682191873.78357
msg_begin
7.75791e+06
-363725
-2.50294
0.00758962
0.00850734
0.00120578
0
0
0
1682191873.83431
msg_begin
7.75791e+06
-363725
-2.50153
0.0082772
0.0043963
0.00109863
0
0
0
1682191873.88335
msg_begin
7.75791e+06
-363725
-2.5009
1.21072e-08
2.79397e-09
3.10862e-15
0
0
0
1682191873.93340
msg_begin
7.75791e+06
-363726
-2.50083
0.00251684
0.00346109
6.48566e-05
0
0
0
1682191873.98327
msg_begin
7.75791e+06
-363726
-2.50025
0.0120652
0.0113217
0.000548456
0
0
0
1682191874.03430
msg_begin
7.75791e+06
-363726
-2.50042
0.00859218
0.011816
4.46279e-05
0
0
0
1682191874.08318
msg_begin
7.75791e+06
-363727
-2.50357
8.3819e-09
5.82077e-10
8.88178e-16
0
0
0
1682191874.13308
msg_begin
7.75791e+06
-363727
-2.50312
0.00914912
0.0107352
0.000941092
0
0
0
1682191874.18308
msg_begin
7.75791e+06
-363727
-2.50274
0.0141145
0.00889342
0.000836509
0
0
0
1682191874.23423
msg_begin
7.75791e+06
-363728
-2.50458
0.00207565
0.00118365
0.000151135
0
0
0
1682191874.28288
msg_begin
7.75791e+06
-363728
-2.5045
0.0103887
0.00964137
0.0003866
0
0
0
1682191874.33281
msg_begin
7.75791e+06
-363728
-2.50466
0.00400273
0.00318423
0.000184065
0
0
0
1682191874.38275
msg_begin
7.75791e+06
-363729
-2.50348
0.00661191
0.00308385
0.000441878
0
0
0
1682191874.43384
msg_begin
7.75791e+06
-363729
-2.50453
0.0204843
0.020307
0.000718659
0
0
0
1682191874.48254
msg_begin
7.7579e+06
-363729
-2.50291
0.00413642
0.00420133
0.000171929
0
0
0
1682191874.53252
msg_begin
7.7579e+06
-363730
-2.504
0.00849341
0.0075152
0.000382364
0
0
0
1682191874.58249
msg_begin
7.7579e+06
-363730
-2.50661
0.00132541
0.00310839
0.000180096
0
0
0
1682191874.63315
msg_begin
7.7579e+06
-363730
-2.50682
0.0274483
0.0159445
0.00115089
0
0
0
1682191874.68230
msg_begin
7.7579e+06
-363731
-2.50594
0.0010988
0.000451771
7.35225e-05
0
0
0
1682191874.73217
msg_begin
7.7579e+06
-363731
-2.50634
0.0256863
0.0187682
0.000492129
0
0
0
1682191874.78218
msg_begin
7.7579e+06
-363731
-2.50805
0.00364787
0.00242362
0.000383249
0
0
0
1682191874.83320
msg_begin
7.7579e+06
-363732
-2.50629
0.0074725
0.00579653
0.000326304
0
0
0
1682191874.88206
msg_begin
7.7579e+06
-363732
-2.50731
0.0123924
0.00646811
0.000386707
0
0
0
1682191874.93201
msg_begin
7.7579e+06
-363733
-2.50994
1.30385e-08
5.82077e-10
1.77636e-15
0
0
0
1682191874.98190
msg_begin
7.7579e+06
-363733
-2.51083
5.30854e-08
2.32831e-10
1.33227e-15
0
0
0
1682191875.03311
msg_begin
7.7579e+06
-363733
-2.51068
0.00194798
0.000836811
7.44823e-05
0
0
0
1682191875.08181
msg_begin
7.7579e+06
-363734
-2.50932
0.000781123
0.00253045
0.000521607
0
0
0
1682191875.13178
msg_begin
7.7579e+06
-363734
-2.50821
0.00216769
0.00890052
0.000668139
0
0
0
1682191875.18178
msg_begin
7.7579e+06
-363734
-2.50837
0.0131087
0.0138309
0.00194074
0
0
0
1682191875.23262
msg_begin
7.7579e+06
-363735
-2.5081
5.86733e-08
2.50293e-09
1.77636e-15
0
0
0
1682191875.28169
msg_begin
7.7579e+06
-363735
-2.50999
0.00370877
0.00210905
0.000159737
0
0
0
1682191875.33167
msg_begin
7.7579e+06
-363735
-2.5101
4.69889e-05
8.19764e-05
1.24248e-05
0
0
0
1682191875.38158
msg_begin
7.7579e+06
-363736
-2.51093
0.0120476
0.0173147
0.000648066
0
0
0
1682191875.43272
msg_begin
7.7579e+06
-363736
-2.51268
0.00794446
0.00664967
0.00153018
0
0
0
1682191875.48148
msg_begin
7.7579e+06
-363736
-2.5099
0.000803358
0.000180016
4.67446e-05
0
0
0
1682191875.53148
msg_begin
7.7579e+06
-363737
-2.51373
0.011083
0.00842486
0.000509474
0
0
0
1682191875.58143
msg_begin
7.75789e+06
-363737
-2.51548
0.00829362
0.00622466
0.000475078
0
0
0
1682191875.63236
msg_begin
7.75789e+06
-363737
-2.51548
0.0026568
0.00263866
7.28909e-05
0
0
0
1682191875.68133
msg_begin
7.75789e+06
-363738
-2.51504
0.0208578
0.0109519
0.000621926
0
0
0
1682191875.73138
msg_begin
7.75789e+06
-363738
-2.51784
0.000903199
0.000407498
8.25189e-05
0
0
0
1682191875.78144
msg_begin
7.75789e+06
-363738
-2.51507
0.00924897
0.00596091
0.000619192
0
0
0
1682191875.83197
msg_begin
7.75789e+06
-363739
-2.5153
0.00465256
0.00350589
0.000209026
0
0
0
1682191875.88132
msg_begin
7.75789e+06
-363739
-2.51614
4.28408e-08
2.32831e-09
4.44089e-16
0
0
0
1682191875.93126
msg_begin
7.75789e+06
-363739
-2.51759
0.00127174
0.000625781
6.16545e-05
0
0
0
1682191875.98128
msg_begin
7.75789e+06
-363740
-2.51894
0.00137632
0.00127973
0.000108809
0
0
0
1682191876.03196
msg_begin
7.75789e+06
-363740
-2.51834
0.046018
0.0366826
3.87017e-05
0
0
0
1682191876.08105
msg_begin
7.75789e+06
-363740
-2.52016
7.82311e-08
1.5134e-09
0
0
0
0
1682191876.13101
msg_begin
7.75789e+06
-363741
-2.52095
0.000448918
0.000750181
0.000248625
0
0
0
1682191876.18093
msg_begin
7.75789e+06
-363741
-2.52015
0.0143878
0.0102923
0.00155148
0
0
0
1682191876.23170
msg_begin
7.75789e+06
-363741
-2.51826
0.0239518
0.020431
0.000178822
0
0
0
1682191876.28084
msg_begin
7.75789e+06
-363742
-2.51762
0.00314686
0.00444728
0.000142463
0
0
0
1682191876.33057
msg_begin
7.75789e+06
-363742
-2.5177
0.000444658
0.00227317
8.13113e-05
0
0
0
1682191876.38050
msg_begin
7.75789e+06
-363743
-2.5189
0.00566139
0.00412199
0.000493772
0
0
0
1682191876.43134
msg_begin
7.75789e+06
-363743
-2.51952
0.00814179
0.00286438
0.000359985
0
0
0
1682191876.48030
msg_begin
7.75789e+06
-363743
-2.52087
1.38576e-05
0.000752314
3.49395e-05
0
0
0
1682191876.53023
msg_begin
7.75789e+06
-363744
-2.51885
0.00186501
0.00190094
0.000122109
0
0
0
1682191876.58015
msg_begin
7.75789e+06
-363744
-2.52018
0.00654639
0.00543746
0.00151726
0
0
0
1682191876.63076
msg_begin
7.75789e+06
-363744
-2.51849
0.00769163
0.00559104
0.000139571
0
0
0
1682191876.67987
msg_begin
7.75788e+06
-363745
-2.52094
0.000801595
0.000302557
1.58684e-05
0
0
0
1682191876.72973
msg_begin
7.75788e+06
-363745
-2.52128
0.028141
0.0274318
0.001105
0
0
0
1682191876.77966
msg_begin
7.75788e+06
-363746
-2.51923
6.42613e-08
3.0268e-09
3.10862e-15
0
0
0
1682191876.87948
msg_begin
7.75788e+06
-363746
-2.51871
0.00584077
0.00402658
0.000198854
0
0
0
1682191876.92938
msg_begin
7.75788e+06
-363746
-2.51654
0.00123367
0.00544812
0.000379261
0
0
0
1682191876.97933
msg_begin
7.75788e+06
-363747
-2.51813
0.000433071
0.000637553
0.000107291
0
0
0
1682191877.02989
msg_begin
7.75788e+06
-363747
-2.51807
0.00678673
0.00128684
0.000803459
0
0
0
1682191877.07919
msg_begin
7.75788e+06
-363747
-2.51836
0.00932104
0.00612469
0.000585267
0
0
0
1682191877.12915
msg_begin
7.75788e+06
-363748
-2.51935
0.00885274
0.00888729
0.00241212
0
0
0
1682191877.17917
msg_begin
7.75788e+06
-363748
-2.51683
0.00102244
0.0011859
0.000104789
0
0
0
1682191877.22966
msg_begin
7.75788e+06
-363748
-2.51814
9.31323e-09
3.66708e-09
4.44089e-15
0
0
0
1682191877.27894
msg_begin
7.75788e+06
-363749
-2.52056
0.0174744
0.0128308
0.00132516
0
0
0
1682191877.32893
msg_begin
7.75788e+06
-363749
-2.52061
0.00592165
0.00418894
0.0003977
0
0
0
1682191877.37900
msg_begin
7.75788e+06
-363749
-2.52033
0.00967177
0.00547866
0.000707064
0
0
0
1682191877.42937
msg_begin
7.75788e+06
-363750
-2.51985
0.00354488
0.00535427
0.000192759
0
0
0
1682191877.47883
msg_begin
7.75788e+06
-363750
-2.51873
0.0241889
0.0186758
0.000187311
0
0
0
1682191877.52877
msg_begin
7.75788e+06
-363750
-2.51602
5.68107e-08
2.91038e-09
1.77636e-15
0
0
0
1682191877.57889
msg_begin
7.75788e+06
-363751
-2.51764
0.0166168
0.0104385
0.000585488
0
0
0
1682191877.62919
msg_begin
7.75788e+06
-363751
-2.51581
0.00738611
0.00531462
0.000334514
0
0
0
1682191877.67874
msg_begin
7.75788e+06
-363751
-2.51668
0.00387929
0.00374128
0.000502389
0
0
0
1682191877.72864
msg_begin
7.75788e+06
-363752
-2.51873
0.00449043
0.00354962
0.000138013
0
0
0
1682191877.77854
msg_begin
7.75787e+06
-363752
-2.51823
0.0156138
0.0120224
0.000540066
0
0
0
1682191877.82897
msg_begin
7.75787e+06
-363752
-2.51687
0.000711996
0.00021349
9.16805e-06
0
0
0
1682191877.87826
msg_begin
7.75787e+06
-363753
-2.51757
0.00627113
0.00123296
0.000149661
0
0
0
1682191877.92814
msg_begin
7.75787e+06
-363753
-2.51601
5.96046e-08
1.28057e-09
3.10862e-15
0
0
0
1682191877.97802
msg_begin
7.75787e+06
-363753
-2.51427
0.00642692
0.0175935
0.000509171
0
0
0
1682191878.02822
msg_begin
7.75787e+06
-363754
-2.51106
0.0448222
0.0152992
0.00140341
0
0
0
1682191878.07776
msg_begin
7.75787e+06
-363754
-2.51215
0.0492049
0.0433262
0.00101072
0
0
0
1682191878.12765
msg_begin
7.75787e+06
-363754
-2.50964
0.000987055
0.00156512
6.1533e-05
0
0
0
1682191878.17756
msg_begin
7.75787e+06
-363755
-2.51059
0.00825557
0.00965663
0.000380402
0
0
0
1682191878.22766
msg_begin
7.75787e+06
-363755
-2.5112
0.0126447
0.0125819
0.000403776
0
0
0
1682191878.27740
msg_begin
7.75787e+06
-363755
-2.51126
0.0471328
0.0431585
0.00133577
0
0
0
1682191878.32732
msg_begin
7.75787e+06
-363756
-2.50958
0.0161967
0.0213628
0.000149521
0
0
0
1682191878.37721
msg_begin
7.75787e+06
-363756
-2.50686
0.00643988
0.00228782
0.000425983
0
0
0
1682191878.42753
msg_begin
7.75787e+06
-363756
-2.50811
0.0030214
0.00797937
0.000270217
0
0
0
1682191878.47710
msg_begin
7.75787e+06
-363757
-2.50751
0.00403551
0.00536137
0.000608177
0
0
0
1682191878.52708
msg_begin
7.75787e+06
-363757
-2.50827
0.00225928
0.000571884
7.56854e-05
0
0
0
1682191878.57706
msg_begin
7.75787e+06
-363757
-2.50625
0.0189673
0.00801191
3.82293e-05
0
0
0
1682191878.62734
msg_begin
7.75787e+06
-363758
-2.50356
0.0154206
0.0162367
0.0015243
0
0
0
1682191878.67700
msg_begin
7.75787e+06
-363758
-2.50566
0.00126506
0.00102292
0.000199787
0
0
0
1682191878.72697
msg_begin
7.75787e+06
-363758
-2.50568
0.004551
0.00450136
0.00076082
0
0
0
1682191878.77698
msg_begin
7.75787e+06
-363759
-2.50604
0.011868
0.00322021
8.54069e-05
0
0
0
1682191878.82711
msg_begin
7.75787e+06
-363759
-2.50514
0.0237539
0.021091
0.000761474
0
0
0
1682191878.87685
msg_begin
7.75786e+06
-363759
-2.50097
0.00959027
0.0151886
0.000449646
0
0
0
1682191878.92678
msg_begin
7.75786e+06
-363760
-2.50368
0.00208236
0.00291877
0.000255004
0
0
0
1682191878.97671
msg_begin
7.75786e+06
-363760
-2.50094
0.0077532
0.00604222
0.000543849
0
0
0
1682191879.02678
msg_begin
7.75786e+06
-363760
-2.50065
0.00354792
0.00989972
0.000576703
0
0
0
1682191879.07643
msg_begin
7.75786e+06
-363760
-2.50207
0.000635051
0.000509658
0.000121956
0
0
0
1682191879.12633
msg_begin
7.75786e+06
-363761
-2.50204
0.0192446
0.014433
0.000595756
0
0
0
1682191879.17622
msg_begin
7.75786e+06
-363761
-2.50424
0.0228592
0.0140491
0.0020414
0
0
0
1682191879.22632
msg_begin
7.75786e+06
-363761
-2.50153
6.42613e-08
1.74623e-10
3.9968e-15
0
0
0
1682191879.27604
msg_begin
7.75786e+06
-363762
-2.50233
0.00312547
0.00320014
0.00051132
0
0
0
1682191879.32590
msg_begin
7.75786e+06
-363762
-2.50145
0.00790854
0.00243404
0.00045988
0
0
0
1682191879.37594
msg_begin
7.75786e+06
-363762
-2.50143
0.00206646
0.0013939
0.000127222
0
0
0
1682191879.42584
msg_begin
7.75786e+06
-363763
-2.50066
1.11759e-08
2.61934e-09
2.22045e-15
0
0
0
1682191879.47571
msg_begin
7.75786e+06
-363763
-2.4997
0.0109892
0.00690257
0.000530802
0
0
0
1682191879.52562
msg_begin
7.75786e+06
-363763
-2.49996
0.00280288
0.000532447
6.12195e-05
0
0
0
1682191879.57588
msg_begin
7.75786e+06
-363763
-2.49922
0.0226285
0.0172002
0.000102977
0
0
0
1682191879.62552
msg_begin
7.75786e+06
-363764
-2.49743
0.00373308
0.00964013
0.000427528
0
0
0
1682191879.67545
msg_begin
7.75786e+06
-363764
-2.49687
0.00339522
0.00326711
0.000215168
0
0
0
1682191879.72547
msg_begin
7.75786e+06
-363764
-2.49855
0.00591055
0.00743582
0.000414903
0
0
0
1682191879.77552
msg_begin
7.75786e+06
-363765
-2.49766
0.00119151
0.00034282
4.6882e-05
0
0
0
1682191879.82524
msg_begin
7.75786e+06
-363765
-2.49721
0.00641636
0.00462605
0.000858083
0
0
0
1682191879.87523
msg_begin
7.75786e+06
-363765
-2.49553
0.00812138
0.000488224
0.000121368
0
0
0
1682191879.92515
msg_begin
7.75786e+06
-363766
-2.4955
0.0315821
0.0339694
0.000701303
0
0
0
1682191879.97507
msg_begin
7.75786e+06
-363766
-2.49461
4.65661e-08
2.85218e-09
2.22045e-15
0
0
0
1682191880.02493
msg_begin
7.75786e+06
-363766
-2.49457
0.0331457
0.0256118
0.00172587
0
0
0
1682191880.07473
msg_begin
7.75786e+06
-363767
-2.49177
7.26432e-08
1.16415e-10
2.22045e-15
0
0
0
1682191880.12456
msg_begin
7.75786e+06
-363767
-2.49243
0.0248281
0.0210685
0.00159109
0
0
0
1682191880.17557
msg_begin
7.75785e+06
-363767
-2.48994
0.0171602
0.0112418
0.00103128
0
0
0
1682191880.22437
msg_begin
7.75785e+06
-363767
-2.49008
0.00223721
0.001858
0.000113139
0
0
0
1682191880.27420
msg_begin
7.75785e+06
-363768
-2.48918
0.00272114
0.00392002
0.000476734
0
0
0
1682191880.32419
msg_begin
7.75785e+06
-363768
-2.48914
0.0263625
0.0204305
0.000327346
0
0
0
1682191880.37408
msg_begin
7.75785e+06
-363768
-2.4892
0.00652378
0.010367
0.000567335
0
0
0
1682191880.42397
msg_begin
7.75785e+06
-363769
-2.48763
0.00410701
0.00086656
0.000215601
0
0
0
1682191880.47394
msg_begin
7.75785e+06
-363769
-2.48791
0.00896663
0.00643405
0.000465102
0
0
0
1682191880.52379
msg_begin
7.75785e+06
-363769
-2.49051
0.00360819
0.00448151
0.000255991
0
0
0
1682191880.57378
msg_begin
7.75785e+06
-363770
-2.49205
0.00208596
0.00531905
0.000578954
0
0
0
1682191880.62366
msg_begin
7.75785e+06
-363770
-2.4927
0.00219081
0.00191301
9.35382e-05
0
0
0
1682191880.67364
msg_begin
7.75785e+06
-363770
-2.49038
0.00303042
0.00179114
0.000194248
0
0
0
1682191880.72347
msg_begin
7.75785e+06
-363770
-2.49045
0.000395787
0.000937249
2.10769e-05
0
0
0
1682191880.77341
msg_begin
7.75785e+06
-363771
-2.49008
0.00924182
0.00192836
0.000287983
0
0
0
1682191880.82335
msg_begin
7.75785e+06
-363771
-2.48843
7.07805e-08
3.49246e-10
1.33227e-15
0
0
0
1682191880.87334
msg_begin
7.75785e+06
-363771
-2.48669
0.00406545
0.00754708
0.00053083
0
0
0
1682191880.92327
msg_begin
7.75785e+06
-363772
-2.48676
0.00702908
0.0059773
0.00016182
0
0
0
1682191880.97434
msg_begin
7.75785e+06
-363772
-2.4864
0.00282879
0.00206027
0.00055209
0
0
0
1682191881.02306
msg_begin
7.75785e+06
-363772
-2.4876
0.00663399
0.00319659
0.000304194
0
0
0
1682191881.07288
msg_begin
7.75785e+06
-363773
-2.48729
0.00144435
0.00206328
3.31206e-05
0
0
0
1682191881.12278
msg_begin
7.75785e+06
-363773
-2.48681
0.00419633
0.00270997
0.00027695
0
0
0
1682191881.17260
msg_begin
7.75785e+06
-363773
-2.48414
0.0126447
0.00638846
0.000557749
0
0
0
1682191881.22240
msg_begin
7.75785e+06
-363773
-2.48599
0.00126698
0.000511748
6.60632e-05
0
0
0
1682191881.27221
msg_begin
7.75785e+06
-363774
-2.48519
0.0350843
0.0289199
0.000823549
0
0
0
1682191881.32213
msg_begin
7.75785e+06
-363774
-2.48504
0.00281935
0.00261294
9.08819e-05
0
0
0
1682191881.37273
msg_begin
7.75785e+06
-363774
-2.48345
0.0058552
0.00614709
0.000238069
0
0
0
1682191881.42170
msg_begin
7.75785e+06
-363775
-2.48313
0.0104872
0.00442532
0.000167817
0
0
0
1682191881.47153
msg_begin
7.75784e+06
-363775
-2.4833
0.00163038
0.000872017
8.39717e-05
0
0
0
1682191881.52147
msg_begin
7.75784e+06
-363775
-2.48333
0.00666286
0.00662896
0.000308819
0
0
0
1682191881.57238
msg_begin
7.75784e+06
-363775
-2.48376
0.00501463
0.00174942
0.000301494
0
0
0
1682191881.62113
msg_begin
7.75784e+06
-363776
-2.48312
0.000790019
0.00107738
4.85965e-05
0
0
0
1682191881.67098
msg_begin
7.75784e+06
-363776
-2.48423
0.00653493
0.00095884
0.000477842
0
0
0
1682191881.72087
msg_begin
7.75784e+06
-363776
-2.48346
0.00378433
0.00380984
0.000778131
0
0
0
1682191881.77166
msg_begin
7.75784e+06
-363777
-2.48406
0.0156957
0.00865566
0.00100416
0
0
0
1682191881.82065
msg_begin
7.75784e+06
-363777
-2.48533
0.00202691
0.00364257
3.89119e-05
0
0
0
1682191881.87054
msg_begin
7.75784e+06
-363777
-2.48624
0.00826363
0.00831136
0.000450072
0
0
0
1682191881.92050
msg_begin
7.75784e+06
-363778
-2.48436
0.00161719
0.00121663
9.92914e-05
0
0
0
1682191881.97128
msg_begin
7.75784e+06
-363778
-2.48515
0.00266525
0.000990847
0.000124415
0
0
0
1682191882.02016
msg_begin
7.75784e+06
-363778
-2.48568
0.00076327
0.00186136
4.87617e-05
0
0
0
1682191882.07008
msg_begin
7.75784e+06
-363778
-2.48643
0.00414229
0.00457652
0.000735304
0
0
0
1682191882.12014
msg_begin
7.75784e+06
-363779
-2.48684
0.000979092
0.00126766
4.80731e-05
0
0
0
1682191882.17057
msg_begin
7.75784e+06
-363779
-2.48767
0.0154643
0.0188441
0.00061439
0
0
0
1682191882.21973
msg_begin
7.75784e+06
-363779
-2.48646
0.0021249
0.00150926
0.000169242
0
0
0
1682191882.26965
msg_begin
7.75784e+06
-363779
-2.48849
0.00269925
0.00183678
0.000270569
0
0
0
1682191882.32012
msg_begin
7.75784e+06
-363780
-2.48897
0.00410433
0.00185909
0.000133783
0
0
0
1682191882.37015
msg_begin
7.75784e+06
-363780
-2.49252
0.00359454
0.00146728
0.000179366
0
0
0
1682191882.41935
msg_begin
7.75784e+06
-363780
-2.49238
0.00827806
0.00650725
0.000656788
0
0
0
1682191882.46927
msg_begin
7.75784e+06
-363781
-2.49163
0.00117404
0.000503667
7.61646e-06
0
0
0
1682191882.51919
msg_begin
7.75784e+06
-363781
-2.49485
0.00322288
0.0029382
0.000265866
0
0
0
1682191882.56980
msg_begin
7.75784e+06
-363781
-2.49195
0.00927223
0.00641124
0.000546025
0
0
0
1682191882.61907
msg_begin
7.75784e+06
-363781
-2.49273
0.00127291
0.00022638
5.97867e-05
0
0
0
1682191882.66896
msg_begin
7.75784e+06
-363782
-2.49477
0.00315671
0.00176409
0.000156522
0
0
0
1682191882.72020
msg_begin
7.75784e+06
-363782
-2.49718
0.00397589
0.00204487
0.000246165
0
0
0
1682191882.76963
msg_begin
7.75784e+06
-363782
-2.49739
0.0298313
0.0105359
0.00222018
0
0
0
1682191882.81877
msg_begin
7.75784e+06
-363783
-2.49775
0.0126644
0.00746899
0.000949186
0
0
0
1682191882.86869
msg_begin
7.75783e+06
-363783
-2.49879
0.0347624
0.0195268
0.00215651
0
0
0
1682191882.91880
msg_begin
7.75783e+06
-363783
-2.49681
0.00243585
0.00222373
0.000129805
0
0
0
1682191882.96914
msg_begin
7.75783e+06
-363783
-2.4997
0.00499174
0.00947658
0.00014164
0
0
0
1682191883.01844
msg_begin
7.75783e+06
-363784
-2.50151
0.0168574
0.0162109
0.00103906
0
0
0
1682191883.06837
msg_begin
7.75783e+06
-363784
-2.50282
0.000678663
0.000447157
9.50065e-06
0
0
0
1682191883.11878
msg_begin
7.75783e+06
-363784
-2.5021
0.0179224
0.00987329
0.000749734
0
0
0
1682191883.16851
msg_begin
7.75783e+06
-363784
-2.50416
0.0159948
0.00737018
0.00116667
0
0
0
1682191883.21808
msg_begin
7.75783e+06
-363785
-2.50224
2.6304e-05
0.000897707
0.000114004
0
0
0
1682191883.26797
msg_begin
7.75783e+06
-363785
-2.50148
0.009214
0.00215649
0.00026485
0
0
0
1682191883.31803
msg_begin
7.75783e+06
-363785
-2.50268
0.0196713
0.0200808
0.00144195
0
0
0
1682191883.36789
msg_begin
7.75783e+06
-363785
-2.50567
0.00111817
0.000224643
8.89767e-05
0
0
0
1682191883.41775
msg_begin
7.75783e+06
-363786
-2.50463
0.00667057
0.00121903
0.000509546
0
0
0
1682191883.46763
msg_begin
7.75783e+06
-363786
-2.50965
0.00534639
0.00300397
0.000547765
0
0
0
1682191883.51756
msg_begin
7.75783e+06
-363786
-2.50814
0.0136433
0.00776316
0.000659101
0
0
0
1682191883.56811
msg_begin
7.75783e+06
-363787
-2.50731
0.00189367
0.00338354
0.000376768
0
0
0
1682191883.61749
msg_begin
7.75783e+06
-363787
-2.50639
0.00582666
0.00345367
0.000518334
0
0
0
1682191883.66746
msg_begin
7.75783e+06
-363787
-2.50547
0.0050014
0.00760396
0.000342996
0
0
0
1682191883.71756
msg_begin
7.75783e+06
-363787
-2.50629
5.86733e-08
4.65661e-10
2.22045e-15
0
0
0
1682191883.76729
msg_begin
7.75783e+06
-363788
-2.50838
0.0122557
0.00386313
0.00197566
0
0
0
1682191883.81729
msg_begin
7.75783e+06
-363788
-2.50982
0.0130907
0.00546394
0.000467158
0
0
0
1682191883.86724
msg_begin
7.75783e+06
-363788
-2.50844
0.0040362
0.00294326
0.000368559
0
0
0
1682191883.91791
msg_begin
7.75783e+06
-363788
-2.50866
0.00897563
0.00318985
0.000542766
0
0
0
1682191883.96746
msg_begin
7.75783e+06
-363789
-2.50557
0.00347311
0.000336416
7.96931e-05
0
0
0
1682191884.01706
msg_begin
7.75783e+06
-363789
-2.50835
0.00791814
0.00464054
0.000944373
0
0
0
1682191884.06708
msg_begin
7.75783e+06
-363789
-2.50773
0.000117014
0.00100824
3.20656e-05
0
0
0
1682191884.11703
msg_begin
7.75783e+06
-363789
-2.50972
0.000984396
0.00212262
0.000474565
0
0
0
1682191884.16734
msg_begin
7.75783e+06
-363790
-2.50937
0.00119351
0.00147293
0.000183972
0
0
0
1682191884.21692
msg_begin
7.75783e+06
-363790
-2.50781
5.21541e-08
6.98492e-10
8.88178e-16
0
0
0
1682191884.26681
msg_begin
7.75783e+06
-363790
-2.50971
0.0018363
0.00265913
0.000144522
0
0
0
1682191884.31676
msg_begin
7.75783e+06
-363790
-2.50972
0.00426303
0.00342475
0.000187928
0
0
0
1682191884.36717
msg_begin
7.75782e+06
-363791
-2.51216
0.00401612
0.00310761
0.0006419
0
0
0
1682191884.41672
msg_begin
7.75782e+06
-363791
-2.51132
0.00626815
0.00194662
0.000409967
0
0
0
1682191884.46664
msg_begin
7.75782e+06
-363791
-2.51228
0.00371081
0.00461299
0.000186731
0
0
0
1682191884.51774
msg_begin
7.75782e+06
-363791
-2.5135
0.0269246
0.00473736
0.000274283
0
0
0
1682191884.56679
msg_begin
7.75782e+06
-363792
-2.51175
0.00338733
0.00529629
9.15297e-05
0
0
0
1682191884.61638
msg_begin
7.75782e+06
-363792
-2.51249
0.0039522
0.00110361
0.000205391
0
0
0
1682191884.66621
msg_begin
7.75782e+06
-363792
-2.51551
0.00151692
0.0037852
0.000395291
0
0
0
1682191884.71606
msg_begin
7.75782e+06
-363792
-2.51249
0.0165922
0.00761254
0.000615313
0
0
0
1682191884.76607
msg_begin
7.75782e+06
-363793
-2.51191
0.0150776
0.0126234
0.000788658
0
0
0
1682191884.81585
msg_begin
7.75782e+06
-363793
-2.51244
0.0109992
0.006535
0.000516875
0
0
0
1682191884.86568
msg_begin
7.75782e+06
-363793
-2.51348
0.0127863
0.0222194
0.000715518
0
0
0
1682191884.91627
msg_begin
7.75782e+06
-363793
-2.51512
0.0062746
0.0046353
0.00036621
0
0
0
1682191884.96550
msg_begin
7.75782e+06
-363794
-2.51509
0.0119137
0.0084141
0.000498374
0
0
0
1682191885.01522
msg_begin
7.75782e+06
-363794
-2.51736
0.0046638
0.00240501
0.000372764
0
0
0
1682191885.06508
msg_begin
7.75782e+06
-363794
-2.51723
0.0130048
0.00646191
0.000782705
0
0
0
1682191885.11542
msg_begin
7.75782e+06
-363794
-2.5165
0.00185901
0.00141958
0.000363616
0
0
0
1682191885.16486
msg_begin
7.75782e+06
-363794
-2.51495
0.000647563
0.00131779
0.000162736
0
0
0
1682191885.21476
msg_begin
7.75782e+06
-363795
-2.51491
0.000788522
0.00151856
9.0201e-05
0
0
0
1682191885.26463
msg_begin
7.75782e+06
-363795
-2.51622
0.0127467
0.00827047
0.000140421
0
0
0
1682191885.31516
msg_begin
7.75782e+06
-363795
-2.51638
3.07336e-08
3.25963e-09
1.33227e-15
0
0
0
1682191885.36450
msg_begin
7.75782e+06
-363795
-2.51837
8.00937e-08
4.07454e-10
8.88178e-16
0
0
0
1682191885.41441
msg_begin
7.75782e+06
-363796
-2.51842
0.00183108
0.0043634
0.000125342
0
0
0
1682191885.46434
msg_begin
7.75782e+06
-363796
-2.51765
0.00226077
0.00416528
0.00016584
0
0
0
1682191885.51476
msg_begin
7.75782e+06
-363796
-2.51953
0.00873291
0.0212349
0.000995368
0
0
0
1682191885.56409
msg_begin
7.75782e+06
-363796
-2.51575
0.0161748
0.0144339
0.00178277
0
0
0
1682191885.61403
msg_begin
7.75782e+06
-363796
-2.51679
0.00829723
0.00728789
0.000983136
0
0
0
1682191885.66392
msg_begin
7.75782e+06
-363797
-2.51697
0.00103168
0.00128342
0.000316718
0
0
0
1682191885.71453
msg_begin
7.75782e+06
-363797
-2.51695
0.0079529
0.00396896
0.000265469
0
0
0
1682191885.76370
msg_begin
7.75782e+06
-363797
-2.51555
0.00129141
0.001409
7.89938e-05
0
0
0
1682191885.81365
msg_begin
7.75782e+06
-363797
-2.51699
0.0102007
0.0108661
0.000895385
0
0
0
1682191885.86351
msg_begin
7.75782e+06
-363798
-2.51703
0.00994004
0.00451901
0.00116985
0
0
0
1682191885.91377
msg_begin
7.75782e+06
-363798
-2.51807
0.0204373
0.0137005
0.000156143
0
0
0
1682191885.96338
msg_begin
7.75781e+06
-363798
-2.51852
0.00159648
0.00070773
1.31519e-05
0
0
0
1682191886.01332
msg_begin
7.75781e+06
-363798
-2.51464
0.0035179
0.00185025
0.000431804
0
0
0
1682191886.06335
msg_begin
7.75781e+06
-363799
-2.51885
0.00450815
0.00168115
0.000415405
0
0
0
1682191886.11408
msg_begin
7.75781e+06
-363799
-2.52043
0.00303564
0.00371344
0.000184899
0
0
0
1682191886.16329
msg_begin
7.75781e+06
-363799
-2.51907
7.45058e-09
1.74623e-10
2.66454e-15
0
0
0
1682191886.21325
msg_begin
7.75781e+06
-363799
-2.51878
0.000928
0.00491686
6.60294e-05
0
0
0
1682191886.26318
msg_begin
7.75781e+06
-363799
-2.51757
0.000458554
0.000922994
7.46176e-05
0
0
0
1682191886.31304
msg_begin
7.75781e+06
-363800
-2.51978
0.00271857
0.00290264
0.000183552
0
0
0
1682191886.36300
msg_begin
7.75781e+06
-363800
-2.5188
0.00173104
0.000380027
4.35285e-05
0
0
0
1682191886.41296
msg_begin
7.75781e+06
-363800
-2.51924
0.00371466
0.00934838
0.00036467
0
0
0
1682191886.46299
msg_begin
7.75781e+06
-363800
-2.51824
5.86733e-08
1.04774e-09
3.10862e-15
0
0
0
1682191886.51282
msg_begin
7.75781e+06
-363801
-2.51647
0.0115621
0.00820435
0.000619608
0
0
0
1682191886.56319
msg_begin
7.75781e+06
-363801
-2.51689
0.00850383
0.0104319
0.00118736
0
0
0
1682191886.61277
msg_begin
7.75781e+06
-363801
-2.51772
0.0336375
0.0206654
0.00122355
0
0
0
1682191886.66271
msg_begin
7.75781e+06
-363801
-2.51785
0.0030993
0.00352302
0.000176455
0
0
0
1682191886.71392
msg_begin
7.75781e+06
-363801
-2.51831
0.0196923
0.00636096
0.000313011
0
0
0
1682191886.76261
msg_begin
7.75781e+06
-363802
-2.51649
0.0279329
0.00931831
0.00107789
0
0
0
1682191886.81259
msg_begin
7.75781e+06
-363802
-2.5132
0.0113208
0.0077388
0.000722781
0
0
0
1682191886.86250
msg_begin
7.75781e+06
-363802
-2.51417
0.0108786
0.0149148
0.000884845
0
0
0
1682191886.91258
msg_begin
7.75781e+06
-363802
-2.51735
5.68107e-08
3.49246e-10
3.55271e-15
0
0
0
1682191886.96237
msg_begin
7.75781e+06
-363803
-2.51815
0.00951807
0.00617683
0.000916115
0
0
0
1682191887.01230
msg_begin
7.75781e+06
-363803
-2.51822
0.00210053
0.00215904
6.88784e-05
0
0
0
1682191887.06228
msg_begin
7.75781e+06
-363803
-2.51574
0.00850811
0.00318793
0.00028291
0
0
0
1682191887.11229
msg_begin
7.75781e+06
-363803
-2.5156
5.68107e-08
3.66708e-09
3.10862e-15
0
0
0
1682191887.16219
msg_begin
7.75781e+06
-363803
-2.51688
0.0151311
0.0102507
0.000767344
0
0
0
1682191887.21214
msg_begin
7.75781e+06
-363804
-2.51497
0.00493915
0.00209208
0.000180731
0
0
0
1682191887.26209
msg_begin
7.75781e+06
-363804
-2.51291
6.61239e-08
2.91038e-10
2.22045e-15
0
0
0
1682191887.31216
msg_begin
7.75781e+06
-363804
-2.51359
0.00424554
0.00253248
0.000388812
0
0
0
1682191887.36203
msg_begin
7.75781e+06
-363804
-2.51498
5.96046e-08
8.14907e-10
3.55271e-15
0
0
0
1682191887.41194
msg_begin
7.75781e+06
-363804
-2.51468
0.019578
0.00762779
0.000883379
0
0
0
1682191887.46346
msg_begin
7.75781e+06
-363805
-2.51257
0.00040282
0.00266919
7.11922e-05
0
0
0
1682191887.51184
msg_begin
7.75781e+06
-363805
-2.51087
0.00207042
0.000835334
9.61766e-05
0
0
0
1682191887.56216
msg_begin
7.75781e+06
-363805
-2.51449
0.00669917
0.00411731
0.000262614
0
0
0
1682191887.61172
msg_begin
7.75781e+06
-363805
-2.51221
0.022102
0.0138224
0.000597178
0
0
0
1682191887.66171
msg_begin
7.7578e+06
-363805
-2.51458
0.00252693
0.000944274
0.000279965
0
0
0
1682191887.71259
msg_begin
7.7578e+06
-363806
-2.5144
0.00667104
0.00242391
0.000149614
0
0
0
1682191887.76160
msg_begin
7.7578e+06
-363806
-2.51233
0.014554
0.0167453
0.00171858
0
0
0
1682191887.81155
msg_begin
7.7578e+06
-363806
-2.51523
4.56348e-08
1.62981e-09
1.33227e-15
0
0
0
1682191887.86151
msg_begin
7.7578e+06
-363806
-2.51453
6.01038e-07
0.000655462
4.02494e-05
0
0
0
1682191887.91220
msg_begin
7.7578e+06
-363806
-2.51473
0.00364509
0.000979001
0.000154053
0
0
0
1682191887.96139
msg_begin
7.7578e+06
-363807
-2.51305
0.0281769
0.0150424
0.000692123
0
0
0
1682191888.01133
msg_begin
7.7578e+06
-363807
-2.51159
0.00213594
0.000559326
9.94104e-05
0
0
0
1682191888.06123
msg_begin
7.7578e+06
-363807
-2.51279
0.00268408
0.00457139
0.000684647
0
0
0
1682191888.11211
msg_begin
7.7578e+06
-363807
-2.50944
0.0137632
0.0151584
0.00107553
0
0
0
1682191888.16094
msg_begin
7.7578e+06
-363807
-2.50897
0.00439077
0.00461153
8.21799e-05
0
0
0
1682191888.21088
msg_begin
7.7578e+06
-363808
-2.50766
0.0480087
0.0340001
0.00370463
0
0
0
1682191888.26077
msg_begin
7.7578e+06
-363808
-2.50996
0.0105578
0.00633332
0.000731936
0
0
0
1682191888.31171
msg_begin
7.7578e+06
-363808
-2.51084
0.00885733
0.00487006
0.00057417
0
0
0
1682191888.36059
msg_begin
7.7578e+06
-363808
-2.51038
0.00531998
0.00239425
0.000311793
0
0
0
1682191888.41053
msg_begin
7.7578e+06
-363808
-2.50909
6.51926e-08
3.31784e-09
4.44089e-16
0
0
0
1682191888.46047
msg_begin
7.7578e+06
-363809
-2.50782
5.58794e-09
1.57161e-09
4.88498e-15
0
0
0
1682191888.51155
msg_begin
7.7578e+06
-363809
-2.5059
0.00181047
0.000667629
8.16492e-05
0
0
0
1682191888.56037
msg_begin
7.7578e+06
-363809
-2.50857
0.0317097
0.0266448
0.0013002
0
0
0
1682191888.61033
msg_begin
7.7578e+06
-363809
-2.50595
0.00472499
0.00436633
0.000972822
0
0
0
1682191888.66025
msg_begin
7.7578e+06
-363809
-2.50571
0.0016186
0.00233957
0.000226762
0
0
0
1682191888.71134
msg_begin
7.7578e+06
-363810
-2.50424
0.00260363
0.00588615
0.000320455
0
0
0
1682191888.76019
msg_begin
7.7578e+06
-363810
-2.50389
0.00436004
0.00503431
0.000370215
0
0
0
1682191888.81007
msg_begin
7.7578e+06
-363810
-2.50401
0.0164885
0.0151702
0.000826062
0
0
0
1682191888.86008
msg_begin
7.7578e+06
-363810
-2.50334
0.00169123
0.00374139
0.000583398
0
0
0
1682191888.91099
msg_begin
7.7578e+06
-363810
-2.50353
0.0209904
0.00994433
0.00127868
0
0
0
1682191888.95988
msg_begin
7.7578e+06
-363811
-2.50553
0.0102626
0.00384121
0.000299815
0
0
0
1682191889.00982
msg_begin
7.7578e+06
-363811
-2.50353
0.00574134
0.0106919
0.000744671
0
0
0
1682191889.05970
msg_begin
7.7578e+06
-363811
-2.50405
0.0159912
0.0057302
0.00140321
0
0
0
1682191889.11037
msg_begin
7.7578e+06
-363811
-2.50384
1.86265e-08
2.50293e-09
3.10862e-15
0
0
0
1682191889.15944
msg_begin
7.7578e+06
-363811
-2.50225
0.00719917
0.00418724
0.000666302
0
0
0
1682191889.20937
msg_begin
7.7578e+06
-363811
-2.50066
0.0161518
0.00263728
0.000218129
0
0
0
1682191889.25924
msg_begin
7.7578e+06
-363812
-2.50489
1.76951e-08
2.32831e-10
5.32907e-15
0
0
0
1682191889.30998
msg_begin
7.7578e+06
-363812
-2.50363
0.0144922
0.0107495
0.000893102
0
0
0
1682191889.35909
msg_begin
7.7578e+06
-363812
-2.50483
0.00351077
0.00106627
0.000124749
0
0
0
1682191889.40908
msg_begin
7.7578e+06
-363812
-2.50491
0.0111255
0.0132559
0.000988822
0
0
0
1682191889.45901
msg_begin
7.7578e+06
-363812
-2.50495
0.00444078
0.00206145
0.000255483
0
0
0
1682191889.50990
msg_begin
7.7578e+06
-363813
-2.50349
0.0250717
0.00150785
0.000563158
0
0
0
1682191889.55897
msg_begin
7.7578e+06
-363813
-2.50446
0.0274937
0.0205449
0.00188897
0
0
0
1682191889.60889
msg_begin
7.7578e+06
-363813
-2.50204
0.0014033
0.0017941
0.000142793
0
0
0
1682191889.65880
msg_begin
7.75779e+06
-363813
-2.5006
0.0116922
0.00716387
0.000318621
0
0
0
1682191889.70889
msg_begin
7.75779e+06
-363813
-2.50034
0.0276357
0.0170415
0.000256551
0
0
0
1682191889.75863
msg_begin
7.75779e+06
-363813
-2.49744
0.0058716
0.00597716
0.0011143
0
0
0
1682191889.80846
msg_begin
7.75779e+06
-363814
-2.49759
0.0154807
0.00605762
0.000519835
0
0
0
1682191889.85834
msg_begin
7.75779e+06
-363814
-2.49694
0.0068
0.00172246
5.08065e-05
0
0
0
1682191889.90821
msg_begin
7.75779e+06
-363814
-2.49658
0.0294801
0.0183718
0.00183607
0
0
0
1682191889.95805
msg_begin
7.75779e+06
-363814
-2.4978
0.00800996
0.00903002
0.000207626
0
0
0
1682191890.00792
msg_begin
7.75779e+06
-363814
-2.49581
0.000689957
0.00181938
6.56602e-05
0
0
0
1682191890.05785
msg_begin
7.75779e+06
-363814
-2.49803
0.00847301
0.00735603
0.000429861
0
0
0
1682191890.10818
msg_begin
7.75779e+06
-363815
-2.50229
0.0104535
0.00355046
0.000205741
0
0
0
1682191890.15761
msg_begin
7.75779e+06
-363815
-2.50635
0.00891987
0.0031417
0.000503559
0
0
0
1682191890.20757
msg_begin
7.75779e+06
-363815
-2.50955
0.00608648
0.00427425
0.000530435
0
0
0
1682191890.25749
msg_begin
7.75779e+06
-363815
-2.5129
0.00848715
0.00785973
0.000366989
0
0
0
1682191890.30762
msg_begin
7.75779e+06
-363815
-2.51482
0.00189166
0.00193993
0.000148973
0
0
0
1682191890.35732
msg_begin
7.75779e+06
-363815
-2.51651
4.56348e-08
2.2701e-09
4.44089e-16
0
0
0
1682191890.40724
msg_begin
7.75779e+06
-363816
-2.51793
0.0101778
0.0107561
0.0011293
0
0
0
1682191890.45712
msg_begin
7.75779e+06
-363816
-2.51462
1.11759e-08
1.39698e-09
4.44089e-16
0
0
0
1682191890.50743
msg_begin
7.75779e+06
-363816
-2.51759
0.0108207
0.00599799
0.000443085
0
0
0
1682191890.55701
msg_begin
7.75779e+06
-363816
-2.52038
0.0271378
0.0211877
0.00102516
0
0
0
1682191890.60692
msg_begin
7.75779e+06
-363816
-2.52426
0.0174135
0.00501105
0.0022262
0
0
0
1682191890.65680
msg_begin
7.75779e+06
-363816
-2.52643
4.93601e-08
1.92085e-09
8.88178e-16
0
0
0
1682191890.70709
msg_begin
7.75779e+06
-363817
-2.53209
0.00447489
0.00328564
0.000486366
0
0
0
1682191890.75671
msg_begin
7.75779e+06
-363817
-2.53733
0.00213302
0.00215301
0.000212526
0
0
0
1682191890.80659
msg_begin
7.75779e+06
-363817
-2.53651
0.000229891
0.00189718
7.98787e-05
0
0
0
1682191890.85655
msg_begin
7.75779e+06
-363817
-2.54129
0.00377041
0.00334948
0.000340235
0
0
0
1682191890.90652
msg_begin
7.75779e+06
-363817
-2.54348
0.0045877
0.00379033
0.000885506
0
0
0
1682191890.95651
msg_begin
7.75779e+06
-363817
-2.54954
0.0186851
0.00975783
0.000236305
0
0
0
1682191891.00651
msg_begin
7.75779e+06
-363817
-2.55334
0.00918542
0.000595758
0.000303
0
0
0
1682191891.05644
msg_begin
7.75779e+06
-363818
-2.55936
0.0298193
0.0081713
0.00201388
0
0
0
1682191891.10674
msg_begin
7.75779e+06
-363818
-2.56496
0.00855487
0.00820408
0.000291753
0
0
0
1682191891.15653
msg_begin
7.75779e+06
-363818
-2.56581
0.0216534
0.0168525
0.00142761
0
0
0
1682191891.20653
msg_begin
7.75779e+06
-363818
-2.56994
0.0147677
0.00800918
0.000989236
0
0
0
1682191891.25653
msg_begin
7.75779e+06
-363818
-2.57415
0.00543691
0.00269772
0.000214294
0
0
0
1682191891.30670
msg_begin
7.75779e+06
-363818
-2.57745
0.00715863
0.00414367
0.000779564
0
0
0
1682191891.35642
msg_begin
7.75779e+06
-363818
-2.5825
0.00664919
0.0113832
0.00188198
0
0
0
1682191891.40646
msg_begin
7.75779e+06
-363818
-2.58777
0.00216083
0.00163592
0.000134972
0
0
0
1682191891.45640
msg_begin
7.75779e+06
-363819
-2.59144
0.0122782
0.00288674
0.000894107
0
0
0
1682191891.50643
msg_begin
7.75779e+06
-363819
-2.59473
0.0172422
0.0212874
0.000649172
0
0
0
1682191891.55644
msg_begin
7.75779e+06
-363819
-2.60049
0.00916786
0.00191047
0.000450492
0
0
0
1682191891.60642
msg_begin
7.75779e+06
-363819
-2.60813
0.0136914
0.0112205
0.000964217
0
0
0
1682191891.65641
msg_begin
7.75779e+06
-363819
-2.61497
0.000398609
0.000242988
8.678e-06
0
0
0
1682191891.70644
msg_begin
7.75779e+06
-363819
-2.61786
0.0114043
0.00649468
0.000642187
0
0
0
1682191891.75642
msg_begin
7.75779e+06
-363819
-2.62695
0.000735869
0.000891097
6.24528e-05
0
0
0
1682191891.80648
msg_begin
7.75779e+06
-363820
-2.62912
0.0121593
0.00517035
0.000705685
0
0
0
1682191891.85644
msg_begin
7.75779e+06
-363820
-2.63281
0.000667182
0.00221305
0.000368785
0
0
0
1682191891.90647
msg_begin
7.75779e+06
-363820
-2.6418
3.72529e-09
1.39698e-09
4.44089e-16
0
0
0
1682191891.95645
msg_begin
7.75779e+06
-363820
-2.64744
0.0260368
0.011433
0.000869573
0
0
0
1682191892.00647
msg_begin
7.75779e+06
-363820
-2.65364
0.00398905
0.00297289
0.000186514
0
0
0
1682191892.05643
msg_begin
7.75778e+06
-363820
-2.66085
0.0153139
0.0123441
0.000893138
0
0
0
1682191892.10643
msg_begin
7.75778e+06
-363820
-2.67001
0.00707041
0.00448985
0.00151652
0
0
0
1682191892.15648
msg_begin
7.75778e+06
-363820
-2.676
0.00768658
0.00440605
0.000324796
0
0
0
1682191892.20647
msg_begin
7.75778e+06
-363820
-2.68415
0.00782434
0.00763501
0.000629938
0
0
0
1682191892.25648
msg_begin
7.75778e+06
-363821
-2.69507
0.0156336
0.00312395
0.000519961
0
0
0
1682191892.30653
msg_begin
7.75778e+06
-363821
-2.70967
0.00271488
0.0006817
0.000170249
0
0
0
1682191892.35648
msg_begin
7.75778e+06
-363821
-2.71751
0.00530997
0.0073228
0.00103211
0
0
0
1682191892.40652
msg_begin
7.75778e+06
-363821
-2.72872
0.0178364
0.0160104
0.00116142
0
0
0
1682191892.45655
msg_begin
7.75778e+06
-363821
-2.73972
1.76951e-08
3.31784e-09
2.22045e-15
0
0
0
1682191892.50671
msg_begin
7.75778e+06
-363821
-2.75272
0.00540474
0.00759019
0.000265758
0
0
0
1682191892.55670
msg_begin
7.75778e+06
-363821
-2.76942
0.00608866
0.00868407
0.00121348
0
0
0
1682191892.60681
msg_begin
7.75778e+06
-363821
-2.78914
0.02018
0.019433
0.00170205
0
0
0
1682191892.65684
msg_begin
7.75778e+06
-363821
-2.80396
0.0133644
0.0101407
0.00213809
0
0
0
1682191892.70705
msg_begin
7.75778e+06
-363821
-2.81515
0.0245667
0.0113024
0.00108391
0
0
0
1682191892.75696
msg_begin
7.75778e+06
-363821
-2.83104
0.016204
0.00270108
0.000662472
0
0
0
1682191892.80701
msg_begin
7.75778e+06
-363821
-2.84707
0.00220179
0.00091684
7.3519e-05
0
0
0
1682191892.85701
msg_begin
7.75778e+06
-363822
-2.86164
0.0156483
0.00501219
0.00180066
0
0
0
1682191892.90718
msg_begin
7.75778e+06
-363822
-2.87268
0.00355074
0.0112273
0.000611201
0
0
0
1682191892.95707
msg_begin
7.75778e+06
-363822
-2.89349
0.0307221
0.0120903
0.0015428
0
0
0
1682191893.00717
msg_begin
7.75778e+06
-363822
-2.91118
0.00950978
0.00952934
0.00100103
0
0
0
1682191893.05716
msg_begin
7.75778e+06
-363822
-2.93075
0.00285314
0.00120049
0.000326359
0
0
0
1682191893.10765
msg_begin
7.75778e+06
-363822
-2.94293
0.011281
0.00694672
0.00163641
0
0
0
1682191893.15721
msg_begin
7.75778e+06
-363822
-2.96033
0.0196247
0.00921071
0.00163676
0
0
0
1682191893.20715
msg_begin
7.75778e+06
-363822
-2.97448
0.0115966
0.00646908
0.00098972
0
0
0
1682191893.25726
msg_begin
7.75778e+06
-363822
-2.99163
0.00948476
0.0109831
0.000496203
0
0
0
1682191893.30783
msg_begin
7.75778e+06
-363822
-3.00658
0.0232366
0.0100224
0.00211946
0
0
0
1682191893.35720
msg_begin
7.75778e+06
-363822
-3.02536
0.00663498
0.00338106
0.000298012
0
0
0
1682191893.40726
msg_begin
7.75778e+06
-363822
-3.03723
4.65661e-09
3.66708e-09
1.33227e-15
0
0
0
1682191893.45721
msg_begin
7.75778e+06
-363822
-3.05407
0.00648735
0.00835065
0.00121025
0
0
0
1682191893.50755
msg_begin
7.75778e+06
-363822
-3.06357
0.00526805
0.000308873
4.7818e-05
0
0
0
1682191893.55723
msg_begin
7.75778e+06
-363822
-3.0763
0.0236151
0.00882861
0.0020888
0
0
0
1682191893.60726
msg_begin
7.75778e+06
-363822
-3.0843
0.00673616
0.00631023
0.000916229
0
0
0
1682191893.65721
msg_begin
7.75778e+06
-363822
-3.10029
0.00470472
0.00478548
0.000157043
0
0
0
1682191893.70720
msg_begin
7.75778e+06
-363822
-3.10957
0.0282627
0.0101698
0.00180719
0
0
0
1682191893.75721
msg_begin
7.75778e+06
-363822
-3.122
0.00659089
0.0104748
0.00082908
0
0
0
1682191893.80712
msg_begin
7.75778e+06
-363822
-3.1365
0.00263013
0.00121645
0.00013434
0
0
0
1682191893.85708
msg_begin
7.75778e+06
-363822
-3.1409
0.0248562
0.00943758
0.00106974
0
0
0
1682191893.90722
msg_begin
7.75778e+06
-363822
3.1357
0.0167634
0.00443226
0.00165117
0
0
0
1682191893.95682
msg_begin
7.75778e+06
-363822
3.13014
0.0200294
0.00738624
0.000699066
0
0
0
1682191894.00675
msg_begin
7.75778e+06
-363822
3.1241
0.00122011
0.000481088
3.21313e-05
0
0
0
1682191894.05670
msg_begin
7.75778e+06
-363822
3.11579
5.96046e-08
1.39698e-09
4.44089e-16
0
0
0
1682191894.10663
msg_begin
7.75778e+06
-363822
3.11672
1.76951e-08
2.32831e-10
4.44089e-16
0
0
0
1682191894.15647
msg_begin
7.75778e+06
-363822
3.11445
0.000699496
0.000792895
0.000128895
0
0
0
1682191894.20639
msg_begin
7.75778e+06
-363822
3.11327
0.0132528
0.0112032
0.000864746
0
0
0
1682191894.25630
msg_begin
7.75778e+06
-363822
3.11631
0.00531195
0.0013269
6.3403e-05
0
0
0
1682191894.30616
msg_begin
7.75778e+06
-363822
3.11523
0.00991688
0.00337174
0.000337561
0
0
0
1682191894.35605
msg_begin
7.75777e+06
-363822
3.11479
0.00495428
0.00334489
0.000501618
0
0
0
1682191894.40590
msg_begin
7.75777e+06
-363822
3.1197
0.00373393
0.00243931
0.000390396
0
0
0
1682191894.45576
msg_begin
7.75777e+06
-363822
3.12212
0.000895868
0.00156413
0.000637783
0
0
0
1682191894.50568
msg_begin
7.75777e+06
-363822
3.12678
0.0065284
0.00548083
0.000190074
0
0
0
1682191894.55550
msg_begin
7.75777e+06
-363822
3.13124
7.63685e-08
2.91038e-10
0
0
0
0
1682191894.60541
msg_begin
7.75777e+06
-363822
3.13467
0.0231629
0.000854776
0.00140983
0
0
0
1682191894.65525
msg_begin
7.75777e+06
-363822
3.13706
0.00482925
0.00926934
0.000463605
0
0
0
1682191894.70514
msg_begin
7.75777e+06
-363822
-3.13753
0.00230286
0.000335514
0.000139274
0
0
0
1682191894.75514
msg_begin
7.75777e+06
-363822
-3.13191
0.0024508
0.000578763
6.45738e-05
0
0
0
1682191894.80504
msg_begin
7.75777e+06
-363822
-3.12117
0.0110282
0.00348855
0.000811239
0
0
0
1682191894.85496
msg_begin
7.75777e+06
-363822
-3.11193
0.000835844
0.0099476
0.000114804
0
0
0
1682191894.90488
msg_begin
7.75777e+06
-363822
-3.1022
0.0162538
0.00492089
0.000893104
0
0
0
1682191894.95486
msg_begin
7.75777e+06
-363822
-3.09074
0.00779293
0.00826153
0.00145131
0
0
0
1682191895.00478
msg_begin
7.75777e+06
-363822
-3.08358
0.00876602
0.00546963
0.000734647
0
0
0
1682191895.05473
msg_begin
7.75777e+06
-363822
-3.07522
0.00222622
0.000829139
8.05366e-05
0
0
0
1682191895.10471
msg_begin
7.75777e+06
-363822
-3.06123
0.00268506
0.00142412
0.000128915
0
0
0
1682191895.15466
msg_begin
7.75777e+06
-363822
-3.04963
0.0154024
0.00256659
0.00115825
0
0
0
1682191895.20458
msg_begin
7.75777e+06
-363822
-3.03363
0.0353175
0.00218733
0.00033891
0
0
0
1682191895.25548
msg_begin
7.75777e+06
-363822
-3.02243
0.0010164
0.00152658
9.72495e-05
0
0
0
1682191895.30439
msg_begin
7.75777e+06
-363822
-3.00851
0.0034511
0.00420942
0.000263277
0
0
0
1682191895.35436
msg_begin
7.75777e+06
-363822
-2.99702
0.0062689
0.00587742
0.000262803
0
0
0
1682191895.40427
msg_begin
7.75777e+06
-363822
-2.98499
0.0183061
0.0106498
0.00127757
0
0
0
1682191895.45523
msg_begin
7.75777e+06
-363822
-2.97228
6.51926e-08
1.39698e-09
8.88178e-16
0
0
0
1682191895.50411
msg_begin
7.75777e+06
-363823
-2.95801
0.00137503
0.00244791
6.18978e-05
0
0
0
1682191895.55407
msg_begin
7.75777e+06
-363823
-2.94547
0.00688031
0.00638605
0.000836084
0
0
0
1682191895.60410
msg_begin
7.75777e+06
-363823
-2.93073
8.28877e-08
3.0268e-09
1.33227e-15
0
0
0
1682191895.65407
msg_begin
7.75777e+06
-363823
-2.91681
0.00556263
0.00937546
0.000755069
0
0
0
1682191895.70411
msg_begin
7.75777e+06
-363823
-2.9008
0.00204357
0.00224085
0.000348001
0
0
0
1682191895.75413
msg_begin
7.75777e+06
-363823
-2.88514
0.00048965
8.31642e-05
1.41071e-05
0
0
0
1682191895.80411
msg_begin
7.75777e+06
-363823
-2.86715
0.00279608
0.00243966
0.000465698
0
0
0
1682191895.85404
msg_begin
7.75777e+06
-363823
-2.85648
0.00137503
0.00337736
0.000130407
0
0
0
1682191895.90442
msg_begin
7.75777e+06
-363823
-2.84279
0.00111188
0.00233423
0.000411148
0
0
0
1682191895.95414
msg_begin
7.75777e+06
-363823
-2.82947
0.000855909
0.001677
0.000202748
0
0
0
1682191896.00414
msg_begin
7.75777e+06
-363823
-2.81663
0.0138498
0.00881555
0.000960851
0
0
0
1682191896.05421
msg_begin
7.75777e+06
-363823
-2.80494
0.0279543
0.0165567
0.000362592
0
0
0
1682191896.10430
msg_begin
7.75777e+06
-363823
-2.78853
0.00213332
0.00125272
0.000173699
0
0
0
1682191896.15430
msg_begin
7.75777e+06
-363824
-2.77404
0.00730855
0.0047324
0.00108899
0
0
0
1682191896.20435
msg_begin
7.75776e+06
-363824
-2.7641
7.45058e-09
1.97906e-09
0
0
0
0
1682191896.25444
msg_begin
7.75776e+06
-363824
-2.75044
0.0030348
0.00085672
0.000190165
0
0
0
1682191896.30504
msg_begin
7.75776e+06
-363824
-2.73552
0.00177785
0.00193741
2.85041e-05
0
0
0
1682191896.35457
msg_begin
7.75776e+06
-363824
-2.72658
0.00344536
0.00238096
0.000229551
0
0
0
1682191896.40455
msg_begin
7.75776e+06
-363824
-2.72201
0.00633527
0.00250347
0.000493867
0
0
0
1682191896.45462
msg_begin
7.75776e+06
-363824
-2.71364
0.00303599
0.00749875
0.000194964
0
0
0
1682191896.50464
msg_begin
7.75776e+06
-363824
-2.70249
0.00414499
0.00930967
0.000456013
0
0
0
1682191896.55471
msg_begin
7.75776e+06
-363825
-2.69398
0.00808211
0.00456914
0.00028653
0
0
0
1682191896.60483
msg_begin
7.75776e+06
-363825
-2.68854
0.00596924
0.00980142
0.000890871
0
0
0
1682191896.65487
msg_begin
7.75776e+06
-363825
-2.68378
0.0353207
0.0183739
0.000626664
0
0
0
1682191896.70500
msg_begin
7.75776e+06
-363825
-2.68063
0.00452153
0.00391532
0.000204361
0
0
0
1682191896.75500
msg_begin
7.75776e+06
-363825
-2.67479
0.00183022
0.000839178
6.41003e-05
0
0
0
1682191896.80504
msg_begin
7.75776e+06
-363825
-2.6714
7.45058e-09
2.32831e-10
3.10862e-15
0
0
0
1682191896.85517
msg_begin
7.75776e+06
-363825
-2.66614
0.010412
0.00638054
0.000930781
0
0
0
1682191896.90528
msg_begin
7.75776e+06
-363825
-2.66353
0.00445965
0.00172902
0.000395601
0
0
0
1682191896.95533
msg_begin
7.75776e+06
-363825
-2.6603
0.00380627
0.00611191
0.000268639
0
0
0
1682191897.00540
msg_begin
7.75776e+06
-363826
-2.65728
0.0128115
0.00866738
0.000941995
0
0
0
1682191897.05539
msg_begin
7.75776e+06
-363826
-2.65248
5.96046e-08
2.03727e-09
4.44089e-16
0
0
0
1682191897.10541
msg_begin
7.75776e+06
-363826
-2.65254
0.0191783
0.012385
0.00128102
0
0
0
1682191897.15540
msg_begin
7.75776e+06
-363826
-2.65136
0.0236782
0.00455345
0.00127339
0
0
0
1682191897.20541
msg_begin
7.75776e+06
-363826
-2.64562
0.00704028
0.00241588
0.000315803
0
0
0
1682191897.25539
msg_begin
7.75776e+06
-363826
-2.64307
0.00578167
0.000697597
0.000168917
0
0
0
1682191897.30538
msg_begin
7.75776e+06
-363826
-2.64054
0.00415426
9.76889e-05
5.08804e-05
0
0
0
1682191897.35535
msg_begin
7.75776e+06
-363826
-2.63947
0.00305263
0.00284913
0.000150198
0
0
0
1682191897.40539
msg_begin
7.75776e+06
-363826
-2.6341
0.0021779
0.00201122
0.00017388
0
0
0
1682191897.45532
msg_begin
7.75776e+06
-363827
-2.63026
7.26432e-08
2.96859e-09
1.77636e-15
0
0
0
1682191897.50522
msg_begin
7.75776e+06
-363827
-2.63025
0.00652775
0.00113419
0.000164695
0
0
0
1682191897.55528
msg_begin
7.75776e+06
-363827
-2.62936
0.00499279
0.00450637
0.000357853
0
0
0
1682191897.60522
msg_begin
7.75776e+06
-363827
-2.62552
0.0180893
0.00336658
9.01978e-05
0
0
0
1682191897.65526
msg_begin
7.75776e+06
-363827
-2.62463
0.00570324
0.00281441
0.000121041
0
0
0
1682191897.70522
msg_begin
7.75776e+06
-363827
-2.62356
0.00742099
0.00482856
0.000291978
0
0
0
1682191897.75518
msg_begin
7.75776e+06
-363827
-2.62477
0.00124507
0.000369822
1.41766e-05
0
0
0
1682191897.80516
msg_begin
7.75776e+06
-363827
-2.62189
0.00812931
0.00289191
0.00117531
0
0
0
1682191897.85520
msg_begin
7.75776e+06
-363827
-2.61981
0.000295122
3.47818e-06
6.88867e-05
0
0
0
1682191897.90514
msg_begin
7.75776e+06
-363827
-2.61675
0.0110006
0.0105748
0.00134232
0
0
0
1682191897.95510
msg_begin
7.75776e+06
-363828
-2.61356
0.00773416
0.0155481
0.00181318
0
0
0
1682191898.00503
msg_begin
7.75776e+06
-363828
-2.61458
0.000570619
0.00172584
2.27492e-05
0
0
0
1682191898.05496
msg_begin
7.75776e+06
-363828
-2.6141
0.00558639
0.00347202
0.000546757
0
0
0
1682191898.10487
msg_begin
7.75776e+06
-363828
-2.61137
0.0025967
0.00148028
2.27701e-05
0
0
0
1682191898.15484
msg_begin
7.75776e+06
-363828
-2.60984
0.0146713
0.00631731
0.000987761
0
0
0
1682191898.20478
msg_begin
7.75776e+06
-363828
-2.61213
0.00454251
0.00280729
0.000425812
0
0
0
1682191898.25469
msg_begin
7.75776e+06
-363828
-2.61
0.0190217
0.0132221
0.000598987
0
0
0
1682191898.30466
msg_begin
7.75776e+06
-363828
-2.61051
0.0108928
0.0057757
0.000330975
0
0
0
1682191898.35460
msg_begin
7.75776e+06
-363828
-2.60841
0.0060966
0.0035467
0.000329693
0
0
0
1682191898.40453
msg_begin
7.75776e+06
-363828
-2.60821
0.0136758
0.0135772
0.000670664
0
0
0
1682191898.45449
msg_begin
7.75776e+06
-363828
-2.60594
5.96046e-08
1.5134e-09
0
0
0
0
1682191898.50443
msg_begin
7.75776e+06
-363828
-2.60424
0.000458725
0.000239584
1.29844e-05
0
0
0
1682191898.55441
msg_begin
7.75776e+06
-363828
-2.60417
0.0195965
0.0127665
0.000296024
0
0
0
1682191898.60434
msg_begin
7.75776e+06
-363829
-2.60508
0.0140352
0.013207
0.000911165
0
0
0
1682191898.65428
msg_begin
7.75776e+06
-363829
-2.60222
0.00143147
0.00982482
0.0004975
0
0
0
1682191898.70481
msg_begin
7.75776e+06
-363829
-2.60477
0.00740145
0.0126521
0.000825418
0
0
0
1682191898.75423
msg_begin
7.75776e+06
-363829
-2.60533
0.00469551
0.00447604
0.000227578
0
0
0
1682191898.80406
msg_begin
7.75776e+06
-363829
-2.6059
6.58382e-05
1.96469e-05
2.84861e-05
0
0
0
1682191898.85774
msg_begin
7.75776e+06
-363829
-2.60425
0.00307285
0.00383916
0.000322372
0
0
0
1682191898.90392
msg_begin
7.75776e+06
-363829
-2.60497
0.00610583
0.00361708
0.000452099
0
0
0
1682191898.95393
msg_begin
7.75776e+06
-363829
-2.60417
0.00385763
0.00311449
0.000287757
0
0
0
1682191899.00389
msg_begin
7.75776e+06
-363829
-2.60599
0.00612598
0.00558096
0.000239723
0
0
0
1682191899.05393
msg_begin
7.75776e+06
-363829
-2.60428
0.00693224
0.00809887
0.00029008
0
0
0
1682191899.10440
msg_begin
7.75776e+06
-363829
-2.60586
0.000538425
7.31468e-05
1.86509e-05
0
0
0
1682191899.15369
msg_begin
7.75775e+06
-363829
-2.604
0.000350489
0.000539422
7.08104e-05
0
0
0
1682191899.20362
msg_begin
7.75775e+06
-363829
-2.60387
9.31323e-09
5.82077e-11
4.88498e-15
0
0
0
1682191899.25363
msg_begin
7.75775e+06
-363829
-2.60331
0.00880512
0.00885998
0.00167716
0
0
0
1682191899.30350
msg_begin
7.75775e+06
-363829
-2.6055
0.00314541
0.000897838
0.0013378
0
0
0
1682191899.35332
msg_begin
7.75775e+06
-363829
-2.60406
1.95578e-08
1.57161e-09
1.77636e-15
0
0
0
1682191899.40325
msg_begin
7.75775e+06
-363829
-2.60381
0.000660163
0.00320259
0.000108026
0
0
0
1682191899.45316
msg_begin
7.75775e+06
-363829
-2.60466
0.00339007
0.000413514
0.000192313
0
0
0
1682191899.50426
msg_begin
7.75775e+06
-363829
-2.60555
3.40271e-05
0.000182564
1.72471e-05
0
0
0
1682191899.55302
msg_begin
7.75775e+06
-363829
-2.60696
0.00170471
0.000318481
6.72165e-05
0
0
0
1682191899.60304
msg_begin
7.75775e+06
-363829
-2.60477
0.00831507
0.00468133
0.000235129
0
0
0
1682191899.65295
msg_begin
7.75775e+06
-363829
-2.60411
0.00591701
0.00415352
0.000529462
0
0
0
1682191899.70296
msg_begin
7.75775e+06
-363829
-2.60317
0.001063
0.0017386
0.000118366
0
0
0
1682191899.75282
msg_begin
7.75775e+06
-363829
-2.60142
0.011883
0.00274218
0.000349793
0
0
0
1682191899.80278
msg_begin
7.75775e+06
-363829
-2.59994
0.000727576
0.00180546
3.91436e-05
0
0
0
1682191899.85270
msg_begin
7.75775e+06
-363829
-2.59918
0.0033211
0.00394041
8.67737e-05
0
0
0
1682191899.90395
msg_begin
7.75775e+06
-363829
-2.59972
0.00022207
0.000290383
9.90776e-05
0
0
0
1682191899.95266
msg_begin
7.75775e+06
-363829
-2.6037
0.00239705
0.0103183
0.00100759
0
0
0
1682191900.00258
msg_begin
7.75775e+06
-363829
-2.60013
0.00492255
0.0110764
0.00121292
0
0
0
1682191900.05266
msg_begin
7.75775e+06
-363829
-2.6002
0.000410416
0.000503923
1.26598e-05
0
0
0
1682191900.10292
msg_begin
7.75775e+06
-363829
-2.5996
0.00387192
0.00409624
0.000277608
0
0
0
1682191900.15245
msg_begin
7.75775e+06
-363829
-2.60006
0.000624921
0.0026452
0.000186328
0
0
0
1682191900.20243
msg_begin
7.75775e+06
-363829
-2.59913
0.00533438
0.00747869
0.000530042
0
0
0
1682191900.25238
msg_begin
7.75775e+06
-363829
-2.60223
0.00734156
0.00455552
0.000986449
0
0
0
1682191900.30342
msg_begin
7.75775e+06
-363829
-2.60323
0.00189163
0.000712745
0.000195035
0
0
0
1682191900.35247
msg_begin
7.75775e+06
-363829
-2.60197
0.00290227
0.00259679
0.000188257
0
0
0
1682191900.40243
msg_begin
7.75775e+06
-363829
-2.60136
1.49012e-08
3.89991e-09
1.33227e-15
0
0
0
1682191900.45241
msg_begin
7.75775e+06
-363829
-2.60132
4.47035e-08
2.61934e-09
4.44089e-16
0
0
0
1682191900.50276
msg_begin
7.75775e+06
-363829
-2.60185
0.0123514
0.0105667
0.00119593
0
0
0
1682191900.55250
msg_begin
7.75775e+06
-363829
-2.60275
0.00322353
0.000487435
0.000150993
0
0
0
1682191900.60250
msg_begin
7.75775e+06
-363829
-2.60276
0.00026353
0.000569011
2.71798e-05
0
0
0
1682191900.65247
msg_begin
7.75775e+06
-363829
-2.60323
9.0016e-05
0.000350222
2.52938e-05
0
0
0
1682191900.70331
msg_begin
7.75775e+06
-363829
-2.60278
0.00476302
0.00592392
0.00042173
0
0
0
1682191900.75247
msg_begin
7.75775e+06
-363829
-2.60314
0.00137165
0.000908839
0.00012064
0
0
0
1682191900.80251
msg_begin
7.75775e+06
-363829
-2.6041
0.000135241
0.000115666
1.53146e-06
0
0
0
1682191900.85262
msg_begin
7.75775e+06
-363829
-2.60472
0.00526478
0.00613217
0.000268557
0
0
0
1682191900.90305
msg_begin
7.75775e+06
-363829
-2.60536
0.00594721
0.00182227
0.000142376
0
0
0
1682191900.95269
msg_begin
7.75775e+06
-363829
-2.6071
1.02445e-08
1.16415e-09
4.44089e-16
0
0
0
1682191901.00276
msg_begin
7.75775e+06
-363829
-2.60647
0.00284296
0.00185298
0.000374513
0
0
0
1682191901.05286
msg_begin
7.75775e+06
-363829
-2.60569
0.000653548
0.00119382
0.000130101
0
0
0
1682191901.10398
msg_begin
7.75775e+06
-363829
-2.60698
0.00321988
0.0033337
0.000273154
0
0
0
1682191901.15297
msg_begin
7.75775e+06
-363829
-2.60723
0.00555609
0.00604602
0.000390977
0
0
0
1682191901.20300
msg_begin
7.75775e+06
-363829
-2.60657
0.00520097
0.00316245
0.000202972
0
0
0
1682191901.25293
msg_begin
7.75775e+06
-363829
-2.60633
0.00199268
0.00486744
8.08879e-05
0
0
0
1682191901.30328
msg_begin
7.75775e+06
-363829
-2.60634
0.000450172
0.000704862
3.13987e-05
0
0
0
1682191901.35291
msg_begin
7.75775e+06
-363829
-2.60634
0.00202344
0.000538307
3.39707e-05
0
0
0
1682191901.40288
msg_begin
7.75775e+06
-363829
-2.60638
0.0012537
0.00201357
3.1136e-05
0
0
0
1682191901.45294
msg_begin
7.75775e+06
-363829
-2.60617
0.00893387
0.00334568
0.000147659
0
0
0
1682191901.50375
msg_begin
7.75775e+06
-363829
-2.60632
0.00797071
0.0055698
0.000172321
0
0
0
1682191901.55270
msg_begin
7.75775e+06
-363829
-2.60638
0.00363229
0.00214965
7.86615e-05
0
0
0
1682191901.60270
msg_begin
7.75775e+06
-363829
-2.60666
0.0035773
0.00313128
0.000236866
0
0
0
1682191901.65266
msg_begin
7.75775e+06
-363829
-2.60621
0.00222055
0.0017909
0.000146574
0
0
0
1682191901.70259
msg_begin
7.75775e+06
-363829
-2.6067
0.00753501
0.00359109
0.000345868
0
0
0
1682191901.75256
msg_begin
7.75775e+06
-363829
-2.6068
0.00103467
0.000729037
5.55481e-05
0
0
0
1682191901.80250
msg_begin
7.75775e+06
-363829
-2.60684
0.00501249
0.00275491
0.000222426
0
0
0
1682191901.85259
msg_begin
7.75775e+06
-363829
-2.60468
0.00129788
0.00597135
0.0023574
0
0
0
1682191901.90245
msg_begin
7.75775e+06
-363829
-2.60661
0.00396699
0.00360528
0.000193241
0
0
0
1682191901.95241
msg_begin
7.75775e+06
-363829
-2.60633
0.00263158
0.00579675
0.000104097
0
0
0
1682191902.00236
msg_begin
7.75775e+06
-363829
-2.60661
0.00381193
0.0017117
0.000192177
0
0
0
1682191902.05313
msg_begin
7.75775e+06
-363829
-2.60652
0.00277277
0.00322261
0.00022672
0
0
0
1682191902.10233
msg_begin
7.75775e+06
-363829
-2.60694
0.00376047
0.0095474
0.000482329
0
0
0
1682191902.15236
msg_begin
7.75775e+06
-363829
-2.60611
0.00575579
0.00430354
0.000235272
0
0
0
1682191902.20230
msg_begin
7.75775e+06
-363829
-2.60667
0.00224464
0.00145144
0.00012449
0
0
0
1682191902.25323
msg_begin
7.75775e+06
-363829
-2.60681
0.00326447
0.00513577
0.000584149
0
0
0
1682191902.30224
