msg_begin
7.75789e+06
-363742
-2.48352
3
3
0.349066
3
3
0.349066
1685647449.21125
msg_begin
7.75789e+06
-363742
-2.47883
2.89287
2.90778
0.360182
0
0
0
1685647449.23916
msg_begin
7.75789e+06
-363742
-2.48166
3.08673
2.86219
0.377215
0
0
0
1685647449.28928
msg_begin
7.75789e+06
-363742
-2.43857
2.86298
3.13023
0.35066
0
0
0
1685647449.33915
msg_begin
7.75789e+06
-363741
-2.41426
3.01578
3.12755
0.341622
0
0
0
1685647449.38919
msg_begin
7.75789e+06
-363742
-2.42227
2.95974
2.85478
0.35464
0
0
0
1685647449.43914
msg_begin
7.75789e+06
-363742
-2.42881
2.81482
3.00762
0.34115
0
0
0
1685647449.48941
msg_begin
7.75789e+06
-363742
-2.42722
3.11596
3.18396
0.352156
0
0
0
1685647449.53917
msg_begin
7.75789e+06
-363741
-2.5733
1.95578e-08
4.65661e-10
0
0
0
0
1685647449.58934
msg_begin
7.75789e+06
-363742
-2.47385
2.98023e-08
3.49246e-10
0
0
0
0
1685647449.63914
msg_begin
7.75789e+06
-363742
-2.49058
5.58794e-09
2.73576e-09
4.44089e-16
0
0
0
1685647449.68973
msg_begin
7.75789e+06
-363742
-2.49351
0.0018408
0.000379301
8.62314e-06
0
0
0
1685647449.73914
msg_begin
7.75789e+06
-363742
-2.49655
0.00471585
0.00193732
0.000959897
0
0
0
1685647449.78906
msg_begin
7.75789e+06
-363742
-2.49805
0.00462502
0.00289221
0.000172751
0
0
0
1685647449.83908
msg_begin
7.75789e+06
-363742
-2.50182
2.04891e-08
1.39698e-09
3.9968e-15
0
0
0
1685647449.88947
msg_begin
7.75789e+06
-363742
-2.50452
0.000781449
0.000530121
5.42543e-05
0
0
0
1685647449.93905
msg_begin
7.75789e+06
-363742
-2.51013
6.11561e-05
0.000135892
0.000452466
0
0
0
1685647449.98901
msg_begin
7.75789e+06
-363742
-2.51184
0.00154921
0.00168142
0.00026146
0
0
0
1685647450.03901
msg_begin
7.75789e+06
-363742
-2.51397
0.00199009
0.00697874
0.000841098
0
0
0
1685647450.08894
msg_begin
7.75789e+06
-363742
-2.51038
0.00236408
0.00528749
0.000299835
0
0
0
1685647450.13898
msg_begin
7.75789e+06
-363742
-2.51031
0.00140442
0.000743656
0.000921427
0
0
0
1685647450.18897
msg_begin
7.75789e+06
-363742
-2.50987
0.00511297
0.00181177
0.000514043
0
0
0
1685647450.23891
msg_begin
7.75789e+06
-363742
-2.51143
0.00286079
0.00103765
0.000349419
0
0
0
1685647450.28889
msg_begin
7.75789e+06
-363742
-2.51167
0.0104467
0.00296089
0.000242857
0
0
0
1685647450.33885
msg_begin
7.75789e+06
-363742
-2.51005
0.0041484
0.00354672
0.0002594
0
0
0
1685647450.38899
msg_begin
7.75789e+06
-363742
-2.51144
0.000495488
0.000156531
1.17937e-05
0
0
0
1685647450.43882
msg_begin
7.75789e+06
-363742
-2.51212
0.00553914
0.0031024
0.000328201
0
0
0
1685647450.48883
msg_begin
7.75789e+06
-363742
-2.51284
0.00710159
0.0110935
0.00253252
0
0
0
1685647450.53913
msg_begin
7.75789e+06
-363742
-2.50976
0.00457126
0.00357196
0.000405133
0
0
0
1685647450.58882
msg_begin
7.75789e+06
-363742
-2.51079
0.00357041
0.00710788
0.000560066
0
0
0
1685647450.63885
msg_begin
7.75789e+06
-363742
-2.51121
0.00156312
0.00320938
0.000203242
0
0
0
1685647450.68880
msg_begin
7.75789e+06
-363742
-2.51165
0.00298895
0.00496383
0.000395837
0
0
0
1685647450.73886
msg_begin
7.75789e+06
-363742
-2.51095
0.00173264
0.0027718
8.42102e-05
0
0
0
1685647450.78885
msg_begin
7.75789e+06
-363742
-2.5108
0.0084798
0.00779668
0.0006441
0
0
0
1685647450.83883
msg_begin
7.75789e+06
-363742
-2.51348
0.0169629
0.00907089
0.00297931
0
0
0
1685647450.88885
msg_begin
7.75789e+06
-363742
-2.51729
0.0144875
0.0110757
0.0028215
0
0
0
1685647450.93886
msg_begin
7.75789e+06
-363742
-2.51374
0.0121891
0.0112382
0.0017994
0
0
0
1685647450.98884
msg_begin
7.75789e+06
-363742
-2.51512
0.0101964
0.00938438
0.00134804
0
0
0
1685647451.03881
msg_begin
7.75789e+06
-363742
-2.51545
0.0056463
0.00518501
0.000651647
0
0
0
1685647451.08877
msg_begin
7.75789e+06
-363742
-2.52043
0.00113169
0.00107098
0.000675109
0
0
0
1685647451.13878
msg_begin
7.75789e+06
-363742
-2.5214
0.00907312
0.00436173
0.000249254
0
0
0
1685647451.18878
msg_begin
7.75789e+06
-363742
-2.52012
0.000647268
4.18622e-05
3.56512e-05
0
0
0
1685647451.23881
msg_begin
7.75789e+06
-363742
-2.52153
6.14673e-08
5.82077e-11
2.66454e-15
0
0
0
1685647451.29015
msg_begin
7.75789e+06
-363742
-2.51991
0.00154578
0.0043739
0.000254631
0
0
0
1685647451.33872
msg_begin
7.75789e+06
-363742
-2.5211
0.00999735
0.00642252
0.000340385
0
0
0
1685647451.38871
msg_begin
7.75789e+06
-363742
-2.51935
0.00590151
0.0145388
0.000985308
0
0
0
1685647451.43873
msg_begin
7.75789e+06
-363742
-2.51849
0.00472449
0.00479581
0.000678953
0
0
0
1685647451.48876
msg_begin
7.75789e+06
-363742
-2.51782
0.000368712
0.000881847
8.46403e-05
0
0
0
1685647451.53865
msg_begin
7.75789e+06
-363742
-2.51913
0.000142751
0.000324284
8.65743e-05
0
0
0
1685647451.58864
msg_begin
7.75789e+06
-363742
-2.52214
0.00084973
0.00235188
0.000251562
0
0
0
1685647451.63871
msg_begin
7.75789e+06
-363742
-2.52258
0.00854537
0.00863836
0.00171351
0
0
0
1685647451.68976
msg_begin
7.75789e+06
-363742
-2.52653
0.000685542
0.00163131
0.00020062
0
0
0
1685647451.73860
msg_begin
7.75789e+06
-363742
-2.52611
0.00410789
0.00240659
0.000333943
0
0
0
1685647451.78854
msg_begin
7.75789e+06
-363742
-2.52611
0.00646338
0.00403421
0.00043786
0
0
0
1685647451.83865
msg_begin
7.75789e+06
-363742
-2.52632
0.00108695
0.00305029
0.000139747
0
0
0
1685647451.88978
msg_begin
7.75789e+06
-363742
-2.52645
0.0015467
0.00165299
0.000226699
0
0
0
1685647451.93851
msg_begin
7.75789e+06
-363742
-2.52728
0.00292973
0.00461636
0.000553271
0
0
0
1685647451.98848
msg_begin
7.75789e+06
-363742
-2.52718
0.00319085
0.00234069
0.000235375
0
0
0
1685647452.03841
msg_begin
7.75789e+06
-363742
-2.52636
0.00260243
0.00488537
0.000804568
0
0
0
1685647452.08841
msg_begin
7.75789e+06
-363742
-2.52804
0.00418502
0.0043669
0.000334379
0
0
0
1685647452.13835
msg_begin
7.75789e+06
-363742
-2.52638
0.00873189
0.00302166
0.00031814
0
0
0
1685647452.18837
msg_begin
7.75789e+06
-363742
-2.52712
0.00612704
0.00465932
0.000567356
0
0
0
1685647452.23831
msg_begin
7.75789e+06
-363742
-2.52749
0.00286367
0.00332133
0.000514709
0
0
0
1685647452.28830
msg_begin
7.75789e+06
-363742
-2.52632
0.00213845
0.00182372
0.000367335
0
0
0
1685647452.33829
msg_begin
7.75789e+06
-363742
-2.52671
0.00313542
0.00250507
6.7364e-05
0
0
0
1685647452.38830
msg_begin
7.75789e+06
-363742
-2.52614
0.00473435
0.000775721
0.000132988
0
0
0
1685647452.43834
msg_begin
7.75789e+06
-363742
-2.52562
0.00588805
0.00325453
0.000422998
0
0
0
1685647452.48830
msg_begin
7.75789e+06
-363742
-2.52221
0.00280582
0.0018628
0.000154906
0
0
0
1685647452.53827
msg_begin
7.75789e+06
-363742
-2.5228
0.00395897
0.00295591
0.000290867
0
0
0
1685647452.58828
msg_begin
7.75789e+06
-363742
-2.52256
0.0129753
0.0113936
0.000535761
0
0
0
1685647452.63826
msg_begin
7.75789e+06
-363742
-2.52442
0.00476634
0.0045608
0.000258075
0
0
0
1685647452.68828
msg_begin
7.75789e+06
-363742
-2.52374
0.00380564
0.00438016
0.0017446
0
0
0
1685647452.73831
msg_begin
7.75789e+06
-363742
-2.52311
0.00418039
0.00218253
0.00130926
0
0
0
1685647452.78832
msg_begin
7.75789e+06
-363742
-2.52428
0.000391083
0.000118488
5.13575e-06
0
0
0
1685647452.83829
msg_begin
7.75789e+06
-363742
-2.52507
0.00162183
0.00676861
0.000681416
0
0
0
1685647452.88826
msg_begin
7.75789e+06
-363742
-2.52575
0.00105443
0.00362385
0.000457287
0
0
0
1685647452.93824
msg_begin
7.75789e+06
-363742
-2.52525
0.0102131
0.011045
0.00109796
0
0
0
1685647452.98825
msg_begin
7.75789e+06
-363742
-2.5247
0.0026071
0.00256057
0.000100705
0
0
0
1685647453.03823
msg_begin
7.75789e+06
-363742
-2.52607
0.00895316
0.000997493
0.00264843
0
0
0
1685647453.08823
msg_begin
7.75789e+06
-363742
-2.52323
0.001689
0.000458991
0.000693145
0
0
0
1685647453.13830
msg_begin
7.75789e+06
-363742
-2.52302
0.00483704
0.00592929
0.000261111
0
0
0
1685647453.18830
msg_begin
7.75789e+06
-363742
-2.51921
0.00297015
0.00125727
0.000216712
0
0
0
1685647453.23831
msg_begin
7.75789e+06
-363742
-2.52402
0.00102512
0.00172413
0.000115515
0
0
0
1685647453.28834
msg_begin
7.75789e+06
-363742
-2.51996
0.00895083
0.0051329
0.000290153
0
0
0
1685647453.33833
msg_begin
7.75789e+06
-363743
-2.51787
0.00200252
0.00197869
0.000748171
0
0
0
1685647453.38829
msg_begin
7.75789e+06
-363743
-2.52052
0.00561196
0.00553171
0.00091236
0
0
0
1685647453.43839
msg_begin
7.75789e+06
-363743
-2.51842
0.00194747
0.00366567
0.000574748
0
0
0
1685647453.48951
msg_begin
7.75789e+06
-363743
-2.51874
0.00594144
0.00336469
0.000777439
0
0
0
1685647453.53833
msg_begin
7.75789e+06
-363743
-2.52134
0.0016764
0.00242777
9.68312e-05
0
0
0
1685647453.58834
msg_begin
7.75789e+06
-363743
-2.52259
0.00421726
0.004866
0.00126567
0
0
0
1685647453.63831
msg_begin
7.75789e+06
-363743
-2.52204
0.00185816
0.00216
0.000333771
0
0
0
1685647453.68838
msg_begin
7.75789e+06
-363743
-2.52389
0.00167782
0.000821409
0.000162069
0
0
0
1685647453.73833
msg_begin
7.75789e+06
-363743
-2.52346
0.000832368
0.000590716
0.000127392
0
0
0
1685647453.78831
msg_begin
7.75789e+06
-363743
-2.52186
1.95578e-08
3.7835e-09
8.88178e-16
0
0
0
1685647453.83832
msg_begin
7.75789e+06
-363743
-2.52553
0.00404115
0.00506572
0.000493951
0
0
0
1685647453.88953
msg_begin
7.75789e+06
-363743
-2.52407
0.00308283
0.00350864
0.000444501
0
0
0
1685647453.93891
msg_begin
7.75789e+06
-363743
-2.52379
0.000551414
0.000917375
3.03563e-05
0
0
0
1685647453.98834
msg_begin
7.75789e+06
-363743
-2.5258
1.76951e-08
2.15368e-09
3.10862e-15
0
0
0
1685647454.03839
msg_begin
7.75789e+06
-363744
-2.52871
0.00914361
0.00698082
0.000587166
0
0
0
1685647454.08841
msg_begin
7.75789e+06
-363744
-2.52605
1.58325e-08
2.38651e-09
2.22045e-15
0
0
0
1685647454.13843
msg_begin
7.75789e+06
-363744
-2.52658
1.58325e-08
3.20142e-09
8.88178e-16
0
0
0
1685647454.18847
msg_begin
7.75789e+06
-363744
-2.52549
0.00105451
0.00172379
3.92541e-05
0
0
0
1685647454.23853
msg_begin
7.75788e+06
-363744
-2.52111
1.76951e-08
8.14907e-10
4.44089e-16
0
0
0
1685647454.28854
msg_begin
7.75788e+06
-363744
-2.52049
0.00347234
0.00639022
0.000254905
0
0
0
1685647454.33859
msg_begin
7.75788e+06
-363744
-2.52195
0.0019754
0.00157372
8.81696e-05
0
0
0
1685647454.38859
msg_begin
7.75788e+06
-363744
-2.5222
0.0194122
0.00156086
0.000201331
0
0
0
1685647454.43863
msg_begin
7.75788e+06
-363744
-2.52027
0.00206794
0.00439238
0.000240494
0
0
0
1685647454.48861
msg_begin
7.75788e+06
-363745
-2.52074
0.00525305
0.00613888
0.000447881
0
0
0
1685647454.53867
msg_begin
7.75788e+06
-363745
-2.52195
8.3819e-09
9.31323e-10
4.44089e-16
0
0
0
1685647454.58869
msg_begin
7.75788e+06
-363745
-2.52258
0.00284549
0.000392031
0.000163623
0
0
0
1685647454.63865
msg_begin
7.75788e+06
-363745
-2.52228
0.00259304
0.00279166
6.85873e-05
0
0
0
1685647454.68869
msg_begin
7.75788e+06
-363745
-2.52252
0.00108699
0.00062693
5.55507e-05
0
0
0
1685647454.73868
msg_begin
7.75788e+06
-363745
-2.52207
0.0081727
0.00423429
0.000124288
0
0
0
1685647454.78872
msg_begin
7.75788e+06
-363745
-2.52226
0.000319019
0.000391356
1.91912e-05
0
0
0
1685647454.83880
msg_begin
7.75788e+06
-363745
-2.52259
0.0113965
0.00966336
0.000401684
0
0
0
1685647454.88883
msg_begin
7.75788e+06
-363745
-2.5197
0.00304401
0.00464191
0.000982216
0
0
0
1685647454.93880
msg_begin
7.75788e+06
-363746
-2.52149
0.0192188
0.0145346
0.000982533
0
0
0
1685647454.98885
msg_begin
7.75788e+06
-363746
-2.51948
0.034813
0.033756
0.00177284
0
0
0
1685647455.03887
msg_begin
7.75788e+06
-363746
-2.52227
0.000435335
0.00102771
3.12874e-05
0
0
0
1685647455.08891
msg_begin
7.75788e+06
-363746
-2.52238
0.0114685
0.00890936
0.000552967
0
0
0
1685647455.13893
msg_begin
7.75788e+06
-363746
-2.521
0.0311449
0.02086
0.000528603
0
0
0
1685647455.18899
msg_begin
7.75788e+06
-363746
-2.52026
0.000336578
0.00166415
7.13835e-05
0
0
0
1685647455.23897
msg_begin
7.75788e+06
-363746
-2.51875
0.0167418
0.0116057
0.00053592
0
0
0
1685647455.28921
msg_begin
7.75788e+06
-363746
-2.5189
0.0128228
0.00541761
0.00141103
0
0
0
1685647455.33902
msg_begin
7.75788e+06
-363747
-2.51799
0.00733365
0.00480534
0.000372332
0
0
0
1685647455.38901
msg_begin
7.75788e+06
-363747
-2.51995
0.00593613
0.0127481
0.00070299
0
0
0
1685647455.43906
msg_begin
7.75788e+06
-363747
-2.51811
0.000236044
0.000694871
1.74222e-05
0
0
0
1685647455.48912
msg_begin
7.75788e+06
-363747
-2.51715
0.0115345
0.00601441
0.00101313
0
0
0
1685647455.53913
msg_begin
7.75788e+06
-363747
-2.51723
0.00520593
0.00595831
0.000565941
0
0
0
1685647455.58919
msg_begin
7.75788e+06
-363747
-2.51769
0.0063436
0.00307017
0.000664327
0
0
0
1685647455.63923
msg_begin
7.75788e+06
-363747
-2.51431
0.00706688
0.00252762
0.00060987
0
0
0
1685647455.68921
msg_begin
7.75788e+06
-363748
-2.51594
0.00333608
0.0027036
0.000340437
0
0
0
1685647455.73925
msg_begin
7.75788e+06
-363748
-2.51481
0.00010538
0.00315118
0.000198441
0
0
0
1685647455.78927
msg_begin
7.75788e+06
-363748
-2.51579
0.00115104
0.00472554
0.000269813
0
0
0
1685647455.83924
msg_begin
7.75788e+06
-363748
-2.51384
0.0130551
0.00891
0.000555751
0
0
0
1685647455.88926
msg_begin
7.75788e+06
-363748
-2.5125
0.00387418
0.00204385
3.97376e-05
0
0
0
1685647455.93923
msg_begin
7.75788e+06
-363748
-2.51133
0.00205058
0.00498049
0.000210489
0
0
0
1685647455.98922
msg_begin
7.75788e+06
-363749
-2.51234
9.03383e-08
1.57161e-09
4.44089e-16
0
0
0
1685647456.03927
msg_begin
7.75788e+06
-363749
-2.51093
0.00288149
0.00222489
0.000232838
0
0
0
1685647456.08927
msg_begin
7.75788e+06
-363749
-2.50975
0.0128973
0.00812448
0.000507531
0
0
0
1685647456.13926
msg_begin
7.75788e+06
-363749
-2.50863
0.00116495
0.00204005
0.000101327
0
0
0
1685647456.18925
msg_begin
7.75788e+06
-363749
-2.50761
0.0112206
0.0116749
0.00125749
0
0
0
1685647456.23925
msg_begin
7.75788e+06
-363749
-2.50833
6.42613e-08
1.62981e-09
1.77636e-15
0
0
0
1685647456.28994
msg_begin
7.75788e+06
-363750
-2.50846
0.00279444
0.00105833
0.000598864
0
0
0
1685647456.33921
msg_begin
7.75788e+06
-363750
-2.50841
0.00136784
0.00334976
0.000369679
0
0
0
1685647456.38922
msg_begin
7.75788e+06
-363750
-2.50784
0.00715138
0.00319296
0.000173335
0
0
0
1685647456.43925
msg_begin
7.75788e+06
-363750
-2.50611
0.0179109
0.0137311
0.000377947
0
0
0
1685647456.48915
msg_begin
7.75788e+06
-363750
-2.50803
0.0100405
0.00367518
0.000403374
0
0
0
1685647456.53915
msg_begin
7.75788e+06
-363750
-2.5061
0.0191834
0.015184
0.00129524
0
0
0
1685647456.58912
msg_begin
7.75788e+06
-363751
-2.50586
0.00622197
0.00744418
0.000570719
0
0
0
1685647456.63921
msg_begin
7.75788e+06
-363751
-2.50666
0.000754542
0.00418184
0.00023551
0
0
0
1685647456.68994
msg_begin
7.75788e+06
-363751
-2.50456
0.0207392
0.00942654
0.000639866
0
0
0
1685647456.73914
msg_begin
7.75788e+06
-363751
-2.5032
0.020507
0.0122254
0.000655884
0
0
0
1685647456.78912
msg_begin
7.75788e+06
-363751
-2.50329
0.0126839
0.000787427
0.0001069
0
0
0
1685647456.83919
msg_begin
7.75788e+06
-363751
-2.50161
0.00320948
0.00327665
0.000157455
0
0
0
1685647456.89048
msg_begin
7.75788e+06
-363752
-2.5021
0.00359495
0.00500024
0.000722114
0
0
0
1685647456.93906
msg_begin
7.75787e+06
-363752
-2.50125
0.00793418
0.00467483
0.00025626
0
0
0
1685647456.98905
msg_begin
7.75787e+06
-363752
-2.50048
0.0163771
0.010756
0.00155127
0
0
0
1685647457.03912
msg_begin
7.75787e+06
-363752
-2.5016
0.00258247
0.00246941
7.28016e-05
0
0
0
1685647457.08901
msg_begin
7.75787e+06
-363752
-2.50252
0.00336355
0.00048383
0.000167921
0
0
0
1685647457.13900
msg_begin
7.75787e+06
-363753
-2.49939
3.89856e-05
0.0018274
7.57882e-06
0
0
0
1685647457.18895
msg_begin
7.75787e+06
-363753
-2.50174
0.00466737
0.00520768
0.000729955
0
0
0
1685647457.23897
msg_begin
7.75787e+06
-363753
-2.49954
0.032799
0.0124635
0.000532197
0
0
0
1685647457.28892
msg_begin
7.75787e+06
-363753
-2.50014
0.000144196
0.000181606
1.21673e-05
0
0
0
1685647457.33883
msg_begin
7.75787e+06
-363753
-2.49842
0.00359416
0.00571929
0.000334093
0
0
0
1685647457.38882
msg_begin
7.75787e+06
-363754
-2.50036
0.0147646
0.00867915
0.000424971
0
0
0
1685647457.43883
msg_begin
7.75787e+06
-363754
-2.50218
0.0179406
0.0112772
0.00239202
0
0
0
1685647457.48877
msg_begin
7.75787e+06
-363754
-2.49982
8.19564e-08
2.91038e-10
4.44089e-16
0
0
0
1685647457.53881
msg_begin
7.75787e+06
-363754
-2.5
0.0105485
0.00499682
0.00019967
0
0
0
1685647457.58879
msg_begin
7.75787e+06
-363754
-2.50244
0.00526346
0.00269979
0.000585209
0
0
0
1685647457.63879
msg_begin
7.75787e+06
-363754
-2.50304
0.0114685
0.0148241
0.000912946
0
0
0
1685647457.68880
msg_begin
7.75787e+06
-363755
-2.50198
0.025335
0.0251445
0.00148247
0
0
0
1685647457.73877
msg_begin
7.75787e+06
-363755
-2.50092
0.0095315
0.0072954
0.000528739
0
0
0
1685647457.78875
msg_begin
7.75787e+06
-363755
-2.5027
0.0125909
0.00800823
0.00108453
0
0
0
1685647457.83876
msg_begin
7.75787e+06
-363755
-2.50406
0.00785073
0.00712784
8.16845e-05
0
0
0
1685647457.88877
msg_begin
7.75787e+06
-363756
-2.5003
1.86265e-08
1.33878e-09
2.66454e-15
0
0
0
1685647457.93878
msg_begin
7.75787e+06
-363756
-2.49872
0.00289694
0.00238992
0.000833369
0
0
0
1685647457.98876
msg_begin
7.75787e+06
-363756
-2.50116
7.82311e-08
2.56114e-09
5.32907e-15
0
0
0
1685647458.03873
msg_begin
7.75787e+06
-363756
-2.50037
0.00752566
0.00586144
0.000604237
0
0
0
1685647458.08872
msg_begin
7.75787e+06
-363756
-2.49917
0.000716033
0.00133243
7.55928e-05
0
0
0
1685647458.13873
msg_begin
7.75787e+06
-363757
-2.50119
0.000217604
9.09282e-05
9.84914e-06
0
0
0
1685647458.18869
msg_begin
7.75787e+06
-363757
-2.50291
7.26432e-08
2.91038e-10
1.77636e-15
0
0
0
1685647458.23868
msg_begin
7.75787e+06
-363757
-2.50317
0.0226241
0.00635182
0.00047663
0
0
0
1685647458.28987
msg_begin
7.75787e+06
-363757
-2.50179
0.0104804
0.0118312
0.000619198
0
0
0
1685647458.33856
msg_begin
7.75787e+06
-363757
-2.5029
0.020174
0.015117
0.000353013
0
0
0
1685647458.38854
msg_begin
7.75787e+06
-363758
-2.50159
0.00975063
0.0111181
0.00178588
0
0
0
1685647458.43858
msg_begin
7.75787e+06
-363758
-2.50039
0.00142969
0.00113497
8.76049e-05
0
0
0
1685647458.48954
msg_begin
7.75787e+06
-363758
-2.50055
0.00732561
0.00183003
0.000159811
0
0
0
1685647458.53841
msg_begin
7.75787e+06
-363758
-2.50247
0.0240571
0.0121396
0.00171144
0
0
0
1685647458.58835
msg_begin
7.75787e+06
-363759
-2.49816
0.00192762
0.00157084
0.000304755
0
0
0
1685647458.63831
msg_begin
7.75787e+06
-363759
-2.50156
0.00535421
0.00364482
0.000329639
0
0
0
1685647458.68906
msg_begin
7.75787e+06
-363759
-2.50105
0.0169241
0.00285928
0.000759078
0
0
0
1685647458.73823
msg_begin
7.75787e+06
-363759
-2.50214
0.00489984
0.00228928
0.000314035
0
0
0
1685647458.78821
msg_begin
7.75787e+06
-363759
-2.50248
0.00564399
0.00536732
0.000370514
0
0
0
1685647458.83816
msg_begin
7.75786e+06
-363760
-2.50434
0.00348479
0.00277405
0.000538218
0
0
0
1685647458.88936
msg_begin
7.75786e+06
-363760
-2.50468
0.0100523
0.00585878
0.000362778
0
0
0
1685647458.93815
msg_begin
7.75786e+06
-363760
-2.50423
0.00528774
0.00540854
0.000249099
0
0
0
1685647458.98814
msg_begin
7.75786e+06
-363760
-2.50387
0.00131514
0.000481266
0.000198815
0
0
0
1685647459.03819
msg_begin
7.75786e+06
-363761
-2.50295
0.00225296
0.00343872
0.000169323
0
0
0
1685647459.08819
msg_begin
7.75786e+06
-363761
-2.50233
0.00335229
0.00238907
0.000429678
0
0
0
1685647459.13821
msg_begin
7.75786e+06
-363761
-2.50377
0.00493534
0.00179474
0.000326676
0
0
0
1685647459.18818
msg_begin
7.75786e+06
-363761
-2.50347
0.00457039
0.00269055
0.000167506
0
0
0
1685647459.23821
msg_begin
7.75786e+06
-363761
-2.50422
0.00274341
0.00675124
0.000654184
0
0
0
1685647459.28824
msg_begin
7.75786e+06
-363762
-2.50513
0.00195358
0.00299226
0.00035381
0
0
0
1685647459.33826
msg_begin
7.75786e+06
-363762
-2.50622
0.00761738
0.0197456
0.000537195
0
0
0
1685647459.38817
msg_begin
7.75786e+06
-363762
-2.50596
0.0405384
0.0303485
0.000518207
0
0
0
1685647459.43816
msg_begin
7.75786e+06
-363762
-2.50524
0.0231621
0.016856
0.000684273
0
0
0
1685647459.48816
msg_begin
7.75786e+06
-363763
-2.50596
0.00110968
0.00115321
0.000162467
0
0
0
1685647459.53818
msg_begin
7.75786e+06
-363763
-2.50405
0.0141601
0.0146618
0.000643559
0
0
0
1685647459.58820
msg_begin
7.75786e+06
-363763
-2.50784
0.0124226
0.00625092
0.000754221
0
0
0
1685647459.63818
msg_begin
7.75786e+06
-363763
-2.50518
0.0148712
0.00812561
0.00151608
0
0
0
1685647459.68819
msg_begin
7.75786e+06
-363763
-2.50705
0.00589735
0.00260102
0.000128782
0
0
0
1685647459.73819
msg_begin
7.75786e+06
-363764
-2.50743
0.038171
0.0281707
0.000588742
0
0
0
1685647459.78812
msg_begin
7.75786e+06
-363764
-2.5065
0.00342031
0.000973162
0.000234862
0
0
0
1685647459.83813
msg_begin
7.75786e+06
-363764
-2.50782
0.00709945
0.00344703
0.000927583
0
0
0
1685647459.88810
msg_begin
7.75786e+06
-363764
-2.5048
0.000605597
0.000718063
0.000417014
0
0
0
1685647459.93808
msg_begin
7.75786e+06
-363765
-2.50506
0.00153247
0.00107829
0.000145579
0
0
0
1685647459.98801
msg_begin
7.75786e+06
-363765
-2.50512
1.86265e-08
1.74623e-10
3.9968e-15
0
0
0
1685647460.03803
msg_begin
7.75786e+06
-363765
-2.50376
0.0107873
0.00822625
0.000683064
0
0
0
1685647460.08798
msg_begin
7.75786e+06
-363765
-2.50258
0.0248879
0.00726918
0.000974311
0
0
0
1685647460.13790
msg_begin
7.75786e+06
-363766
-2.49958
0.0552195
0.0178298
0.00139836
0
0
0
1685647460.18797
msg_begin
7.75786e+06
-363766
-2.50134
0.0611598
0.0416479
0.00215628
0
0
0
1685647460.23793
msg_begin
7.75786e+06
-363766
-2.50403
0.0106243
0.00697896
0.000402588
0
0
0
1685647460.28876
msg_begin
7.75786e+06
-363766
-2.50413
0.00187812
0.00120084
6.47709e-05
0
0
0
1685647460.33785
msg_begin
7.75786e+06
-363767
-2.50436
0.0108846
0.00734638
0.000217566
0
0
0
1685647460.38783
msg_begin
7.75786e+06
-363767
-2.50215
0.0056681
0.000865484
0.000300576
0
0
0
1685647460.43785
msg_begin
7.75786e+06
-363767
-2.50232
0.0060021
0.000616749
0.00016654
0
0
0
1685647460.48837
msg_begin
7.75785e+06
-363767
-2.50289
0.0132854
0.0104948
0.000802066
0
0
0
1685647460.53788
msg_begin
7.75785e+06
-363768
-2.5036
0.00302689
0.00247742
0.000811859
0
0
0
1685647460.58788
msg_begin
7.75785e+06
-363768
-2.50156
0.000606254
0.00106497
0.000177476
0
0
0
1685647460.63789
msg_begin
7.75785e+06
-363768
-2.50112
0.00777582
0.00176873
0.000676317
0
0
0
1685647460.68874
msg_begin
7.75785e+06
-363768
-2.50437
0.0187579
0.0219126
0.00105225
0
0
0
1685647460.73856
msg_begin
7.75785e+06
-363769
-2.49923
0.000688785
0.00199192
0.000555802
0
0
0
1685647460.78780
msg_begin
7.75785e+06
-363769
-2.5006
0.000868476
0.00347587
0.000250143
0
0
0
1685647460.83786
msg_begin
7.75785e+06
-363769
-2.49908
0.00133323
0.00184336
0.000835499
0
0
0
1685647460.88825
msg_begin
7.75785e+06
-363770
-2.49904
0.00539605
0.00690122
0.000171838
0
0
0
1685647460.93786
msg_begin
7.75785e+06
-363770
-2.50193
0.0071413
0.00506997
0.000584425
0
0
0
1685647460.98790
msg_begin
7.75785e+06
-363770
-2.50331
0.00126492
0.00224049
0.000225368
0
0
0
1685647461.03789
msg_begin
7.75785e+06
-363770
-2.50245
0.00655742
0.00476074
0.000785576
0
0
0
1685647461.08788
msg_begin
7.75785e+06
-363770
-2.50426
0.00678155
0.00212325
0.000548964
0
0
0
1685647461.13786
msg_begin
7.75785e+06
-363771
-2.50413
0.00133533
0.000503958
4.97695e-05
0
0
0
1685647461.18789
msg_begin
7.75785e+06
-363771
-2.50439
0.00190567
0.00233173
0.000184604
0
0
0
1685647461.23786
msg_begin
7.75785e+06
-363771
-2.50466
0.00446039
0.00668927
0.00195365
0
0
0
1685647461.28787
msg_begin
7.75785e+06
-363772
-2.5029
0.00411749
0.00689007
0.000177182
0
0
0
1685647461.33784
msg_begin
7.75785e+06
-363772
-2.50426
0.0167169
0.0147676
0.00104045
0
0
0
1685647461.38788
msg_begin
7.75785e+06
-363772
-2.50327
0.00531335
0.00386729
0.000211463
0
0
0
1685647461.43779
msg_begin
7.75785e+06
-363772
-2.50259
0.00795558
0.00133611
0.000341359
0
0
0
1685647461.48781
msg_begin
7.75785e+06
-363773
-2.50043
0.0211567
0.00884412
0.000441803
0
0
0
1685647461.53779
msg_begin
7.75785e+06
-363773
-2.49856
0.00429206
0.00184553
0.00017802
0
0
0
1685647461.58778
msg_begin
7.75785e+06
-363773
-2.4992
0.013639
0.00618009
0.000567017
0
0
0
1685647461.63805
msg_begin
7.75785e+06
-363773
-2.49999
0.00585999
0.0079429
0.0003828
0
0
0
1685647461.68786
msg_begin
7.75785e+06
-363774
-2.49867
0.00720198
0.00817981
0.000518064
0
0
0
1685647461.73784
msg_begin
7.75785e+06
-363774
-2.50025
0.0145902
0.00884311
0.000589619
0
0
0
1685647461.78788
msg_begin
7.75785e+06
-363774
-2.50259
6.89179e-08
1.22236e-09
2.66454e-15
0
0
0
1685647461.83833
msg_begin
7.75785e+06
-363775
-2.50295
0.0129028
0.00813789
0.000720126
0
0
0
1685647461.88797
msg_begin
7.75785e+06
-363775
-2.50338
0.00452265
0.00385145
0.000362218
0
0
0
1685647461.93796
msg_begin
7.75785e+06
-363775
-2.50412
0.0346262
0.0294941
0.00140287
0
0
0
1685647461.98798
msg_begin
7.75784e+06
-363775
-2.50559
0.00494372
0.00609895
0.00166338
0
0
0
1685647462.03839
msg_begin
7.75784e+06
-363776
-2.50306
0.0392368
0.00458205
0.00148859
0
0
0
1685647462.08803
msg_begin
7.75784e+06
-363776
-2.4994
0.00276408
0.00427937
0.000260142
0
0
0
1685647462.13805
msg_begin
7.75784e+06
-363776
-2.49944
0.00150698
0.00439763
4.05104e-05
0
0
0
1685647462.18811
msg_begin
7.75784e+06
-363777
-2.5029
0.00537765
0.00450569
0.000895374
0
0
0
1685647462.23851
msg_begin
7.75784e+06
-363777
-2.50325
0.0212086
0.00958523
0.00168474
0
0
0
1685647462.28814
msg_begin
7.75784e+06
-363777
-2.50444
0.0101003
0.0109685
0.000162881
0
0
0
1685647462.33813
msg_begin
7.75784e+06
-363777
-2.50543
0.00321131
0.0044264
0.000921538
0
0
0
1685647462.38813
msg_begin
7.75784e+06
-363778
-2.50584
0.00152029
0.00174892
0.000275612
0
0
0
1685647462.43867
msg_begin
7.75784e+06
-363778
-2.51076
0.00150215
0.00453793
0.000155235
0
0
0
1685647462.48809
msg_begin
7.75784e+06
-363778
-2.50683
0.00646078
0.00535367
0.000170395
0
0
0
1685647462.53804
msg_begin
7.75784e+06
-363778
-2.50871
0.000872232
0.00104607
0.000327746
0
0
0
1685647462.58802
msg_begin
7.75784e+06
-363779
-2.50957
0.0114776
0.0102365
0.000542312
0
0
0
1685647462.63850
msg_begin
7.75784e+06
-363779
-2.51039
0.00869421
0.00417739
0.000442109
0
0
0
1685647462.68792
msg_begin
7.75784e+06
-363779
-2.51015
0.00921894
0.00735423
0.000342779
0
0
0
1685647462.73788
msg_begin
7.75784e+06
-363780
-2.51303
0.006537
0.00120315
0.000522135
0
0
0
1685647462.78781
msg_begin
7.75784e+06
-363780
-2.51299
0.0110742
0.00654225
0.00047791
0
0
0
1685647462.83831
msg_begin
7.75784e+06
-363780
-2.51616
0.000265038
0.000492437
8.63429e-05
0
0
0
1685647462.88783
msg_begin
7.75784e+06
-363780
-2.51589
0.00317096
0.00841143
0.0014709
0
0
0
1685647462.93781
msg_begin
7.75784e+06
-363781
-2.51577
0.000788616
0.000587835
6.56085e-05
0
0
0
1685647462.98780
msg_begin
7.75784e+06
-363781
-2.51415
0.00682613
0.0017246
0.000214395
0
0
0
1685647463.03828
msg_begin
7.75784e+06
-363781
-2.51265
0.0169485
0.0115814
0.000758443
0
0
0
1685647463.08788
msg_begin
7.75784e+06
-363782
-2.51011
0.00548744
0.00471396
0.000320889
0
0
0
1685647463.13805
msg_begin
7.75784e+06
-363782
-2.51092
0.00699349
0.00267821
0.000213157
0
0
0
1685647463.18794
msg_begin
7.75784e+06
-363782
-2.5113
8.3819e-08
1.57161e-09
2.66454e-15
0
0
0
1685647463.23797
msg_begin
7.75784e+06
-363782
-2.51161
0.0203182
0.0117509
0.00259359
0
0
0
1685647463.28867
msg_begin
7.75784e+06
-363783
-2.50989
0.00860342
0.0049991
0.000411699
0
0
0
1685647463.33805
msg_begin
7.75783e+06
-363783
-2.51158
0.0148032
0.0121231
0.00105587
0
0
0
1685647463.38806
msg_begin
7.75783e+06
-363783
-2.51317
0.00303502
0.00531842
0.000342063
0
0
0
1685647463.43808
msg_begin
7.75783e+06
-363784
-2.51663
0.00568879
0.00269392
0.000216056
0
0
0
1685647463.48893
msg_begin
7.75783e+06
-363784
-2.51451
0.0103853
0.00984213
0.000415895
0
0
0
1685647463.53812
msg_begin
7.75783e+06
-363784
-2.51243
0.00545528
0.00290816
0.000318743
0
0
0
1685647463.58817
msg_begin
7.75783e+06
-363785
-2.51151
0.00534838
0.00333428
0.000775276
0
0
0
1685647463.63829
msg_begin
7.75783e+06
-363785
-2.51198
3.72529e-09
1.16415e-10
0
0
0
0
1685647463.68863
msg_begin
7.75783e+06
-363785
-2.51467
0.00964426
0.0117042
0.000866204
0
0
0
1685647463.73824
msg_begin
7.75783e+06
-363785
-2.51609
0.00335722
0.00262483
0.000443929
0
0
0
1685647463.78823
msg_begin
7.75783e+06
-363786
-2.5158
0.0018974
0.00359453
7.63081e-05
0
0
0
1685647463.83826
msg_begin
7.75783e+06
-363786
-2.51776
0.0126637
0.0123341
0.0003536
0
0
0
1685647463.88922
msg_begin
7.75783e+06
-363786
-2.51403
7.63685e-08
2.61934e-09
4.44089e-15
0
0
0
1685647463.93823
msg_begin
7.75783e+06
-363787
-2.51452
0.000364921
0.000714019
8.87722e-06
0
0
0
1685647463.98817
msg_begin
7.75783e+06
-363787
-2.51297
0.00249023
0.00297014
0.000265148
0
0
0
1685647464.03815
msg_begin
7.75783e+06
-363787
-2.51432
0.00298475
0.0029568
9.12034e-05
0
0
0
1685647464.08808
msg_begin
7.75783e+06
-363787
-2.51425
0.0116907
0.0027573
0.000202699
0
0
0
1685647464.13802
msg_begin
7.75783e+06
-363788
-2.51336
0.00385857
0.00575632
0.000399226
0
0
0
1685647464.18800
msg_begin
7.75783e+06
-363788
-2.51538
0.00593213
0.00359497
0.000197396
0
0
0
1685647464.23897
msg_begin
7.75783e+06
-363788
-2.51859
0.00254706
0.00429755
0.000373097
0
0
0
1685647464.28788
msg_begin
7.75783e+06
-363789
-2.51879
0.0289086
0.023847
0.000591019
0
0
0
1685647464.33785
msg_begin
7.75783e+06
-363789
-2.51855
0.0163168
0.00615521
0.000450331
0
0
0
1685647464.38777
msg_begin
7.75783e+06
-363789
-2.5189
0.000967778
0.000148343
0.000110952
0
0
0
1685647464.43881
msg_begin
7.75783e+06
-363790
-2.51651
0.00184571
0.00216534
2.71024e-06
0
0
0
1685647464.48762
msg_begin
7.75783e+06
-363790
-2.51705
0.000213936
0.000289382
2.01433e-05
0
0
0
1685647464.53761
msg_begin
7.75783e+06
-363790
-2.5143
6.51926e-09
1.74623e-10
8.88178e-16
0
0
0
1685647464.58752
msg_begin
7.75783e+06
-363790
-2.51436
0.0220852
0.00637919
0.00113995
0
0
0
1685647464.63796
msg_begin
7.75782e+06
-363791
-2.51556
0.000824099
0.012887
9.92103e-05
0
0
0
1685647464.68739
msg_begin
7.75782e+06
-363791
-2.5153
0.00389865
0.00603352
0.000106263
0
0
0
1685647464.73737
msg_begin
7.75782e+06
-363791
-2.51558
0.000537351
0.00304125
0.000263271
0
0
0
1685647464.78728
msg_begin
7.75782e+06
-363792
-2.51339
0.00647289
0.00533854
0.000975671
0
0
0
1685647464.83750
msg_begin
7.75782e+06
-363792
-2.51164
0.00688058
0.00910027
0.000994076
0
0
0
1685647464.88733
msg_begin
7.75782e+06
-363792
-2.51765
0.00255317
0.0065255
0.000434517
0
0
0
1685647464.93727
msg_begin
7.75782e+06
-363793
-2.51776
0.0106852
0.00375012
0.000136083
0
0
0
1685647464.98726
msg_begin
7.75782e+06
-363793
-2.51755
7.26432e-08
3.49246e-10
1.33227e-15
0
0
0
1685647465.03853
msg_begin
7.75782e+06
-363793
-2.51643
0.000214533
0.000411
4.8857e-05
0
0
0
1685647465.08742
msg_begin
7.75782e+06
-363793
-2.51701
0.0374659
0.0230587
0.00146907
0
0
0
1685647465.13748
msg_begin
7.75782e+06
-363794
-2.51387
0.00464274
0.00404198
0.000242325
0
0
0
1685647465.18756
msg_begin
7.75782e+06
-363794
-2.514
0.00567463
0.00319576
0.000592741
0
0
0
1685647465.23880
msg_begin
7.75782e+06
-363794
-2.51273
0.00780986
0.00497371
0.0004093
0
0
0
1685647465.28774
msg_begin
7.75782e+06
-363795
-2.5148
0.00460534
0.000412322
7.27352e-05
0
0
0
1685647465.33785
msg_begin
7.75782e+06
-363795
-2.51728
0.00898714
0.00446536
0.000924534
0
0
0
1685647465.38787
msg_begin
7.75782e+06
-363795
-2.51869
0.0104305
0.00813122
0.000363075
0
0
0
1685647465.43832
msg_begin
7.75782e+06
-363796
-2.51778
0.00699365
0.000337194
0.000276504
0
0
0
1685647465.48800
msg_begin
7.75782e+06
-363796
-2.5167
0.00176675
0.00160078
7.65959e-05
0
0
0
1685647465.53804
msg_begin
7.75782e+06
-363796
-2.51603
0.0137126
0.0107909
0.000711178
0
0
0
1685647465.58804
msg_begin
7.75782e+06
-363797
-2.51729
0.00501563
0.00241512
0.000364506
0
0
0
1685647465.63845
msg_begin
7.75782e+06
-363797
-2.51812
0.0508213
0.0239351
0.0009692
0
0
0
1685647465.68812
msg_begin
7.75782e+06
-363797
-2.5195
1.67638e-08
3.7835e-09
4.44089e-16
0
0
0
1685647465.73813
msg_begin
7.75782e+06
-363797
-2.51806
0.0162159
0.0115679
0.000258474
0
0
0
1685647465.78818
msg_begin
7.75782e+06
-363798
-2.51753
0.0078028
0.00647747
0.000913746
0
0
0
1685647465.83911
msg_begin
7.75782e+06
-363798
-2.51772
0.00164946
0.00396723
0.00204421
0
0
0
1685647465.88820
msg_begin
7.75781e+06
-363798
-2.51453
0.00244775
0.00284906
0.000282166
0
0
0
1685647465.93825
msg_begin
7.75781e+06
-363799
-2.5137
0.00413423
0.00646663
0.000309177
0
0
0
1685647465.98825
msg_begin
7.75781e+06
-363799
-2.51784
0.0124104
0.0102214
0.000520302
0
0
0
1685647466.03862
msg_begin
7.75781e+06
-363799
-2.52258
0.010518
0.00664379
0.00070313
0
0
0
1685647466.08832
msg_begin
7.75781e+06
-363799
-2.52079
0.0080004
0.00449418
0.000707172
0
0
0
1685647466.13837
msg_begin
7.75781e+06
-363800
-2.52215
0.00646948
0.00572915
0.000123069
0
0
0
1685647466.18842
msg_begin
7.75781e+06
-363800
-2.52157
0.0251729
0.0191601
0.00151639
0
0
0
1685647466.23845
msg_begin
7.75781e+06
-363800
-2.51885
0.0180937
0.0149647
0.000789497
0
0
0
1685647466.28849
msg_begin
7.75781e+06
-363801
-2.52057
0.00343624
0.00391482
0.000101314
0
0
0
1685647466.33853
msg_begin
7.75781e+06
-363801
-2.52222
0.00508395
0.00425622
0.000306809
0
0
0
1685647466.38853
msg_begin
7.75781e+06
-363801
-2.52069
0.0152721
0.0210639
0.000987379
0
0
0
1685647466.43893
msg_begin
7.75781e+06
-363802
-2.52452
2.79397e-09
1.39698e-09
1.77636e-15
0
0
0
1685647466.48853
msg_begin
7.75781e+06
-363802
-2.52526
0.0187738
0.011605
0.00131757
0
0
0
1685647466.53851
msg_begin
7.75781e+06
-363802
-2.52422
6.42613e-08
9.31323e-10
8.88178e-16
0
0
0
1685647466.58851
msg_begin
7.75781e+06
-363802
-2.52313
0.00224424
0.00137368
6.29575e-05
0
0
0
1685647466.63894
msg_begin
7.75781e+06
-363803
-2.52021
2.8871e-08
1.68802e-09
1.33227e-15
0
0
0
1685647466.68851
msg_begin
7.75781e+06
-363803
-2.51916
0.00137646
0.000798402
8.87546e-05
0
0
0
1685647466.73847
msg_begin
7.75781e+06
-363803
-2.51769
0.024876
0.0146893
0.00206379
0
0
0
1685647466.78850
msg_begin
7.75781e+06
-363803
-2.51874
0.00787427
0.00660878
0.000164035
0
0
0
1685647466.83859
msg_begin
7.75781e+06
-363804
-2.51736
6.98492e-08
2.03727e-09
1.33227e-15
0
0
0
1685647466.88856
msg_begin
7.75781e+06
-363804
-2.517
0.00421116
0.00119519
0.000431197
0
0
0
1685647466.93856
msg_begin
7.75781e+06
-363804
-2.52007
0.0278344
0.0148659
0.00120046
0
0
0
1685647466.98865
msg_begin
7.75781e+06
-363805
-2.51911
0.0194636
0.0189609
0.00235669
0
0
0
1685647467.03856
msg_begin
7.75781e+06
-363805
-2.51818
0.00293267
0.00429863
0.000259237
0
0
0
1685647467.08857
msg_begin
7.75781e+06
-363805
-2.51905
5.21541e-08
8.14907e-10
0
0
0
0
1685647467.13856
msg_begin
7.75781e+06
-363806
-2.51951
0.00347415
0.00241696
0.000187845
0
0
0
1685647467.18855
msg_begin
7.7578e+06
-363806
-2.52334
7.45058e-09
2.96859e-09
4.44089e-16
0
0
0
1685647467.23862
msg_begin
7.7578e+06
-363806
-2.52074
7.26432e-08
2.79397e-09
1.33227e-15
0
0
0
1685647467.28854
msg_begin
7.7578e+06
-363807
-2.51973
0.00925289
0.00800289
0.000218649
0
0
0
1685647467.33854
msg_begin
7.7578e+06
-363807
-2.51821
0.022953
0.025105
0.000951373
0
0
0
1685647467.38858
msg_begin
7.7578e+06
-363807
-2.51887
0.0377695
0.0277461
0.00139244
0
0
0
1685647467.43869
msg_begin
7.7578e+06
-363808
-2.52009
0.0102219
0.00877737
0.000472997
0
0
0
1685647467.48852
msg_begin
7.7578e+06
-363808
-2.52134
0.0206791
0.0107828
0.000867354
0
0
0
1685647467.53853
msg_begin
7.7578e+06
-363808
-2.52324
0.00042754
7.26589e-06
6.80599e-06
0
0
0
1685647467.58853
msg_begin
7.7578e+06
-363808
-2.52163
0.0147224
0.0147201
0.000854127
0
0
0
1685647467.63851
msg_begin
7.7578e+06
-363809
-2.52041
0.0042351
0.00243392
0.000125238
0
0
0
1685647467.68847
msg_begin
7.7578e+06
-363809
-2.51927
0.00278494
0.00149617
0.000170726
0
0
0
1685647467.73844
msg_begin
7.7578e+06
-363809
-2.52195
0.00625714
0.00361244
0.00316427
0
0
0
1685647467.78845
msg_begin
7.7578e+06
-363809
-2.52262
0.0172588
0.00886555
0.000667315
0
0
0
1685647467.83836
msg_begin
7.7578e+06
-363810
-2.52174
0.0261727
0.0109102
0.00123143
0
0
0
1685647467.88825
msg_begin
7.7578e+06
-363810
-2.52116
0.00851238
0.00579937
0.000316104
0
0
0
1685647467.93821
msg_begin
7.7578e+06
-363810
-2.52072
0.00987278
0.00298887
0.000537906
0
0
0
1685647467.98818
msg_begin
7.7578e+06
-363811
-2.52133
0.00579589
0.00428344
6.05236e-05
0
0
0
1685647468.03807
msg_begin
7.7578e+06
-363811
-2.51976
0.00476996
0.00335358
0.000248133
0
0
0
1685647468.08801
msg_begin
7.7578e+06
-363811
-2.51849
0.000873902
0.000344543
4.44594e-05
0
0
0
1685647468.13797
msg_begin
7.7578e+06
-363811
-2.5182
0.0445531
0.0349395
0.00117469
0
0
0
1685647468.18789
msg_begin
7.7578e+06
-363812
-2.52036
0.00436869
0.0001764
0.000105598
0
0
0
1685647468.23843
msg_begin
7.7578e+06
-363812
-2.5195
0.00659112
0.00270444
0.000645294
0
0
0
1685647468.28777
msg_begin
7.7578e+06
-363812
-2.51818
0.00133179
0.000793356
1.62358e-05
0
0
0
1685647468.33774
msg_begin
7.7578e+06
-363813
-2.51801
0.00454669
0.00160745
0.000314078
0
0
0
1685647468.38770
msg_begin
7.7578e+06
-363813
-2.51553
0.00640101
0.00592496
0.000408654
0
0
0
1685647468.43761
msg_begin
7.7578e+06
-363813
-2.51245
0.0121256
0.0106633
0.00151143
0
0
0
1685647468.48768
msg_begin
7.75779e+06
-363813
-2.51264
0.0092695
0.00759006
0.000728565
0
0
0
1685647468.53767
msg_begin
7.75779e+06
-363814
-2.51502
0.00100036
0.000684131
0.000114231
0
0
0
1685647468.58770
msg_begin
7.75779e+06
-363814
-2.51766
8.00937e-08
6.98492e-10
4.44089e-16
0
0
0
1685647468.63800
msg_begin
7.75779e+06
-363814
-2.51633
0.00743376
0.0121492
0.00146561
0
0
0
1685647468.68790
msg_begin
7.75779e+06
-363815
-2.51387
0.0459921
0.0327367
0.00162914
0
0
0
1685647468.73786
msg_begin
7.75779e+06
-363815
-2.51453
0.00171898
0.000926435
0.000199636
0
0
0
1685647468.78792
msg_begin
7.75779e+06
-363815
-2.51544
0.0121473
0.00988756
8.48678e-05
0
0
0
1685647468.83797
msg_begin
7.75779e+06
-363815
-2.51562
0.0152013
0.00409908
0.000302567
0
0
0
1685647468.88801
msg_begin
7.75779e+06
-363816
-2.51711
0.00812026
0.00362671
0.000245244
0
0
0
1685647468.93804
msg_begin
7.75779e+06
-363816
-2.51683
0.0186533
0.0112028
9.35255e-05
0
0
0
1685647468.98798
msg_begin
7.75779e+06
-363816
-2.51694
0.0357198
0.0249396
0.000643721
0
0
0
1685647469.03798
msg_begin
7.75779e+06
-363816
-2.51401
0.0110831
0.00710433
0.000394306
0
0
0
1685647469.08799
msg_begin
7.75779e+06
-363817
-2.51355
0.00775245
0.00788478
0.000604725
0
0
0
1685647469.13799
msg_begin
7.75779e+06
-363817
-2.51601
0.0458882
0.0270915
0.000890032
0
0
0
1685647469.18794
msg_begin
7.75779e+06
-363817
-2.51604
0.0128069
0.00752265
0.000512855
0
0
0
1685647469.23797
msg_begin
7.75779e+06
-363817
-2.51709
0.0184305
0.0116769
0.000879892
0
0
0
1685647469.28793
msg_begin
7.75779e+06
-363818
-2.5169
0.00664229
0.00225013
0.000143994
0
0
0
1685647469.33790
msg_begin
7.75779e+06
-363818
-2.51773
0.0177883
0.0107899
0.000632957
0
0
0
1685647469.38788
msg_begin
7.75779e+06
-363818
-2.51681
0.0177637
0.00930788
0.000193805
0
0
0
1685647469.43781
msg_begin
7.75779e+06
-363818
-2.51916
0.0127217
0.0114721
0.00139359
0
0
0
1685647469.48779
msg_begin
7.75779e+06
-363818
-2.51877
0.00988585
0.00408236
0.000363975
0
0
0
1685647469.53779
msg_begin
7.75779e+06
-363819
-2.51786
0.00457734
0.00404797
0.000636223
0
0
0
1685647469.58772
msg_begin
7.75779e+06
-363819
-2.5177
0.0203245
0.0161268
0.00102157
0
0
0
1685647469.63771
msg_begin
7.75779e+06
-363819
-2.51836
0.00064512
0.000996819
6.21312e-05
0
0
0
1685647469.68766
msg_begin
7.75779e+06
-363819
-2.51668
0.000661365
0.000318032
0.000143896
0
0
0
1685647469.73767
msg_begin
7.75779e+06
-363820
-2.51564
0.00200136
0.00141386
0.000319202
0
0
0
1685647469.78766
msg_begin
7.75779e+06
-363820
-2.51439
0.00370645
0.00462694
0.000325331
0
0
0
1685647469.83763
msg_begin
7.75779e+06
-363820
-2.51742
6.61239e-08
2.15368e-09
2.22045e-15
0
0
0
1685647469.88764
msg_begin
7.75779e+06
-363820
-2.5182
0.00625462
0.00266049
0.000544971
0
0
0
1685647469.93764
msg_begin
7.75779e+06
-363820
-2.51882
0.0141047
0.0147109
0.000651245
0
0
0
1685647469.98768
msg_begin
7.75779e+06
-363821
-2.5146
0.00361708
0.0016212
0.000569061
0
0
0
1685647470.03857
msg_begin
7.75779e+06
-363821
-2.51881
0.00599906
0.00870166
0.000626427
0
0
0
1685647470.08782
msg_begin
7.75778e+06
-363821
-2.51653
0.000468335
0.00168908
5.81859e-05
0
0
0
1685647470.13788
msg_begin
7.75778e+06
-363821
-2.51403
7.17118e-08
2.91038e-09
0
0
0
0
1685647470.18797
msg_begin
7.75778e+06
-363821
-2.51572
5.7742e-08
5.82077e-10
1.33227e-15
0
0
0
1685647470.23946
msg_begin
7.75778e+06
-363822
-2.5143
0.00797365
0.00982587
0.000313937
0
0
0
1685647470.28806
msg_begin
7.75778e+06
-363822
-2.51674
0.0254632
0.0195312
0.001632
0
0
0
1685647470.33816
msg_begin
7.75778e+06
-363822
-2.52016
0.00347714
0.0039127
0.0001026
0
0
0
1685647470.38818
msg_begin
7.75778e+06
-363822
-2.51763
5.58794e-09
6.98492e-10
2.66454e-15
0
0
0
1685647470.43823
msg_begin
7.75778e+06
-363822
-2.5139
0.0081487
0.0112083
0.00104635
0
0
0
1685647470.48829
msg_begin
7.75778e+06
-363823
-2.51474
0.0210564
0.0218754
0.000890099
0
0
0
1685647470.53833
msg_begin
7.75778e+06
-363823
-2.5142
0.00745693
0.0117974
0.00139091
0
0
0
1685647470.58840
msg_begin
7.75778e+06
-363823
-2.51692
0.00421263
0.00219869
0.000113552
0
0
0
1685647470.63842
msg_begin
7.75778e+06
-363823
-2.51664
0.00327562
0.00502546
0.000320584
0
0
0
1685647470.68844
msg_begin
7.75778e+06
-363823
-2.51682
0.0190642
0.0133402
0.000646686
0
0
0
1685647470.73848
msg_begin
7.75778e+06
-363824
-2.51798
0.00731711
0.002706
0.000347106
0
0
0
1685647470.78850
msg_begin
7.75778e+06
-363824
-2.5157
0.000215422
0.000263783
4.49662e-05
0
0
0
1685647470.83848
msg_begin
7.75778e+06
-363824
-2.51511
0.0399782
0.0393639
0.000823914
0
0
0
1685647470.88850
msg_begin
7.75778e+06
-363824
-2.51452
0.00308472
0.00390201
0.000218445
0
0
0
1685647470.93847
msg_begin
7.75778e+06
-363824
-2.51144
0.00313271
0.00477148
0.00137312
0
0
0
1685647470.98846
msg_begin
7.75778e+06
-363824
-2.51394
0.00210382
0.00323269
0.000298552
0
0
0
1685647471.03930
msg_begin
7.75778e+06
-363825
-2.51557
0.000918716
0.000540348
5.94217e-05
0
0
0
1685647471.08846
msg_begin
7.75778e+06
-363825
-2.51616
0.00724987
0.00109695
0.000265279
0
0
0
1685647471.13844
msg_begin
7.75778e+06
-363825
-2.51502
0.0010298
0.00107209
0.000174264
0
0
0
1685647471.18844
msg_begin
7.75778e+06
-363825
-2.51385
0.0141657
0.00456687
0.000865215
0
0
0
1685647471.23849
msg_begin
7.75778e+06
-363825
-2.51558
0.00311472
0.00214493
0.000335019
0
0
0
1685647471.28852
msg_begin
7.75778e+06
-363825
-2.51598
0.00525145
0.00235298
0.000321783
0
0
0
1685647471.33856
msg_begin
7.75778e+06
-363825
-2.51464
0.0101172
0.0188506
0.00114748
0
0
0
1685647471.38867
msg_begin
7.75778e+06
-363826
-2.51519
0.00598127
0.00258629
0.000679353
0
0
0
1685647471.43882
msg_begin
7.75778e+06
-363826
-2.51549
0.00648785
0.00265221
0.00019836
0
0
0
1685647471.48884
msg_begin
7.75778e+06
-363826
-2.51628
0.00587671
0.00211269
0.000328363
0
0
0
1685647471.53892
msg_begin
7.75778e+06
-363826
-2.51821
0.00804489
0.00656924
0.000767607
0
0
0
1685647471.58901
msg_begin
7.75778e+06
-363826
-2.51703
0.0195212
0.0041368
0.000487423
0
0
0
1685647471.63905
msg_begin
7.75778e+06
-363826
-2.51415
0.00165729
0.00177435
3.05561e-05
0
0
0
1685647471.68914
msg_begin
7.75778e+06
-363826
-2.51282
0.0166179
0.0166988
0.00113307
0
0
0
1685647471.73913
msg_begin
7.75778e+06
-363826
-2.51289
0.0120592
0.00746183
0.000726299
0
0
0
1685647471.78920
msg_begin
7.75778e+06
-363826
-2.51332
0.0037662
0.00271998
0.000190864
0
0
0
1685647471.83921
msg_begin
7.75778e+06
-363827
-2.5145
0.00682444
0.00805807
0.000597504
0
0
0
1685647471.88927
msg_begin
7.75778e+06
-363827
-2.5154
0.00925236
0.00481433
0.000251177
0
0
0
1685647471.93934
msg_begin
7.75778e+06
-363827
-2.51546
0.0155888
0.0136135
0.000796789
0
0
0
1685647471.98937
msg_begin
7.75778e+06
-363827
-2.51538
0.00932599
0.00748977
0.000338948
0
0
0
1685647472.03938
msg_begin
7.75778e+06
-363827
-2.51341
0.00779591
0.00545317
0.000431438
0
0
0
1685647472.08934
msg_begin
7.75778e+06
-363827
-2.51362
0.0060982
0.00386033
0.000110071
0
0
0
1685647472.13936
msg_begin
7.75778e+06
-363827
-2.51531
0.0080344
0.00699859
0.000918942
0
0
0
1685647472.18934
msg_begin
7.75778e+06
-363827
-2.51272
0.00893245
0.0123851
0.000734334
0
0
0
1685647472.24027
msg_begin
7.75778e+06
-363827
-2.51358
0.00172346
0.00167581
0.000127486
0
0
0
1685647472.28935
msg_begin
7.75778e+06
-363827
-2.51561
0.00358487
0.00261916
0.000459909
0
0
0
1685647472.33933
msg_begin
7.75778e+06
-363828
-2.51542
0.00537763
0.00906474
0.00096348
0
0
0
1685647472.38933
msg_begin
7.75778e+06
-363828
-2.51855
0.00677663
0.00500982
0.000408667
0
0
0
1685647472.43930
msg_begin
7.75778e+06
-363828
-2.51551
0.00241104
0.00549571
0.00067032
0
0
0
1685647472.48930
msg_begin
7.75778e+06
-363828
-2.51485
0.0253936
0.00294859
0.000299458
0
0
0
1685647472.53933
msg_begin
7.75778e+06
-363828
-2.51441
0.00642162
0.00575685
0.000672253
0
0
0
1685647472.58932
msg_begin
7.75778e+06
-363828
-2.51614
0.00888834
0.00360283
0.000215326
0
0
0
1685647472.63929
msg_begin
7.75778e+06
-363828
-2.51896
0.0105554
0.00776474
0.000766433
0
0
0
1685647472.68928
msg_begin
7.75778e+06
-363828
-2.51783
0.00847993
0.0099448
0.000653761
0
0
0
1685647472.73928
msg_begin
7.75778e+06
-363828
-2.51717
0.0099479
0.022961
0.000713638
0
0
0
1685647472.78923
msg_begin
7.75778e+06
-363828
-2.517
0.0110203
0.00893362
0.00147654
0
0
0
1685647472.83923
msg_begin
7.75778e+06
-363828
-2.51771
0.00283752
0.00577347
0.000431387
0
0
0
1685647472.88927
msg_begin
7.75778e+06
-363828
-2.51746
0.0135822
0.0142722
0.000658808
0
0
0
1685647472.93923
msg_begin
7.75778e+06
-363828
-2.51624
0.00171737
0.00256408
0.00066377
0
0
0
1685647472.98916
msg_begin
7.75778e+06
-363829
-2.51801
0.000289916
0.000204289
7.41607e-05
0
0
0
1685647473.04004
msg_begin
7.75778e+06
-363829
-2.51782
0.010538
0.0171512
0.0010773
0
0
0
1685647473.08917
msg_begin
7.75778e+06
-363829
-2.51506
0.00112144
0.0114579
0.00042763
0
0
0
1685647473.13915
msg_begin
7.75777e+06
-363829
-2.51541
0.00258846
0.00246547
0.00015923
0
0
0
1685647473.18912
msg_begin
7.75777e+06
-363829
-2.51604
0.0114797
0.0108074
0.000685085
0
0
0
1685647473.23915
msg_begin
7.75777e+06
-363829
-2.51515
0.00733863
0.0021701
0.00072752
0
0
0
1685647473.28909
msg_begin
7.75777e+06
-363829
-2.51562
0.00904316
0.00284615
0.000824639
0
0
0
1685647473.33916
msg_begin
7.75777e+06
-363829
-2.5188
0.0137989
0.0131155
0.000918814
0
0
0
1685647473.38910
msg_begin
7.75777e+06
-363829
-2.51584
0.0166263
0.00922112
0.000213257
0
0
0
1685647473.43908
msg_begin
7.75777e+06
-363829
-2.51864
0.00125734
0.00356534
2.17992e-06
0
0
0
1685647473.48907
msg_begin
7.75777e+06
-363829
-2.5208
0.00770947
0.00568368
0.00070161
0
0
0
1685647473.53909
msg_begin
7.75777e+06
-363829
-2.51887
0.00301599
0.00449397
0.000673859
0
0
0
1685647473.58907
msg_begin
7.75777e+06
-363830
-2.51695
0.0112051
0.0067353
0.00106549
0
0
0
1685647473.63914
msg_begin
7.75777e+06
-363830
-2.51685
0.00245627
0.00145927
0.000182049
0
0
0
1685647473.68915
msg_begin
7.75777e+06
-363830
-2.51678
0.00565697
0.0109529
0.0017968
0
0
0
1685647473.73912
msg_begin
7.75777e+06
-363830
-2.51979
0.00157102
0.00116609
2.88541e-05
0
0
0
1685647473.78912
msg_begin
7.75777e+06
-363830
-2.51925
0.00306628
0.00167137
0.000451127
0
0
0
1685647473.83914
msg_begin
7.75777e+06
-363830
-2.52139
0.00448592
0.00252187
0.000279589
0
0
0
1685647473.88909
msg_begin
7.75777e+06
-363830
-2.52145
0.00221174
0.00533279
0.000127198
0
0
0
1685647473.93909
msg_begin
7.75777e+06
-363830
-2.52177
0.0121995
0.0139061
0.000835717
0
0
0
1685647473.98906
msg_begin
7.75777e+06
-363830
-2.51922
0.00269748
0.00146888
4.19422e-05
0
0
0
1685647474.03904
msg_begin
7.75777e+06
-363830
-2.51935
0.00502872
0.000743816
0.000432026
0
0
0
1685647474.08905
msg_begin
7.75777e+06
-363830
-2.51879
0.021906
0.00238244
0.000643083
0
0
0
1685647474.13905
msg_begin
7.75777e+06
-363830
-2.5165
0.00617467
0.00147835
0.000331058
0
0
0
1685647474.18907
msg_begin
7.75777e+06
-363831
-2.51746
0.0112601
0.0108709
0.000646785
0
0
0
1685647474.23909
msg_begin
7.75777e+06
-363831
-2.51992
0.00709264
0.000372692
0.000179754
0
0
0
1685647474.28911
msg_begin
7.75777e+06
-363831
-2.51657
0.0144946
0.00941479
0.000481514
0
0
0
1685647474.33913
msg_begin
7.75777e+06
-363831
-2.51268
0.00998342
0.00373781
0.000651094
0
0
0
1685647474.38911
msg_begin
7.75777e+06
-363831
-2.51412
0.00627961
0.00815946
0.000738064
0
0
0
1685647474.43915
msg_begin
7.75777e+06
-363831
-2.51283
0.00971732
0.00459381
0.000684095
0
0
0
1685647474.48908
msg_begin
7.75777e+06
-363831
-2.51448
0.00860283
0.00780277
0.00159992
0
0
0
1685647474.53909
msg_begin
7.75777e+06
-363831
-2.51409
0.0193038
0.0172481
0.00186719
0
0
0
1685647474.58907
msg_begin
7.75777e+06
-363831
-2.51467
0.00237043
0.00171251
0.000411573
0
0
0
1685647474.64041
msg_begin
7.75777e+06
-363832
-2.51481
9.31323e-10
6.98492e-10
1.33227e-15
0
0
0
1685647474.68902
msg_begin
7.75777e+06
-363832
-2.51187
0.00188738
0.000674816
7.46867e-05
0
0
0
1685647474.73900
msg_begin
7.75777e+06
-363832
-2.51314
0.0012196
0.00225506
0.000187194
0
0
0
1685647474.78898
msg_begin
7.75777e+06
-363832
-2.51056
0.00350559
0.00369648
0.000296955
0
0
0
1685647474.83898
msg_begin
7.75777e+06
-363832
-2.51001
0.0184983
0.0112103
0.000892675
0
0
0
1685647474.88891
msg_begin
7.75777e+06
-363832
-2.51128
0.0170656
0.00930152
0.00108567
0
0
0
1685647474.93890
msg_begin
7.75777e+06
-363832
-2.51142
0.00145469
0.00169179
0.000212432
0
0
0
1685647474.98892
msg_begin
7.75777e+06
-363832
-2.5112
0.0050557
0.00686616
0.00279158
0
0
0
1685647475.03992
msg_begin
7.75777e+06
-363832
-2.50982
0.00764076
0.0040028
0.000591525
0
0
0
1685647475.08887
msg_begin
7.75777e+06
-363833
-2.50895
0.000597211
0.000454446
5.98778e-05
0
0
0
1685647475.13885
msg_begin
7.75777e+06
-363833
-2.50898
0.00163843
0.00388467
0.000286043
0
0
0
1685647475.18881
msg_begin
7.75777e+06
-363833
-2.5083
0.0172976
0.0273679
0.00213188
0
0
0
1685647475.23883
msg_begin
7.75777e+06
-363833
-2.50526
0.0126479
0.0085133
0.000553949
0
0
0
1685647475.28881
msg_begin
7.75777e+06
-363833
-2.5049
6.51926e-08
8.14907e-10
4.44089e-15
0
0
0
1685647475.33884
msg_begin
7.75777e+06
-363833
-2.50504
0.00171884
0.00433369
0.000201356
0
0
0
1685647475.38878
msg_begin
7.75777e+06
-363833
-2.50496
0.00466348
0.00661653
0.000234212
0
0
0
1685647475.43882
msg_begin
7.75777e+06
-363834
-2.50495
0.00591961
0.00406581
0.000649095
0
0
0
1685647475.48887
msg_begin
7.75777e+06
-363834
-2.50443
0.00329034
0.00315526
0.000125029
0
0
0
1685647475.53887
msg_begin
7.75777e+06
-363834
-2.50599
0.00385792
0.00326839
0.000263506
0
0
0
1685647475.58891
msg_begin
7.75777e+06
-363834
-2.50946
0.0138193
0.00587602
0.000911794
0
0
0
1685647475.63890
msg_begin
7.75777e+06
-363834
-2.5089
0.00628114
0.00574584
0.00151581
0
0
0
1685647475.68897
msg_begin
7.75777e+06
-363834
-2.50702
0.00947039
0.0234629
0.000652907
0
0
0
1685647475.73894
msg_begin
7.75777e+06
-363834
-2.50774
0.00421277
0.00257735
0.000289737
0
0
0
1685647475.78895
msg_begin
7.75777e+06
-363835
-2.50902
0.00198403
0.00051378
0.000198125
0
0
0
1685647475.83898
msg_begin
7.75777e+06
-363835
-2.5108
0.00583982
0.00618824
0.000592981
0
0
0
1685647475.88888
msg_begin
7.75777e+06
-363835
-2.51052
0.0145351
0.00763967
0.000701392
0
0
0
1685647475.93887
msg_begin
7.75777e+06
-363835
-2.509
0.0041978
0.00307012
0.000811383
0
0
0
1685647475.98887
msg_begin
7.75777e+06
-363835
-2.5065
0.0100872
0.00651452
0.000506946
0
0
0
1685647476.03885
msg_begin
7.75777e+06
-363835
-2.50669
0.00713838
0.00688626
0.00026356
0
0
0
1685647476.08883
msg_begin
7.75777e+06
-363836
-2.50501
0.00495086
0.00959038
0.000918373
0
0
0
1685647476.13880
msg_begin
7.75777e+06
-363836
-2.50456
0.0159305
0.0162828
0.00136738
0
0
0
1685647476.18897
msg_begin
7.75777e+06
-363836
-2.50715
0.00362113
0.00348738
0.000426838
0
0
0
1685647476.23883
msg_begin
7.75777e+06
-363836
-2.5036
0.00332844
0.00230412
0.000826638
0
0
0
1685647476.28881
msg_begin
7.75777e+06
-363836
-2.50226
0.00425988
0.00394899
0.000189235
0
0
0
1685647476.33879
msg_begin
7.75777e+06
-363836
-2.50621
0.0145592
0.0212967
0.000974917
0
0
0
1685647476.38878
msg_begin
7.75776e+06
-363837
-2.50424
0.0108932
0.0107453
0.00148155
0
0
0
1685647476.43877
msg_begin
7.75776e+06
-363837
-2.50231
0.00616733
0.004263
0.000278228
0
0
0
1685647476.48870
msg_begin
7.75776e+06
-363837
-2.50446
0.00574603
0.00656249
0.000268889
0
0
0
1685647476.53861
msg_begin
7.75776e+06
-363837
-2.50334
0.00449735
0.00392715
0.00055496
0
0
0
1685647476.58854
msg_begin
7.75776e+06
-363837
-2.50441
0.00130667
0.00199213
0.000317873
0
0
0
1685647476.63962
msg_begin
7.75776e+06
-363837
-2.50347
6.23986e-08
1.39698e-09
8.88178e-16
0
0
0
1685647476.68852
msg_begin
7.75776e+06
-363838
-2.5059
0.00263205
0.00145289
0.00023028
0
0
0
1685647476.73855
msg_begin
7.75776e+06
-363838
-2.5049
0.00175963
0.0032236
0.000233792
0
0
0
1685647476.78860
msg_begin
7.75776e+06
-363838
-2.50336
0.0113149
0.00651849
0.00178323
0
0
0
1685647476.83834
msg_begin
7.75776e+06
-363838
-2.5031
0.00167707
0.00445717
6.22911e-05
0
0
0
1685647476.88829
msg_begin
7.75776e+06
-363838
-2.50563
0.00212652
0.00479243
0.000815495
0
0
0
1685647476.93824
msg_begin
7.75776e+06
-363838
-2.5035
0.00222139
0.000588685
0.000194767
0
0
0
1685647476.98903
msg_begin
7.75776e+06
-363839
-2.50215
0.00366597
0.00449681
0.000530837
0
0
0
1685647477.03821
msg_begin
7.75776e+06
-363839
-2.50268
0.0105253
0.0099868
0.000563491
0
0
0
1685647477.08817
msg_begin
7.75776e+06
-363839
-2.50313
0.00148094
0.000460629
2.22041e-05
0
0
0
1685647477.13818
msg_begin
7.75776e+06
-363839
-2.50361
0.0429759
0.0287254
0.000487018
0
0
0
1685647477.18825
msg_begin
7.75776e+06
-363839
-2.50377
0.000801649
0.00177471
0.000242511
0
0
0
1685647477.23899
msg_begin
7.75776e+06
-363840
-2.49993
0.0258779
0.0130744
0.00132909
0
0
0
1685647477.28829
msg_begin
7.75776e+06
-363840
-2.50392
0.00347554
0.00364169
0.000528506
0
0
0
1685647477.33838
msg_begin
7.75776e+06
-363840
-2.50184
0.0186615
0.00967395
0.00100165
0
0
0
1685647477.38845
msg_begin
7.75776e+06
-363840
-2.50509
0.0206995
0.00591315
0.000897832
0
0
0
1685647477.43847
msg_begin
7.75776e+06
-363840
-2.50576
0.006274
0.0172236
0.000513123
0
0
0
1685647477.48855
msg_begin
7.75776e+06
-363840
-2.50371
0.00639649
0.0011082
0.000335461
0
0
0
1685647477.53860
msg_begin
7.75776e+06
-363841
-2.50327
0.000962018
0.000421979
0.000112965
0
0
0
1685647477.58861
msg_begin
7.75776e+06
-363841
-2.50245
0.00852588
0.00406066
0.000767398
0
0
0
1685647477.63861
msg_begin
7.75776e+06
-363841
-2.5012
2.32831e-08
2.15368e-09
4.44089e-16
0
0
0
1685647477.68865
msg_begin
7.75776e+06
-363841
-2.50006
0.00360962
0.00669042
0.000294164
0
0
0
1685647477.73867
msg_begin
7.75776e+06
-363841
-2.5019
0.00412154
0.0059915
0.000668407
0
0
0
1685647477.78874
msg_begin
7.75776e+06
-363842
-2.50183
0.00442419
0.00869424
0.000628418
0
0
0
1685647477.83871
msg_begin
7.75776e+06
-363842
-2.5022
0.0105477
0.00415246
0.000386514
0
0
0
1685647477.88871
msg_begin
7.75776e+06
-363842
-2.50127
0.0135965
0.00332647
0.000706981
0
0
0
1685647477.93871
msg_begin
7.75776e+06
-363842
-2.50317
0.00943732
0.00394806
0.00120686
0
0
0
1685647477.98867
msg_begin
7.75776e+06
-363842
-2.5018
0.00571028
0.0141565
0.00151801
0
0
0
1685647478.03867
msg_begin
7.75776e+06
-363843
-2.5033
0.0143142
0.00750345
0.000990063
0
0
0
1685647478.08868
msg_begin
7.75776e+06
-363843
-2.50504
0.0239461
0.0175723
0.00125545
0
0
0
1685647478.13866
msg_begin
7.75776e+06
-363843
-2.50418
0.000803677
0.00092487
0.000148497
0
0
0
1685647478.18859
msg_begin
7.75776e+06
-363843
-2.50311
0.00666993
0.00652757
0.00131873
0
0
0
1685647478.23990
msg_begin
7.75776e+06
-363843
-2.5058
0.000924567
0.00139607
0.000186664
0
0
0
1685647478.28859
msg_begin
7.75776e+06
-363844
-2.50589
0.00930077
0.00353689
0.000347167
0
0
0
1685647478.33859
msg_begin
7.75776e+06
-363844
-2.50494
0.0106563
0.00596533
0.00086656
0
0
0
1685647478.38857
msg_begin
7.75776e+06
-363844
-2.50616
0.0116978
0.00674682
0.000954074
0
0
0
1685647478.43859
msg_begin
7.75775e+06
-363844
-2.50554
0.0104487
0.0148163
0.000597936
0
0
0
1685647478.48856
msg_begin
7.75775e+06
-363845
-2.50547
0.000896344
0.000453735
2.24322e-05
0
0
0
1685647478.53858
msg_begin
7.75775e+06
-363845
-2.50594
0.00636935
0.00174163
0.000326459
0
0
0
1685647478.58855
msg_begin
7.75775e+06
-363845
-2.50619
0.00542939
0.00520854
0.000796009
0
0
0
1685647478.63917
msg_begin
7.75775e+06
-363845
-2.5059
0.00905249
0.0194177
0.000642239
0
0
0
1685647478.68852
msg_begin
7.75775e+06
-363845
-2.50536
0.00187098
0.0028746
0.000270044
0
0
0
1685647478.73852
msg_begin
7.75775e+06
-363846
-2.50603
0.0144373
0.0111101
0.000603817
0
0
0
1685647478.78850
msg_begin
7.75775e+06
-363846
-2.50857
0.000852615
0.000718378
9.09616e-05
0
0
0
1685647478.83965
msg_begin
7.75775e+06
-363846
-2.5096
0.0086913
0.00669521
0.000728609
0
0
0
1685647478.88850
msg_begin
7.75775e+06
-363846
-2.50771
0.00241734
0.00478056
0.000540008
0
0
0
1685647478.93853
msg_begin
7.75775e+06
-363846
-2.50743
0.0163119
0.0181898
0.00124618
0
0
0
1685647478.98857
msg_begin
7.75775e+06
-363847
-2.50864
0.0105919
0.00306507
0.000408827
0
0
0
1685647479.03859
msg_begin
7.75775e+06
-363847
-2.51005
0.00884398
0.00596403
0.000316451
0
0
0
1685647479.08861
msg_begin
7.75775e+06
-363847
-2.51241
0.00823535
0.0092323
0.000524312
0
0
0
1685647479.13864
msg_begin
7.75775e+06
-363847
-2.5114
0.0076066
0.00308867
0.000225838
0
0
0
1685647479.18855
msg_begin
7.75775e+06
-363848
-2.51258
3.47048e-05
0.0013271
4.70524e-05
0
0
0
1685647479.23855
msg_begin
7.75775e+06
-363848
-2.51092
0.011144
0.0028581
0.000896376
0
0
0
1685647479.28850
msg_begin
7.75775e+06
-363848
-2.51249
0.0126393
0.0055168
0.000810415
0
0
0
1685647479.33844
msg_begin
7.75775e+06
-363848
-2.5106
0.00539035
0.00679484
0.000763913
0
0
0
1685647479.38840
msg_begin
7.75775e+06
-363848
-2.51031
0.0159314
0.0181039
0.000845979
0
0
0
1685647479.43834
msg_begin
7.75775e+06
-363849
-2.50892
0.00709432
0.0105534
0.000659256
0
0
0
1685647479.48837
msg_begin
7.75775e+06
-363849
-2.50917
0.00359396
0.00610694
0.000304665
0
0
0
1685647479.53834
msg_begin
7.75775e+06
-363849
-2.50988
0.00156201
0.00139775
0.000138138
0
0
0
1685647479.58831
msg_begin
7.75775e+06
-363849
-2.51102
9.31323e-10
3.43425e-09
1.77636e-15
0
0
0
1685647479.63829
msg_begin
7.75775e+06
-363850
-2.51094
3.89107e-05
0.000252401
2.82962e-05
0
0
0
1685647479.68827
msg_begin
7.75775e+06
-363850
-2.5113
0.00282418
0.00841379
0.000157921
0
0
0
1685647479.73823
msg_begin
7.75775e+06
-363850
-2.51198
0.00631544
0.00659115
0.000379385
0
0
0
1685647479.78824
msg_begin
7.75775e+06
-363850
-2.51149
0.003512
0.0031594
0.000152794
0
0
0
1685647479.88816
msg_begin
7.75775e+06
-363851
-2.51012
0.00617173
0.00683025
0.000618929
0
0
0
1685647479.93813
msg_begin
7.75775e+06
-363851
-2.50968
0.0033694
0.00317232
0.000135309
0
0
0
1685647479.98809
msg_begin
7.75775e+06
-363851
-2.50914
0.00846884
0.00387558
0.000469362
0
0
0
1685647480.03802
msg_begin
7.75775e+06
-363851
-2.51045
0.00235959
0.0021519
0.000245168
0
0
0
1685647480.08797
msg_begin
7.75775e+06
-363852
-2.51044
0.00865338
0.00631767
0.000973655
0
0
0
1685647480.13798
msg_begin
7.75775e+06
-363852
-2.51028
0.0133723
0.0121028
0.00161315
0
0
0
1685647480.18810
msg_begin
7.75774e+06
-363852
-2.5087
0.00224555
0.00186146
0.000285016
0
0
0
1685647480.23791
msg_begin
7.75774e+06
-363852
-2.51003
0.0129472
0.0126171
0.000915689
0
0
0
1685647480.28781
msg_begin
7.75774e+06
-363853
-2.5093
0.00487537
0.0100178
0.000988121
0
0
0
1685647480.33783
msg_begin
7.75774e+06
-363853
-2.50892
0.0116378
0.0140254
0.00067528
0
0
0
1685647480.38780
msg_begin
7.75774e+06
-363853
-2.51251
8.84756e-08
2.44472e-09
2.22045e-15
0
0
0
1685647480.43918
msg_begin
7.75774e+06
-363853
-2.5126
0.0550709
0.0528127
0.000848404
0
0
0
1685647480.48788
msg_begin
7.75774e+06
-363854
-2.51228
0.0387051
0.0323303
0.000686734
0
0
0
1685647480.53795
msg_begin
7.75774e+06
-363854
-2.50962
0.0139508
0.00857795
0.000297373
0
0
0
1685647480.58800
msg_begin
7.75774e+06
-363854
-2.51124
0.00191389
0.00177107
0.000102727
0
0
0
1685647480.63806
msg_begin
7.75774e+06
-363854
-2.50886
0.00508646
0.00813021
0.000673732
0
0
0
1685647480.68811
msg_begin
7.75774e+06
-363855
-2.50971
0.012558
0.00679131
0.00111407
0
0
0
1685647480.73815
msg_begin
7.75774e+06
-363855
-2.50877
0.00489136
0.00658325
0.000354316
0
0
0
1685647480.78821
msg_begin
7.75774e+06
-363855
-2.51111
0.00945087
0.00406107
0.000250628
0
0
0
1685647480.83823
msg_begin
7.75774e+06
-363855
-2.51026
0.00125693
0.00176099
0.000157159
0
0
0
1685647480.88827
msg_begin
7.75774e+06
-363855
-2.5097
0.00171346
0.000946662
0.000117722
0
0
0
1685647480.93834
msg_begin
7.75774e+06
-363856
-2.51013
0.00274755
0.00301664
0.000216955
0
0
0
1685647480.98845
msg_begin
7.75774e+06
-363856
-2.51055
0.00418581
0.00359872
0.000101992
0
0
0
1685647481.03840
msg_begin
7.75774e+06
-363856
-2.51138
0.0261638
0.016462
0.000108981
0
0
0
1685647481.08843
msg_begin
7.75774e+06
-363856
-2.50986
0.00531341
0.00564538
0.000169118
0
0
0
1685647481.13839
msg_begin
7.75774e+06
-363857
-2.50859
6.42613e-08
2.73576e-09
4.44089e-16
0
0
0
1685647481.18839
msg_begin
7.75774e+06
-363857
-2.50883
6.51926e-09
1.86265e-09
2.66454e-15
0
0
0
1685647481.23840
msg_begin
7.75774e+06
-363857
-2.50905
0.00778439
0.0110538
0.000796776
0
0
0
1685647481.28838
msg_begin
7.75774e+06
-363857
-2.50936
0.0299268
0.0286095
0.00136345
0
0
0
1685647481.33833
msg_begin
7.75774e+06
-363858
-2.50824
0.00237126
0.00145905
7.61478e-05
0
0
0
1685647481.38835
msg_begin
7.75774e+06
-363858
-2.50825
0.0101608
0.0185635
0.000776656
0
0
0
1685647481.43835
msg_begin
7.75774e+06
-363858
-2.50789
0.0105147
0.00660008
0.000651335
0
0
0
1685647481.48835
msg_begin
7.75774e+06
-363858
-2.50817
0.00107013
0.00241867
0.000225502
0
0
0
1685647481.53832
msg_begin
7.75774e+06
-363859
-2.5081
0.00329595
0.00186214
0.000313249
0
0
0
1685647481.58835
msg_begin
7.75774e+06
-363859
-2.50885
0.00265304
0.00109278
0.000327321
0
0
0
1685647481.63835
msg_begin
7.75774e+06
-363859
-2.50798
0.00447512
0.00979911
0.000438834
0
0
0
1685647481.68837
msg_begin
7.75774e+06
-363859
-2.50615
6.61239e-08
4.65661e-10
4.44089e-15
0
0
0
1685647481.73841
msg_begin
7.75774e+06
-363859
-2.5058
0.0121119
0.00816627
0.00109812
0
0
0
1685647481.78838
msg_begin
7.75773e+06
-363860
-2.50857
0.00389506
0.00165802
9.75886e-05
0
0
0
1685647481.83844
msg_begin
7.75773e+06
-363860
-2.50716
0.0416609
0.0219599
0.00134828
0
0
0
1685647481.88844
msg_begin
7.75773e+06
-363860
-2.50642
0.0129408
0.0106841
0.00157921
0
0
0
1685647481.93851
msg_begin
7.75773e+06
-363860
-2.50696
0.0119347
0.00181434
0.000451897
0
0
0
1685647481.98856
msg_begin
7.75773e+06
-363861
-2.50892
0.00604481
0.00375254
0.000615671
0
0
0
1685647482.03860
msg_begin
7.75773e+06
-363861
-2.50982
0.00281285
0.007494
0.000640815
0
0
0
1685647482.08865
msg_begin
7.75773e+06
-363861
-2.5103
0.0119947
0.015409
0.00131289
0
0
0
1685647482.13874
msg_begin
7.75773e+06
-363861
-2.51034
0.00984234
0.0104223
0.000751363
0
0
0
1685647482.18874
msg_begin
7.75773e+06
-363861
-2.51351
0.00359434
0.00187866
0.000325
0
0
0
1685647482.23871
msg_begin
7.75773e+06
-363862
-2.50888
0.00453702
0.00330527
0.000551556
0
0
0
1685647482.28877
msg_begin
7.75773e+06
-363862
-2.5111
0
3.84171e-09
2.66454e-15
0
0
0
1685647482.33880
msg_begin
7.75773e+06
-363862
-2.51196
0.0176885
0.0109868
0.00102053
0
0
0
1685647482.38881
msg_begin
7.75773e+06
-363862
-2.51055
0.00585008
0.00536922
0.000477362
0
0
0
1685647482.43888
msg_begin
7.75773e+06
-363863
-2.51213
0.0076542
0.0117324
0.00158482
0
0
0
1685647482.48882
msg_begin
7.75773e+06
-363863
-2.51158
0.00365806
0.000885375
7.12893e-05
0
0
0
1685647482.53882
msg_begin
7.75773e+06
-363863
-2.51198
9.22009e-08
1.57161e-09
3.9968e-15
0
0
0
1685647482.58883
msg_begin
7.75773e+06
-363863
-2.51526
0.00630539
0.00330803
0.000465744
0
0
0
1685647482.68881
msg_begin
7.75773e+06
-363863
-2.51547
0.00790132
0.0042673
0.000457337
0
0
0
1685647482.73881
msg_begin
7.75773e+06
-363864
-2.51432
0.0136194
0.00980412
0.000811632
0
0
0
1685647482.78882
msg_begin
7.75773e+06
-363864
-2.51411
0.00170141
0.00188969
0.000275625
0
0
0
1685647482.83881
msg_begin
7.75773e+06
-363864
-2.51324
1.86265e-09
1.74623e-10
3.10862e-15
0
0
0
1685647482.88875
msg_begin
7.75773e+06
-363864
-2.5142
0.00219025
0.00198055
0.000389488
0
0
0
1685647482.93875
msg_begin
7.75773e+06
-363864
-2.51231
0.0167246
0.0126692
0.000415728
0
0
0
1685647482.98873
msg_begin
7.75773e+06
-363865
-2.51375
0.00109482
1.12694e-05
3.35724e-06
0
0
0
1685647483.03866
msg_begin
7.75773e+06
-363865
-2.51309
0.00352462
0.00523024
0.000338978
0
0
0
1685647483.08859
msg_begin
7.75773e+06
-363865
-2.51381
0.0107208
0.00847161
0.000958816
0
0
0
1685647483.13860
msg_begin
7.75773e+06
-363865
-2.5127
0.00364006
0.00144387
0.000349378
0
0
0
1685647483.18860
msg_begin
7.75773e+06
-363865
-2.51206
0.00593288
0.0050808
0.00105004
0
0
0
1685647483.23864
msg_begin
7.75773e+06
-363865
-2.51212
0.00653584
0.00993344
0.000945903
0
0
0
1685647483.28865
msg_begin
7.75773e+06
-363866
-2.512
0.00926088
0.00438146
0.000877062
0
0
0
1685647483.33863
msg_begin
7.75773e+06
-363866
-2.51206
0.000562293
0.00512929
0.000544349
0
0
0
1685647483.38857
msg_begin
7.75773e+06
-363866
-2.51079
0.00568013
0.00540974
0.00150786
0
0
0
1685647483.43856
msg_begin
7.75773e+06
-363866
-2.51268
0.0234569
0.0290031
0.00149017
0
0
0
1685647483.48857
msg_begin
7.75773e+06
-363866
-2.51333
0.00888587
0.010897
0.00093716
0
0
0
1685647483.53857
msg_begin
7.75773e+06
-363866
-2.51216
0.000768535
0.00682825
0.000483793
0
0
0
1685647483.58858
msg_begin
7.75773e+06
-363867
-2.5109
0.00270836
0.00365339
0.000185481
0
0
0
1685647483.63859
msg_begin
7.75773e+06
-363867
-2.51264
0.00342557
0.00131019
0.000210606
0
0
0
1685647483.68860
msg_begin
7.75773e+06
-363867
-2.51413
0.000815573
0.0124477
0.000316449
0
0
0
1685647483.73859
msg_begin
7.75773e+06
-363867
-2.51189
0.011347
0.00257545
0.000662243
0
0
0
1685647483.78859
msg_begin
7.75773e+06
-363867
-2.51447
0.00201268
0.00432106
0.000367569
0
0
0
1685647483.83861
msg_begin
7.75773e+06
-363867
-2.51428
0.00126118
0.00119792
0.000183028
0
0
0
1685647483.88857
msg_begin
7.75772e+06
-363867
-2.51369
0.00214051
0.00205499
0.000125321
0
0
0
1685647483.93858
msg_begin
7.75772e+06
-363868
-2.51215
0.00732211
0.00340393
0.000314546
0
0
0
1685647483.98854
msg_begin
7.75772e+06
-363868
-2.51344
0.00693617
0.00229035
0.000296111
0
0
0
1685647484.03853
msg_begin
7.75772e+06
-363868
-2.5135
0.012311
0.00229055
0.000231774
0
0
0
1685647484.08859
msg_begin
7.75772e+06
-363868
-2.51052
0.000887618
0.00403082
0.000327281
0
0
0
1685647484.13856
msg_begin
7.75772e+06
-363868
-2.51003
0.0014629
0.00105409
9.51182e-05
0
0
0
1685647484.18856
msg_begin
7.75772e+06
-363868
-2.51013
0.0089394
0.00482649
0.00032909
0
0
0
1685647484.23856
msg_begin
7.75772e+06
-363868
-2.51005
0.00150116
0.00332765
8.33322e-05
0
0
0
1685647484.28854
msg_begin
7.75772e+06
-363868
-2.51052
0.00927324
0.011731
0.000853794
0
0
0
1685647484.33863
msg_begin
7.75772e+06
-363868
-2.51193
0.00779802
0.00240348
0.000475746
0
0
0
1685647484.38859
msg_begin
7.75772e+06
-363869
-2.51082
0.0123782
0.0114056
0.000549408
0
0
0
1685647484.43859
msg_begin
7.75772e+06
-363869
-2.51018
0.00754724
0.0121469
0.00118633
0
0
0
1685647484.48862
msg_begin
7.75772e+06
-363869
-2.50877
0.00255162
0.00371355
0.00048701
0
0
0
1685647484.53860
msg_begin
7.75772e+06
-363869
-2.51011
0.00747494
0.010318
0.0003556
0
0
0
1685647484.58853
msg_begin
7.75772e+06
-363869
-2.50858
0.00757543
0.00206148
0.000385578
0
0
0
1685647484.63851
msg_begin
7.75772e+06
-363869
-2.50819
0.0075834
0.00755304
0.00125998
0
0
0
1685647484.68850
msg_begin
7.75772e+06
-363869
-2.50923
0.00888272
0.0125669
0.000994914
0
0
0
1685647484.73845
msg_begin
7.75772e+06
-363869
-2.50807
0.00948498
0.00373577
0.000277592
0
0
0
1685647484.78852
msg_begin
7.75772e+06
-363869
-2.5082
0.0170582
0.00939335
0.000565473
0
0
0
1685647484.83849
msg_begin
7.75772e+06
-363869
-2.50911
0.011982
0.00317268
0.000183373
0
0
0
1685647484.88844
msg_begin
7.75772e+06
-363870
-2.50998
0.017017
0.00417748
0.000696189
0
0
0
1685647484.93846
msg_begin
7.75772e+06
-363870
-2.50981
0.016431
0.00401721
0.000790891
0
0
0
1685647484.98847
msg_begin
7.75772e+06
-363870
-2.50771
0.000536704
0.00403952
0.000350083
0
0
0
1685647485.03845
msg_begin
7.75772e+06
-363870
-2.50726
0.00650008
0.00377805
0.000644726
0
0
0
1685647485.08850
msg_begin
7.75772e+06
-363870
-2.50798
0.00477333
0.00549534
0.00027373
0
0
0
1685647485.13849
msg_begin
7.75772e+06
-363870
-2.50757
0.00993569
0.0078837
0.0011967
0
0
0
1685647485.18851
msg_begin
7.75772e+06
-363870
-2.50752
0.00887274
0.00558529
0.000320554
0
0
0
1685647485.23853
msg_begin
7.75772e+06
-363870
-2.50589
0.0014963
0.00300884
0.000149705
0
0
0
1685647485.28856
msg_begin
7.75772e+06
-363870
-2.50689
0.00519638
0.00483521
0.000717566
0
0
0
1685647485.33854
msg_begin
7.75772e+06
-363870
-2.50935
0.00761468
0.00634322
0.000515626
0
0
0
1685647485.38859
msg_begin
7.75772e+06
-363871
-2.51076
0.00268658
0.00114766
6.09376e-05
0
0
0
1685647485.43862
msg_begin
7.75772e+06
-363871
-2.51209
0.000759703
0.000911045
7.68964e-05
0
0
0
1685647485.48858
msg_begin
7.75772e+06
-363871
-2.51336
0.00832985
0.00552447
0.000427433
0
0
0
1685647485.53852
msg_begin
7.75772e+06
-363871
-2.51114
0.0139162
0.0207243
0.00178409
0
0
0
1685647485.58854
msg_begin
7.75772e+06
-363871
-2.51029
0.0296418
0.0272588
0.000530056
0
0
0
1685647485.63851
msg_begin
7.75772e+06
-363871
-2.50979
0.00464302
0.00367587
0.000476597
0
0
0
1685647485.68857
msg_begin
7.75772e+06
-363871
-2.50975
0.0154447
0.0145243
0.00081023
0
0
0
1685647485.73851
msg_begin
7.75772e+06
-363871
-2.51107
0.022458
0.0165272
0.00124128
0
0
0
1685647485.78848
msg_begin
7.75772e+06
-363871
-2.51112
0.0183662
0.0115515
0.00081738
0
0
0
1685647485.83851
msg_begin
7.75772e+06
-363871
-2.50997
0.00339414
0.000864297
0.00043067
0
0
0
1685647485.88845
msg_begin
7.75772e+06
-363872
-2.5095
0.00929596
0.00469991
0.00042594
0
0
0
1685647485.93848
msg_begin
7.75772e+06
-363872
-2.50648
0.00836753
0.0095971
0.000879015
0
0
0
1685647485.98844
msg_begin
7.75772e+06
-363872
-2.50503
0.00364775
0.00235745
0.00023905
0
0
0
1685647486.03843
msg_begin
7.75772e+06
-363872
-2.50703
0.0328482
0.0160652
0.00112086
0
0
0
1685647486.08849
msg_begin
7.75772e+06
-363872
-2.5071
0.00700256
0.00667397
0.000495563
0
0
0
1685647486.13847
msg_begin
7.75772e+06
-363872
-2.50753
0.0156866
0.0134457
0.00121707
0
0
0
1685647486.18852
msg_begin
7.75772e+06
-363872
-2.50736
0.0125369
0.0185502
0.000783992
0
0
0
1685647486.23857
msg_begin
7.75772e+06
-363872
-2.50836
0.000801178
0.0135182
0.000916738
0
0
0
1685647486.28856
msg_begin
7.75772e+06
-363872
-2.50929
0.00639055
0.00310214
0.000198505
0
0
0
1685647486.33855
msg_begin
7.75772e+06
-363872
-2.50589
0.00252843
0.00155303
0.000258005
0
0
0
1685647486.38855
msg_begin
7.75772e+06
-363873
-2.50681
0.00266323
0.00125545
0.000288467
0
0
0
1685647486.43855
msg_begin
7.75772e+06
-363873
-2.50617
0.00204651
0.00115387
0.000176727
0
0
0
1685647486.48856
msg_begin
7.75772e+06
-363873
-2.5062
0.00721231
0.00355835
7.329e-05
0
0
0
1685647486.53857
msg_begin
7.75772e+06
-363873
-2.50812
0.00373008
0.00748524
0.000769176
0
0
0
1685647486.58860
msg_begin
7.75772e+06
-363873
-2.5063
0.0125287
0.00568806
0.000380439
0
0
0
1685647486.63855
msg_begin
7.75772e+06
-363873
-2.50515
0.00714956
0.00497431
0.000554392
0
0
0
1685647486.68853
msg_begin
7.75772e+06
-363873
-2.50411
0.00314788
0.00432524
0.000241725
0
0
0
1685647486.73854
msg_begin
7.75772e+06
-363873
-2.50557
0.0104371
0.0158189
0.00102438
0
0
0
1685647486.78851
msg_begin
7.75772e+06
-363874
-2.50522
0.00528341
0.00874355
0.000751061
0
0
0
1685647486.83855
msg_begin
7.75772e+06
-363874
-2.50521
0.0034421
0.00503061
0.000422721
0
0
0
1685647486.88856
msg_begin
7.75772e+06
-363874
-2.50483
0.000518884
0.00343423
0.00048642
0
0
0
1685647486.93856
msg_begin
7.75772e+06
-363874
-2.50496
0.0115432
0.0192965
0.000591314
0
0
0
1685647486.98849
msg_begin
7.75772e+06
-363874
-2.50454
0.00212151
0.0117908
0.000235588
0
0
0
1685647487.03849
msg_begin
7.75772e+06
-363874
-2.50552
0.00405571
0.0123352
0.000417967
0
0
0
1685647487.08849
msg_begin
7.75772e+06
-363874
-2.50574
0.00757124
0.0154375
0.00046487
0
0
0
1685647487.13849
msg_begin
7.75772e+06
-363874
-2.50785
0.00343911
0.00463861
0.000228711
0
0
0
1685647487.18851
msg_begin
7.75772e+06
-363875
-2.50831
0.00716699
0.00683506
0.00042673
0
0
0
1685647487.23848
msg_begin
7.75772e+06
-363875
-2.5087
0.0134726
0.0123399
0.000496007
0
0
0
1685647487.28854
msg_begin
7.75772e+06
-363875
-2.50814
0.00217285
0.00409551
0.000251995
0
0
0
1685647487.33853
msg_begin
7.75772e+06
-363875
-2.50763
0.00725369
0.00843964
0.000321238
0
0
0
1685647487.38853
msg_begin
7.75771e+06
-363875
-2.50657
0.0174144
0.0240612
0.00118783
0
0
0
1685647487.43851
msg_begin
7.75771e+06
-363875
-2.50608
0.0143337
0.0068907
0.000500422
0
0
0
1685647487.48851
msg_begin
7.75771e+06
-363875
-2.50668
0.000332463
0.000319486
1.14856e-05
0
0
0
1685647487.53850
msg_begin
7.75771e+06
-363876
-2.50929
0.000450586
0.00184531
0.000294843
0
0
0
1685647487.58844
msg_begin
7.75771e+06
-363876
-2.50912
0.0057118
0.00518375
0.000417184
0
0
0
1685647487.63851
msg_begin
7.75771e+06
-363876
-2.50653
0.0173513
0.0138694
0.000572582
0
0
0
1685647487.68844
msg_begin
7.75771e+06
-363876
-2.50703
0.00327898
0.00288958
0.000138636
0
0
0
1685647487.73843
msg_begin
7.75771e+06
-363876
-2.50644
0.0115746
0.0123291
0.000859596
0
0
0
1685647487.78842
msg_begin
7.75771e+06
-363876
-2.50713
0.0152858
0.00951745
0.000738265
0
0
0
1685647487.83840
msg_begin
7.75771e+06
-363876
-2.50802
0.00211837
0.000914794
0.000104193
0
0
0
1685647487.88839
msg_begin
7.75771e+06
-363877
-2.50939
0.0147148
0.0172661
0.000468463
0
0
0
1685647487.93836
msg_begin
7.75771e+06
-363877
-2.50775
0.0114624
0.0102332
0.000525547
0
0
0
1685647487.98838
msg_begin
7.75771e+06
-363877
-2.50872
0.00748852
0.00416914
0.000236163
0
0
0
1685647488.03836
msg_begin
7.75771e+06
-363877
-2.50922
0.0157894
0.0118976
0.000717481
0
0
0
1685647488.08831
msg_begin
7.75771e+06
-363877
-2.50782
0.00588506
0.0151982
0.000623562
0
0
0
1685647488.13832
msg_begin
7.75771e+06
-363877
-2.50914
0.0221373
0.0131422
0.000646856
0
0
0
1685647488.18834
msg_begin
7.75771e+06
-363877
-2.51042
0.0013595
0.00137094
0.000148323
0
0
0
1685647488.23835
msg_begin
7.75771e+06
-363878
-2.51118
0.000767848
0.000436556
5.15501e-05
0
0
0
1685647488.28836
msg_begin
7.75771e+06
-363878
-2.50878
0.0110613
0.00485032
0.000533218
0
0
0
1685647488.33834
msg_begin
7.75771e+06
-363878
-2.50794
0.0108993
0.00265698
0.00107276
0
0
0
1685647488.38838
msg_begin
7.75771e+06
-363878
-2.50668
0.000925943
1.07767e-06
4.2199e-06
0
0
0
1685647488.43843
msg_begin
7.75771e+06
-363878
-2.50857
0.0026029
0.00324405
0.000359321
0
0
0
1685647488.48844
msg_begin
7.75771e+06
-363878
-2.5081
0.0135573
0.00915245
0.00141042
0
0
0
1685647488.53842
msg_begin
7.75771e+06
-363879
-2.50539
0.00400372
0.00482867
0.00022685
0
0
0
1685647488.58844
msg_begin
7.75771e+06
-363879
-2.5045
0.0063157
0.0071414
0.000333435
0
0
0
1685647488.63846
msg_begin
7.75771e+06
-363879
-2.5054
0.00581185
0.0032252
0.000422966
0
0
0
1685647488.68841
msg_begin
7.75771e+06
-363879
-2.50294
0.00609463
0.00463826
0.000489114
0
0
0
1685647488.73841
msg_begin
7.75771e+06
-363879
-2.50332
0.00521453
0.00726602
0.00105853
0
0
0
1685647488.78840
msg_begin
7.75771e+06
-363879
-2.50221
0.00972665
0.00834488
0.000574489
0
0
0
1685647488.83841
msg_begin
7.75771e+06
-363880
-2.50149
0.00945993
0.0102229
0.000688942
0
0
0
1685647488.88841
msg_begin
7.75771e+06
-363880
-2.50293
0.00662286
0.00479181
0.000351761
0
0
0
1685647488.93836
msg_begin
7.75771e+06
-363880
-2.50055
0.00606495
0.00206111
0.000632501
0
0
0
1685647488.98846
msg_begin
7.75771e+06
-363880
-2.50459
0.0292586
0.0176201
0.0011536
0
0
0
1685647489.03846
msg_begin
7.75771e+06
-363880
-2.50057
0.00448386
0.00816294
0.000306174
0
0
0
1685647489.08838
msg_begin
7.75771e+06
-363880
-2.50319
0.00663854
0.00171702
5.54802e-05
0
0
0
1685647489.13849
msg_begin
7.75771e+06
-363881
-2.50408
0.0057819
0.0067021
0.001142
0
0
0
1685647489.18840
msg_begin
7.75771e+06
-363881
-2.50514
0.0151823
0.0170007
0.00259043
0
0
0
1685647489.23840
msg_begin
7.75771e+06
-363881
-2.50063
0.00433305
0.00231643
0.000413868
0
0
0
1685647489.28844
msg_begin
7.75771e+06
-363881
-2.50262
0.0068551
0.0031719
0.000604313
0
0
0
1685647489.33844
msg_begin
7.75771e+06
-363881
-2.50182
0.000740198
0.00150939
0.000153337
0
0
0
1685647489.38843
msg_begin
7.75771e+06
-363882
-2.50381
0.00439457
0.00266088
0.000433776
0
0
0
1685647489.43844
msg_begin
7.75771e+06
-363882
-2.50244
0.0138933
0.00926643
0.000678564
0
0
0
1685647489.48844
msg_begin
7.75771e+06
-363882
-2.50418
6.51926e-09
1.39698e-09
1.33227e-15
0
0
0
1685647489.53835
msg_begin
7.75771e+06
-363882
-2.50541
0.0141184
0.0118038
0.000834563
0
0
0
1685647489.58828
msg_begin
7.75771e+06
-363882
-2.50582
0.0102046
0.0143532
0.000647647
0
0
0
1685647489.63819
msg_begin
7.75771e+06
-363882
-2.5048
0.0361928
0.0221809
0.00185078
0
0
0
1685647489.68812
msg_begin
7.75771e+06
-363883
-2.50473
0.02729
0.0145711
0.000468524
0
0
0
1685647489.73803
msg_begin
7.7577e+06
-363883
-2.50334
0.00743218
0.00809079
0.000666775
0
0
0
1685647489.78790
msg_begin
7.7577e+06
-363883
-2.50381
0.000724955
0.000955309
5.71105e-05
0
0
0
1685647489.83788
msg_begin
7.7577e+06
-363883
-2.50483
0.00130055
0.00157761
3.25902e-05
0
0
0
1685647489.88789
msg_begin
7.7577e+06
-363884
-2.50704
0.00306714
0.0018832
0.000203312
0
0
0
1685647489.93786
msg_begin
7.7577e+06
-363884
-2.50425
0.00879719
0.00500968
0.000220874
0
0
0
1685647489.98787
msg_begin
7.7577e+06
-363884
-2.5044
0.00620882
0.0123919
0.000254838
0
0
0
1685647490.03790
msg_begin
7.7577e+06
-363884
-2.5038
0.00298859
0.000752818
7.45228e-05
0
0
0
1685647490.08787
msg_begin
7.7577e+06
-363884
-2.50563
0.00437431
0.010623
0.00166641
0
0
0
1685647490.13792
msg_begin
7.7577e+06
-363884
-2.50444
0.0225771
0.0130874
0.000896943
0
0
0
1685647490.18796
msg_begin
7.7577e+06
-363885
-2.50161
0.00287969
0.00276101
9.00945e-05
0
0
0
1685647490.23795
msg_begin
7.7577e+06
-363885
-2.50235
0.032855
0.0214938
0.000802459
0
0
0
1685647490.28806
msg_begin
7.7577e+06
-363885
-2.50289
0.00338825
0.00775891
0.000152043
0
0
0
1685647490.33800
msg_begin
7.7577e+06
-363885
-2.50603
0.0104778
0.00703577
0.00248505
0
0
0
1685647490.38804
msg_begin
7.7577e+06
-363886
-2.50237
0.00827872
0.00426216
0.000401399
0
0
0
1685647490.43807
msg_begin
7.7577e+06
-363886
-2.50205
0.00956841
0.0112232
0.00105877
0
0
0
1685647490.48812
msg_begin
7.7577e+06
-363886
-2.50343
0.00119823
0.000222685
5.59966e-05
0
0
0
1685647490.53819
msg_begin
7.7577e+06
-363886
-2.50416
0.0192035
0.014648
0.00149194
0
0
0
1685647490.58821
msg_begin
7.7577e+06
-363886
-2.50456
0.00955895
0.00430786
0.000941665
0
0
0
1685647490.63824
msg_begin
7.7577e+06
-363887
-2.50312
0.001159
0.000395888
0.000398828
0
0
0
1685647490.68829
msg_begin
7.7577e+06
-363887
-2.50171
0.0162484
0.0226031
0.00108707
0
0
0
1685647490.73828
msg_begin
7.7577e+06
-363887
-2.5011
0.0180212
0.0128446
0.000691282
0
0
0
1685647490.78832
msg_begin
7.7577e+06
-363887
-2.50364
0.0588118
0.0419056
0.00171562
0
0
0
1685647490.83836
msg_begin
7.7577e+06
-363888
-2.50417
0.00405929
0.00159508
0.000267091
0
0
0
1685647490.88838
msg_begin
7.7577e+06
-363888
-2.50542
0.0165537
0.0107414
0.00183687
0
0
0
1685647490.93839
msg_begin
7.7577e+06
-363888
-2.50831
0.0159049
0.0109386
0.00153876
0
0
0
1685647490.98855
msg_begin
7.7577e+06
-363888
-2.50483
0.00255142
0.00461301
0.000881745
0
0
0
1685647491.03839
msg_begin
7.7577e+06
-363889
-2.50531
0.00609901
0.00428727
0.00115668
0
0
0
1685647491.08834
msg_begin
7.7577e+06
-363889
-2.5069
0.000740257
0.00251431
3.96234e-05
0
0
0
1685647491.13840
msg_begin
7.7577e+06
-363889
-2.50969
0.00865471
0.00680816
0.000466265
0
0
0
1685647491.18831
msg_begin
7.7577e+06
-363889
-2.51148
0.0180361
0.0113146
0.00113617
0
0
0
1685647491.23828
msg_begin
7.7577e+06
-363890
-2.51345
0.0217719
0.0239134
0.00155285
0
0
0
1685647491.28828
msg_begin
7.7577e+06
-363890
-2.51323
0.00111
0.00133617
6.06998e-05
0
0
0
1685647491.33823
msg_begin
7.7577e+06
-363890
-2.51251
0.00520199
0.00317531
0.000560661
0
0
0
1685647491.38828
msg_begin
7.7577e+06
-363890
-2.51228
0.00898979
0.00190131
0.000556526
0
0
0
1685647491.43830
msg_begin
7.7577e+06
-363890
-2.50816
0.00277026
0.00147242
0.000173741
0
0
0
1685647491.48828
msg_begin
7.75769e+06
-363891
-2.50623
0.00493051
0.0019955
0.000389945
0
0
0
1685647491.53829
msg_begin
7.75769e+06
-363891
-2.50793
0.00922307
0.003362
0.000335233
0
0
0
1685647491.58827
msg_begin
7.75769e+06
-363891
-2.50866
0.00890942
0.00542446
0.00038449
0
0
0
1685647491.63825
msg_begin
7.75769e+06
-363891
-2.50657
0.00123369
0.00737068
0.000134222
0
0
0
1685647491.68821
msg_begin
7.75769e+06
-363892
-2.50954
0.000241827
0.000265405
0.000184694
0
0
0
1685647491.73821
msg_begin
7.75769e+06
-363892
-2.50565
0.000932698
0.001081
0.000119596
0
0
0
1685647491.78819
msg_begin
7.75769e+06
-363892
-2.50736
0.0045735
0.00358994
0.000556872
0
0
0
1685647491.83814
msg_begin
7.75769e+06
-363892
-2.50986
0.00984182
0.0133717
0.000791173
0
0
0
1685647491.88814
msg_begin
7.75769e+06
-363893
-2.50737
0.00299714
0.00238705
0.000661101
0
0
0
1685647491.93813
msg_begin
7.75769e+06
-363893
-2.50931
0.00746413
0.00888012
0.00043795
0
0
0
1685647491.98808
msg_begin
7.75769e+06
-363893
-2.50697
0.00444552
0.00258454
0.000213375
0
0
0
1685647492.03812
msg_begin
7.75769e+06
-363893
-2.50925
0.0112145
0.00246728
0.000567296
0
0
0
1685647492.08812
msg_begin
7.75769e+06
-363894
-2.51198
0.00287539
0.0036447
0.000308003
0
0
0
1685647492.13802
msg_begin
7.75769e+06
-363894
-2.51241
0.0040969
0.00191773
0.000393449
0
0
0
1685647492.18803
msg_begin
7.75769e+06
-363894
-2.51119
0.00873243
0.00703748
0.000678257
0
0
0
1685647492.23799
msg_begin
7.75769e+06
-363894
-2.51399
0.00256317
0.010185
0.001378
0
0
0
1685647492.28796
msg_begin
7.75769e+06
-363895
-2.5202
0.00974604
0.00458608
0.00110539
0
0
0
1685647492.33796
msg_begin
7.75769e+06
-363895
-2.51871
0.00613017
0.00268117
8.90534e-05
0
0
0
1685647492.38795
msg_begin
7.75769e+06
-363895
-2.51791
0.00486424
0.0011455
0.000417313
0
0
0
1685647492.43795
msg_begin
7.75769e+06
-363895
-2.51948
0.00462723
0.00475729
0.00015428
0
0
0
1685647492.48796
msg_begin
7.75769e+06
-363896
-2.51963
0.0116153
0.0112199
0.000949033
0
0
0
1685647492.53790
msg_begin
7.75769e+06
-363896
-2.52152
0.003624
0.00192914
8.84417e-05
0
0
0
1685647492.58785
msg_begin
7.75769e+06
-363896
-2.52247
5.40167e-08
1.16415e-09
1.77636e-15
0
0
0
1685647492.63786
msg_begin
7.75769e+06
-363897
-2.52526
0.000803461
0.00406878
0.000130686
0
0
0
1685647492.68780
msg_begin
7.75769e+06
-363897
-2.53003
0.00433965
0.00647359
0.00167472
0
0
0
1685647492.73783
msg_begin
7.75769e+06
-363897
-2.52958
0.0059486
0.00663793
0.000493579
0
0
0
1685647492.78780
msg_begin
7.75769e+06
-363897
-2.53032
0.000604007
0.00652138
0.000148928
0
0
0
1685647492.83780
msg_begin
7.75769e+06
-363898
-2.5293
0.0145975
0.0156456
0.000330271
0
0
0
1685647492.88774
msg_begin
7.75769e+06
-363898
-2.52987
0.0609567
0.0526951
0.00148347
0
0
0
1685647492.93777
msg_begin
7.75769e+06
-363898
-2.53211
0.000966017
0.00193558
9.62302e-05
0
0
0
1685647492.98771
msg_begin
7.75768e+06
-363898
-2.53311
0.0179032
0.0147212
0.00226854
0
0
0
1685647493.03769
msg_begin
7.75768e+06
-363899
-2.53293
0.0286245
0.0244533
0.00251878
0
0
0
1685647493.08768
msg_begin
7.75768e+06
-363899
-2.53238
0.00724193
0.00188736
0.000450797
0
0
0
1685647493.13772
msg_begin
7.75768e+06
-363899
-2.5357
0.058445
0.0417089
0.00234082
0
0
0
1685647493.18767
msg_begin
7.75768e+06
-363899
-2.53832
0.00997297
0.00949476
0.0030893
0
0
0
1685647493.23785
msg_begin
7.75768e+06
-363900
-2.53232
0.00439856
0.00567442
0.00122165
0
0
0
1685647493.28760
msg_begin
7.75768e+06
-363900
-2.53547
9.31323e-10
2.50293e-09
8.88178e-16
0
0
0
1685647493.33760
msg_begin
7.75768e+06
-363900
-2.53812
0.00660731
0.00219534
0.000433557
0
0
0
1685647493.38802
msg_begin
7.75768e+06
-363900
-2.53749
0.0119725
0.00598987
0.000699951
0
0
0
1685647493.43789
msg_begin
7.75768e+06
-363901
-2.53736
0.0093107
0.0108496
0.000749646
0
0
0
1685647493.48746
msg_begin
7.75768e+06
-363901
-2.53965
0.0180397
0.0197023
0.000725762
0
0
0
1685647493.53746
msg_begin
7.75768e+06
-363901
-2.53713
0.0127534
0.00387572
0.000355011
0
0
0
1685647493.58750
msg_begin
7.75768e+06
-363902
-2.53671
0.0166215
0.015869
0.000541986
0
0
0
1685647493.63853
msg_begin
7.75768e+06
-363902
-2.53651
0.0118818
0.0131113
0.000910826
0
0
0
1685647493.68734
msg_begin
7.75768e+06
-363902
-2.53354
0.0189067
0.00954337
0.000565824
0
0
0
1685647493.73729
msg_begin
7.75768e+06
-363902
-2.53049
6.98492e-08
1.86265e-09
4.44089e-16
0
0
0
1685647493.78730
msg_begin
7.75768e+06
-363903
-2.53059
0.00422447
0.00489443
0.000782916
0
0
0
1685647493.83729
msg_begin
7.75768e+06
-363903
-2.52888
0.0289387
0.0136331
0.00187391
0
0
0
1685647493.88727
msg_begin
7.75768e+06
-363903
-2.53128
0.00579154
0.00820207
0.000876198
0
0
0
1685647493.93732
msg_begin
7.75768e+06
-363903
-2.53116
0.0046098
0.0116439
0.000814391
0
0
0
1685647493.98727
msg_begin
7.75768e+06
-363904
-2.53119
0.00818786
0.0084415
0.000775539
0
0
0
1685647494.03760
msg_begin
7.75768e+06
-363904
-2.53018
0.029669
0.0143288
0.00130693
0
0
0
1685647494.08730
msg_begin
7.75768e+06
-363904
-2.53175
0.00216301
0.00144135
8.33493e-07
0
0
0
1685647494.13732
msg_begin
7.75768e+06
-363904
-2.52937
0.0257233
0.0158798
0.0022846
0
0
0
1685647494.18735
msg_begin
7.75768e+06
-363905
-2.53013
0.0085595
0.00790574
0.000396996
0
0
0
1685647494.23735
msg_begin
7.75768e+06
-363905
-2.53004
0.0195485
0.0162143
0.00153597
0
0
0
1685647494.28739
msg_begin
7.75768e+06
-363905
-2.52863
0.0105638
0.0168815
0.00129698
0
0
0
1685647494.33738
msg_begin
7.75767e+06
-363906
-2.52523
7.07805e-08
1.10595e-09
1.33227e-15
0
0
0
1685647494.38742
msg_begin
7.75767e+06
-363906
-2.52849
0.0100763
0.00588247
0.000513379
0
0
0
1685647494.43742
msg_begin
7.75767e+06
-363906
-2.52924
0.0203304
0.0140534
0.00128394
0
0
0
1685647494.48743
msg_begin
7.75767e+06
-363906
-2.52833
0.0422524
0.0221958
0.00178779
0
0
0
1685647494.53736
msg_begin
7.75767e+06
-363907
-2.53211
0.0119238
0.001103
0.00170451
0
0
0
1685647494.58736
msg_begin
7.75767e+06
-363907
-2.53361
0.0105319
0.0119751
0.00027215
0
0
0
1685647494.63737
msg_begin
7.75767e+06
-363907
-2.53188
5.02914e-08
5.82077e-11
8.88178e-16
0
0
0
1685647494.68739
msg_begin
7.75767e+06
-363908
-2.53178
0.0044398
0.00722427
0.000285739
0
0
0
1685647494.73739
msg_begin
7.75767e+06
-363908
-2.53122
0.00869204
0.00924926
0.000175206
0
0
0
1685647494.78741
msg_begin
7.75767e+06
-363908
-2.53208
0.0260045
0.0179463
0.00108456
0
0
0
1685647494.83743
msg_begin
7.75767e+06
-363908
-2.52976
0.00132186
0.000136398
5.77892e-05
0
0
0
1685647494.88747
msg_begin
7.75767e+06
-363909
-2.52969
0.0133056
0.00737201
0.00029801
0
0
0
1685647494.93752
msg_begin
7.75767e+06
-363909
-2.53142
0.00255515
0.000536837
0.000134701
0
0
0
1685647494.98762
msg_begin
7.75767e+06
-363909
-2.53157
0.0209816
0.0222607
0.000884745
0
0
0
1685647495.03756
msg_begin
7.75767e+06
-363910
-2.52928
0.0106621
0.00998035
0.000527602
0
0
0
1685647495.08764
msg_begin
7.75767e+06
-363910
-2.53249
0.00371574
0.00164236
0.000152494
0
0
0
1685647495.13780
msg_begin
7.75767e+06
-363910
-2.53163
0.0166234
0.00973271
0.000652424
0
0
0
1685647495.18782
msg_begin
7.75767e+06
-363910
-2.53015
0.0120331
0.00826233
0.00115716
0
0
0
1685647495.23844
msg_begin
7.75767e+06
-363911
-2.52864
0.00692079
0.00287373
0.000218753
0
0
0
1685647495.28778
msg_begin
7.75767e+06
-363911
-2.52646
0.00303184
0.00566233
0.00068926
0
0
0
1685647495.33776
msg_begin
7.75767e+06
-363911
-2.52903
0.0243532
0.0220337
0.00180545
0
0
0
1685647495.38781
msg_begin
7.75767e+06
-363911
-2.52733
0.0115301
0.0211217
0.000930549
0
0
0
1685647495.43769
msg_begin
7.75767e+06
-363912
-2.52616
0.00425841
0.00429238
0.000233219
0
0
0
1685647495.48769
msg_begin
7.75767e+06
-363912
-2.5277
0.00329091
0.00400033
0.000845628
0
0
0
1685647495.53771
msg_begin
7.75767e+06
-363912
-2.52741
0.00368682
0.0010716
0.000245454
0
0
0
1685647495.58770
msg_begin
7.75767e+06
-363913
-2.52777
0.00379016
0.0045546
0.000237585
0
0
0
1685647495.63798
msg_begin
7.75767e+06
-363913
-2.5274
0.0094852
0.00209029
0.000106656
0
0
0
1685647495.68766
msg_begin
7.75766e+06
-363913
-2.5245
0.00493158
0.00171615
0.000499088
0
0
0
1685647495.73758
msg_begin
7.75766e+06
-363913
-2.52282
0.00532951
0.00246623
0.000374036
0
0
0
1685647495.78757
msg_begin
7.75766e+06
-363913
-2.52443
0.0156401
0.0139342
0.000854274
0
0
0
1685647495.83824
msg_begin
7.75766e+06
-363914
-2.52434
0.0173973
0.0121082
0.00120453
0
0
0
1685647495.88754
msg_begin
7.75766e+06
-363914
-2.52296
0.00893172
0.00831087
0.00134384
0
0
0
1685647495.93752
msg_begin
7.75766e+06
-363914
-2.52155
0.00155964
0.00722923
0.000270513
0
0
0
1685647495.98751
msg_begin
7.75766e+06
-363915
-2.52061
5.58794e-09
4.01633e-09
2.66454e-15
0
0
0
1685647496.03851
msg_begin
7.75766e+06
-363915
-2.52081
0.00461919
0.00189739
0.000304293
0
0
0
1685647496.08752
msg_begin
7.75766e+06
-363915
-2.51843
0.0207244
0.0138148
0.000759952
0
0
0
1685647496.13750
msg_begin
7.75766e+06
-363915
-2.5185
0.00208396
0.00306967
0.000190808
0
0
0
1685647496.18750
msg_begin
7.75766e+06
-363916
-2.51842
0.0208571
0.0141014
0.000737994
0
0
0
1685647496.23751
msg_begin
7.75766e+06
-363916
-2.52097
0.00314561
0.00258166
0.00023412
0
0
0
1685647496.28757
msg_begin
7.75766e+06
-363916
-2.51772
0.00536803
0.00456396
0.000129526
0
0
0
1685647496.33754
msg_begin
7.75766e+06
-363916
-2.51548
0.0197395
0.00758684
0.000852869
0
0
0
1685647496.38758
msg_begin
7.75766e+06
-363917
-2.51384
0.0161719
0.0164802
0.00120747
0
0
0
1685647496.43761
msg_begin
7.75766e+06
-363917
-2.51122
0.011779
0.0127409
0.000714525
0
0
0
1685647496.48756
msg_begin
7.75766e+06
-363917
-2.51161
0.0177997
0.0188276
0.000806287
0
0
0
1685647496.53758
msg_begin
7.75766e+06
-363918
-2.51168
0.00677892
0.00626445
0.000454404
0
0
0
1685647496.58771
msg_begin
7.75766e+06
-363918
-2.51155
0.00481052
0.00764317
0.000308072
0
0
0
1685647496.63755
msg_begin
7.75766e+06
-363918
-2.51135
0.00547213
0.00727356
0.0001864
0
0
0
1685647496.68757
msg_begin
7.75766e+06
-363918
-2.51085
0.0113204
0.00508705
0.000523457
0
0
0
1685647496.73757
msg_begin
7.75766e+06
-363918
-2.51137
0.0167589
0.00303519
0.00035234
0
0
0
1685647496.78758
msg_begin
7.75766e+06
-363919
-2.5099
0.00444519
0.00165172
0.000174453
0
0
0
1685647496.83764
msg_begin
7.75766e+06
-363919
-2.50607
0.00543997
0.00033545
0.00144446
0
0
0
1685647496.88764
msg_begin
7.75766e+06
-363919
-2.50622
0.000540742
0.000668031
0.000152715
0
0
0
1685647496.93766
msg_begin
7.75766e+06
-363920
-2.50892
0.00215478
0.00934988
0.000561497
0
0
0
1685647496.98766
msg_begin
7.75766e+06
-363920
-2.50641
0.00922411
0.00579538
0.00020619
0
0
0
1685647497.03770
msg_begin
7.75766e+06
-363920
-2.50625
0.000592069
0.000215169
6.20545e-06
0
0
0
1685647497.08771
msg_begin
7.75766e+06
-363920
-2.50715
0.0229262
0.0228635
0.000743608
0
0
0
1685647497.13888
msg_begin
7.75765e+06
-363921
-2.50615
0.0156425
0.00773379
0.000591948
0
0
0
1685647497.18776
msg_begin
7.75765e+06
-363921
-2.50443
0.0132331
0.00912915
0.000823601
0
0
0
1685647497.23898
msg_begin
7.75765e+06
-363921
-2.50718
0.00561118
0.00622043
0.000815645
0
0
0
1685647497.28777
msg_begin
7.75765e+06
-363921
-2.50654
0.00607614
0.00676321
0.000473443
0
0
0
1685647497.33778
msg_begin
7.75765e+06
-363922
-2.50366
0.00878464
0.00322578
0.000335034
0
0
0
1685647497.38779
msg_begin
7.75765e+06
-363922
-2.50516
0.00526707
0.00604811
0.0013303
0
0
0
1685647497.43804
msg_begin
7.75765e+06
-363922
-2.50776
0.00478711
0.00194204
0.000106495
0
0
0
1685647497.48773
msg_begin
7.75765e+06
-363922
-2.50764
0.00157997
0.00662484
0.000457516
0
0
0
1685647497.53771
msg_begin
7.75765e+06
-363923
-2.50849
0.002481
0.013408
0.000235658
0
0
0
1685647497.58781
msg_begin
7.75765e+06
-363923
-2.50755
0.0137289
0.0162844
0.000663654
0
0
0
1685647497.63889
msg_begin
7.75765e+06
-363923
-2.50842
0.00982811
0.00953006
0.00039811
0
0
0
1685647497.68771
msg_begin
7.75765e+06
-363923
-2.50726
0.0016522
0.000985103
6.22684e-05
0
0
0
1685647497.73771
msg_begin
7.75765e+06
-363924
-2.50637
0.00432374
0.00573481
0.000296472
0
0
0
1685647497.78792
msg_begin
7.75765e+06
-363924
-2.50808
0.00492584
0.00403957
0.000722794
0
0
0
1685647497.83812
msg_begin
7.75765e+06
-363924
-2.50646
0.000609316
6.46054e-05
5.08012e-05
0
0
0
1685647497.88777
msg_begin
7.75765e+06
-363924
-2.50715
0.00473494
0.00346426
0.000171634
0
0
0
1685647497.93782
msg_begin
7.75765e+06
-363925
-2.50797
0.00048231
8.57749e-05
2.2934e-05
0
0
0
1685647497.98790
msg_begin
7.75765e+06
-363925
-2.5085
0.0102168
0.00811549
0.000839182
0
0
0
1685647498.03904
msg_begin
7.75765e+06
-363925
-2.50614
0.00615819
0.00694793
0.000552901
0
0
0
1685647498.08798
msg_begin
7.75765e+06
-363925
-2.5088
0.0086402
0.00358169
0.00037651
0
0
0
1685647498.13798
msg_begin
7.75765e+06
-363925
-2.50961
0.00153761
0.000317413
8.7243e-05
0
0
0
1685647498.18901
msg_begin
7.75765e+06
-363926
-2.51077
0.00881778
0.00385864
0.000492753
0
0
0
1685647498.23802
msg_begin
7.75765e+06
-363926
-2.51242
0.00428536
0.00220942
0.000327657
0
0
0
1685647498.28808
msg_begin
7.75765e+06
-363926
-2.51217
0.000876737
0.000676342
6.49006e-05
0
0
0
1685647498.33813
msg_begin
7.75765e+06
-363926
-2.5102
0.0161083
0.00687234
0.000551261
0
0
0
1685647498.38849
msg_begin
7.75765e+06
-363927
-2.50939
0.000786133
2.86944e-05
0.000125421
0
0
0
1685647498.43809
msg_begin
7.75765e+06
-363927
-2.51017
2.32831e-08
8.14907e-10
4.44089e-16
0
0
0
1685647498.48809
msg_begin
7.75765e+06
-363927
-2.50997
0.018712
0.0174845
0.000946362
0
0
0
1685647498.53819
msg_begin
7.75765e+06
-363927
-2.50871
0.0140193
0.0152305
0.000519255
0
0
0
1685647498.58878
msg_begin
7.75765e+06
-363928
-2.50587
0.015075
0.00292933
0.000496156
0
0
0
1685647498.63814
msg_begin
7.75765e+06
-363928
-2.5097
0.0169896
0.00905975
0.000973905
0
0
0
1685647498.68814
msg_begin
7.75765e+06
-363928
-2.50813
0.0152556
0.00587489
0.00134291
0
0
0
1685647498.73818
msg_begin
7.75764e+06
-363928
-2.50798
0.00489224
0.00556728
0.000476455
0
0
0
1685647498.78895
msg_begin
7.75764e+06
-363929
-2.50559
0.00695423
0.00397753
0.000208527
0
0
0
1685647498.83820
msg_begin
7.75764e+06
-363929
-2.50682
0.0158721
0.00937666
0.000494284
0
0
0
1685647498.88820
msg_begin
7.75764e+06
-363929
-2.50715
0.00839386
0.00713104
0.000587785
0
0
0
1685647498.93823
msg_begin
7.75764e+06
-363929
-2.50852
0.00640221
0.0114292
0.000668956
0
0
0
1685647498.98882
msg_begin
7.75764e+06
-363930
-2.50882
0.00260941
0.00207173
0.000288847
0
0
0
1685647499.03822
msg_begin
7.75764e+06
-363930
-2.50936
0.00147767
0.00032243
9.00622e-05
0
0
0
1685647499.08822
msg_begin
7.75764e+06
-363930
-2.50926
0.0113018
0.00634131
0.000351398
0
0
0
1685647499.13888
msg_begin
7.75764e+06
-363930
-2.50803
0.00646091
0.00748585
0.000706204
0
0
0
1685647499.18835
msg_begin
7.75764e+06
-363931
-2.50715
0.019703
0.0142172
0.00178118
0
0
0
1685647499.23943
msg_begin
7.75764e+06
-363931
-2.5073
0.0119468
0.0104689
0.00028849
0
0
0
1685647499.28822
msg_begin
7.75764e+06
-363931
-2.50584
0.00509645
0.005409
0.000486947
0
0
0
1685647499.33824
msg_begin
7.75764e+06
-363931
-2.50749
0.00654349
0.0133606
0.00156758
0
0
0
1685647499.38827
msg_begin
7.75764e+06
-363932
-2.50582
0.000979282
0.00108036
0.000207533
0
0
0
1685647499.43890
msg_begin
7.75764e+06
-363932
-2.50685
0.00163871
0.00113817
0.000252897
0
0
0
1685647499.48816
msg_begin
7.75764e+06
-363932
-2.50844
0.01802
0.0139811
0.0016725
0
0
0
1685647499.53816
msg_begin
7.75764e+06
-363932
-2.51186
0.000229746
0.000245476
1.74474e-05
0
0
0
1685647499.58822
msg_begin
7.75764e+06
-363932
-2.51083
0.00179284
0.000638031
4.46464e-05
0
0
0
1685647499.63916
msg_begin
7.75764e+06
-363933
-2.51089
0.00533306
0.00183763
0.000685355
0
0
0
1685647499.68808
msg_begin
7.75764e+06
-363933
-2.51071
0.00162527
0.00348151
0.000388809
0
0
0
1685647499.73808
msg_begin
7.75764e+06
-363933
-2.50878
0.0059804
0.00970921
0.00105848
0
0
0
1685647499.78807
msg_begin
7.75764e+06
-363933
-2.51038
0.00397402
0.0160707
0.000475228
0
0
0
1685647499.83836
msg_begin
7.75764e+06
-363934
-2.51329
0.0052042
0.00417231
0.00115913
0
0
0
1685647499.88806
msg_begin
7.75764e+06
-363934
-2.5128
0.015162
0.00896988
0.000671362
0
0
0
1685647499.93801
msg_begin
7.75764e+06
-363934
-2.51149
0.00614939
0.00294441
0.000499244
0
0
0
1685647499.98801
msg_begin
7.75764e+06
-363934
-2.51139
0.0162102
0.0184647
0.000994778
0
0
0
1685647500.03898
msg_begin
7.75764e+06
-363935
-2.51332
0.0184047
0.0290244
0.00131194
0
0
0
1685647500.08810
msg_begin
7.75764e+06
-363935
-2.51295
0.0084242
0.00027801
8.12286e-06
0
0
0
1685647500.13811
msg_begin
7.75764e+06
-363935
-2.50935
0.00580722
0.00248119
0.000648066
0
0
0
1685647500.18858
msg_begin
7.75764e+06
-363935
-2.51207
0.0274809
0.0185346
0.00104579
0
0
0
1685647500.23818
msg_begin
7.75764e+06
-363936
-2.51566
0.00782998
0.00509257
0.000993395
0
0
0
1685647500.28817
msg_begin
7.75764e+06
-363936
-2.51605
0.00794405
0.00870054
0.00080199
0
0
0
1685647500.33823
msg_begin
7.75763e+06
-363936
-2.5153
0.0122419
0.00937471
0.00116368
0
0
0
1685647500.38864
msg_begin
7.75763e+06
-363936
-2.51449
0.00816977
0.00448535
0.000410924
0
0
0
1685647500.43822
msg_begin
7.75763e+06
-363937
-2.51334
0.00122484
0.00712736
0.000339381
0
0
0
1685647500.48832
msg_begin
7.75763e+06
-363937
-2.51325
0.00152753
0.0019884
0.000323948
0
0
0
1685647500.53825
msg_begin
7.75763e+06
-363937
-2.5117
0.00062549
0.00122962
5.88524e-05
0
0
0
1685647500.58864
msg_begin
7.75763e+06
-363937
-2.51258
0.0158971
0.0132403
0.000668368
0
0
0
1685647500.63819
msg_begin
7.75763e+06
-363937
-2.51456
0.00651412
0.00637077
0.000631979
0
0
0
1685647500.68817
msg_begin
7.75763e+06
-363938
-2.51712
0.0161928
0.00890322
0.00140605
0
0
0
1685647500.73813
msg_begin
7.75763e+06
-363938
-2.51625
0.00300197
0.0064659
0.000170904
0
0
0
1685647500.78876
msg_begin
7.75763e+06
-363938
-2.51843
0.00594725
0.00933379
0.00100123
0
0
0
1685647500.83808
msg_begin
7.75763e+06
-363938
-2.51545
0.0157326
0.00907385
0.00223678
0
0
0
1685647500.88807
msg_begin
7.75763e+06
-363939
-2.51202
0.00606722
0.00431728
0.000923771
0
0
0
1685647500.93805
msg_begin
7.75763e+06
-363939
-2.51158
0.011064
0.0132215
0.000977912
0
0
0
1685647500.98854
msg_begin
7.75763e+06
-363939
-2.51389
0.00984822
0.00505372
0.000939457
0
0
0
1685647501.03801
msg_begin
7.75763e+06
-363939
-2.51107
3.72529e-09
3.25963e-09
4.44089e-16
0
0
0
1685647501.08798
msg_begin
7.75763e+06
-363940
-2.50947
0.00584761
0.00631717
0.000361816
0
0
0
1685647501.13906
msg_begin
7.75763e+06
-363940
-2.50869
0.00360854
0.00255581
0.00022669
0
0
0
1685647501.18798
msg_begin
7.75763e+06
-363940
-2.51344
0.00823271
0.00467897
0.000423581
0
0
0
1685647501.23882
msg_begin
7.75763e+06
-363940
-2.51392
0.0108294
0.00293495
0.00306793
0
0
0
1685647501.28787
msg_begin
7.75763e+06
-363941
-2.51696
0.00427109
0.00360806
0.000542919
0
0
0
1685647501.33786
msg_begin
7.75763e+06
-363941
-2.51413
0.0017675
0.00085851
0.000187682
0
0
0
1685647501.38791
msg_begin
7.75763e+06
-363941
-2.51388
0.0120198
0.00764781
0.000488786
0
0
0
1685647501.43814
msg_begin
7.75763e+06
-363941
-2.51132
0.0404198
0.0172803
0.00214704
0
0
0
1685647501.48798
msg_begin
7.75763e+06
-363941
-2.51418
0.00620506
0.00633576
0.000630217
0
0
0
1685647501.53802
msg_begin
7.75763e+06
-363942
-2.51595
0.0352244
0.0181919
0.00142231
0
0
0
1685647501.58812
msg_begin
7.75763e+06
-363942
-2.51974
0.0138398
0.00833343
0.000694518
0
0
0
1685647501.63904
msg_begin
7.75763e+06
-363942
-2.51964
0.0119865
0.015181
0.000804252
0
0
0
1685647501.68812
msg_begin
7.75763e+06
-363942
-2.51624
0.0277114
0.0184682
0.00243454
0
0
0
1685647501.73815
msg_begin
7.75763e+06
-363943
-2.52062
0.0155692
0.00455846
0.000668436
0
0
0
1685647501.78819
msg_begin
7.75763e+06
-363943
-2.51494
0.0225153
0.0054351
0.0016883
0
0
0
1685647501.83825
msg_begin
7.75763e+06
-363943
-2.51493
0.0207488
0.00793249
0.00108926
0
0
0
1685647501.88799
msg_begin
7.75763e+06
-363943
-2.51321
0.0274002
0.0122807
0.00123349
0
0
0
1685647501.93794
msg_begin
7.75762e+06
-363944
-2.51507
0.0237778
0.0120264
0.00115227
0
0
0
1685647501.98801
msg_begin
7.75762e+06
-363944
-2.5156
0.00255522
0.00079044
6.67936e-05
0
0
0
1685647502.03905
msg_begin
7.75762e+06
-363944
-2.51593
0.00565217
0.00245623
0.000415939
0
0
0
1685647502.08783
msg_begin
7.75762e+06
-363944
-2.516
0.0155415
0.00627993
0.00122343
0
0
0
1685647502.13779
msg_begin
7.75762e+06
-363945
-2.51235
4.47035e-08
2.91038e-10
4.44089e-15
0
0
0
1685647502.18839
msg_begin
7.75762e+06
-363945
-2.51081
0.00262789
0.00351937
0.00075957
0
0
0
1685647502.23778
msg_begin
7.75762e+06
-363945
-2.51176
0.00270566
0.00421131
0.000202801
0
0
0
1685647502.28778
msg_begin
7.75762e+06
-363945
-2.51174
0.00370702
0.00348978
0.000284845
0
0
0
1685647502.33772
msg_begin
7.75762e+06
-363945
-2.51316
0.00405386
0.00698993
0.000437271
0
0
0
1685647502.38837
msg_begin
7.75762e+06
-363946
-2.51339
0.00664504
0.0057076
0.00142165
0
0
0
1685647502.43773
msg_begin
7.75762e+06
-363946
-2.51412
0.0165272
0.0046111
0.00104744
0
0
0
1685647502.48771
msg_begin
7.75762e+06
-363946
-2.51545
0.018528
0.0135994
0.000809359
0
0
0
1685647502.53771
msg_begin
7.75762e+06
-363946
-2.5143
0.00716057
0.00444157
0.000191761
0
0
0
1685647502.58808
msg_begin
7.75762e+06
-363947
-2.51382
0.0124952
0.0104678
0.00100187
0
0
0
1685647502.63769
msg_begin
7.75762e+06
-363947
-2.51505
0.000530993
0.000209905
8.95534e-06
0
0
0
1685647502.68770
msg_begin
7.75762e+06
-363947
-2.51435
0.0310525
0.0202229
0.000724908
0
0
0
1685647502.73773
msg_begin
7.75762e+06
-363947
-2.51416
0.000276827
0.00137476
0.000236825
0
0
0
1685647502.78831
msg_begin
7.75762e+06
-363947
-2.5137
0.00748749
0.00253673
0.000434262
0
0
0
1685647502.83772
msg_begin
7.75762e+06
-363948
-2.51363
0.0218365
0.021511
0.000352766
0
0
0
1685647502.88774
msg_begin
7.75762e+06
-363948
-2.51248
0.0162807
0.00769671
0.000468232
0
0
0
1685647502.93779
msg_begin
7.75762e+06
-363948
-2.51145
0.00670946
0.00561547
0.00046476
0
0
0
1685647502.98856
msg_begin
7.75762e+06
-363948
-2.51012
0.00791155
0.0060802
0.000482972
0
0
0
1685647503.03775
msg_begin
7.75762e+06
-363949
-2.51075
0.00761654
0.00534316
0.000581267
0
0
0
1685647503.08773
msg_begin
7.75762e+06
-363949
-2.51113
0.00456846
0.00509978
0.000324546
0
0
0
1685647503.13848
msg_begin
7.75762e+06
-363949
-2.51117
0.00317353
0.000304901
0.000395937
0
0
0
1685647503.18770
msg_begin
7.75762e+06
-363949
-2.51021
0.00920481
0.0109336
0.000956626
0
0
0
1685647503.23831
msg_begin
7.75762e+06
-363949
-2.50969
0.0203405
0.0182179
8.07719e-06
0
0
0
1685647503.28769
msg_begin
7.75762e+06
-363950
-2.50999
0.00598224
0.00939515
0.000969897
0
0
0
1685647503.33765
msg_begin
7.75762e+06
-363950
-2.51244
0.0378134
0.0250865
0.0010449
0
0
0
1685647503.38774
msg_begin
7.75762e+06
-363950
-2.5115
0.00247918
0.00311232
0.000426849
0
0
0
1685647503.43903
msg_begin
7.75762e+06
-363950
-2.51231
0.0103656
0.0095536
0.000590873
0
0
0
1685647503.48778
msg_begin
7.75762e+06
-363950
-2.51216
0.0169914
0.00407808
0.000341313
0
0
0
1685647503.53783
msg_begin
7.75762e+06
-363951
-2.51414
0.0107044
0.011037
0.000885438
0
0
0
1685647503.58782
msg_begin
7.75762e+06
-363951
-2.51598
0.00473247
0.00204855
0.00013173
0
0
0
1685647503.63867
msg_begin
7.75762e+06
-363951
-2.51999
0.00447989
0.00211068
0.000360541
0
0
0
1685647503.68789
msg_begin
7.75761e+06
-363951
-2.51847
0.000940128
0.00174817
0.000176757
0
0
0
1685647503.73790
msg_begin
7.75761e+06
-363951
-2.51802
0.00883578
0.0088883
8.69163e-05
0
0
0
1685647503.78793
msg_begin
7.75761e+06
-363952
-2.51414
6.51926e-09
1.28057e-09
3.9968e-15
0
0
0
1685647503.83823
msg_begin
7.75761e+06
-363952
-2.51577
0.000136663
0.000823359
7.05561e-05
0
0
0
1685647503.88798
msg_begin
7.75761e+06
-363952
-2.51406
5.30854e-08
2.21189e-09
4.44089e-15
0
0
0
1685647503.93799
msg_begin
7.75761e+06
-363952
-2.51334
0.0239966
0.0119102
0.00159087
0
0
0
1685647503.98800
msg_begin
7.75761e+06
-363952
-2.51405
0.0111873
0.00883941
0.000762274
0
0
0
1685647504.03795
msg_begin
7.75761e+06
-363952
-2.51191
0.0220807
0.0238536
0.00129132
0
0
0
1685647504.08797
msg_begin
7.75761e+06
-363953
-2.51328
0.00174849
0.00237027
0.000145501
0
0
0
1685647504.13790
msg_begin
7.75761e+06
-363953
-2.51398
0.00663877
0.00267995
0.000295389
0
0
0
1685647504.18793
msg_begin
7.75761e+06
-363953
-2.51393
0.0155736
0.0136739
0.00103936
0
0
0
1685647504.23785
msg_begin
7.75761e+06
-363953
-2.51093
0.00622431
0.00614712
8.17238e-05
0
0
0
1685647504.28785
msg_begin
7.75761e+06
-363953
-2.51167
0.00343556
0.00720481
0.00123077
0
0
0
1685647504.33779
msg_begin
7.75761e+06
-363954
-2.51224
0.0225035
0.0281228
0.00251067
0
0
0
1685647504.38780
msg_begin
7.75761e+06
-363954
-2.5085
0.0157062
0.0118863
0.00128036
0
0
0
1685647504.43773
msg_begin
7.75761e+06
-363954
-2.50637
3.07336e-08
1.68802e-09
4.44089e-16
0
0
0
1685647504.48768
msg_begin
7.75761e+06
-363954
-2.50534
0.0171762
0.00911292
0.000571002
0
0
0
1685647504.53764
msg_begin
7.75761e+06
-363954
-2.50539
0.00020881
0.000100146
8.9034e-05
0
0
0
1685647504.58760
msg_begin
7.75761e+06
-363954
-2.50699
0.00145685
0.00186153
9.53404e-05
0
0
0
1685647504.63754
msg_begin
7.75761e+06
-363954
-2.50816
0.0174383
0.0150844
0.00127121
0
0
0
1685647504.68749
msg_begin
7.75761e+06
-363955
-2.50491
0.0052687
0.0069196
0.00102639
0
0
0
1685647504.73744
msg_begin
7.75761e+06
-363955
-2.50746
0.000969606
0.00132161
0.000489688
0
0
0
1685647504.78836
msg_begin
7.75761e+06
-363955
-2.50698
0.00227354
0.00289447
0.000236095
0
0
0
1685647504.83735
msg_begin
7.75761e+06
-363955
-2.5065
0.00841219
0.00697853
0.000198164
0
0
0
1685647504.88734
msg_begin
7.75761e+06
-363955
-2.50758
0.00599996
0.00247073
0.000370924
0
0
0
1685647504.93732
msg_begin
7.75761e+06
-363955
-2.50817
0.00188945
0.00472058
0.000405683
0
0
0
1685647504.98841
msg_begin
7.75761e+06
-363956
-2.50387
0.00476671
0.00150958
0.000398514
0
0
0
1685647505.03741
msg_begin
7.75761e+06
-363956
-2.50232
0.00106512
0.00136368
0.000353459
0
0
0
1685647505.08749
msg_begin
7.75761e+06
-363956
-2.50243
0.00193318
0.00361015
0.000252361
0
0
0
1685647505.13850
msg_begin
7.75761e+06
-363956
-2.50245
0.00635856
0.0103451
0.000737763
0
0
0
1685647505.18765
msg_begin
7.75761e+06
-363956
-2.50112
0.00641382
0.00455795
0.000872284
0
0
0
1685647505.23844
msg_begin
7.75761e+06
-363956
-2.49874
0.00171646
0.000711919
0.00031968
0
0
0
1685647505.28778
msg_begin
7.75761e+06
-363956
-2.49414
0.00815026
0.00480762
0.000449871
0
0
0
1685647505.38795
msg_begin
7.75761e+06
-363957
-2.49403
0.00744277
0.016787
0.00075047
0
0
0
1685647505.43803
msg_begin
7.75761e+06
-363957
-2.49357
0.01061
0.0145525
0.00112581
0
0
0
1685647505.48802
msg_begin
7.75761e+06
-363957
-2.49382
0.00183293
0.000453839
0.000225498
0
0
0
1685647505.53806
msg_begin
7.75761e+06
-363957
-2.49362
0.0102962
0.00174354
0.000546833
0
0
0
1685647505.58812
msg_begin
7.75761e+06
-363957
-2.49734
0.0040645
0.00423895
0.000272233
0
0
0
1685647505.63902
msg_begin
7.75761e+06
-363957
-2.49746
0.00732389
0.00764547
0.00126143
0
0
0
1685647505.68809
msg_begin
7.75761e+06
-363957
-2.49826
0.0264911
0.0274136
0.00107181
0
0
0
1685647505.73809
msg_begin
7.75761e+06
-363957
-2.49831
0.00135302
0.0028497
0.000147043
0
0
0
1685647505.78827
msg_begin
7.75761e+06
-363957
-2.49812
7.82311e-08
8.14907e-10
1.33227e-15
0
0
0
1685647505.83825
msg_begin
7.75761e+06
-363958
-2.49599
0.00672218
0.00452281
0.00058943
0
0
0
1685647505.88819
msg_begin
7.75761e+06
-363958
-2.49607
0.00696773
0.00247571
0.00114257
0
0
0
1685647505.93819
msg_begin
7.75761e+06
-363958
-2.49694
0.00541158
0.00653061
0.000686036
0
0
0
1685647505.98822
msg_begin
7.75761e+06
-363958
-2.49606
0.00871498
0.00271801
0.00142348
0
0
0
1685647506.03821
msg_begin
7.75761e+06
-363958
-2.49465
0.00653309
0.00496522
0.000318511
0
0
0
1685647506.08815
msg_begin
7.75761e+06
-363958
-2.49483
0.0142271
0.00801857
0.000642273
0
0
0
1685647506.13816
msg_begin
7.75761e+06
-363958
-2.49591
0.00616668
0.0041607
0.000471803
0
0
0
1685647506.18818
msg_begin
7.75761e+06
-363958
-2.4952
0.00750059
0.0035751
0.000800306
0
0
0
1685647506.23810
msg_begin
7.75761e+06
-363958
-2.4944
0.00297212
0.00758966
0.000405631
0
0
0
1685647506.28806
msg_begin
7.75761e+06
-363959
-2.49462
0.00733666
0.0021961
0.000570406
0
0
0
1685647506.33806
msg_begin
7.75761e+06
-363959
-2.49479
0.00494768
0.0038529
0.000446271
0
0
0
1685647506.38801
msg_begin
7.75761e+06
-363959
-2.49507
0.000865732
0.00146082
0.000114946
0
0
0
1685647506.43805
msg_begin
7.75761e+06
-363959
-2.49337
3.53903e-08
1.57161e-09
1.33227e-15
0
0
0
1685647506.48793
msg_begin
7.75761e+06
-363959
-2.49267
0.0114134
0.00514739
0.000693116
0
0
0
1685647506.53790
msg_begin
7.7576e+06
-363959
-2.49313
0.00920085
0.00620746
0.00080454
0
0
0
1685647506.58796
msg_begin
7.7576e+06
-363959
-2.49184
0.00286256
0.00665621
0.000343028
0
0
0
1685647506.63792
msg_begin
7.7576e+06
-363959
-2.49197
0.00790021
0.0105763
0.00208342
0
0
0
1685647506.68793
msg_begin
7.7576e+06
-363959
-2.49189
0.0146213
0.0158547
0.00311602
0
0
0
1685647506.73793
msg_begin
7.7576e+06
-363959
-2.48442
2.6077e-08
0
2.22045e-15
0
0
0
1685647506.78795
msg_begin
7.7576e+06
-363960
-2.48457
0.00606745
0.00800184
0.000317634
0
0
0
1685647506.83795
msg_begin
7.7576e+06
-363960
-2.48567
0.00432893
0.00221894
0.000376367
0
0
0
1685647506.88800
msg_begin
7.7576e+06
-363960
-2.487
5.96046e-08
3.25963e-09
0
0
0
0
1685647506.93800
msg_begin
7.7576e+06
-363960
-2.48742
0.00410534
0.00688006
0.000259118
0
0
0
1685647506.98800
msg_begin
7.7576e+06
-363960
-2.48707
0.0128541
0.0116065
0.00119324
0
0
0
1685647507.03813
msg_begin
7.7576e+06
-363960
-2.48755
0.00935014
0.0084755
0.000329151
0
0
0
1685647507.08799
msg_begin
7.7576e+06
-363960
-2.48718
0.00355783
0.00611483
0.000967464
0
0
0
1685647507.13867
msg_begin
7.7576e+06
-363960
-2.489
0.00408085
0.0038954
0.000505548
0
0
0
1685647507.18803
msg_begin
7.7576e+06
-363960
-2.48821
0.0094954
0.00634005
0.00178985
0
0
0
1685647507.23799
msg_begin
7.7576e+06
-363961
-2.49016
0.00636691
0.00793786
0.0012434
0
0
0
1685647507.28799
msg_begin
7.7576e+06
-363961
-2.48704
0.00146536
0.00166774
0.000275361
0
0
0
1685647507.33795
msg_begin
7.7576e+06
-363961
-2.4865
0.0185183
0.00436847
0.00104884
0
0
0
1685647507.38795
msg_begin
7.7576e+06
-363961
-2.48817
0.00736507
0.00584245
0.00115702
0
0
0
1685647507.43800
msg_begin
7.7576e+06
-363961
-2.48484
0.00210422
0.00249901
0.000464972
0
0
0
1685647507.48801
msg_begin
7.7576e+06
-363961
-2.48516
0.000882161
0.000839741
0.000297084
0
0
0
1685647507.58811
msg_begin
7.7576e+06
-363961
-2.48715
0.00404611
0.00616624
0.000399837
0
0
0
1685647507.63804
msg_begin
7.7576e+06
-363961
-2.48726
0.00295154
0.000483576
0.000291049
0
0
0
1685647507.68798
msg_begin
7.7576e+06
-363961
-2.48755
0.00150083
0.00491199
0.000192682
0
0
0
1685647507.73801
msg_begin
7.7576e+06
-363962
-2.48728
0
1.22236e-09
4.44089e-16
0
0
0
1685647507.78801
msg_begin
7.7576e+06
-363962
-2.48362
0.010166
0.00589553
0.000370197
0
0
0
1685647507.83801
msg_begin
7.7576e+06
-363962
-2.48222
0.0127273
0.00267119
0.000491174
0
0
0
1685647507.88806
msg_begin
7.7576e+06
-363962
-2.4804
0.00246583
0.0035431
0.000437587
0
0
0
1685647507.93807
msg_begin
7.7576e+06
-363962
-2.47957
0.00282153
0.00402199
0.000593093
0
0
0
1685647507.98805
msg_begin
7.7576e+06
-363962
-2.47808
0.0029419
0.00379162
0.00016844
0
0
0
1685647508.03808
msg_begin
7.7576e+06
-363962
-2.47878
0.0155341
0.0131089
0.00140176
0
0
0
1685647508.08808
msg_begin
7.7576e+06
-363962
-2.47925
0.016402
0.00849823
0.00174162
0
0
0
1685647508.13841
msg_begin
7.7576e+06
-363962
-2.4796
0.00339836
0.00210465
0.000425363
0
0
0
1685647508.18814
msg_begin
7.7576e+06
-363963
-2.48048
0.00848001
0.00500685
0.000275488
0
0
0
1685647508.23818
msg_begin
7.7576e+06
-363963
-2.47916
0.00527685
0.0023417
0.000560613
0
0
0
1685647508.28819
msg_begin
7.7576e+06
-363963
-2.48189
0.00774232
0.00266016
0.000448189
0
0
0
1685647508.33819
msg_begin
7.7576e+06
-363963
-2.48131
0.00302973
0.00316451
0.000351295
0
0
0
1685647508.38821
msg_begin
7.7576e+06
-363963
-2.47859
0.00717009
0.00222759
0.000493064
0
0
0
1685647508.43819
msg_begin
7.7576e+06
-363963
-2.48122
0.0118305
0.00623815
0.000697428
0
0
0
1685647508.48823
msg_begin
7.7576e+06
-363963
-2.48228
0.00698037
0.00265844
0.000401442
0
0
0
1685647508.53818
msg_begin
7.7576e+06
-363963
-2.48292
0.00456449
0.00308041
0.000355549
0
0
0
1685647508.58819
msg_begin
7.7576e+06
-363964
-2.48271
0.00185124
0.00205279
0.00023482
0
0
0
1685647508.63819
msg_begin
7.7576e+06
-363964
-2.48519
0.00368026
0.00549081
0.000986714
0
0
0
1685647508.68812
msg_begin
7.7576e+06
-363964
-2.48408
0.00630353
0.00317203
0.000195219
0
0
0
1685647508.73812
msg_begin
7.7576e+06
-363964
-2.48949
0.0321225
0.00201049
0.000590729
0
0
0
1685647508.78817
msg_begin
7.7576e+06
-363964
-2.4873
0.00150397
0.000514041
0.00013109
0
0
0
1685647508.83802
msg_begin
7.7576e+06
-363964
-2.48658
0.00486156
0.00257677
0.000406454
0
0
0
1685647508.88805
msg_begin
7.7576e+06
-363964
-2.48693
0.00338528
0.00831209
0.00165802
0
0
0
1685647508.93797
msg_begin
7.7576e+06
-363964
-2.48654
0.0214032
0.00605544
0.00218775
0
0
0
1685647508.98791
msg_begin
7.7576e+06
-363965
-2.48707
0.00154412
0.00184182
5.66731e-05
0
0
0
1685647509.03791
msg_begin
7.7576e+06
-363965
-2.48687
0.00592197
0.00554515
0.000543133
0
0
0
1685647509.08783
msg_begin
7.7576e+06
-363965
-2.48591
0.00553891
0.0112614
0.000709644
0
0
0
1685647509.13837
msg_begin
7.7576e+06
-363965
-2.48342
0.0156623
0.00918552
0.00174483
0
0
0
1685647509.18771
msg_begin
7.7576e+06
-363965
-2.48326
0.00203577
0.00384213
0.000411303
0
0
0
1685647509.23770
msg_begin
7.7576e+06
-363965
-2.48406
0.00315222
0.00894998
0.00072201
0
0
0
1685647509.28766
msg_begin
7.7576e+06
-363965
-2.48308
0.00153061
0.00189785
0.000245756
0
0
0
1685647509.33769
msg_begin
7.7576e+06
-363966
-2.4838
0.00958168
0.00162263
0.000662667
0
0
0
1685647509.38770
msg_begin
7.7576e+06
-363966
-2.48579
0.00487924
0.00834467
0.000225406
0
0
0
1685647509.43769
msg_begin
7.7576e+06
-363966
-2.48682
0.00560393
0.00277862
0.000652041
0
0
0
1685647509.48768
msg_begin
7.7576e+06
-363966
-2.48403
0.0121766
0.00259459
0.00195986
0
0
0
1685647509.53770
msg_begin
7.7576e+06
-363966
-2.48587
0.00330227
0.00484679
0.000561156
0
0
0
1685647509.58780
msg_begin
7.7576e+06
-363966
-2.48495
0.0172978
0.00438956
0.00063978
0
0
0
1685647509.63767
msg_begin
7.7576e+06
-363966
-2.48716
0.000820734
0.000367651
8.07196e-05
0
0
0
1685647509.68766
msg_begin
7.7576e+06
-363967
-2.49036
0.00186235
0.00536876
0.000407009
0
0
0
1685647509.73763
msg_begin
7.7576e+06
-363967
-2.48723
0.00365396
0.00355864
0.000791455
0
0
0
1685647509.78766
msg_begin
7.7576e+06
-363967
-2.48657
0.00707272
0.00211889
0.000410022
0
0
0
1685647509.83761
msg_begin
7.7576e+06
-363967
-2.48497
0.00181578
0.00057994
0.000242136
0
0
0
1685647509.88768
msg_begin
7.7576e+06
-363967
-2.48429
0.00422261
0.00713168
0.00106221
0
0
0
1685647509.93774
msg_begin
7.75759e+06
-363967
-2.48751
0.0132387
0.0128158
0.000718887
0
0
0
1685647509.98774
msg_begin
7.75759e+06
-363967
-2.48706
0.0135847
0.00219315
0.000267384
0
0
0
1685647510.03778
msg_begin
7.75759e+06
-363968
-2.48741
0.0067362
0.00778188
0.000625865
0
0
0
1685647510.08777
msg_begin
7.75759e+06
-363968
-2.48679
0.0161555
0.00334703
0.000920989
0
0
0
1685647510.13816
msg_begin
7.75759e+06
-363968
-2.48857
0.000252593
0.00129323
0.000107444
0
0
0
1685647510.18782
msg_begin
7.75759e+06
-363968
-2.4904
0.00994686
0.00640942
0.00166806
0
0
0
1685647510.23782
msg_begin
7.75759e+06
-363968
-2.49204
0.00531368
0.000568462
0.000407015
0
0
0
1685647510.28782
msg_begin
7.75759e+06
-363968
-2.48938
0.00788286
0.00618748
0.00160841
0
0
0
1685647510.33780
msg_begin
7.75759e+06
-363969
-2.49087
0.00603174
0.00772246
0.00126833
0
0
0
1685647510.38783
msg_begin
7.75759e+06
-363969
-2.49307
0.011131
0.00627948
0.0013663
0
0
0
1685647510.43779
msg_begin
7.75759e+06
-363969
-2.4959
0.000348724
0.000380174
6.7557e-05
0
0
0
1685647510.48780
msg_begin
7.75759e+06
-363969
-2.49567
0.00524021
0.000168266
0.000184598
0
0
0
1685647510.53780
msg_begin
7.75759e+06
-363969
-2.49784
0.0128763
0.014473
0.00105504
0
0
0
1685647510.58780
msg_begin
7.75759e+06
-363969
-2.4992
0.00324554
0.00307279
0.000715998
0
0
0
1685647510.63777
msg_begin
7.75759e+06
-363969
-2.49988
0.00302466
0.00311892
0.000288786
0
0
0
1685647510.68778
msg_begin
7.75759e+06
-363970
-2.49872
0.0382478
0.0199209
0.000483355
0
0
0
1685647510.73776
msg_begin
7.75759e+06
-363970
-2.49893
5.96046e-08
9.8953e-10
1.77636e-15
0
0
0
1685647510.78776
msg_begin
7.75759e+06
-363970
-2.49891
0.00166041
0.00209799
8.678e-05
0
0
0
1685647510.83781
msg_begin
7.75759e+06
-363970
-2.49951
6.33299e-08
1.10595e-09
6.21725e-15
0
0
0
1685647510.88780
msg_begin
7.75759e+06
-363970
-2.49705
0.00112696
0.00134026
0.000141275
0
0
0
1685647510.93781
msg_begin
7.75759e+06
-363970
-2.49809
0.00569724
0.00192318
0.000171828
0
0
0
1685647510.98784
msg_begin
7.75759e+06
-363971
-2.49707
0.0164802
0.0182041
0.000666125
0
0
0
1685647511.03784
msg_begin
7.75759e+06
-363971
-2.49741
0.0497063
0.032693
0.000925288
0
0
0
1685647511.08784
msg_begin
7.75759e+06
-363971
-2.49853
0.00427597
0.00392927
8.57673e-05
0
0
0
1685647511.13864
msg_begin
7.75759e+06
-363971
-2.49775
0.00552395
0.00935146
0.000842418
0
0
0
1685647511.18782
msg_begin
7.75759e+06
-363971
-2.49887
0.0128249
0.00196339
0.000300489
0
0
0
1685647511.23781
msg_begin
7.75759e+06
-363971
-2.49785
0.0107036
0.00768716
0.000665283
0
0
0
1685647511.28781
msg_begin
7.75759e+06
-363972
-2.50105
0.0147538
0.00636663
0.00084787
0
0
0
1685647511.33776
msg_begin
7.75759e+06
-363972
-2.50513
0.00583024
0.0118735
0.00104833
0
0
0
1685647511.38775
msg_begin
7.75759e+06
-363972
-2.50334
0.000976998
0.00293058
0.000223843
0
0
0
1685647511.43777
msg_begin
7.75759e+06
-363972
-2.50105
7.91624e-08
1.80444e-09
4.44089e-15
0
0
0
1685647511.48770
msg_begin
7.75759e+06
-363972
-2.49948
1.95578e-08
3.25963e-09
3.10862e-15
0
0
0
1685647511.53773
msg_begin
7.75759e+06
-363972
-2.49674
4.93601e-08
5.23869e-10
4.44089e-16
0
0
0
1685647511.58771
msg_begin
7.75759e+06
-363973
-2.50221
5.30854e-08
2.56114e-09
8.88178e-16
0
0
0
1685647511.63771
msg_begin
7.75759e+06
-363973
-2.49958
1.86265e-09
5.82077e-10
2.66454e-15
0
0
0
1685647511.68768
msg_begin
7.75759e+06
-363973
-2.50278
0.001159
0.00156652
0.000103653
0
0
0
1685647511.73763
msg_begin
7.75759e+06
-363973
-2.50493
0.0119909
0.00445158
0.000516158
0
0
0
1685647511.78763
msg_begin
7.75759e+06
-363973
-2.50769
0.00929577
0.00580512
0.00132366
0
0
0
1685647511.83758
msg_begin
7.75759e+06
-363974
-2.50857
0.0127716
0.0124405
0.00103204
0
0
0
1685647511.88757
msg_begin
7.75759e+06
-363974
-2.51037
0.0166662
0.0175984
0.00216864
0
0
0
1685647511.93748
msg_begin
7.75759e+06
-363974
-2.50894
0.0107205
0.0186356
0.00235289
0
0
0
1685647511.98749
msg_begin
7.75759e+06
-363974
-2.50891
0.00339297
4.64088e-05
0.000134395
0
0
0
1685647512.03749
msg_begin
7.75759e+06
-363974
-2.51025
0.0041582
0.00480455
0.00046605
0
0
0
1685647512.08747
msg_begin
7.75759e+06
-363975
-2.51161
0.0325857
0.0171282
0.00158855
0
0
0
1685647512.13825
msg_begin
7.75759e+06
-363975
-2.51428
0.0135056
0.00802986
0.00136386
0
0
0
1685647512.18751
msg_begin
7.75758e+06
-363975
-2.51279
0.0109581
0.00490318
0.000468995
0
0
0
1685647512.23760
msg_begin
7.75758e+06
-363975
-2.50976
0.0347386
0.0183034
0.00223795
0
0
0
1685647512.28766
msg_begin
7.75758e+06
-363975
-2.5165
0.000747986
0.000800267
5.94514e-05
0
0
0
1685647512.33773
msg_begin
7.75758e+06
-363976
-2.5184
0.00746329
0.00837334
0.000542478
0
0
0
1685647512.38776
msg_begin
7.75758e+06
-363976
-2.51659
0.0168509
0.00822048
0.000318148
0
0
0
1685647512.43782
msg_begin
7.75758e+06
-363976
-2.51826
0.0331584
0.0236222
0.000461235
0
0
0
1685647512.48785
msg_begin
7.75758e+06
-363976
-2.51906
0.00584725
0.00527517
2.541e-05
0
0
0
1685647512.53791
msg_begin
7.75758e+06
-363976
-2.5197
0.0225752
0.0218744
0.00138813
0
0
0
1685647512.58788
msg_begin
7.75758e+06
-363977
-2.51877
0.012332
0.00669005
0.00249595
0
0
0
1685647512.63793
msg_begin
7.75758e+06
-363977
-2.51865
0.00707396
0.0145727
0.000606821
0
0
0
1685647512.68795
msg_begin
7.75758e+06
-363977
-2.51892
0.00185704
0.00730213
0.000714829
0
0
0
1685647512.73797
msg_begin
7.75758e+06
-363977
-2.51866
0.0037509
0.00479358
0.000447871
0
0
0
1685647512.78807
msg_begin
7.75758e+06
-363977
-2.51791
0.0185591
0.00577678
0.000301148
0
0
0
1685647512.83799
msg_begin
7.75758e+06
-363978
-2.52033
0.0228218
0.00805673
0.000372154
0
0
0
1685647512.88803
msg_begin
7.75758e+06
-363978
-2.51799
0.012212
0.00276159
0.000581773
0
0
0
1685647512.93805
msg_begin
7.75758e+06
-363978
-2.51751
0.0373006
0.0378407
0.00130004
0
0
0
1685647512.98801
msg_begin
7.75758e+06
-363978
-2.51367
0.00220646
0.00334918
0.000139239
0
0
0
1685647513.03804
msg_begin
7.75758e+06
-363978
-2.51829
0.000532211
0.00138894
5.35505e-05
0
0
0
1685647513.08805
msg_begin
7.75758e+06
-363979
-2.51899
0.00233483
0.00251415
0.000452709
0
0
0
1685647513.13918
msg_begin
7.75758e+06
-363979
-2.52026
0.00181852
0.00665436
0.000487284
0
0
0
1685647513.18811
msg_begin
7.75758e+06
-363979
-2.51863
0.00525107
0.00724941
0.000463992
0
0
0
1685647513.23809
msg_begin
7.75758e+06
-363979
-2.51992
0.000341627
0.00144315
4.09953e-05
0
0
0
1685647513.28810
msg_begin
7.75758e+06
-363979
-2.51961
0.0300549
0.022121
0.00106907
0
0
0
1685647513.33805
msg_begin
7.75758e+06
-363980
-2.51975
0.00880813
0.0111513
0.00138126
0
0
0
1685647513.38817
msg_begin
7.75758e+06
-363980
-2.51821
0.00397103
0.0101323
0.000679835
0
0
0
1685647513.43805
msg_begin
7.75758e+06
-363980
-2.51642
0.00624363
0.00563501
0.000400864
0
0
0
1685647513.48811
msg_begin
7.75758e+06
-363980
-2.52117
4.46392e-05
0.000277362
3.25454e-05
0
0
0
1685647513.53804
msg_begin
7.75758e+06
-363981
-2.52014
0.00430917
0.00514334
0.000286941
0
0
0
1685647513.58809
msg_begin
7.75758e+06
-363981
-2.52023
0.00174982
0.00304638
0.000233532
0
0
0
1685647513.63812
msg_begin
7.75758e+06
-363981
-2.52064
0.00163454
0.00226634
0.000192143
0
0
0
1685647513.68820
msg_begin
7.75758e+06
-363981
-2.51853
0.00315982
0.00213358
0.000604276
0
0
0
1685647513.73823
msg_begin
7.75758e+06
-363981
-2.52235
0.010907
0.00869219
0.000376224
0
0
0
1685647513.78835
msg_begin
7.75758e+06
-363982
-2.52307
0.00259329
0.000524374
0.000150116
0
0
0
1685647513.83835
msg_begin
7.75758e+06
-363982
-2.52263
0.00238827
0.00111056
0.0001566
0
0
0
1685647513.88843
msg_begin
7.75758e+06
-363982
-2.52022
0.00525623
0.00324825
0.00036023
0
0
0
1685647513.93842
msg_begin
7.75758e+06
-363982
-2.51931
0.00791905
0.00583347
0.000333624
0
0
0
1685647513.98845
msg_begin
7.75758e+06
-363983
-2.5204
0.00328188
0.00211381
0.000495606
0
0
0
1685647514.03843
msg_begin
7.75757e+06
-363983
-2.52453
0.014557
0.00487775
0.000767226
0
0
0
1685647514.08840
msg_begin
7.75757e+06
-363983
-2.52429
0.00837294
0.00337374
5.36655e-05
0
0
0
1685647514.13861
msg_begin
7.75757e+06
-363983
-2.52475
0.00443881
0.00132235
0.000378185
0
0
0
1685647514.18849
msg_begin
7.75757e+06
-363983
-2.5251
0.0103013
0.0117276
0.00142928
0
0
0
1685647514.23840
msg_begin
7.75757e+06
-363984
-2.5249
0.00277632
0.00549147
0.000547615
0
0
0
1685647514.28834
msg_begin
7.75757e+06
-363984
-2.52692
0.00741663
0.00358238
0.000439584
0
0
0
1685647514.33831
msg_begin
7.75757e+06
-363984
-2.52177
0.00214956
0.00931323
0.000141473
0
0
0
1685647514.38832
msg_begin
7.75757e+06
-363984
-2.52282
0.00303352
0.00491151
0.00087
0
0
0
1685647514.43829
msg_begin
7.75757e+06
-363984
-2.52555
0.00560849
0.0145089
0.000488158
0
0
0
1685647514.48823
msg_begin
7.75757e+06
-363985
-2.52503
0.001227
0.000959904
0.00027781
0
0
0
1685647514.53825
msg_begin
7.75757e+06
-363985
-2.52702
0.000431596
0.00612244
0.00022325
0
0
0
1685647514.58825
msg_begin
7.75757e+06
-363985
-2.5285
0.00866195
0.0107654
0.000616283
0
0
0
1685647514.63827
msg_begin
7.75757e+06
-363985
-2.52925
0.0117889
0.0177339
0.000786684
0
0
0
1685647514.68824
msg_begin
7.75757e+06
-363986
-2.5262
0.00322957
0.000963321
0.000155519
0
0
0
1685647514.73819
msg_begin
7.75757e+06
-363986
-2.52555
0.0253486
0.0137226
0.00166646
0
0
0
1685647514.78818
msg_begin
7.75757e+06
-363986
-2.52381
0.00906102
0.00909795
0.000255648
0
0
0
1685647514.83824
msg_begin
7.75757e+06
-363986
-2.52727
0.00747362
0.000842191
0.000328673
0
0
0
1685647514.88822
msg_begin
7.75757e+06
-363987
-2.52864
0.00805315
0.00356474
0.000619433
0
0
0
1685647514.93829
msg_begin
7.75757e+06
-363987
-2.52757
0.00494089
0.00325361
0.000236695
0
0
0
1685647514.98827
msg_begin
7.75757e+06
-363987
-2.52833
0.00745975
0.0121179
0.000967093
0
0
0
1685647515.03829
msg_begin
7.75757e+06
-363987
-2.52944
0.00128017
0.00167463
0.000154113
0
0
0
1685647515.08828
msg_begin
7.75757e+06
-363988
-2.52744
0.0012024
0.00100332
0.000107399
0
0
0
1685647515.13840
msg_begin
7.75757e+06
-363988
-2.52728
0.00202885
0.00316342
0.00015866
0
0
0
1685647515.18832
msg_begin
7.75757e+06
-363988
-2.52604
1.67638e-08
2.91038e-09
1.77636e-15
0
0
0
1685647515.23833
msg_begin
7.75757e+06
-363988
-2.53071
0.0133581
0.00745204
0.00146296
0
0
0
1685647515.28828
msg_begin
7.75757e+06
-363988
-2.53025
0.000736538
0.000668233
0.00010858
0
0
0
1685647515.33830
msg_begin
7.75757e+06
-363989
-2.53121
0.00114425
0.00246589
2.94951e-05
0
0
0
1685647515.38826
msg_begin
7.75757e+06
-363989
-2.53398
0.0203687
0.0194087
0.00095554
0
0
0
1685647515.43832
msg_begin
7.75757e+06
-363989
-2.53271
0.00959735
0.0155219
0.000803293
0
0
0
1685647515.48829
msg_begin
7.75757e+06
-363989
-2.53562
0.00528128
0.00258745
0.00026609
0
0
0
1685647515.53829
msg_begin
7.75757e+06
-363990
-2.53549
0.0124525
0.00290586
0.00036896
0
0
0
1685647515.58834
msg_begin
7.75757e+06
-363990
-2.53584
0.000571152
9.68406e-05
9.08582e-05
0
0
0
1685647515.63829
msg_begin
7.75756e+06
-363990
-2.53683
0.0121863
0.00608455
0.000468373
0
0
0
1685647515.68828
msg_begin
7.75756e+06
-363990
-2.53875
0.029056
0.0046093
0.00186299
0
0
0
1685647515.73823
msg_begin
7.75756e+06
-363991
-2.54203
0.0105779
0.00730466
0.000530385
0
0
0
1685647515.78823
msg_begin
7.75756e+06
-363991
-2.54177
0.00273411
0.00340803
0.000274938
0
0
0
1685647515.83823
msg_begin
7.75756e+06
-363991
-2.54139
0.00890499
0.00601549
0.000187455
0
0
0
1685647515.88822
msg_begin
7.75756e+06
-363991
-2.54236
0.00244881
0.00378976
0.000142538
0
0
0
1685647515.93829
msg_begin
7.75756e+06
-363992
-2.5443
0.011737
0.00943332
0.00228137
0
0
0
1685647515.98829
msg_begin
7.75756e+06
-363992
-2.54649
0.00701371
0.00834076
0.000402297
0
0
0
1685647516.03831
msg_begin
7.75756e+06
-363992
-2.54648
0.00394967
0.00166727
8.88306e-05
0
0
0
1685647516.08832
msg_begin
7.75756e+06
-363992
-2.54914
0.00474911
0.00465252
0.000907228
0
0
0
1685647516.13873
msg_begin
7.75756e+06
-363992
-2.55143
0.013014
0.011
0.00150295
0
0
0
1685647516.18830
msg_begin
7.75756e+06
-363993
-2.55111
0.00731334
0.0139784
0.000717047
0
0
0
1685647516.23828
msg_begin
7.75756e+06
-363993
-2.55108
0.00572538
0.0188436
0.000411695
0
0
0
1685647516.28830
msg_begin
7.75756e+06
-363993
-2.55342
0.0228008
0.0205049
0.000561943
0
0
0
1685647516.33829
msg_begin
7.75756e+06
-363993
-2.5583
0.0105534
0.0120934
0.000488397
0
0
0
1685647516.38828
msg_begin
7.75756e+06
-363994
-2.5611
0.00834183
0.0142192
0.000737847
0
0
0
1685647516.43826
msg_begin
7.75756e+06
-363994
-2.56057
0.00453002
0.00751689
0.00207728
0
0
0
1685647516.48832
msg_begin
7.75756e+06
-363994
-2.56388
0.00111838
0.00171598
0.000166027
0
0
0
1685647516.53830
msg_begin
7.75756e+06
-363994
-2.56593
0.00399827
0.00275347
0.00064259
0
0
0
1685647516.58826
msg_begin
7.75756e+06
-363995
-2.56713
0.00128127
0.000493965
7.97832e-05
0
0
0
1685647516.63830
msg_begin
7.75756e+06
-363995
-2.56823
0.0160832
0.00900664
0.000759427
0
0
0
1685647516.68824
msg_begin
7.75756e+06
-363995
-2.57236
0.00319059
0.00125277
0.000230882
0
0
0
1685647516.73819
msg_begin
7.75756e+06
-363995
-2.57507
0.00716868
0.00906226
0.000559114
0
0
0
1685647516.78819
msg_begin
7.75756e+06
-363996
-2.57472
0.00245212
0.00278132
0.000139539
0
0
0
1685647516.83814
msg_begin
7.75756e+06
-363996
-2.57572
0.00481666
0.00221642
0.000203126
0
0
0
1685647516.88812
msg_begin
7.75756e+06
-363996
-2.57751
0.00183518
0.00255751
0.000645756
0
0
0
1685647516.93808
msg_begin
7.75756e+06
-363996
-2.57768
0.0199702
0.0196154
0.00142804
0
0
0
1685647516.98868
msg_begin
7.75756e+06
-363996
-2.57866
0.0236985
0.0201649
0.00081926
0
0
0
1685647517.03812
msg_begin
7.75756e+06
-363997
-2.58211
0.0115024
0.0108112
0.000695363
0
0
0
1685647517.08807
msg_begin
7.75755e+06
-363997
-2.58321
0.00412605
0.0065779
0.000334218
0
0
0
1685647517.13881
msg_begin
7.75755e+06
-363997
-2.58817
0.00219017
0.00558653
0.000296362
0
0
0
1685647517.18813
msg_begin
7.75755e+06
-363997
-2.59074
0.00918604
0.00394303
0.000555155
0
0
0
1685647517.23814
msg_begin
7.75755e+06
-363998
-2.59458
0.0154511
0.0113078
0.00067739
0
0
0
1685647517.28810
msg_begin
7.75755e+06
-363998
-2.5951
9.31323e-09
3.66708e-09
3.55271e-15
0
0
0
1685647517.33810
msg_begin
7.75755e+06
-363998
-2.59658
0.017674
0.0102416
0.000688957
0
0
0
1685647517.38810
msg_begin
7.75755e+06
-363998
-2.59905
0.00418099
0.00343312
0.000297053
0
0
0
1685647517.43818
msg_begin
7.75755e+06
-363999
-2.60106
0.0154613
0.00616197
0.000492824
0
0
0
1685647517.48815
msg_begin
7.75755e+06
-363999
-2.60358
0.00987788
0.00574067
0.000533078
0
0
0
1685647517.53812
msg_begin
7.75755e+06
-363999
-2.60361
0.0236492
0.015303
0.000923604
0
0
0
1685647517.58816
msg_begin
7.75755e+06
-363999
-2.60308
2.51457e-08
2.91038e-10
3.55271e-15
0
0
0
1685647517.63812
msg_begin
7.75755e+06
-363999
-2.6085
0.00136819
0.000605405
0.000511084
0
0
0
1685647517.68815
msg_begin
7.75755e+06
-364000
-2.61081
0.0120549
0.0149315
0.000638684
0
0
0
1685647517.73815
msg_begin
7.75755e+06
-364000
-2.61248
0.0165368
0.00883404
0.00144372
0
0
0
1685647517.78816
msg_begin
7.75755e+06
-364000
-2.61084
0.00341597
0.00157107
0.000108066
0
0
0
1685647517.83816
msg_begin
7.75755e+06
-364000
-2.61274
0.0345448
0.0138449
0.000910688
0
0
0
1685647517.88816
msg_begin
7.75755e+06
-364000
-2.61293
0.0850247
0.0310398
0.0021225
0
0
0
1685647517.93816
msg_begin
7.75755e+06
-364001
-2.61662
0.0286147
0.0130952
0.00165983
0
0
0
1685647517.98815
msg_begin
7.75755e+06
-364001
-2.61922
0.0115737
0.00401341
0.000401286
0
0
0
1685647518.03815
msg_begin
7.75755e+06
-364001
-2.61921
0.00564269
0.00242331
0.00103162
0
0
0
1685647518.08816
msg_begin
7.75755e+06
-364001
-2.62193
0.00530046
0.00134697
0.000966373
0
0
0
1685647518.13809
msg_begin
7.75755e+06
-364002
-2.62337
0.00546599
0.00815293
0.000277998
0
0
0
1685647518.18810
msg_begin
7.75755e+06
-364002
-2.62494
0.00215067
0.00465881
0.000389585
0
0
0
1685647518.23808
msg_begin
7.75755e+06
-364002
-2.62414
0.0219469
0.00739594
0.00118097
0
0
0
1685647518.28806
msg_begin
7.75755e+06
-364002
-2.62353
1.58325e-08
3.08501e-09
2.22045e-15
0
0
0
1685647518.38806
msg_begin
7.75755e+06
-364003
-2.62418
0.0188491
0.0169663
8.81895e-05
0
0
0
1685647518.43811
msg_begin
7.75755e+06
-364003
-2.62559
0.0134891
0.00691058
0.000582182
0
0
0
1685647518.48807
msg_begin
7.75755e+06
-364003
-2.62533
0.0338909
0.0107414
0.000891905
0
0
0
1685647518.53840
msg_begin
7.75754e+06
-364003
-2.62536
0.0180943
0.00647859
0.00147174
0
0
0
1685647518.58806
msg_begin
7.75754e+06
-364004
-2.62461
0.00101399
0.000630389
0.00014222
0
0
0
1685647518.63808
msg_begin
7.75754e+06
-364004
-2.62513
8.3819e-09
6.40284e-10
4.44089e-15
0
0
0
1685647518.68811
msg_begin
7.75754e+06
-364004
-2.62618
0.0227944
0.0114018
0.00205294
0
0
0
1685647518.73808
msg_begin
7.75754e+06
-364004
-2.62847
7.54371e-08
1.39698e-09
0
0
0
0
1685647518.78962
msg_begin
7.75754e+06
-364004
-2.63128
0.0321933
0.0227369
0.00087483
0
0
0
1685647518.83806
msg_begin
7.75754e+06
-364004
-2.6328
0.011299
0.00812098
0.000630893
0
0
0
1685647518.88808
msg_begin
7.75754e+06
-364005
-2.63306
0.00642233
0.00511677
0.00114712
0
0
0
1685647518.93801
msg_begin
7.75754e+06
-364005
-2.63485
0.00525523
0.00278727
0.000183378
0
0
0
1685647518.98804
msg_begin
7.75754e+06
-364005
-2.63306
0.0238461
0.00892309
0.000921299
0
0
0
1685647519.03805
msg_begin
7.75754e+06
-364005
-2.63621
0.0654167
0.0267711
0.00075968
0
0
0
1685647519.08797
msg_begin
7.75754e+06
-364006
-2.63672
0.00853892
0.00361224
0.0007808
0
0
0
1685647519.13943
msg_begin
7.75754e+06
-364006
-2.63834
0.0136746
0.00912988
0.00156049
0
0
0
1685647519.18786
msg_begin
7.75754e+06
-364006
-2.63696
8.6613e-08
9.8953e-10
4.44089e-16
0
0
0
1685647519.23789
msg_begin
7.75754e+06
-364006
-2.6356
0.0181795
0.0083438
0.000469261
0
0
0
1685647519.28781
msg_begin
7.75754e+06
-364006
-2.63425
0.00709561
0.00549196
0.000523494
0
0
0
1685647519.33781
msg_begin
7.75754e+06
-364007
-2.63357
0.0185495
0.0102293
0.00190954
0
0
0
1685647519.38776
msg_begin
7.75754e+06
-364007
-2.63656
0.00660435
0.00299624
0.00087225
0
0
0
1685647519.43774
msg_begin
7.75754e+06
-364007
-2.63579
0.00928547
0.00203925
0.000607076
0
0
0
1685647519.48768
msg_begin
7.75754e+06
-364007
-2.63498
0.0121507
0.00570463
0.000308392
0
0
0
1685647519.53770
msg_begin
7.75754e+06
-364007
-2.63163
0.0153795
0.00606647
0.00105129
0
0
0
1685647519.58771
msg_begin
7.75754e+06
-364008
-2.63148
0.000524483
0.000785707
3.4021e-05
0
0
0
1685647519.63768
msg_begin
7.75754e+06
-364008
-2.63308
0.0698327
0.0382699
0.000625446
0
0
0
1685647519.68776
msg_begin
7.75754e+06
-364008
-2.6314
0.0159563
0.00358355
0.000714426
0
0
0
1685647519.78768
msg_begin
7.75754e+06
-364008
-2.63674
0.0157317
0.00349858
0.000135175
0
0
0
1685647519.83767
msg_begin
7.75754e+06
-364009
-2.63565
0.000506489
0.000970239
6.69812e-05
0
0
0
1685647519.88765
msg_begin
7.75754e+06
-364009
-2.63417
0.00682679
0.00601894
0.000564928
0
0
0
1685647519.93765
msg_begin
7.75754e+06
-364009
-2.63299
0.0118859
0.0146358
0.00247081
0
0
0
1685647519.98763
msg_begin
7.75753e+06
-364009
-2.63407
0.0250057
0.0148432
0.00174965
0
0
0
1685647520.03765
msg_begin
7.75753e+06
-364009
-2.63308
0.0449159
0.0349699
0.00241459
0
0
0
1685647520.08761
msg_begin
7.75753e+06
-364010
-2.63439
0.00681017
0.00189775
0.000516632
0
0
0
1685647520.13792
msg_begin
7.75753e+06
-364010
-2.63415
0.021695
0.00942683
0.00111804
0
0
0
1685647520.18896
msg_begin
7.75753e+06
-364010
-2.63546
0.0065297
0.0028915
0.000214217
0
0
0
1685647520.23753
msg_begin
7.75753e+06
-364010
-2.63616
0.0189311
0.0125469
0.000560969
0
0
0
1685647520.28755
msg_begin
7.75753e+06
-364010
-2.6345
0.0648768
0.0373834
0.00120301
0
0
0
1685647520.33764
msg_begin
7.75753e+06
-364011
-2.63375
0.019192
0.0142211
0.00141482
0
0
0
1685647520.38754
msg_begin
7.75753e+06
-364011
-2.63307
0.0024822
0.00940601
0.000387318
0
0
0
1685647520.43754
msg_begin
7.75753e+06
-364011
-2.63389
0.00320242
0.000748518
6.09641e-05
0
0
0
1685647520.48746
msg_begin
7.75753e+06
-364011
-2.63044
0.00603564
0.00461317
9.87393e-05
0
0
0
1685647520.53747
msg_begin
7.75753e+06
-364011
-2.6296
0.00957331
0.00534695
0.000928773
0
0
0
1685647520.58753
msg_begin
7.75753e+06
-364012
-2.62984
0.0113605
0.00204311
0.000385312
0
0
0
1685647520.63753
msg_begin
7.75753e+06
-364012
-2.62846
0.024752
0.0168491
0.00137386
0
0
0
1685647520.68754
msg_begin
7.75753e+06
-364012
-2.62878
0.0219378
0.00812306
0.00049386
0
0
0
1685647520.73769
msg_begin
7.75753e+06
-364012
-2.6298
0.0195262
0.00544338
0.000624976
0
0
0
1685647520.78814
msg_begin
7.75753e+06
-364012
-2.62898
0.00392697
0.00235212
0.00012664
0
0
0
1685647520.83764
msg_begin
7.75753e+06
-364013
-2.62667
0.00190999
0.000274633
0.000104912
0
0
0
1685647520.88762
msg_begin
7.75753e+06
-364013
-2.62575
0.00463196
0.00230641
0.000151591
0
0
0
1685647520.93766
msg_begin
7.75753e+06
-364013
-2.62471
0.00786101
0.00459183
0.000354691
0
0
0
1685647520.98870
msg_begin
7.75753e+06
-364013
-2.62426
0.0161802
0.00703604
0.000574745
0
0
0
1685647521.03770
msg_begin
7.75753e+06
-364013
-2.62492
0.0114561
0.0046828
0.000220987
0
0
0
1685647521.08765
msg_begin
7.75753e+06
-364014
-2.6247
0.00456754
0.00794828
0.000643546
0
0
0
1685647521.13803
msg_begin
7.75753e+06
-364014
-2.62282
0.00105876
0.000688781
8.87447e-05
0
0
0
1685647521.18772
msg_begin
7.75753e+06
-364014
-2.62527
0.00616271
0.00552867
0.000830042
0
0
0
1685647521.23770
msg_begin
7.75753e+06
-364014
-2.61984
4.74975e-08
1.39698e-09
4.44089e-16
0
0
0
1685647521.28776
msg_begin
7.75753e+06
-364014
-2.61493
0.00245976
0.00344726
0.000253818
0
0
0
1685647521.33787
msg_begin
7.75753e+06
-364015
-2.6145
0.0159685
0.00511315
0.00114835
0
0
0
1685647521.38781
msg_begin
7.75753e+06
-364015
-2.6143
0.00284926
0.00261946
0.000526506
0
0
0
1685647521.43785
msg_begin
7.75752e+06
-364015
-2.61454
0.00311741
0.00130516
0.000154532
0
0
0
1685647521.48786
msg_begin
7.75752e+06
-364015
-2.61443
0.0207344
0.00169504
0.00129289
0
0
0
1685647521.53789
msg_begin
7.75752e+06
-364016
-2.61311
1.95578e-08
2.91038e-09
8.88178e-16
0
0
0
1685647521.58797
msg_begin
7.75752e+06
-364016
-2.61445
0.00188908
0.00227099
0.000296892
0
0
0
1685647521.63794
msg_begin
7.75752e+06
-364016
-2.61369
0.0089454
0.00437373
0.000505722
0
0
0
1685647521.68800
msg_begin
7.75752e+06
-364016
-2.60733
0.00619314
0.00354537
0.000112924
0
0
0
1685647521.73798
msg_begin
7.75752e+06
-364016
-2.60622
0.0264039
0.018819
0.0018373
0
0
0
1685647521.78801
msg_begin
7.75752e+06
-364017
-2.60698
0.00931822
0.00622927
0.000308311
0
0
0
1685647521.83800
msg_begin
7.75752e+06
-364017
-2.60552
0.0277227
0.0158923
0.000491329
0
0
0
1685647521.88806
msg_begin
7.75752e+06
-364017
-2.60543
0.000906784
0.00253009
0.000205478
0
0
0
1685647521.93804
msg_begin
7.75752e+06
-364017
-2.60239
0.00609434
0.00519406
0.000551444
0
0
0
1685647521.98805
msg_begin
7.75752e+06
-364017
-2.60057
0.00597034
0.00256655
0.000286823
0
0
0
1685647522.03805
msg_begin
7.75752e+06
-364018
-2.5984
0.00278529
0.0013864
7.78947e-05
0
0
0
1685647522.08800
msg_begin
7.75752e+06
-364018
-2.59887
0.00355812
0.000879891
0.000288463
0
0
0
1685647522.13812
msg_begin
7.75752e+06
-364018
-2.59581
0.00364507
0.00961027
0.000288732
0
0
0
1685647522.18846
msg_begin
7.75752e+06
-364018
-2.59251
0.00452707
0.00254558
0.000125513
0
0
0
1685647522.23812
msg_begin
7.75752e+06
-364018
-2.59081
0.00564738
0.00245834
0.000247653
0
0
0
1685647522.28799
msg_begin
7.75752e+06
-364019
-2.58961
0.00358965
0.00145663
0.000229511
0
0
0
1685647522.33803
msg_begin
7.75752e+06
-364019
-2.58921
0.00829876
0.0139472
0.000933993
0
0
0
1685647522.38867
msg_begin
7.75752e+06
-364019
-2.58792
0.0133877
0.00273463
0.000578604
0
0
0
1685647522.43795
msg_begin
7.75752e+06
-364019
-2.58707
0.000443174
0.00252756
0.000101601
0
0
0
1685647522.48797
msg_begin
7.75752e+06
-364020
-2.58626
0.0107582
0.00615677
0.000676172
0
0
0
1685647522.53796
msg_begin
7.75752e+06
-364020
-2.58434
0.0220851
0.0104425
0.00129065
0
0
0
1685647522.58799
msg_begin
7.75752e+06
-364020
-2.58221
0.0306956
0.0194463
0.000649672
0
0
0
1685647522.63830
msg_begin
7.75752e+06
-364020
-2.5824
0.0120635
0.0110356
0.00110292
0
0
0
1685647522.68798
msg_begin
7.75752e+06
-364020
-2.58362
4.09782e-08
4.07454e-10
0
0
0
0
1685647522.73799
msg_begin
7.75752e+06
-364021
-2.58244
0.00325441
0.00238896
0.000256589
0
0
0
1685647522.78901
msg_begin
7.75752e+06
-364021
-2.58162
7.17118e-08
1.45519e-09
0
0
0
0
1685647522.83861
msg_begin
7.75752e+06
-364021
-2.5781
0.00324403
0.00269881
0.000158957
0
0
0
1685647522.88801
msg_begin
7.75752e+06
-364021
-2.57998
0.0021478
0.000884764
0.000129095
0
0
0
1685647522.93864
msg_begin
7.75751e+06
-364021
-2.57855
0.0194938
0.00279278
0.000776409
0
0
0
1685647522.98802
msg_begin
7.75751e+06
-364022
-2.57561
0.019621
0.00855828
0.00101543
0
0
0
1685647523.03803
msg_begin
7.75751e+06
-364022
-2.57081
0.000969919
0.000833604
7.23466e-05
0
0
0
1685647523.08801
msg_begin
7.75751e+06
-364022
-2.5681
0.0397122
0.0280448
0.00203808
0
0
0
1685647523.13831
msg_begin
7.75751e+06
-364022
-2.5639
1.02445e-08
2.15368e-09
4.44089e-15
0
0
0
1685647523.18803
msg_begin
7.75751e+06
-364023
-2.5629
0.00324189
0.00497533
0.000921726
0
0
0
1685647523.23803
msg_begin
7.75751e+06
-364023
-2.56395
0.00446801
0.00715112
0.00066664
0
0
0
1685647523.28805
msg_begin
7.75751e+06
-364023
-2.55554
1.11759e-08
2.44472e-09
8.88178e-16
0
0
0
1685647523.33803
msg_begin
7.75751e+06
-364023
-2.55395
0.00703611
0.00374837
0.000916371
0
0
0
1685647523.38801
msg_begin
7.75751e+06
-364024
-2.54989
0.00588308
0.00595403
0.000299835
0
0
0
1685647523.43801
msg_begin
7.75751e+06
-364024
-2.54627
0.0202935
0.00828985
0.0015367
0
0
0
1685647523.48800
msg_begin
7.75751e+06
-364024
-2.54623
0.00262016
0.00196677
0.000298821
0
0
0
1685647523.53801
msg_begin
7.75751e+06
-364024
-2.54388
0.00356847
0.00743324
0.000432728
0
0
0
1685647523.58800
msg_begin
7.75751e+06
-364024
-2.54057
0.00898806
0.0052501
0.000231238
0
0
0
1685647523.63799
msg_begin
7.75751e+06
-364025
-2.53933
0.00417542
0.00276552
0.000643015
0
0
0
1685647523.68795
msg_begin
7.75751e+06
-364025
-2.53507
0.0039429
0.00100106
0.000160129
0
0
0
1685647523.73794
msg_begin
7.75751e+06
-364025
-2.52937
0.000613828
0.000217542
6.51777e-05
0
0
0
1685647523.78794
msg_begin
7.75751e+06
-364025
-2.52827
0.0139207
0.0124861
0.00152099
0
0
0
1685647523.83792
msg_begin
7.75751e+06
-364025
-2.52569
0.0114392
0.0107951
0.000307036
0
0
0
1685647523.88794
msg_begin
7.75751e+06
-364026
-2.51795
0.0679222
0.0534721
0.000838082
0
0
0
1685647523.93794
msg_begin
7.75751e+06
-364026
-2.51492
0.00239421
0.00261281
0.00063731
0
0
0
1685647523.98792
msg_begin
7.75751e+06
-364026
-2.51344
0.00160013
0.00116161
0.000217841
0
0
0
1685647524.03797
msg_begin
7.75751e+06
-364027
-2.50814
0.01038
0.00566981
0.000705424
0
0
0
1685647524.08798
msg_begin
7.75751e+06
-364027
-2.50818
0.00256699
0.00251206
0.000130369
0
0
0
1685647524.13828
msg_begin
7.75751e+06
-364027
-2.50473
0.0110603
0.0136631
0.00108795
0
0
0
1685647524.18807
msg_begin
7.75751e+06
-364027
-2.50206
0.021933
0.0194184
0.0010297
0
0
0
1685647524.23799
msg_begin
7.75751e+06
-364028
-2.49644
0.00729234
0.0031169
0.000459444
0
0
0
1685647524.28800
msg_begin
7.75751e+06
-364028
-2.49479
0.0161632
0.0100157
0.00103136
0
0
0
1685647524.33800
msg_begin
7.75751e+06
-364028
-2.49016
0.00592184
0.00122259
0.000144515
0
0
0
1685647524.38905
msg_begin
7.75751e+06
-364028
-2.48824
0.00724611
0.00593199
0.00146653
0
0
0
1685647524.43804
msg_begin
7.75751e+06
-364028
-2.48362
1.02445e-08
2.79397e-09
2.22045e-15
0
0
0
1685647524.48808
msg_begin
7.75751e+06
-364029
-2.48041
0.0153201
0.0148261
0.000919065
0
0
0
1685647524.53813
msg_begin
7.7575e+06
-364029
-2.47827
0.0417002
0.0339257
0.00126988
0
0
0
1685647524.58863
msg_begin
7.7575e+06
-364029
-2.47439
0.00340134
0.00446885
0.000615181
0
0
0
1685647524.63819
msg_begin
7.7575e+06
-364029
-2.47348
0.000303189
0.0025418
0.000257896
0
0
0
1685647524.68823
msg_begin
7.7575e+06
-364030
-2.46981
0.00892189
0.0020554
0.00108807
0
0
0
1685647524.73828
msg_begin
7.7575e+06
-364030
-2.46667
0.0124781
0.00295193
0.00197246
0
0
0
1685647524.78896
msg_begin
7.7575e+06
-364030
-2.46126
0.0189347
0.00838316
0.00111951
0
0
0
1685647524.83854
msg_begin
7.7575e+06
-364031
-2.45826
0.0150499
0.00912498
0.00100519
0
0
0
1685647524.88846
msg_begin
7.7575e+06
-364031
-2.45466
0.0151803
0.0167993
0.00158977
0
0
0
1685647524.93848
msg_begin
7.7575e+06
-364031
-2.45077
0.0078353
0.00807795
0.000926745
0
0
0
1685647524.98882
msg_begin
7.7575e+06
-364031
-2.44857
0.00228008
0.00187592
0.000334333
0
0
0
1685647525.03857
msg_begin
7.7575e+06
-364032
-2.44565
0.0304526
0.0326442
0.00102129
0
0
0
1685647525.08856
msg_begin
7.7575e+06
-364032
-2.44728
0.000235083
0.00118003
0.000115445
0
0
0
1685647525.13924
msg_begin
7.7575e+06
-364032
-2.44209
0.0174026
0.0191187
0.00166757
0
0
0
1685647525.18916
msg_begin
7.7575e+06
-364032
-2.43864
0.000688698
0.003287
0.000122452
0
0
0
1685647525.23863
msg_begin
7.7575e+06
-364033
-2.43839
0.0140618
0.00397148
0.000518822
0
0
0
1685647525.28856
msg_begin
7.7575e+06
-364033
-2.43478
0.0147038
0.00972931
0.00149165
0
0
0
1685647525.33860
msg_begin
7.7575e+06
-364033
-2.43006
0.00549562
0.00869803
0.000576469
0
0
0
1685647525.38854
msg_begin
7.7575e+06
-364033
-2.42835
0.0020626
0.00321079
0.000981559
0
0
0
1685647525.43858
msg_begin
7.7575e+06
-364034
-2.42604
0.000787313
0.00117541
0.000303448
0
0
0
1685647525.48854
msg_begin
7.7575e+06
-364034
-2.42607
0.00619046
0.00273258
0.000526572
0
0
0
1685647525.53854
msg_begin
7.7575e+06
-364034
-2.42184
0.00277969
0.0015849
0.000216003
0
0
0
1685647525.58854
msg_begin
7.7575e+06
-364035
-2.42147
0.00864675
0.00956327
0.00133108
0
0
0
1685647525.63852
msg_begin
7.7575e+06
-364035
-2.42135
0.00462638
0.00746502
0.0011662
0
0
0
1685647525.68847
msg_begin
7.7575e+06
-364035
-2.42248
0.000911022
0.00416337
0.00021764
0
0
0
1685647525.73847
msg_begin
7.7575e+06
-364035
-2.42091
0
5.23869e-10
1.33227e-15
0
0
0
1685647525.78846
msg_begin
7.7575e+06
-364036
-2.41951
8.86689e-05
0.0012678
7.92619e-05
0
0
0
1685647525.83847
msg_begin
7.7575e+06
-364036
-2.41735
0.00304524
0.00176987
0.000335741
0
0
0
1685647525.88849
msg_begin
7.7575e+06
-364036
-2.41847
0.00336514
0.00630929
0.000529405
0
0
0
1685647525.93849
msg_begin
7.7575e+06
-364037
-2.41972
1.11759e-08
6.40284e-10
3.9968e-15
0
0
0
1685647525.98855
msg_begin
7.7575e+06
-364037
-2.41626
0.00341853
0.00966486
0.00162736
0
0
0
1685647526.03854
msg_begin
7.7575e+06
-364037
-2.41369
0.00802118
0.00853003
0.000127229
0
0
0
1685647526.08850
msg_begin
7.7575e+06
-364037
-2.41389
0.0312144
0.0326877
0.000776903
0
0
0
1685647526.13877
msg_begin
7.75749e+06
-364038
-2.41157
1.86265e-09
1.57161e-09
3.10862e-15
0
0
0
1685647526.18935
msg_begin
7.75749e+06
-364038
-2.41206
0.00365981
0.00187252
0.000201388
0
0
0
1685647526.23905
msg_begin
7.75749e+06
-364038
-2.41111
0.0272296
0.0265501
0.00185282
0
0
0
1685647526.28857
msg_begin
7.75749e+06
-364039
-2.41222
0.0186096
0.0293906
0.00135157
0
0
0
1685647526.33855
msg_begin
7.75749e+06
-364039
-2.4096
0.0181097
0.0261606
0.00126177
0
0
0
1685647526.38925
msg_begin
7.75749e+06
-364039
-2.41293
0.0102015
0.013805
6.2623e-05
0
0
0
1685647526.43869
msg_begin
7.75749e+06
-364039
-2.41358
0.00227704
0.00196263
0.000133727
0
0
0
1685647526.48858
msg_begin
7.75749e+06
-364040
-2.4152
1.21713e-05
0.00121293
3.87397e-05
0
0
0
1685647526.53860
msg_begin
7.75749e+06
-364040
-2.4151
0.00978431
0.00449337
0.00055219
0
0
0
1685647526.58893
msg_begin
7.75749e+06
-364040
-2.41525
0.00102747
0.000924986
0.000197742
0
0
0
1685647526.63854
msg_begin
7.75749e+06
-364041
-2.41211
0.0199102
0.0224898
0.000410202
0
0
0
1685647526.68852
msg_begin
7.75749e+06
-364041
-2.41201
0.0063045
0.00542366
0.000570381
0
0
0
1685647526.73853
msg_begin
7.75749e+06
-364041
-2.41039
0.0103392
0.0174663
0.00169963
0
0
0
1685647526.79020
msg_begin
7.75749e+06
-364042
-2.40988
0.00493566
8.29366e-05
1.86834e-05
0
0
0
1685647526.83921
msg_begin
7.75749e+06
-364042
-2.40972
0.00865693
0.00426614
0.000272721
0
0
0
1685647526.88853
msg_begin
7.75749e+06
-364042
-2.40905
0.00158448
0.00357869
0.000116055
0
0
0
1685647526.93851
msg_begin
7.75749e+06
-364042
-2.40842
0.00252299
0.00125205
0.000139384
0
0
0
1685647526.98863
msg_begin
7.75749e+06
-364043
-2.40953
0.000439442
8.10661e-06
9.96312e-05
0
0
0
1685647527.03873
msg_begin
7.75749e+06
-364043
-2.41195
0.00365054
0.00611062
0.000224945
0
0
0
1685647527.08851
msg_begin
7.75749e+06
-364043
-2.41035
0.00114309
0.00132211
0.000174447
0
0
0
1685647527.13874
msg_begin
7.75749e+06
-364043
-2.40913
0.0156726
0.019385
0.000891969
0
0
0
1685647527.18854
msg_begin
7.75749e+06
-364044
-2.40635
1.11759e-08
5.82077e-11
3.10862e-15
0
0
0
1685647527.23854
msg_begin
7.75749e+06
-364044
-2.4096
0.0100919
0.00966802
0.000830357
0
0
0
1685647527.28858
msg_begin
7.75749e+06
-364044
-2.41157
0.0299484
0.025893
0.000185301
0
0
0
1685647527.33848
msg_begin
7.75749e+06
-364045
-2.41199
0.0274332
0.0247588
0.000850497
0
0
0
1685647527.38850
msg_begin
7.75749e+06
-364045
-2.4141
0.00782623
0.00579788
0.00143043
0
0
0
1685647527.43848
msg_begin
7.75749e+06
-364045
-2.4111
5.12227e-08
6.40284e-10
1.33227e-15
0
0
0
1685647527.48841
msg_begin
7.75749e+06
-364046
-2.41241
0.0307231
0.0369981
0.00177752
0
0
0
1685647527.53841
msg_begin
7.75749e+06
-364046
-2.41461
0.00870002
0.00810868
0.00067809
0
0
0
1685647527.58836
msg_begin
7.75749e+06
-364046
-2.41919
0.00247691
0.000573129
0.00016277
0
0
0
1685647527.63835
msg_begin
7.75749e+06
-364047
-2.41877
0.00560592
0.00455793
0.000620297
0
0
0
1685647527.68828
msg_begin
7.75748e+06
-364047
-2.41984
0.0100609
0.0124958
0.000704676
0
0
0
1685647527.73830
msg_begin
7.75748e+06
-364047
-2.42011
0.00422724
0.00249017
0.00027982
0
0
0
1685647527.78822
msg_begin
7.75748e+06
-364047
-2.4249
0.0158293
0.0204492
0.00206962
0
0
0
1685647527.83816
msg_begin
7.75748e+06
-364048
-2.42781
0.00834984
0.00675832
0.000572706
0
0
0
1685647527.88812
msg_begin
7.75748e+06
-364048
-2.42776
0.00686405
0.00422492
0.000610108
0
0
0
1685647527.93808
msg_begin
7.75748e+06
-364048
-2.43052
0.000778284
0.000457673
4.574e-05
0
0
0
1685647527.98802
msg_begin
7.75748e+06
-364049
-2.43516
0.0111075
0.00491928
0.000498336
0
0
0
1685647528.03796
msg_begin
7.75748e+06
-364049
-2.43566
0.0086671
0.0049691
0.00133459
0
0
0
1685647528.08790
msg_begin
7.75748e+06
-364049
-2.43903
0.0355781
0.0341931
0.00133346
0
0
0
1685647528.13802
msg_begin
7.75748e+06
-364049
-2.44393
0.00668479
0.0110891
0.00111422
0
0
0
1685647528.18781
msg_begin
7.75748e+06
-364050
-2.4419
0.00458259
0.00413111
0.000217147
0
0
0
1685647528.23782
msg_begin
7.75748e+06
-364050
-2.44219
0.00420588
0.00573664
0.000929804
0
0
0
1685647528.28776
msg_begin
7.75748e+06
-364050
-2.4437
0.0112196
0.00887784
7.49736e-05
0
0
0
1685647528.33769
msg_begin
7.75748e+06
-364051
-2.44491
0.0310038
0.0205044
0.00101866
0
0
0
1685647528.38791
msg_begin
7.75748e+06
-364051
-2.44273
0.0113848
0.00551853
0.000304694
0
0
0
1685647528.43764
msg_begin
7.75748e+06
-364051
-2.44506
0.00363178
0.00535637
0.000586345
0
0
0
1685647528.48765
msg_begin
7.75748e+06
-364051
-2.45025
0.00285197
0.00522835
0.000406982
0
0
0
1685647528.53772
msg_begin
7.75748e+06
-364052
-2.45362
0.00488573
0.00638512
0.000644952
0
0
0
1685647528.58783
msg_begin
7.75748e+06
-364052
-2.45775
3.1665e-08
4.07454e-10
4.44089e-16
0
0
0
1685647528.63768
msg_begin
7.75748e+06
-364052
-2.45835
2.98023e-08
4.07454e-10
5.32907e-15
0
0
0
1685647528.68772
msg_begin
7.75748e+06
-364052
-2.46381
0.00431023
0.00115843
7.92508e-05
0
0
0
1685647528.73781
msg_begin
7.75748e+06
-364053
-2.46611
0.00119885
0.000803074
0.000217967
0
0
0
1685647528.78766
msg_begin
7.75748e+06
-364053
-2.46833
0.0138026
0.0168684
0.00297897
0
0
0
1685647528.83767
msg_begin
7.75748e+06
-364053
-2.47206
0.000397194
0.000312709
3.13059e-05
0
0
0
1685647528.88765
msg_begin
7.75748e+06
-364053
-2.47468
0.00115864
0.00357559
0.000826183
0
0
0
1685647528.93765
msg_begin
7.75748e+06
-364054
-2.47669
0.0242892
0.0179894
0.000826854
0
0
0
1685647528.98768
msg_begin
7.75748e+06
-364054
-2.47984
0.00683192
0.00356276
0.000366687
0
0
0
1685647529.03769
msg_begin
7.75748e+06
-364054
-2.47842
0.0034941
0.00957131
0.00127622
0
0
0
1685647529.08770
msg_begin
7.75748e+06
-364055
-2.48037
0.00765845
0.00845913
0.000502368
0
0
0
1685647529.13785
msg_begin
7.75748e+06
-364055
-2.4815
0.00010439
0.000243965
1.84995e-05
0
0
0
1685647529.18820
msg_begin
7.75748e+06
-364055
-2.48826
0.00548564
0.00222345
0.000391432
0
0
0
1685647529.23774
msg_begin
7.75747e+06
-364055
-2.48955
0.00405746
0.00213341
0.000178808
0
0
0
1685647529.28769
msg_begin
7.75747e+06
-364056
-2.48961
0.0104931
0.00936475
0.000641468
0
0
0
1685647529.33775
msg_begin
7.75747e+06
-364056
-2.49156
0.00880876
0.00536358
0.00130358
0
0
0
1685647529.38892
msg_begin
7.75747e+06
-364056
-2.49766
0.00347206
0.00216378
0.000310295
0
0
0
1685647529.43771
msg_begin
7.75747e+06
-364057
-2.49657
0.000342765
0.000151899
1.6895e-05
0
0
0
1685647529.48778
msg_begin
7.75747e+06
-364057
-2.49739
0.00166149
0.00783978
0.000215432
0
0
0
1685647529.53782
msg_begin
7.75747e+06
-364057
-2.49712
0.000511248
0.00144751
0.000128382
0
0
0
1685647529.58778
msg_begin
7.75747e+06
-364057
-2.49907
0.00366419
0.00397052
0.000614778
0
0
0
1685647529.63783
msg_begin
7.75747e+06
-364057
-2.49891
0.0116886
0.00887039
0.000423556
0
0
0
1685647529.68787
msg_begin
7.75747e+06
-364058
-2.50548
4.65661e-09
3.55067e-09
4.44089e-16
0
0
0
1685647529.73800
msg_begin
7.75747e+06
-364058
-2.50979
0.00256425
0.00365519
0.000231513
0
0
0
1685647529.78856
msg_begin
7.75747e+06
-364058
-2.51265
0.0148055
0.0111331
0.000597295
0
0
0
1685647529.83791
msg_begin
7.75747e+06
-364059
-2.51441
0.0256549
0.0188805
0.00101499
0
0
0
1685647529.88794
msg_begin
7.75747e+06
-364059
-2.52015
0.00981707
0.00729659
0.000795176
0
0
0
1685647529.93794
msg_begin
7.75747e+06
-364059
-2.52011
0.00791297
0.0108607
0.00133362
0
0
0
1685647529.98795
msg_begin
7.75747e+06
-364059
-2.52117
0.00826232
0.00360762
0.0010664
0
0
0
1685647530.03797
msg_begin
7.75747e+06
-364060
-2.52297
0.016914
0.0151551
0.000912147
0
0
0
1685647530.08797
msg_begin
7.75747e+06
-364060
-2.5255
0.00947787
0.00479547
0.000777358
0
0
0
1685647530.13803
msg_begin
7.75747e+06
-364060
-2.53019
0.00409197
0.00125912
0.000114617
0
0
0
1685647530.18864
msg_begin
7.75747e+06
-364060
-2.5333
0.0104613
0.00769702
0.00176403
0
0
0
1685647530.23792
msg_begin
7.75747e+06
-364061
-2.5362
0.00946051
0.00767139
0.00109055
0
0
0
1685647530.28792
msg_begin
7.75747e+06
-364061
-2.54089
0.00766446
0.00825791
0.0011714
0
0
0
1685647530.33787
msg_begin
7.75747e+06
-364061
-2.54262
0.010279
0.00368829
0.000162235
0
0
0
1685647530.38786
msg_begin
7.75747e+06
-364061
-2.54367
0.000664516
9.50908e-05
0.000111061
0
0
0
1685647530.43782
msg_begin
7.75747e+06
-364062
-2.54744
0.00955302
0.0100021
0.000760903
0
0
0
1685647530.48777
msg_begin
7.75747e+06
-364062
-2.54854
0.0129805
0.013931
0.000852066
0
0
0
1685647530.53770
msg_begin
7.75747e+06
-364062
-2.5504
0.0138239
0.00354102
0.000215735
0
0
0
1685647530.58808
msg_begin
7.75747e+06
-364062
-2.54819
0.00161522
0.000680294
0.000348358
0
0
0
1685647530.63762
msg_begin
7.75747e+06
-364063
-2.55065
0.0467869
0.0356067
0.000620689
0
0
0
1685647530.68761
msg_begin
7.75747e+06
-364063
-2.55197
0.0305999
0.0236355
0.000932267
0
0
0
1685647530.73755
msg_begin
7.75746e+06
-364063
-2.55684
0.00514942
0.00469908
0.000820657
0
0
0
1685647530.78810
msg_begin
7.75746e+06
-364063
-2.55931
0.0194411
0.0177496
0.00101786
0
0
0
1685647530.83751
msg_begin
7.75746e+06
-364064
-2.56384
0.00818503
0.00692463
0.000339229
0
0
0
1685647530.88748
msg_begin
7.75746e+06
-364064
-2.56427
0.0132174
0.0109526
0.000401498
0
0
0
1685647530.93746
msg_begin
7.75746e+06
-364064
-2.56773
0.00750965
0.010061
0.00187984
0
0
0
1685647530.98751
msg_begin
7.75746e+06
-364064
-2.57026
0.0064215
0.00611513
0.0008132
0
0
0
1685647531.03749
msg_begin
7.75746e+06
-364065
-2.57315
0.00950949
0.00742859
0.000683614
0
0
0
1685647531.08752
msg_begin
7.75746e+06
-364065
-2.57566
0.00696534
0.00491583
0.000682173
0
0
0
1685647531.13756
msg_begin
7.75746e+06
-364065
-2.57522
0.000680777
0.000506416
2.54834e-05
0
0
0
1685647531.18799
msg_begin
7.75746e+06
-364065
-2.57822
0.00472166
0.00787123
0.00156846
0
0
0
1685647531.23762
msg_begin
7.75746e+06
-364065
-2.58297
0.0202501
0.0170862
0.00101766
0
0
0
1685647531.28766
msg_begin
7.75746e+06
-364066
-2.58278
0.00117329
0.00390198
0.000215865
0
0
0
1685647531.33766
msg_begin
7.75746e+06
-364066
-2.58761
0.0283422
0.0198589
0.00108609
0
0
0
1685647531.38769
msg_begin
7.75746e+06
-364066
-2.59274
0.0417097
0.0339889
0.00132114
0
0
0
1685647531.43784
msg_begin
7.75746e+06
-364066
-2.59682
0.00866663
0.00735384
0.000670093
0
0
0
1685647531.48779
msg_begin
7.75746e+06
-364067
-2.60278
0.0238146
0.0195859
0.00161335
0
0
0
1685647531.53782
msg_begin
7.75746e+06
-364067
-2.60105
0.0010431
0.000122614
0.000155681
0
0
0
1685647531.58829
msg_begin
7.75746e+06
-364067
-2.60213
0.00344349
0.00526836
0.000127859
0
0
0
1685647531.63791
msg_begin
7.75746e+06
-364067
-2.61112
0.000692158
0.00131157
0.00010332
0
0
0
1685647531.68800
msg_begin
7.75746e+06
-364068
-2.61576
0.0104976
0.00356113
0.000755684
0
0
0
1685647531.73802
msg_begin
7.75746e+06
-364068
-2.61659
0.000481234
2.3793e-05
2.8254e-05
0
0
0
1685647531.78809
msg_begin
7.75746e+06
-364068
-2.62165
0.0121722
0.00200211
0.000516369
0
0
0
1685647531.83810
msg_begin
7.75746e+06
-364068
-2.6258
0.0237508
0.00476209
0.000990098
0
0
0
1685647531.88817
msg_begin
7.75746e+06
-364069
-2.6281
0.0131845
0.00824588
0.00060761
0
0
0
1685647531.93814
msg_begin
7.75746e+06
-364069
-2.63556
0.00136141
0.000480872
3.531e-05
0
0
0
1685647531.98864
msg_begin
7.75746e+06
-364069
-2.63791
1.86265e-09
1.16415e-10
4.88498e-15
0
0
0
1685647532.03817
msg_begin
7.75746e+06
-364069
-2.64138
0.0208749
0.0104536
0.000926419
0
0
0
1685647532.08822
msg_begin
7.75745e+06
-364070
-2.64125
0.0345475
0.0110663
0.00107064
0
0
0
1685647532.13823
msg_begin
7.75745e+06
-364070
-2.64725
0.0252963
0.0229454
0.000884926
0
0
0
1685647532.18893
msg_begin
7.75745e+06
-364070
-2.64907
0.00993391
0.00703347
0.000619925
0
0
0
1685647532.23823
msg_begin
7.75745e+06
-364070
-2.6517
0.0184591
0.0100841
0.000639843
0
0
0
1685647532.28820
msg_begin
7.75745e+06
-364070
-2.65179
0.00227632
0.00160432
0.000296664
0
0
0
1685647532.33828
msg_begin
7.75745e+06
-364071
-2.65319
0.00810953
0.00383262
0.0005511
0
0
0
1685647532.38815
msg_begin
7.75745e+06
-364071
-2.6569
0.0154326
0.0057792
0.000470753
0
0
0
1685647532.43815
msg_begin
7.75745e+06
-364071
-2.66295
0.0221958
0.00487029
0.000554477
0
0
0
1685647532.48815
msg_begin
7.75745e+06
-364071
-2.66829
0.000799378
0.00460642
0.000184698
0
0
0
1685647532.53812
msg_begin
7.75745e+06
-364071
-2.67229
0.00226078
0.00106076
0.000556142
0
0
0
1685647532.58808
msg_begin
7.75745e+06
-364072
-2.67943
0.00845272
0.006659
0.000428333
0
0
0
1685647532.63804
msg_begin
7.75745e+06
-364072
-2.68041
0.0202902
0.0117718
0.00088714
0
0
0
1685647532.68803
msg_begin
7.75745e+06
-364072
-2.68689
0.0126982
0.0136912
0.0011775
0
0
0
1685647532.73805
msg_begin
7.75745e+06
-364072
-2.6894
0.00688962
0.00575092
0.000317822
0
0
0
1685647532.78804
msg_begin
7.75745e+06
-364072
-2.69225
0.0101266
0.00301543
0.000465388
0
0
0
1685647532.83799
msg_begin
7.75745e+06
-364073
-2.69717
0.00198975
0.00487158
0.000215788
0
0
0
1685647532.88799
msg_begin
7.75745e+06
-364073
-2.6976
0.0266737
0.00851712
0.000590839
0
0
0
1685647532.93797
msg_begin
7.75745e+06
-364073
-2.69911
0.00620755
0.00171511
0.0001257
0
0
0
1685647532.98939
msg_begin
7.75745e+06
-364073
-2.70355
0.0344141
0.0156934
0.00071062
0
0
0
1685647533.03797
msg_begin
7.75745e+06
-364073
-2.70348
0.0457608
0.0312213
0.00135283
0
0
0
1685647533.08802
msg_begin
7.75745e+06
-364074
-2.70896
0.00950428
0.00485388
0.000765138
0
0
0
1685647533.13817
msg_begin
7.75745e+06
-364074
-2.71286
0.0183989
0.00742043
0.00219546
0
0
0
1685647533.18865
msg_begin
7.75745e+06
-364074
-2.71259
0.0162581
0.00759558
0.00100249
0
0
0
1685647533.23809
msg_begin
7.75745e+06
-364074
-2.71658
0.00913633
0.0024895
0.000254497
0
0
0
1685647533.28814
msg_begin
7.75745e+06
-364074
-2.72067
0.0662408
0.024656
0.000716806
0
0
0
1685647533.33820
msg_begin
7.75745e+06
-364075
-2.72386
0.0323327
0.00421916
0.000726858
0
0
0
1685647533.38938
msg_begin
7.75744e+06
-364075
-2.7297
0.00386867
0.00119398
0.000133471
0
0
0
1685647533.43816
msg_begin
7.75744e+06
-364075
-2.73034
0.00403848
0.00589787
0.000780511
0
0
0
1685647533.48817
msg_begin
7.75744e+06
-364075
-2.73319
0.0151029
0.0083752
0.00186626
0
0
0
1685647533.53818
msg_begin
7.75744e+06
-364075
-2.73386
0.00689019
0.00677221
0.000426077
0
0
0
1685647533.58814
msg_begin
7.75744e+06
-364075
-2.73849
0.0165894
0.0105293
0.00125307
0
0
0
1685647533.63813
msg_begin
7.75744e+06
-364076
-2.7416
0.00381973
0.00128012
0.000131573
0
0
0
1685647533.68815
msg_begin
7.75744e+06
-364076
-2.74284
0.0116786
0.00261414
0.000578131
0
0
0
1685647533.73823
msg_begin
7.75744e+06
-364076
-2.74521
0.00801413
0.00678686
0.000787049
0
0
0
1685647533.78885
msg_begin
7.75744e+06
-364076
-2.74709
0.0164302
0.00628652
0.00123528
0
0
0
1685647533.83821
msg_begin
7.75744e+06
-364076
-2.75335
0.00358317
0.000702001
1.03413e-05
0
0
0
1685647533.88826
msg_begin
7.75744e+06
-364076
-2.75575
0.0045736
0.00650688
0.000442402
0
0
0
1685647533.93827
msg_begin
7.75744e+06
-364077
-2.75593
0.00410818
0.00183006
0.000361639
0
0
0
1685647533.98832
msg_begin
7.75744e+06
-364077
-2.75862
0.0306573
0.0145741
0.000792078
0
0
0
1685647534.03829
msg_begin
7.75744e+06
-364077
-2.76146
0.00516101
0.00271529
0.000395834
0
0
0
1685647534.08832
msg_begin
7.75744e+06
-364077
-2.76358
0.00797469
0.0040447
0.000512993
0
0
0
1685647534.13824
msg_begin
7.75744e+06
-364077
-2.75955
0.000921373
0.00184488
0.00111876
0
0
0
1685647534.18848
msg_begin
7.75744e+06
-364078
-2.7617
0.0237282
0.00232849
0.000401009
0
0
0
1685647534.23823
msg_begin
7.75744e+06
-364078
-2.76205
0.000216554
0.000445332
6.69614e-05
0
0
0
1685647534.28823
msg_begin
7.75744e+06
-364078
-2.76572
0.0143549
0.00586309
0.00202779
0
0
0
1685647534.33824
msg_begin
7.75744e+06
-364078
-2.76876
0.00753705
0.00162413
0.000660802
0
0
0
1685647534.38835
msg_begin
7.75744e+06
-364078
-2.77226
0.00788046
0.0132231
0.000869006
0
0
0
1685647534.43825
msg_begin
7.75744e+06
-364078
-2.77496
4.47035e-08
2.73576e-09
8.88178e-16
0
0
0
1685647534.48822
msg_begin
7.75744e+06
-364079
-2.77743
0.000496008
0.00172848
0.000222888
0
0
0
1685647534.53822
msg_begin
7.75744e+06
-364079
-2.78269
0.000152293
0.000146306
4.58564e-05
0
0
0
1685647534.58955
msg_begin
7.75744e+06
-364079
-2.78559
0.00501715
0.00832413
0.00113471
0
0
0
1685647534.63827
msg_begin
7.75743e+06
-364079
-2.78827
0.00979815
0.00826369
0.00153118
0
0
0
1685647534.68820
msg_begin
7.75743e+06
-364079
-2.79055
0.00324785
0.00411405
0.000525355
0
0
0
1685647534.73818
msg_begin
7.75743e+06
-364079
-2.7927
6.51926e-08
2.15368e-09
2.22045e-15
0
0
0
1685647534.78869
msg_begin
7.75743e+06
-364079
-2.78992
0.022565
0.0133691
0.00284468
0
0
0
1685647534.83825
msg_begin
7.75743e+06
-364080
-2.78485
0.00410842
0.0029881
0.000263303
0
0
0
1685647534.88828
msg_begin
7.75743e+06
-364080
-2.78405
0.00103567
0.00024962
7.31151e-05
0
0
0
1685647534.93829
msg_begin
7.75743e+06
-364080
-2.78618
0.00225553
0.00371554
0.000205456
0
0
0
1685647534.98884
msg_begin
7.75743e+06
-364080
-2.78541
0.0300321
0.0142613
0.000674894
0
0
0
1685647535.03834
msg_begin
7.75743e+06
-364080
-2.78679
0.0118144
0.0196506
0.000912941
0
0
0
1685647535.08830
msg_begin
7.75743e+06
-364080
-2.78878
0.00756439
0.00197488
0.000146754
0
0
0
1685647535.13831
msg_begin
7.75743e+06
-364081
-2.79039
0.00699562
0.0054776
0.00107097
0
0
0
1685647535.18893
msg_begin
7.75743e+06
-364081
-2.79331
4.65661e-08
1.22236e-09
1.33227e-15
0
0
0
1685647535.23931
msg_begin
7.75743e+06
-364081
-2.79466
0.00143202
0.00443956
0.000363907
0
0
0
1685647535.28832
msg_begin
7.75743e+06
-364081
-2.79546
0.00959998
0.00365231
0.000618349
0
0
0
1685647535.33828
msg_begin
7.75743e+06
-364081
-2.80084
0.0258913
0.00406427
0.00023257
0
0
0
1685647535.38923
msg_begin
7.75743e+06
-364081
-2.80401
0.0167686
0.00454507
0.000888916
0
0
0
1685647535.43827
msg_begin
7.75743e+06
-364082
-2.80541
0.0235512
0.0122708
0.000734498
0
0
0
1685647535.48825
msg_begin
7.75743e+06
-364082
-2.8082
0.0176639
0.0113073
0.00141158
0
0
0
1685647535.53832
msg_begin
7.75743e+06
-364082
-2.80604
0.00218654
0.00376439
0.000268484
0
0
0
1685647535.58820
msg_begin
7.75743e+06
-364082
-2.80908
0.0156503
0.0221852
0.000910115
0
0
0
1685647535.63822
msg_begin
7.75743e+06
-364082
-2.81418
0.00304562
0.00153021
2.82195e-05
0
0
0
1685647535.68822
msg_begin
7.75743e+06
-364082
-2.81403
0.0249242
0.00658456
0.000568992
0
0
0
1685647535.73819
msg_begin
7.75743e+06
-364082
-2.81406
0.0111121
0.00488763
0.000374564
0
0
0
1685647535.78851
msg_begin
7.75743e+06
-364083
-2.81631
0.0231419
0.0115146
0.00091491
0
0
0
1685647535.83814
msg_begin
7.75743e+06
-364083
-2.8176
0.00536054
0.00501668
0.000846795
0
0
0
1685647535.88816
msg_begin
7.75742e+06
-364083
-2.81857
0.00719009
0.00413853
0.000485279
0
0
0
1685647535.93820
msg_begin
7.75742e+06
-364083
-2.81564
0.00435104
0.000948894
0.000109538
0
0
0
1685647535.98822
msg_begin
7.75742e+06
-364083
-2.81915
0.00716714
0.00384351
0.00136436
0
0
0
1685647536.03812
msg_begin
7.75742e+06
-364083
-2.82168
0.00413122
0.00158117
6.1195e-05
0
0
0
1685647536.08812
msg_begin
7.75742e+06
-364083
-2.82393
0.00312072
0.00209422
0.000220198
0
0
0
1685647536.13823
msg_begin
7.75742e+06
-364084
-2.82478
0.011068
0.00352937
0.000345946
0
0
0
1685647536.18882
msg_begin
7.75742e+06
-364084
-2.82714
0.0110292
0.00963282
0.00144573
0
0
0
1685647536.23807
msg_begin
7.75742e+06
-364084
-2.82567
0.00240418
0.00121793
0.000182947
0
0
0
1685647536.28805
msg_begin
7.75742e+06
-364084
-2.82656
0.0186579
0.0102296
0.00140933
0
0
0
1685647536.33805
msg_begin
7.75742e+06
-364084
-2.83254
0.00409256
0.00148844
0.000312107
0
0
0
1685647536.38811
msg_begin
7.75742e+06
-364084
-2.83149
0.0104221
0.00551875
0.00110078
0
0
0
1685647536.43800
msg_begin
7.75742e+06
-364084
-2.83174
0.0109522
0.00660303
0.00145857
0
0
0
1685647536.48802
msg_begin
7.75742e+06
-364085
-2.82931
0.00136187
0.00165492
9.9662e-05
0
0
0
1685647536.53804
msg_begin
7.75742e+06
-364085
-2.83113
0.00976812
0.00237832
0.000127084
0
0
0
1685647536.58862
msg_begin
7.75742e+06
-364085
-2.83357
0.0129114
0.00589937
0.00070129
0
0
0
1685647536.63794
msg_begin
7.75742e+06
-364085
-2.83397
0.0232087
0.00828504
0.00174166
0
0
0
1685647536.68795
msg_begin
7.75742e+06
-364085
-2.83213
0.023167
0.00620141
0.00130251
0
0
0
1685647536.73790
msg_begin
7.75742e+06
-364085
-2.83976
0.0189422
0.0153547
0.000828131
0
0
0
1685647536.78793
msg_begin
7.75742e+06
-364085
-2.84171
0.023295
0.0133296
0.00198524
0
0
0
1685647536.83794
msg_begin
7.75742e+06
-364086
-2.8468
0.00294796
0.00216424
0.000224695
0
0
0
1685647536.88796
msg_begin
7.75742e+06
-364086
-2.84382
7.45058e-09
1.62981e-09
2.22045e-15
0
0
0
1685647536.93792
msg_begin
7.75742e+06
-364086
-2.84365
0.00108255
0.000229188
0.000277514
0
0
0
1685647536.98816
msg_begin
7.75742e+06
-364086
-2.84431
0.000278718
0.000808446
0.000113513
0
0
0
1685647537.03797
msg_begin
7.75742e+06
-364086
-2.84935
6.51926e-09
6.40284e-10
1.33227e-15
0
0
0
1685647537.08795
msg_begin
7.75741e+06
-364086
-2.84912
0.0212787
0.00350988
0.000377752
0
0
0
1685647537.13794
msg_begin
7.75741e+06
-364086
-2.85053
0.043143
0.00261507
9.84728e-05
0
0
0
1685647537.18796
msg_begin
7.75741e+06
-364087
-2.85048
0.0648386
0.0141571
0.000817216
0
0
0
1685647537.23797
msg_begin
7.75741e+06
-364087
-2.8489
8.3819e-09
3.43425e-09
1.77636e-15
0
0
0
1685647537.28791
msg_begin
7.75741e+06
-364087
-2.85
0.00810682
0.00824215
0.000836858
0
0
0
1685647537.33868
msg_begin
7.75741e+06
-364087
-2.85039
0.0137837
0.000954452
0.000555212
0
0
0
1685647537.38789
msg_begin
7.75741e+06
-364087
-2.84926
0.00799128
0.00653401
0.000825292
0
0
0
1685647537.43788
msg_begin
7.75741e+06
-364087
-2.84983
0.00355969
0.00112247
0.000295319
0
0
0
1685647537.48786
msg_begin
7.75741e+06
-364087
-2.84842
0.00545709
0.00374773
0.000590048
0
0
0
1685647537.53886
msg_begin
7.75741e+06
-364087
-2.8484
0.0042149
0.0109385
0.000266277
0
0
0
1685647537.58783
msg_begin
7.75741e+06
-364088
-2.84971
0.0381797
0.00375978
0.00177446
0
0
0
1685647537.63783
msg_begin
7.75741e+06
-364088
-2.84795
0.0133826
0.0072214
0.000457122
0
0
0
1685647537.68787
msg_begin
7.75741e+06
-364088
-2.85057
0.00657081
0.0010176
0.000315232
0
0
0
1685647537.73840
msg_begin
7.75741e+06
-364088
-2.85403
0.00438529
0.00164068
0.000155822
0
0
0
1685647537.78786
msg_begin
7.75741e+06
-364088
-2.85727
0.0234444
0.00371794
0.000496774
0
0
0
1685647537.83785
msg_begin
7.75741e+06
-364088
-2.85805
0.0387033
0.0165245
0.00052327
0
0
0
1685647537.88789
msg_begin
7.75741e+06
-364088
-2.85591
0.00529064
0.00257102
0.000193432
0
0
0
1685647537.93881
msg_begin
7.75741e+06
-364089
-2.85846
0.000301372
0.000311128
6.36573e-06
0
0
0
1685647537.98803
msg_begin
7.75741e+06
-364089
-2.85646
0.00722399
0.00365263
0.00112782
0
0
0
1685647538.03793
msg_begin
7.75741e+06
-364089
-2.85773
0.0308062
0.0175311
0.00192246
0
0
0
1685647538.08792
msg_begin
7.75741e+06
-364089
-2.85969
1.58325e-08
0
1.33227e-15
0
0
0
1685647538.13836
msg_begin
7.75741e+06
-364089
-2.85943
0.00744262
0.0040165
0.0011458
0
0
0
1685647538.18795
msg_begin
7.75741e+06
-364089
-2.86146
0.049107
0.0166785
0.00198015
0
0
0
1685647538.23798
msg_begin
7.75741e+06
-364089
-2.86059
0.00165886
0.00179028
0.000111546
0
0
0
1685647538.28796
msg_begin
7.75741e+06
-364089
-2.85984
0.0123868
0.0074428
0.000910992
0
0
0
1685647538.33794
msg_begin
7.7574e+06
-364090
-2.86199
0.0146306
0.0075691
0.00110551
0
0
0
1685647538.38794
msg_begin
7.7574e+06
-364090
-2.86469
0.00487384
0.00405335
0.00049545
0
0
0
1685647538.43793
msg_begin
7.7574e+06
-364090
-2.86639
0.00714014
0.0067835
0.000615637
0
0
0
1685647538.48795
msg_begin
7.7574e+06
-364090
-2.87232
0.00107947
0.00116278
7.90043e-05
0
0
0
1685647538.53842
msg_begin
7.7574e+06
-364090
-2.87262
0.0284815
0.0218339
0.00116378
0
0
0
1685647538.58798
msg_begin
7.7574e+06
-364090
-2.87114
0.010049
0.00465105
0.000499738
0
0
0
1685647538.63793
msg_begin
7.7574e+06
-364090
-2.87125
0.0261519
0.00740543
0.00075375
0
0
0
1685647538.68794
msg_begin
7.7574e+06
-364090
-2.87169
0.00886129
0.00335802
0.000277225
0
0
0
1685647538.73798
msg_begin
7.7574e+06
-364091
-2.87182
0.0056158
0.00172542
0.000301519
0
0
0
1685647538.78800
msg_begin
7.7574e+06
-364091
-2.87422
0.00493223
0.00317271
0.000273625
0
0
0
1685647538.83801
msg_begin
7.7574e+06
-364091
-2.87434
0.0109096
0.00421601
0.000919524
0
0
0
1685647538.88804
msg_begin
7.7574e+06
-364091
-2.87525
0.0391506
0.00585241
0.00083948
0
0
0
1685647538.93846
msg_begin
7.7574e+06
-364091
-2.87508
0.0109289
0.00374226
0.000877819
0
0
0
1685647538.98817
msg_begin
7.7574e+06
-364091
-2.88067
0.00334334
0.00180504
0.000243854
0
0
0
1685647539.03806
msg_begin
7.7574e+06
-364091
-2.88376
0.026831
0.00726771
0.000312999
0
0
0
1685647539.08806
msg_begin
7.7574e+06
-364091
-2.8872
0.00564838
0.00220029
0.000190262
0
0
0
1685647539.13877
msg_begin
7.7574e+06
-364091
-2.88777
0.00613854
0.0028337
0.000403751
0
0
0
1685647539.18817
msg_begin
7.7574e+06
-364092
-2.88948
0.0145606
0.0104592
0.00067457
0
0
0
1685647539.23805
msg_begin
7.7574e+06
-364092
-2.88942
0.0217548
0.0105919
0.00123804
0
0
0
1685647539.28808
msg_begin
7.7574e+06
-364092
-2.88986
0.0342091
0.00871192
0.000980694
0
0
0
1685647539.33814
msg_begin
7.7574e+06
-364092
-2.88777
0.00417056
0.00365843
2.17303e-05
0
0
0
1685647539.38804
msg_begin
7.7574e+06
-364092
-2.89226
0.0052597
0.00568173
0.00117869
0
0
0
1685647539.48804
msg_begin
7.7574e+06
-364092
-2.89052
0.0145743
0.0036983
0.00112019
0
0
0
1685647539.53809
msg_begin
7.7574e+06
-364092
-2.88991
0.011049
0.003352
0.00051651
0
0
0
1685647539.58808
msg_begin
7.75739e+06
-364093
-2.8954
0.0153854
0.0107133
8.56326e-05
0
0
0
1685647539.63808
msg_begin
7.75739e+06
-364093
-2.8969
0.0286009
0.0176345
0.00158695
0
0
0
1685647539.68812
msg_begin
7.75739e+06
-364093
-2.89595
0.0054924
0.00252846
0.000206069
0
0
0
1685647539.73830
msg_begin
7.75739e+06
-364093
-2.89909
0.0195666
0.00371172
0.00121857
0
0
0
1685647539.78840
msg_begin
7.75739e+06
-364093
-2.90062
0.0167836
0.00885353
0.000605853
0
0
0
1685647539.83817
msg_begin
7.75739e+06
-364093
-2.90477
0.0254469
0.00394463
0.000401512
0
0
0
1685647539.88815
msg_begin
7.75739e+06
-364093
-2.90352
0.0140155
0.00757947
0.0012201
0
0
0
1685647539.93888
msg_begin
7.75739e+06
-364093
-2.91317
3.72529e-09
5.82077e-10
4.44089e-16
0
0
0
1685647539.98825
msg_begin
7.75739e+06
-364093
-2.91479
0.0109034
0.0054762
0.00136657
0
0
0
1685647540.03812
msg_begin
7.75739e+06
-364093
-2.91494
0.00616191
0.0032229
0.000952885
0
0
0
1685647540.08812
msg_begin
7.75739e+06
-364094
-2.91579
0.00277052
3.35005e-05
7.97398e-05
0
0
0
1685647540.13812
msg_begin
7.75739e+06
-364094
-2.91888
0.00749401
0.00438428
0.000400916
0
0
0
1685647540.18812
msg_begin
7.75739e+06
-364094
-2.92364
0.00143676
0.00063107
3.78228e-06
0
0
0
1685647540.23813
msg_begin
7.75739e+06
-364094
-2.92359
0.037423
0.00671936
0.00259009
0
0
0
1685647540.28811
msg_begin
7.75739e+06
-364094
-2.92522
0.0260068
0.00624928
0.0033247
0
0
0
1685647540.33849
msg_begin
7.75739e+06
-364094
-2.92895
0.00135711
0.0036935
0.000455697
0
0
0
1685647540.38817
msg_begin
7.75739e+06
-364094
-2.9267
0.0285055
0.00950141
0.00093133
0
0
0
1685647540.43809
msg_begin
7.75739e+06
-364094
-2.93135
0.00365689
0.000799976
0.000160565
0
0
0
1685647540.48810
msg_begin
7.75739e+06
-364094
-2.93268
0.00899447
0.00352719
0.000336495
0
0
0
1685647540.53875
msg_begin
7.75739e+06
-364094
-2.9336
0.00919051
0.00454568
0.000459986
0
0
0
1685647540.58827
msg_begin
7.75739e+06
-364095
-2.93329
0.0396237
0.00928527
0.00101215
0
0
0
1685647540.63816
msg_begin
7.75739e+06
-364095
-2.93591
0.0125006
0.00366548
0.00099272
0
0
0
1685647540.68813
msg_begin
7.75739e+06
-364095
-2.93597
0.0171021
0.00335214
0.000592297
0
0
0
1685647540.73875
msg_begin
7.75739e+06
-364095
-2.93933
0.00237026
0.0024441
0.000246783
0
0
0
1685647540.78812
msg_begin
7.75739e+06
-364095
-2.94015
0.024672
0.0102594
0.00130422
0
0
0
1685647540.83815
msg_begin
7.75738e+06
-364095
-2.94162
0.0107191
0.00196719
0.000588246
0
0
0
1685647540.88817
msg_begin
7.75738e+06
-364095
-2.94507
0.00488296
0.00279763
0.000398748
0
0
0
1685647540.93865
msg_begin
7.75738e+06
-364095
-2.94387
0.0021692
0.000290513
4.57841e-05
0
0
0
1685647540.98814
msg_begin
7.75738e+06
-364095
-2.94475
0.028927
0.00498169
0.000595443
0
0
0
1685647541.03813
msg_begin
7.75738e+06
-364095
-2.94445
0.0036047
0.00542381
0.00073617
0
0
0
1685647541.08819
msg_begin
7.75738e+06
-364096
-2.94311
0.000221102
0.000412368
9.75027e-05
0
0
0
1685647541.13876
msg_begin
7.75738e+06
-364096
-2.94359
0.0105218
0.00133062
0.00102097
0
0
0
1685647541.18897
msg_begin
7.75738e+06
-364096
-2.9508
0.0365541
0.0111116
0.00129669
0
0
0
1685647541.23822
msg_begin
7.75738e+06
-364096
-2.95495
0.00160953
0.00348183
0.000172771
0
0
0
1685647541.28822
msg_begin
7.75738e+06
-364096
-2.95563
0.00808382
0.0046939
0.000797966
0
0
0
1685647541.33825
msg_begin
7.75738e+06
-364096
-2.95767
0.0143093
0.00755274
0.000926563
0
0
0
1685647541.38845
msg_begin
7.75738e+06
-364096
-2.96031
0.0147206
0.00693422
0.000477648
0
0
0
1685647541.43824
msg_begin
7.75738e+06
-364096
-2.9641
1.86265e-09
4.65661e-10
4.44089e-16
0
0
0
1685647541.48823
msg_begin
7.75738e+06
-364096
-2.96598
0.0254918
0.00110729
0.00101383
0
0
0
1685647541.53894
msg_begin
7.75738e+06
-364096
-2.96888
0.00643
0.00334191
0.00100575
0
0
0
1685647541.58840
msg_begin
7.75738e+06
-364096
-2.97032
0.0143259
0.00595422
0.000461318
0
0
0
1685647541.63831
msg_begin
7.75738e+06
-364096
-2.97179
0.00118524
0.000360932
5.51224e-05
0
0
0
1685647541.68833
msg_begin
7.75738e+06
-364097
-2.97673
0.00595283
0.0025926
0.000271252
0
0
0
1685647541.73840
msg_begin
7.75738e+06
-364097
-2.97493
0.00279294
0.00151355
9.5337e-05
0
0
0
1685647541.78830
msg_begin
7.75738e+06
-364097
-2.97507
0.0100291
0.00285179
0.000304912
0
0
0
1685647541.83835
msg_begin
7.75738e+06
-364097
-2.97475
0.0182334
0.00567932
0.00098977
0
0
0
1685647541.88839
msg_begin
7.75738e+06
-364097
-2.97846
0.00948545
0.00335534
0.000347355
0
0
0
1685647541.93843
msg_begin
7.75738e+06
-364097
-2.98208
0.00410644
0.000707758
0.00069
0
0
0
1685647541.98835
msg_begin
7.75738e+06
-364097
-2.98476
0.00430472
0.000630243
0.000168719
0
0
0
1685647542.03838
msg_begin
7.75738e+06
-364097
-2.98455
0.009808
0.000854333
0.000228473
0
0
0
1685647542.08838
msg_begin
7.75737e+06
-364097
-2.98701
0.0155447
0.00346566
0.000965692
0
0
0
1685647542.13841
msg_begin
7.75737e+06
-364097
-2.98655
0.00184514
0.000751504
0.000165852
0
0
0
1685647542.18858
msg_begin
7.75737e+06
-364097
-2.98683
0.00301286
0.0018341
6.14619e-05
0
0
0
1685647542.23838
msg_begin
7.75737e+06
-364097
-2.98497
0.00656118
0.00544162
0.000724595
0
0
0
1685647542.28841
msg_begin
7.75737e+06
-364097
-2.98367
0.00899079
0.00367557
8.45789e-05
0
0
0
1685647542.33869
msg_begin
7.75737e+06
-364098
-2.98655
0.0103636
0.00474478
0.000709175
0
0
0
1685647542.38854
msg_begin
7.75737e+06
-364098
-2.98936
0.00835013
0.00164145
0.000176211
0
0
0
1685647542.43843
msg_begin
7.75737e+06
-364098
-2.98961
0.00803677
0.00776552
0.000404141
0
0
0
1685647542.48844
msg_begin
7.75737e+06
-364098
-2.98837
0.00831721
0.0026069
0.000588608
0
0
0
1685647542.53844
msg_begin
7.75737e+06
-364098
-2.99275
6.61239e-08
2.44472e-09
4.44089e-16
0
0
0
1685647542.58870
msg_begin
7.75737e+06
-364098
-2.99374
0.0093679
0.00243292
0.000828792
0
0
0
1685647542.68845
msg_begin
7.75737e+06
-364098
-2.99806
0.00243473
0.000383145
0.000150111
0
0
0
1685647542.78876
msg_begin
7.75737e+06
-364098
-2.99991
0.0424277
0.0117079
0.00143479
0
0
0
1685647542.83840
msg_begin
7.75737e+06
-364098
-3.00355
0.016063
0.0102698
0.000292388
0
0
0
1685647542.88846
msg_begin
7.75737e+06
-364098
-3.00571
0.00642068
0.005451
0.00201762
0
0
0
1685647542.93850
msg_begin
7.75737e+06
-364098
-3.00682
0.00961046
0.00556886
0.00084531
0
0
0
1685647542.98856
msg_begin
7.75737e+06
-364098
-3.0111
0.00126038
0.00271307
3.29998e-05
0
0
0
1685647543.03847
msg_begin
7.75737e+06
-364098
-3.01073
0.0095987
0.00237445
0.000381476
0
0
0
1685647543.08848
msg_begin
7.75737e+06
-364098
-3.00941
0.00331704
0.00287062
0.000157056
0
0
0
1685647543.13985
msg_begin
7.75737e+06
-364098
-3.01219
0.0205674
0.00194402
0.000951712
0
0
0
1685647543.18848
msg_begin
7.75737e+06
-364098
-3.01244
0.0265904
0.005141
0.000739494
0
0
0
1685647543.23848
msg_begin
7.75737e+06
-364099
-3.01265
0.0184919
0.00785754
0.00187228
0
0
0
1685647543.28847
msg_begin
7.75737e+06
-364099
-3.01913
0.00304591
0.00217217
0.000378473
0
0
0
1685647543.33856
msg_begin
7.75737e+06
-364099
-3.01937
0.00831022
0.00306629
0.000199243
0
0
0
1685647543.38846
msg_begin
7.75737e+06
-364099
-3.01914
0.0106869
0.00195591
0.000525279
0
0
0
1685647543.43845
msg_begin
7.75737e+06
-364099
-3.01906
0.0109856
0.00283627
0.00125942
0
0
0
1685647543.48844
msg_begin
7.75737e+06
-364099
-3.01786
0.0261434
0.0197305
0.00092262
0
0
0
1685647543.53848
msg_begin
7.75737e+06
-364099
-3.01848
0.0355695
0.0166407
0.000887247
0
0
0
1685647543.58882
msg_begin
7.75737e+06
-364099
-3.01319
0.00172952
0.000974159
0.000345453
0
0
0
1685647543.63845
msg_begin
7.75737e+06
-364099
-3.01417
0.0259361
0.00691479
0.000779962
0
0
0
1685647543.68845
msg_begin
7.75737e+06
-364099
-3.01354
0.00507228
0.0014558
0.000471979
0
0
0
1685647543.73853
msg_begin
7.75737e+06
-364099
-3.0139
0.00802275
0.00429004
0.000332571
0
0
0
1685647543.78946
msg_begin
7.75737e+06
-364099
-3.01934
0.00583756
0.00401287
0.000211302
0
0
0
1685647543.83841
msg_begin
7.75736e+06
-364099
-3.02334
0.00504961
0.00201715
0.000445194
0
0
0
1685647543.88839
msg_begin
7.75736e+06
-364099
-3.02495
0.000469258
3.10868e-06
5.54735e-05
0
0
0
1685647543.93892
msg_begin
7.75736e+06
-364099
-3.02615
0.00782159
0.00426779
0.000645386
0
0
0
1685647543.98835
msg_begin
7.75736e+06
-364099
-3.0288
0.016183
0.00296371
0.000468059
0
0
0
1685647544.03835
msg_begin
7.75736e+06
-364099
-3.03277
0.0238773
0.00316763
0.000377053
0
0
0
1685647544.08841
msg_begin
7.75736e+06
-364099
-3.03239
0.00261098
0.00172737
0.000144038
0
0
0
1685647544.13894
msg_begin
7.75736e+06
-364099
-3.03176
0.00496388
0.00692214
0.000427091
0
0
0
1685647544.18840
msg_begin
7.75736e+06
-364099
-3.03321
0.00227941
0.000732773
0.000110755
0
0
0
1685647544.23847
msg_begin
7.75736e+06
-364099
-3.0321
0.0340321
0.0100251
0.00177322
0
0
0
1685647544.28843
msg_begin
7.75736e+06
-364099
-3.03337
0.00926619
0.00438697
0.000747369
0
0
0
1685647544.33846
msg_begin
7.75736e+06
-364099
-3.03014
0.00985658
0.00356576
0.000141493
0
0
0
1685647544.38847
msg_begin
7.75736e+06
-364099
-3.03092
0.00243739
0.0026338
0.000178123
0
0
0
1685647544.43852
msg_begin
7.75736e+06
-364099
-3.03439
0.0113211
0.00459849
0.000784206
0
0
0
1685647544.48854
msg_begin
7.75736e+06
-364099
-3.03534
0.00437961
0.00622676
0.000421467
0
0
0
1685647544.53894
msg_begin
7.75736e+06
-364100
-3.03874
0.00718561
0.00361112
0.00083415
0
0
0
1685647544.58881
msg_begin
7.75736e+06
-364100
-3.03977
0.00496429
0.00165168
0.000452533
0
0
0
1685647544.63860
msg_begin
7.75736e+06
-364100
-3.04015
0.0198993
0.00464205
0.000308745
0
0
0
1685647544.68862
msg_begin
7.75736e+06
-364100
-3.04008
0.00218544
0.00137318
0.000298813
0
0
0
1685647544.73862
msg_begin
7.75736e+06
-364100
-3.03749
0.00331763
0.00164674
0.000283696
0
0
0
1685647544.78877
msg_begin
7.75736e+06
-364100
-3.04047
0.00246413
0.000475119
0.000251178
0
0
0
1685647544.83868
msg_begin
7.75736e+06
-364100
-3.03967
0.00617324
0.00378969
0.000297437
0
0
0
1685647544.88870
msg_begin
7.75736e+06
-364100
-3.04375
0.00677837
0.00357969
0.000434756
0
0
0
1685647544.93887
msg_begin
7.75736e+06
-364100
-3.0428
0.00743081
0.000789814
0.00028394
0
0
0
1685647544.98881
msg_begin
7.75736e+06
-364100
-3.0411
0.00718475
0.00135578
0.000186093
0
0
0
1685647545.03877
msg_begin
7.75736e+06
-364100
-3.04217
0.0198074
0.00773901
0.00152145
0
0
0
1685647545.08883
msg_begin
7.75736e+06
-364100
-3.04305
0.0146296
0.0136149
0.00101022
0
0
0
1685647545.13889
msg_begin
7.75736e+06
-364100
-3.0447
0.00389545
0.00250115
0.000225112
0
0
0
1685647545.18890
msg_begin
7.75736e+06
-364100
-3.04181
0.00695064
0.00266752
0.000607479
0
0
0
1685647545.23897
msg_begin
7.75736e+06
-364100
-3.04288
0.00361178
0.00191364
0.000190578
0
0
0
1685647545.28900
msg_begin
7.75736e+06
-364100
-3.04808
0.00708144
0.00608461
0.00174717
0
0
0
1685647545.33903
msg_begin
7.75736e+06
-364100
-3.05064
0.00579597
0.00349012
0.000428569
0
0
0
1685647545.38904
msg_begin
7.75736e+06
-364100
-3.05299
0.00558079
0.0092795
0.000293457
0
0
0
1685647545.43907
msg_begin
7.75736e+06
-364100
-3.05339
0.00597387
0.000888877
5.99431e-05
0
0
0
1685647545.48913
msg_begin
7.75736e+06
-364100
-3.05305
0.00597801
0.00181317
0.000168603
0
0
0
1685647545.53915
msg_begin
7.75736e+06
-364100
-3.05065
0.0182442
0.0064627
0.00132402
0
0
0
1685647545.58935
msg_begin
7.75736e+06
-364100
-3.05553
0.00448695
0.00110072
0.000809683
0
0
0
1685647545.63918
msg_begin
7.75736e+06
-364100
-3.05332
0.0192771
0.01197
0.000846353
0
0
0
1685647545.68920
msg_begin
7.75736e+06
-364100
-3.05583
0.00463334
0.00276767
3.71404e-05
0
0
0
1685647545.73924
msg_begin
7.75736e+06
-364100
-3.05391
0.0100343
0.0113975
0.00105253
0
0
0
1685647545.78949
msg_begin
7.75736e+06
-364100
-3.05639
0.0104409
0.0125534
0.00124267
0
0
0
1685647545.83931
msg_begin
7.75736e+06
-364100
-3.05348
0.0123077
0.0132407
0.00172506
0
0
0
1685647545.88932
msg_begin
7.75736e+06
-364100
-3.04877
0.0160068
0.00603986
0.00145609
0
0
0
1685647545.93930
msg_begin
7.75736e+06
-364100
-3.04866
0.00218078
0.00294903
0.000219099
0
0
0
1685647545.98982
msg_begin
7.75736e+06
-364100
-3.04926
0.0202936
0.00523284
0.00214207
0
0
0
1685647546.03938
msg_begin
7.75736e+06
-364100
-3.04752
0.00652344
0.00637724
0.00164081
0
0
0
1685647546.08942
msg_begin
7.75736e+06
-364100
-3.05267
0.0164439
0.0120161
0.00066058
0
0
0
1685647546.13944
msg_begin
7.75736e+06
-364100
-3.05419
0.0165961
0.00300588
0.00163903
0
0
0
1685647546.18942
msg_begin
7.75735e+06
-364100
-3.06049
0.0113552
0.0041092
0.00201984
0
0
0
1685647546.23948
msg_begin
7.75735e+06
-364100
-3.06675
0.00997861
0.00146228
0.000219407
0
0
0
1685647546.28946
msg_begin
7.75735e+06
-364100
-3.06413
0.000550379
0.00209604
9.48509e-05
0
0
0
1685647546.33951
msg_begin
7.75735e+06
-364100
-3.06532
0.0145395
0.00359831
0.000516409
0
0
0
1685647546.38949
msg_begin
7.75735e+06
-364100
-3.06937
0.022061
0.00130448
0.000100292
0
0
0
1685647546.43952
msg_begin
7.75735e+06
-364100
-3.06927
0.00745932
0.00024359
0.000178529
0
0
0
1685647546.48953
msg_begin
7.75735e+06
-364100
-3.06943
0.01011
0.00524166
0.000191613
0
0
0
1685647546.53956
msg_begin
7.75735e+06
-364100
-3.06963
0.0137833
0.00410967
0.000732111
0
0
0
1685647546.58952
msg_begin
7.75735e+06
-364100
-3.07481
7.45058e-09
3.0268e-09
4.44089e-16
0
0
0
1685647546.63951
msg_begin
7.75735e+06
-364100
-3.07457
0.00444988
0.00508282
0.000439946
0
0
0
1685647546.68957
msg_begin
7.75735e+06
-364101
-3.07371
0.0070922
0.00486507
0.000438701
0
0
0
1685647546.73956
msg_begin
7.75735e+06
-364101
-3.07441
0.000979568
0.000124184
8.90419e-05
0
0
0
1685647546.78961
msg_begin
7.75735e+06
-364101
-3.07577
0.00895681
0.0031628
0.000498159
0
0
0
1685647546.83960
msg_begin
7.75735e+06
-364101
-3.07546
0.00548152
0.00559001
0.000479837
0
0
0
1685647546.88964
msg_begin
7.75735e+06
-364101
-3.07592
0.00762458
0.00586911
0.000398411
0
0
0
1685647546.93965
msg_begin
7.75735e+06
-364101
-3.07688
0.00212729
0.00215963
4.91944e-05
0
0
0
1685647546.98969
msg_begin
7.75735e+06
-364101
-3.08178
1.21072e-08
1.45519e-09
0
0
0
0
1685647547.03969
msg_begin
7.75735e+06
-364101
-3.08137
0.00145507
0.00108475
8.2595e-05
0
0
0
1685647547.08974
msg_begin
7.75735e+06
-364101
-3.08044
0.0163907
0.00404386
0.00199364
0
0
0
1685647547.13973
msg_begin
7.75735e+06
-364101
-3.08085
0.00290019
0.00515045
0.00017675
0
0
0
1685647547.18975
msg_begin
7.75735e+06
-364101
-3.08039
0.0007902
0.00120889
2.96233e-05
0
0
0
1685647547.23975
msg_begin
7.75735e+06
-364101
-3.08034
0.00247025
0.000776422
0.00012907
0
0
0
1685647547.28979
msg_begin
7.75735e+06
-364101
-3.08073
0.00153438
0.00208422
9.94352e-05
0
0
0
1685647547.33993
msg_begin
7.75735e+06
-364101
-3.08072
0.00505739
0.00285116
0.000223704
0
0
0
1685647547.38981
msg_begin
7.75735e+06
-364101
-3.08023
0.00261891
0.000666601
5.55301e-05
0
0
0
1685647547.43979
msg_begin
7.75735e+06
-364101
-3.08005
0.00920858
0.00237349
0.000141074
0
0
0
1685647547.48984
msg_begin
7.75735e+06
-364101
-3.08038
0.00279738
0.00200413
0.000144226
0
0
0
1685647547.53981
msg_begin
7.75735e+06
-364101
-3.07981
0.00540401
0.00261083
0.000621512
0
0
0
1685647547.59025
msg_begin
7.75735e+06
-364101
-3.08004
0.00550687
0.00427669
0.000130327
0
0
0
1685647547.63986
msg_begin
7.75735e+06
-364101
-3.07908
0.00517187
0.00157842
0.000144592
0
0
0
1685647547.68980
msg_begin
7.75735e+06
-364101
-3.07909
0.0130753
0.00359707
0.000311957
0
0
0
1685647547.74005
msg_begin
7.75735e+06
-364101
-3.08023
0.0107889
0.000882783
0.000112301
0
0
0
1685647547.79044
msg_begin
7.75735e+06
-364101
-3.08106
0.00602098
0.00200954
3.87966e-05
0
0
0
1685647547.83983
msg_begin
7.75735e+06
-364101
-3.08069
0.00113266
0.00523428
0.000337448
0
0
0
1685647547.88988
msg_begin
7.75735e+06
-364101
-3.08168
0.0104168
0.0019373
0.000436279
0
0
0
1685647547.93987
msg_begin
7.75735e+06
-364101
-3.08454
0.00607169
0.00215267
0.000259206
0
0
0
1685647547.99059
msg_begin
7.75735e+06
-364101
-3.08243
0.00868431
0.00423927
0.000316823
0
0
0
1685647548.03997
msg_begin
7.75735e+06
-364101
-3.08191
0.00855098
0.0043799
0.00115073
0
0
0
1685647548.08992
msg_begin
7.75735e+06
-364101
-3.07967
0.0287413
0.00515909
0.00165923
0
0
0
1685647548.14010
msg_begin
7.75735e+06
-364101
-3.08576
0.00885894
0.00355481
8.8142e-05
0
0
0
1685647548.18995
msg_begin
7.75735e+06
-364101
-3.08589
0.000246238
0.000139275
0.00010009
0
0
0
1685647548.23996
msg_begin
7.75735e+06
-364101
-3.08892
4.65661e-09
1.74623e-10
0
0
0
0
1685647548.28996
msg_begin
7.75735e+06
-364101
-3.08802
0.0070858
0.00445871
0.000232898
0
0
0
1685647548.33995
msg_begin
7.75735e+06
-364101
-3.0882
0.00478874
0.0121294
0.00117461
0
0
0
1685647548.38995
msg_begin
7.75735e+06
-364101
-3.08721
0.00173188
0.00186852
0.000298826
0
0
0
1685647548.43990
msg_begin
7.75735e+06
-364101
-3.08654
0.000407873
0.000316128
0.000119729
0
0
0
1685647548.48997
msg_begin
7.75735e+06
-364101
-3.08816
0.0393269
0.00819891
0.00129934
0
0
0
1685647548.53985
msg_begin
7.75735e+06
-364101
-3.09179
0.00825228
0.00470235
0.00108201
0
0
0
1685647548.58978
msg_begin
7.75735e+06
-364101
-3.08935
0.00157671
0.000956722
2.01526e-05
0
0
0
1685647548.63981
msg_begin
7.75735e+06
-364101
-3.08834
0.00316377
0.00376506
0.000468112
0
0
0
1685647548.68974
msg_begin
7.75735e+06
-364101
-3.08722
0.000620727
0.00207644
6.97462e-05
0
0
0
1685647548.73972
msg_begin
7.75735e+06
-364101
-3.0859
0.00203708
0.00114505
4.03179e-05
0
0
0
1685647548.78976
msg_begin
7.75735e+06
-364101
-3.08759
0.00763307
0.00352944
0.000547532
0
0
0
1685647548.83968
msg_begin
7.75735e+06
-364101
-3.0876
0.0027348
0.00344423
0.000154403
0
0
0
1685647548.88966
msg_begin
7.75735e+06
-364101
-3.08736
0.000186819
0.000682066
7.1574e-05
0
0
0
1685647548.93966
msg_begin
7.75735e+06
-364101
-3.08493
0.000477972
0.000625911
0.000284101
0
0
0
1685647548.98965
msg_begin
7.75735e+06
-364101
-3.0875
0.00360764
0.00463163
0.00049648
0
0
0
1685647549.03974
msg_begin
7.75735e+06
-364101
-3.08961
0.00787987
0.00434583
0.000887313
0
0
0
1685647549.08971
msg_begin
7.75735e+06
-364101
-3.08957
5.96046e-08
2.61934e-09
4.44089e-16
0
0
0
1685647549.13968
msg_begin
7.75735e+06
-364101
-3.08852
0.00459246
0.00188769
0.000227929
0
0
0
1685647549.18969
msg_begin
7.75735e+06
-364101
-3.08949
3.1665e-08
1.10595e-09
0
0
0
0
1685647549.23969
msg_begin
7.75734e+06
-364101
-3.08944
6.61239e-08
8.14907e-10
4.44089e-16
0
0
0
1685647549.28972
msg_begin
7.75734e+06
-364101
-3.09123
0.00788797
0.00495086
0.000869135
0
0
0
1685647549.33967
msg_begin
7.75734e+06
-364101
-3.09574
0.00392193
0.00226783
0.000158793
0
0
0
1685647549.38994
msg_begin
7.75734e+06
-364101
-3.09606
0.00285857
0.00297225
0.000394272
0
0
0
1685647549.43962
msg_begin
7.75734e+06
-364101
-3.08777
0.00529812
0.00438043
0.000978404
0
0
0
1685647549.48964
msg_begin
7.75734e+06
-364101
-3.09444
6.98492e-08
1.16415e-09
4.44089e-16
0
0
0
1685647549.53972
msg_begin
7.75734e+06
-364101
-3.09818
0.00421188
0.00369901
0.0002317
0
0
0
1685647549.58971
msg_begin
7.75734e+06
-364101
-3.09743
0.0169019
0.00529728
0.00055586
0
0
0
1685647549.63958
msg_begin
7.75734e+06
-364101
-3.09744
6.51926e-08
2.73576e-09
4.44089e-16
0
0
0
1685647549.68955
msg_begin
7.75734e+06
-364101
-3.09938
0.00249927
0.00294635
0.000372776
0
0
0
1685647549.73959
msg_begin
7.75734e+06
-364101
-3.09943
0.000821707
0.000553752
8.0407e-05
0
0
0
1685647549.79002
msg_begin
7.75734e+06
-364101
-3.09849
0.00841335
0.00261085
0.000598946
0
0
0
1685647549.83946
msg_begin
7.75734e+06
-364101
-3.09744
0.0211148
0.00559516
0.0007059
0
0
0
1685647549.88944
msg_begin
7.75734e+06
-364101
-3.09683
0.00648307
0.00343378
0.000427992
0
0
0
1685647549.93950
msg_begin
7.75734e+06
-364101
-3.09785
0.00768795
0.00191762
0.000695678
0
0
0
1685647549.98991
msg_begin
7.75734e+06
-364101
-3.09472
0.0145637
0.000787229
0.00123256
0
0
0
1685647550.03938
msg_begin
7.75734e+06
-364101
-3.09484
0.00139618
0.000485604
9.78375e-05
0
0
0
1685647550.08940
msg_begin
7.75734e+06
-364101
-3.09216
0.00889375
0.00725779
0.00182168
0
0
0
1685647550.13943
msg_begin
7.75734e+06
-364101
-3.09026
0.0056376
0.000181115
0.000129345
0
0
0
1685647550.18943
msg_begin
7.75734e+06
-364101
-3.09381
0.00140663
0.00244697
0.000522848
0
0
0
1685647550.23944
msg_begin
7.75734e+06
-364101
-3.08996
0.00245147
0.00732526
0.000615542
0
0
0
1685647550.28941
msg_begin
7.75734e+06
-364101
-3.09302
0.00174402
0.00720959
0.000491394
0
0
0
1685647550.33961
msg_begin
7.75734e+06
-364101
-3.09766
7.35745e-08
8.73115e-10
0
0
0
0
1685647550.38943
msg_begin
7.75734e+06
-364101
-3.0985
0.0203318
0.00436704
0.00110087
0
0
0
1685647550.43945
msg_begin
7.75734e+06
-364101
-3.09902
0.00650137
0.0073178
0.00101005
0
0
0
1685647550.48944
msg_begin
7.75734e+06
-364101
-3.10055
0.00127018
0.00129429
0.000169415
0
0
0
1685647550.53945
msg_begin
7.75734e+06
-364101
-3.09977
0.00691973
0.00193772
0.000452248
0
0
0
1685647550.58943
msg_begin
7.75734e+06
-364101
-3.09971
0.000579318
0.000599885
4.03943e-05
0
0
0
1685647550.63945
msg_begin
7.75734e+06
-364101
-3.1018
5.02914e-08
1.74623e-10
4.44089e-16
0
0
0
1685647550.68947
msg_begin
7.75734e+06
-364101
-3.10194
0.00122079
0.00250499
0.000213715
0
0
0
1685647550.73950
msg_begin
7.75734e+06
-364101
-3.1004
0.0032853
0.00127467
0.000126791
0
0
0
1685647550.78950
msg_begin
7.75734e+06
-364102
-3.09819
0.00122043
0.00214059
0.000218987
0
0
0
1685647550.83955
msg_begin
7.75734e+06
-364101
-3.10109
0.00136681
0.00279133
0.000392208
0
0
0
1685647550.88949
msg_begin
7.75734e+06
-364102
-3.09989
0.0130433
0.00556113
0.000680198
0
0
0
1685647550.93958
msg_begin
7.75734e+06
-364101
-3.10631
9.31323e-10
3.0268e-09
0
0
0
0
1685647550.98953
msg_begin
7.75734e+06
-364101
-3.10922
0.00400453
0.00244602
0.000594359
0
0
0
1685647551.03957
msg_begin
7.75734e+06
-364101
-3.11162
0.00303315
0.00131607
0.000165775
0
0
0
1685647551.08958
msg_begin
7.75734e+06
-364101
-3.11358
8.3819e-09
1.92085e-09
4.44089e-16
0
0
0
1685647551.13959
msg_begin
7.75734e+06
-364101
-3.11258
1.02445e-08
5.23869e-10
4.44089e-16
0
0
0
1685647551.18958
msg_begin
7.75734e+06
-364101
-3.11241
0.00191318
0.00144345
0.000137616
0
0
0
1685647551.23963
msg_begin
7.75734e+06
-364101
-3.11338
6.23986e-08
5.82077e-10
0
0
0
0
1685647551.28961
msg_begin
7.75734e+06
-364101
-3.11335
0.000292946
0.000319359
1.26579e-05
0
0
0
1685647551.33961
msg_begin
7.75734e+06
-364101
-3.11275
0.000933777
0.000812997
1.63512e-05
0
0
0
1685647551.38961
msg_begin
7.75734e+06
-364101
-3.11286
0.0016964
0.00877137
0.000571476
0
0
0
1685647551.43962
msg_begin
7.75734e+06
-364101
-3.11392
0.0035081
0.0016802
0.000272995
0
0
0
1685647551.48959
msg_begin
7.75734e+06
-364101
-3.11304
0.0186813
0.00576677
0.000865148
0
0
0
1685647551.53959
msg_begin
7.75734e+06
-364101
-3.11257
0.00295119
0.00437633
0.000517448
0
0
0
1685647551.59009
msg_begin
7.75734e+06
-364101
-3.11215
8.6613e-08
1.80444e-09
0
0
0
0
1685647551.63958
msg_begin
7.75734e+06
-364101
-3.11685
0.00299936
0.0023783
0.000270328
0
0
0
1685647551.68960
msg_begin
7.75734e+06
-364101
-3.11717
0.00395427
0.00226858
0.000380868
0
0
0
1685647551.73962
msg_begin
7.75734e+06
-364102
-3.11667
0.00682372
0.00347415
0.000281469
0
0
0
1685647551.78956
msg_begin
7.75734e+06
-364101
-3.11822
0.0213802
0.014391
0.000818105
0
0
0
1685647551.83956
msg_begin
7.75734e+06
-364102
-3.11817
0.00159343
0.000996238
0.000206692
0
0
0
1685647551.88952
msg_begin
7.75734e+06
-364102
-3.12241
0.00613881
0.00224289
0.000472253
0
0
0
1685647551.93969
msg_begin
7.75734e+06
-364102
-3.1221
0.00204653
0.00692181
0.000846003
0
0
0
1685647551.99020
msg_begin
7.75734e+06
-364102
-3.12204
6.51926e-08
2.85218e-09
0
0
0
0
1685647552.03950
msg_begin
7.75734e+06
-364102
-3.12403
0.000906605
0.000362452
9.95311e-05
0
0
0
1685647552.08956
msg_begin
7.75734e+06
-364102
-3.12118
0.0143463
0.00314019
0.00366593
0
0
0
1685647552.13950
msg_begin
7.75734e+06
-364102
-3.12353
0.0120614
0.00567405
0.000663723
0
0
0
1685647552.18950
msg_begin
7.75734e+06
-364102
-3.12737
0.00192603
0.00451256
0.000234626
0
0
0
1685647552.23949
msg_begin
7.75734e+06
-364102
-3.13096
0.02005
0.00595596
0.000580928
0
0
0
1685647552.28951
msg_begin
7.75734e+06
-364102
-3.13236
0.0152241
0.00612691
0.000628993
0
0
0
1685647552.33950
msg_begin
7.75734e+06
-364102
-3.13305
0.00921969
0.00260568
0.000694142
0
0
0
1685647552.38948
msg_begin
7.75734e+06
-364102
-3.13356
0.00523989
0.00612257
0.00114736
0
0
0
1685647552.43947
msg_begin
7.75734e+06
-364102
-3.13374
0.00548425
0.000321877
1.83169e-05
0
0
0
1685647552.48948
msg_begin
7.75734e+06
-364102
-3.13419
0.0120251
0.00532191
0.000778829
0
0
0
1685647552.53951
msg_begin
7.75734e+06
-364102
-3.13396
5.58794e-09
1.10595e-09
0
0
0
0
1685647552.58946
msg_begin
7.75734e+06
-364102
-3.13292
0.0040967
0.00265812
0.000711674
0
0
0
1685647552.63945
msg_begin
7.75734e+06
-364102
-3.13356
0.0095958
0.00312754
0.00146423
0
0
0
1685647552.68944
msg_begin
7.75734e+06
-364102
-3.13923
0.00818974
0.00115199
0.000755254
0
0
0
1685647552.73945
msg_begin
7.75734e+06
-364102
-3.13875
0.00467288
0.000485168
0.000161959
0
0
0
1685647552.78945
msg_begin
7.75734e+06
-364102
-3.1407
8.00937e-08
2.79397e-09
0
0
0
0
1685647552.83950
msg_begin
7.75734e+06
-364102
-3.14075
0.0109009
0.0117493
0.000372982
0
0
0
1685647552.88950
msg_begin
7.75734e+06
-364102
3.1398
0.0031831
0.00801863
0.000180199
0
0
0
1685647552.93947
msg_begin
7.75734e+06
-364102
3.13842
0.0163685
0.00728763
0.00052129
0
0
0
1685647552.98951
msg_begin
7.75733e+06
-364102
3.13752
0.00482348
0.00234788
0.000224472
0
0
0
1685647553.03950
msg_begin
7.75733e+06
-364102
3.13698
0.00841901
0.0062275
0.000455586
0
0
0
1685647553.08949
msg_begin
7.75733e+06
-364102
3.13625
0.0040584
0.00315195
0.000272551
0
0
0
1685647553.13951
msg_begin
7.75733e+06
-364102
3.13713
0.00497929
0.00448951
0.00031184
0
0
0
1685647553.18951
msg_begin
7.75733e+06
-364102
3.13624
0.00586383
0.00605397
0.000641594
0
0
0
1685647553.23950
msg_begin
7.75733e+06
-364102
3.13295
0.00879085
0.00171249
9.6502e-05
0
0
0
1685647553.28955
msg_begin
7.75733e+06
-364102
3.1313
0.00758621
0.00282632
0.000615071
0
0
0
1685647553.33949
msg_begin
7.75733e+06
-364102
3.13074
0.00511548
0.00136669
0.000184481
0
0
0
1685647553.38943
msg_begin
7.75733e+06
-364102
3.13211
0.0176264
0.00515946
0.000704726
0
0
0
1685647553.43942
msg_begin
7.75733e+06
-364102
3.13298
0.018866
0.00654832
0.000886764
0
0
0
1685647553.48949
msg_begin
7.75733e+06
-364102
3.13082
0.0252682
0.00826717
0.00113091
0
0
0
1685647553.53944
msg_begin
7.75733e+06
-364102
3.12635
0.00682472
0.00257184
0.000780595
0
0
0
1685647553.58998
msg_begin
7.75733e+06
-364102
3.12658
0.0124658
0.00207407
0.000148579
0
0
0
1685647553.63944
msg_begin
7.75733e+06
-364102
3.12624
0.0106676
0.004294
0.000453285
0
0
0
1685647553.68941
msg_begin
7.75733e+06
-364102
3.12531
0.013949
0.00918923
0.00106022
0
0
0
1685647553.73942
msg_begin
7.75733e+06
-364102
3.12624
0.00445377
0.0031544
0.000917094
0
0
0
1685647553.78958
msg_begin
7.75733e+06
-364102
3.12193
0.00718052
0.0012389
0.000344816
0
0
0
1685647553.83940
msg_begin
7.75733e+06
-364102
3.12043
0.00555551
0.00327207
0.000243156
0
0
0
1685647553.88939
msg_begin
7.75733e+06
-364102
3.11822
0.0128783
0.00274402
0.00108849
0
0
0
1685647553.93941
msg_begin
7.75733e+06
-364102
3.11797
0.00726826
0.00180946
0.000451716
0
0
0
1685647553.98965
msg_begin
7.75733e+06
-364102
3.11832
0.00706199
0.00609571
0.000422577
0
0
0
1685647554.03929
msg_begin
7.75733e+06
-364102
3.11909
0.00393002
0.00199652
0.000355308
0
0
0
1685647554.08923
msg_begin
7.75733e+06
-364102
3.11669
0.0198774
0.00401537
0.000345698
0
0
0
1685647554.13924
msg_begin
7.75733e+06
-364102
3.11576
0.0113879
0.00589414
0.000278783
0
0
0
1685647554.18919
msg_begin
7.75733e+06
-364102
3.11541
0.0232352
0.00375394
0.000551821
0
0
0
1685647554.23914
msg_begin
7.75733e+06
-364102
3.11513
0.0179355
0.00315329
0.00215622
0
0
0
1685647554.28912
msg_begin
7.75733e+06
-364102
3.10951
0.00936804
0.0015307
0.000201905
0
0
0
1685647554.33914
msg_begin
7.75733e+06
-364102
3.10941
0.0236773
0.00191834
0.000355369
0
0
0
1685647554.38904
msg_begin
7.75733e+06
-364102
3.10303
0.000244454
0.000268153
6.25263e-05
0
0
0
1685647554.43905
msg_begin
7.75733e+06
-364102
3.1001
0.00824628
0.00766703
0.000447945
0
0
0
1685647554.48897
msg_begin
7.75733e+06
-364102
3.09935
0.00441711
0.00206886
0.000216712
0
0
0
1685647554.53896
msg_begin
7.75733e+06
-364102
3.09864
0.00689463
0.002571
0.000501206
0
0
0
1685647554.58901
msg_begin
7.75733e+06
-364102
3.09723
0.020186
0.00888383
0.00208083
0
0
0
1685647554.63897
msg_begin
7.75733e+06
-364102
3.09492
0.0154124
0.00553059
0.000293166
0
0
0
1685647554.68897
msg_begin
7.75733e+06
-364102
3.09188
0.00874125
0.00400137
0.000667203
0
0
0
1685647554.78895
msg_begin
7.75733e+06
-364102
3.09017
0.0160843
0.00579124
0.000378686
0
0
0
1685647554.83896
msg_begin
7.75733e+06
-364102
3.08972
0.00110897
0.000453373
1.06859e-06
0
0
0
1685647554.88895
msg_begin
7.75733e+06
-364102
3.08973
0.00165512
0.00079039
9.38946e-05
0
0
0
1685647554.93895
msg_begin
7.75733e+06
-364102
3.08961
0.00180594
0.00300818
0.000153655
0
0
0
1685647554.98893
msg_begin
7.75733e+06
-364102
3.08913
0.0129594
0.00880924
0.00107646
0
0
0
1685647555.03896
msg_begin
7.75733e+06
-364102
3.07954
5.40167e-08
5.23869e-10
0
0
0
0
1685647555.08887
msg_begin
7.75733e+06
-364102
3.07841
0.005807
0.00482304
0.00032788
0
0
0
1685647555.13882
msg_begin
7.75733e+06
-364102
3.07797
0.00382241
0.000652952
0.000114961
0
0
0
1685647555.18877
msg_begin
7.75733e+06
-364102
3.07665
0.00811985
0.00548141
0.000332114
0
0
0
1685647555.23873
msg_begin
7.75733e+06
-364102
3.07517
0.0102274
0.00357997
0.000708084
0
0
0
1685647555.28873
msg_begin
7.75733e+06
-364102
3.07445
0.0248005
0.00630771
0.002735
0
0
0
1685647555.33867
msg_begin
7.75732e+06
-364102
3.0677
0.0152209
0.0117363
0.00111793
0
0
0
1685647555.38869
msg_begin
7.75732e+06
-364102
3.06604
0.00163336
0.00377112
0.000279697
0
0
0
1685647555.43866
msg_begin
7.75732e+06
-364102
3.06604
0.0213793
0.00606513
0.00104495
0
0
0
1685647555.48862
msg_begin
7.75732e+06
-364102
3.06488
2.98023e-08
2.32831e-10
4.44089e-16
0
0
0
1685647555.53865
msg_begin
7.75732e+06
-364102
3.06487
0.00301588
0.00178661
3.98605e-05
0
0
0
1685647555.58883
msg_begin
7.75732e+06
-364102
3.06273
0.00939632
0.00862792
0.000731031
0
0
0
1685647555.63925
msg_begin
7.75732e+06
-364102
3.05803
0.000581348
0.000213205
2.12401e-05
0
0
0
1685647555.68872
msg_begin
7.75732e+06
-364102
3.05604
0.0122724
0.00353935
0.00016963
0
0
0
1685647555.73846
msg_begin
7.75732e+06
-364102
3.05409
0.00413485
0.000875282
0.000105918
0
0
0
1685647555.78846
msg_begin
7.75732e+06
-364102
3.05347
0.00201704
0.000184856
6.1699e-05
0
0
0
1685647555.83835
msg_begin
7.75732e+06
-364102
3.05007
0.00866752
0.0020372
0.00128017
0
0
0
1685647555.88830
msg_begin
7.75732e+06
-364102
3.04963
0.0174092
0.00225428
0.000278117
0
0
0
1685647555.93830
msg_begin
7.75732e+06
-364101
3.04859
0.0122186
0.00515411
0.000465671
0
0
0
1685647555.98863
msg_begin
7.75732e+06
-364101
3.04785
0.0032732
0.00167403
0.00028326
0
0
0
1685647556.03828
msg_begin
7.75732e+06
-364101
3.04639
0.00174124
0.000770825
0.000225811
0
0
0
1685647556.08821
msg_begin
7.75732e+06
-364101
3.04687
0.00151933
0.000661518
9.16072e-05
0
0
0
1685647556.13820
msg_begin
7.75732e+06
-364101
3.04599
0.0167809
0.00445845
0.000682829
0
0
0
1685647556.18820
msg_begin
7.75732e+06
-364101
3.043
0.00481938
0.00133758
0.000369938
0
0
0
1685647556.23815
msg_begin
7.75732e+06
-364101
3.0401
0.00150795
0.00457046
0.000519945
0
0
0
1685647556.28817
msg_begin
7.75732e+06
-364101
3.03795
0.00945084
0.00243382
0.00019902
0
0
0
1685647556.33815
msg_begin
7.75732e+06
-364101
3.03743
0.00464846
0.00168341
0.000101017
0
0
0
1685647556.38813
msg_begin
7.75732e+06
-364101
3.03802
0.0168361
0.0126054
0.000644124
0
0
0
1685647556.43812
msg_begin
7.75732e+06
-364101
3.0352
0.00650498
0.0014349
0.000173563
0
0
0
1685647556.48813
msg_begin
7.75732e+06
-364101
3.03602
0.00381729
0.00352536
0.000255011
0
0
0
1685647556.54109
msg_begin
7.75732e+06
-364101
3.03438
0.0065677
0.00811044
0.000439408
0
0
0
1685647556.58813
msg_begin
7.75732e+06
-364101
3.03233
0.015118
0.00394196
0.000314731
0
0
0
1685647556.63810
msg_begin
7.75732e+06
-364101
3.03109
0.00295669
0.00486267
0.000224405
0
0
0
1685647556.68806
msg_begin
7.75732e+06
-364101
3.03135
0.0126054
0.00341859
0.000370497
0
0
0
1685647556.73805
msg_begin
7.75732e+06
-364101
3.03001
0.00152888
0.000435339
6.68965e-05
0
0
0
1685647556.78808
msg_begin
7.75732e+06
-364101
3.02906
0.00735564
0.00680156
0.000397565
0
0
0
1685647556.83805
msg_begin
7.75732e+06
-364101
3.02924
0.00697127
0.00791987
0.00049503
0
0
0
1685647556.88801
msg_begin
7.75732e+06
-364101
3.02872
0.0271367
0.00792354
0.000592492
0
0
0
1685647556.93800
msg_begin
7.75732e+06
-364101
3.02773
0.00910366
0.00173036
0.000166482
0
0
0
1685647556.98801
msg_begin
7.75732e+06
-364101
3.02634
0.00336788
0.00262674
0.000312714
0
0
0
1685647557.03802
msg_begin
7.75732e+06
-364101
3.02513
0.00997724
0.00528406
0.000422819
0
0
0
1685647557.08800
msg_begin
7.75732e+06
-364101
3.02493
0.0037107
0.00575902
0.000150541
0
0
0
1685647557.13798
msg_begin
7.75732e+06
-364101
3.02392
0.00908259
0.00805194
0.000732564
0
0
0
1685647557.18797
msg_begin
7.75732e+06
-364101
3.02184
0.00806166
0.00101535
0.00033554
0
0
0
1685647557.23797
msg_begin
7.75732e+06
-364101
3.02261
0.00588116
0.00351984
0.000456836
0
0
0
1685647557.28799
msg_begin
7.75731e+06
-364101
3.02127
0.00644354
0.00175251
0.00025757
0
0
0
1685647557.33864
msg_begin
7.75731e+06
-364101
3.01971
4.38389e-05
0.000347505
9.92336e-06
0
0
0
1685647557.38795
msg_begin
7.75731e+06
-364101
3.01673
0.0195514
0.0120367
0.00171797
0
0
0
1685647557.43790
msg_begin
7.75731e+06
-364101
3.02052
0.00937585
0.00896195
0.000724532
0
0
0
1685647557.48790
msg_begin
7.75731e+06
-364101
3.01895
0.0162942
0.0127808
0.000734355
0
0
0
1685647557.53795
msg_begin
7.75731e+06
-364101
3.01762
0.00555868
0.00508424
0.000488223
0
0
0
1685647557.58826
msg_begin
7.75731e+06
-364101
3.01636
0.0279915
0.00518853
0.0020992
0
0
0
1685647557.68794
msg_begin
7.75731e+06
-364101
3.01566
0.006428
0.00346168
0.000273808
0
0
0
1685647557.73785
msg_begin
7.75731e+06
-364101
3.01609
0.0084483
0.00340499
0.000311969
0
0
0
1685647557.78778
msg_begin
7.75731e+06
-364101
3.01525
0.0133339
0.00443044
0.00108847
0
0
0
1685647557.83781
msg_begin
7.75731e+06
-364101
3.01503
0.00897069
0.00223617
0.000200695
0
0
0
1685647557.88779
msg_begin
7.75731e+06
-364101
3.01319
0.00908918
0.00815824
0.000520485
0
0
0
1685647557.93777
msg_begin
7.75731e+06
-364101
3.01218
0.00609609
0.00137187
0.000263955
0
0
0
1685647557.98787
msg_begin
7.75731e+06
-364100
3.0105
0.00314965
0.00293101
0.000197754
0
0
0
1685647558.03778
msg_begin
7.75731e+06
-364100
3.0108
0.00684889
0.00293807
0.000471511
0
0
0
1685647558.08775
msg_begin
7.75731e+06
-364100
3.01116
0.00121507
0.0024213
0.000342609
0
0
0
1685647558.13778
msg_begin
7.75731e+06
-364100
3.00987
0.0223625
0.00723073
0.000900763
0
0
0
1685647558.18773
msg_begin
7.75731e+06
-364100
3.01133
0.00582523
0.000884661
0.000419478
0
0
0
1685647558.23771
msg_begin
7.75731e+06
-364100
3.00942
0.0175112
0.00421391
0.00158865
0
0
0
1685647558.28774
msg_begin
7.75731e+06
-364100
3.00982
0.00574973
0.0104014
0.000637472
0
0
0
1685647558.33771
msg_begin
7.75731e+06
-364100
3.01254
0.00604033
0.0022774
0.000640096
0
0
0
1685647558.38769
msg_begin
7.75731e+06
-364100
3.01217
0.0154319
0.00540938
0.000797419
0
0
0
1685647558.43771
msg_begin
7.75731e+06
-364100
3.01331
0.0145737
0.00350973
0.000391085
0
0
0
1685647558.48763
msg_begin
7.75731e+06
-364100
3.01239
0.0266149
0.00315287
0.000567231
0
0
0
1685647558.53764
msg_begin
7.75731e+06
-364100
3.01282
0.0472037
0.00586778
0.00118789
0
0
0
1685647558.58764
msg_begin
7.75731e+06
-364100
3.01213
0.00883266
0.00292209
0.000727449
0
0
0
1685647558.63761
msg_begin
7.75731e+06
-364100
3.01123
0.0209
0.00885288
0.000695166
0
0
0
1685647558.68762
msg_begin
7.75731e+06
-364100
3.01192
0.00577684
0.00733717
0.000899178
0
0
0
1685647558.73765
msg_begin
7.75731e+06
-364100
3.01536
0.0179187
0.00829056
0.002372
0
0
0
1685647558.78758
msg_begin
7.75731e+06
-364100
3.01611
0.00995253
0.00470327
0.000615614
0
0
0
1685647558.83756
msg_begin
7.75731e+06
-364100
3.01446
0.0216648
0.00376943
0.000646638
0
0
0
1685647558.88753
msg_begin
7.75731e+06
-364100
3.01435
0.0114256
0.000394873
9.08928e-05
0
0
0
1685647558.93750
msg_begin
7.75731e+06
-364100
3.01278
0.0137032
0.00332582
0.000686783
0
0
0
1685647558.98747
msg_begin
7.75731e+06
-364100
3.01439
0.00464959
0.00290363
0.000511536
0
0
0
1685647559.03746
msg_begin
7.75731e+06
-364100
3.01433
0.00807051
0.00296828
0.000382489
0
0
0
1685647559.08742
msg_begin
7.75731e+06
-364100
3.0169
0.00194324
0.000609408
2.62065e-05
0
0
0
1685647559.13740
msg_begin
7.75731e+06
-364100
3.01664
0.00580523
0.00212039
0.000451926
0
0
0
1685647559.18738
msg_begin
7.75731e+06
-364100
3.01748
0.0146648
0.000666744
0.000278053
0
0
0
1685647559.23731
msg_begin
7.75731e+06
-364100
3.01899
0.00835127
0.00192368
0.000252702
0
0
0
1685647559.28729
msg_begin
7.75731e+06
-364100
3.01757
0.00260035
0.000275146
0.000142865
0
0
0
1685647559.33724
msg_begin
7.75731e+06
-364100
3.01885
0.00452667
0.00857016
0.00049081
0
0
0
1685647559.38725
msg_begin
7.7573e+06
-364100
3.02288
0.0186952
0.00320451
0.00104458
0
0
0
1685647559.43720
msg_begin
7.7573e+06
-364100
3.02342
0.0225197
0.00203425
0.000317433
0
0
0
1685647559.48721
msg_begin
7.7573e+06
-364100
3.0229
0.0191949
0.0146989
0.00137104
0
0
0
1685647559.53719
msg_begin
7.7573e+06
-364100
3.02617
0.0121723
0.0103506
0.00099635
0
0
0
1685647559.58717
msg_begin
7.7573e+06
-364100
3.02793
0.00679489
0.00315166
0.000289162
0
0
0
1685647559.63723
msg_begin
7.7573e+06
-364100
3.02708
0.0449991
0.0129713
0.000630687
0
0
0
1685647559.68721
msg_begin
7.7573e+06
-364100
3.02916
0.00692086
0.00694979
0.00140099
0
0
0
1685647559.73723
msg_begin
7.7573e+06
-364100
3.02923
0.00285929
0.00811912
0.00161063
0
0
0
1685647559.78724
msg_begin
7.7573e+06
-364100
3.02774
0.00823534
0.00249707
0.000343781
0
0
0
1685647559.83720
msg_begin
7.7573e+06
-364100
3.02951
2.04891e-08
2.79397e-09
8.88178e-16
0
0
0
1685647559.88720
msg_begin
7.7573e+06
-364100
3.0297
7.35745e-08
1.74623e-10
0
0
0
0
1685647559.93719
msg_begin
7.7573e+06
-364100
3.02875
0.0111771
0.00564665
0.00183516
0
0
0
1685647559.98725
msg_begin
7.7573e+06
-364100
3.02981
0.0026204
0.00345622
0.000392384
0
0
0
1685647560.03725
msg_begin
7.7573e+06
-364100
3.03101
0.0010561
0.00172545
6.476e-05
0
0
0
1685647560.08726
msg_begin
7.7573e+06
-364100
3.03018
0.00659947
0.00238789
0.000557919
0
0
0
1685647560.13725
msg_begin
7.7573e+06
-364100
3.03231
0.0015824
0.00328657
0.00017093
0
0
0
1685647560.18724
msg_begin
7.7573e+06
-364100
3.03317
0.0122962
0.0121685
0.00159575
0
0
0
1685647560.23722
msg_begin
7.7573e+06
-364100
3.03417
1.86265e-09
1.04774e-09
4.44089e-16
0
0
0
1685647560.28727
msg_begin
7.7573e+06
-364100
3.03521
0.0153757
0.00580155
0.000914963
0
0
0
1685647560.33725
msg_begin
7.7573e+06
-364100
3.03667
0.0219638
0.00400781
0.0010869
0
0
0
1685647560.38726
msg_begin
7.7573e+06
-364099
3.03783
0.02396
0.00382112
0.00106005
0
0
0
1685647560.43727
msg_begin
7.7573e+06
-364099
3.03947
0.00792841
0.0063107
0.000570278
0
0
0
1685647560.48728
msg_begin
7.7573e+06
-364099
3.0402
0.022112
0.00287422
0.000850562
0
0
0
1685647560.53729
msg_begin
7.7573e+06
-364099
3.04113
0.0406802
0.00665677
0.000961009
0
0
0
1685647560.58723
msg_begin
7.7573e+06
-364099
3.04384
0.0168025
0.0164106
0.00096337
0
0
0
1685647560.63729
msg_begin
7.7573e+06
-364099
3.04349
0.022045
0.00303641
0.000209141
0
0
0
1685647560.68729
msg_begin
7.7573e+06
-364099
3.04321
0.00413331
0.00219705
0.000150599
0
0
0
1685647560.73726
msg_begin
7.7573e+06
-364099
3.04517
0.000144047
0.00109665
7.60132e-05
0
0
0
1685647560.78732
msg_begin
7.7573e+06
-364099
3.04395
0.0048743
0.00265978
0.000180675
0
0
0
1685647560.83734
msg_begin
7.7573e+06
-364099
3.04513
0.0126634
0.00515719
0.000579303
0
0
0
1685647560.88735
msg_begin
7.7573e+06
-364099
3.04839
0.0044885
0.00176533
0.000250428
0
0
0
1685647560.93735
msg_begin
7.7573e+06
-364099
3.04721
0.0293863
0.00383884
0.00106954
0
0
0
1685647560.98739
msg_begin
7.7573e+06
-364099
3.04698
0.0218776
0.00535572
0.000408715
0
0
0
1685647561.03739
msg_begin
7.7573e+06
-364099
3.04572
0.00108324
0.000667933
6.61201e-05
0
0
0
1685647561.08744
msg_begin
7.7573e+06
-364099
3.04374
0.00338669
0.00331961
0.000254951
0
0
0
1685647561.13747
msg_begin
7.7573e+06
-364099
3.04194
0.00155066
0.000215713
8.33954e-05
0
0
0
1685647561.18745
msg_begin
7.7573e+06
-364099
3.04311
0.0354298
0.00631743
0.000883566
0
0
0
1685647561.23741
msg_begin
7.7573e+06
-364099
3.0442
0.00624334
0.00466714
0.000329355
0
0
0
1685647561.28741
msg_begin
7.7573e+06
-364099
3.04254
0.0358556
0.00473271
0.000769823
0
0
0
1685647561.33742
msg_begin
7.7573e+06
-364099
3.0417
0.00184639
0.000236572
0.000160511
0
0
0
1685647561.38746
msg_begin
7.7573e+06
-364099
3.04098
0.0133104
0.00498354
0.000732943
0
0
0
1685647561.43745
msg_begin
7.7573e+06
-364099
3.0422
0.0234473
0.00376729
0.000412724
0
0
0
1685647561.48744
msg_begin
7.7573e+06
-364099
3.04228
0.0253101
0.00375976
0.000381644
0
0
0
1685647561.53743
msg_begin
7.75729e+06
-364099
3.04095
0.00989854
0.00595819
0.000383535
0
0
0
1685647561.58749
msg_begin
7.75729e+06
-364099
3.04078
0.00507373
0.00121311
0.000257979
0
0
0
1685647561.63747
msg_begin
7.75729e+06
-364099
3.04019
0.00437092
0.00431213
0.000286331
0
0
0
1685647561.68747
msg_begin
7.75729e+06
-364099
3.0406
0.0113504
0.003131
0.000204204
0
0
0
1685647561.73748
msg_begin
7.75729e+06
-364099
3.0407
0.0065523
0.00323605
0.000561208
0
0
0
1685647561.78747
msg_begin
7.75729e+06
-364099
3.03921
0.0271808
0.0126917
0.00133359
0
0
0
1685647561.83745
msg_begin
7.75729e+06
-364099
3.03877
0.0034794
0.000512988
9.66929e-05
0
0
0
1685647561.88745
msg_begin
7.75729e+06
-364099
3.03842
0.0194644
0.00360143
0.000687178
0
0
0
1685647561.93744
msg_begin
7.75729e+06
-364099
3.03681
0.0185368
0.00433515
0.00094097
0
0
0
1685647561.98746
msg_begin
7.75729e+06
-364099
3.03956
0.000390565
0.000722677
5.62368e-05
0
0
0
1685647562.03747
msg_begin
7.75729e+06
-364099
3.0383
0.0093114
0.00488019
0.000399423
0
0
0
1685647562.08747
msg_begin
7.75729e+06
-364099
3.03726
0.00756614
0.00547617
0.000453754
0
0
0
1685647562.13745
msg_begin
7.75729e+06
-364099
3.03478
0.0524281
0.00878491
0.000772376
0
0
0
1685647562.18742
msg_begin
7.75729e+06
-364099
3.03536
0.00661091
0.00304368
0.000341252
0
0
0
1685647562.23744
msg_begin
7.75729e+06
-364099
3.0345
0.0519825
0.00934064
0.00246864
0
0
0
1685647562.28745
msg_begin
7.75729e+06
-364099
3.03277
0.00210399
0.00272289
0.000280382
0
0
0
1685647562.33741
msg_begin
7.75729e+06
-364099
3.03169
0.00751602
0.0113416
0.000130149
0
0
0
1685647562.38747
msg_begin
7.75729e+06
-364099
3.03682
0.0078547
0.00182202
0.000549839
0
0
0
1685647562.43748
msg_begin
7.75729e+06
-364099
3.03781
0.00875812
0.00629033
0.00171769
0
0
0
1685647562.48745
msg_begin
7.75729e+06
-364099
3.03588
0.000981771
0.000110643
9.46308e-05
0
0
0
1685647562.53744
msg_begin
7.75729e+06
-364099
3.0355
0.0207924
0.0074798
0.000715
0
0
0
1685647562.58752
msg_begin
7.75729e+06
-364099
3.03578
0.00604895
0.00495052
0.000360139
0
0
0
1685647562.63748
msg_begin
7.75729e+06
-364099
3.03212
0.026473
0.00957588
0.00052517
0
0
0
1685647562.68753
msg_begin
7.75729e+06
-364099
3.03058
0.0235825
0.0069233
0.00104595
0
0
0
1685647562.73753
msg_begin
7.75729e+06
-364099
3.02894
0.00594988
0.00205795
0.000460074
0
0
0
1685647562.78752
msg_begin
7.75729e+06
-364099
3.03046
1.58325e-08
6.40284e-10
0
0
0
0
1685647562.83753
msg_begin
7.75729e+06
-364098
3.02612
0.011
0.00430254
0.001625
0
0
0
1685647562.88755
msg_begin
7.75729e+06
-364098
3.02565
0.0202246
0.0104636
0.00119093
0
0
0
1685647562.93762
msg_begin
7.75729e+06
-364098
3.02161
0.00511167
0.00486187
0.000540039
0
0
0
1685647562.98755
msg_begin
7.75729e+06
-364098
3.02296
0.0077968
0.00113509
0.000195325
0
0
0
1685647563.03754
msg_begin
7.75729e+06
-364098
3.02336
0.0140205
0.00582348
6.89654e-05
0
0
0
1685647563.08754
msg_begin
7.75729e+06
-364098
3.02137
0.0114434
0.00286792
0.000535193
0
0
0
1685647563.13763
msg_begin
7.75729e+06
-364098
3.02093
0.030001
0.0038367
0.000924392
0
0
0
1685647563.18753
msg_begin
7.75729e+06
-364098
3.01862
0.0198616
0.00395919
0.000826523
0
0
0
1685647563.23758
msg_begin
7.75728e+06
-364098
3.0183
0.000574334
0.00106714
0.000132511
0
0
0
1685647563.28759
msg_begin
7.75728e+06
-364098
3.01764
0.0036792
0.00294394
0.000300306
0
0
0
1685647563.33752
msg_begin
7.75728e+06
-364098
3.01497
0.0117684
0.0077887
0.00106776
0
0
0
1685647563.38758
msg_begin
7.75728e+06
-364098
3.01489
0.00851084
0.00294713
0.000483132
0
0
0
1685647563.43756
msg_begin
7.75728e+06
-364098
3.01472
0.0431278
0.00796726
0.00139395
0
0
0
1685647563.48752
msg_begin
7.75728e+06
-364098
3.01401
0.0537381
0.0109248
0.0014025
0
0
0
1685647563.53752
msg_begin
7.75728e+06
-364098
3.01053
0.00859548
0.00613913
0.000699009
0
0
0
1685647563.58753
msg_begin
7.75728e+06
-364098
3.00873
0.0184031
0.00667396
0.000703045
0
0
0
1685647563.63749
msg_begin
7.75728e+06
-364098
3.00866
0.00440282
0.00741967
0.000591233
0
0
0
1685647563.68757
msg_begin
7.75728e+06
-364098
3.00953
0.00759591
0.00366861
0.000693339
0
0
0
1685647563.73769
msg_begin
7.75728e+06
-364098
3.00656
0.0135266
0.00479621
0.000802095
0
0
0
1685647563.78753
msg_begin
7.75728e+06
-364098
3.00212
0.021357
0.00301049
0.000781615
0
0
0
1685647563.83751
msg_begin
7.75728e+06
-364098
2.99894
0.0239226
0.00983711
0.000651299
0
0
0
1685647563.88750
msg_begin
7.75728e+06
-364098
2.99595
0.0159102
0.00596422
0.0013087
0
0
0
1685647563.93747
msg_begin
7.75728e+06
-364098
2.99113
0.00227379
0.000873804
0.000212548
0
0
0
1685647563.98749
msg_begin
7.75728e+06
-364098
2.99228
0.00916998
0.00736881
0.000928894
0
0
0
1685647564.03747
msg_begin
7.75728e+06
-364098
2.99076
0.00824327
0.00424391
0.000750258
0
0
0
1685647564.08746
msg_begin
7.75728e+06
-364098
2.98695
0.000796677
0.000614712
0.00010938
0
0
0
1685647564.13754
msg_begin
7.75728e+06
-364098
2.98758
0.00439835
0.000721942
0.000190148
0
0
0
1685647564.18746
msg_begin
7.75728e+06
-364098
2.98596
0.00665273
0.00121443
0.000153541
0
0
0
1685647564.23748
msg_begin
7.75728e+06
-364097
2.98122
0.0130467
0.00714587
0.00109211
0
0
0
1685647564.28752
msg_begin
7.75728e+06
-364097
2.98443
0.0592378
0.00414581
0.00199221
0
0
0
1685647564.33749
msg_begin
7.75728e+06
-364097
2.98308
0.0138447
0.00442752
0.00133261
0
0
0
1685647564.38747
msg_begin
7.75728e+06
-364097
2.98316
0.00332028
0.00135948
0.000885599
0
0
0
1685647564.43755
msg_begin
7.75728e+06
-364097
2.97899
0.00104851
0.000601293
0.000121098
0
0
0
1685647564.48754
msg_begin
7.75728e+06
-364097
2.97377
0.0112159
0.0104841
0.000877928
0
0
0
1685647564.53759
msg_begin
7.75728e+06
-364097
2.96718
0.0287695
0.00945059
0.0014689
0
0
0
1685647564.58751
msg_begin
7.75728e+06
-364097
2.95947
0.00767405
0.00548558
0.000973072
0
0
0
1685647564.63759
msg_begin
7.75728e+06
-364097
2.95581
0.00403186
0.000845251
0.000237268
0
0
0
1685647564.68755
msg_begin
7.75727e+06
-364097
2.95408
0.0232622
0.00348546
0.00128016
0
0
0
1685647564.73755
msg_begin
7.75727e+06
-364097
2.95238
0.000374211
0.001059
6.67839e-05
0
0
0
1685647564.78754
msg_begin
7.75727e+06
-364097
2.94548
0.00636362
0.00257381
0.000296207
0
0
0
1685647564.83755
msg_begin
7.75727e+06
-364097
2.94101
0.00933195
0.00818833
0.000724906
0
0
0
1685647564.88758
msg_begin
7.75727e+06
-364097
2.93759
0.0150396
0.00606802
0.0010443
0
0
0
1685647564.93766
msg_begin
7.75727e+06
-364097
2.93584
0.0211624
0.00800054
0.00137236
0
0
0
1685647564.98759
msg_begin
7.75727e+06
-364097
2.93054
0.00394458
0.00217113
8.04387e-05
0
0
0
1685647565.03756
msg_begin
7.75727e+06
-364097
2.92906
0.0110262
0.012257
0.000735557
0
0
0
1685647565.08758
msg_begin
7.75727e+06
-364096
2.92772
0.00451656
0.00499051
0.000460696
0
0
0
1685647565.13777
msg_begin
7.75727e+06
-364096
2.92575
0.00477088
0.00200262
0.000617584
0
0
0
1685647565.18755
msg_begin
7.75727e+06
-364096
2.92623
0.00494369
0.00440571
0.000270458
0
0
0
1685647565.23755
msg_begin
7.75727e+06
-364096
2.92407
0.0391393
0.0100269
0.000429394
0
0
0
1685647565.28757
msg_begin
7.75727e+06
-364096
2.92317
0.0697186
0.0159377
0.00225467
0
0
0
1685647565.33753
msg_begin
7.75727e+06
-364096
2.91891
6.34413e-06
1.41793e-06
2.20359e-07
0
0
0
1685647565.38754
msg_begin
7.75727e+06
-364096
2.91807
0.0660411
0.014918
0.00138396
0
0
0
1685647565.43754
msg_begin
7.75727e+06
-364096
2.91968
3.07336e-08
1.62981e-09
8.88178e-16
0
0
0
1685647565.48756
msg_begin
7.75727e+06
-364096
2.91916
0.00420976
0.0010084
0.000298596
0
0
0
1685647565.53752
msg_begin
7.75727e+06
-364096
2.91823
0.0131892
0.00342773
0.000324033
0
0
0
1685647565.58760
msg_begin
7.75727e+06
-364096
2.91492
0.0182627
0.00250602
0.00148173
0
0
0
1685647565.63761
msg_begin
7.75727e+06
-364096
2.91072
0.00655261
0.00289502
0.000580081
0
0
0
1685647565.68759
msg_begin
7.75727e+06
-364096
2.91066
0.00367363
0.0069069
0.000355802
0
0
0
1685647565.73760
msg_begin
7.75727e+06
-364095
2.91215
0.00259581
0.00289436
0.000392261
0
0
0
1685647565.78761
msg_begin
7.75727e+06
-364095
2.90735
0.00506787
0.000843796
0.000125182
0
0
0
1685647565.83761
msg_begin
7.75727e+06
-364095
2.90685
0.00570315
0.00141239
0.000176047
0
0
0
1685647565.88763
msg_begin
7.75727e+06
-364095
2.90871
0.00288765
0.00549168
0.00104304
0
0
0
1685647565.93785
msg_begin
7.75727e+06
-364095
2.90775
0.00278228
0.00100899
0.000108765
0
0
0
1685647565.98759
msg_begin
7.75727e+06
-364095
2.90722
0.0151143
0.00449537
0.000321806
0
0
0
1685647566.03759
msg_begin
7.75726e+06
-364095
2.90603
0.00316423
0.00167463
0.0001868
0
0
0
1685647566.08757
msg_begin
7.75726e+06
-364095
2.90515
0.0334458
0.0114246
0.000964349
0
0
0
1685647566.13796
msg_begin
7.75726e+06
-364095
2.90636
0.00518407
0.00314119
0.000114096
0
0
0
1685647566.18751
msg_begin
7.75726e+06
-364095
2.9051
0.00845982
0.00607185
0.000852708
0
0
0
1685647566.23752
msg_begin
7.75726e+06
-364095
2.90761
0.00355152
0.00173042
0.000146211
0
0
0
1685647566.28752
msg_begin
7.75726e+06
-364094
2.90953
0.0424888
0.00971757
0.00080153
0
0
0
1685647566.33762
msg_begin
7.75726e+06
-364094
2.91178
1.76951e-08
0
1.77636e-15
0
0
0
1685647566.38741
msg_begin
7.75726e+06
-364094
2.91008
0.017575
0.00488371
0.000855696
0
0
0
1685647566.43741
msg_begin
7.75726e+06
-364094
2.91057
0.0123263
0.00391409
0.000476401
0
0
0
1685647566.48738
msg_begin
7.75726e+06
-364094
2.91088
0.00458099
0.0023489
0.000489966
0
0
0
1685647566.53737
msg_begin
7.75726e+06
-364094
2.91276
0.00928085
0.00718717
0.000974138
0
0
0
1685647566.58730
msg_begin
7.75726e+06
-364094
2.9146
0.0103319
0.0149948
0.00129982
0
0
0
1685647566.63731
msg_begin
7.75726e+06
-364094
2.91616
0.0215308
0.0117781
0.00117255
0
0
0
1685647566.68730
msg_begin
7.75726e+06
-364094
2.91942
0.0138793
0.00471905
0.000745923
0
0
0
1685647566.73729
msg_begin
7.75726e+06
-364094
2.92217
0.0456319
0.0018897
5.25277e-05
0
0
0
1685647566.78724
msg_begin
7.75726e+06
-364094
2.92525
0.00630114
0.011573
0.000909962
0
0
0
1685647566.83725
msg_begin
7.75726e+06
-364094
2.92355
0.00618208
0.0060519
6.32238e-05
0
0
0
1685647566.88724
msg_begin
7.75726e+06
-364093
2.92468
0.0105912
0.0172264
0.00185066
0
0
0
1685647566.93724
msg_begin
7.75726e+06
-364093
2.93123
0.00482647
0.00329043
0.000571876
0
0
0
1685647566.98723
msg_begin
7.75726e+06
-364093
2.93419
0.00175074
0.000572173
6.72451e-05
0
0
0
1685647567.03724
msg_begin
7.75726e+06
-364093
2.93199
0.00204865
1.62923e-05
2.05037e-05
0
0
0
1685647567.08726
msg_begin
7.75726e+06
-364093
2.9323
0.00875254
0.00265432
0.00022832
0
0
0
1685647567.18719
msg_begin
7.75726e+06
-364093
2.93398
0.00733675
0.00265968
0.0005518
0
0
0
1685647567.23724
msg_begin
7.75725e+06
-364093
2.93523
0.0258446
0.00454499
0.00040044
0
0
0
1685647567.28717
msg_begin
7.75725e+06
-364093
2.93756
0.0063942
0.00458475
0.00038759
0
0
0
1685647567.33718
msg_begin
7.75725e+06
-364093
2.93711
6.51926e-08
2.96859e-09
0
0
0
0
1685647567.38715
msg_begin
7.75725e+06
-364093
2.94022
5.21541e-08
8.14907e-10
0
0
0
0
1685647567.43711
msg_begin
7.75725e+06
-364093
2.94238
0.00872748
0.00369169
0.00079989
0
0
0
1685647567.48709
msg_begin
7.75725e+06
-364093
2.93881
0.000710142
0.00424798
0.00154811
0
0
0
1685647567.53714
msg_begin
7.75725e+06
-364092
2.9368
0.000140135
0.000721212
2.43321e-06
0
0
0
1685647567.58714
msg_begin
7.75725e+06
-364092
2.93636
0.00469405
0.00894186
0.00142884
0
0
0
1685647567.68712
msg_begin
7.75725e+06
-364092
2.93891
0.00368723
0.00649495
0.000419248
0
0
0
1685647567.78712
msg_begin
7.75725e+06
-364092
2.9387
0.0201072
0.0131567
0.00181114
0
0
0
1685647567.83713
msg_begin
7.75725e+06
-364092
2.94029
0.00655939
0.00589528
0.000267164
0
0
0
1685647567.88706
msg_begin
7.75725e+06
-364092
2.94337
0.00268037
0.00367599
0.000217168
0
0
0
1685647567.98704
msg_begin
7.75725e+06
-364092
2.94109
0.0192307
0.00516993
0.000754256
0
0
0
1685647568.03709
msg_begin
7.75725e+06
-364092
2.94196
0.00552975
0.00341552
0.000267648
0
0
0
1685647568.08706
msg_begin
7.75725e+06
-364092
2.93897
0.032372
0.0150551
0.00228798
0
0
0
1685647568.13703
msg_begin
7.75725e+06
-364092
2.94594
0.0351282
0.00240305
0.000810905
0
0
0
1685647568.18706
msg_begin
7.75725e+06
-364091
2.94331
0.00838394
0.00266966
3.11556e-05
0
0
0
1685647568.23705
msg_begin
7.75725e+06
-364091
2.94175
0.0149179
0.00463474
0.000907751
0
0
0
1685647568.28705
msg_begin
7.75725e+06
-364091
2.94555
0.0192926
0.00519512
0.00162062
0
0
0
1685647568.33705
msg_begin
7.75725e+06
-364091
2.94658
0.0146258
0.00176363
0.000258078
0
0
0
1685647568.38702
msg_begin
7.75724e+06
-364091
2.94476
0.00895168
0.00147216
0.000201877
0
0
0
1685647568.43703
msg_begin
7.75724e+06
-364091
2.94282
0.0124745
0.00850198
0.00116645
0
0
0
1685647568.48706
msg_begin
7.75724e+06
-364091
2.9442
0.00955466
0.00327456
0.00092353
0
0
0
1685647568.53707
msg_begin
7.75724e+06
-364091
2.94605
0.036729
0.0116253
0.00190204
0
0
0
1685647568.58705
msg_begin
7.75724e+06
-364091
2.94358
0.0149977
0.0116177
0.000750742
0
0
0
1685647568.63707
msg_begin
7.75724e+06
-364091
2.9421
0.0097634
0.0104568
0.000420889
0
0
0
1685647568.68709
msg_begin
7.75724e+06
-364091
2.93866
0.00269653
0.00234303
0.000908195
0
0
0
1685647568.73712
msg_begin
7.75724e+06
-364091
2.93808
0.0330665
0.00831936
0.00116959
0
0
0
1685647568.78707
msg_begin
7.75724e+06
-364090
2.93605
0.0396958
0.0113633
0.00134281
0
0
0
1685647568.83712
msg_begin
7.75724e+06
-364090
2.9354
0.00352882
0.00532478
0.000173604
0
0
0
1685647568.88711
msg_begin
7.75724e+06
-364090
2.93582
0.0411261
0.0109512
0.00125045
0
0
0
1685647568.93717
msg_begin
7.75724e+06
-364090
2.93503
0.0444488
0.0106953
0.00261827
0
0
0
1685647568.98715
msg_begin
7.75724e+06
-364090
2.93319
0.00919935
0.00379163
0.000653431
0
0
0
1685647569.03723
msg_begin
7.75724e+06
-364090
2.93056
0.0149374
0.00867427
0.000902073
0
0
0
1685647569.08719
msg_begin
7.75724e+06
-364090
2.93261
0.0105307
0.00637961
0.000263199
0
0
0
1685647569.13720
msg_begin
7.75724e+06
-364090
2.93403
0.0132516
0.00283248
0.000977744
0
0
0
1685647569.18724
msg_begin
7.75724e+06
-364090
2.93874
0.00386783
0.000895635
0.000450759
0
0
0
1685647569.23723
msg_begin
7.75724e+06
-364090
2.9369
0.0315042
0.0153296
0.00187782
0
0
0
1685647569.28723
msg_begin
7.75724e+06
-364090
2.9377
0.00613789
0.00579682
0.00122577
0
0
0
1685647569.33730
msg_begin
7.75724e+06
-364090
2.93624
0.0262015
0.00562144
0.00102772
0
0
0
1685647569.38729
msg_begin
7.75724e+06
-364090
2.93983
0.00848827
0.00123678
0.000549096
0
0
0
1685647569.43726
msg_begin
7.75724e+06
-364089
2.94005
0.00854281
0.00470631
0.00102858
0
0
0
1685647569.48732
msg_begin
7.75724e+06
-364089
2.93906
0.007396
0.00373842
0.00062096
0
0
0
1685647569.53781
msg_begin
7.75723e+06
-364089
2.93788
0.0665022
0.00838215
0.0010404
0
0
0
1685647569.58730
msg_begin
7.75723e+06
-364089
2.935
0.00648081
0.00610099
0.000557805
0
0
0
1685647569.63730
msg_begin
7.75723e+06
-364089
2.9367
0.0270936
0.0170215
0.0011708
0
0
0
1685647569.68736
msg_begin
7.75723e+06
-364089
2.93726
0.0138236
0.00807398
0.000910657
0
0
0
1685647569.73729
msg_begin
7.75723e+06
-364089
2.93728
0.00804285
0.00414536
0.000648301
0
0
0
1685647569.78727
msg_begin
7.75723e+06
-364089
2.9365
0.0185455
0.00577573
0.000917882
0
0
0
1685647569.83723
msg_begin
7.75723e+06
-364089
2.93228
0.0101354
0.0028921
0.000591705
0
0
0
1685647569.88723
msg_begin
7.75723e+06
-364089
2.92645
0.0058651
0.00319036
0.000328808
0
0
0
1685647569.93721
msg_begin
7.75723e+06
-364089
2.9259
0.0499847
0.0182324
0.00191458
0
0
0
1685647569.98712
msg_begin
7.75723e+06
-364089
2.92314
0.0012026
0.000446111
2.31389e-05
0
0
0
1685647570.03711
msg_begin
7.75723e+06
-364088
2.92496
0.0282695
0.0113351
0.00151264
0
0
0
1685647570.08706
msg_begin
7.75723e+06
-364088
2.92355
0.00164206
0.00020309
0.000135607
0
0
0
1685647570.13707
msg_begin
7.75723e+06
-364088
2.9223
0.00655785
0.00197554
0.000332849
0
0
0
1685647570.18716
msg_begin
7.75723e+06
-364088
2.9219
0.0397067
0.00831008
0.00170161
0
0
0
1685647570.23728
msg_begin
7.75723e+06
-364088
2.91968
0.0135884
0.00586156
0.000770822
0
0
0
1685647570.28712
msg_begin
7.75723e+06
-364088
2.92165
0.0188086
0.00301219
0.0014492
0
0
0
1685647570.33711
msg_begin
7.75723e+06
-364088
2.92035
0.0340216
0.0132533
0.000980899
0
0
0
1685647570.38711
msg_begin
7.75723e+06
-364088
2.92185
0.013867
0.00448006
0.000586721
0
0
0
1685647570.43713
msg_begin
7.75723e+06
-364088
2.91997
0.00867838
0.00700571
0.00115887
0
0
0
1685647570.48714
msg_begin
7.75723e+06
-364088
2.91559
0.000498117
0.00121229
5.69059e-05
0
0
0
1685647570.53713
msg_begin
7.75723e+06
-364088
2.91432
0.00720876
0.003847
0.000608005
0
0
0
1685647570.58713
msg_begin
7.75723e+06
-364087
2.91344
0.0220557
0.00262972
0.000544025
0
0
0
1685647570.63718
msg_begin
7.75722e+06
-364087
2.91369
0.00943984
0.00550333
0.00277851
0
0
0
1685647570.68718
msg_begin
7.75722e+06
-364087
2.9136
0.00286245
0.000850904
5.06519e-05
0
0
0
1685647570.78719
msg_begin
7.75722e+06
-364087
2.91125
0.0132126
0.00561932
0.00119142
0
0
0
1685647570.83718
msg_begin
7.75722e+06
-364087
2.91193
0.00308911
0.00120893
8.69701e-05
0
0
0
1685647570.88723
msg_begin
7.75722e+06
-364087
2.91023
0.0163817
0.00275889
0.00111024
0
0
0
1685647570.93727
msg_begin
7.75722e+06
-364087
2.90564
0.00115353
0.000822388
8.52881e-06
0
0
0
1685647570.98724
msg_begin
7.75722e+06
-364087
2.90651
0.0129588
0.00519026
0.00091288
0
0
0
1685647571.03721
msg_begin
7.75722e+06
-364087
2.90718
0.0125255
0.00557631
0.00106535
0
0
0
1685647571.08724
msg_begin
7.75722e+06
-364087
2.90628
0.0200607
0.00866739
0.0014621
0
0
0
1685647571.13724
msg_begin
7.75722e+06
-364086
2.90425
0.0209628
0.00695917
0.000334383
0
0
0
1685647571.18722
msg_begin
7.75722e+06
-364086
2.90413
0.0263266
0.00578847
0.000377663
0
0
0
1685647571.23721
msg_begin
7.75722e+06
-364086
2.90066
0.00597033
0.00843111
0.000704378
0
0
0
1685647571.28720
msg_begin
7.75722e+06
-364086
2.89751
0.0301572
0.00636633
0.000814984
0
0
0
1685647571.33735
msg_begin
7.75722e+06
-364086
2.89618
0.00928897
0.00538568
0.00199069
0
0
0
1685647571.38718
msg_begin
7.75722e+06
-364086
2.90041
0.0222731
0.00345758
0.000481279
0
0
0
1685647571.43720
msg_begin
7.75722e+06
-364086
2.89948
0.0157733
0.00408438
0.00137996
0
0
0
1685647571.48720
msg_begin
7.75722e+06
-364086
2.89642
0.0137923
0.00533138
0.000364358
0
0
0
1685647571.53729
msg_begin
7.75722e+06
-364086
2.89398
0.00767112
0.00463523
0.000399207
0
0
0
1685647571.58722
msg_begin
7.75722e+06
-364086
2.89493
0.00621465
0.000938498
9.16698e-06
0
0
0
1685647571.63713
msg_begin
7.75722e+06
-364085
2.89372
0.0116269
0.00539701
0.000895859
0
0
0
1685647571.68714
msg_begin
7.75722e+06
-364085
2.89465
0.00413072
0.00887631
0.000185336
0
0
0
1685647571.73724
msg_begin
7.75721e+06
-364085
2.89572
0.0263151
0.0154288
0.00154652
0
0
0
1685647571.78713
msg_begin
7.75721e+06
-364085
2.88746
1.21072e-08
1.57161e-09
0
0
0
0
1685647571.83721
msg_begin
7.75721e+06
-364085
2.88865
0.0103243
0.00389125
0.000499994
0
0
0
1685647571.88708
msg_begin
7.75721e+06
-364085
2.89089
0.00464409
0.00161169
0.000309982
0
0
0
1685647571.93705
msg_begin
7.75721e+06
-364085
2.88932
0.0188655
0.00816287
0.00100273
0
0
0
1685647571.98705
msg_begin
7.75721e+06
-364085
2.8899
0.0196951
0.00476045
0.000459528
0
0
0
1685647572.03709
msg_begin
7.75721e+06
-364085
2.88893
0.0140491
0.0106834
0.000425288
0
0
0
1685647572.08711
msg_begin
7.75721e+06
-364085
2.8861
0.0201273
0.00945524
0.0011965
0
0
0
1685647572.13720
msg_begin
7.75721e+06
-364084
2.8859
6.23986e-08
2.91038e-10
0
0
0
0
1685647572.18716
msg_begin
7.75721e+06
-364084
2.88571
0.000650662
0.000121166
4.22959e-05
0
0
0
1685647572.23717
msg_begin
7.75721e+06
-364084
2.88812
0.0433726
0.00874837
0.00131069
0
0
0
1685647572.28716
msg_begin
7.75721e+06
-364084
2.88981
0.0277691
0.00333859
0.000628041
0
0
0
1685647572.33853
msg_begin
7.75721e+06
-364084
2.8928
0.0244884
0.00754202
0.0011754
0
0
0
1685647572.38716
msg_begin
7.75721e+06
-364084
2.89353
0.0331674
0.00818241
0.00121611
0
0
0
1685647572.43715
msg_begin
7.75721e+06
-364084
2.89685
0.00716329
0.0126402
0.000279594
0
0
0
1685647572.48714
msg_begin
7.75721e+06
-364084
2.89721
0.0193328
0.0110261
0.000964708
0
0
0
1685647572.53758
msg_begin
7.75721e+06
-364084
2.895
0.0374396
0.00435752
0.00218753
0
0
0
1685647572.58711
msg_begin
7.75721e+06
-364084
2.89382
0.00337286
0.00104907
0.000165634
0
0
0
1685647572.63712
msg_begin
7.75721e+06
-364083
2.89688
0.00139183
0.000242238
2.95284e-05
0
0
0
1685647572.68711
msg_begin
7.75721e+06
-364083
2.8973
0.0181376
0.00833972
0.00162439
0
0
0
1685647572.73751
msg_begin
7.75721e+06
-364083
2.89806
0.0242552
0.00113476
0.000587741
0
0
0
1685647572.78708
msg_begin
7.7572e+06
-364083
2.89614
0.0226881
0.0134199
0.000703374
0
0
0
1685647572.88708
msg_begin
7.7572e+06
-364083
2.89781
2.79397e-09
3.25963e-09
1.33227e-15
0
0
0
1685647572.93793
msg_begin
7.7572e+06
-364083
2.89589
0.0105123
0.0020134
0.00117279
0
0
0
1685647572.98701
msg_begin
7.7572e+06
-364083
2.89477
0.0371515
0.0125112
0.00207459
0
0
0
1685647573.03702
msg_begin
7.7572e+06
-364083
2.9025
0.0164346
0.0103261
0.00138897
0
0
0
1685647573.08700
msg_begin
7.7572e+06
-364082
2.90443
0.02445
0.0147651
0.00168741
0
0
0
1685647573.13800
msg_begin
7.7572e+06
-364082
2.90484
0.00216756
0.00419759
0.000514304
0
0
0
1685647573.18692
msg_begin
7.7572e+06
-364082
2.90535
0.00856151
0.00718744
0.000846121
0
0
0
1685647573.23691
msg_begin
7.7572e+06
-364082
2.90569
0.00120149
0.00148346
9.2139e-05
0
0
0
1685647573.28762
msg_begin
7.7572e+06
-364082
2.90455
0.0179513
0.0057072
0.00120836
0
0
0
1685647573.33689
msg_begin
7.7572e+06
-364082
2.90632
0.020403
0.00486604
0.000888281
0
0
0
1685647573.38693
msg_begin
7.7572e+06
-364082
2.90305
0.0251627
0.012594
0.0014409
0
0
0
1685647573.43685
msg_begin
7.7572e+06
-364082
2.90629
5.02914e-08
2.85218e-09
1.33227e-15
0
0
0
1685647573.48782
msg_begin
7.7572e+06
-364082
2.90421
0.00999725
0.000961405
0.00149211
0
0
0
1685647573.53769
msg_begin
7.7572e+06
-364082
2.9046
0.0117485
0.00370372
0.00106311
0
0
0
1685647573.58683
msg_begin
7.7572e+06
-364081
2.90284
0.0154769
0.00239764
0.00039818
0
0
0
1685647573.63682
msg_begin
7.7572e+06
-364081
2.90205
4.65661e-09
3.37604e-09
2.22045e-15
0
0
0
1685647573.68745
msg_begin
7.7572e+06
-364081
2.90395
0.00118987
0.00516005
0.000149721
0
0
0
1685647573.73677
msg_begin
7.7572e+06
-364081
2.90502
0.0229661
0.00405693
0.000790432
0
0
0
1685647573.78676
msg_begin
7.7572e+06
-364081
2.90676
0.00939569
0.00706737
0.00153002
0
0
0
1685647573.83678
msg_begin
7.7572e+06
-364081
2.9044
5.96046e-08
2.73576e-09
1.33227e-15
0
0
0
1685647573.88755
msg_begin
7.7572e+06
-364081
2.9058
0.00363212
0.00332205
0.000559043
0
0
0
1685647573.93677
msg_begin
7.75719e+06
-364081
2.90717
0.0100268
0.00813448
0.000934452
0
0
0
1685647573.98680
msg_begin
7.75719e+06
-364081
2.90808
0.00140539
0.00310213
0.000173457
0
0
0
1685647574.03676
msg_begin
7.75719e+06
-364081
2.90971
0.00720209
0.00709588
0.000459104
0
0
0
1685647574.08789
msg_begin
7.75719e+06
-364080
2.9118
0.00803819
0.00403805
0.000502873
0
0
0
1685647574.13770
msg_begin
7.75719e+06
-364080
2.91182
0.000963278
0.0016168
4.15348e-05
0
0
0
1685647574.18678
msg_begin
7.75719e+06
-364080
2.91404
0.0134719
0.00524669
0.000279984
0
0
0
1685647574.23816
msg_begin
7.75719e+06
-364080
2.91474
0.00375261
0.00350338
0.000335582
0
0
0
1685647574.28686
msg_begin
7.75719e+06
-364080
2.9147
0.00389884
0.00181536
0.000457659
0
0
0
1685647574.33805
msg_begin
7.75719e+06
-364080
2.91229
0.000326043
7.53082e-06
0.000142218
0
0
0
1685647574.38678
msg_begin
7.75719e+06
-364080
2.91341
0.00734555
0.00307017
0.00119594
0
0
0
1685647574.43676
msg_begin
7.75719e+06
-364080
2.91668
0.00705356
0.0109909
0.000444441
0
0
0
1685647574.48677
msg_begin
7.75719e+06
-364080
2.9152
2.6077e-08
5.82077e-10
2.22045e-15
0
0
0
1685647574.53675
msg_begin
7.75719e+06
-364080
2.91875
0.0369861
0.0157847
0.00123931
0
0
0
1685647574.58679
msg_begin
7.75719e+06
-364080
2.92101
0.0101335
0.00537127
0.000368336
0
0
0
1685647574.63676
msg_begin
7.75719e+06
-364079
2.9243
0.00387209
0.000860107
0.000121043
0
0
0
1685647574.68674
msg_begin
7.75719e+06
-364079
2.9244
0.0384841
0.00991069
0.00119051
0
0
0
1685647574.73785
msg_begin
7.75719e+06
-364079
2.92773
0.000529759
0.00030631
1.96423e-05
0
0
0
1685647574.80593
msg_begin
7.75719e+06
-364079
2.93183
0.00664948
0.00545839
0.00197266
0
0
0
1685647574.83683
msg_begin
7.75719e+06
-364079
2.92961
0.0124946
0.00340902
0.000632802
0
0
0
1685647574.88686
msg_begin
7.75719e+06
-364079
2.93017
0.0019243
0.000458132
0.000163153
0
0
0
1685647574.93691
msg_begin
7.75719e+06
-364079
2.93189
0.00349375
0.00259312
0.000199928
0
0
0
1685647574.98695
msg_begin
7.75718e+06
-364079
2.93473
0.00552195
0.00108037
7.93534e-05
0
0
0
1685647575.08700
msg_begin
7.75718e+06
-364079
2.93858
0.00318392
0.000437476
1.10709e-05
0
0
0
1685647575.13782
msg_begin
7.75718e+06
-364078
2.94151
0.00536734
0.00479314
0.00292788
0
0
0
1685647575.18707
msg_begin
7.75718e+06
-364078
2.9456
0.0232323
0.00471728
0.000678305
0
0
0
1685647575.23709
msg_begin
7.75718e+06
-364078
2.94483
0.0183512
0.00427926
0.00138411
0
0
0
1685647575.28802
msg_begin
7.75718e+06
-364078
2.94899
0.00817735
0.00335691
0.000633664
0
0
0
1685647575.33712
msg_begin
7.75718e+06
-364078
2.94874
0.0016226
0.00265378
0.000543213
0
0
0
1685647575.38711
msg_begin
7.75718e+06
-364078
2.95135
0.00917591
0.00653575
0.000667502
0
0
0
1685647575.43709
msg_begin
7.75718e+06
-364078
2.95573
0.00430543
0.00269957
6.42664e-05
0
0
0
1685647575.48720
msg_begin
7.75718e+06
-364078
2.95647
0.001836
0.00637643
0.00021061
0
0
0
1685647575.53719
msg_begin
7.75718e+06
-364078
2.95586
0.00482619
0.00649381
0.000571113
0
0
0
1685647575.58717
msg_begin
7.75718e+06
-364078
2.95918
0.00961461
0.0106493
0.00139128
0
0
0
1685647575.63704
msg_begin
7.75718e+06
-364078
2.95797
0.0168206
0.0022188
0.000563936
0
0
0
1685647575.68784
msg_begin
7.75718e+06
-364078
2.96088
0.00396633
0.0119626
0.000695933
0
0
0
1685647575.73727
msg_begin
7.75718e+06
-364078
2.96286
0.00437141
0.00231365
0.000219435
0
0
0
1685647575.78697
msg_begin
7.75718e+06
-364077
2.9687
0.000901986
0.00189813
6.68754e-05
0
0
0
1685647575.83696
msg_begin
7.75718e+06
-364077
2.97257
0.024214
0.00342993
0.000379176
0
0
0
1685647575.88693
msg_begin
7.75718e+06
-364077
2.97292
0.00427677
0.00562404
0.000786963
0
0
0
1685647575.93709
msg_begin
7.75718e+06
-364077
2.97487
0.020609
0.00597336
0.00129094
0
0
0
1685647575.98686
msg_begin
7.75718e+06
-364077
2.97804
0.00115262
0.00282477
0.000483314
0
0
0
1685647576.03685
msg_begin
7.75718e+06
-364077
2.97803
0.00914024
0.00216092
0.00170826
0
0
0
1685647576.08727
msg_begin
7.75718e+06
-364077
2.97722
0.0356685
0.0094022
0.00262364
0
0
0
1685647576.13687
msg_begin
7.75717e+06
-364077
2.98283
0.00116463
0.000167257
8.02203e-06
0
0
0
1685647576.18688
msg_begin
7.75717e+06
-364077
2.98039
0.0139501
0.00666374
0.00106974
0
0
0
1685647576.23713
msg_begin
7.75717e+06
-364077
2.98364
0.0306481
0.00414635
0.000420691
0
0
0
1685647576.28696
msg_begin
7.75717e+06
-364077
2.98441
0.0058094
0.00548815
0.0012158
0
0
0
1685647576.33784
msg_begin
7.75717e+06
-364077
2.98513
0.0177334
0.00312249
0.000314089
0
0
0
1685647576.38697
msg_begin
7.75717e+06
-364077
2.98491
0.0102211
0.0062701
0.00114953
0
0
0
1685647576.43703
msg_begin
7.75717e+06
-364077
2.99163
1.11759e-08
6.98492e-10
1.77636e-15
0
0
0
1685647576.48707
msg_begin
7.75717e+06
-364077
2.99411
0.00922791
0.000819388
0.000116735
0
0
0
1685647576.53714
msg_begin
7.75717e+06
-364077
2.99364
0.00718708
0.0060612
0.000618664
0
0
0
1685647576.58723
msg_begin
7.75717e+06
-364077
2.99563
0.0112974
0.00445607
0.00038841
0
0
0
1685647576.63725
msg_begin
7.75717e+06
-364076
2.99989
0.00477514
0.00215388
0.000120562
0
0
0
1685647576.68736
msg_begin
7.75717e+06
-364076
3.00327
0.00590396
0.00871471
0.000259119
0
0
0
1685647576.73824
msg_begin
7.75717e+06
-364076
3.00794
0.00397337
0.000252346
0.000206692
0
0
0
1685647576.78733
msg_begin
7.75717e+06
-364076
3.00963
0.0073603
0.00306146
0.000466429
0
0
0
1685647576.83732
msg_begin
7.75717e+06
-364076
3.00949
0.0015048
0.00109533
0.000136284
0
0
0
1685647576.88733
msg_begin
7.75717e+06
-364076
3.01133
0.00282019
0.00208768
0.000143624
0
0
0
1685647576.93739
msg_begin
7.75717e+06
-364076
3.01848
0.000838248
0.0018895
0.000233127
0
0
0
1685647576.98734
msg_begin
7.75717e+06
-364076
3.02041
0.0112383
0.00163686
0.000740389
0
0
0
1685647577.03732
msg_begin
7.75717e+06
-364076
3.02097
0.00269574
0.00170723
0.000160716
0
0
0
1685647577.08728
msg_begin
7.75717e+06
-364076
3.01993
0.0203051
0.00548886
0.00101821
0
0
0
1685647577.13764
msg_begin
7.75717e+06
-364076
3.01967
0.0025759
0.000958986
7.87309e-05
0
0
0
1685647577.18728
msg_begin
7.75717e+06
-364076
3.02188
0.00337399
0.00153796
0.000199269
0
0
0
1685647577.23735
msg_begin
7.75716e+06
-364076
3.02453
0.000290876
0.000390678
5.313e-05
0
0
0
1685647577.28812
msg_begin
7.75716e+06
-364076
3.02592
0.0093579
0.00743147
0.000488955
0
0
0
1685647577.33726
msg_begin
7.75716e+06
-364076
3.03241
0.00602621
0.000880701
0.00048562
0
0
0
1685647577.38726
msg_begin
7.75716e+06
-364076
3.02986
0.013057
0.00420518
0.00066496
0
0
0
1685647577.43725
msg_begin
7.75716e+06
-364076
3.03256
0.00795048
0.0107457
0.000647387
0
0
0
1685647577.48767
msg_begin
7.75716e+06
-364076
3.03042
0.0079071
0.00233882
0.000101736
0
0
0
1685647577.53763
msg_begin
7.75716e+06
-364076
3.03079
0.0209132
0.0124375
0.000985535
0
0
0
1685647577.58725
msg_begin
7.75716e+06
-364076
3.03098
0.0112378
0.00306488
0.000259374
0
0
0
1685647577.63725
msg_begin
7.75716e+06
-364076
3.03354
0.00536312
0.00249138
0.000239698
0
0
0
1685647577.68724
msg_begin
7.75716e+06
-364076
3.03607
0.0224848
0.0027182
0.000348457
0
0
0
1685647577.73724
msg_begin
7.75716e+06
-364076
3.03633
0.00330372
0.00215257
0.000182511
0
0
0
1685647577.78727
msg_begin
7.75716e+06
-364075
3.03891
2.70084e-08
8.73115e-10
0
0
0
0
1685647577.83734
msg_begin
7.75716e+06
-364075
3.03702
0.0138607
0.00562256
0.000516478
0
0
0
1685647577.88782
msg_begin
7.75716e+06
-364075
3.03644
0.0021164
0.0028992
0.000404491
0
0
0
1685647577.93748
msg_begin
7.75716e+06
-364075
3.04068
0.00959128
0.00567658
0.000864982
0
0
0
1685647577.98735
msg_begin
7.75716e+06
-364075
3.03908
0.0150434
0.0157035
0.000469541
0
0
0
1685647578.03730
msg_begin
7.75716e+06
-364075
3.04053
0.0179087
0.00509615
0.00033259
0
0
0
1685647578.08732
msg_begin
7.75716e+06
-364075
3.04177
0.00576088
0.00703275
0.000598402
0
0
0
1685647578.13740
msg_begin
7.75716e+06
-364075
3.04517
0.00319657
0.000736135
0.000202289
0
0
0
1685647578.18735
msg_begin
7.75716e+06
-364075
3.0475
0.00304977
0.000526236
8.64913e-05
0
0
0
1685647578.23735
msg_begin
7.75716e+06
-364075
3.04816
0.00886084
0.00782755
0.000457106
0
0
0
1685647578.28737
msg_begin
7.75716e+06
-364075
3.04659
0.0240211
0.0076341
0.00041171
0
0
0
1685647578.33828
msg_begin
7.75715e+06
-364075
3.04424
0.0200287
0.00450479
0.000491718
0
0
0
1685647578.38740
msg_begin
7.75715e+06
-364075
3.04571
0.0183211
0.0209046
0.000738955
0
0
0
1685647578.43744
msg_begin
7.75715e+06
-364075
3.04678
0.0129471
0.00476944
0.000535726
0
0
0
1685647578.48741
msg_begin
7.75715e+06
-364075
3.0453
0.0147495
0.00217353
0.00024216
0
0
0
1685647578.53826
msg_begin
7.75715e+06
-364075
3.04959
0.0308853
0.00960557
0.000415401
0
0
0
1685647578.58739
msg_begin
7.75715e+06
-364075
3.04844
0.00304836
0.00110611
0.000720728
0
0
0
1685647578.63744
msg_begin
7.75715e+06
-364075
3.05163
0.00471802
0.00123531
0.000521917
0
0
0
1685647578.68743
msg_begin
7.75715e+06
-364075
3.05243
0.0209202
0.00980003
0.00116473
0
0
0
1685647578.73755
msg_begin
7.75715e+06
-364075
3.04904
0.00513453
0.00184323
0.0002721
0
0
0
1685647578.78751
msg_begin
7.75715e+06
-364075
3.04701
0.0255701
0.00663862
0.000866954
0
0
0
1685647578.83747
msg_begin
7.75715e+06
-364075
3.04748
0.00780791
0.00447253
0.000176752
0
0
0
1685647578.88751
msg_begin
7.75715e+06
-364075
3.04909
0.00157434
0.00114955
0.000196894
0
0
0
1685647578.93750
msg_begin
7.75715e+06
-364075
3.04634
0.00774124
0.00686808
0.00058135
0
0
0
1685647578.98752
msg_begin
7.75715e+06
-364075
3.0472
0.00529916
0.000476843
0.000202195
0
0
0
1685647579.03754
msg_begin
7.75715e+06
-364075
3.04547
0.002303
0.000531034
0.000373398
0
0
0
1685647579.08753
msg_begin
7.75715e+06
-364075
3.04892
0.0125327
0.00671146
0.000437735
0
0
0
1685647579.13833
msg_begin
7.75715e+06
-364075
3.04794
0.00388017
0.00345961
0.000124758
0
0
0
1685647579.18758
msg_begin
7.75715e+06
-364075
3.04977
0.030015
0.00758379
0.00028144
0
0
0
1685647579.23762
msg_begin
7.75715e+06
-364075
3.04854
0.018776
0.00343216
0.000398483
0
0
0
1685647579.28762
msg_begin
7.75715e+06
-364075
3.04947
0.021541
0.00360887
0.000742915
0
0
0
1685647579.33761
msg_begin
7.75715e+06
-364074
3.04733
0.00627592
0.00111944
0.000140406
0
0
0
1685647579.38766
msg_begin
7.75715e+06
-364074
3.04331
0.00147454
0.00117598
5.30875e-05
0
0
0
1685647579.43759
msg_begin
7.75715e+06
-364074
3.04251
0.0777835
0.00523736
0.00143136
0
0
0
1685647579.48805
msg_begin
7.75715e+06
-364074
3.04332
0.0216403
0.00498077
0.000733197
0
0
0
1685647579.53862
msg_begin
7.75714e+06
-364074
3.04426
0.00759307
0.00326264
0.000382483
0
0
0
1685647579.58758
msg_begin
7.75714e+06
-364074
3.04442
0.00966693
0.00573273
0.000484298
0
0
0
1685647579.63764
msg_begin
7.75714e+06
-364074
3.04216
0.00601478
0.00168273
0.000203327
0
0
0
1685647579.68763
msg_begin
7.75714e+06
-364074
3.04094
0.0105474
0.0026016
0.000396273
0
0
0
1685647579.73764
msg_begin
7.75714e+06
-364074
3.03923
0.00072424
0.000108545
1.41346e-05
0
0
0
1685647579.78762
msg_begin
7.75714e+06
-364074
3.03688
0.00631696
0.00173855
0.000476329
0
0
0
1685647579.83762
msg_begin
7.75714e+06
-364074
3.03787
0.0184646
0.00272159
0.000462162
0
0
0
1685647579.88760
msg_begin
7.75714e+06
-364074
3.03862
0.000546833
0.000398003
0.000111191
0
0
0
1685647579.93866
msg_begin
7.75714e+06
-364074
3.0388
0.0140039
0.00307327
0.000497856
0
0
0
1685647579.98756
msg_begin
7.75714e+06
-364074
3.03859
0.0160417
0.00199779
0.00096228
0
0
0
1685647580.03750
msg_begin
7.75714e+06
-364074
3.03897
0.00740507
0.0121853
0.00089921
0
0
0
1685647580.08749
msg_begin
7.75714e+06
-364074
3.0382
0.00757983
0.00407477
0.000338601
0
0
0
1685647580.13750
msg_begin
7.75714e+06
-364074
3.0388
0.0104476
0.00602919
0.000475076
0
0
0
1685647580.18745
msg_begin
7.75714e+06
-364074
3.03688
0.00417632
0.00600313
0.000319846
0
0
0
1685647580.23744
msg_begin
7.75714e+06
-364074
3.03664
0.00436057
0.00115257
0.000368006
0
0
0
1685647580.28748
msg_begin
7.75714e+06
-364074
3.03444
0.00487376
0.00398616
0.000299303
0
0
0
1685647580.33812
msg_begin
7.75714e+06
-364074
3.03191
0.0101741
0.00246202
0.000372137
0
0
0
1685647580.38743
msg_begin
7.75714e+06
-364074
3.02955
0.0140478
0.00149071
0.000177394
0
0
0
1685647580.43743
msg_begin
7.75714e+06
-364074
3.02914
0.0254594
0.00370754
0.000322972
0
0
0
1685647580.48743
msg_begin
7.75714e+06
-364074
3.03131
0.016054
0.00871698
0.000733047
0
0
0
1685647580.53742
msg_begin
7.75714e+06
-364074
3.02942
0.0117146
0.00669308
0.00101543
0
0
0
1685647580.58743
msg_begin
7.75714e+06
-364074
3.02696
0.0264724
0.0042666
0.00096943
0
0
0
1685647580.63747
msg_begin
7.75714e+06
-364074
3.02364
0.000146244
0.000118081
3.44925e-05
0
0
0
1685647580.68746
msg_begin
7.75713e+06
-364074
3.0243
0.000866998
0.000525491
4.08261e-05
0
0
0
1685647580.73746
msg_begin
7.75713e+06
-364074
3.02356
0.00516351
0.00349298
0.000432951
0
0
0
1685647580.78744
msg_begin
7.75713e+06
-364073
3.02176
1.76951e-08
4.65661e-10
0
0
0
0
1685647580.83744
msg_begin
7.75713e+06
-364073
3.02222
0.0100202
0.016281
0.000567721
0
0
0
1685647580.88750
msg_begin
7.75713e+06
-364073
3.02282
0.0135337
0.00431074
0.000540381
0
0
0
1685647580.93748
msg_begin
7.75713e+06
-364073
3.01827
0.0143254
0.00794964
0.00165161
0
0
0
1685647580.98748
msg_begin
7.75713e+06
-364073
3.01764
0.0272111
0.014268
0.00166672
0
0
0
1685647581.03751
msg_begin
7.75713e+06
-364073
3.01733
0.00225261
0.00233596
0.000136994
0
0
0
1685647581.08748
msg_begin
7.75713e+06
-364073
3.01722
0.0220311
0.00946865
0.00045688
0
0
0
1685647581.13747
msg_begin
7.75713e+06
-364073
3.01742
0.0174259
0.0040815
0.000780554
0
0
0
1685647581.18745
msg_begin
7.75713e+06
-364073
3.01803
0.0108346
0.0121242
0.00184598
0
0
0
1685647581.23776
msg_begin
7.75713e+06
-364073
3.01538
0.0151432
0.00607452
0.000798937
0
0
0
1685647581.28747
msg_begin
7.75713e+06
-364073
3.01534
0.00417984
0.000941119
0.000129177
0
0
0
1685647581.33745
msg_begin
7.75713e+06
-364073
3.01462
0.0434735
0.00953272
0.000579357
0
0
0
1685647581.38749
msg_begin
7.75713e+06
-364073
3.01498
0.0251797
0.00401793
0.00062936
0
0
0
1685647581.43750
msg_begin
7.75713e+06
-364073
3.01216
0.0250347
0.00742906
0.00175513
0
0
0
1685647581.48751
msg_begin
7.75713e+06
-364073
3.00863
0.00945076
0.00553227
0.000552639
0
0
0
1685647581.53749
msg_begin
7.75713e+06
-364073
3.01066
0.0127178
0.00313562
0.000268382
0
0
0
1685647581.58748
msg_begin
7.75713e+06
-364073
3.00792
0.00680791
0.00362712
0.000313848
0
0
0
1685647581.63746
msg_begin
7.75713e+06
-364073
3.00687
0.0170129
0.00650471
0.000714293
0
0
0
1685647581.68749
msg_begin
7.75713e+06
-364073
3.00764
0.00130289
0.000521116
7.54305e-05
0
0
0
1685647581.73748
msg_begin
7.75713e+06
-364073
3.0066
0.00911126
0.00285347
0.00105482
0
0
0
1685647581.78745
msg_begin
7.75713e+06
-364073
3.0049
0.00459077
0.00253815
0.000556194
0
0
0
1685647581.83740
msg_begin
7.75713e+06
-364073
3.00436
0.016138
0.00323085
0.000238477
0
0
0
1685647581.88741
msg_begin
7.75713e+06
-364073
2.99998
0.00966117
0.00329484
0.000644796
0
0
0
1685647581.93735
msg_begin
7.75712e+06
-364072
2.99882
0.00923559
0.00453274
0.000495837
0
0
0
1685647581.98734
msg_begin
7.75712e+06
-364072
2.99841
0.00865978
0.000254722
0.000315821
0
0
0
1685647582.03731
msg_begin
7.75712e+06
-364072
2.99846
1.11759e-08
2.96859e-09
0
0
0
0
1685647582.08732
msg_begin
7.75712e+06
-364072
2.99776
0.020467
0.00328353
0.000943396
0
0
0
1685647582.13733
msg_begin
7.75712e+06
-364072
2.99503
0.0208342
0.00781096
0.000373886
0
0
0
1685647582.18728
msg_begin
7.75712e+06
-364072
2.99345
0.0233544
0.019365
0.00126737
0
0
0
1685647582.23758
msg_begin
7.75712e+06
-364072
2.99402
0.011794
0.00226085
0.000117543
0
0
0
1685647582.28729
msg_begin
7.75712e+06
-364072
2.99486
0.0350541
0.00686189
0.00145037
0
0
0
1685647582.33730
msg_begin
7.75712e+06
-364072
2.99156
0.00461147
0.00138717
0.00024496
0
0
0
1685647582.38728
msg_begin
7.75712e+06
-364072
2.99193
0.0273765
0.00608724
0.00038683
0
0
0
1685647582.43732
msg_begin
7.75712e+06
-364072
2.98758
0.0129023
0.00254838
0.000680671
0
0
0
1685647582.48733
msg_begin
7.75712e+06
-364072
2.98987
0.0217536
0.0125555
0.000493088
0
0
0
1685647582.53734
msg_begin
7.75712e+06
-364072
2.98992
0.00786992
0.0104562
0.00069253
0
0
0
1685647582.58730
msg_begin
7.75712e+06
-364072
2.98739
0.0054877
0.00415406
0.000579042
0
0
0
1685647582.63737
msg_begin
7.75712e+06
-364072
2.98936
0.0052649
0.00342743
0.000657637
0
0
0
1685647582.68733
msg_begin
7.75712e+06
-364072
2.99016
0.0247661
0.0026397
0.000394039
0
0
0
1685647582.73734
msg_begin
7.75712e+06
-364072
2.98709
0.00142509
0.000103655
0.000101283
0
0
0
1685647582.78733
msg_begin
7.75712e+06
-364072
2.9868
0.0100007
0.00457
0.000223758
0
0
0
1685647582.83737
msg_begin
7.75712e+06
-364072
2.98651
0.00390241
0.00385328
0.000265907
0
0
0
1685647582.88738
msg_begin
7.75712e+06
-364071
2.98604
0.00709295
0.00115168
0.000395199
0
0
0
1685647582.93736
msg_begin
7.75712e+06
-364071
2.98742
0.00473412
8.815e-05
5.4569e-05
0
0
0
1685647582.98736
msg_begin
7.75712e+06
-364071
2.98528
0.0155099
0.0021162
0.00031515
0
0
0
1685647583.03738
msg_begin
7.75712e+06
-364071
2.98557
0.0381901
0.00727071
0.000721833
0
0
0
1685647583.08741
msg_begin
7.75711e+06
-364071
2.98664
0.0166805
0.00392379
0.000914938
0
0
0
1685647583.18741
msg_begin
7.75711e+06
-364071
2.98387
0.00317954
0.00158794
0.000153648
0
0
0
1685647583.23746
msg_begin
7.75711e+06
-364071
2.98243
0.0157071
0.00468839
0.00020556
0
0
0
1685647583.28746
msg_begin
7.75711e+06
-364071
2.98142
0.00668845
0.000686414
0.000111083
0
0
0
1685647583.33742
msg_begin
7.75711e+06
-364071
2.98234
0.00813541
0.0015331
0.000609022
0
0
0
1685647583.38741
msg_begin
7.75711e+06
-364071
2.97891
0.0221052
0.00335413
0.000495309
0
0
0
1685647583.43743
msg_begin
7.75711e+06
-364071
2.97944
0.00242714
0.000405711
7.43299e-05
0
0
0
1685647583.48743
msg_begin
7.75711e+06
-364071
2.98074
0.00388164
0.00357421
0.000473867
0
0
0
1685647583.53741
msg_begin
7.75711e+06
-364071
2.98219
0.0162803
0.00768715
0.000887032
0
0
0
1685647583.58740
msg_begin
7.75711e+06
-364071
2.98137
0.0106194
0.00504828
0.00096252
0
0
0
1685647583.63735
msg_begin
7.75711e+06
-364071
2.97859
0.00282223
0.00239647
0.000223292
0
0
0
1685647583.68736
msg_begin
7.75711e+06
-364071
2.97966
0.00351664
0.00198538
5.25846e-06
0
0
0
1685647583.73736
msg_begin
7.75711e+06
-364071
2.98029
1.76951e-08
4.65661e-10
1.33227e-15
0
0
0
1685647583.78731
msg_begin
7.75711e+06
-364071
2.97959
0.0138776
0.00591459
0.000179428
0
0
0
1685647583.83729
msg_begin
7.75711e+06
-364070
2.97993
0.0172323
0.00398747
0.000559189
0
0
0
1685647583.88729
msg_begin
7.75711e+06
-364070
2.97905
0.00106565
0.00313222
0.000507245
0
0
0
1685647583.93728
msg_begin
7.75711e+06
-364070
2.97879
0.00242934
0.00565814
0.000302293
0
0
0
1685647583.98727
msg_begin
7.75711e+06
-364070
2.97756
0.00837315
0.00418375
0.000269343
0
0
0
1685647584.03728
msg_begin
7.75711e+06
-364070
2.97682
0.00558927
0.00324696
0.000339687
0
0
0
1685647584.08728
msg_begin
7.75711e+06
-364070
2.97771
0.0287386
0.000935487
0.002747
0
0
0
1685647584.13743
msg_begin
7.75711e+06
-364070
2.97806
0.00314511
0.00332097
0.000983926
0
0
0
1685647584.18729
msg_begin
7.75711e+06
-364070
2.97585
0.0067133
0.00624915
0.000686775
0
0
0
1685647584.23749
msg_begin
7.75711e+06
-364070
2.97424
0.00588527
0.000832735
0.000648256
0
0
0
1685647584.28722
msg_begin
7.75711e+06
-364070
2.97701
0.00545549
0.00220767
0.00110302
0
0
0
1685647584.33720
msg_begin
7.75711e+06
-364070
2.97456
0.0159748
0.00103641
0.000281
0
0
0
1685647584.38721
msg_begin
7.75711e+06
-364070
2.9751
0.00565361
0.00428196
0.000747404
0
0
0
1685647584.43721
msg_begin
7.7571e+06
-364070
2.97537
0.00011647
0.00200204
0.0006778
0
0
0
1685647584.48720
msg_begin
7.7571e+06
-364070
2.97399
0.0136414
0.00593627
0.000214618
0
0
0
1685647584.53721
msg_begin
7.7571e+06
-364070
2.97423
0.0055504
0.00123115
0.000192002
0
0
0
1685647584.58718
msg_begin
7.7571e+06
-364070
2.97385
0.00561366
0.000325361
0.000191443
0
0
0
1685647584.63719
msg_begin
7.7571e+06
-364070
2.97361
0.00293246
0.000351978
0.000115261
0
0
0
1685647584.68719
msg_begin
7.7571e+06
-364070
2.97303
0.00572362
0.000599269
7.06777e-05
0
0
0
1685647584.73718
msg_begin
7.7571e+06
-364069
2.97368
0.0249149
0.00796616
0.000914115
0
0
0
1685647584.83711
msg_begin
7.7571e+06
-364069
2.97394
0.000513848
0.000591311
0.00023766
0
0
0
1685647584.88722
msg_begin
7.7571e+06
-364069
2.97395
0.00472474
0.000495614
0.000809968
0
0
0
1685647584.93711
msg_begin
7.7571e+06
-364069
2.97243
0.00766158
0.000937555
0.000257582
0
0
0
1685647584.98722
msg_begin
7.7571e+06
-364069
2.97168
0.025852
0.0137668
0.00141584
0
0
0
1685647585.03710
msg_begin
7.7571e+06
-364069
2.97013
0.00370269
0.00166967
0.000461583
0
0
0
1685647585.08710
msg_begin
7.7571e+06
-364069
2.96904
0.0222914
0.00494558
0.00206892
0
0
0
1685647585.13709
msg_begin
7.7571e+06
-364069
2.97319
0.0062695
0.000326825
0.000647343
0
0
0
1685647585.18709
msg_begin
7.7571e+06
-364069
2.97402
0.00361681
3.00774e-05
9.91639e-05
0
0
0
1685647585.23713
msg_begin
7.7571e+06
-364069
2.974
0.00155492
0.000127445
1.80281e-05
0
0
0
1685647585.28710
msg_begin
7.7571e+06
-364069
2.97394
0
1.16415e-10
4.44089e-16
0
0
0
1685647585.33716
msg_begin
7.7571e+06
-364069
2.97396
0.00258138
0.000796777
0.00025146
0
0
0
1685647585.38717
msg_begin
7.7571e+06
-364069
2.97377
0.00858782
0.0025227
0.000299702
0
0
0
1685647585.43720
msg_begin
7.7571e+06
-364069
2.97819
0.0152633
0.006351
0.00109103
0
0
0
1685647585.48724
msg_begin
7.7571e+06
-364069
2.97643
0.00670745
0.0070083
0.00165505
0
0
0
1685647585.53724
msg_begin
7.7571e+06
-364069
2.97795
0.0011873
0.000302916
0.000157345
0
0
0
1685647585.58730
msg_begin
7.7571e+06
-364069
2.97795
0.000247311
3.49802e-05
7.40562e-06
0
0
0
1685647585.63733
msg_begin
7.7571e+06
-364068
2.97893
0.0199666
0.00369545
0.000659568
0
0
0
1685647585.68737
msg_begin
7.75709e+06
-364068
2.98085
0.0185321
0.00323621
0.000540885
0
0
0
1685647585.73743
msg_begin
7.75709e+06
-364068
2.98224
8.56853e-05
0.00112369
1.83956e-05
0
0
0
1685647585.78748
msg_begin
7.75709e+06
-364068
2.98137
0.0151095
0.00463825
0.000981217
0
0
0
1685647585.83755
msg_begin
7.75709e+06
-364068
2.98292
0.0103896
0.00820129
0.00118463
0
0
0
1685647585.88750
msg_begin
7.75709e+06
-364068
2.98325
0.00981166
0.000966544
0.000178848
0
0
0
1685647585.93755
msg_begin
7.75709e+06
-364068
2.98513
0.0349437
0.00816134
0.00112878
0
0
0
1685647585.98753
msg_begin
7.75709e+06
-364068
2.9875
0.00300239
0.000350956
0.000102808
0
0
0
1685647586.03750
msg_begin
7.75709e+06
-364068
2.98973
0.00121978
0.00421249
0.000155599
0
0
0
1685647586.08810
msg_begin
7.75709e+06
-364068
2.99097
0.0115369
0.00272372
0.000231374
0
0
0
1685647586.13743
msg_begin
7.75709e+06
-364068
2.99502
9.44619e-05
0.00235284
0.000172631
0
0
0
1685647586.18742
msg_begin
7.75709e+06
-364068
2.99636
0.0189076
0.00729285
0.000522143
0
0
0
1685647586.23761
msg_begin
7.75709e+06
-364068
2.99759
0.0328887
0.00564934
0.000827895
0
0
0
1685647586.28737
msg_begin
7.75709e+06
-364068
2.998
0.015992
0.000688412
0.000150787
0
0
0
1685647586.33737
msg_begin
7.75709e+06
-364068
2.99935
0.0298511
0.00879672
0.00166146
0
0
0
1685647586.38738
msg_begin
7.75709e+06
-364068
3.00399
0.00799942
0.00237485
8.05035e-05
0
0
0
1685647586.43733
msg_begin
7.75709e+06
-364068
3.00587
0.00987004
0.00331469
0.000350229
0
0
0
1685647586.48731
msg_begin
7.75709e+06
-364068
3.01081
0.0126673
0.00260522
0.000394858
0
0
0
1685647586.53732
msg_begin
7.75709e+06
-364068
3.01212
0.0218624
0.00608171
0.000625788
0
0
0
1685647586.58734
msg_begin
7.75709e+06
-364068
3.017
0.0250487
0.00205378
0.000692173
0
0
0
1685647586.63737
msg_begin
7.75709e+06
-364068
3.02023
0.000640804
0.00153112
0.000227474
0
0
0
1685647586.68748
msg_begin
7.75709e+06
-364067
3.02269
0.0014194
0.010232
0.000776751
0
0
0
1685647586.73736
msg_begin
7.75709e+06
-364067
3.02399
0.000747306
0.0110802
0.00042178
0
0
0
1685647586.78733
msg_begin
7.75709e+06
-364067
3.02522
0.00988053
0.0174643
0.000562282
0
0
0
1685647586.83735
msg_begin
7.75709e+06
-364067
3.02876
0.0471896
0.00210193
0.000398825
0
0
0
1685647586.88736
msg_begin
7.75709e+06
-364067
3.03203
0.0145358
0.00164295
0.00131449
0
0
0
1685647586.93738
msg_begin
7.75709e+06
-364067
3.03699
0.00631559
0.00533528
0.00052941
0
0
0
1685647586.98737
msg_begin
7.75709e+06
-364067
3.03394
0.00405368
0.00933683
0.000339225
0
0
0
1685647587.03736
msg_begin
7.75708e+06
-364067
3.0342
0.00937093
0.00527498
0.000510873
0
0
0
1685647587.08741
msg_begin
7.75708e+06
-364067
3.03407
0.00969685
0.00897753
0.000500527
0
0
0
1685647587.13740
msg_begin
7.75708e+06
-364067
3.03703
0.00986425
0.00233923
0.000182741
0
0
0
1685647587.18740
msg_begin
7.75708e+06
-364067
3.04086
0.00343578
0.000227193
0.000147317
0
0
0
1685647587.23809
msg_begin
7.75708e+06
-364067
3.04123
0.000364308
7.19376e-05
6.28825e-05
0
0
0
1685647587.28749
msg_begin
7.75708e+06
-364067
3.04355
0.00280783
0.000585286
0.000312872
0
0
0
1685647587.33748
msg_begin
7.75708e+06
-364067
3.04603
0.00846326
0.00576044
0.000537445
0
0
0
1685647587.38751
msg_begin
7.75708e+06
-364067
3.04751
0.0143414
0.00912624
0.00183905
0
0
0
1685647587.43753
msg_begin
7.75708e+06
-364067
3.05158
0.00642605
0.00102788
0.000202799
0
0
0
1685647587.48752
msg_begin
7.75708e+06
-364067
3.05283
0.00829779
0.00645604
0.000459244
0
0
0
1685647587.53751
msg_begin
7.75708e+06
-364067
3.05374
0.003592
0.00322447
0.000527725
0
0
0
1685647587.58750
msg_begin
7.75708e+06
-364067
3.05824
0.0166638
0.00347018
0.0011968
0
0
0
1685647587.68749
msg_begin
7.75708e+06
-364067
3.06169
0.0122255
0.00684147
0.0013645
0
0
0
1685647587.73750
msg_begin
7.75708e+06
-364067
3.06326
0.00659424
0.00409825
0.000599822
0
0
0
1685647587.78750
msg_begin
7.75708e+06
-364067
3.06539
0.0101121
0.00309651
0.000110968
0
0
0
1685647587.83748
msg_begin
7.75708e+06
-364067
3.0658
0.00390442
0.00327057
0.000666406
0
0
0
1685647587.88749
msg_begin
7.75708e+06
-364067
3.07
0.00305989
0.00507268
0.000111041
0
0
0
1685647587.93747
msg_begin
7.75708e+06
-364067
3.07235
0.0112382
0.00295185
0.000986397
0
0
0
1685647587.98752
msg_begin
7.75708e+06
-364067
3.07213
0.011153
0.00353721
0.000391823
0
0
0
1685647588.03752
msg_begin
7.75708e+06
-364067
3.07437
8.00937e-08
2.85218e-09
4.44089e-16
0
0
0
1685647588.08754
msg_begin
7.75708e+06
-364067
3.07765
0.0141697
0.0100531
0.000192878
0
0
0
1685647588.13750
msg_begin
7.75708e+06
-364067
3.07909
0.00182232
0.000325113
8.12236e-05
0
0
0
1685647588.18751
msg_begin
7.75708e+06
-364067
3.08032
0.00870483
0.00367785
0.000358722
0
0
0
1685647588.23749
msg_begin
7.75708e+06
-364067
3.08167
0.000639118
0.000351463
6.28168e-06
0
0
0
1685647588.28746
msg_begin
7.75708e+06
-364067
3.0835
0.00145503
0.00117366
1.39478e-05
0
0
0
1685647588.33743
msg_begin
7.75707e+06
-364067
3.08508
0.00719016
0.00476822
0.000932871
0
0
0
1685647588.38745
msg_begin
7.75707e+06
-364067
3.08423
0.0116845
0.00349808
0.000178302
0
0
0
1685647588.43742
msg_begin
7.75707e+06
-364067
3.08402
0.00760088
0.00333105
0.000907746
0
0
0
1685647588.48740
msg_begin
7.75707e+06
-364067
3.08473
0.00866266
0.00395642
0.000682269
0
0
0
1685647588.53738
msg_begin
7.75707e+06
-364067
3.08597
0.0169527
0.0100659
0.0009787
0
0
0
1685647588.58737
msg_begin
7.75707e+06
-364067
3.09068
0.0127605
0.00114918
0.000531345
0
0
0
1685647588.63732
msg_begin
7.75707e+06
-364067
3.09044
0.00709647
0.00398187
0.000594466
0
0
0
1685647588.68735
msg_begin
7.75707e+06
-364067
3.08944
0.000247485
0.000148206
4.25511e-05
0
0
0
1685647588.73732
msg_begin
7.75707e+06
-364067
3.0943
0.00971739
0.00491122
0.00207863
0
0
0
1685647588.78727
msg_begin
7.75707e+06
-364067
3.10002
0.00163496
0.000232354
1.16474e-06
0
0
0
1685647588.83726
msg_begin
7.75707e+06
-364067
3.10131
0.0398347
0.00611688
0.000515991
0
0
0
1685647588.88725
msg_begin
7.75707e+06
-364067
3.10243
0.00326572
0.00274533
0.000431743
0
0
0
1685647588.93725
msg_begin
7.75707e+06
-364067
3.09882
0.00345626
0.000262812
0.000138898
0
0
0
1685647588.98725
msg_begin
7.75707e+06
-364067
3.10043
0.013587
0.0086885
0.000703828
0
0
0
1685647589.03726
msg_begin
7.75707e+06
-364067
3.10109
0.0111639
0.000987417
0.000332345
0
0
0
1685647589.08724
msg_begin
7.75707e+06
-364067
3.10251
0.0134806
0.0025517
0.00161205
0
0
0
1685647589.13725
msg_begin
7.75707e+06
-364067
3.10286
0.0126032
0.00282362
0.00142028
0
0
0
1685647589.18724
msg_begin
7.75707e+06
-364067
3.10093
0.00224175
0.00223897
0.000746769
0
0
0
1685647589.23726
msg_begin
7.75707e+06
-364067
3.10155
0.00124967
0.000974456
0.00024819
0
0
0
1685647589.28731
msg_begin
7.75707e+06
-364067
3.10453
0.00173835
0.00107515
8.7102e-05
0
0
0
1685647589.33722
msg_begin
7.75707e+06
-364067
3.10478
0.00930785
0.00619364
0.000940825
0
0
0
1685647589.38720
msg_begin
7.75707e+06
-364067
3.10634
0.00870806
0.00854052
0.00137019
0
0
0
1685647589.43721
msg_begin
7.75707e+06
-364067
3.10839
5.86733e-08
6.40284e-10
4.44089e-16
0
0
0
1685647589.48721
msg_begin
7.75707e+06
-364067
3.10944
0.00228658
0.00252646
0.000135995
0
0
0
1685647589.53721
msg_begin
7.75707e+06
-364067
3.10907
0.00835701
0.00718811
0.00092275
0
0
0
1685647589.58729
msg_begin
7.75707e+06
-364067
3.10913
0.00186779
0.000801134
7.48408e-05
0
0
0
1685647589.63724
msg_begin
7.75706e+06
-364067
3.11054
0.0121013
0.00468922
0.000902927
0
0
0
1685647589.68728
msg_begin
7.75706e+06
-364067
3.11044
0.00668249
0.00662746
0.000656693
0
0
0
1685647589.73731
msg_begin
7.75706e+06
-364067
3.10729
0.00847524
0.00380409
0.000605181
0
0
0
1685647589.78729
msg_begin
7.75706e+06
-364067
3.10721
0.00275181
0.00106871
0.000812038
0
0
0
1685647589.83733
msg_begin
7.75706e+06
-364067
3.1028
0.0200856
0.0106481
0.000680579
0
0
0
1685647589.88732
msg_begin
7.75706e+06
-364067
3.09981
0.00586281
0.000172428
0.00019276
0
0
0
1685647589.93732
msg_begin
7.75706e+06
-364067
3.09943
0.0118066
0.00410851
0.000493782
0
0
0
1685647589.98737
msg_begin
7.75706e+06
-364067
3.09882
0.00153088
0.00188744
0.000112929
0
0
0
1685647590.03736
msg_begin
7.75706e+06
-364067
3.09854
0.00114884
0.000731352
7.97712e-05
0
0
0
1685647590.08743
msg_begin
7.75706e+06
-364067
3.09855
0.0342623
0.00684891
0.000574045
0
0
0
1685647590.13739
msg_begin
7.75706e+06
-364067
3.10037
0.0160728
0.00661427
0.00101661
0
0
0
1685647590.18739
msg_begin
7.75706e+06
-364067
3.10089
0.0227663
0.00358398
0.000510133
0
0
0
1685647590.23887
msg_begin
7.75706e+06
-364067
3.09671
0.0202935
0.00542092
0.00148317
0
0
0
1685647590.28736
msg_begin
7.75706e+06
-364067
3.09202
0.00210257
0.000382933
0.00013668
0
0
0
1685647590.33739
msg_begin
7.75706e+06
-364067
3.09103
0.0207853
0.00561689
0.000910405
0
0
0
1685647590.38738
msg_begin
7.75706e+06
-364067
3.08919
0.0109573
0.00308838
0.000774128
0
0
0
1685647590.43738
msg_begin
7.75706e+06
-364067
3.08725
0.00973708
0.00481112
0.000449673
0
0
0
1685647590.48735
msg_begin
7.75706e+06
-364067
3.08772
0.00385634
0.00534885
0.000787411
0
0
0
1685647590.53740
msg_begin
7.75706e+06
-364066
3.08644
0.0115271
0.00871402
0.000353092
0
0
0
1685647590.58741
msg_begin
7.75706e+06
-364066
3.08174
0.0229119
0.00298982
0.000550217
0
0
0
1685647590.63740
msg_begin
7.75706e+06
-364066
3.07925
0.00643967
0.00286458
0.000292001
0
0
0
1685647590.68740
msg_begin
7.75706e+06
-364066
3.07768
0.00143658
0.00202646
0.00028472
0
0
0
1685647590.73740
msg_begin
7.75706e+06
-364066
3.07787
0.00426409
0.00523655
0.000597061
0
0
0
1685647590.78738
msg_begin
7.75706e+06
-364066
3.07418
0.00629469
0.00628165
0.000568805
0
0
0
1685647590.83735
msg_begin
7.75706e+06
-364066
3.07174
0.00641318
0.000684281
0.00110986
0
0
0
1685647590.88736
msg_begin
7.75706e+06
-364066
3.06736
0.00444128
0.000304277
9.47395e-05
0
0
0
1685647590.93728
msg_begin
7.75705e+06
-364066
3.06633
0.00648332
0.0046981
0.000363156
0
0
0
1685647590.98729
msg_begin
7.75705e+06
-364066
3.06535
0.00481359
0.00382247
0.000387852
0
0
0
1685647591.03721
msg_begin
7.75705e+06
-364066
3.06204
0.00511488
0.0030477
0.000457789
0
0
0
1685647591.08718
msg_begin
7.75705e+06
-364066
3.06062
0.0156366
0.00589883
0.000684629
0
0
0
1685647591.13717
msg_begin
7.75705e+06
-364066
3.05564
0.0125684
0.0122155
0.00093248
0
0
0
1685647591.18716
msg_begin
7.75705e+06
-364066
3.0533
0.00892994
0.0015602
0.000279384
0
0
0
1685647591.23711
msg_begin
7.75705e+06
-364066
3.0529
0.0239346
0.00183427
5.19175e-05
0
0
0
1685647591.28726
msg_begin
7.75705e+06
-364066
3.05178
0.0189243
0.00522891
0.00296223
0
0
0
1685647591.33707
msg_begin
7.75705e+06
-364066
3.04847
0.000765678
0.00374196
0.000274578
0
0
0
1685647591.38701
msg_begin
7.75705e+06
-364066
3.04603
0.00315574
0.00148354
8.60515e-05
0
0
0
1685647591.43702
msg_begin
7.75705e+06
-364066
3.04184
0.0275828
0.00638545
0.001188
0
0
0
1685647591.48696
msg_begin
7.75705e+06
-364066
3.04206
0.0313045
0.00401881
0.00171784
0
0
0
1685647591.53694
msg_begin
7.75705e+06
-364066
3.03771
0.0599224
0.00628642
0.00243094
0
0
0
1685647591.58685
msg_begin
7.75705e+06
-364066
3.03539
0.00658566
0.00619
0.000733656
0
0
0
1685647591.63685
msg_begin
7.75705e+06
-364066
3.0334
0.00717172
0.00208518
0.0002856
0
0
0
1685647591.68685
msg_begin
7.75705e+06
-364066
3.02924
0.00595321
0.00313478
0.000534842
0
0
0
1685647591.73681
msg_begin
7.75705e+06
-364066
3.03132
0.0329374
0.00299855
0.000424548
0
0
0
1685647591.78681
msg_begin
7.75705e+06
-364066
3.03051
0.0224692
0.00338135
0.00029303
0
0
0
1685647591.83679
msg_begin
7.75705e+06
-364066
3.02778
0.00632534
0.00185627
0.000875484
0
0
0
1685647591.88678
msg_begin
7.75705e+06
-364066
3.02357
0.00773006
0.00592627
0.000660477
0
0
0
1685647591.93678
msg_begin
7.75705e+06
-364066
3.02124
0.0173345
0.00162095
0.00138912
0
0
0
1685647592.03673
msg_begin
7.75705e+06
-364066
3.0207
5.7742e-08
5.82077e-11
1.33227e-15
0
0
0
1685647592.08678
msg_begin
7.75705e+06
-364066
3.01726
0.00431175
0.000529325
0.000349092
0
0
0
1685647592.13681
msg_begin
7.75705e+06
-364066
3.01765
0.00557152
0.00200081
0.000194332
0
0
0
1685647592.18681
msg_begin
7.75704e+06
-364066
3.01693
0.0168551
0.00386751
0.000581907
0
0
0
1685647592.23758
msg_begin
7.75704e+06
-364066
3.01246
0.00226946
0.0019582
0.000189986
0
0
0
1685647592.28681
msg_begin
7.75704e+06
-364066
3.00931
0.00681717
0.000595417
9.05165e-05
0
0
0
1685647592.33686
msg_begin
7.75704e+06
-364065
3.00844
0.00478968
0.00234711
0.000213813
0
0
0
1685647592.38690
msg_begin
7.75704e+06
-364065
3.00827
0.000614899
0.00148412
6.94439e-05
0
0
0
1685647592.43684
msg_begin
7.75704e+06
-364065
3.00733
0.00964289
0.00158259
0.000489469
0
0
0
1685647592.48682
msg_begin
7.75704e+06
-364065
3.00603
0.0208739
0.00847373
0.00104034
0
0
0
1685647592.53683
msg_begin
7.75704e+06
-364065
3.00537
0.00432449
0.00250807
0.000669646
0
0
0
1685647592.58687
msg_begin
7.75704e+06
-364065
3.00505
0.015386
0.00358077
0.000760507
0
0
0
1685647592.63689
msg_begin
7.75704e+06
-364065
3.00671
0.00166442
0.000557742
0.000132517
0
0
0
1685647592.68691
msg_begin
7.75704e+06
-364065
3.00799
0.00640906
0.00234222
0.000671139
0
0
0
1685647592.73712
msg_begin
7.75704e+06
-364065
3.0013
8.56817e-08
4.65661e-10
0
0
0
0
1685647592.78700
msg_begin
7.75704e+06
-364065
3.00011
0.0104336
0.00154173
0.000412373
0
0
0
1685647592.83700
msg_begin
7.75704e+06
-364065
2.99967
0.00699581
0.00203509
0.000113391
0
0
0
1685647592.88702
msg_begin
7.75704e+06
-364065
2.9986
0.0202602
0.00460223
0.00113992
0
0
0
1685647592.93731
msg_begin
7.75704e+06
-364065
2.99789
0.0114099
0.00158561
0.000572257
0
0
0
1685647592.98711
msg_begin
7.75704e+06
-364065
2.99656
0.0100089
0.00153567
0.000227503
0
0
0
1685647593.03710
msg_begin
7.75704e+06
-364065
2.9977
0.00892426
0.0042242
0.000705339
0
0
0
1685647593.08717
msg_begin
7.75704e+06
-364065
2.99628
0.00499927
0.00366767
0.00033829
0
0
0
1685647593.13719
msg_begin
7.75704e+06
-364065
2.99539
0.0155754
0.00240392
0.000381379
0
0
0
1685647593.18725
msg_begin
7.75704e+06
-364065
2.99172
0.0125712
0.00731737
0.000397714
0
0
0
1685647593.23723
msg_begin
7.75704e+06
-364065
2.99148
0.000962332
0.000377405
0.000361527
0
0
0
1685647593.28725
msg_begin
7.75704e+06
-364065
2.99061
0.00513078
0.00360896
0.0002164
0
0
0
1685647593.33722
msg_begin
7.75704e+06
-364065
2.99098
0.0146551
0.00336163
0.00136826
0
0
0
1685647593.38723
msg_begin
7.75704e+06
-364065
2.98863
0.00644101
0.00437506
0.000301293
0
0
0
1685647593.43722
msg_begin
7.75703e+06
-364064
2.9879
0.0295919
0.00378313
0.00149393
0
0
0
1685647593.48717
msg_begin
7.75703e+06
-364064
2.98755
2.32831e-08
3.0268e-09
1.33227e-15
0
0
0
1685647593.53717
msg_begin
7.75703e+06
-364064
2.98846
0.0262106
0.00805565
0.00221768
0
0
0
1685647593.58714
msg_begin
7.75703e+06
-364064
2.98651
0.00914951
0.0128996
0.000782793
0
0
0
1685647593.63714
msg_begin
7.75703e+06
-364064
2.98362
1.86265e-09
6.98492e-10
0
0
0
0
1685647593.68716
msg_begin
7.75703e+06
-364064
2.98264
0.0184436
0.00436318
0.000438689
0
0
0
1685647593.73715
msg_begin
7.75703e+06
-364064
2.98263
0.000301345
0.000399728
2.19651e-05
0
0
0
1685647593.78714
msg_begin
7.75703e+06
-364064
2.98243
0.0116037
0.00642572
0.000228562
0
0
0
1685647593.83720
msg_begin
7.75703e+06
-364064
2.98046
0.00577067
0.0012582
0.000293407
0
0
0
1685647593.88721
msg_begin
7.75703e+06
-364064
2.98159
0.00847045
0.00283879
0.000539029
0
0
0
1685647593.93723
msg_begin
7.75703e+06
-364064
2.97922
0.00159457
0.00472578
6.67605e-05
0
0
0
1685647593.98722
msg_begin
7.75703e+06
-364064
2.979
0.006768
0.00350663
0.00035609
0
0
0
1685647594.03722
msg_begin
7.75703e+06
-364064
2.98015
0.00476649
0.00269414
0.000308559
0
0
0
1685647594.08720
msg_begin
7.75703e+06
-364064
2.97924
0.00566085
0.00139519
0.000249089
0
0
0
1685647594.13720
msg_begin
7.75703e+06
-364064
2.97766
0.00336043
0.000815248
0.000144621
0
0
0
1685647594.18723
msg_begin
7.75703e+06
-364064
2.97659
0.0304065
0.00675786
0.000863715
0
0
0
1685647594.23746
msg_begin
7.75703e+06
-364064
2.97831
0.0119849
0.0023405
0.00079451
0
0
0
1685647594.28718
msg_begin
7.75703e+06
-364064
2.97501
0.00586556
0.00222399
0.000259848
0
0
0
1685647594.33720
msg_begin
7.75703e+06
-364063
2.97469
0.0105566
0.00385832
0.000771727
0
0
0
1685647594.38720
msg_begin
7.75703e+06
-364063
2.97192
5.7742e-08
5.82077e-10
0
0
0
0
1685647594.43720
msg_begin
7.75703e+06
-364063
2.97425
0.00737222
0.0026902
0.000326008
0
0
0
1685647594.48721
msg_begin
7.75703e+06
-364063
2.9739
0.029352
0.00604191
0.00126491
0
0
0
1685647594.53785
msg_begin
7.75703e+06
-364063
2.97365
0.0299595
0.00739741
0.000826579
0
0
0
1685647594.58725
msg_begin
7.75703e+06
-364063
2.97155
0.00727225
0.00213145
0.000482979
0
0
0
1685647594.63730
msg_begin
7.75702e+06
-364063
2.96959
0.00866558
0.00386427
0.000451325
0
0
0
1685647594.68736
msg_begin
7.75702e+06
-364063
2.96876
0.00947794
0.00408592
0.000469466
0
0
0
1685647594.73733
msg_begin
7.75702e+06
-364063
2.96801
0.00623608
0.00155256
0.000517987
0
0
0
1685647594.78737
msg_begin
7.75702e+06
-364063
2.96877
0.0107146
0.00447531
0.00082409
0
0
0
1685647594.83739
msg_begin
7.75702e+06
-364063
2.96766
0.0202808
0.00418797
0.00024661
0
0
0
1685647594.88738
msg_begin
7.75702e+06
-364063
2.96508
4.74975e-08
2.38651e-09
0
0
0
0
1685647594.93776
msg_begin
7.75702e+06
-364063
2.96436
0.00814915
0.00910243
0.00147662
0
0
0
1685647594.98736
msg_begin
7.75702e+06
-364063
2.96641
0.0181931
0.00243544
0.000177541
0
0
0
1685647595.03736
msg_begin
7.75702e+06
-364063
2.96719
8.84326e-05
0.000455706
5.47861e-06
0
0
0
1685647595.08739
msg_begin
7.75702e+06
-364063
2.96517
0.000744633
0.000255636
5.05191e-05
0
0
0
1685647595.13745
msg_begin
7.75702e+06
-364062
2.96404
0.000646649
0.000242056
1.80963e-05
0
0
0
1685647595.18739
msg_begin
7.75702e+06
-364062
2.96525
0.0146625
0.0103905
0.00120759
0
0
0
1685647595.23739
msg_begin
7.75702e+06
-364062
2.96787
0.00176412
0.00584076
9.35335e-05
0
0
0
1685647595.28789
msg_begin
7.75702e+06
-364062
2.96686
0.000239456
0.00111512
8.68728e-05
0
0
0
1685647595.33739
msg_begin
7.75702e+06
-364062
2.96791
0.0139267
0.0107426
0.00075378
0
0
0
1685647595.38742
msg_begin
7.75702e+06
-364062
2.967
0.0101089
0.00299574
0.000474607
0
0
0
1685647595.43742
msg_begin
7.75702e+06
-364062
2.96624
0.00375666
0.00200444
0.000389781
0
0
0
1685647595.48741
msg_begin
7.75702e+06
-364062
2.96937
0.00351232
0.00126876
0.000423474
0
0
0
1685647595.53743
msg_begin
7.75702e+06
-364062
2.96747
0.00867469
0.00375682
0.000404273
0
0
0
1685647595.58740
msg_begin
7.75702e+06
-364062
2.96971
5.30146e-05
0.000197131
8.9698e-06
0
0
0
1685647595.63739
msg_begin
7.75702e+06
-364062
2.96968
0.00660034
0.00496673
0.000390393
0
0
0
1685647595.68745
msg_begin
7.75702e+06
-364062
2.97006
0.00787348
0.00264219
0.000836856
0
0
0
1685647595.73741
msg_begin
7.75702e+06
-364062
2.96853
0.0130902
0.00395393
0.000123408
0
0
0
1685647595.78741
msg_begin
7.75701e+06
-364062
2.97107
3.07336e-08
2.2701e-09
1.33227e-15
0
0
0
1685647595.83739
msg_begin
7.75701e+06
-364062
2.97084
0.0463661
0.00831175
0.00146462
0
0
0
1685647595.88740
msg_begin
7.75701e+06
-364061
2.96899
0.0135342
0.00613503
0.000647756
0
0
0
1685647595.93739
msg_begin
7.75701e+06
-364061
2.96892
0.00649199
0.00195293
0.00104993
0
0
0
1685647595.98743
msg_begin
7.75701e+06
-364061
2.96849
0.00148477
0.000841213
0.000155015
0
0
0
1685647596.03742
msg_begin
7.75701e+06
-364061
2.97037
0.032397
0.00448171
0.00251882
0
0
0
1685647596.08746
msg_begin
7.75701e+06
-364061
2.968
0.0113698
0.00794652
0.000440366
0
0
0
1685647596.13747
msg_begin
7.75701e+06
-364061
2.96847
0.016129
0.0124708
0.000338955
0
0
0
1685647596.18746
msg_begin
7.75701e+06
-364061
2.96688
0.00552295
0.00525253
0.000414918
0
0
0
1685647596.23746
msg_begin
7.75701e+06
-364061
2.96843
0.0232583
0.0068589
0.00119228
0
0
0
1685647596.28747
msg_begin
7.75701e+06
-364061
2.96818
0.00849082
0.00431396
0.000738604
0
0
0
1685647596.33744
msg_begin
7.75701e+06
-364061
2.96778
0.0107372
0.00231645
0.000279974
0
0
0
1685647596.38743
msg_begin
7.75701e+06
-364061
2.96689
0.00389102
0.00516519
0.000535638
0
0
0
1685647596.43749
msg_begin
7.75701e+06
-364061
2.96685
0.0131484
0.00685298
0.00100183
0
0
0
1685647596.48746
msg_begin
7.75701e+06
-364061
2.96554
0.0113148
0.00335737
0.000530565
0
0
0
1685647596.53809
msg_begin
7.75701e+06
-364061
2.96946
0.0122851
0.00899504
0.000587123
0
0
0
1685647596.58752
msg_begin
7.75701e+06
-364061
2.9719
0.019982
0.00262756
0.000201549
0
0
0
1685647596.63751
msg_begin
7.75701e+06
-364061
2.97071
0.00801725
0.00944622
0.000685428
0
0
0
1685647596.68752
msg_begin
7.75701e+06
-364061
2.96685
5.96046e-08
1.39698e-09
4.44089e-16
0
0
0
1685647596.73752
msg_begin
7.75701e+06
-364060
2.96649
0.000215734
0.000520158
6.19811e-05
0
0
0
1685647596.78751
msg_begin
7.75701e+06
-364060
2.96748
0.0046344
0.00594018
0.0008079
0
0
0
1685647596.83759
msg_begin
7.75701e+06
-364060
2.96964
0.0148798
0.0042413
0.00101434
0
0
0
1685647596.88749
msg_begin
7.75701e+06
-364060
2.97104
0.00190967
0.000175569
0.000124957
0
0
0
1685647596.93811
msg_begin
7.757e+06
-364060
2.96899
0.0115866
0.00114393
0.000515367
0
0
0
1685647596.98745
msg_begin
7.757e+06
-364060
2.97175
0.00650503
0.00131157
0.000173321
0
0
0
1685647597.03745
msg_begin
7.757e+06
-364060
2.97102
0.031987
0.00194304
0.00092757
0
0
0
1685647597.08742
msg_begin
7.757e+06
-364060
2.97083
0.0148764
0.00838677
0.00265587
0
0
0
1685647597.13742
msg_begin
7.757e+06
-364060
2.97029
0.00690953
0.00830212
0.000967146
0
0
0
1685647597.18746
msg_begin
7.757e+06
-364060
2.97467
1.95578e-08
1.28057e-09
4.44089e-16
0
0
0
1685647597.23751
msg_begin
7.757e+06
-364060
2.97351
0.00305161
0.00110257
0.00024126
0
0
0
1685647597.28755
msg_begin
7.757e+06
-364060
2.97108
0.0162476
0.00617519
0.000300408
0
0
0
1685647597.33753
msg_begin
7.757e+06
-364060
2.96938
0.0100606
0.00888673
0.000583442
0
0
0
1685647597.38758
msg_begin
7.757e+06
-364060
2.97022
0.000311701
0.000309262
1.49542e-06
0
0
0
1685647597.43760
msg_begin
7.757e+06
-364060
2.96902
0.00563626
0.00576543
0.000651043
0
0
0
1685647597.48762
msg_begin
7.757e+06
-364059
2.96827
0.00782566
0.00358038
0.00038144
0
0
0
1685647597.53761
msg_begin
7.757e+06
-364059
2.97037
0.0347567
0.00482231
0.00154057
0
0
0
1685647597.63765
msg_begin
7.757e+06
-364059
2.97103
0.024143
0.0184327
0.00205229
0
0
0
1685647597.68787
msg_begin
7.757e+06
-364059
2.96917
0.0109899
0.0102602
0.000428631
0
0
0
1685647597.73770
msg_begin
7.757e+06
-364059
2.97192
0.010035
0.00631221
0.000621146
0
0
0
1685647597.78770
msg_begin
7.757e+06
-364059
2.97511
0.0175677
0.00698929
0.000698026
0
0
0
1685647597.83769
msg_begin
7.757e+06
-364059
2.97515
0.019835
0.0134075
0.000609819
0
0
0
1685647597.88770
msg_begin
7.757e+06
-364059
2.97516
0.00898125
0.0102273
0.000503134
0
0
0
1685647597.93775
msg_begin
7.757e+06
-364059
2.97518
0.0141596
0.00215908
0.000393771
0
0
0
1685647597.98767
msg_begin
7.757e+06
-364059
2.97674
0.0195358
0.0060444
0.000734977
0
0
0
1685647598.03766
msg_begin
7.757e+06
-364059
2.97652
0.00418521
0.00105734
8.15842e-05
0
0
0
1685647598.08790
msg_begin
7.75699e+06
-364059
2.97536
0.00715785
0.00719791
0.00033212
0
0
0
1685647598.13761
msg_begin
7.75699e+06
-364059
2.97783
0.00540863
0.00203556
0.000155049
0
0
0
1685647598.18763
msg_begin
7.75699e+06
-364059
2.97715
0.00239178
0.000619889
5.48703e-05
0
0
0
1685647598.23802
msg_begin
7.75699e+06
-364059
2.97957
0.00446883
0.00189406
0.000220437
0
0
0
1685647598.28761
msg_begin
7.75699e+06
-364058
2.97899
0.000980603
0.000530223
6.78058e-05
0
0
0
1685647598.33762
msg_begin
7.75699e+06
-364058
2.97623
0.0313128
0.00964086
0.00112983
0
0
0
1685647598.38762
msg_begin
7.75699e+06
-364058
2.97573
0.00571437
0.00186252
0.000161312
0
0
0
1685647598.43761
msg_begin
7.75699e+06
-364058
2.97778
0.00284279
0.00170374
0.000250284
0
0
0
1685647598.48756
msg_begin
7.75699e+06
-364058
2.97545
0.00234568
0.000455718
0.000130886
0
0
0
1685647598.53852
msg_begin
7.75699e+06
-364058
2.97489
0.00369084
0.00489668
0.000151527
0
0
0
1685647598.58754
msg_begin
7.75699e+06
-364058
2.97612
0.00979019
0.00904449
0.000601974
0
0
0
1685647598.63759
msg_begin
7.75699e+06
-364058
2.97515
0.0149888
0.00997356
0.00167601
0
0
0
1685647598.68759
msg_begin
7.75699e+06
-364058
2.97688
0.00993195
0.0021113
0.00102936
0
0
0
1685647598.73757
msg_begin
7.75699e+06
-364058
2.97748
0.0230575
0.010654
0.000664741
0
0
0
1685647598.78756
msg_begin
7.75699e+06
-364058
2.97641
0.00900634
0.00351092
0.000350665
0
0
0
1685647598.83758
msg_begin
7.75699e+06
-364058
2.97372
0.0166465
0.00595836
0.00143579
0
0
0
1685647598.88760
msg_begin
7.75699e+06
-364058
2.97619
0.0283706
0.014188
0.00165377
0
0
0
1685647598.93812
msg_begin
7.75699e+06
-364058
2.9746
0.0074537
0.000253263
0.000193628
0
0
0
1685647598.98759
msg_begin
7.75699e+06
-364058
2.97225
0.0253274
0.0060123
0.00149686
0
0
0
1685647599.03764
msg_begin
7.75699e+06
-364057
2.97611
6.70552e-08
1.80444e-09
0
0
0
0
1685647599.08767
msg_begin
7.75699e+06
-364057
2.97681
0.00803764
0.00646404
0.000500984
0
0
0
1685647599.13765
msg_begin
7.75699e+06
-364057
2.97528
0.0133646
0.00270076
0.000310897
0
0
0
1685647599.18764
msg_begin
7.75698e+06
-364057
2.97379
0.0093157
2.94109e-05
0.000106702
0
0
0
1685647599.23777
msg_begin
7.75698e+06
-364057
2.97463
0.00650717
0.000261555
0.000153803
0
0
0
1685647599.28775
msg_begin
7.75698e+06
-364057
2.97672
0.0203246
0.0150875
0.00100506
0
0
0
1685647599.33763
msg_begin
7.75698e+06
-364057
2.9755
4.09782e-08
2.91038e-10
8.88178e-16
0
0
0
1685647599.38762
msg_begin
7.75698e+06
-364057
2.97522
0.00100627
0.000402064
3.72274e-05
0
0
0
1685647599.43757
msg_begin
7.75698e+06
-364057
2.97467
0.0113648
0.00140596
0.000328754
0
0
0
1685647599.48757
msg_begin
7.75698e+06
-364057
2.97332
0.0228362
0.00902431
0.00129103
0
0
0
1685647599.53762
msg_begin
7.75698e+06
-364057
2.97514
0.0152055
0.00286186
0.000438754
0
0
0
1685647599.58760
msg_begin
7.75698e+06
-364057
2.97306
0.00263694
0.00148636
0.000229168
0
0
0
1685647599.63759
msg_begin
7.75698e+06
-364057
2.97396
0.0130498
0.00163398
0.000810658
0
0
0
1685647599.68813
msg_begin
7.75698e+06
-364057
2.97416
0.0106947
0.00210032
0.000386203
0
0
0
1685647599.73757
msg_begin
7.75698e+06
-364057
2.97357
0.0158245
0.00244373
0.000116772
0
0
0
1685647599.78748
msg_begin
7.75698e+06
-364056
2.97419
0.0221687
0.0140386
0.000933197
0
0
0
1685647599.83759
msg_begin
7.75698e+06
-364056
2.97472
0.00337454
0.00230719
0.000219736
0
0
0
1685647599.88742
msg_begin
7.75698e+06
-364056
2.97316
0.0479884
0.00672188
0.000867779
0
0
0
1685647599.93744
msg_begin
7.75698e+06
-364056
2.9752
0.0178694
0.00736006
0.000502463
0
0
0
1685647599.98739
msg_begin
7.75698e+06
-364056
2.97517
0.04697
0.0131663
0.000854479
0
0
0
1685647600.03737
msg_begin
7.75698e+06
-364056
2.97475
6.54676e-05
0.000747788
6.41479e-05
0
0
0
1685647600.08733
msg_begin
7.75698e+06
-364056
2.97526
0.0181383
0.00822285
0.000695878
0
0
0
1685647600.13735
msg_begin
7.75698e+06
-364056
2.9768
0.0073471
0.00394623
0.000402566
0
0
0
1685647600.18733
msg_begin
7.75698e+06
-364056
2.97619
0.0667412
0.00691742
0.00147693
0
0
0
1685647600.23774
msg_begin
7.75698e+06
-364056
2.97688
0.00374841
0.00306671
0.000520175
0
0
0
1685647600.28768
msg_begin
7.75697e+06
-364056
2.97861
0.00375552
0.000445234
0.000325669
0
0
0
1685647600.38725
msg_begin
7.75697e+06
-364056
2.97898
0.0559882
0.00599831
0.000282455
0
0
0
1685647600.43720
msg_begin
7.75697e+06
-364056
2.97769
0.0195889
0.00372947
0.000524203
0
0
0
1685647600.48717
msg_begin
7.75697e+06
-364056
2.97753
0.0204815
0.00446027
0.000754024
0
0
0
1685647600.53795
msg_begin
7.75697e+06
-364055
2.97709
0.0465849
0.00752108
0.00106634
0
0
0
1685647600.58711
msg_begin
7.75697e+06
-364055
2.97911
0.00997659
0.00641343
0.000339534
0
0
0
1685647600.64579
msg_begin
7.75697e+06
-364055
2.98034
0.00254801
0.00161794
0.000228789
0
0
0
1685647600.68766
msg_begin
7.75697e+06
-364055
2.9795
0.0435928
0.0118613
0.000638838
0
0
0
1685647600.73699
msg_begin
7.75697e+06
-364055
2.98137
0.0328737
0.00995289
0.00080413
0
0
0
1685647600.78701
msg_begin
7.75697e+06
-364055
2.98209
0.00410145
0.00319065
0.000274576
0
0
0
1685647600.83697
msg_begin
7.75697e+06
-364055
2.98072
0.00991967
0.00658981
0.000753373
0
0
0
1685647600.88704
msg_begin
7.75697e+06
-364055
2.98144
0.0123997
0.00833189
0.000864885
0
0
0
1685647600.93712
msg_begin
7.75697e+06
-364055
2.98315
0.012885
0.00316255
0.000304311
0
0
0
1685647600.98694
msg_begin
7.75697e+06
-364055
2.98308
0.00601293
0.00430702
0.000502293
0
0
0
1685647601.03693
msg_begin
7.75697e+06
-364055
2.98376
0.000197956
0.00105054
0.000134001
0
0
0
1685647601.08696
msg_begin
7.75697e+06
-364055
2.98757
0.00262532
0.00173368
0.000142037
0
0
0
1685647601.13696
msg_begin
7.75697e+06
-364055
2.98806
0.00204027
0.00550333
0.000282034
0
0
0
1685647601.18705
msg_begin
7.75697e+06
-364055
2.98532
0.00610144
0.00261976
0.000520761
0
0
0
1685647601.23711
msg_begin
7.75697e+06
-364055
2.98737
0.0056881
0.000485263
8.59229e-05
0
0
0
1685647601.28733
msg_begin
7.75697e+06
-364055
2.98756
0.00292782
0.00148839
0.000174253
0
0
0
1685647601.33724
msg_begin
7.75696e+06
-364054
2.98823
0.0151227
0.00148794
0.000172413
0
0
0
1685647601.38728
msg_begin
7.75696e+06
-364054
2.98789
0.0219642
0.0124129
0.00135452
0
0
0
1685647601.43731
msg_begin
7.75696e+06
-364054
2.98735
0.0258462
0.0023907
0.000299827
0
0
0
1685647601.48774
msg_begin
7.75696e+06
-364054
2.98556
0.0187185
0.00204397
0.000294172
0
0
0
1685647601.53739
msg_begin
7.75696e+06
-364054
2.98734
0.00419579
0.00143797
8.92242e-05
0
0
0
1685647601.58746
msg_begin
7.75696e+06
-364054
2.98762
0.00366587
0.00297305
0.000335356
0
0
0
1685647601.63744
msg_begin
7.75696e+06
-364054
2.98717
0.00850694
0.00250621
0.0011379
0
0
0
1685647601.68748
msg_begin
7.75696e+06
-364054
2.99045
0.0138108
0.00733364
0.000890889
0
0
0
1685647601.73750
msg_begin
7.75696e+06
-364054
2.99048
0.00597907
0.00983994
0.00122298
0
0
0
1685647601.78755
msg_begin
7.75696e+06
-364054
2.99219
0.0648964
0.00453935
0.00130232
0
0
0
1685647601.83761
msg_begin
7.75696e+06
-364054
2.99054
0.0474989
0.0116152
0.00185783
0
0
0
1685647601.88806
msg_begin
7.75696e+06
-364054
2.99304
0.0163232
0.00305101
0.000878867
0
0
0
1685647601.93800
msg_begin
7.75696e+06
-364054
2.9918
0.00798904
0.0021187
0.000528057
0
0
0
1685647601.98768
msg_begin
7.75696e+06
-364054
2.99013
0.00573477
0.00717544
0.000454699
0
0
0
1685647602.03769
msg_begin
7.75696e+06
-364054
2.9893
0.0135798
0.00545907
0.000445786
0
0
0
1685647602.08811
msg_begin
7.75696e+06
-364054
2.98882
0.0197204
0.00154948
0.000279918
0
0
0
1685647602.13816
msg_begin
7.75696e+06
-364053
2.98974
0.0163408
0.00271593
0.000521164
0
0
0
1685647602.18772
msg_begin
7.75696e+06
-364053
2.98903
0.0122532
0.00194897
0.000106793
0
0
0
1685647602.23842
msg_begin
7.75696e+06
-364053
2.99035
0.014952
0.00554028
0.000276893
0
0
0
1685647602.28771
msg_begin
7.75696e+06
-364053
2.99125
0.0032618
0.00411379
0.000222626
0
0
0
1685647602.33774
msg_begin
7.75696e+06
-364053
2.98999
0.0147421
0.00150326
0.000226613
0
0
0
1685647602.38775
msg_begin
7.75695e+06
-364053
2.98943
0.00230154
0.000445593
8.63686e-05
0
0
0
1685647602.43778
msg_begin
7.75695e+06
-364053
2.98666
0.000894514
2.3553e-05
0.000119444
0
0
0
1685647602.48777
msg_begin
7.75695e+06
-364053
2.98502
0.00194155
0.002013
0.000457397
0
0
0
1685647602.53828
msg_begin
7.75695e+06
-364053
2.98829
0.0108534
0.00719476
0.000462816
0
0
0
1685647602.58781
msg_begin
7.75695e+06
-364053
2.98959
0.0255863
0.00193274
0.00129696
0
0
0
1685647602.63780
msg_begin
7.75695e+06
-364053
2.98914
0.0149569
0.00604658
0.000706103
0
0
0
1685647602.68780
msg_begin
7.75695e+06
-364053
2.98955
0.0203675
0.0145481
0.00118534
0
0
0
1685647602.73789
msg_begin
7.75695e+06
-364053
2.99031
0.0120899
0.00644148
0.000493029
0
0
0
1685647602.78779
msg_begin
7.75695e+06
-364053
2.99406
0.00075879
0.00116712
0.000207128
0
0
0
1685647602.83779
msg_begin
7.75695e+06
-364053
2.99226
0.0192865
0.00447397
0.00070109
0
0
0
1685647602.89284
msg_begin
7.75695e+06
-364053
2.99262
0.0143775
0.0075865
0.00108023
0
0
0
1685647602.93783
msg_begin
7.75695e+06
-364053
2.99139
0.0213291
0.013081
0.000900468
0
0
0
1685647602.98784
msg_begin
7.75695e+06
-364052
2.99311
0.00474418
0.00618999
0.000445806
0
0
0
1685647603.03784
msg_begin
7.75695e+06
-364052
2.9928
0.0135826
0.00448293
0.000411639
0
0
0
1685647603.08786
msg_begin
7.75695e+06
-364052
2.9918
0.00187559
0.000969961
0.000146488
0
0
0
1685647603.13786
msg_begin
7.75695e+06
-364052
2.99102
0.0183479
0.00690662
0.001224
0
0
0
1685647603.18790
msg_begin
7.75695e+06
-364052
2.99496
0.00310733
5.78215e-06
0.000375831
0
0
0
1685647603.23790
msg_begin
7.75695e+06
-364052
2.9947
0.0130947
0.00459899
0.000870773
0
0
0
1685647603.28846
msg_begin
7.75695e+06
-364052
2.99361
0.0367782
0.00240544
0.000247312
0
0
0
1685647603.33789
msg_begin
7.75695e+06
-364052
2.9933
0.00580673
0.00485938
0.00100276
0
0
0
1685647603.38792
msg_begin
7.75695e+06
-364052
2.99241
0.00404266
0.000607868
3.69848e-05
0
0
0
1685647603.43791
msg_begin
7.75694e+06
-364052
2.9931
0.0250947
0.00469734
0.000826758
0
0
0
1685647603.48807
msg_begin
7.75694e+06
-364052
2.99429
0.00567679
0.00112646
0.000169345
0
0
0
1685647603.53787
msg_begin
7.75694e+06
-364052
2.99442
0.0122109
0.00487926
0.000448792
0
0
0
1685647603.58794
msg_begin
7.75694e+06
-364052
2.99582
0.00458066
0.00194441
0.000129802
0
0
0
1685647603.63795
msg_begin
7.75694e+06
-364052
2.99614
0.00426569
0.00364874
0.000374612
0
0
0
1685647603.68793
msg_begin
7.75694e+06
-364052
2.9981
0.00204654
0.00133996
0.000499391
0
0
0
1685647603.73790
msg_begin
7.75694e+06
-364052
2.99742
0.0168173
0.00819578
0.00146008
0
0
0
1685647603.78791
msg_begin
7.75694e+06
-364052
2.99484
0.00799751
0.00219842
0.000243242
0
0
0
1685647603.83790
msg_begin
7.75694e+06
-364051
2.99425
0.016757
0.00292817
0.000192254
0
0
0
1685647603.88788
msg_begin
7.75694e+06
-364051
2.99344
0.00873636
0.00284467
0.00063669
0
0
0
1685647603.93788
msg_begin
7.75694e+06
-364051
2.99342
0.0420372
0.0037616
0.000482887
0
0
0
1685647603.98794
msg_begin
7.75694e+06
-364051
2.99027
0.00984919
0.00368007
0.000687764
0
0
0
1685647604.03794
msg_begin
7.75694e+06
-364051
2.99354
0.0264112
0.00399445
0.000658737
0
0
0
1685647604.08795
msg_begin
7.75694e+06
-364051
2.98977
0.0141215
0.00706929
0.000955725
0
0
0
1685647604.13796
msg_begin
7.75694e+06
-364051
2.99008
0.029441
0.00465575
0.000763234
0
0
0
1685647604.18796
msg_begin
7.75694e+06
-364051
2.9907
0.0059426
0.00482934
0.000404681
0
0
0
1685647604.23879
msg_begin
7.75694e+06
-364051
2.98913
0.00862641
0.00100805
0.000261974
0
0
0
1685647604.28867
msg_begin
7.75694e+06
-364051
2.98812
3.35276e-08
5.23869e-10
4.44089e-16
0
0
0
1685647604.33801
msg_begin
7.75694e+06
-364051
2.98921
0.0106045
0.00713972
0.000149713
0
0
0
1685647604.38803
msg_begin
7.75694e+06
-364051
2.98732
0.0100052
0.0101573
0.000290122
0
0
0
1685647604.43798
msg_begin
7.75693e+06
-364051
2.98827
0.0274671
0.0144823
0.000532269
0
0
0
1685647604.48797
msg_begin
7.75693e+06
-364051
2.9856
0.00744109
0.00821623
0.000547405
0
0
0
1685647604.53799
msg_begin
7.75693e+06
-364051
2.98466
0.0309418
0.00892925
0.0010106
0
0
0
1685647604.58797
msg_begin
7.75693e+06
-364051
2.98457
0.00514423
0.014676
0.000692774
0
0
0
1685647604.63797
msg_begin
7.75693e+06
-364050
2.98688
0.00953632
0.00889089
0.000589265
0
0
0
1685647604.68797
msg_begin
7.75693e+06
-364050
2.98786
0.00151421
0.000260419
6.34651e-05
0
0
0
1685647604.73796
msg_begin
7.75693e+06
-364050
2.98729
0.00837527
0.00499432
0.000513724
0
0
0
1685647604.78796
msg_begin
7.75693e+06
-364050
2.98712
0.0131205
0.0052882
0.000559587
0
0
0
1685647604.83795
msg_begin
7.75693e+06
-364050
2.99165
0.00845227
0.00334322
0.000211491
0
0
0
1685647604.88805
msg_begin
7.75693e+06
-364050
2.98901
0.0227652
0.00528246
0.000595487
0
0
0
1685647604.93794
msg_begin
7.75693e+06
-364050
2.99165
0.0153276
0.00393682
0.00101161
0
0
0
1685647604.98796
msg_begin
7.75693e+06
-364050
2.98633
0.00568362
0.000369851
0.000250117
0
0
0
1685647605.03793
msg_begin
7.75693e+06
-364050
2.98839
0.0508738
0.00729054
0.000695074
0
0
0
1685647605.08805
msg_begin
7.75693e+06
-364050
2.98932
0.00203406
0.00155838
0.000258733
0
0
0
1685647605.13797
msg_begin
7.75693e+06
-364050
2.98786
0.0248828
0.00451821
0.000844412
0
0
0
1685647605.18798
msg_begin
7.75693e+06
-364050
2.98482
0.0152338
0.00178003
0.000647541
0
0
0
1685647605.23888
msg_begin
7.75693e+06
-364050
2.9837
0.000340617
0.000538614
5.12908e-05
0
0
0
1685647605.28800
msg_begin
7.75693e+06
-364050
2.98299
0.0180366
0.00432739
0.00124638
0
0
0
1685647605.33802
msg_begin
7.75693e+06
-364050
2.9855
0.00371783
0.000870322
4.90257e-05
0
0
0
1685647605.38802
msg_begin
7.75693e+06
-364049
2.98521
0.0108386
0.00504729
0.000195589
0
0
0
1685647605.43809
msg_begin
7.75693e+06
-364049
2.98398
0.0164407
0.00361345
0.000498764
0
0
0
1685647605.48799
msg_begin
7.75692e+06
-364049
2.9862
0.0182134
0.00809397
0.000327092
0
0
0
1685647605.53799
msg_begin
7.75692e+06
-364049
2.98331
0.0452004
0.00239046
0.00024567
0
0
0
1685647605.58801
msg_begin
7.75692e+06
-364049
2.98485
0.0167329
0.00386651
0.000643959
0
0
0
1685647605.63805
msg_begin
7.75692e+06
-364049
2.98438
0.0379441
0.00437917
0.000769091
0
0
0
1685647605.68808
msg_begin
7.75692e+06
-364049
2.98451
0.00479785
0.0016885
0.000274739
0
0
0
1685647605.73809
msg_begin
7.75692e+06
-364049
2.98551
0.00708729
0.00106421
0.000162415
0
0
0
1685647605.78803
msg_begin
7.75692e+06
-364049
2.98487
0.0117384
0.00838437
0.000567529
0
0
0
1685647605.83805
msg_begin
7.75692e+06
-364049
2.98455
9.22009e-08
3.49246e-10
4.44089e-16
0
0
0
1685647605.88807
msg_begin
7.75692e+06
-364049
2.98611
0.014339
0.00381259
0.000265913
0
0
0
1685647605.93809
msg_begin
7.75692e+06
-364049
2.98742
0.0161039
0.0122851
0.000882495
0
0
0
1685647605.98809
msg_begin
7.75692e+06
-364049
2.98662
0.0175244
0.00861949
0.000377808
0
0
0
1685647606.03815
msg_begin
7.75692e+06
-364049
2.98475
0.0548665
0.0101838
0.000982795
0
0
0
1685647606.08832
msg_begin
7.75692e+06
-364049
2.98329
0.0148525
0.00490564
0.000271079
0
0
0
1685647606.13824
msg_begin
7.75692e+06
-364049
2.98475
0.0145429
0.00441839
0.000435062
0
0
0
1685647606.18823
msg_begin
7.75692e+06
-364049
2.98572
0.00364655
0.00347547
0.000433098
0
0
0
1685647606.23873
msg_begin
7.75692e+06
-364049
2.98869
4.65661e-09
2.32831e-10
8.88178e-16
0
0
0
1685647606.28835
msg_begin
7.75692e+06
-364048
2.98672
0.0201969
0.00989671
0.000357713
0
0
0
1685647606.33833
msg_begin
7.75692e+06
-364048
2.98697
0.00078978
0.000313548
2.44687e-05
0
0
0
1685647606.38838
msg_begin
7.75692e+06
-364048
2.98502
0.00390839
0.00740877
0.000370878
0
0
0
1685647606.43842
msg_begin
7.75692e+06
-364048
2.98656
0.00361737
0.00227358
0.000182735
0
0
0
1685647606.48853
msg_begin
7.75692e+06
-364048
2.98733
0.0156995
0.00697892
0.000815127
0
0
0
1685647606.53850
msg_begin
7.75692e+06
-364048
2.98528
2.8871e-08
2.73576e-09
1.33227e-15
0
0
0
1685647606.58856
msg_begin
7.75692e+06
-364048
2.98577
0.028551
0.00304684
0.000346662
0
0
0
1685647606.63859
msg_begin
7.75691e+06
-364048
2.98495
7.17118e-08
1.57161e-09
4.44089e-16
0
0
0
1685647606.68866
msg_begin
7.75691e+06
-364048
2.98262
0.0197836
0.0072512
0.000307337
0
0
0
1685647606.73868
msg_begin
7.75691e+06
-364048
2.98459
0.00760837
0.00282318
0.000290391
0
0
0
1685647606.78868
msg_begin
7.75691e+06
-364048
2.98641
0.0202241
0.0117702
0.000556661
0
0
0
1685647606.83871
msg_begin
7.75691e+06
-364048
2.98473
0.0495592
0.00757219
0.000939488
0
0
0
1685647606.88876
msg_begin
7.75691e+06
-364048
2.98387
0.00543788
0.000457644
9.17209e-05
0
0
0
1685647606.93881
msg_begin
7.75691e+06
-364048
2.98621
5.68107e-08
1.10595e-09
4.44089e-16
0
0
0
1685647606.98881
msg_begin
7.75691e+06
-364048
2.98599
0.00161881
0.000748024
0.000151421
0
0
0
1685647607.03885
msg_begin
7.75691e+06
-364048
2.9867
0.0198274
0.0113506
0.000778914
0
0
0
1685647607.08891
msg_begin
7.75691e+06
-364048
2.98566
0.000332821
0.00121379
8.16765e-05
0
0
0
1685647607.13889
msg_begin
7.75691e+06
-364048
2.98566
0.00344909
0.00514663
0.000331795
0
0
0
1685647607.18887
msg_begin
7.75691e+06
-364048
2.98617
6.51926e-09
2.91038e-09
8.88178e-16
0
0
0
1685647607.23981
msg_begin
7.75691e+06
-364047
2.98757
0.0237318
0.000934886
0.00151113
0
0
0
1685647607.28927
msg_begin
7.75691e+06
-364047
2.98613
0.00233564
0.0009798
0.000285762
0
0
0
1685647607.33886
msg_begin
7.75691e+06
-364047
2.98393
0.00890464
0.0082503
0.00130851
0
0
0
1685647607.38885
msg_begin
7.75691e+06
-364047
2.98265
1.95578e-08
2.38651e-09
8.88178e-16
0
0
0
1685647607.43880
msg_begin
7.75691e+06
-364047
2.98624
0.00212717
0.00656756
0.000144662
0
0
0
1685647607.48880
msg_begin
7.75691e+06
-364047
2.98849
0.0268516
0.00471871
0.00130617
0
0
0
1685647607.58880
msg_begin
7.75691e+06
-364047
2.98889
0.00282952
0.0017072
0.000102034
0
0
0
1685647607.63886
msg_begin
7.75691e+06
-364047
2.9864
0.00321668
0.00326234
0.000409524
0
0
0
1685647607.68890
msg_begin
7.75691e+06
-364047
2.98535
0.0411996
0.0126725
0.000959217
0
0
0
1685647607.78885
msg_begin
7.75691e+06
-364047
2.98492
0.000849422
0.00540021
0.000241629
0
0
0
1685647607.83885
msg_begin
7.75691e+06
-364047
2.98455
0.00473432
0.00226485
0.000297287
0
0
0
1685647607.88886
msg_begin
7.75691e+06
-364047
2.98386
0.0381673
0.00788467
0.00130272
0
0
0
1685647607.93877
msg_begin
7.75691e+06
-364047
2.98332
0.00848424
0.00372484
0.00134275
0
0
0
1685647607.98871
msg_begin
7.75691e+06
-364047
2.98155
0.00344511
0.000103444
0.000321169
0
0
0
1685647608.03868
msg_begin
7.7569e+06
-364047
2.97901
0.00254535
0.00167602
0.000134802
0
0
0
1685647608.08868
msg_begin
7.7569e+06
-364047
2.97914
0.000308914
0.00082942
7.57147e-06
0
0
0
1685647608.13860
msg_begin
7.7569e+06
-364047
2.97894
0.00599732
0.000922295
0.000219482
0
0
0
1685647608.18858
msg_begin
7.7569e+06
-364047
2.9793
0.00434808
0.00213699
0.000624307
0
0
0
1685647608.23942
msg_begin
7.7569e+06
-364047
2.98137
0.00947138
0.00434945
0.000572429
0
0
0
1685647608.28851
msg_begin
7.7569e+06
-364047
2.9816
7.54371e-08
9.31323e-10
1.33227e-15
0
0
0
1685647608.33845
msg_begin
7.7569e+06
-364047
2.98207
0.00167225
0.00374958
0.000602363
0
0
0
1685647608.38840
msg_begin
7.7569e+06
-364047
2.98457
0.0105974
0.00362036
0.000611295
0
0
0
1685647608.43842
msg_begin
7.7569e+06
-364047
2.98504
0.00601544
0.00314905
0.000410027
0
0
0
1685647608.48905
msg_begin
7.7569e+06
-364047
2.98598
0.0219172
0.00579223
0.000287972
0
0
0
1685647608.53826
msg_begin
7.7569e+06
-364046
2.98577
7.45058e-09
2.38651e-09
8.88178e-16
0
0
0
1685647608.58817
msg_begin
7.7569e+06
-364046
2.98567
0.00786954
0.00170921
0.000573186
0
0
0
1685647608.63811
msg_begin
7.7569e+06
-364046
2.98736
0.00148694
0.000532577
8.21564e-05
0
0
0
1685647608.68801
msg_begin
7.7569e+06
-364046
2.98853
0.0168599
0.00572579
0.000888413
0
0
0
1685647608.73797
msg_begin
7.7569e+06
-364046
2.991
0.0152751
0.00286112
0.000960176
0
0
0
1685647608.78792
msg_begin
7.7569e+06
-364046
2.98711
0.0156521
0.000907525
9.12581e-05
0
0
0
1685647608.83790
msg_begin
7.7569e+06
-364046
2.98672
0.00920355
0.00235515
0.000329283
0
0
0
1685647608.88815
msg_begin
7.7569e+06
-364046
2.9884
0.0134315
0.00486102
0.00179519
0
0
0
1685647608.93778
msg_begin
7.7569e+06
-364046
2.98016
0.00590751
0.00148484
0.000415671
0
0
0
1685647608.98779
msg_begin
7.7569e+06
-364046
2.98006
0.0144055
0.00479868
0.00121863
0
0
0
1685647609.03770
msg_begin
7.7569e+06
-364046
2.98065
0.00125283
0.00385141
5.87225e-05
0
0
0
1685647609.08772
msg_begin
7.7569e+06
-364046
2.98183
0.00535972
0.00555494
0.000436585
0
0
0
1685647609.13771
msg_begin
7.7569e+06
-364046
2.98231
0.00624233
0.00389169
0.000426833
0
0
0
1685647609.18774
msg_begin
7.7569e+06
-364046
2.98298
0.00259858
0.000185816
4.37747e-05
0
0
0
1685647609.23803
msg_begin
7.7569e+06
-364046
2.98387
0.0131558
0.00523402
0.000711409
0
0
0
1685647609.28765
msg_begin
7.7569e+06
-364046
2.98376
0.00350008
0.00169264
0.000159434
0
0
0
1685647609.33765
msg_begin
7.7569e+06
-364046
2.98425
0.0136844
0.00809941
0.0012623
0
0
0
1685647609.38763
msg_begin
7.7569e+06
-364046
2.98501
0.00183565
0.00121644
0.000124713
0
0
0
1685647609.43769
msg_begin
7.7569e+06
-364046
2.98533
0.00517803
0.00646557
0.0011299
0
0
0
1685647609.48762
msg_begin
7.7569e+06
-364046
2.98726
0.0160519
0.00833274
0.000481898
0
0
0
1685647609.53763
msg_begin
7.7569e+06
-364046
2.98445
0.0217021
0.00502711
0.000893262
0
0
0
1685647609.58758
msg_begin
7.7569e+06
-364046
2.98484
0.0103403
0.00434863
0.00046654
0
0
0
1685647609.63765
msg_begin
7.7569e+06
-364046
2.98137
0.00568028
0.00957822
0.000600271
0
0
0
1685647609.68752
msg_begin
7.7569e+06
-364046
2.97614
0.00639667
0.00256913
0.000539327
0
0
0
1685647609.73756
msg_begin
7.7569e+06
-364046
2.97786
0.0140543
0.00611235
0.00089714
0
0
0
1685647609.78754
msg_begin
7.7569e+06
-364046
2.97631
0.00727807
0.00426838
0.000524191
0
0
0
1685647609.83753
msg_begin
7.7569e+06
-364046
2.98028
0.0124685
0.0132055
0.00164093
0
0
0
1685647609.88780
msg_begin
7.7569e+06
-364046
2.98047
0.00441047
0.0106441
0.000696709
0
0
0
1685647609.93748
msg_begin
7.7569e+06
-364046
2.97918
0.0136154
0.00623608
0.0013454
0
0
0
1685647609.98749
msg_begin
7.7569e+06
-364046
2.98225
0.00708365
0.00449153
0.000879437
0
0
0
1685647610.03748
msg_begin
7.7569e+06
-364046
2.98282
0.00858343
0.00134857
0.00052241
0
0
0
1685647610.08745
msg_begin
7.7569e+06
-364046
2.98258
0.00741031
0.00914793
0.00190443
0
0
0
1685647610.13745
msg_begin
7.7569e+06
-364046
2.97673
0.00186949
0.00209864
0.00021307
0
0
0
1685647610.18740
msg_begin
7.7569e+06
-364046
2.97785
0.0218249
0.00798454
0.00115808
0
0
0
1685647610.23738
msg_begin
7.7569e+06
-364046
2.97683
0.0160415
0.00458297
0.00118718
0
0
0
1685647610.28852
msg_begin
7.7569e+06
-364046
2.97678
1.02445e-08
8.73115e-10
4.44089e-16
0
0
0
1685647610.33739
msg_begin
7.75689e+06
-364046
2.97702
0.00176205
0.00159642
0.00019875
0
0
0
1685647610.38742
msg_begin
7.75689e+06
-364045
2.97467
0.00246927
0.00172473
0.000315964
0
0
0
1685647610.43736
msg_begin
7.75689e+06
-364045
2.97647
0.00289278
0.00129385
0.000207758
0
0
0
1685647610.48733
msg_begin
7.75689e+06
-364045
2.97842
0.0120737
0.00331694
0.000661035
0
0
0
1685647610.53733
msg_begin
7.75689e+06
-364045
2.98155
0.0140218
0.00549659
0.00110428
0
0
0
1685647610.58731
msg_begin
7.75689e+06
-364045
2.98417
0.011121
0.00277484
0.0010705
0
0
0
1685647610.63732
msg_begin
7.75689e+06
-364045
2.98097
0.0114088
0.0027977
0.000675514
0
0
0
1685647610.68730
msg_begin
7.75689e+06
-364045
2.98184
0.0181841
0.0021486
0.000645515
0
0
0
1685647610.73727
msg_begin
7.75689e+06
-364045
2.97832
0.0100605
0.00305566
0.000876029
0
0
0
1685647610.78731
msg_begin
7.75689e+06
-364045
2.97806
0.00620148
0.00321333
0.00100076
0
0
0
1685647610.83730
msg_begin
7.75689e+06
-364045
2.97896
0.00654061
0.00695007
0.000875571
0
0
0
1685647610.88727
msg_begin
7.75689e+06
-364045
2.9763
0.00713466
0.00153068
0.000587272
0
0
0
1685647610.93734
msg_begin
7.75689e+06
-364045
2.98201
0.0281764
0.00444516
0.000761365
0
0
0
1685647610.98731
msg_begin
7.75689e+06
-364045
2.98441
0.00919416
0.00673875
0.000632655
0
0
0
1685647611.03736
msg_begin
7.75689e+06
-364045
2.98208
0.0118568
0.00592397
0.000747225
0
0
0
1685647611.08738
msg_begin
7.75689e+06
-364045
2.9842
0.0126085
0.00137092
0.000452206
0
0
0
1685647611.13736
msg_begin
7.75689e+06
-364045
2.98272
0.0145022
0.00661623
0.000971671
0
0
0
1685647611.18741
msg_begin
7.75689e+06
-364045
2.98455
0.0084977
0.00337325
0.00127029
0
0
0
1685647611.23766
msg_begin
7.75689e+06
-364045
2.98461
0.000982552
0.00032955
4.26573e-05
0
0
0
1685647611.28801
msg_begin
7.75689e+06
-364045
2.98578
0.0286896
0.00468137
0.00139232
0
0
0
1685647611.33748
msg_begin
7.75689e+06
-364045
2.98454
0.0160454
0.00596882
0.000481565
0
0
0
1685647611.38745
msg_begin
7.75689e+06
-364045
2.98488
0.0324007
0.00788379
0.00144097
0
0
0
1685647611.43749
msg_begin
7.75689e+06
-364045
2.98475
0.00703339
0.0066771
0.000518262
0
0
0
1685647611.48749
msg_begin
7.75689e+06
-364045
2.98527
0.0212099
0.00727392
0.00100736
0
0
0
1685647611.53750
msg_begin
7.75689e+06
-364045
2.98364
0.0260988
0.00146012
0.000339643
0
0
0
1685647611.58751
msg_begin
7.75689e+06
-364045
2.98591
0.00119998
0.000980545
5.3345e-05
0
0
0
1685647611.63756
msg_begin
7.75689e+06
-364045
2.98516
0.00592912
0.00198886
0.000415962
0
0
0
1685647611.68763
msg_begin
7.75689e+06
-364045
2.98516
0.00768505
0.00599083
0.00073613
0
0
0
1685647611.73760
msg_begin
7.75689e+06
-364045
2.98289
0.0136081
0.0024996
0.000955398
0
0
0
1685647611.78764
msg_begin
7.75689e+06
-364045
2.98431
0.00231811
0.000236541
0.000165069
0
0
0
1685647611.83766
msg_begin
7.75689e+06
-364045
2.98674
0.00335796
0.00014995
0.000214432
0
0
0
1685647611.88768
msg_begin
7.75689e+06
-364045
2.98697
0.0165321
0.000617219
0.000139009
0
0
0
1685647611.93767
msg_begin
7.75689e+06
-364045
2.98533
0.00507252
0.00424237
0.000467654
0
0
0
1685647611.98767
msg_begin
7.75689e+06
-364045
2.98525
0.0027387
0.00227379
0.000152373
0
0
0
1685647612.03765
msg_begin
7.75689e+06
-364045
2.99006
0.00118178
0.00242302
0.000184615
0
0
0
1685647612.08770
msg_begin
7.75689e+06
-364044
2.9858
1.49012e-08
2.2701e-09
8.88178e-16
0
0
0
1685647612.13770
msg_begin
7.75689e+06
-364044
2.98946
0.0162232
0.00225086
0.000905797
0
0
0
1685647612.18772
msg_begin
7.75689e+06
-364044
2.99005
0.00196043
0.000599161
0.000136157
0
0
0
1685647612.23786
msg_begin
7.75689e+06
-364044
2.98587
0.00691588
0.002473
0.00042398
0
0
0
1685647612.28769
msg_begin
7.75689e+06
-364044
2.98454
0.00024065
0.000207588
8.12036e-05
0
0
0
1685647612.33773
msg_begin
7.75689e+06
-364044
2.98549
0.0209896
0.00399423
0.00161214
0
0
0
1685647612.38772
msg_begin
7.75689e+06
-364044
2.98393
0.0282765
0.0143185
0.00136015
0
0
0
1685647612.43771
msg_begin
7.75689e+06
-364044
2.98558
0.0300225
0.0122674
0.00109838
0
0
0
1685647612.48777
msg_begin
7.75689e+06
-364044
2.98564
0.0413412
0.00561313
0.000867182
0
0
0
1685647612.53774
msg_begin
7.75689e+06
-364044
2.98523
0.0182621
0.00545111
0.00182218
0
0
0
1685647612.58777
msg_begin
7.75689e+06
-364044
2.98536
0.0189212
0.00284935
0.000222333
0
0
0
1685647612.63779
msg_begin
7.75688e+06
-364044
2.98729
3.1665e-08
2.32831e-09
4.44089e-16
0
0
0
1685647612.68779
msg_begin
7.75688e+06
-364044
2.98748
0.00566567
0.00283958
0.000302471
0
0
0
1685647612.73784
msg_begin
7.75688e+06
-364044
2.98691
0.0116932
0.00630394
0.000757822
0
0
0
1685647612.78783
msg_begin
7.75688e+06
-364044
2.98482
0.011068
0.00370538
0.000875036
0
0
0
1685647612.83792
msg_begin
7.75688e+06
-364044
2.98493
0.0117198
0.00318435
0.000353104
0
0
0
1685647612.88786
msg_begin
7.75688e+06
-364044
2.98791
0.0139712
0.00847608
0.000912232
0
0
0
1685647612.93790
msg_begin
7.75688e+06
-364044
2.98728
0.00861452
0.00434658
0.000346179
0
0
0
1685647612.98800
msg_begin
7.75688e+06
-364044
2.98879
0.0228884
0.00612439
0.00129988
0
0
0
1685647613.03793
msg_begin
7.75688e+06
-364044
2.9884
0.0177401
0.00572891
0.000902941
0
0
0
1685647613.08793
msg_begin
7.75688e+06
-364044
2.98807
0.0210054
0.00577782
0.000977867
0
0
0
1685647613.13795
msg_begin
7.75688e+06
-364044
2.98756
0.00317391
0.00354146
8.83333e-05
0
0
0
1685647613.18794
msg_begin
7.75688e+06
-364044
2.98499
0.00802026
0.00291005
0.000512556
0
0
0
1685647613.23796
msg_begin
7.75688e+06
-364044
2.98275
0.00720035
0.00269147
0.000754538
0
0
0
1685647613.28798
msg_begin
7.75688e+06
-364044
2.98152
0.00499786
0.0029366
0.000919
0
0
0
1685647613.33797
msg_begin
7.75688e+06
-364044
2.98341
0.00966821
0.00229898
0.00168965
0
0
0
1685647613.38798
msg_begin
7.75688e+06
-364044
2.9884
0.0139815
0.00613176
0.00179182
0
0
0
1685647613.43805
msg_begin
7.75688e+06
-364044
2.98725
0.00300002
0.00339089
0.000114436
0
0
0
1685647613.48797
msg_begin
7.75688e+06
-364044
2.986
0.013335
0.00424701
0.00071657
0
0
0
1685647613.53801
msg_begin
7.75688e+06
-364044
2.98703
0.0327524
0.0103657
0.00199539
0
0
0
1685647613.58799
msg_begin
7.75688e+06
-364044
2.98246
0.00627949
0.00220704
0.000211676
0
0
0
1685647613.63804
msg_begin
7.75688e+06
-364043
2.98346
0.0210769
0.00260307
0.000525279
0
0
0
1685647613.68807
msg_begin
7.75688e+06
-364043
2.98356
0.00849632
0.00753539
0.000413586
0
0
0
1685647613.73808
msg_begin
7.75688e+06
-364043
2.98064
0.0162133
0.00762706
0.000876483
0
0
0
1685647613.83811
msg_begin
7.75688e+06
-364043
2.98028
0.00768801
0.00155702
0.00034656
0
0
0
1685647613.88812
msg_begin
7.75688e+06
-364043
2.98343
0.00823514
0.00389851
0.00039114
0
0
0
1685647613.93818
msg_begin
7.75688e+06
-364043
2.98008
0.0288101
0.0149555
0.00130246
0
0
0
1685647613.98813
msg_begin
7.75688e+06
-364043
2.98254
0.0522612
0.011864
0.000439893
0
0
0
1685647614.03818
msg_begin
7.75688e+06
-364043
2.98098
0.000270447
0.00413957
0.00045869
0
0
0
1685647614.08819
msg_begin
7.75688e+06
-364043
2.98016
0.0126029
0.00776534
0.00127903
0
0
0
1685647614.13820
msg_begin
7.75688e+06
-364043
2.9831
0.0120755
0.00521422
0.000780609
0
0
0
1685647614.18823
msg_begin
7.75688e+06
-364043
2.98242
0.00766265
0.00377105
0.00048778
0
0
0
1685647614.23821
msg_begin
7.75688e+06
-364043
2.98206
0.00979618
0.00480975
0.000893368
0
0
0
1685647614.28863
msg_begin
7.75688e+06
-364043
2.98227
0.0160213
0.0037093
0.000380371
0
0
0
1685647614.33821
msg_begin
7.75688e+06
-364043
2.98229
0.0500096
0.0104627
0.00132169
0
0
0
1685647614.38825
msg_begin
7.75688e+06
-364043
2.98372
0.00356539
0.00309036
0.000273163
0
0
0
1685647614.43824
msg_begin
7.75688e+06
-364043
2.98155
3.12437e-05
0.000302816
2.83311e-05
0
0
0
1685647614.48909
msg_begin
7.75688e+06
-364043
2.9826
0.0123099
0.00324412
0.000639298
0
0
0
1685647614.53828
msg_begin
7.75688e+06
-364043
2.98343
0.013551
0.00927444
0.00164674
0
0
0
1685647614.58829
msg_begin
7.75688e+06
-364043
2.98268
0.0110551
0.00619208
0.000803952
0
0
0
1685647614.63835
msg_begin
7.75687e+06
-364043
2.98291
0.00572047
0.00427429
0.000564675
0
0
0
1685647614.68889
msg_begin
7.75687e+06
-364043
2.98196
0.0140462
0.00413145
0.00107287
0
0
0
1685647614.73828
msg_begin
7.75687e+06
-364043
2.97813
0.009655
0.00230516
0.00231944
0
0
0
1685647614.78826
msg_begin
7.75687e+06
-364043
2.98395
0.0213552
0.00639803
0.00143123
0
0
0
1685647614.83824
msg_begin
7.75687e+06
-364043
2.98185
0.00564142
0.00487901
0.000727212
0
0
0
1685647614.88902
msg_begin
7.75687e+06
-364043
2.98022
0.0476764
0.0148243
0.000486685
0
0
0
1685647614.93811
msg_begin
7.75687e+06
-364043
2.98026
0.00336382
0.00175771
0.00012856
0
0
0
1685647614.98812
msg_begin
7.75687e+06
-364043
2.98132
0.011028
0.00782492
0.000297539
0
0
0
1685647615.03958
msg_begin
7.75687e+06
-364043
2.9801
0.0213332
0.00717736
0.00142888
0
0
0
1685647615.08858
msg_begin
7.75687e+06
-364042
2.98274
0.0138418
0.0020346
0.00093648
0
0
0
1685647615.13805
msg_begin
7.75687e+06
-364042
2.98197
0.00228814
0.00214163
0.000359495
0
0
0
1685647615.18806
msg_begin
7.75687e+06
-364042
2.98102
0.00489812
0.000682117
0.000127445
0
0
0
1685647615.23828
msg_begin
7.75687e+06
-364042
2.98277
0.00832153
0.00527563
0.000691958
0
0
0
1685647615.28799
msg_begin
7.75687e+06
-364042
2.98334
0.00341086
0.00301724
0.000294831
0
0
0
1685647615.33799
msg_begin
7.75687e+06
-364042
2.98346
0.0193637
0.00547883
0.000313162
0
0
0
1685647615.38799
msg_begin
7.75687e+06
-364042
2.9819
0.0017157
0.00339317
0.000420676
0
0
0
1685647615.43802
msg_begin
7.75687e+06
-364042
2.98249
0.0155471
0.0060316
0.000641338
0
0
0
1685647615.48802
msg_begin
7.75687e+06
-364042
2.98135
0.0140091
0.00242362
0.000517407
0
0
0
1685647615.53808
msg_begin
7.75687e+06
-364042
2.98365
0.000924997
0.00068805
8.26251e-06
0
0
0
1685647615.58803
msg_begin
7.75687e+06
-364042
2.98528
0.00731784
0.00257028
0.000393388
0
0
0
1685647615.63801
msg_begin
7.75687e+06
-364042
2.9831
0.0339174
0.00377749
0.00155816
0
0
0
1685647615.68805
msg_begin
7.75687e+06
-364042
2.9863
1.67638e-08
2.79397e-09
1.33227e-15
0
0
0
1685647615.73805
msg_begin
7.75687e+06
-364042
2.98353
0.0223307
0.00306889
0.000249097
0
0
0
1685647615.78808
msg_begin
7.75687e+06
-364042
2.9823
0.0123794
0.00199563
0.000645911
0
0
0
1685647615.83809
msg_begin
7.75687e+06
-364042
2.98333
0.0176816
0.0058795
0.000703606
0
0
0
1685647615.88815
msg_begin
7.75687e+06
-364042
2.98363
0.00729392
0.00300263
0.000485383
0
0
0
1685647615.93819
msg_begin
7.75687e+06
-364042
2.98445
0.00321716
0.00341913
0.000226472
0
0
0
1685647615.98817
msg_begin
7.75687e+06
-364042
2.98606
0.00451136
0.00340554
0.000185889
0
0
0
1685647616.03820
msg_begin
7.75687e+06
-364042
2.98523
0.00128048
0.00219743
0.000101419
0
0
0
1685647616.08828
msg_begin
7.75687e+06
-364042
2.98544
0.0168146
0.00692983
0.000706405
0
0
0
1685647616.13865
msg_begin
7.75687e+06
-364042
2.98505
0.0195796
0.00469635
0.00123516
0
0
0
1685647616.18826
msg_begin
7.75687e+06
-364042
2.98104
0.00715561
0.00255039
0.00270636
0
0
0
1685647616.23824
msg_begin
7.75687e+06
-364042
2.9793
0.00743927
0.00223898
0.000462931
0
0
0
1685647616.28900
msg_begin
7.75687e+06
-364042
2.97971
0.0254528
0.0039342
0.000446282
0
0
0
1685647616.33845
msg_begin
7.75687e+06
-364042
2.97996
0.00498319
0.0025257
0.000328087
0
0
0
1685647616.38824
msg_begin
7.75687e+06
-364042
2.98085
0.020309
0.00514706
0.00157059
0
0
0
1685647616.43824
msg_begin
7.75687e+06
-364042
2.98143
0.0375144
0.00549274
0.00051058
0
0
0
1685647616.48861
msg_begin
7.75687e+06
-364042
2.98139
0.00472345
0.00383101
0.000376735
0
0
0
1685647616.53823
msg_begin
7.75687e+06
-364041
2.98104
0.0056858
0.00512326
0.000526923
0
0
0
1685647616.58822
msg_begin
7.75686e+06
-364041
2.97908
0.00805977
0.00169972
0.000890068
0
0
0
1685647616.63822
msg_begin
7.75686e+06
-364041
2.97995
0.00392528
0.000211539
0.000156085
0
0
0
1685647616.68874
msg_begin
7.75686e+06
-364041
2.97939
0.00225739
0.00309098
0.00020951
0
0
0
1685647616.73828
msg_begin
7.75686e+06
-364041
2.97713
0.0171234
0.00662321
0.00112548
0
0
0
1685647616.78819
msg_begin
7.75686e+06
-364041
2.97791
0.00599486
0.00122655
0.000222165
0
0
0
1685647616.83824
msg_begin
7.75686e+06
-364041
2.97731
0.0294026
0.00214053
0.000826144
0
0
0
1685647616.88857
msg_begin
7.75686e+06
-364041
2.97705
0.0178423
0.000892425
0.000607041
0
0
0
1685647616.93809
msg_begin
7.75686e+06
-364041
2.97515
0.0100203
0.00457972
0.000778743
0
0
0
1685647616.98806
msg_begin
7.75686e+06
-364041
2.97547
0.0170145
0.00286704
0.0004329
0
0
0
1685647617.03810
msg_begin
7.75686e+06
-364041
2.97632
0.0150801
0.00232388
0.000708856
0
0
0
1685647617.08815
msg_begin
7.75686e+06
-364041
2.97823
0.00452439
0.00636518
0.000729142
0
0
0
1685647617.13793
msg_begin
7.75686e+06
-364041
2.97755
0.00650153
0.0046605
0.000297914
0
0
0
1685647617.18780
msg_begin
7.75686e+06
-364041
2.97412
1.67638e-08
1.39698e-09
1.77636e-15
0
0
0
1685647617.23819
msg_begin
7.75686e+06
-364041
2.97356
0.0269658
0.0141233
0.000679084
0
0
0
1685647617.28764
msg_begin
7.75686e+06
-364041
2.97436
0.0236132
0.0151071
0.000227938
0
0
0
1685647617.33762
msg_begin
7.75686e+06
-364041
2.97466
0.00165143
0.000169022
2.00469e-05
0
0
0
1685647617.38755
msg_begin
7.75686e+06
-364041
2.97462
0.0167113
0.000222457
0.000127105
0
0
0
1685647617.43749
msg_begin
7.75686e+06
-364041
2.97452
0.00488489
0.00478336
2.90153e-05
0
0
0
1685647617.48766
msg_begin
7.75686e+06
-364041
2.97447
0.00848232
4.86041e-05
9.31579e-05
0
0
0
1685647617.53744
msg_begin
7.75686e+06
-364041
2.9747
0.0364773
0.00793179
0.000350898
0
0
0
1685647617.58736
msg_begin
7.75686e+06
-364041
2.97408
0.00108243
8.6867e-05
1.81649e-05
0
0
0
1685647617.63729
msg_begin
7.75686e+06
-364041
2.97449
0.000409533
0.000182958
2.05068e-05
0
0
0
1685647617.68786
msg_begin
7.75686e+06
-364041
2.97394
0.00157802
7.74298e-05
5.47094e-05
0
0
0
1685647617.78725
msg_begin
7.75686e+06
-364041
2.97458
0.00125885
0.000152284
2.56191e-05
0
0
0
1685647617.83723
msg_begin
7.75686e+06
-364040
2.97281
0.00806462
0.00400248
0.00148272
0
0
0
1685647617.88762
msg_begin
7.75686e+06
-364040
2.96838
0.034118
0.0089718
0.00112648
0
0
0
1685647617.93720
msg_begin
7.75686e+06
-364040
2.96786
0.0176826
0.00160638
5.78441e-05
0
0
0
1685647617.98713
msg_begin
7.75686e+06
-364040
2.96713
0.00540463
0.00184781
0.000774022
0
0
0
1685647618.03714
msg_begin
7.75686e+06
-364040
2.96836
0.0034388
0.00167146
0.00052134
0
0
0
1685647618.08754
msg_begin
7.75686e+06
-364040
2.96747
2.98023e-08
2.03727e-09
0
0
0
0
1685647618.13713
msg_begin
7.75686e+06
-364040
2.96758
0.0292007
0.007206
0.00132238
0
0
0
1685647618.18711
msg_begin
7.75686e+06
-364040
2.96573
0.00770833
0.000844994
0.00102775
0
0
0
1685647618.23733
msg_begin
7.75686e+06
-364040
2.96662
0.00246458
0.00864129
0.00129271
0
0
0
1685647618.28716
msg_begin
7.75686e+06
-364040
2.96343
0.0099448
0.0124749
0.00100138
0
0
0
1685647618.33716
msg_begin
7.75686e+06
-364040
2.96371
0.0145211
0.00335512
0.000456867
0
0
0
1685647618.38718
msg_begin
7.75685e+06
-364040
2.96186
0.0229324
0.00728932
0.00127353
0
0
0
1685647618.43716
msg_begin
7.75685e+06
-364040
2.96207
0.0111298
0.00441044
0.000590499
0
0
0
1685647618.48713
msg_begin
7.75685e+06
-364040
2.96095
0.0132173
0.016606
0.000561222
0
0
0
1685647618.53713
msg_begin
7.75685e+06
-364040
2.95882
0.00504755
0.00382665
0.000220764
0
0
0
1685647618.58713
msg_begin
7.75685e+06
-364040
2.96052
0.0019106
0.00269279
0.000119614
0
0
0
1685647618.63714
msg_begin
7.75685e+06
-364040
2.96109
0.000596353
0.00558625
0.00028478
0
0
0
1685647618.68714
msg_begin
7.75685e+06
-364040
2.9592
0.00565219
0.000809466
0.000122735
0
0
0
1685647618.73712
msg_begin
7.75685e+06
-364040
2.95699
0.0143383
0.00109104
0.00118809
0
0
0
1685647618.78718
msg_begin
7.75685e+06
-364040
2.96085
0.0176733
0.00355178
0.000476023
0
0
0
1685647618.83717
msg_begin
7.75685e+06
-364040
2.95922
0.00872447
0.000845988
0.000351168
0
0
0
1685647618.88721
msg_begin
7.75685e+06
-364039
2.96119
0.00638428
0.00399733
0.000562969
0
0
0
1685647618.93721
msg_begin
7.75685e+06
-364039
2.95931
0.013442
0.00580022
0.000881308
0
0
0
1685647618.98724
msg_begin
7.75685e+06
-364039
2.96133
2.04891e-08
5.23869e-10
0
0
0
0
1685647619.03724
msg_begin
7.75685e+06
-364039
2.95928
0.00505808
0.00426902
0.000128728
0
0
0
1685647619.08723
msg_begin
7.75685e+06
-364039
2.95609
0.027586
0.0104789
0.00137661
0
0
0
1685647619.13724
msg_begin
7.75685e+06
-364039
2.95533
0.00381552
0.000823485
8.47304e-05
0
0
0
1685647619.18721
msg_begin
7.75685e+06
-364039
2.95415
0.0705748
0.00438063
0.00118678
0
0
0
1685647619.23723
msg_begin
7.75685e+06
-364039
2.9514
2.79397e-08
1.62981e-09
2.22045e-15
0
0
0
1685647619.28725
msg_begin
7.75685e+06
-364039
2.95113
0.0106203
0.00703187
0.000472336
0
0
0
1685647619.33726
msg_begin
7.75685e+06
-364039
2.95267
0.000381792
0.00235777
4.64708e-05
0
0
0
1685647619.38730
msg_begin
7.75685e+06
-364039
2.95263
0.00332488
0.00045277
0.000123053
0
0
0
1685647619.43734
msg_begin
7.75685e+06
-364039
2.95382
0.00352831
0.00162936
0.000343581
0
0
0
1685647619.48781
msg_begin
7.75685e+06
-364039
2.95369
0.021147
0.00520306
0.000627038
0
0
0
1685647619.53730
msg_begin
7.75685e+06
-364039
2.95493
0.00811493
0.00482842
0.000553872
0
0
0
1685647619.58734
msg_begin
7.75685e+06
-364039
2.95233
0.00720729
0.00664006
0.000709846
0
0
0
1685647619.63734
msg_begin
7.75685e+06
-364039
2.95193
0.00990335
0.00590481
0.0002721
0
0
0
1685647619.68788
msg_begin
7.75685e+06
-364039
2.94713
0.0033629
0.00481078
0.00130467
0
0
0
1685647619.73736
msg_begin
7.75685e+06
-364039
2.94926
7.54371e-08
1.57161e-09
1.33227e-15
0
0
0
1685647619.78737
msg_begin
7.75685e+06
-364039
2.95076
0.0152605
0.00806881
0.000630415
0
0
0
1685647619.83743
msg_begin
7.75685e+06
-364039
2.94946
0.0200445
0.0086358
0.000795271
0
0
0
1685647619.88768
msg_begin
7.75685e+06
-364039
2.95056
0.00338317
0.0020843
0.000359392
0
0
0
1685647619.93750
msg_begin
7.75685e+06
-364038
2.94915
0.00759878
0.00219945
0.000461909
0
0
0
1685647619.98748
msg_begin
7.75685e+06
-364038
2.94722
1.60324e-05
0.00057486
6.82645e-06
0
0
0
1685647620.03747
msg_begin
7.75685e+06
-364038
2.94542
0.0104566
0.00289061
0.000483848
0
0
0
1685647620.08793
msg_begin
7.75684e+06
-364038
2.94238
4.56348e-08
9.31323e-10
0
0
0
0
1685647620.13748
msg_begin
7.75684e+06
-364038
2.94265
0.0258873
0.00588503
0.00114529
0
0
0
1685647620.18742
msg_begin
7.75684e+06
-364038
2.94143
0.00173721
0.00136137
0.000238718
0
0
0
1685647620.23768
msg_begin
7.75684e+06
-364038
2.94521
0.00126478
0.000202346
6.81981e-05
0
0
0
1685647620.28736
msg_begin
7.75684e+06
-364038
2.94534
1.58325e-08
2.2701e-09
4.44089e-16
0
0
0
1685647620.33736
msg_begin
7.75684e+06
-364038
2.94763
0.00213881
0.000528695
0.000173956
0
0
0
1685647620.38738
msg_begin
7.75684e+06
-364038
2.94526
0.00177526
0.000287573
9.93098e-05
0
0
0
1685647620.43736
msg_begin
7.75684e+06
-364038
2.9421
8.3819e-09
4.65661e-10
0
0
0
0
1685647620.48736
msg_begin
7.75684e+06
-364038
2.94342
0.00868517
0.00458773
0.000469075
0
0
0
1685647620.53735
msg_begin
7.75684e+06
-364038
2.94171
0.00525854
0.000908043
0.0001272
0
0
0
1685647620.58739
msg_begin
7.75684e+06
-364038
2.94284
0.00278171
0.00172852
0.000148008
0
0
0
1685647620.63745
msg_begin
7.75684e+06
-364038
2.9412
0.00404649
0.000509513
3.32691e-05
0
0
0
1685647620.68737
msg_begin
7.75684e+06
-364038
2.94202
0.0221624
0.00689788
0.000420389
0
0
0
1685647620.73738
msg_begin
7.75684e+06
-364038
2.93927
0.0074181
0.00169832
0.00021634
0
0
0
1685647620.78743
msg_begin
7.75684e+06
-364038
2.94068
0.0262092
0.0148337
0.0019548
0
0
0
1685647620.83744
msg_begin
7.75684e+06
-364038
2.93834
0.00814317
0.00699666
0.00034384
0
0
0
1685647620.88746
msg_begin
7.75684e+06
-364038
2.93797
0.0198779
0.00522827
0.000804098
0
0
0
1685647620.93746
msg_begin
7.75684e+06
-364037
2.93887
0.0201046
0.00231629
0.000683799
0
0
0
1685647620.98748
msg_begin
7.75684e+06
-364037
2.94267
0.00280521
0.000235652
0.000196635
0
0
0
1685647621.03754
msg_begin
7.75684e+06
-364037
2.94091
0.00096024
0.0122583
0.00022443
0
0
0
1685647621.08759
msg_begin
7.75684e+06
-364037
2.94099
8.00937e-08
2.09548e-09
0
0
0
0
1685647621.13764
msg_begin
7.75684e+06
-364037
2.94079
0.00673657
0.00134905
0.000544134
0
0
0
1685647621.18765
msg_begin
7.75684e+06
-364037
2.94163
4.65661e-09
1.57161e-09
1.77636e-15
0
0
0
1685647621.23769
msg_begin
7.75684e+06
-364037
2.94195
0.0204947
0.00241986
0.000613899
0
0
0
1685647621.28793
msg_begin
7.75684e+06
-364037
2.94181
0.00801425
0.00143749
0.000838497
0
0
0
1685647621.33771
msg_begin
7.75684e+06
-364037
2.94162
0.012333
0.00321126
0.000760844
0
0
0
1685647621.38768
msg_begin
7.75684e+06
-364037
2.94373
0.00115234
0.00154333
0.00021084
0
0
0
1685647621.43770
msg_begin
7.75684e+06
-364037
2.94315
0.00795021
0.000817246
0.000816257
0
0
0
1685647621.48834
msg_begin
7.75684e+06
-364037
2.93776
0.00364342
0.000803007
0.000373442
0
0
0
1685647621.58775
msg_begin
7.75684e+06
-364037
2.93782
2.98023e-08
3.08501e-09
4.44089e-16
0
0
0
1685647621.63784
msg_begin
7.75684e+06
-364037
2.93845
0.00596895
0.00914924
0.000483352
0
0
0
1685647621.68795
msg_begin
7.75684e+06
-364037
2.93946
0.0047856
0.00123188
9.95426e-05
0
0
0
1685647621.73779
msg_begin
7.75684e+06
-364037
2.94
0.00131396
0.000852016
7.20077e-05
0
0
0
1685647621.78782
msg_begin
7.75684e+06
-364037
2.94122
0.0133145
0.00199347
0.000375555
0
0
0
1685647621.83779
msg_begin
7.75684e+06
-364037
2.94093
0.0156177
0.00509673
0.000984215
0
0
0
1685647621.88801
msg_begin
7.75684e+06
-364037
2.94172
0.0188268
0.00738558
0.00166041
0
0
0
1685647621.93784
msg_begin
7.75684e+06
-364037
2.93903
0.00144229
0.00088095
0.000159442
0
0
0
1685647621.98782
msg_begin
7.75684e+06
-364037
2.93976
0.00180617
0.00134198
0.000194462
0
0
0
1685647622.03794
msg_begin
7.75684e+06
-364037
2.9373
2.98023e-08
6.40284e-10
4.44089e-16
0
0
0
1685647622.08802
msg_begin
7.75684e+06
-364037
2.93847
0.00581378
0.00340561
0.000152657
0
0
0
1685647622.13782
msg_begin
7.75684e+06
-364037
2.93631
0.000125768
0.000102677
4.39171e-05
0
0
0
1685647622.18776
msg_begin
7.75683e+06
-364037
2.93723
0.00392923
0.000607653
0.000232629
0
0
0
1685647622.23786
msg_begin
7.75683e+06
-364037
2.93769
0.012866
0.00486535
0.000840229
0
0
0
1685647622.28772
msg_begin
7.75683e+06
-364037
2.93436
0.0385029
0.0123427
0.0024006
0
0
0
1685647622.33772
msg_begin
7.75683e+06
-364036
2.93724
0.000814113
4.37301e-05
2.27479e-05
0
0
0
1685647622.38770
msg_begin
7.75683e+06
-364036
2.93573
0.00371229
0.00236003
0.000714103
0
0
0
1685647622.43767
msg_begin
7.75683e+06
-364036
2.93541
0.00245372
0.00332725
0.00026489
0
0
0
1685647622.48766
msg_begin
7.75683e+06
-364036
2.93495
0.0129057
0.00628848
0.000908117
0
0
0
1685647622.53765
msg_begin
7.75683e+06
-364036
2.94008
7.45058e-08
6.40284e-10
4.44089e-16
0
0
0
1685647622.63763
msg_begin
7.75683e+06
-364036
2.9423
0.0335046
0.00287975
0.000762373
0
0
0
1685647622.68764
msg_begin
7.75683e+06
-364036
2.93714
0.00788992
0.00624283
0.000607047
0
0
0
1685647622.78768
msg_begin
7.75683e+06
-364036
2.93582
0.0420617
0.0139681
0.0014135
0
0
0
1685647622.88765
msg_begin
7.75683e+06
-364036
2.93633
0.00499545
0.00419091
0.000520847
0
0
0
1685647622.93765
msg_begin
7.75683e+06
-364036
2.93602
0.00515988
0.00424032
0.000504581
0
0
0
1685647622.98766
msg_begin
7.75683e+06
-364036
2.93922
0.00787643
0.00598501
0.00115433
0
0
0
1685647623.03765
msg_begin
7.75683e+06
-364036
2.93705
0.00211998
0.00156516
2.29049e-05
0
0
0
1685647623.08764
msg_begin
7.75683e+06
-364036
2.93509
0.00353295
0.00204224
0.000430118
0
0
0
1685647623.13765
msg_begin
7.75683e+06
-364036
2.93718
0.0134083
0.00907751
0.00104536
0
0
0
1685647623.18763
msg_begin
7.75683e+06
-364036
2.93526
0.00109054
0.00025366
6.55436e-05
0
0
0
1685647623.23764
msg_begin
7.75683e+06
-364036
2.93199
0.00400185
0.00205244
0.00028907
0
0
0
1685647623.28824
msg_begin
7.75683e+06
-364036
2.93336
0.00647808
0.00180159
0.000265241
0
0
0
1685647623.33762
msg_begin
7.75683e+06
-364036
2.9322
0.0226923
0.00709268
0.00113405
0
0
0
1685647623.38768
msg_begin
7.75683e+06
-364036
2.93132
0.0208067
0.00506027
0.00166221
0
0
0
1685647623.43777
msg_begin
7.75683e+06
-364036
2.93283
0.00674739
0.00356998
0.00154199
0
0
0
1685647623.48765
msg_begin
7.75683e+06
-364036
2.93053
0.00141491
0.000472565
0.00012605
0
0
0
1685647623.53772
msg_begin
7.75683e+06
-364036
2.93037
0.00618916
0.00188009
0.000751324
0
0
0
1685647623.58766
msg_begin
7.75683e+06
-364036
2.93308
0.00984956
0.00313396
0.000704473
0
0
0
1685647623.63764
msg_begin
7.75683e+06
-364036
2.93511
0.0303582
0.000817705
0.000963788
0
0
0
1685647623.68759
msg_begin
7.75683e+06
-364036
2.93658
0.00960995
0.0104647
0.000758862
0
0
0
1685647623.73759
msg_begin
7.75683e+06
-364036
2.93918
0.00326302
0.00401986
0.00157863
0
0
0
1685647623.78759
msg_begin
7.75683e+06
-364036
2.93794
0.00836566
0.00246568
0.000945733
0
0
0
1685647623.83758
msg_begin
7.75683e+06
-364036
2.93845
0.00239105
0.00120451
0.000547791
0
0
0
1685647623.88761
msg_begin
7.75683e+06
-364035
2.93843
0.00993562
0.00289512
0.00032743
0
0
0
1685647623.93759
msg_begin
7.75683e+06
-364035
2.93549
0.00284301
0.0006732
0.000304964
0
0
0
1685647623.98760
msg_begin
7.75683e+06
-364035
2.93557
0.00871569
0.00529492
0.000905865
0
0
0
1685647624.03759
msg_begin
7.75683e+06
-364035
2.93144
0.0143558
0.0105416
0.00100389
0
0
0
1685647624.08758
msg_begin
7.75683e+06
-364035
2.92983
0.00364412
0.00466569
0.000221837
0
0
0
1685647624.13759
msg_begin
7.75683e+06
-364035
2.93072
0.0157246
0.00647707
0.000421297
0
0
0
1685647624.18757
msg_begin
7.75683e+06
-364035
2.93067
0.00766901
0.0154498
0.000482633
0
0
0
1685647624.23759
msg_begin
7.75683e+06
-364035
2.93447
0.00900301
0.00633804
0.000107761
0
0
0
1685647624.28771
msg_begin
7.75683e+06
-364035
2.93485
0.00701178
0.00371133
0.000475159
0
0
0
1685647624.33757
msg_begin
7.75683e+06
-364035
2.93275
0.0246563
0.00543541
0.00091939
0
0
0
1685647624.38758
msg_begin
7.75683e+06
-364035
2.93501
0.00186076
0.00131749
0.000137516
0
0
0
1685647624.43765
msg_begin
7.75683e+06
-364035
2.93551
0.00590335
0.00400459
0.000354762
0
0
0
1685647624.48815
msg_begin
7.75683e+06
-364035
2.93664
0.00199825
0.00175254
0.000183973
0
0
0
1685647624.53763
msg_begin
7.75683e+06
-364035
2.93749
0.0145827
0.00482449
0.000409871
0
0
0
1685647624.58761
msg_begin
7.75683e+06
-364035
2.93919
0.0100591
0.00253338
0.000805815
0
0
0
1685647624.63774
msg_begin
7.75683e+06
-364035
2.93867
0.00159512
0.00124319
8.86408e-05
0
0
0
1685647624.68825
msg_begin
7.75683e+06
-364035
2.93833
0.0122422
0.00382861
0.000335732
0
0
0
1685647624.73813
msg_begin
7.75683e+06
-364035
2.93855
0.00547933
0.00874839
0.000375492
0
0
0
1685647624.78769
msg_begin
7.75682e+06
-364035
2.93593
0.00890868
0.0193045
0.00146445
0
0
0
1685647624.83781
msg_begin
7.75682e+06
-364035
2.93479
0.0142016
0.00796336
0.000820415
0
0
0
1685647624.88845
msg_begin
7.75682e+06
-364035
2.93301
0.0141918
0.0048103
0.00103285
0
0
0
1685647624.93768
msg_begin
7.75682e+06
-364035
2.93604
0.00676123
0.00279935
0.00197917
0
0
0
1685647624.98763
msg_begin
7.75682e+06
-364035
2.93436
0.0406492
0.00343111
0.00163444
0
0
0
1685647625.03766
msg_begin
7.75682e+06
-364035
2.93303
0.0381823
0.00522264
0.00161023
0
0
0
1685647625.08778
msg_begin
7.75682e+06
-364034
2.93637
0.00277919
0.00155256
0.00021686
0
0
0
1685647625.13754
msg_begin
7.75682e+06
-364034
2.93639
0.0204652
0.00735897
0.00100793
0
0
0
1685647625.18749
msg_begin
7.75682e+06
-364034
2.93287
0.00114543
0.000212274
0.000161866
0
0
0
1685647625.23742
msg_begin
7.75682e+06
-364034
2.93195
0.021298
0.00450969
0.00200679
0
0
0
1685647625.28777
msg_begin
7.75682e+06
-364034
2.93414
0.00623648
0.00159656
0.000549852
0
0
0
1685647625.33727
msg_begin
7.75682e+06
-364034
2.93429
0.0173945
0.00844945
0.000555002
0
0
0
1685647625.38723
msg_begin
7.75682e+06
-364034
2.93524
0.0140532
0.00430411
0.00078899
0
0
0
1685647625.43729
msg_begin
7.75682e+06
-364034
2.93174
0.00810517
0.00392802
0.000550835
0
0
0
1685647625.48733
msg_begin
7.75682e+06
-364034
2.92841
0.0177098
0.0044175
0.00108407
0
0
0
1685647625.53712
msg_begin
7.75682e+06
-364034
2.93071
0.0655006
0.0125298
0.000721673
0
0
0
1685647625.58710
msg_begin
7.75682e+06
-364034
2.92994
0.0167708
0.000599307
0.00097637
0
0
0
1685647625.63706
msg_begin
7.75682e+06
-364034
2.92929
0.00266708
7.9119e-05
1.04909e-08
0
0
0
1685647625.68734
msg_begin
7.75682e+06
-364034
2.93098
0.00259823
0.00112543
0.000108178
0
0
0
1685647625.73697
msg_begin
7.75682e+06
-364034
2.93317
0.00532829
0.0125803
0.00070565
0
0
0
1685647625.78699
msg_begin
7.75682e+06
-364034
2.93417
0.009647
0.00412298
0.00092294
0
0
0
1685647625.83697
msg_begin
7.75682e+06
-364034
2.93215
0.0075594
0.00208647
0.000758157
0
0
0
1685647625.88762
msg_begin
7.75682e+06
-364034
2.93371
0.0053447
0.00132397
0.000340339
0
0
0
1685647625.93691
msg_begin
7.75682e+06
-364034
2.92999
0.00118847
0.0031897
7.75715e-05
0
0
0
1685647625.98694
msg_begin
7.75682e+06
-364034
2.92946
0.00650999
0.00221899
0.000280928
0
0
0
1685647626.03691
msg_begin
7.75682e+06
-364034
2.93091
0.0339754
0.0131959
0.00204662
0
0
0
1685647626.08764
msg_begin
7.75682e+06
-364034
2.92677
0.0135852
0.00619365
0.000435847
0
0
0
1685647626.13689
msg_begin
7.75682e+06
-364033
2.92465
0.00907552
0.0100348
0.000771893
0
0
0
1685647626.18695
msg_begin
7.75682e+06
-364033
2.92682
0.0146798
0.00427169
0.00120185
0
0
0
1685647626.23695
msg_begin
7.75682e+06
-364033
2.9264
0.0192041
0.0088507
0.00112792
0
0
0
1685647626.28756
msg_begin
7.75682e+06
-364033
2.92514
0.0141883
0.0054002
0.000404789
0
0
0
1685647626.33696
msg_begin
7.75682e+06
-364033
2.92423
0.020185
0.00572706
0.00109932
0
0
0
1685647626.38696
msg_begin
7.75682e+06
-364033
2.92121
0.0167042
0.00506177
0.00166951
0
0
0
1685647626.43696
msg_begin
7.75682e+06
-364033
2.92099
0.00249459
0.00335025
0.000241797
0
0
0
1685647626.48744
msg_begin
7.75682e+06
-364033
2.91815
0.00714702
0.00157114
0.000269236
0
0
0
1685647626.53697
msg_begin
7.75682e+06
-364033
2.91849
0.0060184
0.00462951
0.000281755
0
0
0
1685647626.58699
msg_begin
7.75682e+06
-364033
2.91657
0.00748956
0.0113139
0.000544352
0
0
0
1685647626.63700
msg_begin
7.75682e+06
-364033
2.91655
0.00738073
0.00821394
0.000740993
0
0
0
1685647626.68704
msg_begin
7.75682e+06
-364033
2.91458
0.00302867
0.00604133
0.00113908
0
0
0
1685647626.73685
msg_begin
7.75682e+06
-364033
2.91129
0.00983479
0.00686677
0.000278332
0
0
0
1685647626.78682
msg_begin
7.75681e+06
-364033
2.91166
0.0144304
0.00617626
0.000589681
0
0
0
1685647626.83812
msg_begin
7.75681e+06
-364033
2.90769
0.0291553
0.0115227
2.17818e-05
0
0
0
1685647626.88714
msg_begin
7.75681e+06
-364033
2.90646
0.0390663
0.00797457
0.00059078
0
0
0
1685647626.93675
msg_begin
7.75681e+06
-364033
2.9035
0.0172606
0.0124942
0.00118797
0
0
0
1685647626.98668
msg_begin
7.75681e+06
-364033
2.90617
0.0357316
0.00513468
0.000619043
0
0
0
1685647627.03788
msg_begin
7.75681e+06
-364032
2.90319
0.00250846
0.000790219
2.81486e-05
0
0
0
1685647627.08685
msg_begin
7.75681e+06
-364032
2.90237
0.0170267
0.00436557
0.00109011
0
0
0
1685647627.13666
msg_begin
7.75681e+06
-364032
2.89917
0.0116893
0.00385633
0.000626907
0
0
0
1685647627.18665
msg_begin
7.75681e+06
-364032
2.89873
0.0180071
0.00175184
0.000555853
0
0
0
1685647627.23662
msg_begin
7.75681e+06
-364032
2.89523
0.00403164
0.000839588
7.21243e-05
0
0
0
1685647627.28676
msg_begin
7.75681e+06
-364032
2.8914
0.0245663
0.00781435
0.00217162
0
0
0
1685647627.33658
msg_begin
7.75681e+06
-364032
2.89262
0.0113557
0.00192934
9.29902e-05
0
0
0
1685647627.38654
msg_begin
7.75681e+06
-364032
2.89361
0.018042
0.00201994
0.00115454
0
0
0
1685647627.43652
msg_begin
7.75681e+06
-364032
2.888
0.00803446
0.00758453
0.000715861
0
0
0
1685647627.48675
msg_begin
7.75681e+06
-364032
2.89105
0.00498797
0.0010205
0.000443981
0
0
0
1685647627.53642
msg_begin
7.75681e+06
-364032
2.88644
0.00104199
0.000313528
1.43033e-05
0
0
0
1685647627.58651
msg_begin
7.75681e+06
-364032
2.88598
0.0124124
0.0184673
0.000353242
0
0
0
1685647627.63636
msg_begin
7.75681e+06
-364032
2.87786
0.0115524
0.00113011
0.000587746
0
0
0
1685647627.68637
msg_begin
7.75681e+06
-364032
2.87332
0.00170303
0.00232048
7.85401e-05
0
0
0
1685647627.78640
msg_begin
7.75681e+06
-364031
2.87131
0.0111899
0.00434011
0.00112554
0
0
0
1685647627.88670
msg_begin
7.75681e+06
-364031
2.86843
0.0017084
0.000233952
0.000166809
0
0
0
1685647627.93629
msg_begin
7.75681e+06
-364031
2.86454
0.00162374
0.000109887
3.083e-06
0
0
0
1685647627.98628
msg_begin
7.75681e+06
-364031
2.86496
0.00301079
0.00431245
0.000339661
0
0
0
1685647628.03635
msg_begin
7.75681e+06
-364031
2.86496
0.0240486
0.00330266
0.000366621
0
0
0
1685647628.08627
msg_begin
7.75681e+06
-364031
2.86092
0.0200556
0.00696216
0.000498312
0
0
0
1685647628.13627
msg_begin
7.75681e+06
-364031
2.8571
0.0187139
0.00895396
0.000737823
0
0
0
1685647628.18626
msg_begin
7.75681e+06
-364031
2.8534
0.00903272
0.00685791
0.000546415
0
0
0
1685647628.23626
msg_begin
7.75681e+06
-364031
2.854
0.00124689
5.07743e-05
0.000156215
0
0
0
1685647628.28669
msg_begin
7.75681e+06
-364031
2.85168
0.019413
0.00174489
0.000258538
0
0
0
1685647628.33631
msg_begin
7.75681e+06
-364031
2.84746
0.00535442
0.00606187
0.000546644
0
0
0
1685647628.38632
msg_begin
7.75681e+06
-364031
2.84727
0.0460141
0.00390982
0.00129499
0
0
0
1685647628.43630
msg_begin
7.7568e+06
-364030
2.83864
0.0166909
0.0040705
0.000813775
0
0
0
1685647628.48656
msg_begin
7.7568e+06
-364030
2.83916
0.0121927
0.00478655
0.000801355
0
0
0
1685647628.53636
msg_begin
7.7568e+06
-364030
2.83905
0.00608161
0.00416862
0.000712404
0
0
0
1685647628.58633
msg_begin
7.7568e+06
-364030
2.83632
3.57019e-05
0.000136644
2.46843e-05
0
0
0
1685647628.63636
msg_begin
7.7568e+06
-364030
2.83303
0.000716314
0.000278283
2.65488e-05
0
0
0
1685647628.68640
msg_begin
7.7568e+06
-364030
2.83051
0.0117758
0.00408284
0.00106178
0
0
0
1685647628.73641
msg_begin
7.7568e+06
-364030
2.82429
1.76951e-08
8.73115e-10
0
0
0
0
1685647628.78650
msg_begin
7.7568e+06
-364030
2.82137
0.00138376
0.00189299
0.000129196
0
0
0
1685647628.83644
msg_begin
7.7568e+06
-364030
2.82108
0.0267765
0.00522532
0.00122293
0
0
0
1685647628.88644
msg_begin
7.7568e+06
-364030
2.82058
0.018478
0.00984583
0.00137221
0
0
0
1685647628.93650
msg_begin
7.7568e+06
-364029
2.81579
0.0224999
0.00598922
0.0004918
0
0
0
1685647628.98653
msg_begin
7.7568e+06
-364029
2.81401
0.00572022
0.000681999
0.000150071
0
0
0
1685647629.03658
msg_begin
7.7568e+06
-364029
2.81415
0.0225649
0.0148038
0.00259055
0
0
0
1685647629.08699
msg_begin
7.7568e+06
-364029
2.81318
0.0120702
0.00568483
0.000653637
0
0
0
1685647629.13652
msg_begin
7.7568e+06
-364029
2.81116
0.00809958
0.00346062
0.000281089
0
0
0
1685647629.18651
msg_begin
7.7568e+06
-364029
2.80595
0.00319083
0.00159641
0.000395048
0
0
0
1685647629.23652
msg_begin
7.7568e+06
-364029
2.80354
0.0505698
0.0107439
0.000725119
0
0
0
1685647629.28667
msg_begin
7.7568e+06
-364029
2.80269
0.0291266
0.0151396
0.00133491
0
0
0
1685647629.33654
msg_begin
7.7568e+06
-364029
2.80453
0.00201246
0.00486224
0.000658066
0
0
0
1685647629.38655
msg_begin
7.7568e+06
-364029
2.80015
1.10801e-05
1.96239e-06
7.11048e-07
0
0
0
1685647629.43655
msg_begin
7.7568e+06
-364028
2.79614
0.00428717
0.00322894
0.000590189
0
0
0
1685647629.48681
msg_begin
7.7568e+06
-364028
2.79403
0.0110038
0.00926852
0.000838252
0
0
0
1685647629.53659
msg_begin
7.7568e+06
-364028
2.79169
0.010086
0.00288558
0.00044087
0
0
0
1685647629.58657
msg_begin
7.7568e+06
-364028
2.7911
2.79397e-09
2.32831e-10
4.44089e-16
0
0
0
1685647629.63665
msg_begin
7.7568e+06
-364028
2.78798
0.000242872
0.000152123
3.83271e-05
0
0
0
1685647629.68661
msg_begin
7.7568e+06
-364028
2.78719
0.014873
0.00725266
0.000292044
0
0
0
1685647629.73662
msg_begin
7.7568e+06
-364028
2.78621
0.0401104
0.0108944
0.00145583
0
0
0
1685647629.78668
msg_begin
7.7568e+06
-364028
2.78476
0.00321275
0.0150945
0.000171172
0
0
0
1685647629.83665
msg_begin
7.7568e+06
-364028
2.78463
0.0157437
0.00709217
0.000433184
0
0
0
1685647629.88683
msg_begin
7.7568e+06
-364028
2.78384
0.0456548
0.0181349
0.00107395
0
0
0
1685647629.93670
msg_begin
7.7568e+06
-364027
2.78275
0.00107911
0.00106449
0.000129876
0
0
0
1685647629.98669
msg_begin
7.7568e+06
-364027
2.78212
0.0065189
0.00924725
0.00333574
0
0
0
1685647630.03670
msg_begin
7.7568e+06
-364027
2.77952
0.00818903
0.0043625
0.000489332
0
0
0
1685647630.08673
msg_begin
7.75679e+06
-364027
2.7786
0.0209039
0.00558241
0.00129352
0
0
0
1685647630.13672
msg_begin
7.75679e+06
-364027
2.77621
0.0209432
0.0126466
0.000480307
0
0
0
1685647630.18672
msg_begin
7.75679e+06
-364027
2.77613
0.0242184
0.00683724
0.00170638
0
0
0
1685647630.23676
msg_begin
7.75679e+06
-364027
2.77764
0.0529012
0.0271243
0.000392597
0
0
0
1685647630.28717
msg_begin
7.75679e+06
-364027
2.77346
0.00258394
0.000407578
7.63706e-05
0
0
0
1685647630.33678
msg_begin
7.75679e+06
-364027
2.77258
0.00460081
0.00564525
0.000905444
0
0
0
1685647630.38682
msg_begin
7.75679e+06
-364026
2.77139
0.00724489
0.00253707
0.000237633
0
0
0
1685647630.43683
msg_begin
7.75679e+06
-364026
2.76869
0.00440027
0.00181947
0.000770077
0
0
0
1685647630.48710
msg_begin
7.75679e+06
-364026
2.76983
0.00187171
0.00299641
0.000341962
0
0
0
1685647630.53683
msg_begin
7.75679e+06
-364026
2.76914
0.00968446
0.00174693
0.00024327
0
0
0
1685647630.58678
msg_begin
7.75679e+06
-364026
2.7728
0.00369992
0.00196409
0.000359536
0
0
0
1685647630.63677
msg_begin
7.75679e+06
-364026
2.77045
0.00228068
0.00269654
0.000498088
0
0
0
1685647630.68683
msg_begin
7.75679e+06
-364026
2.77015
0.00551936
0.00389221
0.000181425
0
0
0
1685647630.73676
msg_begin
7.75679e+06
-364026
2.77002
0.0117864
0.00472028
0.00045924
0
0
0
1685647630.78680
msg_begin
7.75679e+06
-364026
2.77187
0.0272174
0.0105381
0.000634652
0
0
0
1685647630.83674
msg_begin
7.75679e+06
-364026
2.77249
0.00386342
0.00333464
0.00046525
0
0
0
1685647630.88718
msg_begin
7.75679e+06
-364025
2.76862
0.0128387
0.00792838
0.00113118
0
0
0
1685647630.93681
msg_begin
7.75679e+06
-364025
2.76712
0.017701
0.00526925
0.000414737
0
0
0
1685647630.98679
msg_begin
7.75679e+06
-364025
2.76597
0.00523828
0.00671705
0.000688336
0
0
0
1685647631.03680
msg_begin
7.75679e+06
-364025
2.76557
0.00324564
0.00822835
0.000505861
0
0
0
1685647631.08683
msg_begin
7.75679e+06
-364025
2.76648
0.00271169
0.00343154
0.000189204
0
0
0
1685647631.13683
msg_begin
7.75679e+06
-364025
2.7694
0.0194749
0.00359081
0.000841935
0
0
0
1685647631.18686
msg_begin
7.75679e+06
-364025
2.76566
3.54238e-05
0.000782327
1.22185e-05
0
0
0
1685647631.23687
msg_begin
7.75679e+06
-364025
2.76678
0.00286829
0.00890782
0.000591793
0
0
0
1685647631.28686
msg_begin
7.75679e+06
-364025
2.76398
0.002811
0.00165644
0.000140111
0
0
0
1685647631.33686
msg_begin
7.75679e+06
-364025
2.76611
0.00507656
0.00458576
0.000563042
0
0
0
1685647631.38684
msg_begin
7.75679e+06
-364024
2.76538
0.00364134
0.00169884
0.000103187
0
0
0
1685647631.43684
msg_begin
7.75679e+06
-364024
2.76322
0.0098978
0.00346369
0.000629946
0
0
0
1685647631.48765
msg_begin
7.75679e+06
-364024
2.76483
0.00655669
0.00199368
0.000415096
0
0
0
1685647631.53689
msg_begin
7.75679e+06
-364024
2.76553
0.000613612
0.000517777
0.000126665
0
0
0
1685647631.58688
msg_begin
7.75679e+06
-364024
2.76589
0.00342689
0.00242325
0.000269248
0
0
0
1685647631.63686
msg_begin
7.75679e+06
-364024
2.76188
0.0147921
0.00378289
0.000723026
0
0
0
1685647631.68694
msg_begin
7.75679e+06
-364024
2.76061
0.00839844
0.0110037
0.000609662
0
0
0
1685647631.73691
msg_begin
7.75679e+06
-364024
2.76093
0.0088725
0.00824634
0.000689966
0
0
0
1685647631.78692
msg_begin
7.75679e+06
-364024
2.76137
0.0166606
0.00754913
0.000458172
0
0
0
1685647631.83695
msg_begin
7.75678e+06
-364024
2.76104
0.0399357
0.0139545
0.000856894
0
0
0
1685647631.88695
msg_begin
7.75678e+06
-364023
2.75865
0.0132864
0.00440842
0.00100099
0
0
0
1685647631.93699
msg_begin
7.75678e+06
-364023
2.76206
0.00887763
0.00832525
0.000443098
0
0
0
1685647631.98698
msg_begin
7.75678e+06
-364023
2.76036
0.0117588
0.00316495
0.000599207
0
0
0
1685647632.03702
msg_begin
7.75678e+06
-364023
2.75932
0.0115295
0.00400219
0.000796465
0
0
0
1685647632.08702
msg_begin
7.75678e+06
-364023
2.75896
0.0303595
0.0106205
0.00202481
0
0
0
1685647632.13706
msg_begin
7.75678e+06
-364023
2.76014
0.000899205
3.93225e-05
3.61203e-05
0
0
0
1685647632.18708
msg_begin
7.75678e+06
-364023
2.75609
7.72998e-08
1.74623e-10
8.88178e-16
0
0
0
1685647632.23724
msg_begin
7.75678e+06
-364023
2.75844
0.00315087
0.00228693
0.000136645
0
0
0
1685647632.28727
msg_begin
7.75678e+06
-364023
2.75784
0.0196641
0.0136296
0.00128389
0
0
0
1685647632.33717
msg_begin
7.75678e+06
-364023
2.75788
0.0136965
0.00800527
0.000707038
0
0
0
1685647632.38712
msg_begin
7.75678e+06
-364023
2.75818
0.0053914
0.00166323
0.000189629
0
0
0
1685647632.43713
msg_begin
7.75678e+06
-364023
2.7569
0.00961663
0.00761022
0.0018941
0
0
0
1685647632.48715
msg_begin
7.75678e+06
-364022
2.7553
2.04891e-08
1.39698e-09
2.66454e-15
0
0
0
1685647632.53711
msg_begin
7.75678e+06
-364022
2.75937
0.00338219
0.00198408
0.000141043
0
0
0
1685647632.58710
msg_begin
7.75678e+06
-364022
2.75874
0.000664552
0.00114343
0.000102805
0
0
0
1685647632.63706
msg_begin
7.75678e+06
-364022
2.75798
0.0132135
0.00397866
0.000408972
0
0
0
1685647632.68782
msg_begin
7.75678e+06
-364022
2.75834
0.0202407
0.00507299
0.00056599
0
0
0
1685647632.73704
msg_begin
7.75678e+06
-364022
2.75555
0.00561485
0.0029146
0.000156292
0
0
0
1685647632.78696
msg_begin
7.75678e+06
-364022
2.75541
3.44589e-08
1.57161e-09
1.33227e-15
0
0
0
1685647632.83697
msg_begin
7.75678e+06
-364022
2.75647
0.00342683
0.00940668
0.000158032
0
0
0
1685647632.88696
msg_begin
7.75678e+06
-364022
2.75575
0.0177689
0.0152278
0.000944799
0
0
0
1685647632.93695
msg_begin
7.75678e+06
-364022
2.75935
0.00766892
0.00419627
0.000705961
0
0
0
1685647632.98691
msg_begin
7.75678e+06
-364022
2.75757
0.00929139
0.00519992
0.000202003
0
0
0
1685647633.03690
msg_begin
7.75678e+06
-364022
2.75957
0.0048112
0.00255811
0.000222155
0
0
0
1685647633.08748
msg_begin
7.75678e+06
-364022
2.76001
0.00367456
0.000918579
0.000141065
0
0
0
1685647633.13685
msg_begin
7.75678e+06
-364021
2.76072
0.01652
0.00506816
0.000852589
0
0
0
1685647633.18683
msg_begin
7.75678e+06
-364021
2.76153
0.00722022
0.00198685
0.000125634
0
0
0
1685647633.23684
msg_begin
7.75678e+06
-364021
2.75966
0.00471439
0.00258236
0.000352312
0
0
0
1685647633.28678
msg_begin
7.75678e+06
-364021
2.75876
0.0024114
0.000330634
6.27011e-05
0
0
0
1685647633.33678
msg_begin
7.75678e+06
-364021
2.75874
0.0114675
0.00502514
0.000240746
0
0
0
1685647633.38679
msg_begin
7.75678e+06
-364021
2.75745
0.0165368
0.00420326
0.000841421
0
0
0
1685647633.43678
msg_begin
7.75678e+06
-364021
2.75772
0.0198609
0.00686837
0.00109206
0
0
0
1685647633.48738
msg_begin
7.75678e+06
-364021
2.7582
0.021739
0.0163712
0.001916
0
0
0
1685647633.53676
msg_begin
7.75678e+06
-364021
2.75683
0.0196481
0.00862282
0.000891559
0
0
0
1685647633.58676
msg_begin
7.75678e+06
-364021
2.75815
0.00948246
0.00388116
0.000632295
0
0
0
1685647633.63675
msg_begin
7.75678e+06
-364021
2.75894
0.000733043
0.000212645
1.51591e-05
0
0
0
1685647633.68690
msg_begin
7.75678e+06
-364021
2.75524
0.00389661
0.00453444
0.000498427
0
0
0
1685647633.73680
msg_begin
7.75678e+06
-364021
2.75765
0.0169444
0.0113135
0.000561964
0
0
0
1685647633.78678
msg_begin
7.75678e+06
-364021
2.7579
0.00030207
0.00096169
0.000165585
0
0
0
1685647633.83680
msg_begin
7.75678e+06
-364021
2.75862
0.0121315
0.00739479
0.00198494
0
0
0
1685647633.88762
msg_begin
7.75678e+06
-364020
2.75967
0.0056517
0.00149208
0.000477166
0
0
0
1685647633.93682
msg_begin
7.75678e+06
-364020
2.75647
0.00285645
0.00126478
0.000295432
0
0
0
1685647633.98692
msg_begin
7.75678e+06
-364020
2.75947
0.00297466
0.00099889
0.000262419
0
0
0
1685647634.03683
msg_begin
7.75678e+06
-364020
2.76074
0.0139244
0.00782703
0.000320936
0
0
0
1685647634.08686
msg_begin
7.75678e+06
-364020
2.75798
0.00300683
0.00151949
0.000233032
0
0
0
1685647634.13686
msg_begin
7.75678e+06
-364020
2.7602
0.00931344
0.00392089
0.00116877
0
0
0
1685647634.18687
msg_begin
7.75678e+06
-364020
2.76258
0.00138391
0.00285604
0.000206745
0
0
0
1685647634.23686
msg_begin
7.75678e+06
-364020
2.76042
0.0216812
0.00813763
0.00232919
0
0
0
1685647634.28741
msg_begin
7.75678e+06
-364020
2.75967
0.00166725
0.0104416
0.000326279
0
0
0
1685647634.33686
msg_begin
7.75678e+06
-364020
2.75576
0.00154665
0.00162414
0.000290075
0
0
0
1685647634.38686
msg_begin
7.75678e+06
-364020
2.75904
0.0174044
0.00975685
0.00189379
0
0
0
1685647634.43685
msg_begin
7.75677e+06
-364020
2.75773
0.0155639
0.00509118
0.000447751
0
0
0
1685647634.48683
msg_begin
7.75677e+06
-364020
2.75836
0.0022039
0.00335303
0.000346774
0
0
0
1685647634.53683
msg_begin
7.75677e+06
-364020
2.76048
0.00318535
0.00375453
0.00017583
0
0
0
1685647634.58682
msg_begin
7.75677e+06
-364020
2.76255
0.000469096
0.000440664
3.34757e-05
0
0
0
1685647634.63685
msg_begin
7.75677e+06
-364020
2.76275
0.00923445
0.00342172
0.000749545
0
0
0
1685647634.68748
msg_begin
7.75677e+06
-364020
2.76252
0.00629937
0.00178936
0.000288572
0
0
0
1685647634.73682
msg_begin
7.75677e+06
-364020
2.76157
0.00117578
0.00118111
0.000157722
0
0
0
1685647634.78682
msg_begin
7.75677e+06
-364019
2.76298
0.00238242
0.00151738
0.000114849
0
0
0
1685647634.83680
msg_begin
7.75677e+06
-364019
2.76303
0.00260241
0.000224121
9.24444e-05
0
0
0
1685647634.88686
msg_begin
7.75677e+06
-364019
2.76474
0.00290845
0.00280679
0.000438679
0
0
0
1685647634.93681
msg_begin
7.75677e+06
-364019
2.76481
0.00248482
0.00051562
3.43176e-05
0
0
0
1685647634.98678
msg_begin
7.75677e+06
-364019
2.76799
0.00782212
0.00554953
0.00119534
0
0
0
1685647635.03782
msg_begin
7.75677e+06
-364019
2.76927
0.00699456
0.00458501
0.000795185
0
0
0
1685647635.08721
msg_begin
7.75677e+06
-364019
2.77139
0.0131763
0.00605428
0.0005143
0
0
0
1685647635.13672
msg_begin
7.75677e+06
-364019
2.77104
0.0288677
0.00987567
0.000785995
0
0
0
1685647635.18669
msg_begin
7.75677e+06
-364019
2.76851
0.00696425
0.00086317
0.000231118
0
0
0
1685647635.23668
msg_begin
7.75677e+06
-364019
2.77013
0.00467649
0.00225993
0.000347514
0
0
0
1685647635.28668
msg_begin
7.75677e+06
-364019
2.7714
0.0100426
0.0065877
0.00153899
0
0
0
1685647635.33667
msg_begin
7.75677e+06
-364019
2.76884
5.12227e-08
3.0268e-09
3.55271e-15
0
0
0
1685647635.38665
msg_begin
7.75677e+06
-364019
2.76858
0.00872862
0.00258744
0.000507651
0
0
0
1685647635.43815
msg_begin
7.75677e+06
-364019
2.76772
0.00360149
0.00136752
0.00017773
0
0
0
1685647635.48723
msg_begin
7.75677e+06
-364019
2.7698
2.23517e-08
2.15368e-09
4.44089e-16
0
0
0
1685647635.53667
msg_begin
7.75677e+06
-364019
2.77199
0.00832959
0.00323844
0.000920877
0
0
0
1685647635.58665
msg_begin
7.75677e+06
-364019
2.77317
0.00329113
0.00728302
0.00123456
0
0
0
1685647635.63664
msg_begin
7.75677e+06
-364019
2.77249
0.00502153
0.00538315
0.000196636
0
0
0
1685647635.68663
msg_begin
7.75677e+06
-364019
2.77296
0.00125832
0.0023656
0.000163547
0
0
0
1685647635.73668
msg_begin
7.75677e+06
-364018
2.7727
0.00388224
0.00564411
0.000667667
0
0
0
1685647635.78671
msg_begin
7.75677e+06
-364018
2.77455
0.00823569
0.00417435
0.000424682
0
0
0
1685647635.83667
msg_begin
7.75677e+06
-364018
2.77486
0.00797567
0.0098081
0.000873541
0
0
0
1685647635.88710
msg_begin
7.75677e+06
-364018
2.77445
0.00677152
0.0110675
0.000412229
0
0
0
1685647635.93671
msg_begin
7.75677e+06
-364018
2.77645
0.000677268
0.000371855
4.90662e-05
0
0
0
1685647635.98672
msg_begin
7.75677e+06
-364018
2.77685
0.0157456
0.00944915
0.000670241
0
0
0
1685647636.03670
msg_begin
7.75677e+06
-364018
2.77746
0.000156894
0.00108375
7.47422e-06
0
0
0
1685647636.08672
msg_begin
7.75677e+06
-364018
2.77725
4.93601e-08
1.74623e-09
4.44089e-16
0
0
0
1685647636.13674
msg_begin
7.75677e+06
-364018
2.77945
0.00409492
0.00440184
0.000362925
0
0
0
1685647636.18674
msg_begin
7.75677e+06
-364018
2.77922
0.00586194
0.00558187
0.000491286
0
0
0
1685647636.23674
msg_begin
7.75677e+06
-364018
2.77825
0.0330999
0.0224442
0.000941871
0
0
0
1685647636.28792
msg_begin
7.75677e+06
-364018
2.77805
0.00223848
0.00476141
0.000216709
0
0
0
1685647636.33675
msg_begin
7.75677e+06
-364018
2.77625
0.00163385
0.00215246
0.000359035
0
0
0
1685647636.38674
msg_begin
7.75677e+06
-364018
2.77722
0.00171215
0.00184509
0.000269351
0
0
0
1685647636.43672
msg_begin
7.75677e+06
-364018
2.77658
0.00131728
0.00136105
0.000267186
0
0
0
1685647636.48668
msg_begin
7.75677e+06
-364018
2.7783
0.00211788
0.00189701
0.000115094
0
0
0
1685647636.53666
msg_begin
7.75677e+06
-364018
2.7813
0.00316022
0.00208764
0.00029096
0
0
0
1685647636.58667
msg_begin
7.75677e+06
-364017
2.77944
0.00442507
0.00561949
0.00048301
0
0
0
1685647636.63667
msg_begin
7.75677e+06
-364017
2.7803
0.0128196
0.0079906
0.000602311
0
0
0
1685647636.73661
msg_begin
7.75677e+06
-364017
2.77968
0.0119164
0.00585812
0.000424699
0
0
0
1685647636.78659
msg_begin
7.75677e+06
-364017
2.78069
0.00981135
0.012423
0.000841432
0
0
0
1685647636.83660
msg_begin
7.75677e+06
-364017
2.78213
0.0123936
0.00668101
0.000747793
0
0
0
1685647636.88658
msg_begin
7.75677e+06
-364017
2.78111
0.00891724
0.011185
0.000306834
0
0
0
1685647636.93654
msg_begin
7.75677e+06
-364017
2.7828
0.00655231
0.00814955
0.00157591
0
0
0
1685647636.98656
msg_begin
7.75677e+06
-364017
2.78365
0.0249948
0.00812824
0.00132499
0
0
0
1685647637.03653
msg_begin
7.75677e+06
-364017
2.78502
0.0139454
0.00914006
0.000807068
0
0
0
1685647637.08726
msg_begin
7.75677e+06
-364017
2.78543
0.00707705
0.00671511
9.03698e-05
0
0
0
1685647637.13649
msg_begin
7.75677e+06
-364017
2.78409
0.0168591
0.00482997
0.000511237
0
0
0
1685647637.18652
msg_begin
7.75677e+06
-364017
2.78296
0.0206517
0.00594276
0.000910848
0
0
0
1685647637.23647
msg_begin
7.75677e+06
-364017
2.78536
0.0147548
0.00755996
0.000837728
0
0
0
1685647637.28646
msg_begin
7.75677e+06
-364017
2.78307
0.0018165
0.000209068
9.59361e-05
0
0
0
1685647637.33645
msg_begin
7.75677e+06
-364016
2.78422
0.000674705
0.00102351
3.71717e-05
0
0
0
1685647637.38647
msg_begin
7.75677e+06
-364016
2.78407
0.00807488
0.00594154
0.00068873
0
0
0
1685647637.43656
msg_begin
7.75677e+06
-364016
2.78417
0.0207714
0.0106293
0.0011774
0
0
0
1685647637.48646
msg_begin
7.75676e+06
-364016
2.78653
0.0269405
0.0135562
0.00143517
0
0
0
1685647637.53646
msg_begin
7.75676e+06
-364016
2.78473
0.00043521
0.000390618
8.58416e-05
0
0
0
1685647637.58645
msg_begin
7.75676e+06
-364016
2.7824
0.00617728
0.00938847
0.00111404
0
0
0
1685647637.63643
msg_begin
7.75676e+06
-364016
2.7828
0.0238828
0.00315861
0.000473162
0
0
0
1685647637.68648
msg_begin
7.75676e+06
-364016
2.78243
0.00370815
0.00156749
0.00015869
0
0
0
1685647637.78647
msg_begin
7.75676e+06
-364016
2.78084
0.00287759
0.00615443
0.000216253
0
0
0
1685647637.88652
msg_begin
7.75676e+06
-364016
2.78151
0.00034922
0.00106026
4.60809e-05
0
0
0
1685647637.93650
msg_begin
7.75676e+06
-364015
2.78019
0.0156746
0.00616705
0.000392852
0
0
0
1685647637.98658
msg_begin
7.75676e+06
-364015
2.78076
0.00374995
0.0106633
0.00142251
0
0
0
1685647638.03694
msg_begin
7.75676e+06
-364015
2.78023
0.0143067
0.00788452
0.00091362
0
0
0
1685647638.08659
msg_begin
7.75676e+06
-364015
2.78016
0.0108116
0.00645516
0.000920888
0
0
0
1685647638.13658
msg_begin
7.75676e+06
-364015
2.77652
0.00190076
0.00183684
0.000405972
0
0
0
1685647638.18662
msg_begin
7.75676e+06
-364015
2.77755
0.0148478
0.0125179
0.000426176
0
0
0
1685647638.23663
msg_begin
7.75676e+06
-364015
2.77805
0.00776108
0.00708999
0.00105534
0
0
0
1685647638.28675
msg_begin
7.75676e+06
-364015
2.77808
0.0112368
0.0136236
0.00169066
0
0
0
1685647638.33666
msg_begin
7.75676e+06
-364015
2.77705
0.0176985
0.00521605
0.000300252
0
0
0
1685647638.38674
msg_begin
7.75676e+06
-364015
2.77743
0.00652651
0.00818348
0.000565304
0
0
0
1685647638.43673
msg_begin
7.75676e+06
-364015
2.77768
0.0500576
0.0186994
0.000911464
0
0
0
1685647638.48685
msg_begin
7.75676e+06
-364014
2.77703
0.000374832
0.0004846
3.09603e-05
0
0
0
1685647638.53673
msg_begin
7.75676e+06
-364014
2.77481
0.0084837
0.00753984
0.000769444
0
0
0
1685647638.58677
msg_begin
7.75676e+06
-364014
2.77364
0.00489611
0.00164546
0.000339956
0
0
0
1685647638.63714
msg_begin
7.75676e+06
-364014
2.7737
0.0139707
0.00573428
0.000348727
0
0
0
1685647638.68722
msg_begin
7.75676e+06
-364014
2.77565
0.00435508
0.00331188
0.00060566
0
0
0
1685647638.73678
msg_begin
7.75676e+06
-364014
2.77215
0.0108111
0.00653873
0.000477432
0
0
0
1685647638.78676
msg_begin
7.75676e+06
-364014
2.77192
0.00515194
0.00188808
0.000223362
0
0
0
1685647638.83681
msg_begin
7.75676e+06
-364014
2.7711
0.00603173
0.00972986
0.000372552
0
0
0
1685647638.88679
msg_begin
7.75676e+06
-364014
2.76902
0.0286827
0.0108696
0.00121822
0
0
0
1685647638.93685
msg_begin
7.75676e+06
-364014
2.76752
4.09782e-08
5.23869e-10
2.22045e-15
0
0
0
1685647638.98685
msg_begin
7.75676e+06
-364013
2.76612
0.00477836
0.00237812
8.28912e-05
0
0
0
1685647639.03683
msg_begin
7.75676e+06
-364013
2.76718
0.00819771
0.000725432
0.000913493
0
0
0
1685647639.08694
msg_begin
7.75676e+06
-364013
2.76366
0.0125546
0.00772801
0.000361157
0
0
0
1685647639.13685
msg_begin
7.75676e+06
-364013
2.7601
0.00255957
0.00276689
0.000148581
0
0
0
1685647639.18689
msg_begin
7.75676e+06
-364013
2.7601
0.0297423
0.0150599
0.000501526
0
0
0
1685647639.23677
msg_begin
7.75676e+06
-364013
2.75995
0.036258
0.0206263
0.00101812
0
0
0
1685647639.28681
msg_begin
7.75676e+06
-364013
2.75787
0.0134062
0.00228512
0.0001148
0
0
0
1685647639.33678
msg_begin
7.75675e+06
-364013
2.75295
0.0117615
0.00124836
0.00106289
0
0
0
1685647639.38673
msg_begin
7.75675e+06
-364012
2.75731
0.00193535
0.000297713
3.61177e-05
0
0
0
1685647639.43674
msg_begin
7.75675e+06
-364012
2.757
0.0110064
0.00806061
0.0011787
0
0
0
1685647639.48671
msg_begin
7.75675e+06
-364012
2.75334
0.000416447
0.00107508
0.000256258
0
0
0
1685647639.53667
msg_begin
7.75675e+06
-364012
2.75282
0.0164486
0.00870972
0.00203208
0
0
0
1685647639.58665
msg_begin
7.75675e+06
-364012
2.75113
0.0271289
0.0124004
0.00110219
0
0
0
1685647639.63660
msg_begin
7.75675e+06
-364012
2.74829
0.0118791
0.00428312
0.000358763
0
0
0
1685647639.68663
msg_begin
7.75675e+06
-364012
2.7464
0.0125545
0.00502114
0.000495048
0
0
0
1685647639.73661
msg_begin
7.75675e+06
-364012
2.74566
0.0156666
0.0122054
0.000599224
0
0
0
1685647639.78660
msg_begin
7.75675e+06
-364012
2.74526
0.00515326
0.00718489
0.00057679
0
0
0
1685647639.83678
msg_begin
7.75675e+06
-364011
2.74291
0.0157971
0.00703837
0.00136775
0
0
0
1685647639.88655
msg_begin
7.75675e+06
-364011
2.74403
0.00073926
0.00660041
0.000415738
0
0
0
1685647639.93656
msg_begin
7.75675e+06
-364011
2.74341
0.0098067
0.00338939
0.000224435
0
0
0
1685647639.98657
msg_begin
7.75675e+06
-364011
2.73857
0.0162502
0.0120127
0.00123019
0
0
0
1685647640.03658
msg_begin
7.75675e+06
-364011
2.73899
0.0184356
0.00455438
0.000706011
0
0
0
1685647640.08656
msg_begin
7.75675e+06
-364011
2.73611
0.00108416
0.00186673
5.43839e-05
0
0
0
1685647640.13657
msg_begin
7.75675e+06
-364011
2.73567
0.0454531
0.0226628
0.00132736
0
0
0
1685647640.18657
msg_begin
7.75675e+06
-364010
2.73241
0.000582283
0.00113993
0.000155238
0
0
0
1685647640.23658
msg_begin
7.75675e+06
-364010
2.73088
0.0306198
0.0137752
0.00147095
0
0
0
1685647640.28657
msg_begin
7.75675e+06
-364010
2.72716
0.0234344
0.0117084
0.0015653
0
0
0
1685647640.33654
msg_begin
7.75675e+06
-364010
2.72662
4.74975e-08
3.08501e-09
2.66454e-15
0
0
0
1685647640.38653
msg_begin
7.75675e+06
-364010
2.72648
0.0132004
0.00291955
0.000284713
0
0
0
1685647640.43682
msg_begin
7.75675e+06
-364010
2.72358
0.0286304
0.0114552
0.000673379
0
0
0
1685647640.48657
msg_begin
7.75675e+06
-364010
2.71996
0.0270373
0.0095602
0.000541657
0
0
0
1685647640.53658
msg_begin
7.75675e+06
-364009
2.71847
0.0142855
0.00459933
0.000991906
0
0
0
1685647640.58657
msg_begin
7.75675e+06
-364009
2.71932
0.000960048
0.00716412
0.000447446
0
0
0
1685647640.63660
msg_begin
7.75675e+06
-364009
2.71768
0.000800218
0.00177233
0.000347793
0
0
0
1685647640.68656
msg_begin
7.75675e+06
-364009
2.71475
0.000696946
0.000412313
5.72677e-05
0
0
0
1685647640.73658
msg_begin
7.75675e+06
-364009
2.71227
0.00991815
0.00445114
0.000124296
0
0
0
1685647640.78656
msg_begin
7.75675e+06
-364009
2.71076
0.000961804
0.000547851
3.5088e-05
0
0
0
1685647640.83661
msg_begin
7.75674e+06
-364008
2.70933
0.00115502
4.65818e-05
4.94365e-05
0
0
0
1685647640.88717
msg_begin
7.75674e+06
-364008
2.70681
0.00127761
5.3566e-05
4.77785e-05
0
0
0
1685647640.93662
msg_begin
7.75674e+06
-364008
2.70632
0.0400679
0.0133671
0.0003991
0
0
0
1685647640.98662
msg_begin
7.75674e+06
-364008
2.70352
0.0168096
0.0139887
0.000678399
0
0
0
1685647641.03663
msg_begin
7.75674e+06
-364008
2.70137
0.00328116
0.00318586
0.000666944
0
0
0
1685647641.08664
msg_begin
7.75674e+06
-364008
2.69835
0.00255995
0.00262697
0.00016848
0
0
0
1685647641.13666
msg_begin
7.75674e+06
-364008
2.6985
0.00376
0.0147374
0.00033389
0
0
0
1685647641.18668
msg_begin
7.75674e+06
-364007
2.69476
0.0239297
0.0126671
0.000325286
0
0
0
1685647641.23666
msg_begin
7.75674e+06
-364007
2.69178
0.0155911
0.0011303
7.1108e-05
0
0
0
1685647641.28667
msg_begin
7.75674e+06
-364007
2.68999
0.00602717
0.00404329
0.000399688
0
0
0
1685647641.33666
msg_begin
7.75674e+06
-364007
2.68925
0.00406209
0.00317787
0.000293301
0
0
0
1685647641.38669
msg_begin
7.75674e+06
-364007
2.68879
0.00156354
0.000740743
2.50865e-05
0
0
0
1685647641.43670
msg_begin
7.75674e+06
-364007
2.68686
0.00610986
0.00592756
0.00105858
0
0
0
1685647641.48670
msg_begin
7.75674e+06
-364006
2.68598
0.0101585
0.00227824
0.000370355
0
0
0
1685647641.53670
msg_begin
7.75674e+06
-364006
2.68405
0.0110022
0.00356514
0.000161202
0
0
0
1685647641.58667
msg_begin
7.75674e+06
-364006
2.68271
0.0261574
0.011354
0.000925137
0
0
0
1685647641.63713
msg_begin
7.75674e+06
-364006
2.67952
0.0184978
0.00907337
0.000285337
0
0
0
1685647641.68756
msg_begin
7.75674e+06
-364006
2.67887
0.00391304
0.00256247
0.000144773
0
0
0
1685647641.73667
msg_begin
7.75674e+06
-364006
2.67427
0.00209012
0.000747164
0.000121727
0
0
0
1685647641.78662
msg_begin
7.75674e+06
-364005
2.67348
0.00542833
0.00827432
0.000372398
0
0
0
1685647641.83668
msg_begin
7.75674e+06
-364005
2.6698
0.00575221
0.0110486
0.00110246
0
0
0
1685647641.88656
msg_begin
7.75674e+06
-364005
2.66731
0.00779325
0.00504136
0.000210393
0
0
0
1685647641.93650
msg_begin
7.75674e+06
-364005
2.66839
0.00146465
0.00387557
0.0005048
0
0
0
1685647641.98645
msg_begin
7.75674e+06
-364005
2.66482
0.0228748
0.00963277
0.000241465
0
0
0
1685647642.03651
msg_begin
7.75674e+06
-364004
2.6637
0.0057715
0.00401065
0.000366391
0
0
0
1685647642.08646
msg_begin
7.75674e+06
-364004
2.65985
0.000262129
0.0002842
7.68629e-05
0
0
0
1685647642.13640
msg_begin
7.75674e+06
-364004
2.65593
0.00215064
0.00207724
0.000120283
0
0
0
1685647642.18643
msg_begin
7.75673e+06
-364004
2.65556
0.0258365
0.0102624
0.000570117
0
0
0
1685647642.23640
msg_begin
7.75673e+06
-364004
2.65606
5.40167e-08
2.15368e-09
8.88178e-16
0
0
0
1685647642.28642
msg_begin
7.75673e+06
-364003
2.65302
0.00134369
0.00418041
0.000120659
0
0
0
1685647642.33639
msg_begin
7.75673e+06
-364003
2.65013
0.00710078
0.00676554
0.000925461
0
0
0
1685647642.38639
msg_begin
7.75673e+06
-364003
2.64788
0.0187737
0.0132673
0.00121164
0
0
0
1685647642.43649
msg_begin
7.75673e+06
-364003
2.64767
0.000797061
0.0026843
0.000342936
0
0
0
1685647642.48637
msg_begin
7.75673e+06
-364003
2.64311
0.00766016
0.00411052
0.000238032
0
0
0
1685647642.53636
msg_begin
7.75673e+06
-364002
2.64082
0.0254464
0.0100937
0.000530083
0
0
0
1685647642.58636
msg_begin
7.75673e+06
-364002
2.63766
0.00606874
0.00417949
0.000104515
0
0
0
1685647642.63739
msg_begin
7.75673e+06
-364002
2.63255
0.0146179
0.00760569
0.000979147
0
0
0
1685647642.68636
msg_begin
7.75673e+06
-364002
2.62854
0.00504811
0.00197578
0.000271836
0
0
0
1685647642.78636
msg_begin
7.75673e+06
-364001
2.62698
0.067971
0.0347959
0.000921495
0
0
0
1685647642.88636
msg_begin
7.75673e+06
-364001
2.62594
0.073564
0.0385883
0.00136794
0
0
0
1685647642.93633
msg_begin
7.75673e+06
-364001
2.62398
0.0561216
0.0317927
0.000306034
0
0
0
1685647642.98638
msg_begin
7.75673e+06
-364001
2.62104
0.0133538
0.00375208
0.000482679
0
0
0
1685647643.03680
msg_begin
7.75673e+06
-364000
2.61654
8.3819e-09
1.39698e-09
1.33227e-15
0
0
0
1685647643.08632
msg_begin
7.75673e+06
-364000
2.61261
5.21541e-08
1.74623e-10
4.44089e-15
0
0
0
1685647643.13628
msg_begin
7.75673e+06
-364000
2.61087
0.0344835
0.0114768
0.00129769
0
0
0
1685647643.18626
msg_begin
7.75673e+06
-364000
2.60726
0.00128066
0.000549198
8.43472e-05
0
0
0
1685647643.23627
msg_begin
7.75673e+06
-363999
2.608
0.00397985
0.000605938
0.000303919
0
0
0
1685647643.28630
msg_begin
7.75673e+06
-363999
2.60598
0.000594274
0.000504242
2.69822e-05
0
0
0
1685647643.33631
msg_begin
7.75673e+06
-363999
2.60501
0.00099117
0.00113307
3.00755e-05
0
0
0
1685647643.38626
msg_begin
7.75673e+06
-363999
2.60204
0.000625231
0.000510842
9.01724e-05
0
0
0
1685647643.43626
msg_begin
7.75672e+06
-363999
2.6012
0.0114683
0.0060002
0.000495843
0
0
0
1685647643.48683
msg_begin
7.75672e+06
-363998
2.59824
0.049552
0.0397458
0.000620897
0
0
0
1685647643.53619
msg_begin
7.75672e+06
-363998
2.59724
2.14204e-08
3.20142e-09
5.32907e-15
0
0
0
1685647643.58616
msg_begin
7.75672e+06
-363998
2.59436
0.00404158
0.00200813
0.000269279
0
0
0
1685647643.68612
msg_begin
7.75672e+06
-363997
2.59491
0.00105526
0.000498809
0.000163334
0
0
0
1685647643.73604
msg_begin
7.75672e+06
-363997
2.59293
2.66366e-05
0.0019822
0.000235822
0
0
0
1685647643.78599
msg_begin
7.75672e+06
-363997
2.59124
0.00224347
0.00223637
0.000399433
0
0
0
1685647643.83629
msg_begin
7.75672e+06
-363997
2.59104
0.00714706
0.00573384
0.000144975
0
0
0
1685647643.88591
msg_begin
7.75672e+06
-363996
2.59095
0.0461807
0.0332956
0.000296743
0
0
0
1685647643.93586
msg_begin
7.75672e+06
-363996
2.59033
0.00356449
0.00411059
0.000204223
0
0
0
1685647643.98581
msg_begin
7.75672e+06
-363996
2.58904
0.00362221
0.00357403
0.000310981
0
0
0
1685647644.03603
msg_begin
7.75672e+06
-363996
2.58995
9.31323e-10
2.50293e-09
4.44089e-16
0
0
0
1685647644.08569
msg_begin
7.75672e+06
-363995
2.58651
2.04891e-08
7.567e-10
8.88178e-16
0
0
0
1685647644.13565
msg_begin
7.75672e+06
-363995
2.58638
1.58325e-08
2.38651e-09
3.55271e-15
0
0
0
1685647644.18560
msg_begin
7.75672e+06
-363995
2.58646
0.00378071
0.00198884
9.42575e-05
0
0
0
1685647644.23554
msg_begin
7.75672e+06
-363995
2.58786
0.00693851
0.00728733
0.000759413
0
0
0
1685647644.28544
msg_begin
7.75672e+06
-363994
2.58669
0.0287653
0.0213337
0.00144442
0
0
0
1685647644.33542
msg_begin
7.75672e+06
-363994
2.58418
0.0179036
0.0157458
0.000423105
0
0
0
1685647644.38534
msg_begin
7.75672e+06
-363994
2.5826
0.00650682
0.00407089
0.000560144
0
0
0
1685647644.43525
msg_begin
7.75672e+06
-363994
2.58156
0.0301855
0.0152897
0.000825924
0
0
0
1685647644.48519
msg_begin
7.75672e+06
-363993
2.57969
2.23517e-08
4.07454e-10
3.10862e-15
0
0
0
1685647644.53516
msg_begin
7.75672e+06
-363993
2.57978
0.00820355
0.00602554
0.000302233
0
0
0
1685647644.58505
msg_begin
7.75671e+06
-363993
2.57971
0.0570915
0.0310901
0.00125478
0
0
0
1685647644.63634
msg_begin
7.75671e+06
-363993
2.58083
0.00345067
0.00175315
0.00015537
0
0
0
1685647644.68495
msg_begin
7.75671e+06
-363992
2.5813
0.0109366
0.00768674
0.000931516
0
0
0
1685647644.73491
msg_begin
7.75671e+06
-363992
2.57891
0.00180494
0.00165071
0.000288477
0
0
0
1685647644.78495
msg_begin
7.75671e+06
-363992
2.58154
0.0126589
0.0136296
0.000370985
0
0
0
1685647644.83542
msg_begin
7.75671e+06
-363991
2.57898
0.00347619
0.0033105
9.41963e-05
0
0
0
1685647644.88475
msg_begin
7.75671e+06
-363991
2.57825
0.00206382
0.00187167
0.000305938
0
0
0
1685647644.93474
msg_begin
7.75671e+06
-363991
2.57685
0.0091759
0.00530514
0.000514132
0
0
0
1685647644.98466
msg_begin
7.75671e+06
-363991
2.57573
0.0175438
0.00500636
0.000482832
0
0
0
1685647645.03615
msg_begin
7.75671e+06
-363990
2.5745
0.0161669
0.00873735
0.000792134
0
0
0
1685647645.08456
msg_begin
7.75671e+06
-363990
2.57458
0.00919466
0.00905352
0.000610383
0
0
0
1685647645.13449
msg_begin
7.75671e+06
-363990
2.57475
5.7742e-08
5.82077e-10
3.9968e-15
0
0
0
1685647645.18453
msg_begin
7.75671e+06
-363990
2.57516
0.000294388
0.000885859
0.000113614
0
0
0
1685647645.23452
msg_begin
7.75671e+06
-363989
2.57125
0.00479174
0.0051433
0.000489927
0
0
0
1685647645.28440
msg_begin
7.75671e+06
-363989
2.57076
0.000886126
0.00142549
8.76115e-05
0
0
0
1685647645.33440
msg_begin
7.75671e+06
-363989
2.56975
0.00294207
0.00462516
0.000401793
0
0
0
1685647645.38437
msg_begin
7.75671e+06
-363988
2.57138
0.00776896
0.00629414
2.08237e-05
0
0
0
1685647645.43436
msg_begin
7.75671e+06
-363988
2.57109
0.000582525
0.000732552
0.000123385
0
0
0
1685647645.48444
msg_begin
7.75671e+06
-363988
2.57028
0.0236152
0.0123005
0.00101198
0
0
0
1685647645.53440
msg_begin
7.75671e+06
-363988
2.56848
0.0137971
0.0205431
0.000726556
0
0
0
1685647645.58444
msg_begin
7.75671e+06
-363987
2.56583
0.00537603
0.00165045
0.000432553
0
0
0
1685647645.63453
msg_begin
7.75671e+06
-363987
2.56594
0.0411975
0.0219362
0.0018106
0
0
0
1685647645.68452
msg_begin
7.7567e+06
-363987
2.56359
0.0270133
0.0117336
0.00112188
0
0
0
1685647645.73455
msg_begin
7.7567e+06
-363987
2.56511
0.0164317
0.0113748
0.00102234
0
0
0
1685647645.78454
msg_begin
7.7567e+06
-363986
2.56592
7.17118e-08
3.60887e-09
4.44089e-16
0
0
0
1685647645.83458
msg_begin
7.7567e+06
-363986
2.5649
0.0159741
0.0195975
0.000861525
0
0
0
1685647645.88463
msg_begin
7.7567e+06
-363986
2.56324
0.00824522
0.00545132
0.000554354
0
0
0
1685647645.93467
msg_begin
7.7567e+06
-363985
2.56188
0.00132496
0.00531626
0.000160917
0
0
0
1685647645.98467
msg_begin
7.7567e+06
-363985
2.56315
0.000443757
0.000968609
0.00113451
0
0
0
1685647646.03473
msg_begin
7.7567e+06
-363985
2.56221
0.0129895
0.00992806
0.000561471
0
0
0
1685647646.08466
msg_begin
7.7567e+06
-363985
2.56122
0.000781504
0.000252809
7.51303e-05
0
0
0
1685647646.13467
msg_begin
7.7567e+06
-363984
2.5598
9.12237e-05
0.00183466
0.00048718
0
0
0
1685647646.18464
msg_begin
7.7567e+06
-363984
2.55944
0.000439673
0.00295816
0.000152879
0
0
0
1685647646.23458
msg_begin
7.7567e+06
-363984
2.55929
0.0159906
0.00426533
0.000749987
0
0
0
1685647646.28463
msg_begin
7.7567e+06
-363983
2.55995
0.00302015
0.00322692
0.00144871
0
0
0
1685647646.33451
msg_begin
7.7567e+06
-363983
2.56052
0.00908779
0.00912708
0.00088817
0
0
0
1685647646.38449
msg_begin
7.7567e+06
-363983
2.55907
0.0199616
0.0125321
0.000755825
0
0
0
1685647646.43514
msg_begin
7.7567e+06
-363983
2.56247
0.0137342
0.0130265
0.000722471
0
0
0
1685647646.48446
msg_begin
7.7567e+06
-363982
2.56156
0.0110244
0.00719397
6.66879e-05
0
0
0
1685647646.53445
msg_begin
7.7567e+06
-363982
2.5603
0.0189947
0.0178262
0.00103956
0
0
0
1685647646.58443
msg_begin
7.7567e+06
-363982
2.56059
0.0135015
0.0122807
0.000446311
0
0
0
1685647646.63463
msg_begin
7.7567e+06
-363981
2.56134
0.0706162
0.0517839
0.000736447
0
0
0
1685647646.68439
msg_begin
7.7567e+06
-363981
2.55895
0.0607685
0.0358482
0.000439168
0
0
0
1685647646.73440
msg_begin
7.7567e+06
-363981
2.55937
0.0188977
0.0051497
0.000653973
0
0
0
1685647646.78439
msg_begin
7.75669e+06
-363980
2.55883
0.00493728
0.0027901
0.000207108
0
0
0
1685647646.83567
msg_begin
7.75669e+06
-363980
2.55715
0.0356774
0.0105818
0.000535826
0
0
0
1685647646.88433
msg_begin
7.75669e+06
-363980
2.56007
0.0294796
0.0245781
0.00139869
0
0
0
1685647646.93431
msg_begin
7.75669e+06
-363979
2.55929
0.0521261
0.0319258
0.00261767
0
0
0
1685647646.98438
msg_begin
7.75669e+06
-363979
2.55913
6.42613e-08
8.73115e-10
1.77636e-15
0
0
0
1685647647.03578
msg_begin
7.75669e+06
-363979
2.55807
0.0498014
0.0380442
0.000645023
0
0
0
1685647647.08439
msg_begin
7.75669e+06
-363979
2.55879
0.056108
0.0400602
0.000712089
0
0
0
1685647647.13443
msg_begin
7.75669e+06
-363978
2.55906
0.0199917
0.0125282
0.000607551
0
0
0
1685647647.18454
msg_begin
7.75669e+06
-363978
2.56065
0.0186705
0.0128913
0.000726272
0
0
0
1685647647.23457
msg_begin
7.75669e+06
-363978
2.55877
1.49012e-08
1.16415e-10
3.55271e-15
0
0
0
1685647647.28456
msg_begin
7.75669e+06
-363978
2.55897
0.00594782
0.00930504
0.00184587
0
0
0
1685647647.33461
msg_begin
7.75669e+06
-363977
2.55688
3.53903e-08
1.45519e-09
3.9968e-15
0
0
0
1685647647.38562
msg_begin
7.75669e+06
-363977
2.55698
2.51457e-08
2.61934e-09
2.66454e-15
0
0
0
1685647647.43470
msg_begin
7.75669e+06
-363976
2.55544
0.0220182
0.0184264
0.00130812
0
0
0
1685647647.48473
msg_begin
7.75669e+06
-363976
2.55655
0.0138948
0.001126
0.000844391
0
0
0
1685647647.53479
msg_begin
7.75669e+06
-363976
2.55993
0.00517777
0.00247251
0.000527987
0
0
0
1685647647.58557
msg_begin
7.75669e+06
-363976
2.55858
0.0591384
0.033244
0.00219177
0
0
0
1685647647.63563
msg_begin
7.75669e+06
-363975
2.555
0.000612535
0.000837184
3.91233e-05
0
0
0
1685647647.73490
msg_begin
7.75669e+06
-363975
2.55599
0.00238247
0.00178742
0.000212494
0
0
0
1685647647.78566
msg_begin
7.75669e+06
-363975
2.55748
0.017694
0.0104039
0.00103331
0
0
0
1685647647.83551
msg_begin
7.75668e+06
-363974
2.55776
0.0359397
0.0263704
0.00132708
0
0
0
1685647647.88490
msg_begin
7.75668e+06
-363974
2.55544
0.00583022
0.0040477
0.000507881
0
0
0
1685647647.93490
msg_begin
7.75668e+06
-363974
2.55262
0.0345002
0.0258703
0.00106182
0
0
0
1685647647.98567
msg_begin
7.75668e+06
-363973
2.55214
0.00486317
0.00431018
0.000285199
0
0
0
1685647648.03488
msg_begin
7.75668e+06
-363973
2.55124
0.02993
0.00716273
0.000375967
0
0
0
1685647648.08484
msg_begin
7.75668e+06
-363973
2.5531
0.0141822
0.0163622
0.000678183
0
0
0
1685647648.13483
msg_begin
7.75668e+06
-363972
2.55371
0.00248032
0.0035018
1.92728e-05
0
0
0
1685647648.18557
msg_begin
7.75668e+06
-363972
2.55251
0.0318063
0.0262972
0.00123154
0
0
0
1685647648.23477
msg_begin
7.75668e+06
-363972
2.55319
0.00697828
0.00205695
0.000232466
0
0
0
1685647648.28478
msg_begin
7.75668e+06
-363971
2.551
0.00454404
0.00230361
0.000234489
0
0
0
1685647648.33477
msg_begin
7.75668e+06
-363971
2.55149
0.00613925
0.00461871
0.00122487
0
0
0
1685647648.38596
msg_begin
7.75668e+06
-363971
2.55213
0.00847195
0.0137907
0.00119694
0
0
0
1685647648.43488
msg_begin
7.75668e+06
-363970
2.55271
0.00246763
0.000918622
0.000209162
0
0
0
1685647648.48476
msg_begin
7.75668e+06
-363970
2.54962
0.000696911
0.00033202
2.05546e-05
0
0
0
1685647648.53473
msg_begin
7.75668e+06
-363970
2.54892
0.00905697
0.0063422
0.00114312
0
0
0
1685647648.58537
msg_begin
7.75668e+06
-363969
2.55236
5.86733e-08
1.74623e-10
4.44089e-16
0
0
0
1685647648.63499
msg_begin
7.75668e+06
-363969
2.55102
0.016723
0.0101068
0.0014073
0
0
0
1685647648.68481
msg_begin
7.75668e+06
-363969
2.55339
0.0068263
0.00568122
0.000446815
0
0
0
1685647648.73484
msg_begin
7.75668e+06
-363969
2.5531
0.0142742
0.0214008
0.000393196
0
0
0
1685647648.78583
msg_begin
7.75668e+06
-363968
2.55308
0.000213514
0.00150205
0.000108005
0
0
0
1685647648.83531
msg_begin
7.75667e+06
-363968
2.55338
0.00314658
0.00499396
0.000406874
0
0
0
1685647648.88484
msg_begin
7.75667e+06
-363968
2.55342
5.30854e-08
2.09548e-09
3.10862e-15
0
0
0
1685647648.93490
msg_begin
7.75667e+06
-363967
2.55089
0.0188656
0.0138338
0.000862989
0
0
0
1685647648.98518
msg_begin
7.75667e+06
-363967
2.55503
2.6077e-08
2.91038e-09
4.44089e-16
0
0
0
1685647649.03520
msg_begin
7.75667e+06
-363967
2.55397
0.0236441
0.0174254
0.00144402
0
0
0
1685647649.08489
msg_begin
7.75667e+06
-363966
2.55325
0.00767711
0.0041633
0.000218446
0
0
0
1685647649.13492
msg_begin
7.75667e+06
-363966
2.55252
0.000538842
0.000154006
7.08912e-05
0
0
0
1685647649.18602
msg_begin
7.75667e+06
-363966
2.55211
0.0161235
0.0211857
0.00141006
0
0
0
1685647649.23492
msg_begin
7.75667e+06
-363965
2.55472
0.00228332
0.00485175
0.000489163
0
0
0
1685647649.28493
msg_begin
7.75667e+06
-363965
2.55324
0.013332
0.00926699
0.00092993
0
0
0
1685647649.33492
msg_begin
7.75667e+06
-363965
2.55483
0.0161097
0.00438972
0.000190532
0
0
0
1685647649.38587
msg_begin
7.75667e+06
-363964
2.557
0.00108202
0.00112521
0.000186986
0
0
0
1685647649.43490
msg_begin
7.75667e+06
-363964
2.55777
8.892e-05
0.00459763
6.30273e-05
0
0
0
1685647649.48490
msg_begin
7.75667e+06
-363964
2.55681
1.95578e-08
6.98492e-10
1.33227e-15
0
0
0
1685647649.53489
msg_begin
7.75667e+06
-363963
2.55841
0.00811555
0.00307426
0.000407351
0
0
0
1685647649.58587
msg_begin
7.75667e+06
-363963
2.55918
0.00378346
0.0016385
8.62889e-05
0
0
0
1685647649.63488
msg_begin
7.75667e+06
-363963
2.559
0.0363279
0.0237336
0.000807626
0
0
0
1685647649.68489
msg_begin
7.75667e+06
-363962
2.56097
0.00557589
0.00422777
0.000720064
0
0
0
1685647649.73489
msg_begin
7.75667e+06
-363962
2.56141
0.0194535
0.00986817
0.000419361
0
0
0
1685647649.78579
msg_begin
7.75667e+06
-363962
2.562
0.0217526
0.0184126
0.000581426
0
0
0
1685647649.83539
msg_begin
7.75666e+06
-363961
2.56057
0.000106612
0.000326081
6.17167e-05
0
0
0
1685647649.88487
msg_begin
7.75666e+06
-363961
2.55977
0.00129881
0.000404644
5.4898e-05
0
0
0
1685647649.93487
msg_begin
7.75666e+06
-363961
2.56127
0.00381365
0.00421759
0.000102597
0
0
0
1685647649.98490
msg_begin
7.75666e+06
-363960
2.56407
0.0183118
0.0130191
0.000389677
0
0
0
1685647650.03495
msg_begin
7.75666e+06
-363960
2.56427
0.0122844
0.00260847
0.000358562
0
0
0
1685647650.08503
msg_begin
7.75666e+06
-363960
2.56402
0.00543277
0.00302072
0.000242298
0
0
0
1685647650.13499
msg_begin
7.75666e+06
-363959
2.56393
0.010219
0.00785429
0.000720708
0
0
0
1685647650.18572
msg_begin
7.75666e+06
-363959
2.56426
0.0261744
0.00935411
0.000440087
0
0
0
1685647650.23503
msg_begin
7.75666e+06
-363959
2.56521
1.76951e-08
1.10595e-09
3.9968e-15
0
0
0
1685647650.28506
msg_begin
7.75666e+06
-363958
2.56793
1.39698e-08
1.62981e-09
1.33227e-15
0
0
0
1685647650.33512
msg_begin
7.75666e+06
-363958
2.56641
0.00686082
0.00395212
0.000166387
0
0
0
1685647650.38597
msg_begin
7.75666e+06
-363958
2.56834
0.00280973
0.00247806
0.000266839
0
0
0
1685647650.43518
msg_begin
7.75666e+06
-363957
2.56954
0.0131338
0.0084113
0.00115918
0
0
0
1685647650.48524
msg_begin
7.75666e+06
-363957
2.57003
0.0228054
0.0149905
0.000584173
0
0
0
1685647650.53524
msg_begin
7.75666e+06
-363957
2.5701
0.00879156
0.00786446
0.000491229
0
0
0
1685647650.58527
msg_begin
7.75666e+06
-363957
2.56914
0.00461401
0.00309176
0.000273196
0
0
0
1685647650.63532
msg_begin
7.75666e+06
-363956
2.5703
0.0265367
0.0188135
0.000810416
0
0
0
1685647650.68532
msg_begin
7.75666e+06
-363956
2.57233
5.7742e-08
2.91038e-09
1.33227e-15
0
0
0
1685647650.73534
msg_begin
7.75665e+06
-363956
2.57357
0.0559221
0.0302422
0.000602369
0
0
0
1685647650.78538
msg_begin
7.75665e+06
-363955
2.57465
0.0274247
0.0137519
0.000823367
0
0
0
1685647650.83538
msg_begin
7.75665e+06
-363955
2.57374
0.00102233
0.000429312
5.77813e-05
0
0
0
1685647650.88542
msg_begin
7.75665e+06
-363955
2.57368
6.42613e-08
2.73576e-09
4.44089e-16
0
0
0
1685647650.93547
msg_begin
7.75665e+06
-363954
2.57245
0.0957976
0.0622521
0.00115535
0
0
0
1685647650.98560
msg_begin
7.75665e+06
-363954
2.57565
8.00937e-08
2.03727e-09
2.22045e-15
0
0
0
1685647651.03577
msg_begin
7.75665e+06
-363954
2.57481
0.023085
0.017516
0.000534593
0
0
0
1685647651.08559
msg_begin
7.75665e+06
-363953
2.57464
0.0145354
0.0122896
0.000754295
0
0
0
1685647651.13569
msg_begin
7.75665e+06
-363953
2.57427
0.0227014
0.00879678
0.00100418
0
0
0
1685647651.18569
msg_begin
7.75665e+06
-363953
2.57279
0.0217215
0.0127081
0.00128022
0
0
0
1685647651.23569
msg_begin
7.75665e+06
-363952
2.57429
6.79865e-08
1.33878e-09
8.88178e-16
0
0
0
1685647651.28574
msg_begin
7.75665e+06
-363952
2.5743
0.00171289
0.0064346
0.000470279
0
0
0
1685647651.33571
msg_begin
7.75665e+06
-363952
2.57374
0.00461984
0.00348738
9.70738e-05
0
0
0
1685647651.38577
msg_begin
7.75665e+06
-363951
2.57397
0.0165681
0.0131233
0.000784796
0
0
0
1685647651.43592
msg_begin
7.75665e+06
-363951
2.57225
0.00435291
0.00572304
0.000863419
0
0
0
1685647651.48603
msg_begin
7.75665e+06
-363951
2.57125
0.018182
0.0200411
0.00115502
0
0
0
1685647651.53574
msg_begin
7.75665e+06
-363950
2.57177
0.011139
0.00830509
0.000512371
0
0
0
1685647651.58588
msg_begin
7.75665e+06
-363950
2.57425
0.0057467
0.00615493
0.000866333
0
0
0
1685647651.63617
msg_begin
7.75665e+06
-363950
2.57618
0.0134939
0.00212297
0.000274209
0
0
0
1685647651.68573
msg_begin
7.75664e+06
-363949
2.57721
1.49012e-08
4.65661e-10
1.77636e-15
0
0
0
1685647651.73573
msg_begin
7.75664e+06
-363949
2.57511
0.00450807
0.00423055
0.000122444
0
0
0
1685647651.78568
msg_begin
7.75664e+06
-363949
2.57384
2.14204e-08
2.32831e-10
5.77316e-15
0
0
0
1685647651.83589
msg_begin
7.75664e+06
-363948
2.57343
8.3819e-09
1.39698e-09
8.88178e-16
0
0
0
1685647651.88564
msg_begin
7.75664e+06
-363948
2.57337
0.00836835
0.00482184
0.000834593
0
0
0
1685647651.93557
msg_begin
7.75664e+06
-363948
2.57224
0.0326754
0.0154391
0.000894802
0
0
0
1685647651.98559
msg_begin
7.75664e+06
-363947
2.57133
0.0036226
0.00193326
7.96855e-05
0
0
0
1685647652.03551
msg_begin
7.75664e+06
-363947
2.56874
0.0103406
0.0082699
0.000265683
0
0
0
1685647652.08551
msg_begin
7.75664e+06
-363947
2.56927
1.11759e-08
8.73115e-10
0
0
0
0
1685647652.13546
msg_begin
7.75664e+06
-363946
2.56753
0.0207337
0.0139642
0.000875969
0
0
0
1685647652.18546
msg_begin
7.75664e+06
-363946
2.56792
0.00757441
0.00375609
0.000759633
0
0
0
1685647652.23547
msg_begin
7.75664e+06
-363946
2.56541
0.0032939
0.00399391
0.000411551
0
0
0
1685647652.28547
msg_begin
7.75664e+06
-363945
2.56707
0.00576433
0.00305871
0.000341272
0
0
0
1685647652.33547
msg_begin
7.75664e+06
-363945
2.56604
5.58794e-08
1.10595e-09
3.10862e-15
0
0
0
1685647652.38636
msg_begin
7.75664e+06
-363945
2.56903
0.00366997
0.0132409
0.00115797
0
0
0
1685647652.43635
msg_begin
7.75664e+06
-363944
2.56784
0.00211111
0.00185991
6.23371e-05
0
0
0
1685647652.48552
msg_begin
7.75664e+06
-363944
2.56655
0.00374204
0.00909986
0.000506035
0
0
0
1685647652.53843
msg_begin
7.75663e+06
-363943
2.56414
0.0106102
0.00665462
2.85443e-05
0
0
0
1685647652.63670
msg_begin
7.75663e+06
-363943
2.56365
0.019515
0.0120033
0.000227926
0
0
0
1685647652.73571
msg_begin
7.75663e+06
-363942
2.56496
0.000569423
0.00471848
0.000154333
0
0
0
1685647652.83597
msg_begin
7.75663e+06
-363941
2.56324
0.0117557
0.0112582
0.000139354
0
0
0
1685647652.93572
msg_begin
7.75663e+06
-363941
2.56402
1.95578e-08
1.68802e-09
2.66454e-15
0
0
0
1685647653.03607
msg_begin
7.75663e+06
-363940
2.56449
5.12227e-08
1.62981e-09
8.88178e-16
0
0
0
1685647653.13574
msg_begin
7.75663e+06
-363940
2.56465
5.4948e-08
2.32831e-09
4.44089e-16
0
0
0
1685647653.18574
msg_begin
7.75663e+06
-363939
2.56184
0.00338804
0.0017193
0.00014458
0
0
0
1685647653.23570
msg_begin
7.75663e+06
-363939
2.56245
0.00268653
0.0013223
8.95077e-05
0
0
0
1685647653.28578
msg_begin
7.75663e+06
-363939
2.56373
0.00506267
0.00238908
0.000245001
0
0
0
1685647653.33574
msg_begin
7.75663e+06
-363938
2.56153
0.0446911
0.0282298
0.00153547
0
0
0
1685647653.38578
msg_begin
7.75663e+06
-363938
2.56569
0.000507948
0.000387175
9.623e-05
0
0
0
1685647653.43577
msg_begin
7.75663e+06
-363938
2.56276
0.00403277
0.00187618
0.000270802
0
0
0
1685647653.48581
msg_begin
7.75663e+06
-363937
2.56118
0.0175699
0.0125426
0.00180199
0
0
0
1685647653.53576
msg_begin
7.75662e+06
-363937
2.56112
5.02914e-08
4.65661e-10
2.22045e-15
0
0
0
1685647653.58576
msg_begin
7.75662e+06
-363937
2.56099
0.00556367
0.00388167
3.49356e-05
0
0
0
1685647653.63578
msg_begin
7.75662e+06
-363936
2.56506
5.86733e-08
1.22236e-09
0
0
0
0
1685647653.68577
msg_begin
7.75662e+06
-363936
2.56456
1.11759e-08
1.16415e-10
1.33227e-15
0
0
0
1685647653.73575
msg_begin
7.75662e+06
-363936
2.56456
1.21072e-08
4.65661e-10
4.44089e-16
0
0
0
1685647653.78575
msg_begin
7.75662e+06
-363936
2.56184
6.61239e-08
1.86265e-09
8.88178e-16
0
0
0
1685647653.83579
msg_begin
7.75662e+06
-363935
2.56478
0.00183325
0.000307677
0.000262323
0
0
0
1685647653.88583
msg_begin
7.75662e+06
-363935
2.56458
5.7742e-08
2.73576e-09
3.10862e-15
0
0
0
1685647653.93584
msg_begin
7.75662e+06
-363934
2.56434
7.72998e-08
2.91038e-10
1.33227e-15
0
0
0
1685647653.98587
msg_begin
7.75662e+06
-363934
2.5657
0.00129345
0.00145921
5.74786e-07
0
0
0
1685647654.03621
msg_begin
7.75662e+06
-363934
2.5646
0.00560054
0.00309375
0.000245945
0
0
0
1685647654.08587
msg_begin
7.75662e+06
-363933
2.5625
1.95578e-08
8.14907e-10
3.55271e-15
0
0
0
1685647654.13588
msg_begin
7.75662e+06
-363933
2.56331
0.00309022
0.00254194
0.000499025
0
0
0
1685647654.18590
msg_begin
7.75662e+06
-363933
2.56119
0.0352918
0.0247783
0.000762757
0
0
0
1685647654.23581
msg_begin
7.75662e+06
-363932
2.5622
7.35745e-08
6.40284e-10
4.44089e-16
0
0
0
1685647654.28593
msg_begin
7.75662e+06
-363932
2.5649
0.0210461
0.0150229
0.00108874
0
0
0
1685647654.33579
msg_begin
7.75662e+06
-363932
2.56702
1.95578e-08
3.49246e-10
2.22045e-15
0
0
0
1685647654.38607
msg_begin
7.75662e+06
-363931
2.56865
5.64236e-05
0.000476216
0.000155447
0
0
0
1685647654.43629
msg_begin
7.75661e+06
-363931
2.56781
0.0126955
0.0129596
0.000517427
0
0
0
1685647654.48589
msg_begin
7.75661e+06
-363931
2.56517
0.00902013
0.00492907
0.000695792
0
0
0
1685647654.53588
msg_begin
7.75661e+06
-363930
2.56147
5.58794e-09
2.85218e-09
1.33227e-15
0
0
0
1685647654.58591
msg_begin
7.75661e+06
-363930
2.5622
0.0117779
0.0101232
0.00116724
0
0
0
1685647654.63707
msg_begin
7.75661e+06
-363930
2.56211
0.00366694
0.00157944
0.000174649
0
0
0
1685647654.68591
msg_begin
7.75661e+06
-363929
2.56177
0.00291287
0.00236464
8.32895e-05
0
0
0
1685647654.73592
msg_begin
7.75661e+06
-363929
2.56109
0.020969
0.0132068
0.000560463
0
0
0
1685647654.78597
msg_begin
7.75661e+06
-363929
2.56229
3.25963e-08
2.85218e-09
1.77636e-15
0
0
0
1685647654.83644
msg_begin
7.75661e+06
-363928
2.56395
2.79397e-08
1.45519e-09
2.66454e-15
0
0
0
1685647654.88584
msg_begin
7.75661e+06
-363928
2.562
0.0135018
0.00739847
0.000125222
0
0
0
1685647654.93588
msg_begin
7.75661e+06
-363928
2.56119
5.96046e-08
8.14907e-10
8.88178e-16
0
0
0
1685647654.98646
msg_begin
7.75661e+06
-363927
2.56275
6.98492e-08
5.82077e-11
4.44089e-15
0
0
0
1685647655.03624
msg_begin
7.75661e+06
-363927
2.56411
0.000620677
0.00344185
0.000107093
0
0
0
1685647655.08594
msg_begin
7.75661e+06
-363927
2.56491
8.75443e-08
7.567e-10
0
0
0
0
1685647655.13592
msg_begin
7.75661e+06
-363926
2.56396
6.79865e-08
2.91038e-10
4.44089e-16
0
0
0
1685647655.18602
msg_begin
7.75661e+06
-363926
2.56376
5.58794e-08
3.72529e-09
1.33227e-15
0
0
0
1685647655.23597
msg_begin
7.75661e+06
-363926
2.56493
0.013545
0.0101558
0.0015126
0
0
0
1685647655.28597
msg_begin
7.75661e+06
-363925
2.56805
5.21541e-08
9.31323e-10
2.66454e-15
0
0
0
1685647655.33595
msg_begin
7.7566e+06
-363925
2.57052
6.79865e-08
3.49246e-09
0
0
0
0
1685647655.38663
msg_begin
7.7566e+06
-363925
2.56595
0.0222743
0.013533
0.000709708
0
0
0
1685647655.43589
msg_begin
7.7566e+06
-363924
2.5669
0.00504727
0.00257633
0.000422107
0
0
0
1685647655.48590
msg_begin
7.7566e+06
-363924
2.56736
4.28408e-08
8.14907e-10
2.66454e-15
0
0
0
1685647655.53590
msg_begin
7.7566e+06
-363924
2.56652
0
1.16415e-10
4.44089e-16
0
0
0
1685647655.58617
msg_begin
7.7566e+06
-363923
2.56594
0.0126703
0.0101618
0.000793257
0
0
0
1685647655.63671
msg_begin
7.7566e+06
-363923
2.56607
4.47035e-08
2.79397e-09
2.66454e-15
0
0
0
1685647655.68589
msg_begin
7.7566e+06
-363923
2.56839
0.0214907
0.0142655
0.000361274
0
0
0
1685647655.73592
msg_begin
7.7566e+06
-363922
2.56685
0.00574302
0.00376932
0.000142667
0
0
0
1685647655.78601
msg_begin
7.7566e+06
-363922
2.56779
0.00704426
0.00519877
0.000739559
0
0
0
1685647655.83640
msg_begin
7.7566e+06
-363922
2.56725
0.0147291
0.00652282
0.00150895
0
0
0
1685647655.88595
msg_begin
7.7566e+06
-363921
2.56827
1.11759e-08
2.38651e-09
3.10862e-15
0
0
0
1685647655.93602
msg_begin
7.7566e+06
-363921
2.56818
0.0440268
0.0231643
0.000608776
0
0
0
1685647655.98648
msg_begin
7.7566e+06
-363920
2.56741
0.0041944
0.00279988
0.000231585
0
0
0
1685647656.03634
msg_begin
7.7566e+06
-363920
2.56792
0.00145817
0.000549573
0.000123606
0
0
0
1685647656.08611
msg_begin
7.7566e+06
-363920
2.56802
0.00182153
0.000554042
1.69673e-05
0
0
0
1685647656.13616
msg_begin
7.7566e+06
-363919
2.5683
0.00465551
0.0041753
0.000127131
0
0
0
1685647656.18637
msg_begin
7.7566e+06
-363919
2.56735
0.0062734
0.00243635
0.00085679
0
0
0
1685647656.23709
msg_begin
7.75659e+06
-363919
2.56311
0.00104011
0.00261979
0.000447099
0
0
0
1685647656.28628
msg_begin
7.75659e+06
-363919
2.56326
7.45058e-08
5.82077e-11
3.55271e-15
0
0
0
1685647656.33630
msg_begin
7.75659e+06
-363918
2.56645
2.98023e-08
2.56114e-09
1.33227e-15
0
0
0
1685647656.38650
msg_begin
7.75659e+06
-363918
2.56655
0.00388612
0.00422223
0.000314271
0
0
0
1685647656.43675
msg_begin
7.75659e+06
-363917
2.56373
0.0159796
0.012953
0.0007754
0
0
0
1685647656.48642
msg_begin
7.75659e+06
-363917
2.56547
0.00314809
0.00109381
7.42543e-05
0
0
0
1685647656.53636
msg_begin
7.75659e+06
-363917
2.56461
0.0217125
0.013697
0.000238501
0
0
0
1685647656.58635
msg_begin
7.75659e+06
-363917
2.56552
5.7742e-08
7.567e-10
8.88178e-16
0
0
0
1685647656.63670
msg_begin
7.75659e+06
-363916
2.56871
0.00390645
0.00157624
0.000160643
0
0
0
1685647656.68634
msg_begin
7.75659e+06
-363916
2.56692
0.0178007
0.00925164
0.000549583
0
0
0
1685647656.73634
msg_begin
7.75659e+06
-363916
2.56643
7.07805e-08
2.91038e-10
1.77636e-15
0
0
0
1685647656.78646
msg_begin
7.75659e+06
-363915
2.56674
0.00014125
0.000407552
7.01344e-05
0
0
0
1685647656.83686
msg_begin
7.75659e+06
-363915
2.5667
0.0134751
0.00420059
0.000760986
0
0
0
1685647656.88638
msg_begin
7.75659e+06
-363915
2.56518
0.0167512
0.00479503
0.000252954
0
0
0
1685647656.93639
msg_begin
7.75659e+06
-363914
2.5647
1.76951e-08
2.67755e-09
2.66454e-15
0
0
0
1685647656.98643
msg_begin
7.75659e+06
-363914
2.56275
6.61239e-08
2.73576e-09
1.33227e-15
0
0
0
1685647657.03692
msg_begin
7.75659e+06
-363914
2.56574
6.89179e-08
2.21189e-09
8.88178e-16
0
0
0
1685647657.08646
msg_begin
7.75659e+06
-363913
2.5644
0.00115078
0.000825372
7.78126e-05
0
0
0
1685647657.13645
msg_begin
7.75659e+06
-363913
2.56644
6.98492e-08
1.57161e-09
1.77636e-15
0
0
0
1685647657.18655
msg_begin
7.75658e+06
-363913
2.56726
0.020857
0.0157247
0.000411699
0
0
0
1685647657.23650
msg_begin
7.75658e+06
-363912
2.56568
1.58325e-08
8.14907e-10
4.44089e-16
0
0
0
1685647657.28653
msg_begin
7.75658e+06
-363912
2.56405
1.58325e-08
2.96859e-09
1.77636e-15
0
0
0
1685647657.33654
msg_begin
7.75658e+06
-363912
2.56573
0.00631468
0.00241707
0.000435664
0
0
0
1685647657.38657
msg_begin
7.75658e+06
-363911
2.56637
0.00263453
0.00190156
0.000152042
0
0
0
1685647657.43657
msg_begin
7.75658e+06
-363911
2.56416
6.23986e-08
9.31323e-10
4.44089e-15
0
0
0
1685647657.48655
msg_begin
7.75658e+06
-363910
2.56488
0.0226518
0.0183522
0.00145725
0
0
0
1685647657.53655
msg_begin
7.75658e+06
-363910
2.56774
0.0111811
0.00599004
0.000107769
0
0
0
1685647657.58660
msg_begin
7.75658e+06
-363910
2.56696
4.93601e-08
3.66708e-09
2.22045e-15
0
0
0
1685647657.63698
msg_begin
7.75658e+06
-363910
2.56778
0.0035962
0.00180076
0.000164442
0
0
0
1685647657.68650
msg_begin
7.75658e+06
-363909
2.56608
0.0014672
0.00190208
0.00140395
0
0
0
1685647657.73651
msg_begin
7.75658e+06
-363909
2.56718
1.21072e-08
8.73115e-10
2.66454e-15
0
0
0
1685647657.83717
msg_begin
7.75658e+06
-363908
2.56786
4.00469e-08
3.49246e-10
1.33227e-15
0
0
0
1685647657.88644
msg_begin
7.75658e+06
-363908
2.56765
0.0036124
0.00159615
4.84322e-05
0
0
0
1685647657.93648
msg_begin
7.75658e+06
-363908
2.56672
0.00484272
0.00298916
8.08092e-05
0
0
0
1685647657.98655
msg_begin
7.75658e+06
-363907
2.56686
1.30385e-08
1.22236e-09
1.77636e-15
0
0
0
1685647658.03698
msg_begin
7.75658e+06
-363907
2.56665
1.35355e-05
0.000542906
9.92511e-05
0
0
0
1685647658.08677
msg_begin
7.75658e+06
-363907
2.56727
0.00549372
0.00318928
0.00035275
0
0
0
1685647658.13654
msg_begin
7.75657e+06
-363906
2.56589
6.61239e-08
2.15368e-09
2.22045e-15
0
0
0
1685647658.18783
msg_begin
7.75657e+06
-363906
2.56421
0.00403859
0.0040778
0.000248153
0
0
0
1685647658.23655
msg_begin
7.75657e+06
-363906
2.56537
9.31323e-09
3.08501e-09
3.10862e-15
0
0
0
1685647658.28659
msg_begin
7.75657e+06
-363905
2.56637
0.00214471
0.00144066
0.000350383
0
0
0
1685647658.33661
msg_begin
7.75657e+06
-363905
2.5652
0.0289136
0.0184995
0.000533791
0
0
0
1685647658.38673
msg_begin
7.75657e+06
-363905
2.56424
7.45058e-08
2.44472e-09
1.33227e-15
0
0
0
1685647658.43723
msg_begin
7.75657e+06
-363905
2.56402
0.00425618
0.00100944
0.000405667
0
0
0
1685647658.48665
msg_begin
7.75657e+06
-363904
2.56187
0.0108897
0.00519586
0.000576284
0
0
0
1685647658.53661
msg_begin
7.75657e+06
-363904
2.56276
0.0145147
0.00458746
0.000436743
0
0
0
1685647658.58670
msg_begin
7.75657e+06
-363904
2.56296
0.00704114
0.00680476
0.00037455
0
0
0
1685647658.63726
msg_begin
7.75657e+06
-363903
2.56256
0.00535632
0.00371787
0.000808962
0
0
0
1685647658.68671
msg_begin
7.75657e+06
-363903
2.56198
0.00162753
0.00148844
5.90897e-05
0
0
0
1685647658.73660
msg_begin
7.75657e+06
-363903
2.56095
0.0166139
0.00857561
0.000965021
0
0
0
1685647658.78692
msg_begin
7.75657e+06
-363903
2.56106
0.0218073
0.00901585
0.00046504
0
0
0
1685647658.83703
msg_begin
7.75657e+06
-363902
2.56188
0.0386402
0.0130643
0.00115817
0
0
0
1685647658.88651
msg_begin
7.75657e+06
-363902
2.56035
0.0140395
0.00416289
0.000863534
0
0
0
1685647658.93645
msg_begin
7.75657e+06
-363902
2.5591
2.79397e-09
6.40284e-10
1.77636e-15
0
0
0
1685647658.98654
msg_begin
7.75657e+06
-363901
2.56017
0.0147118
0.00502388
0.000353065
0
0
0
1685647659.03709
msg_begin
7.75657e+06
-363901
2.55781
0.0122217
0.00622603
0.000790986
0
0
0
1685647659.08644
msg_begin
7.75657e+06
-363901
2.55733
0.0184879
0.0142522
0.000195381
0
0
0
1685647659.13643
msg_begin
7.75657e+06
-363901
2.55771
0.0476878
0.0334148
0.000366928
0
0
0
1685647659.18642
msg_begin
7.75656e+06
-363900
2.55817
0.000980671
0.000390566
6.54687e-05
0
0
0
1685647659.23647
msg_begin
7.75656e+06
-363900
2.55677
0.00149207
0.00238183
0.000149399
0
0
0
1685647659.28646
msg_begin
7.75656e+06
-363900
2.55562
7.45058e-09
1.92085e-09
4.88498e-15
0
0
0
1685647659.33646
msg_begin
7.75656e+06
-363900
2.55509
0.0090562
0.0112133
0.00100251
0
0
0
1685647659.38645
msg_begin
7.75656e+06
-363899
2.55143
0.000773281
0.00315413
0.000728513
0
0
0
1685647659.43646
msg_begin
7.75656e+06
-363899
2.55149
0.000274699
0.00156775
0.000140142
0
0
0
1685647659.48650
msg_begin
7.75656e+06
-363899
2.54896
0.00469545
0.0011977
0.000200917
0
0
0
1685647659.53652
msg_begin
7.75656e+06
-363898
2.54414
0.00352724
0.00850375
0.000543787
0
0
0
1685647659.58649
msg_begin
7.75656e+06
-363898
2.54234
0.0170035
0.008967
0.00069617
0
0
0
1685647659.63650
msg_begin
7.75656e+06
-363898
2.54131
0.000636257
0.000306276
3.65122e-06
0
0
0
1685647659.68648
msg_begin
7.75656e+06
-363898
2.53944
0.0119468
0.0119148
0.000977228
0
0
0
1685647659.73655
msg_begin
7.75656e+06
-363897
2.53558
7.91624e-08
1.97906e-09
1.33227e-15
0
0
0
1685647659.78656
msg_begin
7.75656e+06
-363897
2.53325
0.0341866
0.0150708
0.000872237
0
0
0
1685647659.83651
msg_begin
7.75656e+06
-363897
2.53262
0.0492964
0.0277822
0.00074927
0
0
0
1685647659.88658
msg_begin
7.75656e+06
-363897
2.53046
8.61479e-05
0.00227765
0.000540135
0
0
0
1685647659.93655
msg_begin
7.75656e+06
-363896
2.52474
0.0149486
0.0129975
0.000629582
0
0
0
1685647659.98658
msg_begin
7.75656e+06
-363896
2.52399
0.00684154
0.00503365
0.000377401
0
0
0
1685647660.03660
msg_begin
7.75656e+06
-363896
2.5216
0.00502381
0.00660912
0.000498521
0
0
0
1685647660.08660
msg_begin
7.75656e+06
-363896
2.52108
1.11759e-08
2.38651e-09
4.44089e-16
0
0
0
1685647660.13648
msg_begin
7.75656e+06
-363895
2.51645
0.00257768
0.00171149
0.00022316
0
0
0
1685647660.18649
msg_begin
7.75656e+06
-363895
2.51438
0.00975402
0.0034785
0.000363257
0
0
0
1685647660.23648
msg_begin
7.75656e+06
-363895
2.51063
0.0600022
0.0358066
0.000943484
0
0
0
1685647660.28647
msg_begin
7.75656e+06
-363895
2.50732
0.000977368
0.00074147
0.000313967
0
0
0
1685647660.33652
msg_begin
7.75656e+06
-363894
2.50276
0.00818581
0.00711466
0.000391294
0
0
0
1685647660.38654
msg_begin
7.75656e+06
-363894
2.49872
0.00169261
0.00504934
0.000392709
0
0
0
1685647660.43654
msg_begin
7.75655e+06
-363894
2.49805
0.0133804
0.00234538
0.000178113
0
0
0
1685647660.48655
msg_begin
7.75655e+06
-363893
2.49142
0.00310484
0.0041247
0.000441304
0
0
0
1685647660.53656
msg_begin
7.75655e+06
-363893
2.49013
0.000385635
3.32367e-05
1.36427e-07
0
0
0
1685647660.58659
msg_begin
7.75655e+06
-363893
2.48589
0.00111198
0.00258642
0.000677093
0
0
0
1685647660.63734
msg_begin
7.75655e+06
-363893
2.48267
0.00569951
0.00786401
0.000474302
0
0
0
1685647660.68677
msg_begin
7.75655e+06
-363893
2.47534
0.00760116
0.0055926
0.000584537
0
0
0
1685647660.73677
msg_begin
7.75655e+06
-363892
2.47372
0.00211457
0.00165374
0.000573304
0
0
0
1685647660.78667
msg_begin
7.75655e+06
-363892
2.46878
0.00862433
0.00305503
0.000471022
0
0
0
1685647660.83729
msg_begin
7.75655e+06
-363892
2.45908
0.00422924
0.00206925
0.000336205
0
0
0
1685647660.88717
msg_begin
7.75655e+06
-363891
2.45419
0.00300417
0.00285725
0.000282971
0
0
0
1685647660.93682
msg_begin
7.75655e+06
-363891
2.45201
0.00633871
0.00536079
0.00150124
0
0
0
1685647660.98685
msg_begin
7.75655e+06
-363891
2.44371
0.00904476
0.0162809
0.000671385
0
0
0
1685647661.03703
msg_begin
7.75655e+06
-363891
2.43416
7.45058e-09
1.92085e-09
2.66454e-15
0
0
0
1685647661.08687
msg_begin
7.75655e+06
-363890
2.43217
0.000735868
0.00103346
1.77225e-05
0
0
0
1685647661.13694
msg_begin
7.75655e+06
-363890
2.42366
0.0054942
0.00806581
0.00270995
0
0
0
1685647661.18693
msg_begin
7.75655e+06
-363890
2.41785
1.86265e-08
5.23869e-10
1.33227e-15
0
0
0
1685647661.23691
msg_begin
7.75655e+06
-363890
2.41271
0.00269033
0.0029037
9.81865e-05
0
0
0
1685647661.28697
msg_begin
7.75655e+06
-363889
2.40849
1.15072e-06
8.92807e-07
1.35655e-08
0
0
0
1685647661.33695
msg_begin
7.75655e+06
-363889
2.39875
0.0112552
0.00721055
0.000555812
0
0
0
1685647661.38700
msg_begin
7.75655e+06
-363889
2.3916
0.00180756
0.00191325
0.000171971
0
0
0
1685647661.43699
msg_begin
7.75655e+06
-363889
2.38506
2.23517e-08
2.61934e-09
1.77636e-15
0
0
0
1685647661.48703
msg_begin
7.75655e+06
-363888
2.37838
0.00561763
0.00488939
0.000737941
0
0
0
1685647661.53704
msg_begin
7.75655e+06
-363888
2.3743
0.00141842
0.00275823
0.000238402
0
0
0
1685647661.58702
msg_begin
7.75655e+06
-363888
2.36889
0.00812063
0.0044348
0.00072438
0
0
0
1685647661.63702
msg_begin
7.75655e+06
-363888
2.36183
0.00367824
0.000551826
0.000231428
0
0
0
1685647661.68696
msg_begin
7.75655e+06
-363887
2.35298
0.00155477
0.000525722
0.000368925
0
0
0
1685647661.73698
msg_begin
7.75655e+06
-363887
2.34656
0.000198832
8.29025e-05
0.000119417
0
0
0
1685647661.78691
msg_begin
7.75655e+06
-363887
2.33929
0.00507154
0.00641182
0.00112662
0
0
0
1685647661.83691
msg_begin
7.75655e+06
-363887
2.33633
5.58794e-09
1.68802e-09
4.88498e-15
0
0
0
1685647661.88693
msg_begin
7.75655e+06
-363886
2.33038
0.00219674
0.00291766
0.00019352
0
0
0
1685647661.93685
msg_begin
7.75655e+06
-363886
2.32268
0.00163963
0.00208296
0.00020381
0
0
0
1685647661.98685
msg_begin
7.75655e+06
-363886
2.31596
0.0154901
0.0120945
0.000923154
0
0
0
1685647662.03680
msg_begin
7.75655e+06
-363886
2.30586
6.98492e-08
2.2701e-09
1.77636e-15
0
0
0
1685647662.08681
msg_begin
7.75654e+06
-363885
2.29805
0.00117618
0.00455569
0.000217791
0
0
0
1685647662.13676
msg_begin
7.75654e+06
-363885
2.29698
0.0261615
0.0189942
0.000682628
0
0
0
1685647662.18675
msg_begin
7.75654e+06
-363885
2.289
0.00914372
0.00713969
0.000105538
0
0
0
1685647662.23673
msg_begin
7.75654e+06
-363884
2.28643
0.00933117
0.0128398
0.000627564
0
0
0
1685647662.28673
msg_begin
7.75654e+06
-363884
2.27692
1.49012e-08
1.10595e-09
1.77636e-15
0
0
0
1685647662.33673
msg_begin
7.75654e+06
-363884
2.27508
6.51926e-08
2.32831e-09
4.44089e-16
0
0
0
1685647662.38673
msg_begin
7.75654e+06
-363884
2.27098
0.00137655
0.0018585
4.62527e-05
0
0
0
1685647662.43731
msg_begin
7.75654e+06
-363883
2.26049
0.00793127
0.00915701
0.000359481
0
0
0
1685647662.48677
msg_begin
7.75654e+06
-363883
2.25753
1.76951e-08
5.82077e-10
2.66454e-15
0
0
0
1685647662.53676
msg_begin
7.75654e+06
-363883
2.25429
0.00036018
0.00102646
0.00031057
0
0
0
1685647662.58680
msg_begin
7.75654e+06
-363883
2.24855
0.00492877
0.0056225
0.000840758
0
0
0
1685647662.63732
msg_begin
7.75654e+06
-363882
2.24079
5.63732e-05
0.0010443
8.03049e-05
0
0
0
1685647662.68680
msg_begin
7.75654e+06
-363882
2.23306
4.65661e-08
1.04774e-09
8.88178e-16
0
0
0
1685647662.73681
msg_begin
7.75654e+06
-363882
2.22483
0.0141449
0.00874666
0.000928515
0
0
0
1685647662.78707
msg_begin
7.75654e+06
-363881
2.2176
0.0130733
0.00691014
0.00280322
0
0
0
1685647662.88683
msg_begin
7.75654e+06
-363881
2.2092
0.00260567
0.00177444
0.000613355
0
0
0
1685647662.93684
msg_begin
7.75654e+06
-363881
2.20482
0.0151305
0.00372428
0.000731186
0
0
0
1685647662.98683
msg_begin
7.75654e+06
-363881
2.20042
0.00566663
0.00730671
0.00089901
0
0
0
1685647663.03738
msg_begin
7.75654e+06
-363880
2.19293
0.00052894
0.000795212
0.000147192
0
0
0
1685647663.08681
msg_begin
7.75654e+06
-363880
2.18879
0.00845708
0.00929173
0.000568858
0
0
0
1685647663.13681
msg_begin
7.75654e+06
-363880
2.18433
0.00121846
0.0107021
0.000540698
0
0
0
1685647663.18685
msg_begin
7.75654e+06
-363880
2.18093
1.11759e-08
4.13274e-09
4.44089e-16
0
0
0
1685647663.23685
msg_begin
7.75654e+06
-363879
2.17663
0.0146512
0.0207522
0.00129416
0
0
0
1685647663.28683
msg_begin
7.75654e+06
-363879
2.17336
0.00442023
0.00357541
0.000367256
0
0
0
1685647663.33687
msg_begin
7.75654e+06
-363879
2.17008
0.0171235
0.0259541
0.000865383
0
0
0
1685647663.38688
msg_begin
7.75654e+06
-363879
2.16589
0.0188806
0.00577706
0.000560151
0
0
0
1685647663.43692
msg_begin
7.75654e+06
-363878
2.16111
0.00977237
0.00546892
0.000612305
0
0
0
1685647663.48701
msg_begin
7.75654e+06
-363878
2.15492
0.00404503
0.00444515
0.000479081
0
0
0
1685647663.53697
msg_begin
7.75654e+06
-363878
2.14981
0.00154961
0.00305373
0.00017847
0
0
0
1685647663.58704
msg_begin
7.75654e+06
-363878
2.14516
1.11759e-08
5.23869e-10
1.77636e-15
0
0
0
1685647663.63705
msg_begin
7.75654e+06
-363877
2.14008
0.0229058
0.0330413
0.00147168
0
0
0
1685647663.68705
msg_begin
7.75654e+06
-363877
2.13373
0.011354
0.00919203
0.00208441
0
0
0
1685647663.73708
msg_begin
7.75654e+06
-363877
2.13262
0.00147614
0.0109856
0.00168832
0
0
0
1685647663.78713
msg_begin
7.75654e+06
-363877
2.12996
0.016295
0.0145006
0.000957761
0
0
0
1685647663.83714
msg_begin
7.75654e+06
-363876
2.12622
0.0261583
0.0325145
0.00170887
0
0
0
1685647663.88712
msg_begin
7.75654e+06
-363876
2.12329
0.0330938
0.0447905
0.00147275
0
0
0
1685647663.93713
msg_begin
7.75654e+06
-363876
2.11677
0.00254731
0.00263463
0.000331316
0
0
0
1685647663.98724
msg_begin
7.75654e+06
-363876
2.11212
7.63685e-08
5.82077e-10
3.10862e-15
0
0
0
1685647664.03718
msg_begin
7.75654e+06
-363876
2.11164
8.56817e-08
4.07454e-10
3.55271e-15
0
0
0
1685647664.08715
msg_begin
7.75654e+06
-363875
2.10632
0.00121794
0.00118947
0.000210052
0
0
0
1685647664.13719
msg_begin
7.75654e+06
-363875
2.10368
6.70552e-08
6.98492e-10
3.9968e-15
0
0
0
1685647664.18731
msg_begin
7.75654e+06
-363875
2.10423
1.39698e-08
3.7835e-09
1.77636e-15
0
0
0
1685647664.23722
msg_begin
7.75654e+06
-363875
2.09943
0.00164311
0.00223918
0.00168403
0
0
0
1685647664.28722
msg_begin
7.75654e+06
-363874
2.09112
0.00356598
0.00414732
0.000512759
0
0
0
1685647664.33723
msg_begin
7.75654e+06
-363874
2.08571
0.0044827
0.00539693
0.000843539
0
0
0
1685647664.38720
msg_begin
7.75654e+06
-363874
2.08454
0.0038077
0.0117986
0.000747776
0
0
0
1685647664.43805
msg_begin
7.75654e+06
-363874
2.08243
0.00763623
0.00970013
0.000746402
0
0
0
1685647664.48721
msg_begin
7.75654e+06
-363874
2.07746
6.61239e-08
3.14321e-09
2.22045e-15
0
0
0
1685647664.53728
msg_begin
7.75654e+06
-363873
2.07258
0.00247541
0.00304165
0.000366324
0
0
0
1685647664.58724
msg_begin
7.75654e+06
-363873
2.06845
0.00107865
0.00232624
0.00011947
0
0
0
1685647664.63829
msg_begin
7.75654e+06
-363873
2.06621
0.000287457
0.00343551
9.42664e-05
0
0
0
1685647664.68730
msg_begin
7.75654e+06
-363873
2.06418
0.00160664
0.004057
5.4755e-05
0
0
0
1685647664.73759
msg_begin
7.75654e+06
-363873
2.06142
0.00274223
0.0123284
0.00085181
0
0
0
1685647664.78727
msg_begin
7.75654e+06
-363873
2.05847
0.00112439
0.000719409
1.20354e-05
0
0
0
1685647664.83797
msg_begin
7.75654e+06
-363872
2.04952
0.00871001
0.0197307
0.00059986
0
0
0
1685647664.88727
msg_begin
7.75654e+06
-363872
2.04872
0.00212899
0.00702111
0.000700445
0
0
0
1685647664.93732
msg_begin
7.75654e+06
-363872
2.04807
0.0147253
0.0164586
0.000198332
0
0
0
1685647664.98793
msg_begin
7.75654e+06
-363872
2.04147
0.00647387
0.00605335
0.000168825
0
0
0
1685647665.03775
msg_begin
7.75653e+06
-363871
2.03752
0.0125577
0.0160766
0.00116251
0
0
0
1685647665.08735
msg_begin
7.75653e+06
-363871
2.03311
6.63908e-05
0.00345629
1.42974e-05
0
0
0
1685647665.13734
msg_begin
7.75653e+06
-363871
2.03081
0.000690036
0.00165217
0.000301461
0
0
0
1685647665.18739
msg_begin
7.75653e+06
-363871
2.02669
0.00438826
0.0137697
0.00109109
0
0
0
1685647665.23734
msg_begin
7.75653e+06
-363871
2.02496
0.00548558
0.0122533
0.000241694
0
0
0
1685647665.28735
msg_begin
7.75653e+06
-363871
2.02611
0.00322257
0.00174036
0.000340451
0
0
0
1685647665.33740
msg_begin
7.75653e+06
-363870
2.02317
0.00178811
0.00566637
0.000247225
0
0
0
1685647665.38733
msg_begin
7.75653e+06
-363870
2.01846
0.00232769
0.00278503
0.000731643
0
0
0
1685647665.43733
msg_begin
7.75653e+06
-363870
2.01718
0.0131505
0.0225512
0.000569856
0
0
0
1685647665.48737
msg_begin
7.75653e+06
-363870
2.01286
0.000163009
0.000302359
1.79424e-05
0
0
0
1685647665.53740
msg_begin
7.75653e+06
-363870
2.01131
0.00370096
0.00783848
0.000545241
0
0
0
1685647665.58737
msg_begin
7.75653e+06
-363870
2.00738
0.002331
0.00208533
0.000120264
0
0
0
1685647665.63740
msg_begin
7.75653e+06
-363870
2.0061
0.00365507
0.00613278
0.000160829
0
0
0
1685647665.68739
msg_begin
7.75653e+06
-363869
2.00603
0.0116175
0.0231789
0.000959734
0
0
0
1685647665.73739
msg_begin
7.75653e+06
-363869
1.99742
0.000664623
0.0010761
0.000405073
0
0
0
1685647665.78738
msg_begin
7.75653e+06
-363869
1.99768
0.00459459
0.00710753
0.000889801
0
0
0
1685647665.83741
msg_begin
7.75653e+06
-363869
1.99523
0.00559027
0.00567612
0.000343756
0
0
0
1685647665.88737
msg_begin
7.75653e+06
-363869
1.99008
0.00359929
0.00398697
0.000609711
0
0
0
1685647665.93739
msg_begin
7.75653e+06
-363869
1.99074
0.00496908
0.00974916
0.000399195
0
0
0
1685647665.98746
msg_begin
7.75653e+06
-363868
1.98738
0.00358402
0.011224
0.00053628
0
0
0
1685647666.03731
msg_begin
7.75653e+06
-363868
1.98614
0.00394407
0.00602572
0.000505601
0
0
0
1685647666.08731
msg_begin
7.75653e+06
-363868
1.98097
0.00381196
0.0117657
0.000682266
0
0
0
1685647666.13732
msg_begin
7.75653e+06
-363868
1.97844
0.0122431
0.0181187
0.0008934
0
0
0
1685647666.18728
msg_begin
7.75653e+06
-363868
1.9771
0.00101793
0.000885766
0.000189779
0
0
0
1685647666.23727
msg_begin
7.75653e+06
-363868
1.97625
0.00143401
0.00380069
0.000477591
0
0
0
1685647666.28727
msg_begin
7.75653e+06
-363868
1.97504
0.003846
0.0147185
0.000494189
0
0
0
1685647666.33726
msg_begin
7.75653e+06
-363867
1.97197
0.000435177
0.00184898
8.08754e-05
0
0
0
1685647666.38728
msg_begin
7.75653e+06
-363867
1.97114
0.00088517
0.000543629
5.23385e-05
0
0
0
1685647666.43793
msg_begin
7.75653e+06
-363867
1.96746
0.00243209
0.00616055
0.00098438
0
0
0
1685647666.48727
msg_begin
7.75653e+06
-363867
1.96598
0.00304095
0.00677096
0.000477343
0
0
0
1685647666.53728
msg_begin
7.75653e+06
-363867
1.9659
0.00401935
0.00712889
0.000346071
0
0
0
1685647666.58730
msg_begin
7.75653e+06
-363867
1.96194
0.00432511
0.00565561
0.000438724
0
0
0
1685647666.63794
msg_begin
7.75653e+06
-363867
1.95785
0.00336146
0.00559804
0.000409153
0
0
0
1685647666.68733
msg_begin
7.75653e+06
-363866
1.95643
0.00379588
0.00355774
0.000133771
0
0
0
1685647666.73733
msg_begin
7.75653e+06
-363866
1.95529
0.00377171
0.0119846
0.000456581
0
0
0
1685647666.78739
msg_begin
7.75653e+06
-363866
1.95404
0.00067451
0.00172118
0.00020046
0
0
0
1685647666.83801
msg_begin
7.75653e+06
-363866
1.95123
0.00290551
0.0102297
0.000635434
0
0
0
1685647666.88728
msg_begin
7.75653e+06
-363866
1.9493
0.000781209
0.000796067
3.89614e-05
0
0
0
1685647666.93729
msg_begin
7.75653e+06
-363866
1.94855
0.0054048
0.0153057
0.00110162
0
0
0
1685647666.98739
msg_begin
7.75653e+06
-363865
1.94521
0.00758601
0.00510284
0.000755258
0
0
0
1685647667.03764
msg_begin
7.75653e+06
-363865
1.94426
0.00389151
0.0207909
0.000418096
0
0
0
1685647667.08734
msg_begin
7.75653e+06
-363865
1.94315
0.00744916
0.0031722
3.51863e-05
0
0
0
1685647667.13752
msg_begin
7.75653e+06
-363865
1.93814
0.00809414
0.00444436
0.000349466
0
0
0
1685647667.18740
msg_begin
7.75653e+06
-363865
1.9344
0.00293712
0.00470892
0.000454606
0
0
0
1685647667.23737
msg_begin
7.75653e+06
-363865
1.93272
0.00928413
0.016501
0.000828171
0
0
0
1685647667.28735
msg_begin
7.75653e+06
-363864
1.9338
0.00475256
0.00642757
0.000745849
0
0
0
1685647667.33739
msg_begin
7.75653e+06
-363864
1.93098
0.00147132
0.000994096
3.38183e-05
0
0
0
1685647667.38742
msg_begin
7.75653e+06
-363864
1.92856
0.00807675
0.000684352
7.47951e-05
0
0
0
1685647667.43746
msg_begin
7.75653e+06
-363864
1.92301
6.51926e-08
5.23869e-10
6.66134e-16
0
0
0
1685647667.48743
msg_begin
7.75653e+06
-363864
1.92255
0.00360688
0.00575651
0.000418368
0
0
0
1685647667.53750
msg_begin
7.75653e+06
-363863
1.91917
0.00459449
0.00266879
0.000670479
0
0
0
1685647667.58758
msg_begin
7.75653e+06
-363863
1.91591
0.0126393
0.0106885
0.00132027
0
0
0
1685647667.63752
msg_begin
7.75653e+06
-363863
1.91537
0.00749945
0.0267896
0.000980901
0
0
0
1685647667.68752
msg_begin
7.75653e+06
-363863
1.91313
0.00376247
0.0172243
0.000820609
0
0
0
1685647667.73752
msg_begin
7.75653e+06
-363863
1.9062
0.000424859
0.000987485
8.75069e-05
0
0
0
1685647667.83751
msg_begin
7.75653e+06
-363862
1.90341
0.00138623
0.00973705
0.000127391
0
0
0
1685647667.93753
msg_begin
7.75653e+06
-363862
1.89977
0.00142993
0.00102491
0.000680864
0
0
0
1685647667.98755
msg_begin
7.75653e+06
-363862
1.8996
0.00252408
0.00649615
0.00154683
0
0
0
1685647668.03759
msg_begin
7.75653e+06
-363862
1.89423
0.000303482
0.000965946
4.84106e-05
0
0
0
1685647668.08757
msg_begin
7.75653e+06
-363861
1.89291
0.0198365
0.0299976
0.00117917
0
0
0
1685647668.13757
msg_begin
7.75653e+06
-363861
1.8886
0.000876357
2.14852e-05
0.000437938
0
0
0
1685647668.18772
msg_begin
7.75653e+06
-363861
1.88484
0.00730256
0.00251671
0.000258455
0
0
0
1685647668.23760
msg_begin
7.75653e+06
-363861
1.88291
5.96046e-08
2.38651e-09
3.10862e-15
0
0
0
1685647668.28763
msg_begin
7.75653e+06
-363860
1.87755
0.000267241
0.00269796
0.000119165
0
0
0
1685647668.33763
msg_begin
7.75653e+06
-363860
1.87441
0.0080352
0.0182499
0.00269826
0
0
0
1685647668.38765
msg_begin
7.75653e+06
-363860
1.87172
0.000954238
0.00305702
0.000358431
0
0
0
1685647668.43845
msg_begin
7.75653e+06
-363860
1.86699
0.00217884
0.00389331
0.000157654
0
0
0
1685647668.48768
msg_begin
7.75653e+06
-363860
1.85953
0.00569003
0.00841138
0.000996677
0
0
0
1685647668.53766
msg_begin
7.75653e+06
-363859
1.85682
0.000369346
0.00696647
0.000103135
0
0
0
1685647668.58773
msg_begin
7.75653e+06
-363859
1.85559
0.00900265
0.0122669
0.00155986
0
0
0
1685647668.63808
msg_begin
7.75653e+06
-363859
1.85357
0.00485949
0.00914363
0.000234933
0
0
0
1685647668.68768
msg_begin
7.75653e+06
-363859
1.8426
0.00917912
0.0172064
0.0010765
0
0
0
1685647668.73789
msg_begin
7.75653e+06
-363858
1.83733
0.000990312
0.010421
0.000232152
0
0
0
1685647668.78765
msg_begin
7.75653e+06
-363858
1.82816
0.00161585
0.00639994
0.000207757
0
0
0
1685647668.88764
msg_begin
7.75653e+06
-363858
1.82217
9.31323e-10
9.31323e-10
8.88178e-16
0
0
0
1685647668.93765
msg_begin
7.75653e+06
-363857
1.82261
0.00387329
0.00961247
0.000877761
0
0
0
1685647668.98768
msg_begin
7.75653e+06
-363857
1.81288
0.00342208
0.0079438
0.00259263
0
0
0
1685647669.03790
msg_begin
7.75653e+06
-363857
1.81491
0.0050053
0.00913566
0.000701369
0
0
0
1685647669.08762
msg_begin
7.75653e+06
-363857
1.80561
0.00492533
0.0027159
0.000363952
0
0
0
1685647669.13761
msg_begin
7.75653e+06
-363856
1.79742
0.0031253
0.00547712
0.000268557
0
0
0
1685647669.18762
msg_begin
7.75653e+06
-363856
1.79603
3.07336e-08
9.8953e-10
2.66454e-15
0
0
0
1685647669.23768
msg_begin
7.75653e+06
-363856
1.78695
0.0114013
0.0322644
0.00120459
0
0
0
1685647669.28767
msg_begin
7.75653e+06
-363855
1.78292
0.00933933
0.0281064
0.00150616
0
0
0
1685647669.33766
msg_begin
7.75653e+06
-363855
1.77717
0.00404841
0.00992218
0.000242135
0
0
0
1685647669.38773
msg_begin
7.75653e+06
-363855
1.77034
0.00194313
0.00816582
0.000115187
0
0
0
1685647669.43775
msg_begin
7.75653e+06
-363855
1.76775
0.00246939
0.00622105
0.000290418
0
0
0
1685647669.48772
msg_begin
7.75653e+06
-363854
1.7614
0.00393285
0.0046061
0.000401411
0
0
0
1685647669.53779
msg_begin
7.75653e+06
-363854
1.75321
0.00218954
0.0106398
0.000420352
0
0
0
1685647669.58778
msg_begin
7.75653e+06
-363854
1.74524
0.0025983
0.00963227
0.000375485
0
0
0
1685647669.63837
msg_begin
7.75653e+06
-363853
1.74345
0.00210408
0.013235
0.000694094
0
0
0
1685647669.68784
msg_begin
7.75653e+06
-363853
1.73795
0.00113128
0.0108488
0.000488465
0
0
0
1685647669.73789
msg_begin
7.75653e+06
-363853
1.72936
0.0136298
0.00935917
0.000557764
0
0
0
1685647669.78788
msg_begin
7.75653e+06
-363853
1.72488
0.00176992
0.00400307
0.000296901
0
0
0
1685647669.83814
msg_begin
7.75653e+06
-363852
1.72245
0.00236548
0.00747071
0.00031569
0
0
0
1685647669.88789
msg_begin
7.75653e+06
-363852
1.71366
0.00772655
0.00745903
0.0015708
0
0
0
1685647669.93796
msg_begin
7.75653e+06
-363852
1.70886
0.00231509
0.00648148
0.00068746
0
0
0
1685647669.98788
msg_begin
7.75653e+06
-363851
1.70465
0.00804923
0.0183961
0.000490102
0
0
0
1685647670.03881
msg_begin
7.75653e+06
-363851
1.69555
0.0026797
0.0210108
0.000218236
0
0
0
1685647670.08777
msg_begin
7.75653e+06
-363851
1.69002
7.45058e-09
2.2701e-09
2.22045e-16
0
0
0
1685647670.13772
msg_begin
7.75653e+06
-363850
1.68359
0.000622401
0.00860185
7.3999e-05
0
0
0
1685647670.18777
msg_begin
7.75653e+06
-363850
1.67723
0.00217148
0.00718271
0.000411469
0
0
0
1685647670.23762
msg_begin
7.75653e+06
-363850
1.67051
0.00579386
0.0142704
0.000985438
0
0
0
1685647670.28764
msg_begin
7.75653e+06
-363849
1.66284
0.0027716
0.00758698
0.000362403
0
0
0
1685647670.33759
msg_begin
7.75653e+06
-363849
1.65859
0.0044764
0.00433872
0.000680159
0
0
0
1685647670.38751
msg_begin
7.75653e+06
-363849
1.64802
0.00627915
0.0105632
0.000783795
0
0
0
1685647670.43748
msg_begin
7.75653e+06
-363848
1.64513
0.00358397
0.0118501
0.000202267
0
0
0
1685647670.48747
msg_begin
7.75653e+06
-363848
1.63828
0.00176354
0.0047934
0.00090525
0
0
0
1685647670.53743
msg_begin
7.75653e+06
-363848
1.63169
0.00340115
0.0426757
0.000358553
0
0
0
1685647670.58737
msg_begin
7.75653e+06
-363847
1.6274
0.00400895
0.0810401
0.000765837
0
0
0
1685647670.63731
msg_begin
7.75653e+06
-363847
1.62194
0.00643227
0.0907021
0.000584492
0
0
0
1685647670.68730
msg_begin
7.75653e+06
-363847
1.61799
0.000777141
0.00465337
0.000296922
0
0
0
1685647670.73718
msg_begin
7.75653e+06
-363846
1.60989
0.00116367
0.00773229
0.000175516
0
0
0
1685647670.78714
msg_begin
7.75653e+06
-363846
1.60164
6.98492e-08
2.50293e-09
2.22045e-16
0
0
0
1685647670.83706
msg_begin
7.75653e+06
-363846
1.59882
0.00162119
0.0031376
0.000100326
0
0
0
1685647670.88702
msg_begin
7.75653e+06
-363845
1.58681
1.58325e-08
2.79397e-09
0
0
0
0
1685647670.93696
msg_begin
7.75653e+06
-363845
1.5862
6.42613e-08
3.20142e-09
2.22045e-16
0
0
0
1685647670.98692
msg_begin
7.75653e+06
-363845
1.58219
0.001353
0.000238741
5.7337e-05
0
0
0
1685647671.03691
msg_begin
7.75653e+06
-363844
1.5755
0.00869138
0.01916
0.00315608
0
0
0
1685647671.08688
msg_begin
7.75653e+06
-363844
1.56148
0.00702127
0.0340152
0.00177502
0
0
0
1685647671.13686
msg_begin
7.75653e+06
-363843
1.55837
3.07336e-08
1.97906e-09
2.22045e-16
0
0
0
1685647671.18728
msg_begin
7.75653e+06
-363843
1.55553
5.86733e-08
2.85218e-09
0
0
0
0
1685647671.23681
msg_begin
7.75653e+06
-363843
1.55007
0.00446315
0.00102099
0.000699107
0
0
0
1685647671.28678
msg_begin
7.75653e+06
-363843
1.54601
0.00045004
0.00620504
0.000704861
0
0
0
1685647671.33675
msg_begin
7.75653e+06
-363842
1.53618
0.00328726
0.00205271
0.000536797
0
0
0
1685647671.38723
msg_begin
7.75653e+06
-363842
1.53365
6.51926e-09
4.07454e-10
0
0
0
0
1685647671.43678
msg_begin
7.75653e+06
-363841
1.53095
0.0101634
0.00688161
0.000639923
0
0
0
1685647671.48672
msg_begin
7.75653e+06
-363841
1.52251
0.00666674
0.0229844
0.0011681
0
0
0
1685647671.53671
msg_begin
7.75653e+06
-363841
1.52297
0.00238896
0.0316101
0.00153911
0
0
0
1685647671.58668
msg_begin
7.75653e+06
-363840
1.51775
0.00471477
0.0113628
0.00132488
0
0
0
1685647671.63670
msg_begin
7.75653e+06
-363840
1.51324
0.00218522
0.0192011
0.000545144
0
0
0
1685647671.68668
msg_begin
7.75653e+06
-363839
1.5082
0.000916024
0.000491009
0.000403218
0
0
0
1685647671.73670
msg_begin
7.75653e+06
-363839
1.50329
6.51926e-09
4.07454e-10
4.44089e-16
0
0
0
1685647671.78672
msg_begin
7.75653e+06
-363839
1.49976
0.00948959
0.0130686
0.000654848
0
0
0
1685647671.83675
msg_begin
7.75653e+06
-363838
1.49139
0.00123558
0.0015559
0.00028898
0
0
0
1685647671.88670
msg_begin
7.75653e+06
-363838
1.48942
0.00625129
0.0145893
0.000594909
0
0
0
1685647671.93676
msg_begin
7.75653e+06
-363838
1.48405
0.00282995
0.00764187
0.000350722
0
0
0
1685647671.98743
msg_begin
7.75653e+06
-363837
1.47759
0.00264564
0.00245813
0.000215402
0
0
0
1685647672.03674
msg_begin
7.75653e+06
-363837
1.47405
1.02445e-08
2.56114e-09
0
0
0
0
1685647672.08675
msg_begin
7.75653e+06
-363836
1.4729
0.00207235
0.00591189
0.000429809
0
0
0
1685647672.13679
msg_begin
7.75653e+06
-363836
1.46985
0.00306667
0.00337608
0.000297315
0
0
0
1685647672.18681
msg_begin
7.75653e+06
-363836
1.46456
0.00216631
0.0102883
0.000981379
0
0
0
1685647672.23677
msg_begin
7.75653e+06
-363835
1.46228
2.32831e-08
1.10595e-09
2.22045e-16
0
0
0
1685647672.28677
msg_begin
7.75653e+06
-363835
1.46014
3.72529e-09
2.32831e-09
2.22045e-16
0
0
0
1685647672.33679
msg_begin
7.75653e+06
-363834
1.45857
0.00237784
0.00409612
0.000218516
0
0
0
1685647672.38721
msg_begin
7.75653e+06
-363834
1.45533
9.96654e-05
0.00019498
2.67341e-05
0
0
0
1685647672.43675
msg_begin
7.75653e+06
-363834
1.45296
0.000709568
0.000960867
0.000332506
0
0
0
1685647672.48671
msg_begin
7.75653e+06
-363833
1.45229
0.00428751
0.00743153
0.000246414
0
0
0
1685647672.53669
msg_begin
7.75653e+06
-363833
1.45305
0.00374422
0.0221889
0.00070645
0
0
0
1685647672.58702
msg_begin
7.75653e+06
-363833
1.44922
0.000824046
0.010172
0.000675743
0
0
0
1685647672.63667
msg_begin
7.75653e+06
-363832
1.44861
0.00091172
0.00378692
0.000570894
0
0
0
1685647672.68667
msg_begin
7.75653e+06
-363832
1.45037
0.00740581
0.0110373
0.000425183
0
0
0
1685647672.73664
msg_begin
7.75653e+06
-363831
1.44744
0.0056462
0.0104676
0.000937976
0
0
0
1685647672.83663
msg_begin
7.75653e+06
-363830
1.44845
0
2.67755e-09
2.22045e-16
0
0
0
1685647672.88667
msg_begin
7.75653e+06
-363830
1.4472
0.00145759
0.0076818
0.00037267
0
0
0
1685647672.93664
msg_begin
7.75653e+06
-363829
1.44635
3.35276e-08
2.91038e-10
2.22045e-16
0
0
0
1685647672.98692
msg_begin
7.75653e+06
-363829
1.44553
6.42613e-08
1.39698e-09
1.11022e-15
0
0
0
1685647673.03668
msg_begin
7.75653e+06
-363829
1.44539
0.000279211
7.62208e-05
4.84625e-06
0
0
0
1685647673.08666
msg_begin
7.75653e+06
-363828
1.44545
0.00344254
0.0486301
0.000733532
0
0
0
1685647673.13666
msg_begin
7.75653e+06
-363828
1.44653
0.00696854
0.00528264
0.00035282
0
0
0
1685647673.18707
msg_begin
7.75653e+06
-363828
1.44748
0.00139315
0.0187777
0.000283719
0
0
0
1685647673.23670
msg_begin
7.75653e+06
-363827
1.44694
0.00175583
0.0195471
0.000341867
0
0
0
1685647673.28670
msg_begin
7.75653e+06
-363827
1.44425
0.0104602
0.00792214
0.000475171
0
0
0
1685647673.33668
msg_begin
7.75653e+06
-363826
1.44593
0.00166662
0.0123068
0.000747033
0
0
0
1685647673.38670
msg_begin
7.75653e+06
-363826
1.44193
0.00013868
0.000826913
0.000106284
0
0
0
1685647673.43670
msg_begin
7.75653e+06
-363825
1.44075
0.00220471
0.0168074
0.00027564
0
0
0
1685647673.48668
msg_begin
7.75653e+06
-363825
1.44075
2.79397e-09
3.14321e-09
6.66134e-16
0
0
0
1685647673.53671
msg_begin
7.75653e+06
-363825
1.44065
0.0057887
0.0174533
0.000573225
0
0
0
1685647673.58688
msg_begin
7.75653e+06
-363824
1.43933
0.00366693
0.0118801
0.00102558
0
0
0
1685647673.63680
msg_begin
7.75653e+06
-363824
1.43945
0.00125414
0.00443557
1.38289e-05
0
0
0
1685647673.68681
msg_begin
7.75653e+06
-363823
1.44104
0.00152704
0.0296963
0.000471748
0
0
0
1685647673.73680
msg_begin
7.75653e+06
-363823
1.44011
0.00519358
0.011593
0.000802001
0
0
0
1685647673.78752
msg_begin
7.75653e+06
-363822
1.43685
0.0116812
0.0128953
0.000502966
0
0
0
1685647673.83692
msg_begin
7.75653e+06
-363822
1.43598
0.00192121
0.0121057
0.000153908
0
0
0
1685647673.88690
msg_begin
7.75653e+06
-363821
1.44023
9.31323e-09
1.16415e-10
8.88178e-16
0
0
0
1685647673.93693
msg_begin
7.75653e+06
-363821
1.43504
0.0141189
0.0442028
0.00177709
0
0
0
1685647673.98698
msg_begin
7.75653e+06
-363820
1.43143
0.00221171
0.0172939
0.000511474
0
0
0
1685647674.03691
msg_begin
7.75653e+06
-363820
1.4311
7.35745e-08
1.92085e-09
2.22045e-16
0
0
0
1685647674.08692
msg_begin
7.75653e+06
-363819
1.42909
5.58794e-09
2.91038e-10
0
0
0
0
1685647674.13695
msg_begin
7.75653e+06
-363819
1.42998
0.0034164
0.0152225
0.000285481
0
0
0
1685647674.18733
msg_begin
7.75653e+06
-363818
1.4284
0.00249056
0.0414305
0.000351894
0
0
0
1685647674.23696
msg_begin
7.75653e+06
-363818
1.42807
0.0036622
0.0272755
0.00084303
0
0
0
1685647674.28696
msg_begin
7.75653e+06
-363817
1.4272
0.00871896
0.0186898
0.0004288
0
0
0
1685647674.33693
msg_begin
7.75653e+06
-363817
1.42433
0.00152177
0.00843763
0.00130046
0
0
0
1685647674.38731
msg_begin
7.75653e+06
-363816
1.4215
0.00296
0.00346715
0.000333195
0
0
0
1685647674.43685
msg_begin
7.75653e+06
-363816
1.42224
0.0023912
0.000251104
0.000166259
0
0
0
1685647674.48678
msg_begin
7.75653e+06
-363815
1.41935
0.00515969
0.0147
0.000394054
0
0
0
1685647674.53676
msg_begin
7.75653e+06
-363815
1.41828
0.00640906
0.0524163
0.000983238
0
0
0
1685647674.58721
msg_begin
7.75653e+06
-363814
1.41811
0.000481512
0.00474568
1.92603e-05
0
0
0
1685647674.63662
msg_begin
7.75653e+06
-363814
1.41356
0.00541929
0.0334605
0.00183318
0
0
0
1685647674.68658
msg_begin
7.75653e+06
-363813
1.41437
7.45058e-09
9.8953e-10
4.44089e-16
0
0
0
1685647674.73654
msg_begin
7.75653e+06
-363813
1.41175
0.00948605
0.0192959
0.000844795
0
0
0
1685647674.78677
msg_begin
7.75653e+06
-363812
1.40869
6.70552e-08
1.10595e-09
8.88178e-16
0
0
0
1685647674.83648
msg_begin
7.75653e+06
-363812
1.40673
0.000796954
0.00414979
4.13638e-05
0
0
0
1685647674.88649
msg_begin
7.75653e+06
-363811
1.40456
0.0072162
0.0214832
0.000258035
0
0
0
1685647674.93646
msg_begin
7.75653e+06
-363811
1.40643
0.0029905
0.0179185
0.000289198
0
0
0
1685647674.98666
msg_begin
7.75653e+06
-363810
1.40607
0.000222825
0.00325074
8.883e-05
0
0
0
1685647675.03646
msg_begin
7.75653e+06
-363810
1.40363
0.0143893
0.0201498
0.00102745
0
0
0
1685647675.08645
msg_begin
7.75653e+06
-363810
1.40255
2.96588e-06
0.000841435
0.00017845
0
0
0
1685647675.13648
msg_begin
7.75653e+06
-363809
1.39787
0.00386084
0.0109731
0.000874707
0
0
0
1685647675.18676
msg_begin
7.75653e+06
-363809
1.40081
1.49012e-08
8.73115e-10
1.55431e-15
0
0
0
1685647675.23645
msg_begin
7.75653e+06
-363808
1.40043
3.72529e-09
3.25963e-09
8.88178e-16
0
0
0
1685647675.28643
msg_begin
7.75653e+06
-363808
1.39808
0.00166539
0.00110833
8.44399e-05
0
0
0
1685647675.33648
msg_begin
7.75653e+06
-363807
1.39681
6.0536e-08
2.09548e-09
8.88178e-16
0
0
0
1685647675.38718
msg_begin
7.75653e+06
-363807
1.39673
5.30854e-08
4.65661e-10
1.11022e-15
0
0
0
1685647675.43651
msg_begin
7.75653e+06
-363807
1.39574
5.68107e-08
2.15368e-09
4.44089e-16
0
0
0
1685647675.48651
msg_begin
7.75653e+06
-363806
1.39325
9.31323e-08
2.44472e-09
2.22045e-16
0
0
0
1685647675.53651
msg_begin
7.75653e+06
-363806
1.39233
0.00944316
0.0716645
0.00110864
0
0
0
1685647675.58709
msg_begin
7.75653e+06
-363805
1.38864
6.42613e-08
1.33878e-09
4.44089e-16
0
0
0
1685647675.63650
msg_begin
7.75653e+06
-363805
1.3875
8.5401e-05
0.00161691
2.90354e-05
0
0
0
1685647675.68649
msg_begin
7.75653e+06
-363804
1.38574
0.000375412
0.0144654
0.000131622
0
0
0
1685647675.73652
msg_begin
7.75653e+06
-363804
1.38756
0.0145228
0.0962635
0.00139879
0
0
0
1685647675.78650
msg_begin
7.75653e+06
-363803
1.38201
0.00414334
0.0391551
0.000272091
0
0
0
1685647675.83650
msg_begin
7.75653e+06
-363803
1.37888
7.45058e-09
1.74623e-09
2.22045e-16
0
0
0
1685647675.88649
msg_begin
7.75653e+06
-363802
1.37697
0.000566015
0.000645848
8.23979e-05
0
0
0
1685647675.93648
msg_begin
7.75653e+06
-363802
1.37384
0.00131657
0.00244792
0.000239006
0
0
0
1685647675.98710
msg_begin
7.75653e+06
-363801
1.37187
0.000538438
0.0113813
0.000265633
0
0
0
1685647676.03646
msg_begin
7.75653e+06
-363801
1.36951
0.0117295
0.015387
0.000802546
0
0
0
1685647676.08651
msg_begin
7.75653e+06
-363800
1.36822
0.000467308
0.000861784
2.67193e-05
0
0
0
1685647676.13652
msg_begin
7.75653e+06
-363800
1.36691
0.000134493
0.0192931
0.00226951
0
0
0
1685647676.18653
msg_begin
7.75653e+06
-363799
1.36052
0.00465321
0.033076
0.000678078
0
0
0
1685647676.23652
msg_begin
7.75653e+06
-363799
1.36098
0.00895392
0.0584645
4.59298e-05
0
0
0
1685647676.28649
msg_begin
7.75653e+06
-363798
1.36361
6.51926e-08
6.40284e-10
1.55431e-15
0
0
0
1685647676.33649
msg_begin
7.75653e+06
-363798
1.3597
6.89179e-08
7.567e-10
0
0
0
0
1685647676.38703
msg_begin
7.75653e+06
-363797
1.35637
0.0105934
0.0328111
0.00252036
0
0
0
1685647676.43649
msg_begin
7.75653e+06
-363797
1.35174
9.31323e-10
5.82077e-11
1.77636e-15
0
0
0
1685647676.48655
msg_begin
7.75653e+06
-363796
1.35196
7.26432e-08
2.50293e-09
2.22045e-15
0
0
0
1685647676.53648
msg_begin
7.75653e+06
-363796
1.34741
0.000481709
0.00806437
0.000341569
0
0
0
1685647676.58725
msg_begin
7.75653e+06
-363795
1.34896
9.31323e-10
4.07454e-10
1.11022e-15
0
0
0
1685647676.63651
msg_begin
7.75653e+06
-363795
1.34284
0.0155165
0.0538845
0.000711612
0
0
0
1685647676.68653
msg_begin
7.75653e+06
-363794
1.33485
0.0170721
0.0257961
0.000411436
0
0
0
1685647676.73656
msg_begin
7.75653e+06
-363794
1.3303
0.00779486
0.0283766
0.00196045
0
0
0
1685647676.78710
msg_begin
7.75653e+06
-363793
1.3319
0.00201279
0.0072756
0.00102182
0
0
0
1685647676.83661
msg_begin
7.75653e+06
-363792
1.31773
3.53903e-08
0
1.55431e-15
0
0
0
1685647676.88665
msg_begin
7.75653e+06
-363792
1.31534
6.70552e-08
2.38651e-09
1.11022e-15
0
0
0
1685647676.93663
msg_begin
7.75653e+06
-363791
1.31078
0.000103269
0.00158116
0.000119107
0
0
0
1685647676.98665
msg_begin
7.75653e+06
-363791
1.30549
0.00544935
0.0139272
0.00105542
0
0
0
1685647677.03664
msg_begin
7.75653e+06
-363790
1.30274
0.000891133
0.00426332
9.10952e-06
0
0
0
1685647677.08662
msg_begin
7.75653e+06
-363790
1.2996
2.04891e-08
2.67755e-09
2.22045e-15
0
0
0
1685647677.13661
msg_begin
7.75653e+06
-363789
1.29487
8.56817e-08
2.85218e-09
1.11022e-15
0
0
0
1685647677.18720
msg_begin
7.75653e+06
-363789
1.28826
0.0006895
0.0293044
0.000137221
0
0
0
1685647677.23662
msg_begin
7.75653e+06
-363788
1.28275
0.00382254
0.00538451
0.00046431
0
0
0
1685647677.28663
msg_begin
7.75653e+06
-363788
1.27785
0.000219475
0.000173903
2.80189e-05
0
0
0
1685647677.33756
msg_begin
7.75653e+06
-363787
1.26856
0.000538582
0.00137061
3.30879e-06
0
0
0
1685647677.38668
msg_begin
7.75653e+06
-363786
1.26053
0.00457613
0.0141914
8.50989e-05
0
0
0
1685647677.43665
msg_begin
7.75654e+06
-363786
1.25154
2.98023e-08
3.0268e-09
0
0
0
0
1685647677.48668
msg_begin
7.75654e+06
-363785
1.24405
0.00333441
0.00501841
0.000148124
0
0
0
1685647677.53667
msg_begin
7.75654e+06
-363785
1.23522
0.00880555
0.0246849
0.000616914
0
0
0
1685647677.58671
msg_begin
7.75654e+06
-363784
1.23047
7.82311e-08
2.56114e-09
1.33227e-15
0
0
0
1685647677.63672
msg_begin
7.75654e+06
-363784
1.22034
0.000375791
0.00538252
0.000318822
0
0
0
1685647677.68670
msg_begin
7.75654e+06
-363783
1.21158
3.63216e-08
2.56114e-09
2.88658e-15
0
0
0
1685647677.78675
msg_begin
7.75654e+06
-363782
1.2064
6.51926e-09
7.567e-10
6.66134e-16
0
0
0
1685647677.83669
msg_begin
7.75654e+06
-363782
1.19859
0.00411717
0.022554
0.00013789
0
0
0
1685647677.88672
msg_begin
7.75654e+06
-363781
1.18942
0.000802579
0.00312055
0.000343894
0
0
0
1685647677.93671
msg_begin
7.75654e+06
-363781
1.18234
0.00487934
0.00259725
0.000153592
0
0
0
1685647677.98673
msg_begin
7.75654e+06
-363780
1.17625
0.00480098
0.0161617
0.000923807
0
0
0
1685647678.03673
msg_begin
7.75654e+06
-363780
1.16998
0.00379875
0.00371801
0.000134166
0
0
0
1685647678.08672
msg_begin
7.75654e+06
-363779
1.15735
0.00311578
0.0147151
0.000981938
0
0
0
1685647678.13672
msg_begin
7.75654e+06
-363779
1.15391
3.07336e-08
1.10595e-09
4.44089e-15
0
0
0
1685647678.18674
msg_begin
7.75654e+06
-363778
1.1431
0.00338394
0.00521433
0.000160638
0
0
0
1685647678.23677
msg_begin
7.75654e+06
-363778
1.134
0.00445613
0.000594935
0.000210304
0
0
0
1685647678.28679
msg_begin
7.75654e+06
-363777
1.12674
0.0019763
0.0113129
0.000385965
0
0
0
1685647678.33675
msg_begin
7.75654e+06
-363777
1.12104
0.00171527
0.00720031
0.000357693
0
0
0
1685647678.38723
msg_begin
7.75654e+06
-363776
1.11129
0.0011399
0.00329699
0.000225453
0
0
0
1685647678.43678
msg_begin
7.75654e+06
-363776
1.10789
1.86265e-09
3.60887e-09
2.22045e-16
0
0
0
1685647678.48678
msg_begin
7.75654e+06
-363776
1.09521
0.000381974
0.000556328
0.000251646
0
0
0
1685647678.53682
msg_begin
7.75654e+06
-363775
1.08691
0.000420919
0.000698424
6.4678e-05
0
0
0
1685647678.58740
msg_begin
7.75654e+06
-363775
1.07944
0.00441532
0.0125761
0.000569476
0
0
0
1685647678.63684
msg_begin
7.75654e+06
-363774
1.0739
0.00268088
0.00701558
0.00020503
0
0
0
1685647678.68686
msg_begin
7.75654e+06
-363774
1.06464
0.00439028
0.0040385
0.000628127
0
0
0
1685647678.73689
msg_begin
7.75654e+06
-363773
1.05988
0.00526037
0.0091693
0.00051607
0
0
0
1685647678.78718
msg_begin
7.75654e+06
-363773
1.05218
0.00742837
0.00431372
0.000376992
0
0
0
1685647678.83680
msg_begin
7.75654e+06
-363772
1.04066
0.00103683
0.0017665
0.000247738
0
0
0
1685647678.88679
msg_begin
7.75654e+06
-363772
1.02887
0.00666509
0.0177574
0.00222727
0
0
0
1685647678.93677
msg_begin
7.75654e+06
-363771
1.01887
0.0227998
0.053506
0.00296648
0
0
0
1685647678.98739
msg_begin
7.75654e+06
-363771
1.01368
0.014214
0.0207094
0.00058047
0
0
0
1685647679.03670
msg_begin
7.75654e+06
-363771
1.0059
7.72998e-08
3.89991e-09
2.88658e-15
0
0
0
1685647679.08668
msg_begin
7.75654e+06
-363770
0.99307
0.00892884
0.0166598
0.000552767
0
0
0
1685647679.13661
msg_begin
7.75654e+06
-363770
0.98362
1.21072e-08
3.20142e-09
1.55431e-15
0
0
0
1685647679.18725
msg_begin
7.75654e+06
-363769
0.976738
0.00560535
0.007076
0.000902441
0
0
0
1685647679.23651
msg_begin
7.75654e+06
-363769
0.962835
7.17118e-08
2.61934e-09
4.66294e-15
0
0
0
1685647679.28639
msg_begin
7.75654e+06
-363768
0.954885
0.00241519
0.00120349
0.000260311
0
0
0
1685647679.33634
msg_begin
7.75654e+06
-363768
0.946145
2.79397e-08
3.0268e-09
5.21805e-15
0
0
0
1685647679.38635
msg_begin
7.75654e+06
-363767
0.936353
0.00327456
0.00288048
9.62375e-05
0
0
0
1685647679.43630
msg_begin
7.75654e+06
-363767
0.927296
7.72998e-08
9.8953e-10
4.21885e-15
0
0
0
1685647679.48625
msg_begin
7.75654e+06
-363766
0.916508
1.21072e-08
4.07454e-10
0
0
0
0
1685647679.53625
msg_begin
7.75654e+06
-363766
0.911727
2.51457e-08
3.49246e-09
1.11022e-15
0
0
0
1685647679.58679
msg_begin
7.75654e+06
-363766
0.901772
2.14204e-08
7.567e-10
4.44089e-15
0
0
0
1685647679.63620
msg_begin
7.75655e+06
-363765
0.890304
0.00725515
0.0175507
0.00295767
0
0
0
1685647679.68621
msg_begin
7.75655e+06
-363765
0.882013
0.0142242
0.0383343
0.000153392
0
0
0
1685647679.73614
msg_begin
7.75655e+06
-363764
0.866559
0.000338403
0.00310852
0.000404832
0
0
0
1685647679.78614
msg_begin
7.75655e+06
-363764
0.861571
0.00520343
0.00718243
0.00079233
0
0
0
1685647679.83608
msg_begin
7.75655e+06
-363764
0.854742
0.0226297
0.015174
0.00129339
0
0
0
1685647679.88603
msg_begin
7.75655e+06
-363763
0.847525
0.0236432
0.0355433
0.00230929
0
0
0
1685647679.93602
msg_begin
7.75655e+06
-363763
0.838678
0.0507386
0.053979
0.000805064
0
0
0
1685647679.98677
msg_begin
7.75655e+06
-363763
0.834093
4.65661e-09
2.32831e-10
3.33067e-16
0
0
0
1685647680.03595
msg_begin
7.75655e+06
-363762
0.82261
7.72998e-08
2.85218e-09
1.77636e-15
0
0
0
1685647680.08592
msg_begin
7.75655e+06
-363762
0.815545
4.47035e-08
2.56114e-09
2.22045e-16
0
0
0
1685647680.13589
msg_begin
7.75655e+06
-363761
0.808272
0.00169572
0.00226518
0.000244556
0
0
0
1685647680.18583
msg_begin
7.75655e+06
-363761
0.798869
7.45058e-09
1.74623e-10
2.88658e-15
0
0
0
1685647680.23577
msg_begin
7.75655e+06
-363760
0.783563
0.0145322
0.0168045
0.00142207
0
0
0
1685647680.28573
msg_begin
7.75655e+06
-363760
0.774986
6.79865e-08
1.28057e-09
5.44009e-15
0
0
0
1685647680.33574
msg_begin
7.75655e+06
-363760
0.766644
0.00162319
0.00237339
8.2583e-05
0
0
0
1685647680.38608
msg_begin
7.75655e+06
-363759
0.757629
5.30854e-08
5.23869e-10
2.55351e-15
0
0
0
1685647680.43562
msg_begin
7.75655e+06
-363759
0.750397
7.35745e-08
1.39698e-09
4.996e-15
0
0
0
1685647680.48562
msg_begin
7.75655e+06
-363759
0.741413
7.11077e-06
9.72143e-05
2.64569e-05
0
0
0
1685647680.53557
msg_begin
7.75655e+06
-363758
0.73295
0.00597738
0.00330139
0.00125632
0
0
0
1685647680.58585
msg_begin
7.75655e+06
-363758
0.726898
5.4948e-08
2.67755e-09
5.32907e-15
0
0
0
1685647680.63556
msg_begin
7.75655e+06
-363757
0.720679
0.00853861
0.00730838
0.000167223
0
0
0
1685647680.68552
msg_begin
7.75655e+06
-363757
0.71392
0.0127273
0.000990133
0.00144157
0
0
0
1685647680.73568
msg_begin
7.75655e+06
-363757
0.708512
4.84288e-08
2.96859e-09
1.88738e-15
0
0
0
1685647680.78590
msg_begin
7.75655e+06
-363756
0.700495
0.0017194
0.00224948
0.000101354
0
0
0
1685647680.83554
msg_begin
7.75655e+06
-363756
0.693901
0.00712212
0.00210187
0.00021715
0
0
0
1685647680.88555
msg_begin
7.75655e+06
-363756
0.690739
0.00280786
0.00106525
3.52074e-05
0
0
0
1685647680.93554
msg_begin
7.75655e+06
-363755
0.685241
0.00399738
0.00339218
0.000133467
0
0
0
1685647680.98598
msg_begin
7.75655e+06
-363755
0.678524
0.00614084
0.00677952
0.00099235
0
0
0
1685647681.03557
msg_begin
7.75656e+06
-363755
0.673273
0.0089382
0.00619978
0.00143756
0
0
0
1685647681.08564
msg_begin
7.75656e+06
-363754
0.671361
0.00180891
0.00225382
0.000339258
0
0
0
1685647681.13560
msg_begin
7.75656e+06
-363754
0.66594
0.00167877
0.00136396
0.000108023
0
0
0
1685647681.18615
msg_begin
7.75656e+06
-363754
0.659679
5.86733e-08
4.07454e-10
2.44249e-15
0
0
0
1685647681.23571
msg_begin
7.75656e+06
-363753
0.65354
1.02445e-08
4.07454e-09
3.88578e-15
0
0
0
1685647681.28569
msg_begin
7.75656e+06
-363753
0.653008
5.7742e-08
1.39698e-09
9.99201e-16
0
0
0
1685647681.33584
msg_begin
7.75656e+06
-363752
0.648716
0.0139669
0.0148809
0.000977596
0
0
0
1685647681.38572
msg_begin
7.75656e+06
-363752
0.647867
0.0281154
0.027724
0.000892795
0
0
0
1685647681.43576
msg_begin
7.75656e+06
-363752
0.644043
0.00105333
0.00420041
0.000108046
0
0
0
1685647681.48573
msg_begin
7.75656e+06
-363751
0.638408
0.0264588
0.0187537
0.0028137
0
0
0
1685647681.53573
msg_begin
7.75656e+06
-363751
0.640169
0.00187887
5.21191e-05
5.00037e-05
0
0
0
1685647681.58581
msg_begin
7.75656e+06
-363751
0.633656
5.58794e-09
3.49246e-10
3.44169e-15
0
0
0
1685647681.63570
msg_begin
7.75656e+06
-363750
0.635579
1.76951e-08
2.91038e-10
3.66374e-15
0
0
0
1685647681.68565
msg_begin
7.75656e+06
-363750
0.630161
6.15798e-06
0.00236853
4.62356e-05
0
0
0
1685647681.73566
msg_begin
7.75656e+06
-363750
0.629069
1.86265e-09
2.91038e-09
2.9976e-15
0
0
0
1685647681.78564
msg_begin
7.75656e+06
-363750
0.629745
0.0585876
0.039588
0.00250144
0
0
0
1685647681.83563
msg_begin
7.75656e+06
-363749
0.625632
0.00165008
0.000116718
7.48412e-05
0
0
0
1685647681.88564
msg_begin
7.75656e+06
-363749
0.621808
0.00282342
0.00128559
0.000108392
0
0
0
1685647681.93556
msg_begin
7.75656e+06
-363749
0.620109
0.00598961
0.000951401
2.1373e-05
0
0
0
1685647681.98554
msg_begin
7.75656e+06
-363748
0.615216
0.00287089
0.00592025
0.000659118
0
0
0
1685647682.03552
msg_begin
7.75656e+06
-363747
0.614573
1.76951e-08
3.20142e-09
3.33067e-16
0
0
0
1685647682.13539
msg_begin
7.75656e+06
-363747
0.614203
0.00154362
0.000741091
0.000153406
0
0
0
1685647682.18533
msg_begin
7.75657e+06
-363747
0.614571
0.00878698
0.00738923
0.000480248
0
0
0
1685647682.23529
msg_begin
7.75657e+06
-363746
0.615045
0.000875349
0.000425178
0.000159735
0
0
0
1685647682.28524
msg_begin
7.75657e+06
-363746
0.612471
6.98492e-08
6.40284e-10
2.22045e-15
0
0
0
1685647682.33522
msg_begin
7.75657e+06
-363746
0.61307
5.86733e-08
9.8953e-10
6.66134e-16
0
0
0
1685647682.38519
msg_begin
7.75657e+06
-363745
0.615452
2.79397e-09
1.5134e-09
2.88658e-15
0
0
0
1685647682.43510
msg_begin
7.75657e+06
-363745
0.618153
0.00161737
0.00199977
0.000353853
0
0
0
1685647682.48504
msg_begin
7.75657e+06
-363745
0.615841
1.39698e-08
2.03727e-09
4.55191e-15
0
0
0
1685647682.53502
msg_begin
7.75657e+06
-363744
0.618561
0.00130535
0.00174262
0.000245758
0
0
0
1685647682.58507
msg_begin
7.75657e+06
-363744
0.61882
7.17118e-08
9.31323e-10
1.11022e-15
0
0
0
1685647682.63495
msg_begin
7.75657e+06
-363744
0.619409
0.00221002
1.95927e-05
4.20967e-06
0
0
0
1685647682.68490
msg_begin
7.75657e+06
-363744
0.61718
0.018201
0.0227732
0.000780051
0
0
0
1685647682.73487
msg_begin
7.75657e+06
-363743
0.619277
5.21541e-08
4.19095e-09
1.77636e-15
0
0
0
1685647682.78490
msg_begin
7.75657e+06
-363743
0.619434
0.00773733
0.00486788
0.00014404
0
0
0
1685647682.88483
msg_begin
7.75657e+06
-363742
0.622088
5.58794e-08
1.22236e-09
4.88498e-15
0
0
0
1685647682.98496
msg_begin
7.75657e+06
-363741
0.620316
0.000270111
0.00200091
0.000225228
0
0
0
1685647683.03474
msg_begin
7.75657e+06
-363741
0.619192
6.51926e-09
4.65661e-10
3.21965e-15
0
0
0
1685647683.08468
msg_begin
7.75657e+06
-363741
0.622592
7.82311e-08
4.07454e-10
7.77156e-16
0
0
0
1685647683.13573
msg_begin
7.75657e+06
-363740
0.622959
0.00218364
0.00206328
8.43113e-05
0
0
0
1685647683.18495
msg_begin
7.75657e+06
-363740
0.622566
3.72529e-09
1.62981e-09
3.66374e-15
0
0
0
1685647683.23462
msg_begin
7.75657e+06
-363740
0.622347
0.00248809
0.00295884
0.000312736
0
0
0
1685647683.28461
msg_begin
7.75657e+06
-363739
0.623831
0.00781513
0.00151194
0.000246178
0
0
0
1685647683.33465
msg_begin
7.75658e+06
-363739
0.62557
5.40167e-08
2.79397e-09
7.77156e-16
0
0
0
1685647683.38465
msg_begin
7.75658e+06
-363739
0.624912
0.0316708
0.0215064
0.00127875
0
0
0
1685647683.43467
msg_begin
7.75658e+06
-363738
0.626741
6.92107e-05
0.000637934
3.46907e-05
0
0
0
1685647683.48465
msg_begin
7.75658e+06
-363738
0.627284
0.0130723
0.00162188
0.000174605
0
0
0
1685647683.53465
msg_begin
7.75658e+06
-363738
0.628923
1.39698e-08
0
2.66454e-15
0
0
0
1685647683.58458
msg_begin
7.75658e+06
-363737
0.630303
0.000765341
0.00101376
0.000124073
0
0
0
1685647683.63461
msg_begin
7.75658e+06
-363737
0.626755
2.14204e-08
5.82077e-11
1.11022e-15
0
0
0
1685647683.68453
msg_begin
7.75658e+06
-363737
0.626361
0.000308994
0.000731721
2.26984e-05
0
0
0
1685647683.73461
msg_begin
7.75658e+06
-363736
0.627772
0.00146169
0.000818182
4.95919e-05
0
0
0
1685647683.78451
msg_begin
7.75658e+06
-363736
0.628665
0.00603485
0.00463062
9.38864e-05
0
0
0
1685647683.83452
msg_begin
7.75658e+06
-363736
0.629815
0.00421442
0.00445949
0.000190913
0
0
0
1685647683.88451
msg_begin
7.75658e+06
-363735
0.628833
0.0256375
0.0238781
0.00129977
0
0
0
1685647683.93450
msg_begin
7.75658e+06
-363735
0.631301
0.0241574
0.0187423
0.000662914
0
0
0
1685647683.98450
msg_begin
7.75658e+06
-363734
0.633275
0.0037635
0.00242763
8.89028e-05
0
0
0
1685647684.03452
msg_begin
7.75658e+06
-363734
0.634772
0.0188444
0.00888147
0.000636871
0
0
0
1685647684.08454
msg_begin
7.75658e+06
-363734
0.632336
0.0182849
0.0102929
0.000224356
0
0
0
1685647684.13455
msg_begin
7.75658e+06
-363733
0.631905
0.00795768
0.00561605
0.000237997
0
0
0
1685647684.18453
msg_begin
7.75658e+06
-363733
0.631655
0.0711858
0.0500169
0.0020309
0
0
0
1685647684.23453
msg_begin
7.75658e+06
-363733
0.636011
0.0255113
0.0159775
0.000707543
0
0
0
1685647684.28454
msg_begin
7.75658e+06
-363732
0.637278
0.00918603
0.00717096
0.000353244
0
0
0
1685647684.33526
msg_begin
7.75658e+06
-363732
0.635585
0.011272
0.0121056
0.000336377
0
0
0
1685647684.38492
msg_begin
7.75658e+06
-363732
0.63546
0.0896193
0.0680943
0.000493089
0
0
0
1685647684.43449
msg_begin
7.75659e+06
-363731
0.636257
0.0103239
0.0152229
0.000523169
0
0
0
1685647684.48449
msg_begin
7.75659e+06
-363731
0.636314
0.057773
0.0517978
0.000580457
0
0
0
1685647684.53542
msg_begin
7.75659e+06
-363731
0.639618
3.35276e-08
2.56114e-09
2.88658e-15
0
0
0
1685647684.58468
msg_begin
7.75659e+06
-363730
0.64225
0.0133329
0.00733006
0.00011561
0
0
0
1685647684.63447
msg_begin
7.75659e+06
-363730
0.641171
0.00520004
0.00406729
0.00078332
0
0
0
1685647684.68445
msg_begin
7.75659e+06
-363730
0.639303
0.00259891
0.00232539
0.000167762
0
0
0
1685647684.73527
msg_begin
7.75659e+06
-363729
0.640132
0.0112242
0.0276522
0.000977685
0
0
0
1685647684.78488
msg_begin
7.75659e+06
-363729
0.64382
0.000478386
0.000490049
7.73213e-05
0
0
0
1685647684.83462
msg_begin
7.75659e+06
-363729
0.643494
0.00391522
0.000837437
0.000460628
0
0
0
1685647684.88472
msg_begin
7.75659e+06
-363728
0.642943
0.00108204
0.00475033
0.000517353
0
0
0
1685647684.93562
msg_begin
7.75659e+06
-363728
0.642411
0.0417814
0.0314371
0.00129553
0
0
0
1685647684.98539
msg_begin
7.75659e+06
-363727
0.644708
0.000677726
0.00190319
0.000618391
0
0
0
1685647685.03488
msg_begin
7.75659e+06
-363727
0.641718
0.0210472
0.0247275
0.000290349
0
0
0
1685647685.08492
msg_begin
7.75659e+06
-363727
0.640147
0.0183239
0.0074399
0.000334674
0
0
0
1685647685.13587
msg_begin
7.75659e+06
-363726
0.639689
0.00883654
0.00791985
0.000406558
0
0
0
1685647685.18496
msg_begin
7.75659e+06
-363726
0.639416
0.01183
0.00647764
0.000210363
0
0
0
1685647685.23499
msg_begin
7.75659e+06
-363726
0.635466
0.00882631
0.0115037
0.00161471
0
0
0
1685647685.28491
msg_begin
7.75659e+06
-363725
0.635576
0.00058296
0.000308915
0.000224921
0
0
0
1685647685.33496
msg_begin
7.75659e+06
-363725
0.637466
0.00191066
0.00201568
0.000127729
0
0
0
1685647685.38493
msg_begin
7.75659e+06
-363725
0.636503
0.0274125
0.0224181
0.00233361
0
0
0
1685647685.43489
msg_begin
7.75659e+06
-363724
0.636741
5.40167e-08
1.45519e-09
2.66454e-15
0
0
0
1685647685.48489
msg_begin
7.7566e+06
-363724
0.634568
0.00353079
0.00384679
0.000464751
0
0
0
1685647685.53493
msg_begin
7.7566e+06
-363723
0.630657
0.0145922
0.00350361
0.00114199
0
0
0
1685647685.58611
msg_begin
7.7566e+06
-363723
0.631571
0.00563058
0.0054153
0.000275508
0
0
0
1685647685.63493
msg_begin
7.7566e+06
-363723
0.632598
0.00256417
0.000620742
9.16267e-05
0
0
0
1685647685.68495
msg_begin
7.7566e+06
-363722
0.632451
1.86265e-08
4.65661e-10
2.22045e-15
0
0
0
1685647685.73493
msg_begin
7.7566e+06
-363722
0.634962
8.10251e-08
1.16415e-09
1.9984e-15
0
0
0
1685647685.78499
msg_begin
7.7566e+06
-363722
0.635058
0.00606041
0.00410637
0.000941937
0
0
0
1685647685.83495
msg_begin
7.7566e+06
-363721
0.634382
4.74975e-08
1.45519e-09
1.55431e-15
0
0
0
1685647685.88495
msg_begin
7.7566e+06
-363721
0.631621
0.00147205
0.00124764
0.000198449
0
0
0
1685647685.93496
msg_begin
7.7566e+06
-363721
0.632956
0.0144739
0.00617047
0.000453959
0
0
0
1685647685.98495
msg_begin
7.7566e+06
-363720
0.634813
0.104446
0.072188
0.000582375
0
0
0
1685647686.03496
msg_begin
7.7566e+06
-363720
0.634877
0.000444607
0.00212617
0.000152415
0
0
0
1685647686.08493
msg_begin
7.7566e+06
-363720
0.636991
0.0337381
0.0180113
0.000737808
0
0
0
1685647686.13494
msg_begin
7.7566e+06
-363719
0.636589
0.0220436
0.0289507
0.00202727
0
0
0
1685647686.18492
msg_begin
7.7566e+06
-363719
0.639162
0.00424289
0.00434167
0.000490256
0
0
0
1685647686.23489
msg_begin
7.7566e+06
-363718
0.641907
0.00104635
0.00324693
9.05009e-05
0
0
0
1685647686.28489
msg_begin
7.7566e+06
-363718
0.642301
0.0184647
0.0158382
0.000893702
0
0
0
1685647686.33542
msg_begin
7.7566e+06
-363718
0.641599
0.00153117
0.00263319
0.000171404
0
0
0
1685647686.38524
msg_begin
7.7566e+06
-363717
0.64239
0.0238804
0.0101104
0.000856835
0
0
0
1685647686.43491
msg_begin
7.7566e+06
-363717
0.645264
4.56348e-08
3.37604e-09
4.32987e-15
0
0
0
1685647686.48495
msg_begin
7.75661e+06
-363716
0.642845
4.65661e-09
2.32831e-10
1.22125e-15
0
0
0
1685647686.58500
msg_begin
7.75661e+06
-363716
0.642515
0.00197991
0.00047703
8.52201e-05
0
0
0
1685647686.63500
msg_begin
7.75661e+06
-363715
0.641778
0.000769147
0.000573398
1.74005e-05
0
0
0
1685647686.68503
msg_begin
7.75661e+06
-363715
0.641397
4.47035e-08
4.65661e-10
1.77636e-15
0
0
0
1685647686.73548
msg_begin
7.75661e+06
-363715
0.641373
2.04891e-08
2.38651e-09
6.66134e-16
0
0
0
1685647686.78570
msg_begin
7.75661e+06
-363714
0.640268
0.0400073
0.0235414
0.000513752
0
0
0
1685647686.83510
msg_begin
7.75661e+06
-363714
0.638335
0.0495754
0.038376
0.00108719
0
0
0
1685647686.88506
msg_begin
7.75661e+06
-363714
0.638093
0.00621234
0.00429052
0.000360049
0
0
0
1685647686.93569
msg_begin
7.75661e+06
-363713
0.632977
0.00804765
0.0026676
2.91239e-06
0
0
0
1685647686.98556
msg_begin
7.75661e+06
-363713
0.635343
0.00168268
0.000619498
0.000164845
0
0
0
1685647687.03509
msg_begin
7.75661e+06
-363713
0.637482
0.00270861
0.00429711
0.000336659
0
0
0
1685647687.08515
msg_begin
7.75661e+06
-363712
0.636526
0.0002088
0.000390874
0.000255345
0
0
0
1685647687.13515
msg_begin
7.75661e+06
-363712
0.637938
0.00567907
0.0018512
9.58781e-05
0
0
0
1685647687.18576
msg_begin
7.75661e+06
-363711
0.637683
0.0029373
0.000246507
0.000189971
0
0
0
1685647687.23517
msg_begin
7.75661e+06
-363711
0.636712
0
2.38651e-09
5.55112e-16
0
0
0
1685647687.28521
msg_begin
7.75661e+06
-363711
0.636527
0.0201306
0.0136524
0.000925077
0
0
0
1685647687.33522
msg_begin
7.75661e+06
-363710
0.634023
0.00393726
0.00313285
0.000129172
0
0
0
1685647687.38527
msg_begin
7.75661e+06
-363710
0.63551
0.0477974
0.044246
0.000118599
0
0
0
1685647687.43531
msg_begin
7.75661e+06
-363709
0.634276
0.00427151
0.00341091
0.000112417
0
0
0
1685647687.48530
msg_begin
7.75661e+06
-363709
0.635892
0.0127998
0.00669702
0.000811202
0
0
0
1685647687.53530
msg_begin
7.75661e+06
-363709
0.636875
0.0143334
0.00176512
0.000143998
0
0
0
1685647687.58534
msg_begin
7.75661e+06
-363708
0.640114
0.0155108
0.00577751
0.000636168
0
0
0
1685647687.63532
msg_begin
7.75662e+06
-363708
0.643049
0.000580587
0.00263807
7.8749e-05
0
0
0
1685647687.68535
msg_begin
7.75662e+06
-363708
0.643296
0.00509167
0.00471365
0.000437084
0
0
0
1685647687.73532
msg_begin
7.75662e+06
-363707
0.64244
3.72529e-09
3.60887e-09
4.996e-15
0
0
0
1685647687.78532
msg_begin
7.75662e+06
-363707
0.645286
0.000415658
0.000420426
7.58897e-05
0
0
0
1685647687.83534
msg_begin
7.75662e+06
-363707
0.648901
8.6613e-08
2.56114e-09
3.77476e-15
0
0
0
1685647687.88530
msg_begin
7.75662e+06
-363706
0.652332
0.0135871
0.00935802
0.000616957
0
0
0
1685647687.93530
msg_begin
7.75662e+06
-363706
0.651535
0.00192252
0.00135738
0.00019255
0
0
0
1685647687.98530
msg_begin
7.75662e+06
-363706
0.65439
0.0722462
0.0707484
0.000633522
0
0
0
1685647688.03530
msg_begin
7.75662e+06
-363705
0.655213
0.00573395
0.00887872
0.00160352
0
0
0
1685647688.08525
msg_begin
7.75662e+06
-363705
0.656307
0.0485138
0.0393827
0.00054475
0
0
0
1685647688.13527
msg_begin
7.75662e+06
-363705
0.649997
6.51926e-09
1.74623e-10
2.88658e-15
0
0
0
1685647688.18524
msg_begin
7.75662e+06
-363704
0.649874
0.00181939
0.00132413
3.58331e-05
0
0
0
1685647688.23519
msg_begin
7.75662e+06
-363704
0.650123
2.98023e-08
2.79397e-09
3.9968e-15
0
0
0
1685647688.28514
msg_begin
7.75662e+06
-363704
0.651051
5.02914e-08
5.23869e-10
3.88578e-15
0
0
0
1685647688.33509
msg_begin
7.75662e+06
-363703
0.65111
0.00533965
0.00253114
0.00020876
0
0
0
1685647688.38505
msg_begin
7.75662e+06
-363703
0.650623
0.00607831
0.00640692
0.00104157
0
0
0
1685647688.43495
msg_begin
7.75662e+06
-363703
0.651916
0.00297746
0.00156515
9.39006e-05
0
0
0
1685647688.48488
msg_begin
7.75662e+06
-363702
0.64997
0.0879462
0.0749225
0.000113384
0
0
0
1685647688.53483
msg_begin
7.75662e+06
-363702
0.651162
7.75542e-05
0.0026995
0.000691824
0
0
0
1685647688.58487
msg_begin
7.75662e+06
-363701
0.652244
5.7742e-08
1.74623e-10
2.77556e-15
0
0
0
1685647688.63469
msg_begin
7.75662e+06
-363701
0.65113
0.0210387
0.0193562
0.000225235
0
0
0
1685647688.68467
msg_begin
7.75662e+06
-363701
0.649831
0.00934602
0.00413895
0.000392677
0
0
0
1685647688.73488
msg_begin
7.75663e+06
-363700
0.651866
0.0048521
0.0122897
0.000594549
0
0
0
1685647688.78449
msg_begin
7.75663e+06
-363700
0.651336
0.00368611
0.00216589
0.000460034
0
0
0
1685647688.83450
msg_begin
7.75663e+06
-363700
0.64836
4.47035e-08
1.10595e-09
7.77156e-16
0
0
0
1685647688.88445
msg_begin
7.75663e+06
-363699
0.644445
5.58794e-09
1.16415e-10
2.22045e-16
0
0
0
1685647688.93445
msg_begin
7.75663e+06
-363699
0.646534
0.00760589
0.00151534
0.00065482
0
0
0
1685647688.98443
msg_begin
7.75663e+06
-363698
0.644864
0.00581844
0.00754788
0.000419552
0
0
0
1685647689.03447
msg_begin
7.75663e+06
-363698
0.646203
5.58794e-09
1.74623e-10
1.11022e-16
0
0
0
1685647689.08452
msg_begin
7.75663e+06
-363697
0.646368
6.51926e-09
9.31323e-10
1.11022e-15
0
0
0
1685647689.13467
msg_begin
7.75663e+06
-363697
0.644858
0.00636462
0.00583215
0.000615528
0
0
0
1685647689.18478
msg_begin
7.75663e+06
-363697
0.647031
0.0329202
0.0230864
0.000797791
0
0
0
1685647689.23465
msg_begin
7.75663e+06
-363696
0.648647
0.000552277
0.00412011
0.000483885
0
0
0
1685647689.28504
msg_begin
7.75663e+06
-363696
0.64855
0.00479292
0.00322868
0.000222439
0
0
0
1685647689.33470
msg_begin
7.75663e+06
-363695
0.648114
0.0163632
0.0117412
0.00157646
0
0
0
1685647689.38474
msg_begin
7.75663e+06
-363695
0.648677
0.00462361
0.00247885
0.000471044
0
0
0
1685647689.43478
msg_begin
7.75663e+06
-363695
0.649486
0.00230064
0.00326398
0.000183164
0
0
0
1685647689.48478
msg_begin
7.75663e+06
-363694
0.647201
0.000518644
0.000302494
7.941e-05
0
0
0
1685647689.53485
msg_begin
7.75663e+06
-363694
0.646327
0.0089346
0.00218403
0.000301384
0
0
0
1685647689.58480
msg_begin
7.75663e+06
-363693
0.644451
0.00446586
0.00506517
0.0007088
0
0
0
1685647689.63480
msg_begin
7.75663e+06
-363693
0.643977
0.0102042
0.00683527
0.000441909
0
0
0
1685647689.68479
msg_begin
7.75664e+06
-363693
0.649924
5.96046e-08
1.16415e-10
5.10703e-15
0
0
0
1685647689.73485
msg_begin
7.75664e+06
-363692
0.648855
0.02241
0.0216974
0.000234924
0
0
0
1685647689.78478
msg_begin
7.75664e+06
-363691
0.649271
0.000785954
0.000641769
0.000103423
0
0
0
1685647689.88475
msg_begin
7.75664e+06
-363691
0.648344
0.00274651
0.00339603
0.000237394
0
0
0
1685647689.93472
msg_begin
7.75664e+06
-363691
0.645733
5.96046e-08
4.65661e-10
1.22125e-15
0
0
0
1685647689.98469
msg_begin
7.75664e+06
-363690
0.643352
0.0071066
0.00652718
0.000126489
0
0
0
1685647690.03467
msg_begin
7.75664e+06
-363690
0.639506
0.00332052
0.00590655
0.000993038
0
0
0
1685647690.08463
msg_begin
7.75664e+06
-363690
0.637042
0.0042091
0.00659151
0.00106024
0
0
0
1685647690.13499
msg_begin
7.75664e+06
-363689
0.639179
0.0284366
0.0211575
0.00220043
0
0
0
1685647690.18456
msg_begin
7.75664e+06
-363689
0.639496
0.00328778
0.00159868
0.000252865
0
0
0
1685647690.23452
msg_begin
7.75664e+06
-363688
0.637679
0.0116697
0.00754464
0.000930689
0
0
0
1685647690.28449
msg_begin
7.75664e+06
-363688
0.640237
0.0216974
0.0134125
0.00079566
0
0
0
1685647690.33498
msg_begin
7.75664e+06
-363688
0.641274
0.0109107
0.010813
0.00144307
0
0
0
1685647690.38463
msg_begin
7.75664e+06
-363687
0.639674
6.51926e-09
2.91038e-09
1.44329e-15
0
0
0
1685647690.43946
msg_begin
7.75664e+06
-363687
0.640266
5.4948e-08
2.03727e-09
0
0
0
0
1685647690.48451
msg_begin
7.75664e+06
-363686
0.637175
0.00716887
0.00798456
0.000226767
0
0
0
1685647690.53456
msg_begin
7.75664e+06
-363686
0.635851
6.98492e-08
1.74623e-10
1.11022e-15
0
0
0
1685647690.58508
msg_begin
7.75664e+06
-363685
0.634291
2.23517e-08
3.25963e-09
7.77156e-16
0
0
0
1685647690.63469
msg_begin
7.75664e+06
-363685
0.632682
2.23517e-08
1.45519e-09
3.33067e-15
0
0
0
1685647690.68479
msg_begin
7.75664e+06
-363685
0.630988
0.00142742
0.00314459
0.000431012
0
0
0
1685647690.73548
msg_begin
7.75665e+06
-363685
0.632232
0.0609575
0.0486436
0.000377717
0
0
0
1685647690.78492
msg_begin
7.75665e+06
-363684
0.629469
0.0723372
0.0577111
0.00145333
0
0
0
1685647690.83495
msg_begin
7.75665e+06
-363684
0.640052
8.3819e-09
3.49246e-10
2.22045e-15
0
0
0
1685647690.88495
msg_begin
7.75665e+06
-363684
0.638653
7.35745e-08
3.49246e-10
4.21885e-15
0
0
0
1685647690.93590
msg_begin
7.75665e+06
-363683
0.637459
0.0366512
0.0211329
0.000247701
0
0
0
1685647690.98521
msg_begin
7.75665e+06
-363683
0.633868
0.00737173
0.00573829
0.00158509
0
0
0
1685647691.03506
msg_begin
7.75665e+06
-363682
0.632931
0.000276775
1.58451e-05
6.64414e-07
0
0
0
1685647691.08511
msg_begin
7.75665e+06
-363682
0.628799
1.86265e-09
1.80444e-09
1.77636e-15
0
0
0
1685647691.13516
msg_begin
7.75665e+06
-363681
0.628762
5.7742e-08
2.91038e-09
1.22125e-15
0
0
0
1685647691.18514
msg_begin
7.75665e+06
-363681
0.627244
6.61239e-08
3.7835e-09
4.44089e-15
0
0
0
1685647691.23518
msg_begin
7.75665e+06
-363681
0.628373
5.58794e-09
2.38651e-09
6.66134e-16
0
0
0
1685647691.28524
msg_begin
7.75665e+06
-363680
0.621846
8.3819e-09
0
5.21805e-15
0
0
0
1685647691.33524
msg_begin
7.75665e+06
-363680
0.616033
6.51926e-09
8.14907e-10
2.66454e-15
0
0
0
1685647691.38526
msg_begin
7.75665e+06
-363679
0.617562
0.00476925
0.00208947
0.000172677
0
0
0
1685647691.43533
msg_begin
7.75665e+06
-363679
0.6144
1.86265e-08
7.567e-10
9.99201e-16
0
0
0
1685647691.48529
msg_begin
7.75665e+06
-363678
0.60788
0.00899823
0.00600375
0.000288787
0
0
0
1685647691.53551
msg_begin
7.75665e+06
-363678
0.604431
0.00385632
0.00245601
6.51563e-05
0
0
0
1685647691.58529
msg_begin
7.75665e+06
-363678
0.601022
2.76978e-05
0.00366088
0.000321016
0
0
0
1685647691.63530
msg_begin
7.75665e+06
-363677
0.597097
2.79397e-08
1.86265e-09
1.88738e-15
0
0
0
1685647691.68529
msg_begin
7.75666e+06
-363677
0.590918
3.35276e-08
7.567e-10
1.88738e-15
0
0
0
1685647691.73528
msg_begin
7.75666e+06
-363676
0.582041
0.00236023
0.00109948
0.000287094
0
0
0
1685647691.78524
msg_begin
7.75666e+06
-363676
0.582819
0.00220792
0.000572748
0.000486453
0
0
0
1685647691.83525
msg_begin
7.75666e+06
-363676
0.58193
0.00760977
0.00533094
0.000583769
0
0
0
1685647691.88521
msg_begin
7.75666e+06
-363675
0.579446
0.00480921
0.00372286
0.000143176
0
0
0
1685647691.93524
msg_begin
7.75666e+06
-363675
0.574074
0.0061342
0.00342249
0.000348454
0
0
0
1685647691.98520
msg_begin
7.75666e+06
-363675
0.563025
0.00286453
0.00183938
6.4866e-05
0
0
0
1685647692.03522
msg_begin
7.75666e+06
-363674
0.56106
9.31323e-09
2.61934e-09
8.88178e-16
0
0
0
1685647692.08517
msg_begin
7.75666e+06
-363674
0.554369
7.45058e-09
1.39698e-09
4.44089e-16
0
0
0
1685647692.13514
msg_begin
7.75666e+06
-363674
0.545696
0.0202652
0.00156732
0.000792603
0
0
0
1685647692.18515
msg_begin
7.75666e+06
-363673
0.540847
0.0770332
0.0298105
0.00295081
0
0
0
1685647692.23511
msg_begin
7.75666e+06
-363673
0.534465
0.00241906
0.000953184
0.000372525
0
0
0
1685647692.28619
msg_begin
7.75666e+06
-363673
0.528915
0.0135569
0.00410858
0.00099234
0
0
0
1685647692.33506
msg_begin
7.75666e+06
-363672
0.520496
1.58325e-08
4.65661e-10
3.77476e-15
0
0
0
1685647692.38499
msg_begin
7.75666e+06
-363672
0.518775
0.00346419
0.00160849
0.00018605
0
0
0
1685647692.43494
msg_begin
7.75666e+06
-363672
0.511997
0.0486389
0.0222668
0.00205299
0
0
0
1685647692.48495
msg_begin
7.75666e+06
-363671
0.505999
0.0055712
0.00566773
0.000980212
0
0
0
1685647692.53489
msg_begin
7.75666e+06
-363671
0.501669
0.00234987
0.00189599
0.000182706
0
0
0
1685647692.58484
msg_begin
7.75666e+06
-363671
0.497553
5.21541e-08
8.14907e-10
3.16414e-15
0
0
0
1685647692.63479
msg_begin
7.75667e+06
-363671
0.499156
0.0177239
0.00707841
2.05242e-05
0
0
0
1685647692.68477
msg_begin
7.75667e+06
-363670
0.495708
9.31323e-10
2.85218e-09
3.94129e-15
0
0
0
1685647692.73469
msg_begin
7.75667e+06
-363670
0.48934
0.0147794
0.0134982
0.00145214
0
0
0
1685647692.78464
msg_begin
7.75667e+06
-363669
0.481315
0.0010221
0.0005542
6.39401e-05
0
0
0
1685647692.88460
msg_begin
7.75667e+06
-363669
0.474653
0.0303206
0.0168364
0.000219672
0
0
0
1685647692.98459
msg_begin
7.75667e+06
-363668
0.460713
2.23517e-08
4.07454e-10
4.44089e-16
0
0
0
1685647693.08467
msg_begin
7.75667e+06
-363668
0.458789
8.56817e-08
3.66708e-09
2.16493e-15
0
0
0
1685647693.13470
msg_begin
7.75667e+06
-363668
0.452611
4.56348e-08
3.49246e-10
9.4369e-16
0
0
0
1685647693.18472
msg_begin
7.75667e+06
-363667
0.450846
0.0202241
0.00807667
0.0012456
0
0
0
1685647693.23473
msg_begin
7.75667e+06
-363667
0.446663
0.00781075
0.00273451
0.000695637
0
0
0
1685647693.28478
msg_begin
7.75667e+06
-363667
0.443533
0.000520265
0.000402968
1.9969e-05
0
0
0
1685647693.33479
msg_begin
7.75667e+06
-363667
0.435354
0.00111224
0.000673802
9.14226e-05
0
0
0
1685647693.38477
msg_begin
7.75667e+06
-363666
0.430742
6.89179e-08
8.14907e-10
3.83027e-15
0
0
0
1685647693.43484
msg_begin
7.75667e+06
-363666
0.429345
0.0045603
0.00368113
8.22896e-05
0
0
0
1685647693.48484
msg_begin
7.75667e+06
-363666
0.425898
1.11759e-08
2.50293e-09
2.55351e-15
0
0
0
1685647693.53486
msg_begin
7.75667e+06
-363665
0.420449
0.0734539
0.0264854
0.000374966
0
0
0
1685647693.58486
msg_begin
7.75668e+06
-363665
0.414216
0.0387544
0.0171658
0.000543188
0
0
0
1685647693.63485
msg_begin
7.75668e+06
-363665
0.41404
0.000671088
0.000143943
9.19945e-05
0
0
0
1685647693.68489
msg_begin
7.75668e+06
-363665
0.408501
0.0116409
0.00719308
0.00124542
0
0
0
1685647693.73489
msg_begin
7.75668e+06
-363664
0.401426
0.00481634
0.00345758
0.00010657
0
0
0
1685647693.78488
msg_begin
7.75668e+06
-363664
0.398351
6.79865e-08
3.25963e-09
2.498e-15
0
0
0
1685647693.83486
msg_begin
7.75668e+06
-363664
0.394563
0.0944387
0.0468579
0.00271614
0
0
0
1685647693.88484
msg_begin
7.75668e+06
-363664
0.392404
9.31323e-10
1.28057e-09
9.4369e-16
0
0
0
1685647693.93480
msg_begin
7.75668e+06
-363664
0.388141
0.00459951
0.00147408
0.000341266
0
0
0
1685647693.98478
msg_begin
7.75668e+06
-363664
0.384101
5.12227e-08
3.14321e-09
1.11022e-16
0
0
0
1685647694.03473
msg_begin
7.75668e+06
-363663
0.377951
1.86265e-09
2.38651e-09
3.38618e-15
0
0
0
1685647694.08474
msg_begin
7.75668e+06
-363663
0.370494
0.00171918
0.00168791
0.00026381
0
0
0
1685647694.13466
msg_begin
7.75668e+06
-363663
0.368587
1.49012e-08
2.91038e-09
3.88578e-16
0
0
0
1685647694.18467
msg_begin
7.75668e+06
-363663
0.364232
0.0164867
0.00856399
0.000851221
0
0
0
1685647694.23462
msg_begin
7.75668e+06
-363663
0.357246
0.0141062
0.00852045
0.000639865
0
0
0
1685647694.28486
msg_begin
7.75668e+06
-363662
0.353168
0.0082126
0.0103236
0.00172174
0
0
0
1685647694.33457
msg_begin
7.75668e+06
-363662
0.343283
0.00962165
0.00879036
0.00164843
0
0
0
1685647694.38462
msg_begin
7.75668e+06
-363662
0.337303
0.00418508
0.00305196
0.000766074
0
0
0
1685647694.43451
msg_begin
7.75668e+06
-363662
0.33776
0.0514747
0.0225983
0.00126745
0
0
0
1685647694.48454
msg_begin
7.75668e+06
-363661
0.327821
4.28408e-08
1.74623e-10
1.38778e-15
0
0
0
1685647694.53448
msg_begin
7.75668e+06
-363661
0.324316
0.011713
0.0110851
0.000162134
0
0
0
1685647694.58444
msg_begin
7.75669e+06
-363661
0.322397
9.31323e-09
3.72529e-09
4.996e-16
0
0
0
1685647694.63444
msg_begin
7.75669e+06
-363661
0.313957
5.7742e-08
1.45519e-09
1.9984e-15
0
0
0
1685647694.68443
msg_begin
7.75669e+06
-363661
0.30491
9.31323e-10
3.20142e-09
6.10623e-16
0
0
0
1685647694.73449
msg_begin
7.75669e+06
-363660
0.300366
0.00614779
0.00391697
0.000397007
0
0
0
1685647694.78447
msg_begin
7.75669e+06
-363660
0.296209
6.98492e-08
1.28057e-09
6.66134e-16
0
0
0
1685647694.83447
msg_begin
7.75669e+06
-363660
0.295045
0.0682179
0.026909
0.0020297
0
0
0
1685647694.88453
msg_begin
7.75669e+06
-363660
0.292446
0.00131344
2.0899e-05
0.00035091
0
0
0
1685647694.93451
msg_begin
7.75669e+06
-363660
0.288859
0.000211318
0.000188237
0.000173133
0
0
0
1685647694.98451
msg_begin
7.75669e+06
-363660
0.285396
2.98023e-08
2.15368e-09
7.77156e-16
0
0
0
1685647695.03451
msg_begin
7.75669e+06
-363659
0.275751
0.00497554
0.00334507
0.00113717
0
0
0
1685647695.08449
msg_begin
7.75669e+06
-363659
0.269071
0.0105021
0.00412132
0.000470609
0
0
0
1685647695.13442
msg_begin
7.75669e+06
-363659
0.262869
0.00160353
0.000936158
2.03869e-05
0
0
0
1685647695.18442
msg_begin
7.75669e+06
-363659
0.253647
7.17118e-08
2.38651e-09
1.11022e-16
0
0
0
1685647695.23442
msg_begin
7.75669e+06
-363659
0.251788
0.0012438
0.000891144
4.6995e-05
0
0
0
1685647695.28460
msg_begin
7.75669e+06
-363659
0.250396
0.0250431
0.00842622
0.00185107
0
0
0
1685647695.33439
msg_begin
7.75669e+06
-363658
0.244688
5.68107e-08
1.74623e-10
1.80411e-15
0
0
0
1685647695.38443
msg_begin
7.75669e+06
-363658
0.23834
0.0353223
0.00741131
0.000933998
0
0
0
1685647695.43449
msg_begin
7.75669e+06
-363658
0.234991
0.010892
0.00523823
0.000892063
0
0
0
1685647695.48452
msg_begin
7.7567e+06
-363658
0.228239
0.0257361
0.00609048
0.00429891
0
0
0
1685647695.53459
msg_begin
7.7567e+06
-363658
0.230965
0.00738755
0.00228042
0.000463397
0
0
0
1685647695.58460
msg_begin
7.7567e+06
-363658
0.234111
0.0245817
0.00711967
0.00105424
0
0
0
1685647695.63466
msg_begin
7.7567e+06
-363657
0.223796
1.76951e-08
8.73115e-10
1.97065e-15
0
0
0
1685647695.68468
msg_begin
7.7567e+06
-363657
0.214134
0.00681571
0.00326265
0.000980207
0
0
0
1685647695.73481
msg_begin
7.7567e+06
-363657
0.21219
0.104013
0.0148191
0.0010506
0
0
0
1685647695.78474
msg_begin
7.7567e+06
-363657
0.204174
0.0112228
0.00168628
0.000170084
0
0
0
1685647695.83478
msg_begin
7.7567e+06
-363657
0.198936
0.00422986
0.0013318
9.82431e-05
0
0
0
1685647695.88483
msg_begin
7.7567e+06
-363657
0.195554
0.0174621
0.0076323
0.00278887
0
0
0
1685647695.93485
msg_begin
7.7567e+06
-363657
0.192544
0.00780231
0.00209395
0.000367814
0
0
0
1685647695.98489
msg_begin
7.7567e+06
-363657
0.184327
0.0330549
0.00791609
0.000908041
0
0
0
1685647696.03493
msg_begin
7.7567e+06
-363656
0.181579
0.00726915
0.00154022
0.00133042
0
0
0
1685647696.08494
msg_begin
7.7567e+06
-363656
0.172768
6.89179e-08
3.66708e-09
1.55431e-15
0
0
0
1685647696.13497
msg_begin
7.7567e+06
-363656
0.167824
0.000345702
0.00143981
0.000102972
0
0
0
1685647696.18502
msg_begin
7.7567e+06
-363656
0.161296
7.45058e-08
7.567e-10
2.77556e-17
0
0
0
1685647696.23501
msg_begin
7.7567e+06
-363656
0.155304
8.84756e-08
2.2701e-09
2.19269e-15
0
0
0
1685647696.28501
msg_begin
7.7567e+06
-363656
0.153505
5.58794e-09
3.49246e-10
6.10623e-16
0
0
0
1685647696.33519
msg_begin
7.75671e+06
-363656
0.149895
0.0182247
0.00471943
0.000417828
0
0
0
1685647696.38504
msg_begin
7.75671e+06
-363656
0.136524
0.00226708
0.000339015
2.07328e-05
0
0
0
1685647696.43509
msg_begin
7.75671e+06
-363656
0.13368
0.00262001
0.00035772
0.000133809
0
0
0
1685647696.48513
msg_begin
7.75671e+06
-363655
0.12192
0.00368321
0.000930172
0.001023
0
0
0
1685647696.53512
msg_begin
7.75671e+06
-363655
0.120837
0.00220059
0.00112802
0.000362242
0
0
0
1685647696.58517
msg_begin
7.75671e+06
-363655
0.119276
0.017469
0.00132841
8.46003e-05
0
0
0
1685647696.63518
msg_begin
7.75671e+06
-363655
0.10918
1.30385e-08
6.40284e-10
3.05311e-16
0
0
0
1685647696.68522
msg_begin
7.75671e+06
-363655
0.105187
1.02445e-08
2.21189e-09
9.71445e-17
0
0
0
1685647696.73522
msg_begin
7.75671e+06
-363655
0.0993591
0.00252658
0.000517582
0.000265265
0
0
0
1685647696.78526
msg_begin
7.75671e+06
-363655
0.0945245
0.017664
0.00755332
0.000636311
0
0
0
1685647696.83524
msg_begin
7.75671e+06
-363655
0.0912202
8.19564e-08
5.82077e-10
9.71445e-17
0
0
0
1685647696.88530
msg_begin
7.75671e+06
-363655
0.0806009
3.91155e-08
1.33878e-09
4.16334e-17
0
0
0
1685647696.93529
msg_begin
7.75671e+06
-363655
0.0702668
0.000875078
0.00050865
0.000220353
0
0
0
1685647696.98531
msg_begin
7.75671e+06
-363655
0.0653723
4.84288e-08
4.65661e-10
6.10623e-16
0
0
0
1685647697.03532
msg_begin
7.75671e+06
-363655
0.0644369
0.0254582
0.00233957
0.000294389
0
0
0
1685647697.08538
msg_begin
7.75671e+06
-363655
0.0590918
5.58794e-08
2.91038e-10
2.22045e-16
0
0
0
1685647697.13541
msg_begin
7.75671e+06
-363654
0.0489078
0.0448035
0.00638866
0.000824089
0
0
0
1685647697.18546
msg_begin
7.75671e+06
-363654
0.0393567
0.004099
0.000620722
1.59218e-05
0
0
0
1685647697.23548
msg_begin
7.75672e+06
-363654
0.0370238
1.49012e-08
2.61934e-09
8.32667e-17
0
0
0
1685647697.28565
msg_begin
7.75672e+06
-363654
0.0368604
0.0194555
0.00289377
0.000389712
0
0
0
1685647697.33559
msg_begin
7.75672e+06
-363654
0.0313401
4.65661e-09
4.07454e-10
1.38778e-17
0
0
0
1685647697.38561
msg_begin
7.75672e+06
-363654
0.0265728
0.00841947
0.00126965
0.000579859
0
0
0
1685647697.43560
msg_begin
7.75672e+06
-363654
0.0209695
0.00660203
0.00171723
0.000249553
0
0
0
1685647697.48568
msg_begin
7.75672e+06
-363654
0.0147115
5.58794e-08
2.61934e-09
2.01228e-16
0
0
0
1685647697.53564
msg_begin
7.75672e+06
-363654
0.00330895
0.0345064
0.00873782
0.0033278
0
0
0
1685647697.58567
msg_begin
7.75672e+06
-363654
3.69321e-06
0.0217017
0.0137536
0.00249031
0
0
0
1685647697.63563
msg_begin
7.75672e+06
-363654
-0.00150658
0.0517924
0.0120776
0.00179285
0
0
0
1685647697.68565
msg_begin
7.75672e+06
-363654
-0.00872135
0.0234552
0.0107213
0.00149106
0
0
0
1685647697.73573
msg_begin
7.75672e+06
-363654
-0.013358
0.0535587
0.0010017
0.00196231
0
0
0
1685647697.78562
msg_begin
7.75672e+06
-363654
-0.0161048
0.0118242
0.00227516
0.000354386
0
0
0
1685647697.83559
msg_begin
7.75672e+06
-363654
-0.026374
0.0211759
0.0050947
0.00396425
0
0
0
1685647697.93554
msg_begin
7.75672e+06
-363654
-0.0308481
0.00455563
0.0032582
0.000662116
0
0
0
1685647697.98555
msg_begin
7.75672e+06
-363654
-0.0344987
0.00061181
0.000157748
0.000149009
0
0
0
1685647698.03549
msg_begin
7.75672e+06
-363654
-0.0395123
8.3819e-09
3.49246e-10
4.23273e-16
0
0
0
1685647698.08545
msg_begin
7.75673e+06
-363654
-0.0395399
0.0123565
0.00342064
0.000919486
0
0
0
1685647698.13542
msg_begin
7.75673e+06
-363654
-0.049006
0.00368783
0.00179171
0.000314801
0
0
0
1685647698.18540
msg_begin
7.75673e+06
-363654
-0.0542403
0.0767723
0.00255839
0.0025825
0
0
0
1685647698.23536
msg_begin
7.75673e+06
-363654
-0.0540883
0.0910965
0.0112417
0.00050789
0
0
0
1685647698.28559
msg_begin
7.75673e+06
-363654
-0.057538
0.00050747
0.000605692
9.87935e-05
0
0
0
1685647698.33530
msg_begin
7.75673e+06
-363654
-0.0592128
0.000614762
0.000119439
3.36208e-05
0
0
0
1685647698.38526
msg_begin
7.75673e+06
-363654
-0.0634218
6.23986e-08
9.31323e-10
1.11022e-16
0
0
0
1685647698.43527
msg_begin
7.75673e+06
-363654
-0.0662697
0.00963267
0.00681367
0.00103352
0
0
0
1685647698.48521
msg_begin
7.75673e+06
-363654
-0.0665617
0.000231407
0.00261879
0.000148047
0
0
0
1685647698.53521
msg_begin
7.75673e+06
-363654
-0.0682753
0.000116622
0.000792835
2.49655e-05
0
0
0
1685647698.58516
msg_begin
7.75673e+06
-363654
-0.0681852
0.00425478
0.00903814
0.000321989
0
0
0
1685647698.63514
msg_begin
7.75673e+06
-363654
-0.0739744
0.00933203
0.00379945
0.000462387
0
0
0
1685647698.68509
msg_begin
7.75673e+06
-363654
-0.0786679
0.0386624
0.00242678
0.000623752
0
0
0
1685647698.73520
msg_begin
7.75673e+06
-363654
-0.0828896
0.0104416
0.000204661
0.00035025
0
0
0
1685647698.78508
msg_begin
7.75673e+06
-363655
-0.0917751
5.58794e-09
0
3.19189e-16
0
0
0
1685647698.83505
msg_begin
7.75673e+06
-363655
-0.0888662
5.96046e-08
2.21189e-09
6.93889e-17
0
0
0
1685647698.88505
msg_begin
7.75673e+06
-363655
-0.092361
0.00670345
0.00675169
0.00034614
0
0
0
1685647698.93506
msg_begin
7.75673e+06
-363655
-0.0997733
0.0803655
0.00754864
0.00174517
0
0
0
1685647698.98504
msg_begin
7.75674e+06
-363655
-0.0961995
0.00100415
0.000741877
0.000170605
0
0
0
1685647699.03502
msg_begin
7.75674e+06
-363655
-0.0986076
0.0130538
0.00191673
0.000547165
0
0
0
1685647699.08501
msg_begin
7.75674e+06
-363655
-0.102072
0.0411278
0.00467191
0.0009027
0
0
0
1685647699.13502
msg_begin
7.75674e+06
-363655
-0.103589
0.0497234
0.0103439
0.000599338
0
0
0
1685647699.18502
msg_begin
7.75674e+06
-363655
-0.104135
0.0454507
0.0022393
0.00127833
0
0
0
1685647699.24574
msg_begin
7.75674e+06
-363655
-0.105309
0.0236514
0.0060466
0.000594104
0
0
0
1685647699.28511
msg_begin
7.75674e+06
-363655
-0.107253
1.58325e-08
3.08501e-09
2.35922e-16
0
0
0
1685647699.33503
msg_begin
7.75674e+06
-363655
-0.110704
6.33299e-08
5.23869e-10
2.498e-16
0
0
0
1685647699.38495
msg_begin
7.75674e+06
-363655
-0.112211
0.00604527
0.00125811
0.000444093
0
0
0
1685647699.43494
msg_begin
7.75674e+06
-363655
-0.117414
0.00506852
0.00226962
0.000417081
0
0
0
1685647699.48490
msg_begin
7.75674e+06
-363655
-0.117093
0.00194685
0.00339697
0.00042054
0
0
0
1685647699.53489
msg_begin
7.75674e+06
-363655
-0.117514
0.000770419
0.000436468
6.98214e-05
0
0
0
1685647699.58490
msg_begin
7.75674e+06
-363655
-0.119174
0.00853751
0.00396085
0.000267334
0
0
0
1685647699.63488
msg_begin
7.75674e+06
-363655
-0.122638
0.0113819
0.000668285
9.52053e-05
0
0
0
1685647699.68489
msg_begin
7.75674e+06
-363655
-0.12559
0.000424234
8.80464e-05
3.01087e-06
0
0
0
1685647699.73504
msg_begin
7.75674e+06
-363655
-0.128257
0.00427426
0.000798982
0.000208181
0
0
0
1685647699.78488
msg_begin
7.75674e+06
-363655
-0.128557
0.022535
0.0024658
0.000588309
0
0
0
1685647699.83486
msg_begin
7.75674e+06
-363656
-0.129652
5.58794e-09
1.28057e-09
7.21645e-16
0
0
0
1685647699.88486
msg_begin
7.75675e+06
-363656
-0.133263
0.00533042
0.00940094
0.00116908
0
0
0
1685647699.93493
msg_begin
7.75675e+06
-363656
-0.135441
1.02445e-08
3.55067e-09
1.19349e-15
0
0
0
1685647699.98490
msg_begin
7.75675e+06
-363656
-0.138536
0.0368022
0.00915536
0.000184584
0
0
0
1685647700.03494
msg_begin
7.75675e+06
-363656
-0.141169
0.00570552
0.000914989
0.000185404
0
0
0
1685647700.08495
msg_begin
7.75675e+06
-363656
-0.143746
0.00675582
3.95143e-05
0.000165454
0
0
0
1685647700.13498
msg_begin
7.75675e+06
-363656
-0.146012
4.37722e-08
1.10595e-09
5.82867e-16
0
0
0
1685647700.18500
msg_begin
7.75675e+06
-363656
-0.144091
0.00426553
0.00201625
0.000397402
0
0
0
1685647700.23498
msg_begin
7.75675e+06
-363656
-0.147463
0.0173263
0.00225691
0.000396839
0
0
0
1685647700.28504
msg_begin
7.75675e+06
-363656
-0.147477
0.00559813
0.000455546
0.00115546
0
0
0
1685647700.33492
msg_begin
7.75675e+06
-363656
-0.147113
0.0193166
0.00517075
0.0010055
0
0
0
1685647700.38487
msg_begin
7.75675e+06
-363656
-0.146988
0.0012524
0.000453793
4.33852e-05
0
0
0
1685647700.43487
msg_begin
7.75675e+06
-363656
-0.147208
3.1665e-08
9.31323e-10
8.32667e-17
0
0
0
1685647700.48477
msg_begin
7.75675e+06
-363656
-0.148479
0.0624004
0.00925846
0.000479699
0
0
0
1685647700.53471
msg_begin
7.75675e+06
-363656
-0.148361
0.0113454
0.00206919
0.000365003
0
0
0
1685647700.58471
msg_begin
7.75675e+06
-363657
-0.146435
5.86733e-08
3.20142e-09
2.77556e-17
0
0
0
1685647700.63458
msg_begin
7.75675e+06
-363657
-0.147658
5.58794e-08
2.67755e-09
3.33067e-16
0
0
0
1685647700.68512
msg_begin
7.75675e+06
-363657
-0.148425
0.00402448
0.00308171
2.92708e-05
0
0
0
1685647700.73458
msg_begin
7.75676e+06
-363657
-0.150746
0.00719693
0.00484464
0.000335941
0
0
0
1685647700.78447
msg_begin
7.75676e+06
-363657
-0.149384
0.00273873
0.00210983
0.00127445
0
0
0
1685647700.83441
msg_begin
7.75676e+06
-363657
-0.148889
0.00529705
0.00169026
0.000282026
0
0
0
1685647700.88442
msg_begin
7.75676e+06
-363657
-0.148044
9.22009e-08
3.60887e-09
5.55112e-16
0
0
0
1685647700.93445
msg_begin
7.75676e+06
-363657
-0.146899
6.61239e-08
2.50293e-09
2.498e-16
0
0
0
1685647700.98445
msg_begin
7.75676e+06
-363657
-0.148398
7.82311e-08
3.89991e-09
1.94289e-16
0
0
0
1685647701.03455
msg_begin
7.75676e+06
-363657
-0.150806
0.0107305
0.00234293
0.000306867
0
0
0
1685647701.08457
msg_begin
7.75676e+06
-363657
-0.153627
0.0173642
0.00304857
0.000565243
0
0
0
1685647701.13471
msg_begin
7.75676e+06
-363657
-0.153717
8.56817e-08
6.98492e-10
8.32667e-17
0
0
0
1685647701.18482
msg_begin
7.75676e+06
-363657
-0.153932
0.00360132
0.00190688
0.000360836
0
0
0
1685647701.23494
msg_begin
7.75676e+06
-363657
-0.158919
1.39698e-08
3.31784e-09
1.02696e-15
0
0
0
1685647701.28502
msg_begin
7.75676e+06
-363657
-0.15638
0.00748909
0.00306814
0.000466779
0
0
0
1685647701.33511
msg_begin
7.75676e+06
-363658
-0.154972
0.0192093
0.0046521
0.000959529
0
0
0
1685647701.38521
msg_begin
7.75676e+06
-363658
-0.155172
0.00858213
0.00441632
0.00103216
0
0
0
1685647701.43521
msg_begin
7.75676e+06
-363658
-0.151624
0.00359215
0.00357628
0.000589533
0
0
0
1685647701.48524
msg_begin
7.75676e+06
-363658
-0.15007
0.0113068
0.00241742
0.000380733
0
0
0
1685647701.53528
msg_begin
7.75676e+06
-363658
-0.151408
2.14204e-08
2.91038e-10
1.77636e-15
0
0
0
1685647701.58533
msg_begin
7.75677e+06
-363658
-0.14969
0.00536958
0.000579685
4.82184e-05
0
0
0
1685647701.63537
msg_begin
7.75677e+06
-363658
-0.150249
0.0480999
0.00138141
0.000529739
0
0
0
1685647701.68541
msg_begin
7.75677e+06
-363658
-0.149535
3.72529e-08
4.19095e-09
6.10623e-16
0
0
0
1685647701.73615
msg_begin
7.75677e+06
-363658
-0.149548
0.00259547
0.00276704
0.000451992
0
0
0
1685647701.78555
msg_begin
7.75677e+06
-363658
-0.150579
0.0162148
0.0014279
0.00030638
0
0
0
1685647701.83559
msg_begin
7.75677e+06
-363658
-0.148206
0.00233894
9.81051e-05
0.000171889
0
0
0
1685647701.88568
msg_begin
7.75677e+06
-363658
-0.14719
0.00407538
0.00463569
0.000773648
0
0
0
1685647701.93572
msg_begin
7.75677e+06
-363658
-0.142802
0.00108664
0.000662377
0.000208309
0
0
0
1685647701.98576
msg_begin
7.75677e+06
-363658
-0.146531
0.00547494
0.0120436
0.00131073
0
0
0
1685647702.03584
msg_begin
7.75677e+06
-363659
-0.145293
0.00675042
0.0030364
0.0006162
0
0
0
1685647702.08583
msg_begin
7.75677e+06
-363659
-0.144466
0.0147674
0.00111117
0.000333659
0
0
0
1685647702.13592
msg_begin
7.75677e+06
-363659
-0.14534
0.078784
0.0138454
0.000395042
0
0
0
1685647702.18583
msg_begin
7.75677e+06
-363659
-0.14912
0.0329211
0.00494823
0.000940448
0
0
0
1685647702.23578
msg_begin
7.75677e+06
-363659
-0.145782
0.00675155
0.0026653
0.00094374
0
0
0
1685647702.28633
msg_begin
7.75677e+06
-363659
-0.146736
7.82311e-08
1.04774e-09
1.60982e-15
0
0
0
1685647702.33577
msg_begin
7.75677e+06
-363659
-0.147862
0.0114578
0.000866551
0.000441874
0
0
0
1685647702.38580
msg_begin
7.75677e+06
-363659
-0.147437
0.00932347
0.00263048
0.000302202
0
0
0
1685647702.43571
msg_begin
7.75677e+06
-363659
-0.142934
0.0141763
0.00265066
0.000732456
0
0
0
1685647702.48571
msg_begin
7.75678e+06
-363659
-0.140523
0.0294486
0.00507193
0.000646434
0
0
0
1685647702.53575
msg_begin
7.75678e+06
-363659
-0.144162
2.51457e-08
9.31323e-10
8.88178e-16
0
0
0
1685647702.58630
msg_begin
7.75678e+06
-363659
-0.144332
0.00913337
0.00349571
0.000915576
0
0
0
1685647702.63580
msg_begin
7.75678e+06
-363659
-0.143776
0.105442
0.0166136
0.000517668
0
0
0
1685647702.73589
msg_begin
7.75678e+06
-363660
-0.142662
0.00198939
0.00200273
0.000419346
0
0
0
1685647702.78603
msg_begin
7.75678e+06
-363660
-0.141857
0.102
0.0226168
0.000761906
0
0
0
1685647702.83593
msg_begin
7.75678e+06
-363660
-0.143741
6.51926e-08
2.15368e-09
1.36002e-15
0
0
0
1685647702.93873
msg_begin
7.75678e+06
-363660
-0.142336
0.0409461
0.0129395
0.00143571
0
0
0
1685647702.98641
msg_begin
7.75678e+06
-363660
-0.140659
0.008766
0.00382708
0.000251167
0
0
0
1685647703.03595
msg_begin
7.75678e+06
-363660
-0.138251
0.0179108
0.00582565
0.000830308
0
0
0
1685647703.08595
msg_begin
7.75678e+06
-363660
-0.136478
0.000529752
0.000455964
1.04757e-05
0
0
0
1685647703.13604
msg_begin
7.75678e+06
-363660
-0.137852
0.00915725
0.00542718
0.00264042
0
0
0
1685647703.18610
msg_begin
7.75678e+06
-363660
-0.137131
0.0241944
0.00301685
0.000323529
0
0
0
1685647703.23598
msg_begin
7.75678e+06
-363660
-0.139618
0.0217547
0.0065406
0.00103743
0
0
0
1685647703.28614
msg_begin
7.75678e+06
-363660
-0.142259
6.0536e-08
4.65661e-10
4.16334e-16
0
0
0
1685647703.33605
msg_begin
7.75678e+06
-363660
-0.140931
0.0150951
0.00189902
0.00015079
0
0
0
1685647703.38602
msg_begin
7.75679e+06
-363661
-0.140294
3.1665e-08
4.65661e-10
1.11022e-16
0
0
0
1685647703.43608
msg_begin
7.75679e+06
-363661
-0.139956
0.00623265
0.00190679
0.000235893
0
0
0
1685647703.48604
msg_begin
7.75679e+06
-363661
-0.136281
7.54371e-08
1.45519e-09
5.27356e-16
0
0
0
1685647703.53605
msg_begin
7.75679e+06
-363661
-0.136676
0.0127165
0.00331641
0.00047211
0
0
0
1685647703.58603
msg_begin
7.75679e+06
-363661
-0.138624
0.00656185
0.000319438
0.000208976
0
0
0
1685647703.63599
msg_begin
7.75679e+06
-363661
-0.139683
0.000755745
0.000852866
4.90402e-05
0
0
0
1685647703.68598
msg_begin
7.75679e+06
-363661
-0.140027
0.00418738
0.000962499
0.000181202
0
0
0
1685647703.73597
msg_begin
7.75679e+06
-363661
-0.141797
0.00224701
0.000751362
0.0001254
0
0
0
1685647703.78586
msg_begin
7.75679e+06
-363661
-0.144808
4.84288e-08
2.85218e-09
1.249e-15
0
0
0
1685647703.83579
msg_begin
7.75679e+06
-363661
-0.149011
0.000645057
0.000851696
0.000150155
0
0
0
1685647703.88579
msg_begin
7.75679e+06
-363661
-0.148398
0.00917596
0.00164185
0.000494589
0
0
0
1685647703.93580
msg_begin
7.75679e+06
-363661
-0.151741
0.0028952
0.000943643
3.75246e-05
0
0
0
1685647703.98578
msg_begin
7.75679e+06
-363661
-0.147705
0.00899812
0.00681457
0.00033637
0
0
0
1685647704.03580
msg_begin
7.75679e+06
-363661
-0.146982
0.00383747
0.000664401
0.000704667
0
0
0
1685647704.08572
msg_begin
7.75679e+06
-363661
-0.147571
0.0265318
0.00386302
0.000705689
0
0
0
1685647704.13574
msg_begin
7.75679e+06
-363662
-0.14832
0.0360466
0.00367623
0.000634324
0
0
0
1685647704.18569
msg_begin
7.75679e+06
-363662
-0.146904
0.0278098
0.00127384
0.000692497
0
0
0
1685647704.23569
msg_begin
7.7568e+06
-363662
-0.146624
0.0375173
0.00184718
0.000687619
0
0
0
1685647704.28636
msg_begin
7.7568e+06
-363662
-0.146481
0.0041639
0.00184971
0.000283938
0
0
0
1685647704.33559
msg_begin
7.7568e+06
-363662
-0.14371
4.65661e-09
4.07454e-10
4.996e-16
0
0
0
1685647704.38583
msg_begin
7.7568e+06
-363662
-0.143172
0.000584179
0.00197982
7.83293e-05
0
0
0
1685647704.43557
msg_begin
7.7568e+06
-363662
-0.144255
0.000922225
0.000266996
0.000115573
0
0
0
1685647704.48551
msg_begin
7.7568e+06
-363662
-0.145724
7.72998e-08
1.5134e-09
6.93889e-16
0
0
0
1685647704.53559
msg_begin
7.7568e+06
-363662
-0.146138
0.0059452
0.00208247
0.000183288
0
0
0
1685647704.58611
msg_begin
7.7568e+06
-363662
-0.147795
0.0225981
0.00750599
0.00120793
0
0
0
1685647704.63551
msg_begin
7.7568e+06
-363662
-0.146362
6.0536e-08
9.8953e-10
6.38378e-16
0
0
0
1685647704.68557
msg_begin
7.7568e+06
-363662
-0.146306
0.0100301
0.00458642
0.000504292
0
0
0
1685647704.73554
msg_begin
7.7568e+06
-363662
-0.144659
0.00335122
0.000774001
0.000103406
0
0
0
1685647704.78564
msg_begin
7.7568e+06
-363662
-0.146062
4.65661e-09
1.74623e-10
2.77556e-17
0
0
0
1685647704.83558
msg_begin
7.7568e+06
-363663
-0.143707
4.65661e-09
3.72529e-09
3.88578e-16
0
0
0
1685647704.88559
msg_begin
7.7568e+06
-363663
-0.14304
0.0116996
0.00355031
0.000988169
0
0
0
1685647704.93583
msg_begin
7.7568e+06
-363663
-0.142782
0.00441996
0.00655151
0.000557307
0
0
0
1685647704.98613
msg_begin
7.7568e+06
-363663
-0.14191
3.72529e-09
2.79397e-09
1.36002e-15
0
0
0
1685647705.03567
msg_begin
7.75681e+06
-363663
-0.145273
2.42144e-08
7.567e-10
7.21645e-16
0
0
0
1685647705.08557
msg_begin
7.75681e+06
-363663
-0.143188
0.0193954
0.00662514
0.00144084
0
0
0
1685647705.13550
msg_begin
7.75681e+06
-363663
-0.145367
1.39698e-08
2.96859e-09
1.27676e-15
0
0
0
1685647705.18551
msg_begin
7.75681e+06
-363663
-0.147798
0.00701016
0.002318
0.000252235
0
0
0
1685647705.23550
msg_begin
7.75681e+06
-363663
-0.147539
9.40636e-08
1.39698e-09
2.02616e-15
0
0
0
1685647705.28582
msg_begin
7.75681e+06
-363663
-0.148004
0.0516183
0.0140507
0.00111442
0
0
0
1685647705.33548
msg_begin
7.75681e+06
-363663
-0.146901
0.0225789
0.00687117
0.000580052
0
0
0
1685647705.38539
msg_begin
7.75681e+06
-363663
-0.147832
0.00451432
0.000181255
1.35019e-05
0
0
0
1685647705.43872
msg_begin
7.75681e+06
-363663
-0.148436
7.45058e-09
2.32831e-10
3.88578e-16
0
0
0
1685647705.48539
msg_begin
7.75681e+06
-363664
-0.150428
0.00103674
0.00418359
4.62015e-05
0
0
0
1685647705.53560
msg_begin
7.75681e+06
-363664
-0.149488
8.57187e-05
0.000361339
6.79699e-06
0
0
0
1685647705.58542
msg_begin
7.75681e+06
-363664
-0.148044
8.00937e-08
8.14907e-10
8.04912e-16
0
0
0
1685647705.63552
msg_begin
7.75681e+06
-363664
-0.146815
0.0120059
0.00240034
0.000554338
0
0
0
1685647705.68549
msg_begin
7.75681e+06
-363664
-0.147292
0.0346817
0.00750351
0.00242738
0
0
0
1685647705.73555
msg_begin
7.75681e+06
-363664
-0.145203
0.0071511
0.00419859
0.000407098
0
0
0
1685647705.78542
msg_begin
7.75681e+06
-363664
-0.145158
0.00283443
0.00019334
0.000326329
0
0
0
1685647705.83537
msg_begin
7.75681e+06
-363664
-0.147445
0.0178043
0.00408135
0.00209549
0
0
0
1685647705.88537
msg_begin
7.75681e+06
-363664
-0.147678
1.58325e-08
1.10595e-09
9.15934e-16
0
0
0
1685647705.93536
msg_begin
7.75682e+06
-363664
-0.144906
0.00445343
0.000284682
2.31916e-05
0
0
0
1685647705.98533
msg_begin
7.75682e+06
-363664
-0.144152
0.0061236
0.00760073
0.000446014
0
0
0
1685647706.03532
msg_begin
7.75682e+06
-363664
-0.147056
4.65661e-09
1.74623e-09
1.11022e-16
0
0
0
1685647706.08526
msg_begin
7.75682e+06
-363664
-0.150568
0.00732075
0.000850295
8.98985e-05
0
0
0
1685647706.13525
msg_begin
7.75682e+06
-363664
-0.149024
6.98492e-08
6.98492e-10
8.32667e-17
0
0
0
1685647706.18518
msg_begin
7.75682e+06
-363664
-0.149449
0.00250211
0.00372507
0.000294424
0
0
0
1685647706.23538
msg_begin
7.75682e+06
-363665
-0.150338
0.00134495
0.00148356
0.000298835
0
0
0
1685647706.28513
msg_begin
7.75682e+06
-363665
-0.152527
0.0447131
0.00561866
0.000511538
0
0
0
1685647706.33805
msg_begin
7.75682e+06
-363665
-0.152024
0.0124956
0.00162174
0.000938885
0
0
0
1685647706.38513
msg_begin
7.75682e+06
-363665
-0.152848
0.0249893
0.00302707
0.000770725
0
0
0
1685647706.43519
msg_begin
7.75682e+06
-363665
-0.155972
0.00570402
0.000263597
0.000109113
0
0
0
1685647706.48514
msg_begin
7.75682e+06
-363665
-0.157983
0.00708642
0.00656227
0.000531325
0
0
0
1685647706.53513
msg_begin
7.75682e+06
-363665
-0.157819
0.0034805
0.00193314
0.000199907
0
0
0
1685647706.58616
msg_begin
7.75682e+06
-363665
-0.15774
0.00302694
0.000156405
0.00031431
0
0
0
1685647706.63517
msg_begin
7.75682e+06
-363665
-0.156062
5.86733e-08
5.23869e-10
1.05471e-15
0
0
0
1685647706.68514
msg_begin
7.75682e+06
-363665
-0.156411
0.066012
0.00795225
0.000688175
0
0
0
1685647706.73511
msg_begin
7.75682e+06
-363665
-0.15407
0.0170957
0.00352896
0.000290491
0
0
0
1685647706.78513
msg_begin
7.75683e+06
-363665
-0.155139
0.104744
0.00875967
0.00303058
0
0
0
1685647706.83500
msg_begin
7.75683e+06
-363665
-0.153098
0.00397528
0.000674174
0.000582495
0
0
0
1685647706.88490
msg_begin
7.75683e+06
-363666
-0.152825
0.00857407
0.00587606
0.000803121
0
0
0
1685647706.93487
msg_begin
7.75683e+06
-363666
-0.154562
6.0536e-08
3.0268e-09
4.16334e-16
0
0
0
1685647706.98550
msg_begin
7.75683e+06
-363666
-0.1555
0.000835185
0.00174746
0.000156011
0
0
0
1685647707.03477
msg_begin
7.75683e+06
-363666
-0.154671
0.0394619
0.00461536
0.000246691
0
0
0
1685647707.08466
msg_begin
7.75683e+06
-363666
-0.152184
0.0607696
0.00783209
0.000378806
0
0
0
1685647707.13462
msg_begin
7.75683e+06
-363666
-0.15262
0.0584544
0.0103014
0.00235914
0
0
0
1685647707.18463
msg_begin
7.75683e+06
-363666
-0.151801
5.58794e-09
5.82077e-11
2.22045e-16
0
0
0
1685647707.23460
msg_begin
7.75683e+06
-363666
-0.153755
1.02445e-08
3.37604e-09
1.16573e-15
0
0
0
1685647707.28472
msg_begin
7.75683e+06
-363666
-0.1529
0.106455
0.0149257
0.000921118
0
0
0
1685647707.33466
msg_begin
7.75683e+06
-363666
-0.155815
0.0207328
0.00216014
0.000192297
0
0
0
1685647707.38464
msg_begin
7.75683e+06
-363666
-0.157893
0.00253188
0.000833844
7.67971e-05
0
0
0
1685647707.43473
msg_begin
7.75683e+06
-363666
-0.154279
0.0207232
0.00457722
0.000976982
0
0
0
1685647707.48477
msg_begin
7.75683e+06
-363667
-0.156138
0.000650028
0.00145607
7.54606e-05
0
0
0
1685647707.53485
msg_begin
7.75683e+06
-363667
-0.154513
0.00351685
0.00973223
0.000525621
0
0
0
1685647707.58486
msg_begin
7.75683e+06
-363667
-0.153339
0.0327761
0.00132245
0.00018573
0
0
0
1685647707.63489
msg_begin
7.75684e+06
-363667
-0.152873
4.19095e-08
4.65661e-10
7.77156e-16
0
0
0
1685647707.68490
msg_begin
7.75684e+06
-363667
-0.154017
0.0053796
0.00246017
0.000322767
0
0
0
1685647707.73490
msg_begin
7.75684e+06
-363667
-0.151543
0.000227974
0.00120064
0.000689955
0
0
0
1685647707.78485
msg_begin
7.75684e+06
-363667
-0.147905
0.00696947
0.00511474
0.000535434
0
0
0
1685647707.83486
msg_begin
7.75684e+06
-363667
-0.147911
0.13502
0.0157265
0.00101508
0
0
0
1685647707.88483
msg_begin
7.75684e+06
-363667
-0.146608
0.0300091
0.00307025
0.000136387
0
0
0
1685647707.93473
msg_begin
7.75684e+06
-363667
-0.145907
0.009815
0.0058288
0.000909882
0
0
0
1685647707.98467
msg_begin
7.75684e+06
-363667
-0.143588
0.0177473
0.01241
0.00034987
0
0
0
1685647708.03468
msg_begin
7.75684e+06
-363667
-0.142973
0.00291814
0.000489882
0.000103672
0
0
0
1685647708.08467
msg_begin
7.75684e+06
-363667
-0.14224
0.00475079
0.0125934
0.00041334
0
0
0
1685647708.13468
msg_begin
7.75684e+06
-363667
-0.142765
0.0164577
0.0116132
0.000677968
0
0
0
1685647708.18472
msg_begin
7.75684e+06
-363668
-0.13811
9.31323e-08
5.82077e-11
3.33067e-16
0
0
0
1685647708.23472
msg_begin
7.75684e+06
-363668
-0.135504
0.00297528
0.0130018
0.000748333
0
0
0
1685647708.28510
msg_begin
7.75684e+06
-363668
-0.132699
0.0410503
0.00411387
0.000815423
0
0
0
1685647708.33470
msg_begin
7.75684e+06
-363668
-0.134099
0.00925504
0.00555397
8.77347e-05
0
0
0
1685647708.38482
msg_begin
7.75684e+06
-363668
-0.134336
5.40167e-08
5.23869e-10
1.08247e-15
0
0
0
1685647708.43474
msg_begin
7.75684e+06
-363668
-0.134053
0.00808012
0.0100976
0.00027886
0
0
0
1685647708.48475
msg_begin
7.75685e+06
-363668
-0.13364
0.0166484
0.0115906
0.00119641
0
0
0
1685647708.53478
msg_begin
7.75685e+06
-363668
-0.133917
0.00193744
0.00274546
0.000180943
0
0
0
1685647708.58538
msg_begin
7.75685e+06
-363668
-0.135005
6.79865e-08
8.14907e-10
1.66533e-16
0
0
0
1685647708.63486
msg_begin
7.75685e+06
-363668
-0.131783
5.58794e-08
1.86265e-09
9.71445e-16
0
0
0
1685647708.73487
msg_begin
7.75685e+06
-363668
-0.134634
0.0197512
0.00320204
0.000273298
0
0
0
1685647708.78496
msg_begin
7.75685e+06
-363668
-0.136537
0.00766139
0.00222762
0.000604443
0
0
0
1685647708.83485
msg_begin
7.75685e+06
-363668
-0.137713
0.0162807
0.00489616
0.000617678
0
0
0
1685647708.88484
msg_begin
7.75685e+06
-363668
-0.138353
0.00849972
0.00101592
0.00016756
0
0
0
1685647708.93483
msg_begin
7.75685e+06
-363669
-0.137872
0.00825315
0.0014222
7.77614e-05
0
0
0
1685647708.98558
msg_begin
7.75685e+06
-363669
-0.139739
2.79397e-09
5.82077e-11
6.10623e-16
0
0
0
1685647709.03483
msg_begin
7.75685e+06
-363669
-0.140752
0.00130974
0.00296975
0.000224057
0
0
0
1685647709.08487
msg_begin
7.75685e+06
-363669
-0.139161
0.000347291
3.06454e-05
4.77921e-05
0
0
0
1685647709.13492
msg_begin
7.75685e+06
-363669
-0.140545
0.00710111
0.00163728
0.000394681
0
0
0
1685647709.18487
msg_begin
7.75685e+06
-363669
-0.14174
0.00952186
0.00325088
0.000567112
0
0
0
1685647709.23486
msg_begin
7.75685e+06
-363669
-0.141995
0.00171424
0.00290289
0.000137233
0
0
0
1685647709.28493
msg_begin
7.75685e+06
-363669
-0.143429
0.00532862
0.00262792
0.000456439
0
0
0
1685647709.33504
msg_begin
7.75686e+06
-363669
-0.144905
0.0114713
0.00551315
0.000575711
0
0
0
1685647709.38477
msg_begin
7.75686e+06
-363669
-0.146258
0.00374879
0.00214232
0.000802143
0
0
0
1685647709.43474
msg_begin
7.75686e+06
-363669
-0.142843
0.00972029
3.4539e-05
0.000263592
0
0
0
1685647709.48474
msg_begin
7.75686e+06
-363669
-0.143309
0.00296865
0.010213
0.000252672
0
0
0
1685647709.53529
msg_begin
7.75686e+06
-363669
-0.143805
0.00107491
0.00209613
0.000138799
0
0
0
1685647709.58473
msg_begin
7.75686e+06
-363669
-0.142255
1.86265e-09
2.50293e-09
9.15934e-16
0
0
0
1685647709.63474
msg_begin
7.75686e+06
-363669
-0.144207
0.0154894
0.00469192
0.00040117
0
0
0
1685647709.68477
msg_begin
7.75686e+06
-363670
-0.142354
0.000590136
3.02994e-06
0.000337446
0
0
0
1685647709.73508
msg_begin
7.75686e+06
-363670
-0.144587
0.0112035
0.00590485
0.000889859
0
0
0
1685647709.78477
msg_begin
7.75686e+06
-363670
-0.144311
0.029819
0.00151716
0.000195361
0
0
0
1685647709.83478
msg_begin
7.75686e+06
-363670
-0.138352
8.56817e-08
1.57161e-09
6.38378e-16
0
0
0
1685647709.88482
msg_begin
7.75686e+06
-363670
-0.142691
8.3819e-09
7.567e-10
3.05311e-16
0
0
0
1685647709.93499
msg_begin
7.75686e+06
-363670
-0.142359
0.0656844
0.0153965
0.000595421
0
0
0
1685647709.98488
msg_begin
7.75686e+06
-363670
-0.143148
0.0329188
0.00575806
0.00175037
0
0
0
1685647710.03487
msg_begin
7.75686e+06
-363670
-0.147
0.00572486
0.00271465
0.000246079
0
0
0
1685647710.08485
msg_begin
7.75686e+06
-363670
-0.146283
0.0766187
0.0127712
0.000205336
0
0
0
1685647710.13516
msg_begin
7.75686e+06
-363670
-0.147193
0.186097
0.0221601
0.000528453
0
0
0
1685647710.18486
msg_begin
7.75686e+06
-363670
-0.148202
0.00638913
0.00347042
0.000691223
0
0
0
1685647710.23484
msg_begin
7.75687e+06
-363670
-0.146064
0.0473012
0.0101033
0.0019523
0
0
0
1685647710.28543
msg_begin
7.75687e+06
-363670
-0.143759
0.0289099
0.00838196
0.00125692
0
0
0
1685647710.33479
msg_begin
7.75687e+06
-363670
-0.146089
8.00937e-08
2.38651e-09
3.88578e-16
0
0
0
1685647710.38472
msg_begin
7.75687e+06
-363671
-0.143842
0.00556463
0.00584803
0.000306847
0
0
0
1685647710.43468
msg_begin
7.75687e+06
-363671
-0.143784
0.00960069
0.00790182
0.00034079
0
0
0
1685647710.48462
msg_begin
7.75687e+06
-363671
-0.143172
0.0990828
0.0158548
0.000714025
0
0
0
1685647710.53463
msg_begin
7.75687e+06
-363671
-0.145047
0.00924159
0.00247719
0.000109756
0
0
0
1685647710.58532
msg_begin
7.75687e+06
-363671
-0.145045
0.00906082
0.00201333
0.000133537
0
0
0
1685647710.63471
msg_begin
7.75687e+06
-363671
-0.144811
0.0120989
0.00479095
0.00041315
0
0
0
1685647710.68460
msg_begin
7.75687e+06
-363671
-0.144684
2.51457e-08
1.16415e-10
0
0
0
0
1685647710.73469
msg_begin
7.75687e+06
-363671
-0.14266
0.047015
0.00478089
0.000508406
0
0
0
1685647710.78464
msg_begin
7.75687e+06
-363671
-0.143069
0.0303182
0.00792038
0.00250454
0
0
0
1685647710.83473
msg_begin
7.75687e+06
-363671
-0.13901
0.0101596
0.0109132
0.00135554
0
0
0
1685647710.88478
msg_begin
7.75687e+06
-363671
-0.14052
0.0129538
0.00480501
0.00190607
0
0
0
1685647710.93480
msg_begin
7.75687e+06
-363671
-0.137912
0.0513039
0.0055905
0.00118784
0
0
0
1685647710.98536
msg_begin
7.75687e+06
-363671
-0.138804
0.0794619
0.00172375
0.000475266
0
0
0
1685647711.03482
msg_begin
7.75688e+06
-363671
-0.142775
0.000363865
0.000642814
0.000134788
0
0
0
1685647711.08485
msg_begin
7.75688e+06
-363672
-0.139631
0.0276906
0.00562071
0.000450361
0
0
0
1685647711.13486
msg_begin
7.75688e+06
-363672
-0.140932
0.00108719
1.44423e-05
1.22955e-06
0
0
0
1685647711.18612
msg_begin
7.75688e+06
-363672
-0.140726
0.0127284
0.0098665
0.00044124
0
0
0
1685647711.23494
msg_begin
7.75688e+06
-363672
-0.138267
1.95578e-08
9.31323e-10
2.77556e-16
0
0
0
1685647711.28557
msg_begin
7.75688e+06
-363672
-0.13875
0.0368347
0.00338983
0.000617526
0
0
0
1685647711.33629
msg_begin
7.75688e+06
-363672
-0.13881
0.0299121
0.00888021
0.00088493
0
0
0
1685647711.38492
msg_begin
7.75688e+06
-363672
-0.143813
8.28877e-08
3.60887e-09
7.49401e-16
0
0
0
1685647711.43491
msg_begin
7.75688e+06
-363672
-0.143412
0.0218409
0.00204522
0.000534716
0
0
0
1685647711.48497
msg_begin
7.75688e+06
-363672
-0.140806
9.31323e-08
5.82077e-11
1.11022e-16
0
0
0
1685647711.53499
msg_begin
7.75688e+06
-363672
-0.143589
0.0107648
5.39729e-05
3.75093e-05
0
0
0
1685647711.58500
msg_begin
7.75688e+06
-363672
-0.144201
0.0133048
0.00221655
0.000484301
0
0
0
1685647711.63505
msg_begin
7.75688e+06
-363672
-0.14506
0.0422455
0.00560845
0.000727824
0
0
0
1685647711.68504
msg_begin
7.75688e+06
-363672
-0.147368
0.0214073
0.00343462
0.000209383
0
0
0
1685647711.73515
msg_begin
7.75688e+06
-363672
-0.144461
1.02445e-08
1.74623e-10
9.15934e-16
0
0
0
1685647711.78518
msg_begin
7.75688e+06
-363673
-0.14315
0.000389739
0.000708244
0.000122102
0
0
0
1685647711.83518
msg_begin
7.75689e+06
-363673
-0.144627
0.0075087
0.0031767
0.00103708
0
0
0
1685647711.88522
msg_begin
7.75689e+06
-363673
-0.141674
2.6077e-08
1.80444e-09
6.93889e-16
0
0
0
1685647711.93519
msg_begin
7.75689e+06
-363673
-0.143252
1.86265e-09
2.50293e-09
8.88178e-16
0
0
0
1685647711.98524
msg_begin
7.75689e+06
-363673
-0.142854
0.00421266
0.00191732
0.000480311
0
0
0
1685647712.03524
msg_begin
7.75689e+06
-363673
-0.143616
0.00185314
0.00398822
0.000286697
0
0
0
1685647712.08522
msg_begin
7.75689e+06
-363673
-0.145898
9.31323e-08
7.567e-10
8.04912e-16
0
0
0
1685647712.13589
msg_begin
7.75689e+06
-363673
-0.146469
0.00679934
0.00116458
0.000111737
0
0
0
1685647712.18527
msg_begin
7.75689e+06
-363673
-0.148683
4.84288e-08
2.91038e-09
9.71445e-16
0
0
0
1685647712.23528
msg_begin
7.75689e+06
-363673
-0.151305
0.00368729
0.00493769
0.000294898
0
0
0
1685647712.28612
msg_begin
7.75689e+06
-363673
-0.149306
0.00823436
0.0114458
0.000581796
0
0
0
1685647712.33525
msg_begin
7.75689e+06
-363673
-0.150525
0.0557446
0.012228
0.000795931
0
0
0
1685647712.38527
msg_begin
7.75689e+06
-363673
-0.148169
0.0128008
0.00658033
0.000663587
0
0
0
1685647712.43532
msg_begin
7.75689e+06
-363674
-0.150973
0.0195312
0.00488818
0.000217872
0
0
0
1685647712.48535
msg_begin
7.75689e+06
-363674
-0.149743
0.0194757
0.000782509
0.000753068
0
0
0
1685647712.53525
msg_begin
7.75689e+06
-363674
-0.151847
0.00630416
0.00198572
0.000380567
0
0
0
1685647712.58563
msg_begin
7.75689e+06
-363674
-0.155061
0.0615684
0.0151361
0.000479445
0
0
0
1685647712.63521
msg_begin
7.75689e+06
-363674
-0.159073
1.58325e-08
6.98492e-10
3.05311e-16
0
0
0
1685647712.68521
msg_begin
7.7569e+06
-363674
-0.162076
8.00937e-08
1.16415e-10
1.41553e-15
0
0
0
1685647712.73521
msg_begin
7.7569e+06
-363674
-0.160305
0.0147994
0.00398011
0.0012077
0
0
0
1685647712.78515
msg_begin
7.7569e+06
-363674
-0.160477
0.00690795
0.00452658
0.000896412
0
0
0
1685647712.88510
msg_begin
7.7569e+06
-363674
-0.158945
5.4948e-08
7.567e-10
7.21645e-16
0
0
0
1685647712.93503
msg_begin
7.7569e+06
-363674
-0.159656
0.0668025
0.00532539
0.000243337
0
0
0
1685647712.98539
msg_begin
7.7569e+06
-363675
-0.161396
0.00567963
0.00116099
9.17989e-05
0
0
0
1685647713.03493
msg_begin
7.7569e+06
-363675
-0.161551
0.010217
0.00131801
0.000658617
0
0
0
1685647713.08491
msg_begin
7.7569e+06
-363675
-0.16191
0.00245093
0.00283168
4.31303e-05
0
0
0
1685647713.13483
msg_begin
7.7569e+06
-363675
-0.164421
1.76951e-08
1.97906e-09
7.77156e-16
0
0
0
1685647713.18483
msg_begin
7.7569e+06
-363675
-0.16556
0.0676654
0.00494979
0.000732691
0
0
0
1685647713.23480
msg_begin
7.7569e+06
-363675
-0.16571
2.51457e-08
3.72529e-09
5.55112e-16
0
0
0
1685647713.28481
msg_begin
7.7569e+06
-363675
-0.165316
0.0212554
0.00146718
0.000938847
0
0
0
1685647713.33490
msg_begin
7.7569e+06
-363675
-0.169123
0.0427065
0.00274915
0.000157026
0
0
0
1685647713.38481
msg_begin
7.7569e+06
-363675
-0.168499
0.00494977
0.000450514
0.000104841
0
0
0
1685647713.43480
msg_begin
7.7569e+06
-363675
-0.167706
0.00400669
0.00127169
5.86429e-05
0
0
0
1685647713.48485
msg_begin
7.75691e+06
-363675
-0.171723
5.21541e-08
8.73115e-10
1.16573e-15
0
0
0
1685647713.53491
msg_begin
7.75691e+06
-363675
-0.169169
0.0067968
0.00229999
0.000577526
0
0
0
1685647713.58494
msg_begin
7.75691e+06
-363676
-0.168012
0.0111469
0.00228822
0.000156677
0
0
0
1685647713.63499
msg_begin
7.75691e+06
-363676
-0.1705
0.0270351
0.00239842
0.000670558
0
0
0
1685647713.68503
msg_begin
7.75691e+06
-363676
-0.16966
0.00516287
0.00117735
9.47921e-05
0
0
0
1685647713.73545
msg_begin
7.75691e+06
-363676
-0.169086
0.00876638
0.00497269
0.000279513
0
0
0
1685647713.78510
msg_begin
7.75691e+06
-363676
-0.167678
0.00334296
0.00136626
5.25187e-05
0
0
0
1685647713.83513
msg_begin
7.75691e+06
-363676
-0.165963
0.00378306
0.000839399
9.88336e-05
0
0
0
1685647713.88514
msg_begin
7.75691e+06
-363676
-0.167102
0.00440842
0.00486777
0.000286754
0
0
0
1685647713.93602
msg_begin
7.75691e+06
-363676
-0.167273
8.00937e-08
5.82077e-11
8.32667e-17
0
0
0
1685647713.98522
msg_begin
7.75691e+06
-363676
-0.169656
2.32831e-08
5.82077e-11
1.7486e-15
0
0
0
1685647714.03528
msg_begin
7.75691e+06
-363676
-0.169594
0.00138229
0.000307433
0.000103747
0
0
0
1685647714.08530
msg_begin
7.75691e+06
-363676
-0.169847
0.0313626
0.00710082
0.000847076
0
0
0
1685647714.13584
msg_begin
7.75691e+06
-363677
-0.169821
0.00811849
0.00485109
0.000753488
0
0
0
1685647714.18534
msg_begin
7.75691e+06
-363677
-0.167872
2.98023e-08
4.65661e-10
4.16334e-16
0
0
0
1685647714.23538
msg_begin
7.75691e+06
-363677
-0.16954
0.0626093
0.00348396
0.000638703
0
0
0
1685647714.28622
msg_begin
7.75692e+06
-363677
-0.17343
0.0264107
0.00958681
0.000317117
0
0
0
1685647714.38551
msg_begin
7.75692e+06
-363677
-0.173143
0.0257288
0.0052474
0.00044866
0
0
0
1685647714.43552
msg_begin
7.75692e+06
-363677
-0.171654
0.0302557
0.0136284
0.000889046
0
0
0
1685647714.48551
msg_begin
7.75692e+06
-363677
-0.171491
0.0137238
0.00268286
0.000143855
0
0
0
1685647714.53550
msg_begin
7.75692e+06
-363677
-0.171367
0.00379294
0.00119929
3.18118e-05
0
0
0
1685647714.58551
msg_begin
7.75692e+06
-363677
-0.172225
6.61239e-08
2.91038e-10
7.49401e-16
0
0
0
1685647714.63549
msg_begin
7.75692e+06
-363677
-0.173466
0.0108868
0.00144216
7.95322e-05
0
0
0
1685647714.68551
msg_begin
7.75692e+06
-363678
-0.173878
0.00972121
0.00307
0.000234301
0
0
0
1685647714.73555
msg_begin
7.75692e+06
-363678
-0.17369
0.00725689
0.0013379
0.000142082
0
0
0
1685647714.78553
msg_begin
7.75692e+06
-363678
-0.173497
0.0157169
0.00700812
0.00115029
0
0
0
1685647714.83556
msg_begin
7.75692e+06
-363678
-0.175337
0.00370679
0.000270743
0.000278127
0
0
0
1685647714.88562
msg_begin
7.75692e+06
-363678
-0.174681
0.0039398
0.00189761
0.000217116
0
0
0
1685647714.93618
msg_begin
7.75692e+06
-363678
-0.173336
0.00424459
0.000809941
0.00018074
0
0
0
1685647714.98561
msg_begin
7.75692e+06
-363678
-0.172649
0.00394322
0.00174992
0.000344142
0
0
0
1685647715.03562
msg_begin
7.75692e+06
-363678
-0.171336
0.0110464
0.00124138
0.000661668
0
0
0
1685647715.08561
msg_begin
7.75692e+06
-363678
-0.171307
0.0380258
0.00811594
0.000830388
0
0
0
1685647715.13556
msg_begin
7.75692e+06
-363678
-0.170977
0.0340103
0.0040071
0.00184885
0
0
0
1685647715.18557
msg_begin
7.75693e+06
-363678
-0.175583
7.26432e-08
1.10595e-09
1.33227e-15
0
0
0
1685647715.23551
msg_begin
7.75693e+06
-363678
-0.176879
0.0548591
0.00930357
0.0010014
0
0
0
1685647715.28616
msg_begin
7.75693e+06
-363679
-0.175027
0.00424038
0.000345057
0.000339631
0
0
0
1685647715.33543
msg_begin
7.75693e+06
-363679
-0.174589
0.00675585
0.000792962
0.000909536
0
0
0
1685647715.38537
msg_begin
7.75693e+06
-363679
-0.173318
0.0197674
0.00195127
0.000419538
0
0
0
1685647715.43530
msg_begin
7.75693e+06
-363679
-0.171702
0.00140671
0.000206605
7.85404e-06
0
0
0
1685647715.48520
msg_begin
7.75693e+06
-363679
-0.170476
0.0101034
0.00100633
0.00110537
0
0
0
1685647715.53515
msg_begin
7.75693e+06
-363679
-0.173265
0.00393742
0.00317018
0.000700885
0
0
0
1685647715.58509
msg_begin
7.75693e+06
-363679
-0.173587
0.00831794
0.00149343
0.000204531
0
0
0
1685647715.63506
msg_begin
7.75693e+06
-363679
-0.174989
0.0209905
0.00729151
0.0011232
0
0
0
1685647715.68507
msg_begin
7.75693e+06
-363679
-0.174772
0.00559015
0.00222658
0.000320052
0
0
0
1685647715.73684
msg_begin
7.75693e+06
-363679
-0.173338
0.0687586
0.00802782
0.00082512
0
0
0
1685647715.78509
msg_begin
7.75693e+06
-363679
-0.174564
0.00460916
0.00233404
0.000626801
0
0
0
1685647715.83512
msg_begin
7.75693e+06
-363680
-0.174652
0.00476743
0.00264324
0.000742468
0
0
0
1685647715.88517
msg_begin
7.75693e+06
-363680
-0.174444
0.0251339
0.0142747
0.00113056
0
0
0
1685647715.93602
msg_begin
7.75693e+06
-363680
-0.174695
0.00458712
0.000587982
0.000136531
0
0
0
1685647715.98521
msg_begin
7.75693e+06
-363680
-0.17295
0.0510808
0.00839618
0.000507518
0
0
0
1685647716.03520
msg_begin
7.75694e+06
-363680
-0.17068
0.0153909
0.000734889
0.00032612
0
0
0
1685647716.08517
msg_begin
7.75694e+06
-363680
-0.17033
0.00212893
0.00155396
0.000207989
0
0
0
1685647716.13510
msg_begin
7.75694e+06
-363680
-0.169719
0.000599605
0.00138411
1.80967e-05
0
0
0
1685647716.18513
msg_begin
7.75694e+06
-363680
-0.174027
1.30385e-08
1.16415e-09
5.27356e-16
0
0
0
1685647716.23505
msg_begin
7.75694e+06
-363680
-0.17446
5.58794e-09
1.5134e-09
6.93889e-16
0
0
0
1685647716.28580
msg_begin
7.75694e+06
-363680
-0.171917
0.00267483
0.00390062
0.000485025
0
0
0
1685647716.33499
msg_begin
7.75694e+06
-363680
-0.174257
1.49012e-08
2.79397e-09
1.94289e-16
0
0
0
1685647716.38504
msg_begin
7.75694e+06
-363680
-0.171361
6.33299e-08
2.67755e-09
7.21645e-16
0
0
0
1685647716.43504
msg_begin
7.75694e+06
-363680
-0.168792
0.00422547
0.00102271
0.000230291
0
0
0
1685647716.48510
msg_begin
7.75694e+06
-363681
-0.168763
0.00706447
0.00129255
0.000512229
0
0
0
1685647716.53512
msg_begin
7.75694e+06
-363681
-0.16646
0.00890001
0.0046627
0.00131722
0
0
0
1685647716.58515
msg_begin
7.75694e+06
-363681
-0.164499
0.0101304
0.00173901
0.00044702
0
0
0
1685647716.63523
msg_begin
7.75694e+06
-363681
-0.165279
1.11759e-08
2.96859e-09
4.71845e-16
0
0
0
1685647716.68538
msg_begin
7.75694e+06
-363681
-0.164745
0.0096176
0.00236198
0.000248099
0
0
0
1685647716.73541
msg_begin
7.75694e+06
-363681
-0.16612
6.51926e-09
2.09548e-09
2.498e-16
0
0
0
1685647716.78545
msg_begin
7.75694e+06
-363681
-0.165316
0.00195942
0.00125475
2.57395e-05
0
0
0
1685647716.83551
msg_begin
7.75694e+06
-363681
-0.164873
0.0350716
0.0124139
0.00123562
0
0
0
1685647716.88559
msg_begin
7.75694e+06
-363681
-0.166991
0.0178868
0.00254151
0.000901932
0
0
0
1685647716.93618
msg_begin
7.75694e+06
-363681
-0.169112
0.00505577
0.000762132
0.000359268
0
0
0
1685647716.98573
msg_begin
7.75695e+06
-363681
-0.169356
0.00332083
0.00266501
0.000724669
0
0
0
1685647717.03575
msg_begin
7.75695e+06
-363681
-0.171254
0.00450155
8.97904e-05
4.86657e-05
0
0
0
1685647717.08585
msg_begin
7.75695e+06
-363681
-0.168802
8.3819e-09
6.98492e-10
2.77556e-17
0
0
0
1685647717.13641
msg_begin
7.75695e+06
-363681
-0.164567
0.00337231
0.0007704
0.000331616
0
0
0
1685647717.18598
msg_begin
7.75695e+06
-363681
-0.166286
0.0146493
0.00703263
0.00114347
0
0
0
1685647717.23595
msg_begin
7.75695e+06
-363682
-0.164151
0.00483344
0.00196265
0.000172415
0
0
0
1685647717.28648
msg_begin
7.75695e+06
-363682
-0.162937
0.020852
0.00243765
0.000507723
0
0
0
1685647717.33599
msg_begin
7.75695e+06
-363682
-0.163689
1.95578e-08
2.32831e-10
1.60982e-15
0
0
0
1685647717.38594
msg_begin
7.75695e+06
-363682
-0.161842
0.0346641
0.00723333
0.000567756
0
0
0
1685647717.43592
msg_begin
7.75695e+06
-363682
-0.160861
0.00191191
0.000804303
9.53511e-05
0
0
0
1685647717.48593
msg_begin
7.75695e+06
-363682
-0.163129
0.0267275
0.00866695
0.0011959
0
0
0
1685647717.53599
msg_begin
7.75695e+06
-363682
-0.164269
0.000532491
0.000966094
3.59629e-06
0
0
0
1685647717.58595
msg_begin
7.75695e+06
-363682
-0.163413
0.00503775
0.00237857
0.000315108
0
0
0
1685647717.63595
msg_begin
7.75695e+06
-363682
-0.163487
0.00808767
0.000701059
4.67648e-05
0
0
0
1685647717.68599
msg_begin
7.75695e+06
-363682
-0.162823
0.0245796
0.00127975
9.5769e-05
0
0
0
1685647717.73603
msg_begin
7.75695e+06
-363682
-0.163388
0.0193952
0.00591783
0.000549865
0
0
0
1685647717.78607
msg_begin
7.75695e+06
-363682
-0.161151
0.00568596
0.00862528
0.000453585
0
0
0
1685647717.83611
msg_begin
7.75695e+06
-363682
-0.161113
6.89179e-08
1.45519e-09
6.93889e-16
0
0
0
1685647717.88614
msg_begin
7.75695e+06
-363682
-0.162191
0.021809
0.00311162
0.000336181
0
0
0
1685647717.93612
msg_begin
7.75695e+06
-363682
-0.163663
0.0120402
0.00900325
0.00042284
0
0
0
1685647717.98610
msg_begin
7.75695e+06
-363682
-0.165998
2.42144e-08
2.96859e-09
7.77156e-16
0
0
0
1685647718.03609
msg_begin
7.75695e+06
-363682
-0.16631
4.09782e-08
4.07454e-10
1.47105e-15
0
0
0
1685647718.08609
msg_begin
7.75696e+06
-363683
-0.161613
0.0025196
0.0013429
0.000359076
0
0
0
1685647718.13611
msg_begin
7.75696e+06
-363683
-0.160297
0.00148903
0.000452296
0.00018527
0
0
0
1685647718.18610
msg_begin
7.75696e+06
-363683
-0.158147
0.047017
0.00384291
0.000694789
0
0
0
1685647718.23609
msg_begin
7.75696e+06
-363683
-0.154967
1.58325e-08
1.22236e-09
5.55112e-17
0
0
0
1685647718.28710
msg_begin
7.75696e+06
-363683
-0.153974
2.32831e-08
1.33878e-09
7.21645e-16
0
0
0
1685647718.33612
msg_begin
7.75696e+06
-363683
-0.152532
4.19095e-08
2.56114e-09
3.05311e-16
0
0
0
1685647718.38613
msg_begin
7.75696e+06
-363683
-0.151952
0.00536156
0.00440215
0.000303925
0
0
0
1685647718.43618
msg_begin
7.75696e+06
-363683
-0.151868
0.00211106
0.000322471
2.35947e-05
0
0
0
1685647718.48622
msg_begin
7.75696e+06
-363683
-0.154363
0.00146367
0.00370788
0.000162479
0
0
0
1685647718.53625
msg_begin
7.75696e+06
-363683
-0.154387
0.0154523
0.00116147
0.000888963
0
0
0
1685647718.58624
msg_begin
7.75696e+06
-363683
-0.152409
0.0071596
0.00392343
0.000210396
0
0
0
1685647718.63628
msg_begin
7.75696e+06
-363683
-0.15559
0.0146767
0.00354124
0.000504516
0
0
0
1685647718.68633
msg_begin
7.75696e+06
-363683
-0.155896
0
2.09548e-09
1.44329e-15
0
0
0
1685647718.73630
msg_begin
7.75696e+06
-363683
-0.155764
0.00214737
0.00105295
8.7236e-05
0
0
0
1685647718.78626
msg_begin
7.75696e+06
-363683
-0.159547
6.98492e-08
3.49246e-09
1.63758e-15
0
0
0
1685647718.83626
msg_begin
7.75696e+06
-363683
-0.156864
0.00815497
0.00296717
0.000300501
0
0
0
1685647718.88625
msg_begin
7.75696e+06
-363684
-0.156717
0.0110165
0.00966356
0.00232454
0
0
0
1685647718.93768
msg_begin
7.75696e+06
-363684
-0.159048
0.000240561
0.00064767
0.000205498
0
0
0
1685647718.98613
msg_begin
7.75696e+06
-363684
-0.160554
7.07805e-08
1.16415e-09
1.11022e-16
0
0
0
1685647719.03606
msg_begin
7.75696e+06
-363684
-0.159013
7.45058e-09
3.43425e-09
8.60423e-16
0
0
0
1685647719.08606
msg_begin
7.75696e+06
-363684
-0.157395
0.00975678
0.00538546
0.000392622
0
0
0
1685647719.13671
msg_begin
7.75696e+06
-363684
-0.1553
0.00278529
0.000900703
2.39606e-05
0
0
0
1685647719.18600
msg_begin
7.75696e+06
-363684
-0.154204
0.00859693
0.00516561
0.000168973
0
0
0
1685647719.23603
msg_begin
7.75696e+06
-363684
-0.150564
0.00316996
0.00332485
0.000178255
0
0
0
1685647719.28681
msg_begin
7.75697e+06
-363684
-0.148007
0.00580796
0.00670381
0.000387169
0
0
0
1685647719.33590
msg_begin
7.75697e+06
-363684
-0.147071
0.00080055
0.0016165
0.000173485
0
0
0
1685647719.38590
msg_begin
7.75697e+06
-363684
-0.147431
0.00178458
0.000452157
0.000106664
0
0
0
1685647719.43589
msg_begin
7.75697e+06
-363684
-0.144531
0.000948587
0.00570763
0.000167057
0
0
0
1685647719.48584
msg_begin
7.75697e+06
-363684
-0.141759
0.00903581
0.0035788
0.00161693
0
0
0
1685647719.53584
msg_begin
7.75697e+06
-363684
-0.140023
0.000750437
0.000567716
1.80194e-05
0
0
0
1685647719.58583
msg_begin
7.75697e+06
-363684
-0.138049
0.00815176
0.00727979
0.000188198
0
0
0
1685647719.63584
msg_begin
7.75697e+06
-363684
-0.13501
0.00526669
0.00335068
0.000814763
0
0
0
1685647719.68582
msg_begin
7.75697e+06
-363684
-0.134375
0.00690464
0.00339708
0.000198422
0
0
0
1685647719.73585
msg_begin
7.75697e+06
-363684
-0.133647
0.00351751
0.00096574
9.82483e-05
0
0
0
1685647719.78585
msg_begin
7.75697e+06
-363684
-0.132871
0.000876109
0.000308065
4.35445e-06
0
0
0
1685647719.83584
msg_begin
7.75697e+06
-363684
-0.131995
0.00133493
0.000674306
1.17812e-05
0
0
0
1685647719.88585
msg_begin
7.75697e+06
-363685
-0.130807
0.0112133
0.000268076
0.000509893
0
0
0
1685647719.93715
msg_begin
7.75697e+06
-363685
-0.126793
0.00193923
0.00100872
0.000459762
0
0
0
1685647719.98589
msg_begin
7.75697e+06
-363685
-0.125061
0.0131098
0.00220754
0.000235039
0
0
0
1685647720.03588
msg_begin
7.75697e+06
-363685
-0.122561
0.0178105
0.00815246
0.000959235
0
0
0
1685647720.08603
msg_begin
7.75697e+06
-363685
-0.122505
0.00857724
0.00214143
0.000373279
0
0
0
1685647720.13598
msg_begin
7.75697e+06
-363685
-0.123676
0.0102197
0.00664639
0.000800112
0
0
0
1685647720.18602
msg_begin
7.75697e+06
-363685
-0.122817
0.0114462
0.0062475
0.000884294
0
0
0
1685647720.23609
msg_begin
7.75697e+06
-363685
-0.120397
0.0238307
0.00573877
0.00118814
0
0
0
1685647720.28665
msg_begin
7.75697e+06
-363685
-0.118917
0.0198124
0.00485456
0.000349619
0
0
0
1685647720.33607
msg_begin
7.75697e+06
-363685
-0.115944
0.000929681
0.000577565
6.73257e-05
0
0
0
1685647720.38609
msg_begin
7.75697e+06
-363685
-0.116038
0.00475924
0.00173119
0.000373062
0
0
0
1685647720.43609
msg_begin
7.75697e+06
-363685
-0.11468
0.0054642
0.00300951
0.000535243
0
0
0
1685647720.48609
msg_begin
7.75698e+06
-363685
-0.11595
5.7742e-08
3.55067e-09
7.91034e-16
0
0
0
1685647720.53613
msg_begin
7.75698e+06
-363685
-0.116208
0.0123191
0.00682494
0.000557591
0
0
0
1685647720.58618
msg_begin
7.75698e+06
-363685
-0.115674
0.00938692
0.0185176
0.00183478
0
0
0
1685647720.63613
msg_begin
7.75698e+06
-363685
-0.109456
0.00162316
0.000120932
7.74178e-05
0
0
0
1685647720.68616
msg_begin
7.75698e+06
-363685
-0.104779
0.00423467
0.00169016
0.00049597
0
0
0
1685647720.73616
msg_begin
7.75698e+06
-363685
-0.105996
0.00164069
0.0020421
0.000485374
0
0
0
1685647720.78620
msg_begin
7.75698e+06
-363685
-0.105939
0.00890422
0.00587644
0.000406356
0
0
0
1685647720.83620
msg_begin
7.75698e+06
-363685
-0.108813
0.0310895
0.014351
0.000701119
0
0
0
1685647720.88621
msg_begin
7.75698e+06
-363685
-0.107795
0.0121993
0.00697851
0.000897709
0
0
0
1685647720.93625
msg_begin
7.75698e+06
-363685
-0.108872
0.0123763
0.00404289
0.000760107
0
0
0
1685647720.98619
msg_begin
7.75698e+06
-363685
-0.107637
0.00339739
0.000975068
1.66656e-05
0
0
0
1685647721.03620
msg_begin
7.75698e+06
-363685
-0.111548
0.000866019
0.000437671
8.25562e-05
0
0
0
1685647721.08627
msg_begin
7.75698e+06
-363686
-0.113947
8.00937e-08
2.50293e-09
8.32667e-16
0
0
0
1685647721.13619
msg_begin
7.75698e+06
-363686
-0.112998
0.000309747
0.000204393
3.4349e-06
0
0
0
1685647721.18613
msg_begin
7.75698e+06
-363686
-0.112075
0.00126354
0.00129685
0.00029664
0
0
0
1685647721.23607
msg_begin
7.75698e+06
-363686
-0.112262
0.00056711
0.00034387
0.000227194
0
0
0
1685647721.28667
msg_begin
7.75698e+06
-363686
-0.112446
0.0110604
0.00338456
0.000511762
0
0
0
1685647721.33604
msg_begin
7.75698e+06
-363686
-0.11631
0.00553969
0.00115615
0.000168538
0
0
0
1685647721.38602
msg_begin
7.75698e+06
-363686
-0.117324
0.00670383
0.000982586
0.000463397
0
0
0
1685647721.43602
msg_begin
7.75698e+06
-363686
-0.116628
0.00599521
0.00595295
0.000426393
0
0
0
1685647721.48597
msg_begin
7.75698e+06
-363686
-0.116807
0.00580066
0.00826392
0.00181654
0
0
0
1685647721.58597
msg_begin
7.75698e+06
-363686
-0.118974
0.00572038
0.00530056
0.000246284
0
0
0
1685647721.63595
msg_begin
7.75699e+06
-363686
-0.118939
0.0127111
0.00575798
0.00149273
0
0
0
1685647721.68597
msg_begin
7.75699e+06
-363686
-0.118522
0.0349953
0.00946159
0.00189729
0
0
0
1685647721.73594
msg_begin
7.75699e+06
-363686
-0.120381
0.00957468
0.00515747
0.000308489
0
0
0
1685647721.78596
msg_begin
7.75699e+06
-363686
-0.122816
0.00974592
0.0081398
0.000456078
0
0
0
1685647721.83595
msg_begin
7.75699e+06
-363686
-0.123897
0.00234167
0.00321773
0.000403443
0
0
0
1685647721.88595
msg_begin
7.75699e+06
-363686
-0.125595
0.0226088
0.00441599
0.000638702
0
0
0
1685647721.93594
msg_begin
7.75699e+06
-363686
-0.129827
0.00886649
0.00222241
0.00129436
0
0
0
1685647721.98594
msg_begin
7.75699e+06
-363686
-0.126661
0.0236778
0.00370268
0.00152854
0
0
0
1685647722.03597
msg_begin
7.75699e+06
-363686
-0.13369
6.61239e-08
2.44472e-09
1.52656e-15
0
0
0
1685647722.08595
msg_begin
7.75699e+06
-363686
-0.133736
0.0171734
0.00272485
0.00112707
0
0
0
1685647722.13711
msg_begin
7.75699e+06
-363686
-0.134394
0.0148082
0.00417837
0.00117366
0
0
0
1685647722.18597
msg_begin
7.75699e+06
-363686
-0.135682
0.00273677
0.00347052
0.000101748
0
0
0
1685647722.23601
msg_begin
7.75699e+06
-363686
-0.136302
0.0142039
0.0097567
0.00101842
0
0
0
1685647722.28679
msg_begin
7.75699e+06
-363687
-0.137801
0.0345939
0.00718615
0.000337536
0
0
0
1685647722.33605
msg_begin
7.75699e+06
-363687
-0.140088
6.51926e-09
8.73115e-10
8.32667e-16
0
0
0
1685647722.38603
msg_begin
7.75699e+06
-363687
-0.142272
0.0142013
0.00975413
0.000605303
0
0
0
1685647722.43603
msg_begin
7.75699e+06
-363687
-0.146859
0.0111834
0.0024766
0.000574804
0
0
0
1685647722.48603
msg_begin
7.75699e+06
-363687
-0.149752
0.00620967
0.00185315
0.000246842
0
0
0
1685647722.53597
msg_begin
7.75699e+06
-363687
-0.152436
0.00568056
0.00145115
8.7212e-05
0
0
0
1685647722.58596
msg_begin
7.75699e+06
-363687
-0.152669
0.00761166
0.00466788
0.000861049
0
0
0
1685647722.63589
msg_begin
7.75699e+06
-363687
-0.153905
0.00934663
0.00480085
0.000363316
0
0
0
1685647722.68583
msg_begin
7.75699e+06
-363687
-0.153693
0.00559269
0.00157322
0.000294729
0
0
0
1685647722.73597
msg_begin
7.75699e+06
-363687
-0.151483
0.00361183
0.00409693
5.78001e-05
0
0
0
1685647722.78578
msg_begin
7.757e+06
-363687
-0.151919
0.0195197
0.00371001
0.000582092
0
0
0
1685647722.83576
msg_begin
7.757e+06
-363687
-0.155324
0.00121157
0.00448067
0.000270883
0
0
0
1685647722.88582
msg_begin
7.757e+06
-363687
-0.158259
0.00013005
1.32648e-06
7.51519e-06
0
0
0
1685647722.98584
msg_begin
7.757e+06
-363687
-0.158792
0.0166843
0.00659529
0.000753034
0
0
0
1685647723.03584
msg_begin
7.757e+06
-363687
-0.157336
1.86265e-09
1.74623e-10
2.77556e-17
0
0
0
1685647723.08589
msg_begin
7.757e+06
-363687
-0.157818
0.0215265
0.00286374
0.000842755
0
0
0
1685647723.13618
msg_begin
7.757e+06
-363687
-0.160825
0.00788477
0.00264539
0.000409967
0
0
0
1685647723.18595
msg_begin
7.757e+06
-363688
-0.162118
0.00284518
0.00131675
0.000114216
0
0
0
1685647723.23608
msg_begin
7.757e+06
-363688
-0.162371
0.00225878
0.00104208
0.000113336
0
0
0
1685647723.28596
msg_begin
7.757e+06
-363688
-0.167638
0.0169226
0.00522034
0.000759892
0
0
0
1685647723.33600
msg_begin
7.757e+06
-363688
-0.167479
0.00760783
0.000254297
9.35742e-05
0
0
0
1685647723.38686
msg_begin
7.757e+06
-363688
-0.166337
0.0131299
0.00124204
0.000150619
0
0
0
1685647723.43599
msg_begin
7.757e+06
-363688
-0.167537
0.00159984
3.95053e-05
3.1674e-05
0
0
0
1685647723.48600
msg_begin
7.757e+06
-363688
-0.167419
0.00953551
0.0105909
0.000418229
0
0
0
1685647723.53599
msg_begin
7.757e+06
-363688
-0.168658
0.00727878
0.00615606
0.0015495
0
0
0
1685647723.58601
msg_begin
7.757e+06
-363688
-0.169161
0.0312734
0.00511287
0.00153542
0
0
0
1685647723.63601
msg_begin
7.757e+06
-363688
-0.172978
0.0144857
0.00476504
0.00123602
0
0
0
1685647723.68597
msg_begin
7.757e+06
-363688
-0.173843
0.00758244
0.00447929
0.000481911
0
0
0
1685647723.73592
msg_begin
7.757e+06
-363688
-0.170303
0.00546163
0.00131118
0.000311735
0
0
0
1685647723.78594
msg_begin
7.757e+06
-363688
-0.172351
0.00863915
0.00221519
0.000611228
0
0
0
1685647723.83588
msg_begin
7.757e+06
-363688
-0.171007
0.000535245
0.00178982
0.000151643
0
0
0
1685647723.88581
msg_begin
7.757e+06
-363688
-0.172549
0.00550681
0.00371049
0.00031641
0
0
0
1685647723.93588
msg_begin
7.757e+06
-363689
-0.173758
2.6077e-08
5.82077e-11
1.13798e-15
0
0
0
1685647723.98577
msg_begin
7.75701e+06
-363689
-0.172549
9.31323e-10
3.66708e-09
6.38378e-16
0
0
0
1685647724.03576
msg_begin
7.75701e+06
-363689
-0.173821
0.0123933
0.00178371
0.0003425
0
0
0
1685647724.08566
msg_begin
7.75701e+06
-363689
-0.172425
0.00271403
0.000822139
2.01902e-05
0
0
0
1685647724.13644
msg_begin
7.75701e+06
-363689
-0.172512
8.3819e-09
2.09548e-09
3.05311e-16
0
0
0
1685647724.18560
msg_begin
7.75701e+06
-363689
-0.169468
0.011013
0.00518275
0.000802206
0
0
0
1685647724.23553
msg_begin
7.75701e+06
-363689
-0.170684
0.00138923
0.000319673
0.000311703
0
0
0
1685647724.28549
msg_begin
7.75701e+06
-363689
-0.171069
0.0039052
0.00624372
0.000194844
0
0
0
1685647724.33557
msg_begin
7.75701e+06
-363689
-0.171942
0.00307913
0.00391187
0.000644753
0
0
0
1685647724.38536
msg_begin
7.75701e+06
-363689
-0.173179
0.0100103
0.00277407
0.000416138
0
0
0
1685647724.43538
msg_begin
7.75701e+06
-363689
-0.170626
0.00876721
0.00552155
0.00085425
0
0
0
1685647724.48542
msg_begin
7.75701e+06
-363689
-0.169939
0.00852698
0.00128763
0.000335538
0
0
0
1685647724.53603
msg_begin
7.75701e+06
-363689
-0.169999
0.00387088
0.00295066
0.000151867
0
0
0
1685647724.58530
msg_begin
7.75701e+06
-363689
-0.167423
0.0235691
0.00634472
0.000117956
0
0
0
1685647724.63532
msg_begin
7.75701e+06
-363689
-0.168112
6.51926e-09
4.07454e-10
7.21645e-16
0
0
0
1685647724.68541
msg_begin
7.75701e+06
-363689
-0.168864
0.00166286
0.00055456
7.38535e-05
0
0
0
1685647724.73607
msg_begin
7.75701e+06
-363690
-0.166925
0.00156161
3.67916e-05
2.74111e-05
0
0
0
1685647724.78538
msg_begin
7.75701e+06
-363690
-0.163238
0.0191742
0.00559085
0.000301607
0
0
0
1685647724.83538
msg_begin
7.75701e+06
-363690
-0.166746
0.0146717
0.00181249
0.000156096
0
0
0
1685647724.88541
msg_begin
7.75701e+06
-363690
-0.16554
0.00706772
0.00677017
0.00115047
0
0
0
1685647724.93592
msg_begin
7.75701e+06
-363690
-0.163019
0.0043456
0.000810953
9.92897e-05
0
0
0
1685647724.98538
msg_begin
7.75701e+06
-363690
-0.162224
2.32831e-08
8.14907e-10
5.55112e-17
0
0
0
1685647725.03537
msg_begin
7.75701e+06
-363690
-0.164365
0.000179188
0.000725432
9.78401e-06
0
0
0
1685647725.08536
msg_begin
7.75701e+06
-363690
-0.163673
0.0080013
0.00736626
0.00056825
0
0
0
1685647725.13602
msg_begin
7.75702e+06
-363690
-0.164288
0.00238948
0.00131853
4.31148e-05
0
0
0
1685647725.18533
msg_begin
7.75702e+06
-363690
-0.16381
0.00304376
0.000546231
6.91386e-05
0
0
0
1685647725.23532
msg_begin
7.75702e+06
-363690
-0.159187
0
5.82077e-11
6.10623e-16
0
0
0
1685647725.28543
msg_begin
7.75702e+06
-363690
-0.158494
0.00578179
0.00608269
0.00108407
0
0
0
1685647725.33572
msg_begin
7.75702e+06
-363690
-0.16213
4.28408e-08
2.50293e-09
2.77556e-16
0
0
0
1685647725.38534
msg_begin
7.75702e+06
-363690
-0.159332
0.00415107
0.00118876
4.66722e-05
0
0
0
1685647725.43534
msg_begin
7.75702e+06
-363690
-0.159437
0.00374618
0.00122049
0.000320777
0
0
0
1685647725.48539
msg_begin
7.75702e+06
-363690
-0.157709
0.00429018
0.00156883
4.55745e-05
0
0
0
1685647725.53541
msg_begin
7.75702e+06
-363691
-0.1577
6.70552e-08
6.98492e-10
1.41553e-15
0
0
0
1685647725.58538
msg_begin
7.75702e+06
-363691
-0.157541
0.00817409
0.00689608
0.00014596
0
0
0
1685647725.63543
msg_begin
7.75702e+06
-363691
-0.153089
2.79397e-09
1.28057e-09
7.21645e-16
0
0
0
1685647725.68541
msg_begin
7.75702e+06
-363691
-0.152985
0.00136024
0.000508665
4.81911e-05
0
0
0
1685647725.73545
msg_begin
7.75702e+06
-363691
-0.151631
0.00398678
0.00107538
0.000273668
0
0
0
1685647725.78549
msg_begin
7.75702e+06
-363691
-0.153885
0.000501807
0.00133214
4.10646e-05
0
0
0
1685647725.83550
msg_begin
7.75702e+06
-363691
-0.15417
0.00330875
0.000919741
0.000194165
0
0
0
1685647725.88554
msg_begin
7.75702e+06
-363691
-0.155478
0.00181862
0.000540311
0.000158672
0
0
0
1685647725.93589
msg_begin
7.75702e+06
-363691
-0.152563
0.00754172
0.00220656
0.000287167
0
0
0
1685647725.98557
msg_begin
7.75702e+06
-363691
-0.150054
4.65661e-09
8.73115e-10
1.02696e-15
0
0
0
1685647726.03558
msg_begin
7.75702e+06
-363691
-0.149073
0.0270548
0.00186172
0.00111338
0
0
0
1685647726.08557
msg_begin
7.75702e+06
-363691
-0.151727
0.00135179
0.000181675
0.000154169
0
0
0
1685647726.13562
msg_begin
7.75702e+06
-363691
-0.148445
0.000720117
0.00126194
4.73759e-05
0
0
0
1685647726.18555
msg_begin
7.75702e+06
-363691
-0.14765
0.00780999
0.00285382
0.000906118
0
0
0
1685647726.23585
msg_begin
7.75703e+06
-363691
-0.144982
0.0392889
0.00551911
0.00126202
0
0
0
1685647726.28559
msg_begin
7.75703e+06
-363691
-0.141414
0.00544368
0.00392517
0.000635674
0
0
0
1685647726.33644
msg_begin
7.75703e+06
-363691
-0.144092
1.58325e-08
3.95812e-09
8.32667e-17
0
0
0
1685647726.38561
msg_begin
7.75703e+06
-363691
-0.14419
0.0131419
0.00681481
0.000399588
0
0
0
1685647726.43559
msg_begin
7.75703e+06
-363692
-0.144722
0.00894905
0.00511962
0.00036624
0
0
0
1685647726.48565
msg_begin
7.75703e+06
-363692
-0.143589
0.00506403
0.00464567
0.000262889
0
0
0
1685647726.53579
msg_begin
7.75703e+06
-363692
-0.143135
1.11759e-08
1.86265e-09
6.66134e-16
0
0
0
1685647726.58562
msg_begin
7.75703e+06
-363692
-0.141727
0.0178021
0.0014591
0.0006011
0
0
0
1685647726.63564
msg_begin
7.75703e+06
-363692
-0.141347
0.00535099
0.00148556
0.000202562
0
0
0
1685647726.68564
msg_begin
7.75703e+06
-363692
-0.13946
0.00354433
0.00776594
0.000289254
0
0
0
1685647726.73632
msg_begin
7.75703e+06
-363692
-0.137435
0.00146752
0.0012539
0.000577241
0
0
0
1685647726.78574
msg_begin
7.75703e+06
-363692
-0.137848
0.00119483
0.000766813
9.21231e-05
0
0
0
1685647726.83579
msg_begin
7.75703e+06
-363692
-0.137713
0.00188047
0.0011493
8.75876e-05
0
0
0
1685647726.88591
msg_begin
7.75703e+06
-363692
-0.140033
0.0058826
0.000839227
0.000168304
0
0
0
1685647726.93656
msg_begin
7.75703e+06
-363692
-0.140529
1.11759e-08
4.19095e-09
7.77156e-16
0
0
0
1685647726.98586
msg_begin
7.75703e+06
-363692
-0.136069
0.0132939
0.00464181
0.00068415
0
0
0
1685647727.03589
msg_begin
7.75703e+06
-363692
-0.136356
4.93601e-08
3.66708e-09
1.13798e-15
0
0
0
1685647727.08594
msg_begin
7.75703e+06
-363692
-0.135553
0.00344401
0.00188542
6.82348e-05
0
0
0
1685647727.13711
msg_begin
7.75703e+06
-363692
-0.136524
0.00902959
0.00610427
0.000308257
0
0
0
1685647727.18599
msg_begin
7.75703e+06
-363692
-0.136296
0.0543314
0.0191464
0.00145473
0
0
0
1685647727.23604
msg_begin
7.75703e+06
-363692
-0.137622
0.0235645
0.00347285
0.00022371
0
0
0
1685647727.28634
msg_begin
7.75703e+06
-363692
-0.136499
0.00610789
0.00124614
3.44897e-05
0
0
0
1685647727.33611
msg_begin
7.75703e+06
-363692
-0.135261
0.00518432
0.00521964
0.000322418
0
0
0
1685647727.38611
msg_begin
7.75703e+06
-363692
-0.134232
0.00200052
0.0006267
0.000102857
0
0
0
1685647727.43615
msg_begin
7.75703e+06
-363692
-0.134137
0.00367447
0.00191971
0.000815934
0
0
0
1685647727.48613
msg_begin
7.75704e+06
-363692
-0.130712
0.00580434
0.00294783
0.000385592
0
0
0
1685647727.53612
msg_begin
7.75704e+06
-363692
-0.130724
0.00842669
0.0083202
0.00133551
0
0
0
1685647727.58611
msg_begin
7.75704e+06
-363693
-0.131052
5.7742e-08
2.32831e-10
3.05311e-16
0
0
0
1685647727.63605
msg_begin
7.75704e+06
-363693
-0.130366
0.00187617
0.000689431
6.21984e-05
0
0
0
1685647727.68602
msg_begin
7.75704e+06
-363693
-0.128915
0.0115036
0.00643436
0.00124335
0
0
0
1685647727.73595
msg_begin
7.75704e+06
-363693
-0.130303
0.0023391
0.000395764
0.000282609
0
0
0
1685647727.78592
msg_begin
7.75704e+06
-363693
-0.129013
8.9407e-08
5.82077e-11
1.19349e-15
0
0
0
1685647727.83588
msg_begin
7.75704e+06
-363693
-0.12943
0.00224618
0.000557831
0.000120962
0
0
0
1685647727.88598
msg_begin
7.75704e+06
-363693
-0.129567
0.00676941
0.00449852
0.000650441
0
0
0
1685647727.98588
msg_begin
7.75704e+06
-363693
-0.128668
0.00408056
0.00326033
0.000677908
0
0
0
1685647728.03588
msg_begin
7.75704e+06
-363693
-0.129228
0.025432
0.0136287
0.000585692
0
0
0
1685647728.08596
msg_begin
7.75704e+06
-363693
-0.13161
0.0243036
0.00317209
0.00083293
0
0
0
1685647728.13703
msg_begin
7.75704e+06
-363693
-0.131845
9.31323e-09
2.44472e-09
1.05471e-15
0
0
0
1685647728.18595
msg_begin
7.75704e+06
-363693
-0.131475
0.00426561
0.00301733
0.000270111
0
0
0
1685647728.23601
msg_begin
7.75704e+06
-363693
-0.132831
0.00936871
0.000166493
8.11364e-05
0
0
0
1685647728.28711
msg_begin
7.75704e+06
-363693
-0.132626
0.0226797
0.00207627
6.19721e-05
0
0
0
1685647728.33602
msg_begin
7.75704e+06
-363693
-0.131018
0.013025
0.00427726
0.000657416
0
0
0
1685647728.38607
msg_begin
7.75704e+06
-363693
-0.13012
0.0209262
0.000706673
0.000115176
0
0
0
1685647728.43607
msg_begin
7.75704e+06
-363693
-0.132677
0.00137367
0.00129032
0.000183895
0
0
0
1685647728.48605
msg_begin
7.75704e+06
-363693
-0.13349
8.00937e-08
3.89991e-09
8.60423e-16
0
0
0
1685647728.53606
msg_begin
7.75704e+06
-363693
-0.132984
0.00777007
0.00433315
0.000889275
0
0
0
1685647728.58605
msg_begin
7.75704e+06
-363693
-0.133312
0.0165058
0.000697359
0.000138789
0
0
0
1685647728.63605
msg_begin
7.75704e+06
-363693
-0.13557
6.51926e-08
2.32831e-09
1.94289e-16
0
0
0
1685647728.68600
msg_begin
7.75704e+06
-363693
-0.135511
0.0187082
0.00883248
0.000467262
0
0
0
1685647728.73599
msg_begin
7.75704e+06
-363693
-0.138094
0.0168887
0.0012355
0.00037954
0
0
0
1685647728.78597
msg_begin
7.75704e+06
-363693
-0.141228
0.00331054
0.000480971
2.98798e-05
0
0
0
1685647728.83595
msg_begin
7.75704e+06
-363693
-0.142957
0.00530218
0.000241931
0.00027278
0
0
0
1685647728.88652
msg_begin
7.75704e+06
-363693
-0.143227
0.00091399
0.00268654
6.18224e-05
0
0
0
1685647728.93628
msg_begin
7.75704e+06
-363693
-0.143809
0.0133381
0.00225054
0.000188016
0
0
0
1685647728.98590
msg_begin
7.75704e+06
-363693
-0.142846
0.00858331
0.00077265
0.000234133
0
0
0
1685647729.03589
msg_begin
7.75704e+06
-363693
-0.142984
0.0135384
0.000671305
0.000243454
0
0
0
1685647729.08587
msg_begin
7.75704e+06
-363693
-0.143386
0.00150645
0.0015322
0.000459033
0
0
0
1685647729.13621
msg_begin
7.75704e+06
-363693
-0.143687
0.000132479
0.000260397
2.54569e-05
0
0
0
1685647729.18583
msg_begin
7.75704e+06
-363693
-0.143092
0.00170729
0.00691636
0.000906121
0
0
0
1685647729.23581
msg_begin
7.75704e+06
-363693
-0.145786
7.63685e-08
1.97906e-09
8.04912e-16
0
0
0
1685647729.28647
msg_begin
7.75704e+06
-363693
-0.145898
0.0285503
0.00478502
0.000256533
0
0
0
1685647729.33581
msg_begin
7.75704e+06
-363693
-0.146241
0.00762043
0.00219626
8.54181e-05
0
0
0
1685647729.38582
msg_begin
7.75705e+06
-363693
-0.146949
0.000204586
0.00162075
1.95256e-05
0
0
0
1685647729.43585
msg_begin
7.75705e+06
-363693
-0.15071
8.3819e-09
1.10595e-09
2.77556e-17
0
0
0
1685647729.48585
msg_begin
7.75705e+06
-363694
-0.155698
0.004556
0.00300652
0.000205889
0
0
0
1685647729.53585
msg_begin
7.75705e+06
-363694
-0.153843
0.00572343
0.00970212
0.000589901
0
0
0
1685647729.58591
msg_begin
7.75705e+06
-363694
-0.157041
0.00493578
0.0033133
0.000810134
0
0
0
1685647729.63587
msg_begin
7.75705e+06
-363694
-0.157551
0.0103977
0.00279074
0.000559358
0
0
0
1685647729.68591
msg_begin
7.75705e+06
-363694
-0.156134
0.0012695
0.000864975
8.82931e-05
0
0
0
1685647729.73592
msg_begin
7.75705e+06
-363694
-0.155456
0.0117493
0.0132377
0.00118054
0
0
0
1685647729.78597
msg_begin
7.75705e+06
-363694
-0.15821
0.00349409
0.000995601
0.000275727
0
0
0
1685647729.83601
msg_begin
7.75705e+06
-363694
-0.158572
0.00570801
0.00855183
0.00022409
0
0
0
1685647729.88614
msg_begin
7.75705e+06
-363694
-0.158401
0.00481763
0.00624525
0.000540773
0
0
0
1685647729.93609
msg_begin
7.75705e+06
-363694
-0.158101
0.0114569
0.00875837
0.00109292
0
0
0
1685647729.98613
msg_begin
7.75705e+06
-363694
-0.159186
0.00494091
0.00392327
0.000445622
0
0
0
1685647730.03614
msg_begin
7.75705e+06
-363694
-0.160518
0.012459
0.00484601
0.000422295
0
0
0
1685647730.08624
msg_begin
7.75705e+06
-363694
-0.162829
0.00400048
0.00860366
0.000395788
0
0
0
1685647730.13717
msg_begin
7.75705e+06
-363694
-0.162942
0.0167527
0.010378
0.00175138
0
0
0
1685647730.18617
msg_begin
7.75705e+06
-363694
-0.163299
0.00657516
0.00587164
0.000301681
0
0
0
1685647730.23616
msg_begin
7.75705e+06
-363694
-0.162481
0.011149
0.00389718
0.0003209
0
0
0
1685647730.28700
msg_begin
7.75705e+06
-363694
-0.164054
0.0133731
0.00277106
0.00176401
0
0
0
1685647730.33611
msg_begin
7.75705e+06
-363694
-0.168062
0.0070704
0.0013065
0.00024434
0
0
0
1685647730.38604
msg_begin
7.75705e+06
-363694
-0.165199
0.00103363
0.000530432
0.000993231
0
0
0
1685647730.43604
msg_begin
7.75705e+06
-363694
-0.167005
0.0108229
0.00618215
0.00159493
0
0
0
1685647730.48600
msg_begin
7.75705e+06
-363694
-0.167465
0.0098582
0.00240897
0.000236941
0
0
0
1685647730.53594
msg_begin
7.75705e+06
-363694
-0.168171
0.0209759
0.00348925
0.00069292
0
0
0
1685647730.58590
msg_begin
7.75705e+06
-363694
-0.169218
0.00911002
0.00327813
0.000857079
0
0
0
1685647730.63593
msg_begin
7.75705e+06
-363694
-0.171364
0.00458365
0.00151859
0.000322227
0
0
0
1685647730.68588
msg_begin
7.75705e+06
-363694
-0.172449
0.00522136
0.00122961
0.000148086
0
0
0
1685647730.73589
msg_begin
7.75705e+06
-363694
-0.171831
0.0138036
0.00638023
0.000633638
0
0
0
1685647730.78590
msg_begin
7.75705e+06
-363694
-0.172705
0.00164074
0.00928194
0.000145324
0
0
0
1685647730.83587
msg_begin
7.75705e+06
-363694
-0.174015
0.0132308
0.00331374
0.000668399
0
0
0
1685647730.88586
msg_begin
7.75705e+06
-363694
-0.173916
0.000282611
0.000695598
2.23706e-05
0
0
0
1685647730.93588
msg_begin
7.75705e+06
-363694
-0.174414
0.0197682
0.00901526
0.000821032
0
0
0
1685647730.98587
msg_begin
7.75705e+06
-363694
-0.172539
0.00214222
0.00108623
0.000196061
0
0
0
1685647731.03584
msg_begin
7.75705e+06
-363694
-0.172107
0.00720182
0.00343761
0.000540405
0
0
0
1685647731.13646
msg_begin
7.75705e+06
-363694
-0.172727
0.0044169
0.00689114
0.00025996
0
0
0
1685647731.18581
msg_begin
7.75705e+06
-363695
-0.169476
0.00626361
0.00301014
0.000395358
0
0
0
1685647731.23584
msg_begin
7.75705e+06
-363695
-0.171633
0.0139089
0.0101554
0.000712009
0
0
0
1685647731.28637
msg_begin
7.75705e+06
-363695
-0.171524
0.0018724
0.000567182
2.39849e-05
0
0
0
1685647731.33588
msg_begin
7.75705e+06
-363695
-0.173227
0.0126974
0.00508066
0.000591824
0
0
0
1685647731.38589
msg_begin
7.75705e+06
-363695
-0.173094
0.00740051
0.00697825
0.000646872
0
0
0
1685647731.43586
msg_begin
7.75705e+06
-363695
-0.171815
0.0183495
0.0112674
0.000635065
0
0
0
1685647731.48588
msg_begin
7.75705e+06
-363695
-0.173745
0.00674138
0.000978529
0.000307652
0
0
0
1685647731.53588
msg_begin
7.75705e+06
-363695
-0.173626
0.013087
0.00151522
0.000343321
0
0
0
1685647731.58583
msg_begin
7.75705e+06
-363695
-0.174815
0.0119662
0.00783981
0.00119525
0
0
0
1685647731.63582
msg_begin
7.75705e+06
-363695
-0.174466
0.00571741
0.00328728
0.000478021
0
0
0
1685647731.68577
msg_begin
7.75705e+06
-363695
-0.172793
0.014548
0.00698912
0.000601961
0
0
0
1685647731.73576
msg_begin
7.75705e+06
-363695
-0.174497
0.00243455
3.44092e-06
4.27351e-06
0
0
0
1685647731.78572
msg_begin
7.75706e+06
-363695
-0.171496
0.00539873
0.00882803
0.00050715
0
0
0
1685647731.83574
msg_begin
7.75706e+06
-363695
-0.17303
0.0272287
0.00730893
0.00194936
0
0
0
1685647731.88574
msg_begin
7.75706e+06
-363695
-0.174252
0.00455234
0.00160945
0.000353919
0
0
0
1685647731.93575
msg_begin
7.75706e+06
-363695
-0.17594
0.0105281
0.00519506
0.000296406
0
0
0
1685647731.98575
msg_begin
7.75706e+06
-363695
-0.174923
0.00295807
0.00134764
0.000228764
0
0
0
1685647732.03572
msg_begin
7.75706e+06
-363695
-0.175647
0.0030373
0.00933068
0.00083147
0
0
0
1685647732.08583
msg_begin
7.75706e+06
-363695
-0.176826
0.00793387
0.00429098
0.000413801
0
0
0
1685647732.13624
msg_begin
7.75706e+06
-363695
-0.177989
0.00908004
0.00494032
0.000412759
0
0
0
1685647732.18576
msg_begin
7.75706e+06
-363695
-0.176371
0.0040204
0.00124531
0.000185246
0
0
0
1685647732.23581
msg_begin
7.75706e+06
-363695
-0.176719
0.00708629
0.00318098
0.000331808
0
0
0
1685647732.28659
msg_begin
7.75706e+06
-363695
-0.174408
0.0025409
0.00193118
0.000105571
0
0
0
1685647732.33581
msg_begin
7.75706e+06
-363695
-0.175663
0.00664428
0.000741169
9.09104e-05
0
0
0
1685647732.38580
msg_begin
7.75706e+06
-363695
-0.175602
0.00478981
0.00110953
0.000350239
0
0
0
1685647732.43581
msg_begin
7.75706e+06
-363695
-0.173834
0.0113788
0.00605853
0.000613927
0
0
0
1685647732.48584
msg_begin
7.75706e+06
-363695
-0.169192
0.00549292
0.00144121
0.000132557
0
0
0
1685647732.53585
msg_begin
7.75706e+06
-363696
-0.17142
0.00502239
4.72775e-05
6.00167e-05
0
0
0
1685647732.58584
msg_begin
7.75706e+06
-363696
-0.171376
0.00335567
0.000657133
6.46685e-05
0
0
0
1685647732.63582
msg_begin
7.75706e+06
-363696
-0.171512
0.00415492
0.00356143
0.000389857
0
0
0
1685647732.68584
msg_begin
7.75706e+06
-363696
-0.173357
0.0181871
0.00463434
0.000397455
0
0
0
1685647732.73578
msg_begin
7.75706e+06
-363696
-0.173581
0.0160531
0.00345394
0.000398421
0
0
0
1685647732.78574
msg_begin
7.75706e+06
-363696
-0.174934
0.0118752
0.0028777
0.000475597
0
0
0
1685647732.83571
msg_begin
7.75706e+06
-363696
-0.174689
0.0213039
0.00904296
0.000356097
0
0
0
1685647732.88570
msg_begin
7.75706e+06
-363696
-0.171091
0.0171133
0.00668881
0.000937516
0
0
0
1685647733.03551
msg_begin
7.75706e+06
-363696
-0.171363
0.0144211
0.00376862
0.000738662
0
0
0
1685647733.13542
msg_begin
7.75706e+06
-363696
-0.169142
0.00826262
0.00590472
0.000542308
0
0
0
1685647733.18542
msg_begin
7.75706e+06
-363696
-0.169373
0.0125723
0.0139902
0.00125455
0
0
0
1685647733.23546
msg_begin
7.75706e+06
-363696
-0.166554
0.000893513
4.38472e-05
3.65188e-05
0
0
0
1685647733.28548
msg_begin
7.75706e+06
-363696
-0.166453
0.015527
0.0008171
0.000912909
0
0
0
1685647733.33533
msg_begin
7.75706e+06
-363696
-0.159924
0.00878747
0.00620504
0.000932122
0
0
0
1685647733.38532
msg_begin
7.75706e+06
-363696
-0.15419
5.7742e-08
2.32831e-09
8.60423e-16
0
0
0
1685647733.43525
msg_begin
7.75706e+06
-363696
-0.153994
8.00937e-08
3.43425e-09
2.77556e-17
0
0
0
1685647733.48525
msg_begin
7.75706e+06
-363696
-0.151035
0.000969486
0.00031966
0.000358783
0
0
0
1685647733.53519
msg_begin
7.75706e+06
-363696
-0.147702
0.0323635
0.00423303
0.000421503
0
0
0
1685647733.58514
msg_begin
7.75706e+06
-363696
-0.144585
0.0127539
0.00380837
0.000238901
0
0
0
1685647733.63517
msg_begin
7.75707e+06
-363696
-0.136388
0.00207996
0.000514214
9.07212e-05
0
0
0
1685647733.68515
msg_begin
7.75707e+06
-363696
-0.135535
0.0211808
0.00739496
0.000833439
0
0
0
1685647733.73511
msg_begin
7.75707e+06
-363696
-0.126832
0.00257323
0.00328753
0.000112306
0
0
0
1685647733.78509
msg_begin
7.75707e+06
-363697
-0.121303
0.00669012
0.00362153
0.000932958
0
0
0
1685647733.83510
msg_begin
7.75707e+06
-363697
-0.115558
0.00116599
0.000161745
5.7471e-06
0
0
0
1685647733.88505
msg_begin
7.75707e+06
-363697
-0.112018
0.00184691
0.00450064
0.00103681
0
0
0
1685647733.93504
msg_begin
7.75707e+06
-363697
-0.106311
0.00187058
0.00245196
0.000347059
0
0
0
1685647733.98498
msg_begin
7.75707e+06
-363697
-0.101747
8.3819e-08
2.91038e-09
1.01308e-15
0
0
0
1685647734.03499
msg_begin
7.75707e+06
-363697
-0.0928296
6.51926e-09
5.23869e-10
1.52656e-16
0
0
0
1685647734.08487
msg_begin
7.75707e+06
-363697
-0.0843736
0.0150751
0.00309007
0.00124137
0
0
0
1685647734.13487
msg_begin
7.75707e+06
-363697
-0.0821116
0.00307711
0.00530815
0.000653932
0
0
0
1685647734.18482
msg_begin
7.75707e+06
-363697
-0.0726467
0.0256007
0.0107266
0.00103327
0
0
0
1685647734.23482
msg_begin
7.75707e+06
-363697
-0.063047
0.00267929
0.00369624
0.000357126
0
0
0
1685647734.28481
msg_begin
7.75707e+06
-363697
-0.0590798
0.000507013
0.000845338
0.000330102
0
0
0
1685647734.33483
msg_begin
7.75707e+06
-363697
-0.0477938
0.0102614
0.00125224
0.000620432
0
0
0
1685647734.38489
msg_begin
7.75707e+06
-363697
-0.0396234
0.00162889
0.00177858
0.000150689
0
0
0
1685647734.43486
msg_begin
7.75707e+06
-363697
-0.0313785
0.0194107
0.00279782
0.000406189
0
0
0
1685647734.48485
msg_begin
7.75707e+06
-363697
-0.0184165
7.54371e-08
2.91038e-09
1.49186e-16
0
0
0
1685647734.53543
msg_begin
7.75707e+06
-363697
-0.00911122
0.00739904
0.0109759
0.00126331
0
0
0
1685647734.58479
msg_begin
7.75707e+06
-363697
0.00473005
0.0141758
0.0161609
0.000530342
0
0
0
1685647734.63478
msg_begin
7.75707e+06
-363697
0.0094314
0.000304876
0.000887536
8.14693e-06
0
0
0
1685647734.68481
msg_begin
7.75707e+06
-363697
0.0199523
0.00165355
0.00206053
0.000503975
0
0
0
1685647734.73551
msg_begin
7.75707e+06
-363697
0.035003
0.01257
0.0055102
0.000971923
0
0
0
1685647734.78467
msg_begin
7.75707e+06
-363697
0.0488078
7.17118e-08
3.0268e-09
1.249e-16
0
0
0
1685647734.83465
msg_begin
7.75707e+06
-363697
0.0617909
0.00638879
0.00309225
0.000893441
0
0
0
1685647734.88457
msg_begin
7.75707e+06
-363697
0.069943
0.000518483
0.00317098
0.000288716
0
0
0
1685647734.93549
msg_begin
7.75707e+06
-363697
0.0819728
0.00166704
0.00916308
0.000858571
0
0
0
1685647734.98453
msg_begin
7.75707e+06
-363697
0.0961106
0.00902042
0.00429577
0.00109914
0
0
0
1685647735.03460
msg_begin
7.75707e+06
-363697
0.10895
0.00895463
0.00790968
0.000183922
0
0
0
1685647735.08468
msg_begin
7.75707e+06
-363697
0.126865
0.0123194
0.00451968
0.000473003
0
0
0
1685647735.13527
msg_begin
7.75707e+06
-363696
0.138286
5.4948e-08
7.567e-10
9.15934e-16
0
0
0
1685647735.18456
msg_begin
7.75708e+06
-363696
0.147847
0.00314503
0.000437346
0.000148281
0
0
0
1685647735.23465
msg_begin
7.75708e+06
-363696
0.163591
0.00860395
0.00358642
0.00054478
0
0
0
1685647735.28476
msg_begin
7.75708e+06
-363696
0.175208
0.00390186
0.00140941
0.000199962
0
0
0
1685647735.33488
msg_begin
7.75708e+06
-363696
0.187526
0.00485143
0.00480518
9.36445e-05
0
0
0
1685647735.38498
msg_begin
7.75708e+06
-363696
0.200235
0.00482774
0.00324895
7.93642e-05
0
0
0
1685647735.43509
msg_begin
7.75708e+06
-363696
0.216713
0.00865058
0.00322203
0.000739205
0
0
0
1685647735.48516
msg_begin
7.75708e+06
-363696
0.226166
5.86733e-08
1.74623e-09
2.83107e-15
0
0
0
1685647735.53522
msg_begin
7.75708e+06
-363696
0.242139
0.0107657
0.0122512
0.00153361
0
0
0
1685647735.58528
msg_begin
7.75708e+06
-363696
0.257461
0.0110984
0.00715224
0.000844765
0
0
0
1685647735.63526
msg_begin
7.75708e+06
-363696
0.268192
0.00394402
0.00156414
0.000434414
0
0
0
1685647735.68527
msg_begin
7.75708e+06
-363696
0.281642
0.0105356
0.0082041
0.000460559
0
0
0
1685647735.73521
msg_begin
7.75708e+06
-363696
0.298769
0.00655128
0.00751091
0.000741322
0
0
0
1685647735.78524
msg_begin
7.75708e+06
-363695
0.313206
0.0220079
0.0222389
0.00150266
0
0
0
1685647735.83522
msg_begin
7.75708e+06
-363695
0.324411
0.00911329
0.00280999
0.000935393
0
0
0
1685647735.88515
msg_begin
7.75708e+06
-363695
0.337817
0.00702482
0.00385159
0.000750733
0
0
0
1685647735.93516
msg_begin
7.75708e+06
-363695
0.35356
0.000878069
0.000783415
0.000211905
0
0
0
1685647735.98516
msg_begin
7.75708e+06
-363695
0.363879
0.00136768
0.00202738
0.000163724
0
0
0
1685647736.03520
msg_begin
7.75708e+06
-363695
0.378824
9.31323e-10
1.92085e-09
3.94129e-15
0
0
0
1685647736.08519
msg_begin
7.75708e+06
-363695
0.391178
0.0047906
0.0113628
0.000135327
0
0
0
1685647736.13524
msg_begin
7.75708e+06
-363694
0.402718
0.00636021
0.00104308
0.000121995
0
0
0
1685647736.18523
msg_begin
7.75708e+06
-363694
0.415019
0.00437528
0.00123607
0.000144336
0
0
0
1685647736.23527
msg_begin
7.75708e+06
-363694
0.425664
0.004791
0.000426418
0.000211219
0
0
0
1685647736.28533
msg_begin
7.75708e+06
-363694
0.435613
0.00227708
0.00123334
0.000239881
0
0
0
1685647736.33604
msg_begin
7.75708e+06
-363694
0.448312
9.03383e-08
3.0268e-09
4.44089e-15
0
0
0
1685647736.38539
msg_begin
7.75708e+06
-363694
0.460157
4.93601e-08
3.7835e-09
2.05391e-15
0
0
0
1685647736.43543
msg_begin
7.75708e+06
-363694
0.470164
0.00453162
0.00198499
0.000209826
0
0
0
1685647736.48548
msg_begin
7.75708e+06
-363693
0.478176
0.0134928
0.0109758
0.00205963
0
0
0
1685647736.53590
msg_begin
7.75708e+06
-363693
0.48266
0.00656453
0.0091539
0.000452194
0
0
0
1685647736.58548
msg_begin
7.75708e+06
-363693
0.492589
0.0102052
0.0130381
0.0010131
0
0
0
1685647736.63550
msg_begin
7.75708e+06
-363693
0.500294
5.21541e-08
6.98492e-10
2.22045e-16
0
0
0
1685647736.68556
msg_begin
7.75709e+06
-363693
0.503985
0.00722923
0.00603342
0.000680998
0
0
0
1685647736.73625
msg_begin
7.75709e+06
-363692
0.510678
0.00105465
0.000325658
6.91413e-05
0
0
0
1685647736.78559
msg_begin
7.75709e+06
-363692
0.516904
0.00234603
0.00924063
0.000640181
0
0
0
1685647736.83558
msg_begin
7.75709e+06
-363692
0.52046
0.0165227
0.0108999
0.0010925
0
0
0
1685647736.88568
msg_begin
7.75709e+06
-363692
0.522939
0.0248791
0.00722064
0.00132422
0
0
0
1685647736.93628
msg_begin
7.75709e+06
-363692
0.52854
7.82311e-08
2.91038e-10
7.77156e-16
0
0
0
1685647736.98562
msg_begin
7.75709e+06
-363691
0.531422
0.0133511
0.00811995
0.00150922
0
0
0
1685647737.03561
msg_begin
7.75709e+06
-363691
0.52978
0.00691706
0.00549628
0.000310713
0
0
0
1685647737.08560
msg_begin
7.75709e+06
-363691
0.530996
0.00135163
0.00249685
5.40569e-05
0
0
0
1685647737.13641
msg_begin
7.75709e+06
-363691
0.534114
2.79397e-08
1.10595e-09
3.33067e-16
0
0
0
1685647737.18560
msg_begin
7.75709e+06
-363691
0.536329
0.000586371
0.00217796
0.000115254
0
0
0
1685647737.23555
msg_begin
7.75709e+06
-363690
0.535957
0.00202185
0.000110066
0.000108383
0
0
0
1685647737.28554
msg_begin
7.75709e+06
-363690
0.535454
5.21541e-08
1.16415e-10
1.55431e-15
0
0
0
1685647737.33644
msg_begin
7.75709e+06
-363690
0.536856
0.000890548
0.00108045
4.78624e-05
0
0
0
1685647737.38549
msg_begin
7.75709e+06
-363690
0.537184
0.00158288
0.000339922
1.02674e-05
0
0
0
1685647737.43546
msg_begin
7.75709e+06
-363690
0.540895
0.00804395
0.00952748
0.00111034
0
0
0
1685647737.48570
msg_begin
7.75709e+06
-363689
0.541551
0.00313376
0.00294291
0.000293014
0
0
0
1685647737.53595
msg_begin
7.75709e+06
-363689
0.542302
0.00378486
0.00143605
0.00042817
0
0
0
1685647737.58543
msg_begin
7.75709e+06
-363689
0.543892
0.00382556
0.00313839
0.000187769
0
0
0
1685647737.63550
msg_begin
7.75709e+06
-363689
0.541672
0.00740932
0.00258205
0.00110368
0
0
0
1685647737.68551
msg_begin
7.75709e+06
-363688
0.541957
5.86733e-08
1.28057e-09
2.44249e-15
0
0
0
1685647737.73594
msg_begin
7.75709e+06
-363688
0.541545
7.72998e-08
5.82077e-10
2.66454e-15
0
0
0
1685647737.78543
msg_begin
7.75709e+06
-363688
0.539475
0.00435732
0.00432654
0.000280641
0
0
0
1685647737.83543
msg_begin
7.75709e+06
-363688
0.540699
0.0142686
0.0085781
0.00123925
0
0
0
1685647737.88550
msg_begin
7.75709e+06
-363688
0.53967
0.00158299
0.00114024
6.87616e-05
0
0
0
1685647737.93626
msg_begin
7.75709e+06
-363687
0.536308
0.00479878
0.00180194
0.000473191
0
0
0
1685647738.03565
msg_begin
7.75709e+06
-363687
0.534917
2.79397e-08
2.38651e-09
3.10862e-15
0
0
0
1685647738.08551
msg_begin
7.75709e+06
-363687
0.536755
0.00190404
0.00192417
0.000183164
0
0
0
1685647738.13644
msg_begin
7.75709e+06
-363687
0.539878
5.58794e-09
3.25963e-09
1.88738e-15
0
0
0
1685647738.18553
msg_begin
7.75709e+06
-363686
0.540599
0.0142911
0.0155887
0.000774659
0
0
0
1685647738.23557
msg_begin
7.75709e+06
-363686
0.539961
0.0101433
0.0188456
0.00143193
0
0
0
1685647738.28564
msg_begin
7.7571e+06
-363686
0.543949
0.00611291
0.00849324
0.00231314
0
0
0
1685647738.33568
msg_begin
7.7571e+06
-363686
0.542179
0.00494793
0.00296096
0.000241105
0
0
0
1685647738.38565
msg_begin
7.7571e+06
-363686
0.542386
0.00791591
0.00644815
0.000473248
0
0
0
1685647738.43566
msg_begin
7.7571e+06
-363686
0.539912
0.0247972
0.0209534
0.00131638
0
0
0
1685647738.48563
msg_begin
7.7571e+06
-363685
0.541537
0.00720693
0.00195833
9.43216e-05
0
0
0
1685647738.53563
msg_begin
7.7571e+06
-363685
0.540923
6.79865e-08
2.91038e-09
9.99201e-16
0
0
0
1685647738.58563
msg_begin
7.7571e+06
-363685
0.542638
1.02445e-08
2.21189e-09
5.10703e-15
0
0
0
1685647738.63562
msg_begin
7.7571e+06
-363685
0.545953
0.0156784
0.0104396
0.00189391
0
0
0
1685647738.68579
msg_begin
7.7571e+06
-363685
0.544418
2.51457e-08
2.32831e-10
4.77396e-15
0
0
0
1685647738.73557
msg_begin
7.7571e+06
-363685
0.543348
0.00429874
0.00323549
0.000391795
0
0
0
1685647738.78556
msg_begin
7.7571e+06
-363684
0.548555
7.82311e-08
3.14321e-09
1.22125e-15
0
0
0
1685647738.83557
msg_begin
7.7571e+06
-363684
0.544426
4.65661e-09
2.91038e-10
1.22125e-15
0
0
0
1685647738.88573
msg_begin
7.7571e+06
-363684
0.543439
0.00562177
0.00374861
0.00061289
0
0
0
1685647738.93568
msg_begin
7.7571e+06
-363684
0.543316
0.0171351
0.0243356
0.000634277
0
0
0
1685647738.98572
msg_begin
7.7571e+06
-363684
0.545193
0.00174952
0.00111293
0.000114784
0
0
0
1685647739.03575
msg_begin
7.7571e+06
-363684
0.545632
0.00124032
0.000674534
0.000164824
0
0
0
1685647739.08577
msg_begin
7.7571e+06
-363683
0.548681
0.00341024
0.00173762
0.000305252
0
0
0
1685647739.13582
msg_begin
7.7571e+06
-363683
0.546281
0.0183632
0.00919939
0.000980791
0
0
0
1685647739.18583
msg_begin
7.7571e+06
-363683
0.544945
1.86265e-08
1.16415e-09
7.77156e-16
0
0
0
1685647739.23581
msg_begin
7.7571e+06
-363683
0.547654
0.0125789
0.00964358
0.000986359
0
0
0
1685647739.28581
msg_begin
7.7571e+06
-363683
0.549783
0.0313091
0.0201401
0.000928244
0
0
0
1685647739.33657
msg_begin
7.7571e+06
-363683
0.545647
0.0125665
0.0153248
0.00082767
0
0
0
1685647739.38580
msg_begin
7.7571e+06
-363683
0.549333
0.00253605
0.00258317
0.000745301
0
0
0
1685647739.43575
msg_begin
7.7571e+06
-363682
0.546107
0.0148247
0.00921989
0.00117933
0
0
0
1685647739.48583
msg_begin
7.7571e+06
-363682
0.542769
0.0122515
0.015829
0.000944039
0
0
0
1685647739.53607
msg_begin
7.7571e+06
-363682
0.541412
0.000744874
0.00126251
0.000144939
0
0
0
1685647739.58571
msg_begin
7.7571e+06
-363682
0.542913
0.00410997
0.0026011
0.000481048
0
0
0
1685647739.63566
msg_begin
7.7571e+06
-363682
0.544002
1.02445e-08
3.08501e-09
5.44009e-15
0
0
0
1685647739.68566
msg_begin
7.7571e+06
-363682
0.541812
0.0066185
0.00540079
0.00258732
0
0
0
1685647739.73636
msg_begin
7.7571e+06
-363682
0.544696
0.00234669
0.00193724
0.000199434
0
0
0
1685647739.78550
msg_begin
7.7571e+06
-363682
0.549258
4.65661e-08
8.14907e-10
4.77396e-15
0
0
0
1685647739.83544
msg_begin
7.7571e+06
-363681
0.550572
3.1665e-08
6.98492e-10
1.66533e-15
0
0
0
1685647739.88539
msg_begin
7.7571e+06
-363681
0.549674
0.0230635
0.0177076
0.000978608
0
0
0
1685647739.93555
msg_begin
7.7571e+06
-363681
0.548499
0.000407951
0.00253057
0.000237946
0
0
0
1685647739.98529
msg_begin
7.7571e+06
-363681
0.550971
5.12227e-08
2.44472e-09
2.66454e-15
0
0
0
1685647740.03529
msg_begin
7.7571e+06
-363681
0.547324
0.00565029
0.00461809
0.000933751
0
0
0
1685647740.08542
msg_begin
7.7571e+06
-363681
0.544129
0.0201152
0.0114107
0.00106933
0
0
0
1685647740.13595
msg_begin
7.7571e+06
-363681
0.543837
0.000835262
0.000145051
9.19754e-05
0
0
0
1685647740.18523
msg_begin
7.7571e+06
-363681
0.546043
0.0023919
0.00182626
0.00017616
0
0
0
1685647740.23522
msg_begin
7.7571e+06
-363680
0.546823
3.44589e-08
3.08501e-09
4.44089e-16
0
0
0
1685647740.28518
msg_begin
7.7571e+06
-363680
0.542182
5.4948e-08
5.82077e-11
9.99201e-16
0
0
0
1685647740.33514
msg_begin
7.7571e+06
-363680
0.541482
0.00187244
0.00195703
0.0001625
0
0
0
1685647740.38515
msg_begin
7.7571e+06
-363680
0.543088
0.00240922
0.00563615
8.64099e-05
0
0
0
1685647740.43517
msg_begin
7.7571e+06
-363680
0.545957
0.00941722
0.00192703
0.000575173
0
0
0
1685647740.48508
msg_begin
7.7571e+06
-363680
0.54089
0.000581539
0.000518274
8.5261e-05
0
0
0
1685647740.53507
msg_begin
7.75711e+06
-363680
0.54266
0.00377685
0.00935275
0.00108174
0
0
0
1685647740.58509
msg_begin
7.75711e+06
-363679
0.542225
0.0049911
0.00524002
0.000380316
0
0
0
1685647740.63511
msg_begin
7.75711e+06
-363679
0.541626
0.00523018
0.00970156
0.000303468
0
0
0
1685647740.68509
msg_begin
7.75711e+06
-363679
0.540701
0.000962024
0.00142943
7.79094e-05
0
0
0
1685647740.73510
msg_begin
7.75711e+06
-363679
0.542036
0.0160478
0.00358962
0.00121223
0
0
0
1685647740.78513
msg_begin
7.75711e+06
-363679
0.542501
0.00967425
0.00842108
0.000449157
0
0
0
1685647740.83520
msg_begin
7.75711e+06
-363679
0.542721
5.30854e-08
2.56114e-09
3.44169e-15
0
0
0
1685647740.88526
msg_begin
7.75711e+06
-363679
0.541635
0.00244159
0.00303106
0.000145693
0
0
0
1685647740.93523
msg_begin
7.75711e+06
-363679
0.541828
0.00671314
0.00431485
0.00208158
0
0
0
1685647740.98521
msg_begin
7.75711e+06
-363678
0.539756
0.00627057
0.00314655
0.00105597
0
0
0
1685647741.03520
msg_begin
7.75711e+06
-363678
0.536855
0.0011188
0.00138085
0.000406944
0
0
0
1685647741.08523
msg_begin
7.75711e+06
-363678
0.537506
0.0018989
0.00329771
0.000172837
0
0
0
1685647741.13521
msg_begin
7.75711e+06
-363678
0.539876
0.0118342
0.0129444
0.00097846
0
0
0
1685647741.18516
msg_begin
7.75711e+06
-363678
0.540745
0.00217117
0.00445583
0.000168713
0
0
0
1685647741.23516
msg_begin
7.75711e+06
-363678
0.541847
8.3819e-09
9.8953e-10
4.10783e-15
0
0
0
1685647741.28512
msg_begin
7.75711e+06
-363678
0.542563
8.3819e-09
1.74623e-10
1.11022e-16
0
0
0
1685647741.33606
msg_begin
7.75711e+06
-363677
0.542555
0.009018
0.00651451
0.000730793
0
0
0
1685647741.38504
msg_begin
7.75711e+06
-363677
0.542639
0.00294061
0.00235619
0.000175374
0
0
0
1685647741.43499
msg_begin
7.75711e+06
-363677
0.544418
0.000426869
0.000271427
6.74939e-06
0
0
0
1685647741.50417
msg_begin
7.75711e+06
-363677
0.544412
7.72998e-08
1.16415e-10
2.33147e-15
0
0
0
1685647741.53527
msg_begin
7.75711e+06
-363677
0.542941
0.000858686
0.00136168
7.57419e-05
0
0
0
1685647741.58495
msg_begin
7.75711e+06
-363677
0.540856
1.30385e-08
4.13274e-09
5.55112e-15
0
0
0
1685647741.63488
msg_begin
7.75711e+06
-363677
0.53851
0.00257697
0.00263348
0.000115509
0
0
0
1685647741.68488
msg_begin
7.75711e+06
-363676
0.535399
6.51926e-09
1.5134e-09
1.44329e-15
0
0
0
1685647741.73564
msg_begin
7.75711e+06
-363676
0.538746
0.0177551
0.00640884
0.000962953
0
0
0
1685647741.78487
msg_begin
7.75711e+06
-363676
0.538018
0.00870943
0.00303901
0.000691258
0
0
0
1685647741.83482
msg_begin
7.75711e+06
-363676
0.53624
5.86733e-08
2.03727e-09
4.77396e-15
0
0
0
1685647741.88485
msg_begin
7.75711e+06
-363676
0.536678
0.00272631
0.00593069
0.000960207
0
0
0
1685647741.93482
msg_begin
7.75711e+06
-363676
0.531478
5.68107e-08
3.14321e-09
2.22045e-16
0
0
0
1685647741.98476
msg_begin
7.75711e+06
-363676
0.53287
0.00109234
0.000873923
0.000204758
0
0
0
1685647742.03471
msg_begin
7.75711e+06
-363675
0.534311
8.00937e-08
1.16415e-10
1.55431e-15
0
0
0
1685647742.08559
msg_begin
7.75711e+06
-363675
0.53352
0.00114443
0.00177821
0.000212462
0
0
0
1685647742.13529
msg_begin
7.75711e+06
-363675
0.534235
0.00486131
0.00371719
0.00123876
0
0
0
1685647742.18471
msg_begin
7.75711e+06
-363675
0.533587
0.0062876
0.00133537
0.000522354
0
0
0
1685647742.23471
msg_begin
7.75711e+06
-363675
0.531791
0.0117898
0.0112441
0.00100375
0
0
0
1685647742.28472
msg_begin
7.75711e+06
-363675
0.530601
7.82311e-08
2.32831e-10
1.11022e-15
0
0
0
1685647742.33475
msg_begin
7.75711e+06
-363675
0.530617
0.019114
0.010419
0.000489122
0
0
0
1685647742.38474
msg_begin
7.75711e+06
-363674
0.534058
1.86265e-09
3.43425e-09
3.33067e-16
0
0
0
1685647742.43475
msg_begin
7.75711e+06
-363674
0.531864
0.00611612
0.0042859
0.000488345
0
0
0
1685647742.48477
msg_begin
7.75711e+06
-363674
0.529709
0.000940733
0.000578552
0.000186043
0
0
0
1685647742.53477
msg_begin
7.75711e+06
-363674
0.531125
0.00184027
0.00618575
0.000744798
0
0
0
1685647742.58477
msg_begin
7.75711e+06
-363674
0.533046
0.00828612
0.00385206
0.000515394
0
0
0
1685647742.63483
msg_begin
7.75711e+06
-363674
0.53691
0.00253446
0.002081
0.000280144
0
0
0
1685647742.68480
msg_begin
7.75711e+06
-363673
0.53741
0.0165771
0.00149729
0.000312121
0
0
0
1685647742.73486
msg_begin
7.75712e+06
-363673
0.531881
7.91624e-08
1.28057e-09
3.44169e-15
0
0
0
1685647742.78489
msg_begin
7.75712e+06
-363673
0.535922
0.00372947
0.00196902
0.000950659
0
0
0
1685647742.83493
msg_begin
7.75712e+06
-363673
0.527616
3.07336e-08
1.5134e-09
5.21805e-15
0
0
0
1685647742.88493
msg_begin
7.75712e+06
-363673
0.526259
0.011946
0.0116353
0.00102856
0
0
0
1685647742.93496
msg_begin
7.75712e+06
-363673
0.525445
0.00746663
0.0113381
0.000955284
0
0
0
1685647742.98500
msg_begin
7.75712e+06
-363673
0.525929
0.0175413
0.00158819
0.000317398
0
0
0
1685647743.03506
msg_begin
7.75712e+06
-363672
0.525564
0.000287539
0.000783034
7.19777e-05
0
0
0
1685647743.08509
msg_begin
7.75712e+06
-363672
0.522382
0.00960483
0.00324173
0.000536016
0
0
0
1685647743.13511
msg_begin
7.75712e+06
-363672
0.523164
4.65661e-09
1.74623e-10
7.77156e-16
0
0
0
1685647743.18511
msg_begin
7.75712e+06
-363672
0.518865
0.000717907
0.000901897
6.801e-05
0
0
0
1685647743.23520
msg_begin
7.75712e+06
-363672
0.517761
0.0147962
0.00643085
0.00080964
0
0
0
1685647743.28539
msg_begin
7.75712e+06
-363671
0.521927
6.61239e-08
6.98492e-10
0
0
0
0
1685647743.33596
msg_begin
7.75712e+06
-363671
0.520917
7.35745e-08
3.49246e-10
3.44169e-15
0
0
0
1685647743.38523
msg_begin
7.75712e+06
-363671
0.516133
5.68107e-08
1.04774e-09
1.55431e-15
0
0
0
1685647743.43524
msg_begin
7.75712e+06
-363671
0.515215
0.013193
0.0123783
0.000843246
0
0
0
1685647743.48527
msg_begin
7.75712e+06
-363671
0.514319
0.00294778
0.00645825
0.000420171
0
0
0
1685647743.53557
msg_begin
7.75712e+06
-363671
0.515963
0.0412476
0.0271538
0.0011451
0
0
0
1685647743.58525
msg_begin
7.75712e+06
-363670
0.514649
0.0124137
0.00375722
0.000248485
0
0
0
1685647743.63520
msg_begin
7.75712e+06
-363670
0.514214
0.00150861
0.0027094
7.05682e-05
0
0
0
1685647743.68542
msg_begin
7.75712e+06
-363670
0.513866
0.0116706
0.00489297
0.000708298
0
0
0
1685647743.73592
msg_begin
7.75712e+06
-363670
0.507237
4.93601e-08
1.45519e-09
3.33067e-16
0
0
0
1685647743.78513
msg_begin
7.75712e+06
-363670
0.50797
6.70552e-08
2.50293e-09
4.44089e-15
0
0
0
1685647743.83507
msg_begin
7.75712e+06
-363670
0.50863
0.0268392
0.0050264
0.0010051
0
0
0
1685647743.88597
msg_begin
7.75712e+06
-363669
0.507867
0.000462237
0.000183077
3.16341e-06
0
0
0
1685647743.93535
msg_begin
7.75712e+06
-363669
0.509095
0.00128425
0.00108419
5.75933e-05
0
0
0
1685647743.98499
msg_begin
7.75712e+06
-363669
0.510621
0.00241965
0.00102208
3.23012e-05
0
0
0
1685647744.03497
msg_begin
7.75712e+06
-363669
0.510581
6.79865e-08
3.43425e-09
1.11022e-16
0
0
0
1685647744.08499
msg_begin
7.75712e+06
-363669
0.506897
0.00342728
0.00109492
0.000244673
0
0
0
1685647744.18491
msg_begin
7.75712e+06
-363668
0.506446
0.00798665
0.00430952
0.000205978
0
0
0
1685647744.23502
msg_begin
7.75712e+06
-363668
0.508805
0.00605101
0.0068692
0.000794464
0
0
0
1685647744.28490
msg_begin
7.75712e+06
-363668
0.505085
0.0174956
0.00981373
0.00115113
0
0
0
1685647744.33490
msg_begin
7.75712e+06
-363668
0.505549
0.00338923
0.00258779
0.000376158
0
0
0
1685647744.38494
msg_begin
7.75712e+06
-363668
0.50632
0.00550909
0.0029669
0.000559014
0
0
0
1685647744.43496
msg_begin
7.75713e+06
-363667
0.504437
0.0024233
0.00259943
0.000915087
0
0
0
1685647744.48497
msg_begin
7.75713e+06
-363667
0.50363
0.0031149
0.00461847
0.000371922
0
0
0
1685647744.53497
msg_begin
7.75713e+06
-363667
0.50524
1.86265e-09
2.2701e-09
3.33067e-16
0
0
0
1685647744.58498
msg_begin
7.75713e+06
-363667
0.50452
0.022505
0.00464933
0.000463406
0
0
0
1685647744.63501
msg_begin
7.75713e+06
-363667
0.504671
0.00536295
0.000620423
0.000229257
0
0
0
1685647744.68497
msg_begin
7.75713e+06
-363666
0.504095
0.00989809
0.00172921
0.000266371
0
0
0
1685647744.73498
msg_begin
7.75713e+06
-363666
0.502757
0.00601845
0.00905065
0.000405204
0
0
0
1685647744.78492
msg_begin
7.75713e+06
-363666
0.506298
9.03383e-08
3.72529e-09
2.33147e-15
0
0
0
1685647744.83488
msg_begin
7.75713e+06
-363666
0.500921
6.51926e-09
3.31784e-09
1.33227e-15
0
0
0
1685647744.88487
msg_begin
7.75713e+06
-363666
0.499848
0.00619229
0.0074363
0.00105904
0
0
0
1685647744.93485
msg_begin
7.75713e+06
-363665
0.498695
0.00478705
0.0037355
0.000546479
0
0
0
1685647744.98485
msg_begin
7.75713e+06
-363665
0.499534
0.0181727
0.00505092
0.000178746
0
0
0
1685647745.03488
msg_begin
7.75713e+06
-363665
0.499018
0.0023435
0.00243578
0.000231544
0
0
0
1685647745.08494
msg_begin
7.75713e+06
-363665
0.499319
0.00201313
0.00179355
0.000110186
0
0
0
1685647745.13497
msg_begin
7.75713e+06
-363665
0.496109
0.0004795
0.000438134
1.07408e-05
0
0
0
1685647745.18506
msg_begin
7.75713e+06
-363665
0.497287
0.0236283
0.0102252
0.000789643
0
0
0
1685647745.23519
msg_begin
7.75713e+06
-363664
0.499121
0.00414076
0.00209012
8.46887e-05
0
0
0
1685647745.28581
msg_begin
7.75713e+06
-363664
0.500081
0.0248734
0.00988309
0.000495824
0
0
0
1685647745.33607
msg_begin
7.75713e+06
-363664
0.498873
0.00485298
0.0028018
0.000309571
0
0
0
1685647745.38514
msg_begin
7.75713e+06
-363664
0.497332
0.0026837
0.00662338
0.000735782
0
0
0
1685647745.43517
msg_begin
7.75713e+06
-363664
0.498771
0.00247405
0.00619795
0.00106559
0
0
0
1685647745.48515
msg_begin
7.75713e+06
-363663
0.496426
0.0108152
0.0024844
0.000373719
0
0
0
1685647745.53517
msg_begin
7.75713e+06
-363663
0.493904
0.0296109
0.0213693
0.000899699
0
0
0
1685647745.58519
msg_begin
7.75713e+06
-363663
0.49585
0.00117318
8.86088e-05
0.000113123
0
0
0
1685647745.63517
msg_begin
7.75713e+06
-363663
0.494648
0.00728809
0.00665884
0.000193496
0
0
0
1685647745.68520
msg_begin
7.75713e+06
-363662
0.492628
0.0193439
0.0184836
0.00109263
0
0
0
1685647745.73643
msg_begin
7.75713e+06
-363662
0.494216
0.00711017
0.00184408
0.000601154
0
0
0
1685647745.78524
msg_begin
7.75713e+06
-363662
0.49654
0.0122126
0.0067247
0.000934239
0
0
0
1685647745.83531
msg_begin
7.75713e+06
-363662
0.495655
0.00129395
0.00100212
8.51404e-05
0
0
0
1685647745.88531
msg_begin
7.75713e+06
-363662
0.495836
0.0052025
0.00612411
0.000623631
0
0
0
1685647745.93539
msg_begin
7.75714e+06
-363661
0.49398
0.00369284
0.00420921
0.000220913
0
0
0
1685647745.98532
msg_begin
7.75714e+06
-363661
0.49205
0.00880326
0.00472507
0.000292855
0
0
0
1685647746.03533
msg_begin
7.75714e+06
-363661
0.491586
0.00420507
0.00558027
0.000346316
0
0
0
1685647746.08530
msg_begin
7.75714e+06
-363661
0.494167
0.00384478
0.0106531
0.00126596
0
0
0
1685647746.13625
msg_begin
7.75714e+06
-363661
0.492737
0.0483393
0.0353165
0.00405957
0
0
0
1685647746.18526
msg_begin
7.75714e+06
-363660
0.487511
0.00884656
0.00358051
0.000217846
0
0
0
1685647746.23525
msg_begin
7.75714e+06
-363660
0.489972
0.00352391
0.00101034
9.12439e-05
0
0
0
1685647746.28520
msg_begin
7.75714e+06
-363660
0.491966
0.0384479
0.0178091
0.000980537
0
0
0
1685647746.33520
msg_begin
7.75714e+06
-363660
0.492042
0.0125716
0.00536338
0.000514324
0
0
0
1685647746.38521
msg_begin
7.75714e+06
-363660
0.490067
0.0228602
0.0104119
0.00156688
0
0
0
1685647746.43521
msg_begin
7.75714e+06
-363659
0.49038
0.00312534
0.00210354
0.000409328
0
0
0
1685647746.48521
msg_begin
7.75714e+06
-363659
0.49114
0.0106688
0.00399201
0.00107698
0
0
0
1685647746.53521
msg_begin
7.75714e+06
-363659
0.494029
8.00937e-08
3.84171e-09
4.38538e-15
0
0
0
1685647746.58518
msg_begin
7.75714e+06
-363659
0.492246
0.0402878
0.0159358
0.000522312
0
0
0
1685647746.63519
msg_begin
7.75714e+06
-363659
0.491127
0.00987204
0.00426198
0.000570129
0
0
0
1685647746.68520
msg_begin
7.75714e+06
-363658
0.494281
0.0054942
0.00306885
0.000125625
0
0
0
1685647746.73513
msg_begin
7.75714e+06
-363658
0.493971
0.0326361
0.0134492
0.000787619
0
0
0
1685647746.78513
msg_begin
7.75714e+06
-363658
0.493308
0.00199496
0.00155275
9.44985e-05
0
0
0
1685647746.83511
msg_begin
7.75714e+06
-363658
0.493933
0.0207691
0.00380227
0.000720812
0
0
0
1685647746.88511
msg_begin
7.75714e+06
-363658
0.49524
0.0415074
0.0222847
0.00136024
0
0
0
1685647746.93514
msg_begin
7.75714e+06
-363657
0.486513
0.0126947
0.00720755
0.000560657
0
0
0
1685647746.98510
msg_begin
7.75714e+06
-363657
0.4862
0.010383
0.0117542
0.00114147
0
0
0
1685647747.03511
msg_begin
7.75714e+06
-363657
0.487969
3.38185e-05
0.000272859
5.63972e-05
0
0
0
1685647747.08575
msg_begin
7.75714e+06
-363657
0.48907
0.0257835
0.017111
0.000758157
0
0
0
1685647747.13513
msg_begin
7.75714e+06
-363656
0.490441
0.0179596
0.0136685
0.00117245
0
0
0
1685647747.18514
msg_begin
7.75714e+06
-363656
0.487987
0.00885801
0.0025487
0.000448442
0
0
0
1685647747.23533
msg_begin
7.75715e+06
-363656
0.489628
0.00262202
0.000707803
2.13352e-05
0
0
0
1685647747.28519
msg_begin
7.75715e+06
-363656
0.489232
0.00543394
0.00111526
0.000204961
0
0
0
1685647747.33590
msg_begin
7.75715e+06
-363656
0.492926
5.21541e-08
4.65661e-10
3.9968e-15
0
0
0
1685647747.38521
msg_begin
7.75715e+06
-363655
0.493497
0.00824209
0.00348217
0.000242627
0
0
0
1685647747.43534
msg_begin
7.75715e+06
-363655
0.494844
0.011612
0.0101849
0.000800305
0
0
0
1685647747.48524
msg_begin
7.75715e+06
-363655
0.494918
0.00557773
0.00353368
0.000331538
0
0
0
1685647747.53525
msg_begin
7.75715e+06
-363655
0.492713
0.0104243
0.00970727
0.000761377
0
0
0
1685647747.58519
msg_begin
7.75715e+06
-363655
0.490589
0.0369737
0.0216155
0.00149675
0
0
0
1685647747.63520
msg_begin
7.75715e+06
-363654
0.492285
0.0108771
0.00393059
0.000601036
0
0
0
1685647747.68517
msg_begin
7.75715e+06
-363654
0.498535
0.000712218
0.000485058
0.000259846
0
0
0
1685647747.73524
msg_begin
7.75715e+06
-363654
0.497542
0.00582301
0.0051058
0.000843145
0
0
0
1685647747.78504
msg_begin
7.75715e+06
-363654
0.497829
0.0018464
0.00232815
0.000266137
0
0
0
1685647747.83499
msg_begin
7.75715e+06
-363654
0.496685
0.00582013
0.0123776
0.000682221
0
0
0
1685647747.88494
msg_begin
7.75715e+06
-363653
0.499619
0.0045901
0.0042981
0.000318652
0
0
0
1685647747.93591
msg_begin
7.75715e+06
-363653
0.500894
0.0253378
0.0188993
0.00114181
0
0
0
1685647747.98492
msg_begin
7.75715e+06
-363653
0.503123
0.000569169
0.00118337
4.63069e-05
0
0
0
1685647748.08481
msg_begin
7.75715e+06
-363653
0.507405
0.000973725
0.000753236
8.19686e-05
0
0
0
1685647748.13580
msg_begin
7.75715e+06
-363652
0.506587
0.0124809
0.00537576
0.000616194
0
0
0
1685647748.18473
msg_begin
7.75715e+06
-363652
0.508591
0.000722681
0.000163017
0.000117572
0
0
0
1685647748.23474
msg_begin
7.75715e+06
-363652
0.511404
0.0227975
0.0154573
0.00145575
0
0
0
1685647748.28468
msg_begin
7.75715e+06
-363652
0.517163
0.00115257
0.00111809
0.000173461
0
0
0
1685647748.33465
msg_begin
7.75715e+06
-363651
0.52167
0.0175183
0.0101248
0.00100161
0
0
0
1685647748.38464
msg_begin
7.75715e+06
-363651
0.524664
0.00624913
0.0082036
0.00167679
0
0
0
1685647748.43464
msg_begin
7.75715e+06
-363651
0.524873
0.000474406
0.000470515
1.84016e-05
0
0
0
1685647748.48486
msg_begin
7.75715e+06
-363651
0.526238
0.00282594
0.00183129
0.000976378
0
0
0
1685647748.53466
msg_begin
7.75715e+06
-363651
0.533784
0.0152259
0.00444327
0.000280904
0
0
0
1685647748.58462
msg_begin
7.75715e+06
-363650
0.539097
8.3819e-09
1.28057e-09
2.22045e-16
0
0
0
1685647748.63462
msg_begin
7.75715e+06
-363650
0.547326
0.00319738
0.00236038
0.000204759
0
0
0
1685647748.68484
msg_begin
7.75716e+06
-363650
0.555048
0.00296414
0.00510816
0.000812553
0
0
0
1685647748.73679
msg_begin
7.75716e+06
-363650
0.561071
0.00241543
0.0029966
0.000821274
0
0
0
1685647748.78466
msg_begin
7.75716e+06
-363649
0.566914
0.0235749
0.00188732
0.00026282
0
0
0
1685647748.83469
msg_begin
7.75716e+06
-363649
0.574884
0.0901304
0.0378321
0.000265523
0
0
0
1685647748.88484
msg_begin
7.75716e+06
-363649
0.581488
0.0469687
0.0252055
0.000648629
0
0
0
1685647748.93476
msg_begin
7.75716e+06
-363649
0.58603
0.000751374
0.0011264
9.7353e-06
0
0
0
1685647748.98478
msg_begin
7.75716e+06
-363649
0.594002
0.0138416
0.0136176
0.000698168
0
0
0
1685647749.03476
msg_begin
7.75716e+06
-363648
0.604165
0.00192735
0.00126979
0.000200661
0
0
0
1685647749.08480
msg_begin
7.75716e+06
-363648
0.612602
0.0215287
0.0179109
0.000756991
0
0
0
1685647749.13476
msg_begin
7.75716e+06
-363648
0.632623
0.0493277
0.0400054
0.000885618
0
0
0
1685647749.23517
msg_begin
7.75716e+06
-363647
0.64592
0.00311451
0.00185318
0.000420382
0
0
0
1685647749.28474
msg_begin
7.75716e+06
-363647
0.652577
0.00329551
0.00358066
0.000142014
0
0
0
1685647749.33479
msg_begin
7.75716e+06
-363647
0.659211
0.00951438
0.00626712
0.000772341
0
0
0
1685647749.38473
msg_begin
7.75716e+06
-363647
0.669529
5.40167e-08
1.39698e-09
1.44329e-15
0
0
0
1685647749.43475
msg_begin
7.75716e+06
-363646
0.679762
0.00728762
0.00476737
0.00126792
0
0
0
1685647749.48478
msg_begin
7.75716e+06
-363646
0.687392
0.023151
0.0170534
0.000714057
0
0
0
1685647749.53477
msg_begin
7.75716e+06
-363646
0.698642
0.00177582
0.00254496
5.74464e-05
0
0
0
1685647749.58484
msg_begin
7.75716e+06
-363646
0.706918
0.00869531
0.00842927
0.000297548
0
0
0
1685647749.63488
msg_begin
7.75716e+06
-363645
0.717896
0.00341917
0.00948031
0.000572889
0
0
0
1685647749.68480
msg_begin
7.75716e+06
-363645
0.725049
6.42613e-08
1.62981e-09
4.44089e-15
0
0
0
1685647749.73481
msg_begin
7.75716e+06
-363645
0.736467
0.00316422
0.00856696
0.00158827
0
0
0
1685647749.78483
msg_begin
7.75716e+06
-363645
0.744961
0.0023061
0.00504989
0.000385192
0
0
0
1685647749.83484
msg_begin
7.75716e+06
-363644
0.758612
0.00434492
0.00199987
0.000500165
0
0
0
1685647749.88485
msg_begin
7.75716e+06
-363644
0.764486
0.00939666
0.00740521
0.000627616
0
0
0
1685647749.93552
msg_begin
7.75716e+06
-363644
0.772344
0.00328622
0.00446633
0.000175945
0
0
0
1685647749.98482
msg_begin
7.75716e+06
-363643
0.782061
4.65661e-09
3.49246e-10
1.77636e-15
0
0
0
1685647750.03479
msg_begin
7.75716e+06
-363643
0.798143
0.00694941
0.00307811
0.000322596
0
0
0
1685647750.08477
msg_begin
7.75716e+06
-363643
0.808581
9.8785e-05
0.00272285
9.34592e-05
0
0
0
1685647750.13478
msg_begin
7.75716e+06
-363643
0.818443
0.0146315
0.0146586
0.000836732
0
0
0
1685647750.18478
msg_begin
7.75716e+06
-363642
0.825513
2.51457e-08
3.37604e-09
5.55112e-15
0
0
0
1685647750.23481
msg_begin
7.75716e+06
-363642
0.837873
0.0115684
0.00853041
0.000337612
0
0
0
1685647750.28481
msg_begin
7.75717e+06
-363642
0.851559
0.000440035
0.000380694
2.84959e-05
0
0
0
1685647750.33487
msg_begin
7.75717e+06
-363641
0.866426
0.00551693
0.00352242
0.000180185
0
0
0
1685647750.38486
msg_begin
7.75717e+06
-363641
0.875939
0.00221956
0.00584615
0.000112772
0
0
0
1685647750.43488
msg_begin
7.75717e+06
-363641
0.886935
0.0125327
0.0167467
0.000579891
0
0
0
1685647750.48508
msg_begin
7.75717e+06
-363640
0.897274
0.0102336
0.017665
0.00178418
0
0
0
1685647750.53487
msg_begin
7.75717e+06
-363640
0.905632
0.000183999
0.000857443
0.000122199
0
0
0
1685647750.58489
msg_begin
7.75717e+06
-363640
0.921194
0.00139005
0.00280184
0.000227036
0
0
0
1685647750.63487
msg_begin
7.75717e+06
-363640
0.933041
0.00439999
0.0061221
0.000297847
0
0
0
1685647750.68488
msg_begin
7.75717e+06
-363639
0.94564
5.58794e-08
8.14907e-10
7.77156e-16
0
0
0
1685647750.73481
msg_begin
7.75717e+06
-363639
0.95291
0.0105194
0.0134742
0.000441123
0
0
0
1685647750.78482
msg_begin
7.75717e+06
-363639
0.966731
0.000861565
0.000765497
0.000202556
0
0
0
1685647750.83480
msg_begin
7.75717e+06
-363638
0.979335
0.000599859
0.0011765
0.000125628
0
0
0
1685647750.88502
msg_begin
7.75717e+06
-363638
0.98926
0.0025066
0.00407717
0.000219891
0
0
0
1685647750.93487
msg_begin
7.75717e+06
-363638
0.999423
0.00235498
0.0049414
0.000328907
0
0
0
1685647750.98483
msg_begin
7.75717e+06
-363637
1.01056
0.00392139
0.00773397
0.000293226
0
0
0
1685647751.03488
msg_begin
7.75717e+06
-363637
1.02077
0.00352935
0.0062968
0.000370861
0
0
0
1685647751.08504
msg_begin
7.75717e+06
-363637
1.03031
2.70084e-08
3.60887e-09
1.9984e-15
0
0
0
1685647751.13488
msg_begin
7.75717e+06
-363636
1.0384
0.000504899
0.000814234
5.65198e-06
0
0
0
1685647751.18486
msg_begin
7.75717e+06
-363636
1.04906
0.00108613
0.00372136
0.00012557
0
0
0
1685647751.23488
msg_begin
7.75717e+06
-363636
1.0557
0.00732059
0.0204777
0.000671849
0
0
0
1685647751.28487
msg_begin
7.75717e+06
-363635
1.06861
0.00398795
0.00158206
0.000274414
0
0
0
1685647751.33485
msg_begin
7.75717e+06
-363635
1.07832
0.00180527
0.00331922
0.000658232
0
0
0
1685647751.38487
msg_begin
7.75717e+06
-363635
1.08285
0.0067953
0.0300924
0.00102381
0
0
0
1685647751.43492
msg_begin
7.75717e+06
-363634
1.09092
0.00292014
0.00229523
0.000308345
0
0
0
1685647751.48488
msg_begin
7.75717e+06
-363634
1.09928
0.0107019
0.00534375
0.000630645
0
0
0
1685647751.53493
msg_begin
7.75717e+06
-363634
1.1046
0.000906609
0.0019706
8.2523e-05
0
0
0
1685647751.58499
msg_begin
7.75717e+06
-363633
1.11329
0.0338837
0.059114
0.0021451
0
0
0
1685647751.63503
msg_begin
7.75717e+06
-363633
1.12251
1.95578e-08
1.68802e-09
2.22045e-15
0
0
0
1685647751.68506
msg_begin
7.75717e+06
-363633
1.12506
5.58794e-09
9.8953e-10
1.9984e-15
0
0
0
1685647751.73507
msg_begin
7.75717e+06
-363632
1.12924
0.000678068
0.00203222
0.000251985
0
0
0
1685647751.78514
msg_begin
7.75717e+06
-363632
1.1327
0.00467179
0.0101821
0.00081426
0
0
0
1685647751.83516
msg_begin
7.75717e+06
-363632
1.13974
0.00427855
0.0139855
0.000227773
0
0
0
1685647751.88520
msg_begin
7.75717e+06
-363631
1.142
0.0167525
0.0338383
0.000719736
0
0
0
1685647751.93517
msg_begin
7.75717e+06
-363631
1.14491
0.00272729
0.000797067
0.000259061
0
0
0
1685647751.98521
msg_begin
7.75717e+06
-363631
1.14848
0.00720267
0.0150784
0.000479464
0
0
0
1685647752.03528
msg_begin
7.75717e+06
-363630
1.15068
0.0291275
0.0539768
0.00109296
0
0
0
1685647752.08530
msg_begin
7.75717e+06
-363630
1.15108
6.98492e-08
6.40284e-10
8.88178e-16
0
0
0
1685647752.13537
msg_begin
7.75717e+06
-363630
1.15687
0.00269531
0.0006895
0.000249155
0
0
0
1685647752.18538
msg_begin
7.75717e+06
-363629
1.15982
0.000894534
0.00225886
0.000170453
0
0
0
1685647752.23547
msg_begin
7.75717e+06
-363629
1.16154
0.00467446
0.00616486
0.000581474
0
0
0
1685647752.28545
msg_begin
7.75717e+06
-363628
1.16367
0.00821779
0.00825021
0.000528035
0
0
0
1685647752.33544
msg_begin
7.75717e+06
-363628
1.1645
0.0213929
0.0349296
0.000730881
0
0
0
1685647752.38543
msg_begin
7.75717e+06
-363628
1.16594
0.0191591
0.0375673
0.000918542
0
0
0
1685647752.43543
msg_begin
7.75717e+06
-363627
1.1702
0.00103413
0.000682818
4.78746e-06
0
0
0
1685647752.48550
msg_begin
7.75717e+06
-363627
1.16974
0.00193142
0.0102858
0.000188924
0
0
0
1685647752.53536
msg_begin
7.75717e+06
-363627
1.17063
0.00513798
0.00354893
0.00048065
0
0
0
1685647752.58535
msg_begin
7.75717e+06
-363626
1.17273
0.0045796
0.00624955
0.000224775
0
0
0
1685647752.63539
msg_begin
7.75717e+06
-363626
1.17033
0.00608741
0.00923023
0.00095084
0
0
0
1685647752.68556
msg_begin
7.75717e+06
-363626
1.16998
0.0243359
0.033815
0.00161199
0
0
0
1685647752.73549
msg_begin
7.75717e+06
-363625
1.16546
5.21541e-08
7.567e-10
3.33067e-15
0
0
0
1685647752.78547
msg_begin
7.75717e+06
-363625
1.16398
0.00832091
0.00779068
0.00079363
0
0
0
1685647752.83553
msg_begin
7.75717e+06
-363624
1.16691
0.00028868
0.00176744
6.94937e-05
0
0
0
1685647752.88640
msg_begin
7.75717e+06
-363624
1.16479
0.00144186
0.00562181
0.000439855
0
0
0
1685647752.93561
msg_begin
7.75717e+06
-363624
1.16021
7.82311e-08
2.03727e-09
3.33067e-15
0
0
0
1685647752.98568
msg_begin
7.75717e+06
-363623
1.15811
0.00756892
0.02463
0.000869391
0
0
0
1685647753.03569
msg_begin
7.75717e+06
-363623
1.15458
0.00207602
0.00167134
0.000113484
0
0
0
1685647753.08607
msg_begin
7.75717e+06
-363623
1.14607
0.00197626
0.00375849
0.000107868
0
0
0
1685647753.13568
msg_begin
7.75717e+06
-363622
1.14029
0.00629052
0.00822314
0.000711701
0
0
0
1685647753.18567
msg_begin
7.75717e+06
-363622
1.12894
0.0012032
0.00419485
3.89095e-05
0
0
0
1685647753.23593
msg_begin
7.75718e+06
-363622
1.12179
0.00558745
0.0120529
0.000777865
0
0
0
1685647753.28562
msg_begin
7.75718e+06
-363621
1.11641
0.00540471
0.00747542
0.000341221
0
0
0
1685647753.33562
msg_begin
7.75718e+06
-363621
1.10454
8.3819e-09
5.23869e-10
1.33227e-15
0
0
0
1685647753.38562
msg_begin
7.75718e+06
-363621
1.09988
0.00150058
0.00458228
9.78534e-05
0
0
0
1685647753.43569
msg_begin
7.75718e+06
-363620
1.09365
0.00119643
0.00162689
0.000131023
0
0
0
1685647753.48553
msg_begin
7.75718e+06
-363620
1.08332
0.00918015
0.00253598
0.000153584
0
0
0
1685647753.53547
msg_begin
7.75718e+06
-363620
1.07545
8.3819e-09
2.67755e-09
1.11022e-15
0
0
0
1685647753.58545
msg_begin
7.75718e+06
-363619
1.06594
0.00513402
0.00331666
0.00144158
0
0
0
1685647753.63545
msg_begin
7.75718e+06
-363619
1.06572
2.79397e-08
5.82077e-11
3.77476e-15
0
0
0
1685647753.68537
msg_begin
7.75718e+06
-363619
1.05193
0.00671963
0.00837825
0.00084734
0
0
0
1685647753.73531
msg_begin
7.75718e+06
-363618
1.04519
0.00686368
0.0143647
0.000734464
0
0
0
1685647753.78534
msg_begin
7.75718e+06
-363618
1.04321
0.01017
0.00983173
0.00133275
0
0
0
1685647753.83529
msg_begin
7.75718e+06
-363618
1.03725
0.00297879
0.00167249
0.000125721
0
0
0
1685647753.88521
msg_begin
7.75718e+06
-363617
1.02382
0.00057677
0.00291203
0.00117617
0
0
0
1685647753.93525
msg_begin
7.75718e+06
-363617
1.01281
0.000580154
0.000206947
3.91725e-05
0
0
0
1685647753.98521
msg_begin
7.75718e+06
-363617
1.0081
0.000983157
0.0031724
0.000221042
0
0
0
1685647754.03519
msg_begin
7.75718e+06
-363616
0.999043
0.000151199
0.00317839
5.38803e-05
0
0
0
1685647754.08519
msg_begin
7.75718e+06
-363616
0.985658
0.00529331
0.00747552
0.000754581
0
0
0
1685647754.13518
msg_begin
7.75718e+06
-363616
0.983451
0.00944037
0.0167607
0.00115675
0
0
0
1685647754.18519
msg_begin
7.75718e+06
-363615
0.972617
6.89179e-08
6.40284e-10
2.22045e-15
0
0
0
1685647754.23524
msg_begin
7.75718e+06
-363615
0.967096
0.00744304
0.0136759
0.000855805
0
0
0
1685647754.28530
msg_begin
7.75718e+06
-363615
0.953773
0.00274121
0.00369115
1.21857e-05
0
0
0
1685647754.33528
msg_begin
7.75718e+06
-363614
0.947514
0.00224293
0.0108312
0.000220014
0
0
0
1685647754.38531
msg_begin
7.75718e+06
-363614
0.932669
0.00372429
0.00184449
9.47435e-05
0
0
0
1685647754.43535
msg_begin
7.75718e+06
-363614
0.919706
0.0028441
0.00685242
0.000419995
0
0
0
1685647754.48566
msg_begin
7.75718e+06
-363613
0.913832
0.00279248
0.000385051
4.11316e-05
0
0
0
1685647754.53539
msg_begin
7.75718e+06
-363613
0.907855
0.00634448
0.00810373
0.00030131
0
0
0
1685647754.58542
msg_begin
7.75718e+06
-363613
0.907428
1.76951e-08
2.73576e-09
1.66533e-15
0
0
0
1685647754.63544
msg_begin
7.75718e+06
-363612
0.890497
0.00423538
0.00804366
0.00046142
0
0
0
1685647754.68575
msg_begin
7.75718e+06
-363612
0.877566
0.00751286
0.00578392
0.000622904
0
0
0
1685647754.73549
msg_begin
7.75718e+06
-363612
0.869755
0.0262556
0.0219165
0.00123925
0
0
0
1685647754.78546
msg_begin
7.75718e+06
-363611
0.867133
5.86733e-08
1.39698e-09
1.11022e-15
0
0
0
1685647754.83542
msg_begin
7.75718e+06
-363611
0.853965
3.72529e-09
3.89991e-09
7.77156e-16
0
0
0
1685647754.88630
msg_begin
7.75718e+06
-363611
0.846397
0.0049477
0.00705915
0.000285477
0
0
0
1685647754.93535
msg_begin
7.75718e+06
-363610
0.840988
0.0107182
0.0154137
0.00151263
0
0
0
1685647754.98534
msg_begin
7.75718e+06
-363610
0.835996
0.000512661
0.00083949
0.000193659
0
0
0
1685647755.03531
msg_begin
7.75718e+06
-363610
0.827513
0.00308974
0.00264396
0.000145995
0
0
0
1685647755.08566
msg_begin
7.75718e+06
-363610
0.810628
0.0012623
0.00123612
0.00071257
0
0
0
1685647755.13523
msg_begin
7.75718e+06
-363609
0.812291
7.45058e-08
5.82077e-11
1.33227e-15
0
0
0
1685647755.18518
msg_begin
7.75718e+06
-363609
0.803309
0.0137488
0.0123419
0.000661254
0
0
0
1685647755.23522
msg_begin
7.75718e+06
-363609
0.792608
0.0178513
0.0139933
0.00184009
0
0
0
1685647755.28501
msg_begin
7.75718e+06
-363608
0.787773
0.0117131
0.0136778
0.000886551
0
0
0
1685647755.33502
msg_begin
7.75718e+06
-363608
0.771801
0.00450205
0.00100384
0.000398256
0
0
0
1685647755.38495
msg_begin
7.75718e+06
-363608
0.765141
0.0141504
0.00644464
0.00053579
0
0
0
1685647755.43496
msg_begin
7.75718e+06
-363607
0.765157
0.00186361
0.00190912
0.000312087
0
0
0
1685647755.48495
msg_begin
7.75719e+06
-363607
0.758566
0.00916744
0.00560883
0.001374
0
0
0
1685647755.53496
msg_begin
7.75719e+06
-363607
0.746244
0.0206902
0.0244692
0.00146017
0
0
0
1685647755.58493
msg_begin
7.75719e+06
-363607
0.729852
3.35276e-08
8.73115e-10
1.77636e-15
0
0
0
1685647755.63494
msg_begin
7.75719e+06
-363606
0.730308
0.00174256
0.00533305
0.00094802
0
0
0
1685647755.68495
msg_begin
7.75719e+06
-363606
0.725289
0.00635162
0.00559652
0.000148408
0
0
0
1685647755.73497
msg_begin
7.75719e+06
-363606
0.710308
0.00030752
0.000897395
0.000222608
0
0
0
1685647755.78494
msg_begin
7.75719e+06
-363605
0.707121
0.0285205
0.0181215
0.0012648
0
0
0
1685647755.83492
msg_begin
7.75719e+06
-363605
0.700714
0.0113739
0.00855734
0.000353591
0
0
0
1685647755.88497
msg_begin
7.75719e+06
-363605
0.690251
0.00162058
0.00125631
0.000359651
0
0
0
1685647755.93495
msg_begin
7.75719e+06
-363605
0.687113
0.000793826
0.000179551
7.35337e-05
0
0
0
1685647755.98496
msg_begin
7.75719e+06
-363604
0.68331
0.00476035
0.00306822
0.000684848
0
0
0
1685647756.03499
msg_begin
7.75719e+06
-363604
0.667946
6.42613e-08
2.67755e-09
6.66134e-16
0
0
0
1685647756.08498
msg_begin
7.75719e+06
-363604
0.664092
0.0194045
0.0147768
0.00169272
0
0
0
1685647756.13503
msg_begin
7.75719e+06
-363603
0.654073
0.000624879
0.00139957
0.000162637
0
0
0
1685647756.18502
msg_begin
7.75719e+06
-363603
0.648922
0.00218904
0.00207676
0.000613762
0
0
0
1685647756.23511
msg_begin
7.75719e+06
-363603
0.636215
0.00780717
0.00157349
0.000160231
0
0
0
1685647756.28508
msg_begin
7.75719e+06
-363603
0.632142
0.000776502
7.53422e-05
1.16141e-05
0
0
0
1685647756.33510
msg_begin
7.75719e+06
-363602
0.625263
0.00553773
0.00101931
0.000127399
0
0
0
1685647756.38510
msg_begin
7.75719e+06
-363602
0.619253
0.00595718
0.00579933
0.000498984
0
0
0
1685647756.43511
msg_begin
7.75719e+06
-363602
0.616359
0.0091995
0.00799721
0.000142192
0
0
0
1685647756.48571
msg_begin
7.75719e+06
-363602
0.604422
0.00137526
0.00234937
0.000380908
0
0
0
1685647756.53506
msg_begin
7.75719e+06
-363601
0.594582
0.0126751
0.00805522
0.000402747
0
0
0
1685647756.58501
msg_begin
7.75719e+06
-363601
0.588401
0.000333082
0.00343594
0.000770838
0
0
0
1685647756.63500
msg_begin
7.75719e+06
-363601
0.584968
0.00168257
0.00299492
0.000538264
0
0
0
1685647756.68593
msg_begin
7.75719e+06
-363601
0.580938
0.00452023
0.00461864
0.000719109
0
0
0
1685647756.73494
msg_begin
7.75719e+06
-363600
0.568183
5.40167e-08
1.28057e-09
2.10942e-15
0
0
0
1685647756.83496
msg_begin
7.75719e+06
-363600
0.563093
0.0112639
0.0050126
0.00054501
0
0
0
1685647756.88542
msg_begin
7.75719e+06
-363599
0.565001
0.000726412
0.000692273
0.000135605
0
0
0
1685647756.93489
msg_begin
7.75719e+06
-363599
0.564466
0.0165597
0.0112465
9.91966e-05
0
0
0
1685647756.98483
msg_begin
7.7572e+06
-363599
0.56057
1.86265e-09
1.16415e-10
1.33227e-15
0
0
0
1685647757.03479
msg_begin
7.7572e+06
-363599
0.557111
0.0264537
0.0200673
0.00238955
0
0
0
1685647757.08555
msg_begin
7.7572e+06
-363599
0.553069
0.013805
0.0103876
0.000892586
0
0
0
1685647757.13472
msg_begin
7.7572e+06
-363598
0.553927
0.000308682
0.00238474
0.000145047
0
0
0
1685647757.18471
msg_begin
7.7572e+06
-363598
0.553244
0.000919383
7.71397e-05
2.11188e-05
0
0
0
1685647757.23469
msg_begin
7.7572e+06
-363598
0.550391
0.00881739
0.00457221
0.000498891
0
0
0
1685647757.28563
msg_begin
7.7572e+06
-363598
0.547783
0.0394896
0.0257082
0.00110353
0
0
0
1685647757.33466
msg_begin
7.7572e+06
-363597
0.542668
6.98492e-08
4.65661e-10
1.88738e-15
0
0
0
1685647757.38467
msg_begin
7.7572e+06
-363597
0.54249
2.6077e-08
2.21189e-09
1.55431e-15
0
0
0
1685647757.43467
msg_begin
7.7572e+06
-363597
0.543024
0.00886236
0.00526656
0.000156951
0
0
0
1685647757.48464
msg_begin
7.7572e+06
-363597
0.542234
1.86265e-08
6.98492e-10
2.77556e-15
0
0
0
1685647757.53468
msg_begin
7.7572e+06
-363596
0.539476
5.68107e-08
9.31323e-10
5.55112e-16
0
0
0
1685647757.58468
msg_begin
7.7572e+06
-363596
0.538559
0.0116112
0.0125426
0.000396774
0
0
0
1685647757.63473
msg_begin
7.7572e+06
-363596
0.535013
0.0208063
0.0102703
0.00040028
0
0
0
1685647757.68481
msg_begin
7.7572e+06
-363596
0.536428
0.00235262
0.00439833
0.000393977
0
0
0
1685647757.73481
msg_begin
7.7572e+06
-363595
0.535882
0.00736146
0.00637346
0.000794351
0
0
0
1685647757.78489
msg_begin
7.7572e+06
-363595
0.534362
0.00750672
0.00172152
0.000282083
0
0
0
1685647757.83491
msg_begin
7.7572e+06
-363595
0.529465
0.00589766
0.0014879
0.000464327
0
0
0
1685647757.88489
msg_begin
7.7572e+06
-363595
0.534855
0.000295011
0.000609144
0.000226331
0
0
0
1685647757.93491
msg_begin
7.7572e+06
-363594
0.535407
0.0044331
0.00771327
0.000599367
0
0
0
1685647757.98494
msg_begin
7.7572e+06
-363594
0.538305
0.0521358
0.0337046
0.000528561
0
0
0
1685647758.08487
msg_begin
7.7572e+06
-363593
0.54066
0.00568976
0.00444308
0.000107989
0
0
0
1685647758.18488
msg_begin
7.75721e+06
-363593
0.540822
0.00463981
0.00176929
0.000654113
0
0
0
1685647758.23493
msg_begin
7.75721e+06
-363593
0.541244
0.000226835
7.25418e-05
0.000105489
0
0
0
1685647758.28492
msg_begin
7.75721e+06
-363592
0.542374
0.0149393
0.000762127
0.00012027
0
0
0
1685647758.33491
msg_begin
7.75721e+06
-363592
0.538312
0.0111195
0.0143418
0.00113471
0
0
0
1685647758.38491
msg_begin
7.75721e+06
-363592
0.539291
0.00584241
0.00391411
0.000322046
0
0
0
1685647758.43491
msg_begin
7.75721e+06
-363592
0.539461
0.0143655
0.0115702
0.00128561
0
0
0
1685647758.48584
msg_begin
7.75721e+06
-363592
0.537493
0.0420627
0.0339464
0.000898001
0
0
0
1685647758.53489
msg_begin
7.75721e+06
-363591
0.537653
0.013933
0.0093879
0.000783258
0
0
0
1685647758.58489
msg_begin
7.75721e+06
-363591
0.540255
0.0238503
0.012027
0.000929161
0
0
0
1685647758.63562
msg_begin
7.75721e+06
-363591
0.540667
0.00471573
0.00696697
0.000259284
0
0
0
1685647758.68565
msg_begin
7.75721e+06
-363590
0.542078
0.0121463
0.00537721
0.000435046
0
0
0
1685647758.73489
msg_begin
7.75721e+06
-363590
0.542565
4.65661e-09
4.65661e-10
4.10783e-15
0
0
0
1685647758.78488
msg_begin
7.75721e+06
-363590
0.543024
0.00125155
0.000638186
0.000103507
0
0
0
1685647758.83488
msg_begin
7.75721e+06
-363590
0.542434
0.00236118
0.000604976
4.92871e-05
0
0
0
1685647758.88510
msg_begin
7.75721e+06
-363589
0.548186
0.00726144
0.00456647
0.000473357
0
0
0
1685647758.93492
msg_begin
7.75721e+06
-363589
0.548405
0.00792147
0.00186518
0.00071368
0
0
0
1685647758.98492
msg_begin
7.75721e+06
-363589
0.548163
0.0134387
0.0131681
0.00124011
0
0
0
1685647759.03532
msg_begin
7.75721e+06
-363589
0.5504
0.00560438
0.00331811
0.000350964
0
0
0
1685647759.08573
msg_begin
7.75721e+06
-363588
0.554112
0.0140382
0.00831524
0.000134292
0
0
0
1685647759.13498
msg_begin
7.75721e+06
-363588
0.553437
0.00737507
0.00574958
0.000508991
0
0
0
1685647759.18504
msg_begin
7.75721e+06
-363588
0.555959
0.00911072
0.0034732
0.000739301
0
0
0
1685647759.23580
msg_begin
7.75721e+06
-363587
0.555536
0.0156973
0.00683735
0.000920987
0
0
0
1685647759.28512
msg_begin
7.75721e+06
-363587
0.558009
0.0407749
0.022275
0.000828375
0
0
0
1685647759.33521
msg_begin
7.75721e+06
-363587
0.564023
0.00211517
0.00884723
0.000803448
0
0
0
1685647759.38522
msg_begin
7.75722e+06
-363586
0.563002
3.49256e-05
0.000297656
0.000237825
0
0
0
1685647759.43518
msg_begin
7.75722e+06
-363586
0.567092
0.015763
0.00848926
0.000195272
0
0
0
1685647759.48517
msg_begin
7.75722e+06
-363586
0.570508
2.32831e-08
1.22236e-09
0
0
0
0
1685647759.53523
msg_begin
7.75722e+06
-363586
0.573767
0.0445143
0.0339253
0.0012143
0
0
0
1685647759.58524
msg_begin
7.75722e+06
-363585
0.573196
0.034607
0.017456
0.00147404
0
0
0
1685647759.63521
msg_begin
7.75722e+06
-363585
0.575806
0.0143491
0.00398583
0.00154314
0
0
0
1685647759.68523
msg_begin
7.75722e+06
-363585
0.580673
0.0494596
0.0373307
0.00130111
0
0
0
1685647759.73521
msg_begin
7.75722e+06
-363585
0.579649
0.0197266
0.0159193
0.00109186
0
0
0
1685647759.78515
msg_begin
7.75722e+06
-363584
0.579185
0.00519272
0.0121251
0.000934143
0
0
0
1685647759.83517
msg_begin
7.75722e+06
-363584
0.582157
0.0105793
0.00673367
0.000547567
0
0
0
1685647759.88518
msg_begin
7.75722e+06
-363584
0.583052
0.0214246
0.0180885
0.00157805
0
0
0
1685647759.93509
msg_begin
7.75722e+06
-363583
0.58401
0.0236233
0.0162646
0.00169938
0
0
0
1685647759.98509
msg_begin
7.75722e+06
-363583
0.587253
2.79397e-08
3.0268e-09
9.99201e-16
0
0
0
1685647760.03503
msg_begin
7.75722e+06
-363583
0.584298
9.31323e-10
4.65661e-10
9.99201e-16
0
0
0
1685647760.08495
msg_begin
7.75722e+06
-363582
0.586399
0.0226249
0.0111977
0.00054213
0
0
0
1685647760.13491
msg_begin
7.75722e+06
-363582
0.587509
0.0059352
0.00547601
0.000623024
0
0
0
1685647760.18491
msg_begin
7.75722e+06
-363582
0.589926
7.45058e-09
1.74623e-10
2.22045e-15
0
0
0
1685647760.23485
msg_begin
7.75722e+06
-363582
0.593161
0.0188782
0.0118084
0.000946231
0
0
0
1685647760.28490
msg_begin
7.75722e+06
-363581
0.598545
0.00519715
0.0154561
0.000636022
0
0
0
1685647760.33484
msg_begin
7.75722e+06
-363581
0.599507
0.00732766
0.00240085
0.000245543
0
0
0
1685647760.38485
msg_begin
7.75722e+06
-363581
0.600135
0.0213684
0.0105016
0.000198699
0
0
0
1685647760.43604
msg_begin
7.75722e+06
-363580
0.601912
0.0528974
0.0279247
0.00108495
0
0
0
1685647760.48557
msg_begin
7.75722e+06
-363580
0.603437
0.0138758
0.0108568
0.000780368
0
0
0
1685647760.53484
msg_begin
7.75722e+06
-363580
0.603379
0.0187442
0.0112783
0.000511717
0
0
0
1685647760.58481
msg_begin
7.75723e+06
-363579
0.602089
0.00895467
0.00564982
0.000388276
0
0
0
1685647760.63486
msg_begin
7.75723e+06
-363579
0.606376
0.00125493
0.000492845
0.000138308
0
0
0
1685647760.68565
msg_begin
7.75723e+06
-363579
0.606913
0.0054768
0.00351986
0.000132455
0
0
0
1685647760.73493
msg_begin
7.75723e+06
-363578
0.608222
0.00319122
0.00832039
0.000842018
0
0
0
1685647760.78490
msg_begin
7.75723e+06
-363578
0.609769
0.00728646
0.00496624
0.000718983
0
0
0
1685647760.83493
msg_begin
7.75723e+06
-363578
0.612309
6.51926e-09
4.01633e-09
5.55112e-16
0
0
0
1685647760.88533
msg_begin
7.75723e+06
-363577
0.614979
0.0198614
0.00453238
0.000593929
0
0
0
1685647760.93499
msg_begin
7.75723e+06
-363577
0.615572
0.0129203
0.00797423
0.00120824
0
0
0
1685647760.98504
msg_begin
7.75723e+06
-363577
0.617289
0.0271994
0.0185187
0.000667275
0
0
0
1685647761.03658
msg_begin
7.75723e+06
-363576
0.619886
0.0104378
0.00771304
0.000614465
0
0
0
1685647761.08524
msg_begin
7.75723e+06
-363576
0.623003
0.00836772
0.00541663
0.000253766
0
0
0
1685647761.13510
msg_begin
7.75723e+06
-363576
0.624899
0.00475624
0.00350917
0.000740984
0
0
0
1685647761.18511
msg_begin
7.75723e+06
-363576
0.625779
3.25963e-08
3.95812e-09
2.33147e-15
0
0
0
1685647761.23601
msg_begin
7.75723e+06
-363575
0.625714
0.00908581
0.00579201
0.000212361
0
0
0
1685647761.28519
msg_begin
7.75723e+06
-363575
0.626355
0.00263178
0.00526895
0.00172552
0
0
0
1685647761.33517
msg_begin
7.75723e+06
-363574
0.628826
0.0129971
0.0100508
0.000157207
0
0
0
1685647761.38522
msg_begin
7.75723e+06
-363574
0.629786
9.31323e-10
3.7835e-09
3.55271e-15
0
0
0
1685647761.43527
msg_begin
7.75723e+06
-363574
0.632613
0.0148874
0.00728737
0.00137367
0
0
0
1685647761.48526
msg_begin
7.75723e+06
-363574
0.632857
0.00515014
0.00239903
0.000429919
0
0
0
1685647761.53526
msg_begin
7.75723e+06
-363573
0.636017
0.00697746
0.00150575
0.000533017
0
0
0
1685647761.58524
msg_begin
7.75723e+06
-363573
0.636663
0.00540727
0.00352879
0.000806724
0
0
0
1685647761.63529
msg_begin
7.75723e+06
-363573
0.638951
0.00193351
0.00306559
0.000240735
0
0
0
1685647761.68532
msg_begin
7.75723e+06
-363572
0.643405
0.0274252
0.0241499
0.000411458
0
0
0
1685647761.73524
msg_begin
7.75724e+06
-363572
0.643544
5.58794e-09
4.01633e-09
4.21885e-15
0
0
0
1685647761.78524
msg_begin
7.75724e+06
-363572
0.645438
9.03383e-08
1.74623e-10
4.44089e-15
0
0
0
1685647761.83524
msg_begin
7.75724e+06
-363571
0.646102
0.0040583
0.00337111
0.000255106
0
0
0
1685647761.88536
msg_begin
7.75724e+06
-363571
0.645901
0.0207791
0.0132481
0.00121267
0
0
0
1685647761.93532
msg_begin
7.75724e+06
-363571
0.649483
0.0202047
0.0156229
0.00116262
0
0
0
1685647761.98532
msg_begin
7.75724e+06
-363570
0.6521
0.00599921
0.0047498
0.000410573
0
0
0
1685647762.03534
msg_begin
7.75724e+06
-363570
0.653714
0.0147312
0.0143486
0.000535548
0
0
0
1685647762.08539
msg_begin
7.75724e+06
-363569
0.655593
0.00619206
0.00325867
0.000568774
0
0
0
1685647762.13539
msg_begin
7.75724e+06
-363569
0.658212
0.00200684
9.02628e-05
1.8645e-05
0
0
0
1685647762.18534
msg_begin
7.75724e+06
-363569
0.663246
0.0107507
0.00896184
0.00110052
0
0
0
1685647762.23558
msg_begin
7.75724e+06
-363568
0.663778
0.00607268
0.00932954
0.000539604
0
0
0
1685647762.28538
msg_begin
7.75724e+06
-363568
0.665882
1.58325e-08
1.33878e-09
3.10862e-15
0
0
0
1685647762.33537
msg_begin
7.75724e+06
-363568
0.667671
3.72529e-09
5.82077e-10
2.55351e-15
0
0
0
1685647762.38540
msg_begin
7.75724e+06
-363567
0.668645
0.0284024
0.0228546
0.000760049
0
0
0
1685647762.43542
msg_begin
7.75724e+06
-363567
0.672754
1.58325e-08
1.92085e-09
5.55112e-16
0
0
0
1685647762.48629
msg_begin
7.75724e+06
-363567
0.672479
0.00523358
0.0029532
0.000337519
0
0
0
1685647762.53539
msg_begin
7.75724e+06
-363566
0.674411
0.023857
0.0201444
0.000460204
0
0
0
1685647762.58539
msg_begin
7.75724e+06
-363566
0.676111
0.00720589
0.00698122
0.00021386
0
0
0
1685647762.63545
msg_begin
7.75724e+06
-363566
0.678124
0.0129375
0.0150191
0.000468341
0
0
0
1685647762.68590
msg_begin
7.75724e+06
-363565
0.678881
2.30088e-05
0.00112595
6.51936e-05
0
0
0
1685647762.73551
msg_begin
7.75724e+06
-363565
0.682627
0.0177006
0.0120342
0.00033577
0
0
0
1685647762.78549
msg_begin
7.75724e+06
-363564
0.682574
0.00565573
0.00787379
0.000103126
0
0
0
1685647762.83582
msg_begin
7.75724e+06
-363564
0.680975
0.000250249
0.000882023
0.000157838
0
0
0
1685647762.88654
msg_begin
7.75725e+06
-363564
0.683896
0.0449792
0.0447036
0.00169639
0
0
0
1685647762.93552
msg_begin
7.75725e+06
-363563
0.686399
0.0147316
0.0184509
0.000596992
0
0
0
1685647762.98557
msg_begin
7.75725e+06
-363563
0.690281
0.00812239
0.0164489
0.000250258
0
0
0
1685647763.03560
msg_begin
7.75725e+06
-363563
0.692965
6.61239e-08
5.82077e-11
3.44169e-15
0
0
0
1685647763.08705
msg_begin
7.75725e+06
-363562
0.693221
0.0195568
0.0104803
0.000802635
0
0
0
1685647763.13563
msg_begin
7.75725e+06
-363562
0.69465
0.0032473
0.004053
0.000169336
0
0
0
1685647763.18566
msg_begin
7.75725e+06
-363562
0.696376
0.0130913
0.0110889
0.000921513
0
0
0
1685647763.23595
msg_begin
7.75725e+06
-363561
0.696579
0.0103217
0.0210953
0.000232565
0
0
0
1685647763.28581
msg_begin
7.75725e+06
-363561
0.699575
5.40061e-05
0.00184721
1.93558e-05
0
0
0
1685647763.33573
msg_begin
7.75725e+06
-363560
0.701885
0.00329715
0.00370701
0.000300377
0
0
0
1685647763.38571
msg_begin
7.75725e+06
-363560
0.70247
0.0098154
0.00956261
6.79544e-05
0
0
0
1685647763.43576
msg_begin
7.75725e+06
-363560
0.705423
0.0134515
0.0108236
0.000397822
0
0
0
1685647763.48576
msg_begin
7.75725e+06
-363559
0.706878
1.67638e-08
1.16415e-10
3.9968e-15
0
0
0
1685647763.53578
msg_begin
7.75725e+06
-363559
0.70758
7.45058e-09
3.08501e-09
4.44089e-15
0
0
0
1685647763.58582
msg_begin
7.75725e+06
-363559
0.708473
0.00485695
0.00657075
0.00022264
0
0
0
1685647763.63587
msg_begin
7.75725e+06
-363558
0.70881
0.0109573
0.00204206
0.000403228
0
0
0
1685647763.68583
msg_begin
7.75725e+06
-363558
0.711295
0.0166996
0.0152881
0.000682277
0
0
0
1685647763.73582
msg_begin
7.75725e+06
-363557
0.711231
0.0259568
0.0181075
0.000699424
0
0
0
1685647763.78578
msg_begin
7.75725e+06
-363557
0.711329
0.0164314
0.0185948
0.000504783
0
0
0
1685647763.83578
msg_begin
7.75725e+06
-363557
0.712767
0.00132423
0.000722827
9.53643e-06
0
0
0
1685647763.88573
msg_begin
7.75725e+06
-363556
0.714263
1.11759e-08
4.07454e-10
3.21965e-15
0
0
0
1685647763.93574
msg_begin
7.75725e+06
-363556
0.715346
0.00491192
0.00297614
0.000565406
0
0
0
1685647763.98570
msg_begin
7.75725e+06
-363556
0.714738
0.003683
0.00346546
0.000163112
0
0
0
1685647764.03565
msg_begin
7.75725e+06
-363555
0.713404
0.00971181
0.00514917
0.00107954
0
0
0
1685647764.08566
msg_begin
7.75726e+06
-363555
0.711915
4.09782e-08
1.28057e-09
3.33067e-16
0
0
0
1685647764.13560
msg_begin
7.75726e+06
-363554
0.715666
0.0212631
0.0168632
0.00130016
0
0
0
1685647764.18560
msg_begin
7.75726e+06
-363554
0.718098
0.00570267
0.00494978
0.000221603
0
0
0
1685647764.23566
msg_begin
7.75726e+06
-363554
0.719605
0.0142816
0.0121901
0.000594365
0
0
0
1685647764.28554
msg_begin
7.75726e+06
-363553
0.718737
0.00729395
0.00482926
0.000464796
0
0
0
1685647764.33550
msg_begin
7.75726e+06
-363553
0.721441
0.0119198
0.0108492
0.00085769
0
0
0
1685647764.38552
msg_begin
7.75726e+06
-363553
0.723085
0.00496913
0.0124262
0.00121097
0
0
0
1685647764.43557
msg_begin
7.75726e+06
-363552
0.72608
0.0119156
0.00511755
0.00158131
0
0
0
1685647764.48664
msg_begin
7.75726e+06
-363552
0.727275
0.00102052
0.00134398
0.000343149
0
0
0
1685647764.53554
msg_begin
7.75726e+06
-363551
0.727102
6.23986e-08
3.31784e-09
1.55431e-15
0
0
0
1685647764.58552
msg_begin
7.75726e+06
-363551
0.725751
1.86265e-09
9.31323e-10
1.66533e-15
0
0
0
1685647764.63558
msg_begin
7.75726e+06
-363551
0.727332
2.8871e-08
1.10595e-09
3.88578e-15
0
0
0
1685647764.68638
msg_begin
7.75726e+06
-363550
0.727403
0.0123923
0.0154505
0.000921603
0
0
0
1685647764.73566
msg_begin
7.75726e+06
-363550
0.728422
0.00308138
0.00093451
0.000181594
0
0
0
1685647764.78566
msg_begin
7.75726e+06
-363549
0.727983
7.91624e-08
4.65661e-10
2.22045e-16
0
0
0
1685647764.83603
msg_begin
7.75726e+06
-363549
0.731644
0.00476505
0.00771662
0.000273515
0
0
0
1685647764.88671
msg_begin
7.75726e+06
-363549
0.73462
0.0155915
0.0182465
0.000185261
0
0
0
1685647764.93577
msg_begin
7.75726e+06
-363548
0.737617
0.00389105
0.00521282
0.000562409
0
0
0
1685647764.98572
msg_begin
7.75726e+06
-363548
0.740168
0.000987812
3.53108e-05
0.000199894
0
0
0
1685647765.03573
msg_begin
7.75726e+06
-363548
0.744876
0.00802377
0.0076278
0.00105628
0
0
0
1685647765.08655
msg_begin
7.75726e+06
-363547
0.739414
0.00537231
0.00505222
0.000300275
0
0
0
1685647765.13572
msg_begin
7.75726e+06
-363547
0.741803
9.31323e-10
6.40284e-10
1.77636e-15
0
0
0
1685647765.18565
msg_begin
7.75726e+06
-363546
0.742053
0.00224181
0.00266561
0.000463095
0
0
0
1685647765.23610
msg_begin
7.75726e+06
-363546
0.742898
0.0153815
0.0165018
0.000856382
0
0
0
1685647765.28568
msg_begin
7.75726e+06
-363546
0.741067
0.00627639
0.00207551
0.000389675
0
0
0
1685647765.33556
msg_begin
7.75727e+06
-363545
0.743561
0.0539156
0.0424512
0.00186787
0
0
0
1685647765.38551
msg_begin
7.75727e+06
-363545
0.743676
1.76951e-08
6.98492e-10
2.55351e-15
0
0
0
1685647765.43550
msg_begin
7.75727e+06
-363544
0.745182
0.0156033
0.0104501
0.000572744
0
0
0
1685647765.48544
msg_begin
7.75727e+06
-363544
0.741492
0.00512799
0.000603645
0.000956742
0
0
0
1685647765.53539
msg_begin
7.75727e+06
-363544
0.746467
0.0146812
0.00887959
0.00216796
0
0
0
1685647765.58540
msg_begin
7.75727e+06
-363543
0.747906
0.00122957
0.000222278
6.25461e-05
0
0
0
1685647765.63533
msg_begin
7.75727e+06
-363543
0.746602
0.0191191
0.0155904
0.000398421
0
0
0
1685647765.68534
msg_begin
7.75727e+06
-363543
0.746134
0.00614346
0.00242954
0.000400215
0
0
0
1685647765.73535
msg_begin
7.75727e+06
-363542
0.744497
0.0059048
0.00720806
0.000699119
0
0
0
1685647765.78532
msg_begin
7.75727e+06
-363542
0.744193
0.00316065
0.000749306
0.000351181
0
0
0
1685647765.83533
msg_begin
7.75727e+06
-363541
0.742705
0.00190824
0.00217175
0.000152515
0
0
0
1685647765.88546
msg_begin
7.75727e+06
-363541
0.743711
0.00271276
0.00122522
0.000163447
0
0
0
1685647765.93547
msg_begin
7.75727e+06
-363541
0.745657
0.0106722
0.00901519
0.000385288
0
0
0
1685647765.98542
msg_begin
7.75727e+06
-363540
0.742585
7.45058e-09
1.57161e-09
2.22045e-15
0
0
0
1685647766.03546
msg_begin
7.75727e+06
-363540
0.745023
0.00746513
0.0100308
0.000610829
0
0
0
1685647766.08542
msg_begin
7.75727e+06
-363539
0.744529
0.00639114
0.00684817
0.000454879
0
0
0
1685647766.13542
msg_begin
7.75727e+06
-363539
0.745894
0.026513
0.0133423
0.000277288
0
0
0
1685647766.18536
msg_begin
7.75727e+06
-363539
0.745021
0.000629022
0.00305112
0.000115262
0
0
0
1685647766.23534
msg_begin
7.75727e+06
-363538
0.74499
0.000306619
5.59484e-05
4.04052e-05
0
0
0
1685647766.28650
msg_begin
7.75727e+06
-363538
0.74415
0.0178961
0.00579243
0.0005745
0
0
0
1685647766.33514
msg_begin
7.75727e+06
-363537
0.744308
0.00569924
0.00762434
0.000649576
0
0
0
1685647766.38514
msg_begin
7.75727e+06
-363537
0.742202
6.0536e-08
1.74623e-10
8.88178e-16
0
0
0
1685647766.43514
msg_begin
7.75727e+06
-363537
0.742227
0.010478
0.00729911
0.000183581
0
0
0
1685647766.48600
msg_begin
7.75727e+06
-363536
0.747379
6.98492e-08
2.61934e-09
7.77156e-16
0
0
0
1685647766.53496
msg_begin
7.75727e+06
-363536
0.748761
0.00101478
0.00201615
0.000111069
0
0
0
1685647766.58494
msg_begin
7.75728e+06
-363536
0.749778
0.0018809
0.000678681
8.47766e-05
0
0
0
1685647766.63514
msg_begin
7.75728e+06
-363535
0.748592
0.0105838
0.00715994
0.000664539
0
0
0
1685647766.68576
msg_begin
7.75728e+06
-363535
0.748253
0.00248546
0.00698215
0.000640314
0
0
0
1685647766.73489
msg_begin
7.75728e+06
-363534
0.748683
3.25963e-08
9.8953e-10
4.44089e-16
0
0
0
1685647766.78490
msg_begin
7.75728e+06
-363534
0.747075
0.00814401
0.00816081
0.00113838
0
0
0
1685647766.83521
msg_begin
7.75728e+06
-363534
0.744542
0.0173309
0.0136687
0.000293064
0
0
0
1685647766.88590
msg_begin
7.75728e+06
-363533
0.746688
0.00211846
0.00385608
0.000393614
0
0
0
1685647766.93492
msg_begin
7.75728e+06
-363533
0.745032
0.00322
0.0012576
1.65216e-05
0
0
0
1685647766.98492
msg_begin
7.75728e+06
-363532
0.746546
7.79856e-05
0.000846508
4.97934e-05
0
0
0
1685647767.03542
msg_begin
7.75728e+06
-363532
0.746091
0.00314525
0.00344579
0.000154763
0
0
0
1685647767.08569
msg_begin
7.75728e+06
-363532
0.746976
0.0103518
0.00526449
0.000591114
0
0
0
1685647767.13499
msg_begin
7.75728e+06
-363531
0.746069
0.00146116
0.00205931
0.000440154
0
0
0
1685647767.18507
msg_begin
7.75728e+06
-363531
0.747001
0.0129804
0.00571171
0.000450418
0
0
0
1685647767.23612
msg_begin
7.75728e+06
-363530
0.743642
0.025291
0.0324932
0.0024376
0
0
0
1685647767.28513
msg_begin
7.75728e+06
-363530
0.746178
2.6077e-08
4.65661e-10
3.44169e-15
0
0
0
1685647767.33520
msg_begin
7.75728e+06
-363530
0.742768
5.58794e-08
2.09548e-09
2.22045e-16
0
0
0
1685647767.38523
msg_begin
7.75728e+06
-363529
0.7444
0.0112929
0.00928902
0.000237564
0
0
0
1685647767.43531
msg_begin
7.75728e+06
-363529
0.745212
0.00986594
0.00597225
0.000474495
0
0
0
1685647767.48525
msg_begin
7.75728e+06
-363528
0.744952
5.02914e-08
4.07454e-09
3.66374e-15
0
0
0
1685647767.53521
msg_begin
7.75728e+06
-363528
0.746132
0.00277063
0.00312005
0.000386805
0
0
0
1685647767.58514
msg_begin
7.75728e+06
-363528
0.746855
0.0150787
0.0154561
0.000685886
0
0
0
1685647767.63509
msg_begin
7.75728e+06
-363527
0.743368
0.00635439
0.00598585
0.000297358
0
0
0
1685647767.68507
msg_begin
7.75728e+06
-363527
0.74397
0.00846696
0.00102241
0.000713183
0
0
0
1685647767.73498
msg_begin
7.75728e+06
-363527
0.744118
0.000804546
0.00165949
7.83083e-05
0
0
0
1685647767.78494
msg_begin
7.75729e+06
-363526
0.745487
0.00655193
0.0137937
0.000591923
0
0
0
1685647767.83489
msg_begin
7.75729e+06
-363526
0.74444
0.00220621
0.00854092
0.000429524
0
0
0
1685647767.88490
msg_begin
7.75729e+06
-363525
0.745243
4.65661e-09
6.98492e-10
3.44169e-15
0
0
0
1685647767.93488
msg_begin
7.75729e+06
-363525
0.744492
0.000913478
0.00203946
0.000135443
0
0
0
1685647767.98493
msg_begin
7.75729e+06
-363524
0.742268
0.0134957
0.013418
0.000311679
0
0
0
1685647768.13495
msg_begin
7.75729e+06
-363523
0.743607
0.000642443
0.000500803
9.6956e-05
0
0
0
1685647768.23491
msg_begin
7.75729e+06
-363523
0.742542
1.11759e-08
6.98492e-10
3.33067e-16
0
0
0
1685647768.28579
msg_begin
7.75729e+06
-363522
0.741623
0.0104637
0.0131078
0.00091866
0
0
0
1685647768.33490
msg_begin
7.75729e+06
-363522
0.741308
0.0319971
0.0234529
0.00106005
0
0
0
1685647768.38490
msg_begin
7.75729e+06
-363521
0.741807
0.00166668
0.00109344
5.43121e-05
0
0
0
1685647768.43499
msg_begin
7.75729e+06
-363521
0.73944
0.00442304
0.0045617
4.19323e-05
0
0
0
1685647768.48558
msg_begin
7.75729e+06
-363521
0.739972
0.000301096
0.00067922
4.55356e-06
0
0
0
1685647768.53489
msg_begin
7.75729e+06
-363520
0.73845
0.00351106
0.0048717
0.000219387
0
0
0
1685647768.58491
msg_begin
7.75729e+06
-363520
0.738732
0.00797363
0.00637945
0.000390158
0
0
0
1685647768.63500
msg_begin
7.75729e+06
-363519
0.741202
0.0340225
0.0382168
0.000875266
0
0
0
1685647768.68566
msg_begin
7.75729e+06
-363519
0.740674
0.00987971
0.00707632
0.000360716
0
0
0
1685647768.73488
msg_begin
7.75729e+06
-363519
0.740593
0.0171973
0.00979566
0.000681307
0
0
0
1685647768.78479
msg_begin
7.75729e+06
-363518
0.739916
0.0157669
0.0124278
0.00164758
0
0
0
1685647768.83761
msg_begin
7.75729e+06
-363518
0.739179
0.00614123
0.00973004
0.00118981
0
0
0
1685647768.88543
msg_begin
7.75729e+06
-363518
0.738962
0.00302175
0.00539176
0.000172042
0
0
0
1685647768.93459
msg_begin
7.75729e+06
-363517
0.737564
5.58794e-09
2.44472e-09
5.55112e-15
0
0
0
1685647768.98455
msg_begin
7.75729e+06
-363517
0.739291
0.0168741
0.00587746
0.001064
0
0
0
1685647769.03447
msg_begin
7.7573e+06
-363516
0.739209
0.00511604
0.0123914
0.000326827
0
0
0
1685647769.08536
msg_begin
7.7573e+06
-363516
0.738353
0.0250712
0.0339758
0.000993803
0
0
0
1685647769.13435
msg_begin
7.7573e+06
-363516
0.739749
0.00229454
0.00387559
0.000118097
0
0
0
1685647769.18431
msg_begin
7.7573e+06
-363515
0.738833
0.0130707
0.00733386
0.000187368
0
0
0
1685647769.23444
msg_begin
7.7573e+06
-363515
0.739864
0.00184671
0.0124762
0.000552528
0
0
0
1685647769.28424
msg_begin
7.7573e+06
-363515
0.738329
0.0164783
0.0299149
0.00144856
0
0
0
1685647769.33424
msg_begin
7.7573e+06
-363514
0.738587
0.0186895
0.0125853
0.000740527
0
0
0
1685647769.38423
msg_begin
7.7573e+06
-363514
0.738428
2.6077e-08
2.38651e-09
5.10703e-15
0
0
0
1685647769.43423
msg_begin
7.7573e+06
-363513
0.736957
0.000119803
0.000143367
4.33834e-06
0
0
0
1685647769.48421
msg_begin
7.7573e+06
-363513
0.735684
0.00563691
0.00586782
0.000379518
0
0
0
1685647769.53421
msg_begin
7.7573e+06
-363513
0.736126
0.00117176
0.00185804
0.000125191
0
0
0
1685647769.58422
msg_begin
7.7573e+06
-363512
0.736773
0.000739932
0.00256112
8.66664e-05
0
0
0
1685647769.63420
msg_begin
7.7573e+06
-363512
0.734431
0.00206465
0.00274071
0.000307724
0
0
0
1685647769.68424
msg_begin
7.7573e+06
-363512
0.735201
0.012577
0.00791947
0.000722757
0
0
0
1685647769.73424
msg_begin
7.7573e+06
-363511
0.73437
0.00337157
0.00922533
0.000813652
0
0
0
1685647769.78424
msg_begin
7.7573e+06
-363511
0.734009
2.79397e-09
1.57161e-09
2.66454e-15
0
0
0
1685647769.83427
msg_begin
7.7573e+06
-363511
0.734708
3.35276e-08
4.65661e-10
2.22045e-16
0
0
0
1685647769.88428
msg_begin
7.7573e+06
-363510
0.734604
0.0151137
0.0133702
0.000136424
0
0
0
1685647769.93431
msg_begin
7.7573e+06
-363510
0.736457
0.00755471
0.00602964
0.000476525
0
0
0
1685647769.98435
msg_begin
7.7573e+06
-363510
0.737143
0.0181156
0.0126149
0.000495767
0
0
0
1685647770.03435
msg_begin
7.7573e+06
-363509
0.736911
0.00230904
0.000998529
0.000431131
0
0
0
1685647770.08441
msg_begin
7.7573e+06
-363509
0.73433
0.000698014
0.00132927
0.00022035
0
0
0
1685647770.13441
msg_begin
7.7573e+06
-363509
0.734721
0.0185886
0.0185408
0.000890892
0
0
0
1685647770.18444
msg_begin
7.7573e+06
-363508
0.733135
5.68107e-08
2.15368e-09
2.10942e-15
0
0
0
1685647770.23449
msg_begin
7.7573e+06
-363508
0.733209
0.00452321
0.00620318
0.000263086
0
0
0
1685647770.28516
msg_begin
7.7573e+06
-363508
0.735517
0.000109189
3.61028e-05
5.05594e-05
0
0
0
1685647770.33457
msg_begin
7.7573e+06
-363507
0.736217
0.00214421
0.00267588
0.000234187
0
0
0
1685647770.38458
msg_begin
7.75731e+06
-363507
0.735738
0.00474691
0.00461115
0.000401688
0
0
0
1685647770.43473
msg_begin
7.75731e+06
-363507
0.732454
0.00118813
0.00142143
9.80633e-05
0
0
0
1685647770.48552
msg_begin
7.75731e+06
-363506
0.732468
8.10251e-08
1.57161e-09
3.10862e-15
0
0
0
1685647770.53469
msg_begin
7.75731e+06
-363506
0.730951
0.00574644
0.00581559
0.000323937
0
0
0
1685647770.63480
msg_begin
7.75731e+06
-363505
0.727073
0.00471359
0.00572018
0.000606964
0
0
0
1685647770.68521
msg_begin
7.75731e+06
-363505
0.723014
0.0386099
0.0327831
0.000682296
0
0
0
1685647770.73478
msg_begin
7.75731e+06
-363505
0.720478
0.00778442
0.00666714
0.000880263
0
0
0
1685647770.78476
msg_begin
7.75731e+06
-363504
0.71509
0.00658382
0.0104084
3.10265e-05
0
0
0
1685647770.83486
msg_begin
7.75731e+06
-363504
0.710548
7.35745e-08
1.97906e-09
2.22045e-16
0
0
0
1685647770.88539
msg_begin
7.75731e+06
-363504
0.705435
0.00557745
0.00654358
8.94019e-05
0
0
0
1685647770.93483
msg_begin
7.75731e+06
-363503
0.702127
0.011241
0.00601497
0.00146489
0
0
0
1685647770.98489
msg_begin
7.75731e+06
-363503
0.693182
0.0029535
0.00730579
0.000439179
0
0
0
1685647771.03508
msg_begin
7.75731e+06
-363503
0.685234
0.00457568
0.00486301
0.00132353
0
0
0
1685647771.08578
msg_begin
7.75731e+06
-363502
0.680016
8.28877e-08
1.74623e-10
5.21805e-15
0
0
0
1685647771.13503
msg_begin
7.75731e+06
-363502
0.672758
0.00765269
0.0191469
0.000955781
0
0
0
1685647771.18510
msg_begin
7.75731e+06
-363502
0.670161
4.65661e-09
3.72529e-09
1.33227e-15
0
0
0
1685647771.23583
msg_begin
7.75731e+06
-363502
0.666743
0.00624885
0.00358231
0.00121273
0
0
0
1685647771.28509
msg_begin
7.75731e+06
-363501
0.656408
0.00948147
0.00280906
4.78065e-05
0
0
0
1685647771.33508
msg_begin
7.75731e+06
-363501
0.651412
0.0119762
0.0087343
0.000525269
0
0
0
1685647771.38511
msg_begin
7.75731e+06
-363501
0.64174
0.00231136
0.00641385
0.000203342
0
0
0
1685647771.43521
msg_begin
7.75731e+06
-363501
0.634309
0.0199321
0.0124028
0.000884389
0
0
0
1685647771.48512
msg_begin
7.75731e+06
-363500
0.62544
0.0194876
0.0139533
0.00183531
0
0
0
1685647771.53511
msg_begin
7.75731e+06
-363500
0.620968
0.00135939
0.00467319
0.000486083
0
0
0
1685647771.58510
msg_begin
7.75731e+06
-363500
0.604781
0.0131742
0.0112483
0.00100286
0
0
0
1685647771.63511
msg_begin
7.75731e+06
-363500
0.5991
0.00188398
0.0108323
0.000601239
0
0
0
1685647771.68510
msg_begin
7.75731e+06
-363499
0.596504
0.0314178
0.0215728
0.0026336
0
0
0
1685647771.73510
msg_begin
7.75731e+06
-363499
0.588369
0.00523941
0.003027
0.000867189
0
0
0
1685647771.78513
msg_begin
7.75731e+06
-363499
0.578854
0.00568608
0.00863603
0.00149936
0
0
0
1685647771.83518
msg_begin
7.75732e+06
-363499
0.56843
0.00168146
0.00393861
0.000100012
0
0
0
1685647771.88522
msg_begin
7.75732e+06
-363498
0.561459
0.00233884
0.000873591
4.7192e-05
0
0
0
1685647771.93527
msg_begin
7.75732e+06
-363498
0.548335
0.00187606
0.00711687
0.00128272
0
0
0
1685647771.98532
msg_begin
7.75732e+06
-363498
0.535359
0.00518086
0.00914694
0.000771908
0
0
0
1685647772.03532
msg_begin
7.75732e+06
-363498
0.52744
0.0122121
0.0184426
0.000669476
0
0
0
1685647772.08536
msg_begin
7.75732e+06
-363498
0.513885
0.00101602
0.00236243
0.00010697
0
0
0
1685647772.13533
msg_begin
7.75732e+06
-363497
0.504694
0.00691732
0.00880854
0.0006706
0
0
0
1685647772.18533
msg_begin
7.75732e+06
-363497
0.491626
0.00167787
0.00581422
0.000658458
0
0
0
1685647772.23536
msg_begin
7.75732e+06
-363497
0.483237
0.00226018
0.00207165
0.000250021
0
0
0
1685647772.28633
msg_begin
7.75732e+06
-363497
0.472029
0.00225022
0.00127839
0.000209105
0
0
0
1685647772.33527
msg_begin
7.75732e+06
-363497
0.459261
0.00382068
0.00159535
0.000267411
0
0
0
1685647772.38524
msg_begin
7.75732e+06
-363496
0.447177
0.00681065
0.00404667
0.000396037
0
0
0
1685647772.43518
msg_begin
7.75732e+06
-363496
0.439325
0.00594422
0.0028986
0.000670443
0
0
0
1685647772.48580
msg_begin
7.75732e+06
-363496
0.427464
0.0105334
0.00651471
0.000820643
0
0
0
1685647772.53514
msg_begin
7.75732e+06
-363496
0.417627
4.28408e-08
2.2701e-09
2.9976e-15
0
0
0
1685647772.58507
msg_begin
7.75732e+06
-363496
0.405293
0.0087307
0.00471692
0.00145315
0
0
0
1685647772.63507
msg_begin
7.75732e+06
-363496
0.396879
0.000512362
0.000598562
4.1451e-05
0
0
0
1685647772.68624
msg_begin
7.75732e+06
-363495
0.385469
0.0036722
0.00784363
0.00018665
0
0
0
1685647772.73497
msg_begin
7.75732e+06
-363495
0.37533
0.001575
0.00140826
0.000282366
0
0
0
1685647772.78497
msg_begin
7.75732e+06
-363495
0.361718
0.00694759
0.0171217
0.00031313
0
0
0
1685647772.83504
msg_begin
7.75732e+06
-363495
0.351101
0.00609713
0.010573
0.000248691
0
0
0
1685647772.88589
msg_begin
7.75732e+06
-363495
0.339799
0.0177485
0.0065951
0.00126442
0
0
0
1685647772.93496
msg_begin
7.75732e+06
-363495
0.326389
0.0171108
0.00381777
0.000904577
0
0
0
1685647772.98501
msg_begin
7.75732e+06
-363494
0.309217
0.00720703
0.00274861
0.000635313
0
0
0
1685647773.03501
msg_begin
7.75732e+06
-363494
0.298492
0.004193
0.00121324
0.00039415
0
0
0
1685647773.08565
msg_begin
7.75732e+06
-363494
0.28525
0.0446439
0.0145542
0.00289841
0
0
0
1685647773.13499
msg_begin
7.75732e+06
-363494
0.271669
0.0178284
0.00234392
0.000448789
0
0
0
1685647773.18494
msg_begin
7.75732e+06
-363494
0.264911
0.00831393
0.00532051
0.000321534
0
0
0
1685647773.23495
msg_begin
7.75732e+06
-363494
0.24948
0.00385529
0.00017525
2.39612e-05
0
0
0
1685647773.28581
msg_begin
7.75732e+06
-363494
0.237692
0.0220133
0.00442065
0.000254713
0
0
0
1685647773.33497
msg_begin
7.75733e+06
-363494
0.224671
0.00612801
0.00429841
0.00202763
0
0
0
1685647773.38493
msg_begin
7.75733e+06
-363494
0.216504
0.00333126
0.00108307
0.000302657
0
0
0
1685647773.43498
msg_begin
7.75733e+06
-363494
0.199614
0.00965059
0.000911063
0.000524545
0
0
0
1685647773.48515
msg_begin
7.75733e+06
-363493
0.191389
0.00925482
0.00323791
0.000463926
0
0
0
1685647773.53496
msg_begin
7.75733e+06
-363493
0.174522
0.0106545
0.00695841
0.00062099
0
0
0
1685647773.58511
msg_begin
7.75733e+06
-363493
0.165858
0.0108049
0.0055073
0.000662269
0
0
0
1685647773.63511
msg_begin
7.75733e+06
-363493
0.143072
7.17118e-08
2.32831e-09
1.83187e-15
0
0
0
1685647773.68596
msg_begin
7.75733e+06
-363493
0.130964
0.000856961
0.00039825
7.9799e-06
0
0
0
1685647773.73510
msg_begin
7.75733e+06
-363493
0.126571
0.00438652
0.00398984
0.000208897
0
0
0
1685647773.78515
msg_begin
7.75733e+06
-363493
0.111756
0.00525041
0.00123016
0.000149925
0
0
0
1685647773.83521
msg_begin
7.75733e+06
-363493
0.100461
0.0129995
0.00431919
0.000607436
0
0
0
1685647773.88611
msg_begin
7.75733e+06
-363493
0.0844389
0.0102464
0.00380441
0.00125027
0
0
0
1685647773.93510
msg_begin
7.75733e+06
-363493
0.0719917
0.0163833
0.0058025
0.00267179
0
0
0
1685647773.98505
msg_begin
7.75733e+06
-363493
0.0618171
0.00357662
0.00588102
0.000167678
0
0
0
1685647774.03514
msg_begin
7.75733e+06
-363493
0.0445052
0.00611774
0.00816533
0.000539436
0
0
0
1685647774.08566
msg_begin
7.75733e+06
-363493
0.0305832
0.00670024
0.0041778
0.000283818
0
0
0
1685647774.13502
msg_begin
7.75733e+06
-363493
0.0224356
0.00656596
0.00234566
0.000296484
0
0
0
1685647774.18496
msg_begin
7.75733e+06
-363493
0.00850425
0.0131808
0.00598563
0.00113597
0
0
0
1685647774.23495
msg_begin
7.75733e+06
-363493
-0.00715665
0.0156132
0.00736656
0.000857176
0
0
0
1685647774.28538
msg_begin
7.75733e+06
-363493
-0.0147826
0.00815881
0.00716203
0.00160484
0
0
0
1685647774.33495
msg_begin
7.75733e+06
-363493
-0.0308117
0.0087815
0.00211463
0.00094431
0
0
0
1685647774.38493
msg_begin
7.75733e+06
-363493
-0.0437718
0.00270836
0.000827707
1.40982e-05
0
0
0
1685647774.43493
msg_begin
7.75733e+06
-363493
-0.0560208
0.017252
0.00272106
0.000568376
0
0
0
1685647774.48598
msg_begin
7.75733e+06
-363493
-0.0694984
0.00363563
0.00230853
0.000242132
0
0
0
1685647774.53503
msg_begin
7.75733e+06
-363493
-0.0876038
5.96046e-08
9.31323e-10
8.74301e-16
0
0
0
1685647774.58502
msg_begin
7.75733e+06
-363493
-0.0956272
1.21072e-08
8.14907e-10
3.33067e-16
0
0
0
1685647774.63513
msg_begin
7.75733e+06
-363493
-0.106752
0.0216447
0.00205083
0.00357439
0
0
0
1685647774.68579
msg_begin
7.75733e+06
-363493
-0.12668
0.00171906
0.000850412
2.60219e-05
0
0
0
1685647774.73505
msg_begin
7.75734e+06
-363493
-0.141791
0.000466457
0.0001534
2.68226e-05
0
0
0
1685647774.78506
msg_begin
7.75734e+06
-363493
-0.151669
4.19095e-08
3.55067e-09
3.05311e-16
0
0
0
1685647774.83502
msg_begin
7.75734e+06
-363493
-0.164618
0.0270416
0.00550627
0.00166245
0
0
0
1685647774.88574
msg_begin
7.75734e+06
-363493
-0.176294
0.00451306
0.00750449
0.000846515
0
0
0
1685647774.93494
msg_begin
7.75734e+06
-363493
-0.192641
0.0198941
0.00184425
0.00117275
0
0
0
1685647774.98490
msg_begin
7.75734e+06
-363493
-0.206152
0.000241358
0.00224236
0.00014142
0
0
0
1685647775.03502
msg_begin
7.75734e+06
-363493
-0.215706
0.00395065
0.00160123
0.000179062
0
0
0
1685647775.08578
msg_begin
7.75734e+06
-363493
-0.223636
0.0230729
0.00451163
0.00151251
0
0
0
1685647775.13479
msg_begin
7.75734e+06
-363493
-0.231228
0.0246218
0.00860836
0.00110881
0
0
0
1685647775.18479
msg_begin
7.75734e+06
-363493
-0.244006
0.0187287
0.00650063
0.00112748
0
0
0
1685647775.23475
msg_begin
7.75734e+06
-363493
-0.252962
0.00957595
0.00227317
0.00053084
0
0
0
1685647775.28530
msg_begin
7.75734e+06
-363494
-0.263923
0.00556317
0.00637656
0.000446978
0
0
0
1685647775.33473
msg_begin
7.75734e+06
-363494
-0.269077
0.00171513
0.000432563
3.4555e-05
0
0
0
1685647775.38473
msg_begin
7.75734e+06
-363494
-0.279497
0.0313041
0.00943675
0.00205917
0
0
0
1685647775.43466
msg_begin
7.75734e+06
-363494
-0.282047
0.0113754
0.00911089
0.00116808
0
0
0
1685647775.48510
msg_begin
7.75734e+06
-363494
-0.28864
0.00873578
0.00178143
4.20022e-05
0
0
0
1685647775.53469
msg_begin
7.75734e+06
-363494
-0.293628
0.0111564
0.00818654
0.00082217
0
0
0
1685647775.58463
msg_begin
7.75734e+06
-363494
-0.300864
0.00861379
0.00224857
0.000137558
0
0
0
1685647775.63498
msg_begin
7.75734e+06
-363494
-0.301783
0.00787211
0.00257372
0.000438716
0
0
0
1685647775.68502
msg_begin
7.75734e+06
-363494
-0.303088
0.0141312
0.0120924
0.0015695
0
0
0
1685647775.73457
msg_begin
7.75734e+06
-363494
-0.308613
0.00492664
0.00241797
0.000482249
0
0
0
1685647775.78455
msg_begin
7.75734e+06
-363495
-0.310625
0.00626466
0.00523321
0.000345331
0
0
0
1685647775.83457
msg_begin
7.75734e+06
-363495
-0.31188
0.00504531
0.00156438
0.000398948
0
0
0
1685647775.88550
msg_begin
7.75734e+06
-363495
-0.314873
0.0118714
0.00269816
0.000562862
0
0
0
1685647775.93458
msg_begin
7.75734e+06
-363495
-0.317422
0.0266135
0.0199285
0.000768122
0
0
0
1685647775.98459
msg_begin
7.75734e+06
-363495
-0.319989
0.0394316
0.00905868
0.000586199
0
0
0
1685647776.03466
msg_begin
7.75734e+06
-363495
-0.323618
0.0386213
0.00770323
0.000818949
0
0
0
1685647776.08556
msg_begin
7.75735e+06
-363495
-0.325315
0.00514908
0.00256439
0.00110657
0
0
0
1685647776.13464
msg_begin
7.75735e+06
-363495
-0.325075
0.00169119
0.000549052
2.69625e-05
0
0
0
1685647776.18458
msg_begin
7.75735e+06
-363495
-0.325234
0.00734407
0.00417678
0.000772506
0
0
0
1685647776.23457
msg_begin
7.75735e+06
-363496
-0.327149
0.0135926
0.005413
0.000882918
0
0
0
1685647776.28507
msg_begin
7.75735e+06
-363496
-0.327971
0.00504226
0.00598973
0.000479462
0
0
0
1685647776.33460
msg_begin
7.75735e+06
-363496
-0.331687
0.00139388
0.00438843
6.68687e-05
0
0
0
1685647776.38460
msg_begin
7.75735e+06
-363496
-0.331422
0.0104834
0.0036708
0.000249373
0
0
0
1685647776.43459
msg_begin
7.75735e+06
-363496
-0.331834
0.00294396
0.00391766
0.000155048
0
0
0
1685647776.48561
msg_begin
7.75735e+06
-363496
-0.333609
0.0149511
0.00560802
0.000739114
0
0
0
1685647776.53476
msg_begin
7.75735e+06
-363496
-0.336516
0.000762602
0.000143193
1.98103e-05
0
0
0
1685647776.58465
msg_begin
7.75735e+06
-363496
-0.336504
0.00264433
0.00145068
0.0001906
0
0
0
1685647776.63473
msg_begin
7.75735e+06
-363497
-0.33883
0.0106122
0.00273692
0.000499993
0
0
0
1685647776.68521
msg_begin
7.75735e+06
-363497
-0.340893
0.016374
0.00375521
0.000478144
0
0
0
1685647776.73488
msg_begin
7.75735e+06
-363497
-0.344357
0.0117457
0.00653907
0.000481885
0
0
0
1685647776.78457
msg_begin
7.75735e+06
-363497
-0.344095
0.0147238
0.00336212
0.000244308
0
0
0
1685647776.83575
msg_begin
7.75735e+06
-363497
-0.345146
0.00101733
0.00163372
5.54362e-05
0
0
0
1685647776.88528
msg_begin
7.75735e+06
-363497
-0.349277
0.00537464
0.00107235
0.000332361
0
0
0
1685647776.93456
msg_begin
7.75735e+06
-363497
-0.348718
0.0065927
0.000985984
0.000261106
0
0
0
1685647776.98452
msg_begin
7.75735e+06
-363498
-0.352113
0.000392637
0.0020788
7.86955e-05
0
0
0
1685647777.03453
msg_begin
7.75735e+06
-363498
-0.354444
0.018391
0.0065927
0.00088213
0
0
0
1685647777.08525
msg_begin
7.75735e+06
-363498
-0.3589
0.0110393
0.00706315
0.000427234
0
0
0
1685647777.13444
msg_begin
7.75735e+06
-363498
-0.36018
0.00129455
0.00143378
4.92148e-05
0
0
0
1685647777.18442
msg_begin
7.75735e+06
-363498
-0.362795
0.00843364
0.00214179
0.000116146
0
0
0
1685647777.23437
msg_begin
7.75735e+06
-363498
-0.366395
0.00965595
0.0129548
0.0003031
0
0
0
1685647777.28502
msg_begin
7.75735e+06
-363498
-0.367839
0.00126789
0.000644349
0.000146777
0
0
0
1685647777.33423
msg_begin
7.75736e+06
-363499
-0.369846
0.00614115
0.00171739
0.000451167
0
0
0
1685647777.38435
msg_begin
7.75736e+06
-363499
-0.373558
0.0108937
0.0148791
0.000529817
0
0
0
1685647777.43419
msg_begin
7.75736e+06
-363499
-0.376886
0.000116871
0.00161768
0.000193632
0
0
0
1685647777.48436
msg_begin
7.75736e+06
-363499
-0.380622
0.00134742
0.00199077
0.000267421
0
0
0
1685647777.53422
msg_begin
7.75736e+06
-363499
-0.384207
0.00348708
0.00177222
6.18629e-05
0
0
0
1685647777.58424
msg_begin
7.75736e+06
-363499
-0.38782
0.00664772
0.00413846
0.000402442
0
0
0
1685647777.63422
msg_begin
7.75736e+06
-363499
-0.391374
0.00876316
0.0069751
0.000693594
0
0
0
1685647777.68537
msg_begin
7.75736e+06
-363500
-0.395823
0.0137396
0.00271639
0.000773455
0
0
0
1685647777.73435
msg_begin
7.75736e+06
-363500
-0.397989
0.0045731
0.00270081
0.000203423
0
0
0
1685647777.78435
msg_begin
7.75736e+06
-363500
-0.404291
0.000348487
0.00221218
0.000321784
0
0
0
1685647777.83437
msg_begin
7.75736e+06
-363500
-0.405805
0.00669285
0.00349155
0.000949945
0
0
0
1685647777.88462
msg_begin
7.75736e+06
-363500
-0.411825
0.00362021
0.000207742
0.000112798
0
0
0
1685647777.93441
msg_begin
7.75736e+06
-363501
-0.416433
0.000852453
0.000132119
1.3532e-05
0
0
0
1685647777.98438
msg_begin
7.75736e+06
-363501
-0.421909
0.00723504
0.0032914
0.000458901
0
0
0
1685647778.03465
msg_begin
7.75736e+06
-363501
-0.42748
0.00582764
0.00639531
0.000593212
0
0
0
1685647778.08487
msg_begin
7.75736e+06
-363501
-0.438226
9.31323e-08
2.32831e-10
1.88738e-15
0
0
0
1685647778.18432
msg_begin
7.75736e+06
-363502
-0.442427
4.74975e-08
3.14321e-09
1.44329e-15
0
0
0
1685647778.28498
msg_begin
7.75736e+06
-363502
-0.449283
0.00418467
0.011832
0.000903446
0
0
0
1685647778.33425
msg_begin
7.75736e+06
-363502
-0.455397
0.0206832
0.00194864
0.00117087
0
0
0
1685647778.38424
msg_begin
7.75736e+06
-363502
-0.456561
0.000989714
0.00080235
6.02054e-05
0
0
0
1685647778.43425
msg_begin
7.75737e+06
-363502
-0.46335
0.00185079
0.00132438
0.000175491
0
0
0
1685647778.48470
msg_begin
7.75737e+06
-363503
-0.46511
0.00888915
0.00471123
0.000576729
0
0
0
1685647778.53424
msg_begin
7.75737e+06
-363503
-0.470641
0.0116443
0.0047583
0.00208647
0
0
0
1685647778.58431
msg_begin
7.75737e+06
-363503
-0.477612
0.0140376
0.00594423
0.000318823
0
0
0
1685647778.63439
msg_begin
7.75737e+06
-363503
-0.481718
0.0115788
0.0042982
0.00055436
0
0
0
1685647778.68458
msg_begin
7.75737e+06
-363503
-0.488675
0.00359113
0.00504172
0.00035731
0
0
0
1685647778.73434
msg_begin
7.75737e+06
-363504
-0.491788
0.0269258
0.0135034
0.00145737
0
0
0
1685647778.78436
msg_begin
7.75737e+06
-363504
-0.493519
0.0101899
0.0069545
0.00070688
0
0
0
1685647778.83448
msg_begin
7.75737e+06
-363504
-0.500872
0.00470903
0.00343805
0.000236701
0
0
0
1685647778.88514
msg_begin
7.75737e+06
-363504
-0.504736
0.0147681
0.00506461
0.00104038
0
0
0
1685647778.93443
msg_begin
7.75737e+06
-363505
-0.509822
6.61239e-08
5.82077e-10
2.10942e-15
0
0
0
1685647778.98448
msg_begin
7.75737e+06
-363505
-0.515062
0.0158745
0.00908049
0.000548
0
0
0
1685647779.03443
msg_begin
7.75737e+06
-363505
-0.52099
0.00083716
0.000949758
8.61295e-05
0
0
0
1685647779.08442
msg_begin
7.75737e+06
-363505
-0.526972
8.3819e-09
1.57161e-09
4.77396e-15
0
0
0
1685647779.13443
msg_begin
7.75737e+06
-363505
-0.530456
8.56817e-08
4.07454e-10
4.44089e-16
0
0
0
1685647779.18445
msg_begin
7.75737e+06
-363506
-0.534296
6.89179e-08
2.38651e-09
1.44329e-15
0
0
0
1685647779.23437
msg_begin
7.75737e+06
-363506
-0.540406
0.000216476
0.000257071
5.67408e-05
0
0
0
1685647779.28533
msg_begin
7.75737e+06
-363506
-0.546604
0.00954626
0.00873113
0.00077671
0
0
0
1685647779.33436
msg_begin
7.75737e+06
-363506
-0.551067
0.00120293
0.00237883
0.000301023
0
0
0
1685647779.38437
msg_begin
7.75737e+06
-363507
-0.556031
0.0300452
0.0206305
0.00153982
0
0
0
1685647779.43433
msg_begin
7.75737e+06
-363507
-0.563445
0.0322463
0.0202121
0.00019524
0
0
0
1685647779.48457
msg_begin
7.75737e+06
-363507
-0.567265
0.00121575
0.000293171
9.47437e-07
0
0
0
1685647779.53420
msg_begin
7.75737e+06
-363507
-0.573058
0.0138471
0.00299338
0.000450254
0
0
0
1685647779.58415
msg_begin
7.75738e+06
-363508
-0.580941
0.00119251
0.00141295
3.15354e-05
0
0
0
1685647779.63597
msg_begin
7.75738e+06
-363508
-0.588249
0.00744382
0.00710314
0.000757526
0
0
0
1685647779.68470
msg_begin
7.75738e+06
-363508
-0.590924
4.65661e-09
5.82077e-10
2.22045e-16
0
0
0
1685647779.73405
msg_begin
7.75738e+06
-363508
-0.598627
0.0138029
0.00832775
0.000969175
0
0
0
1685647779.78406
msg_begin
7.75738e+06
-363509
-0.605976
0.000814029
0.0024801
6.70776e-05
0
0
0
1685647779.83402
msg_begin
7.75738e+06
-363509
-0.60787
0.0122069
0.00804978
0.00078756
0
0
0
1685647779.88431
msg_begin
7.75738e+06
-363509
-0.613326
0.00228256
0.0010493
0.000309717
0
0
0
1685647779.93400
msg_begin
7.75738e+06
-363509
-0.617131
0.000664335
0.00220054
8.18798e-05
0
0
0
1685647779.98400
msg_begin
7.75738e+06
-363510
-0.621272
0.0377
0.0313106
0.00161504
0
0
0
1685647780.03398
msg_begin
7.75738e+06
-363510
-0.627303
0.0245898
0.0113864
0.000539414
0
0
0
1685647780.08464
msg_begin
7.75738e+06
-363510
-0.629894
0.0132711
0.0122326
0.00118841
0
0
0
1685647780.13442
msg_begin
7.75738e+06
-363511
-0.634181
0.000165685
0.00223027
3.62555e-06
0
0
0
1685647780.18397
msg_begin
7.75738e+06
-363511
-0.636865
0.00440374
0.0014957
0.000146842
0
0
0
1685647780.23392
msg_begin
7.75738e+06
-363511
-0.642784
0.0281707
0.025647
0.000550696
0
0
0
1685647780.28411
msg_begin
7.75738e+06
-363511
-0.649033
0.0105239
0.00711998
0.00116217
0
0
0
1685647780.33395
msg_begin
7.75738e+06
-363512
-0.654475
0.0245201
0.0166485
0.00138765
0
0
0
1685647780.38402
msg_begin
7.75738e+06
-363512
-0.656013
0.0223616
0.0188246
0.000966074
0
0
0
1685647780.43405
msg_begin
7.75738e+06
-363512
-0.658673
0.0353033
0.0319993
0.00139744
0
0
0
1685647780.48513
msg_begin
7.75738e+06
-363513
-0.670121
0.00984688
0.0128807
0.000854564
0
0
0
1685647780.53415
msg_begin
7.75738e+06
-363513
-0.674181
0.00183179
0.0112953
0.000332336
0
0
0
1685647780.58416
msg_begin
7.75738e+06
-363513
-0.679551
0.00469135
0.0021523
0.00024606
0
0
0
1685647780.63421
msg_begin
7.75738e+06
-363514
-0.685313
6.79865e-08
1.97906e-09
3.9968e-15
0
0
0
1685647780.68444
msg_begin
7.75738e+06
-363514
-0.693412
0.00095842
0.000305512
5.5679e-05
0
0
0
1685647780.73432
msg_begin
7.75738e+06
-363514
-0.69954
0.00115051
0.00117833
0.000203474
0
0
0
1685647780.78433
msg_begin
7.75738e+06
-363515
-0.703973
0.00680334
0.0122543
0.00148581
0
0
0
1685647780.83439
msg_begin
7.75739e+06
-363515
-0.704759
0.00259157
0.00033098
0.00049545
0
0
0
1685647780.88471
msg_begin
7.75739e+06
-363515
-0.710987
0.000213198
0.00667657
0.000273027
0
0
0
1685647780.93441
msg_begin
7.75739e+06
-363515
-0.718057
0.0180423
0.0166867
0.000474626
0
0
0
1685647780.98445
msg_begin
7.75739e+06
-363516
-0.722256
0.00711384
0.00396692
0.000364766
0
0
0
1685647781.03441
msg_begin
7.75739e+06
-363516
-0.72894
0.0040703
0.00142052
0.000511335
0
0
0
1685647781.08460
msg_begin
7.75739e+06
-363516
-0.737304
0.0099526
0.017558
0.00134094
0
0
0
1685647781.13441
msg_begin
7.75739e+06
-363517
-0.746514
0.0229036
0.0275745
0.001236
0
0
0
1685647781.18440
msg_begin
7.75739e+06
-363517
-0.750947
0.00448654
0.00303536
0.00167447
0
0
0
1685647781.23440
msg_begin
7.75739e+06
-363517
-0.754258
0.0573369
0.0481817
0.000303469
0
0
0
1685647781.28441
msg_begin
7.75739e+06
-363518
-0.764128
0.00590374
0.00856031
0.000326865
0
0
0
1685647781.33439
msg_begin
7.75739e+06
-363518
-0.768517
0.000960276
0.000225887
0.000126199
0
0
0
1685647781.38441
msg_begin
7.75739e+06
-363518
-0.774862
0.000255006
0.004972
3.67619e-05
0
0
0
1685647781.43448
msg_begin
7.75739e+06
-363519
-0.779643
0.010916
0.0152146
0.000623342
0
0
0
1685647781.48498
msg_begin
7.75739e+06
-363519
-0.784071
6.79865e-08
5.23869e-10
7.77156e-16
0
0
0
1685647781.53442
msg_begin
7.75739e+06
-363519
-0.79139
0.00342481
0.00715313
4.87191e-05
0
0
0
1685647781.58444
msg_begin
7.75739e+06
-363520
-0.800158
0.0016557
0.00112384
0.000161716
0
0
0
1685647781.63455
msg_begin
7.75739e+06
-363520
-0.807741
0.00233402
0.00515767
0.000251177
0
0
0
1685647781.68548
msg_begin
7.75739e+06
-363521
-0.813714
0.00177931
0.00992538
0.000548208
0
0
0
1685647781.73444
msg_begin
7.75739e+06
-363521
-0.819558
9.31323e-10
1.97906e-09
9.99201e-16
0
0
0
1685647781.78441
msg_begin
7.75739e+06
-363521
-0.824865
0.00633803
0.0174679
0.00167337
0
0
0
1685647781.83440
msg_begin
7.75739e+06
-363522
-0.832204
0.00855439
0.0113478
0.000738906
0
0
0
1685647781.88450
msg_begin
7.75739e+06
-363522
-0.837525
0.00540715
0.00521362
0.000453352
0
0
0
1685647781.93441
msg_begin
7.75739e+06
-363522
-0.841389
0.048521
0.0342687
0.00303986
0
0
0
1685647781.98442
msg_begin
7.75739e+06
-363523
-0.847083
0.0388131
0.0180577
0.00292009
0
0
0
1685647782.03446
msg_begin
7.75739e+06
-363523
-0.850598
0.000125714
0.000514466
0.000289828
0
0
0
1685647782.08499
msg_begin
7.75739e+06
-363524
-0.854465
0.0113728
0.013836
0.00116271
0
0
0
1685647782.13438
msg_begin
7.75739e+06
-363524
-0.865492
0.000669036
0.00130288
6.52668e-05
0
0
0
1685647782.18437
msg_begin
7.7574e+06
-363524
-0.873536
0.005195
0.00824494
0.000613113
0
0
0
1685647782.23436
msg_begin
7.7574e+06
-363525
-0.871591
0.00157214
0.00102822
0.000214375
0
0
0
1685647782.28472
msg_begin
7.7574e+06
-363525
-0.873976
0.0183162
0.00937919
0.00107066
0
0
0
1685647782.33443
msg_begin
7.7574e+06
-363526
-0.881154
0.0258133
0.0232883
0.00311043
0
0
0
1685647782.38460
msg_begin
7.7574e+06
-363526
-0.887729
0.0154641
0.0160597
0.00097414
0
0
0
1685647782.43457
msg_begin
7.7574e+06
-363526
-0.886598
1.86265e-09
3.72529e-09
2.88658e-15
0
0
0
1685647782.48525
msg_begin
7.7574e+06
-363527
-0.896368
4.37722e-08
1.39698e-09
2.88658e-15
0
0
0
1685647782.53445
msg_begin
7.7574e+06
-363527
-0.905872
2.51457e-08
2.32831e-09
2.44249e-15
0
0
0
1685647782.58443
msg_begin
7.7574e+06
-363528
-0.908498
0.00432847
0.00170734
0.000897297
0
0
0
1685647782.63458
msg_begin
7.7574e+06
-363528
-0.912279
0.032641
0.0412234
0.000314179
0
0
0
1685647782.68536
msg_begin
7.7574e+06
-363529
-0.915839
0.0107941
0.0106015
0.000673669
0
0
0
1685647782.73454
msg_begin
7.7574e+06
-363529
-0.914906
0.0351683
0.0517526
0.00296332
0
0
0
1685647782.78465
msg_begin
7.7574e+06
-363529
-0.912597
0.00836164
0.0141995
0.00123989
0
0
0
1685647782.83473
msg_begin
7.7574e+06
-363529
-0.914037
0.0231213
0.0268401
0.000154936
0
0
0
1685647782.88509
msg_begin
7.7574e+06
-363530
-0.919061
0.00198474
0.00650819
0.000178146
0
0
0
1685647782.93474
msg_begin
7.7574e+06
-363530
-0.924722
0.0114655
0.0150516
0.00134803
0
0
0
1685647782.98482
msg_begin
7.7574e+06
-363531
-0.927725
0.00200666
0.000787054
0.000153338
0
0
0
1685647783.03486
msg_begin
7.7574e+06
-363531
-0.928781
0.000156452
0.000361439
0.000185814
0
0
0
1685647783.08494
msg_begin
7.7574e+06
-363531
-0.932601
0.00316357
0.00930413
0.00101353
0
0
0
1685647783.13488
msg_begin
7.7574e+06
-363532
-0.936265
0.00138069
0.000627172
1.05692e-05
0
0
0
1685647783.18489
msg_begin
7.7574e+06
-363532
-0.939431
0.00579857
0.005828
0.000711789
0
0
0
1685647783.23489
msg_begin
7.7574e+06
-363533
-0.942899
0.000947186
0.0010917
0.000102302
0
0
0
1685647783.28483
msg_begin
7.7574e+06
-363533
-0.94902
5.7742e-08
5.82077e-10
1.9984e-15
0
0
0
1685647783.33484
msg_begin
7.7574e+06
-363534
-0.951094
0.00717717
0.0158035
0.000253058
0
0
0
1685647783.38474
msg_begin
7.7574e+06
-363534
-0.95098
1.86265e-09
1.68802e-09
4.44089e-16
0
0
0
1685647783.43468
msg_begin
7.7574e+06
-363534
-0.948027
0.00808311
0.0146986
0.000185326
0
0
0
1685647783.48463
msg_begin
7.7574e+06
-363535
-0.944226
0.00952708
0.0122627
0.0015059
0
0
0
1685647783.58453
msg_begin
7.7574e+06
-363536
-0.94504
0.00633701
0.0106321
0.000480697
0
0
0
1685647783.63447
msg_begin
7.7574e+06
-363536
-0.943401
0.00172165
0.000660985
0.000216232
0
0
0
1685647783.68513
msg_begin
7.7574e+06
-363536
-0.940811
1.86265e-09
4.07454e-10
5.55112e-16
0
0
0
1685647783.73441
msg_begin
7.75741e+06
-363537
-0.939687
0.00739171
0.00456202
0.000538356
0
0
0
1685647783.78436
msg_begin
7.75741e+06
-363537
-0.936534
5.02914e-08
3.14321e-09
2.44249e-15
0
0
0
1685647783.83433
msg_begin
7.75741e+06
-363538
-0.934299
0.000257375
0.000557228
6.94258e-05
0
0
0
1685647783.88437
msg_begin
7.75741e+06
-363538
-0.938071
6.47943e-05
0.00232653
0.00106001
0
0
0
1685647783.93423
msg_begin
7.75741e+06
-363539
-0.934516
0.00363154
0.00766024
0.000258102
0
0
0
1685647783.98422
msg_begin
7.75741e+06
-363539
-0.937613
0.00135998
0.000772264
0.000146664
0
0
0
1685647784.03419
msg_begin
7.75741e+06
-363540
-0.939381
0.00431592
0.00840747
0.000199393
0
0
0
1685647784.08526
msg_begin
7.75741e+06
-363540
-0.935781
0.00124294
0.00469183
3.35346e-05
0
0
0
1685647784.13416
msg_begin
7.75741e+06
-363541
-0.935345
0.0107479
0.0196767
0.00136454
0
0
0
1685647784.18416
msg_begin
7.75741e+06
-363541
-0.937446
0.00117255
0.000974071
0.000135289
0
0
0
1685647784.23412
msg_begin
7.75741e+06
-363541
-0.937733
1.37641e-05
2.0287e-05
6.50527e-08
0
0
0
1685647784.28416
msg_begin
7.75741e+06
-363542
-0.935961
0.0137168
0.0227077
0.000996269
0
0
0
1685647784.33410
msg_begin
7.75741e+06
-363542
-0.931379
0.00462591
0.0216727
0.000855382
0
0
0
1685647784.38411
msg_begin
7.75741e+06
-363543
-0.929514
0.00555588
0.00871235
0.000603214
0
0
0
1685647784.43417
msg_begin
7.75741e+06
-363543
-0.926569
0.00283687
0.00354239
0.000156227
0
0
0
1685647784.48484
msg_begin
7.75741e+06
-363544
-0.9275
1.02445e-08
4.07454e-10
6.66134e-16
0
0
0
1685647784.53415
msg_begin
7.75741e+06
-363544
-0.926949
0.00547136
0.00319212
0.000250092
0
0
0
1685647784.58419
msg_begin
7.75741e+06
-363544
-0.926251
0.000837483
0.000675689
2.36259e-05
0
0
0
1685647784.63422
msg_begin
7.75741e+06
-363545
-0.926651
0.00859184
0.00349824
0.000942918
0
0
0
1685647784.68441
msg_begin
7.75741e+06
-363545
-0.929111
0.0243108
0.00681812
0.000573895
0
0
0
1685647784.73430
msg_begin
7.75741e+06
-363546
-0.932387
0.009929
0.00796067
0.000764841
0
0
0
1685647784.78436
msg_begin
7.75741e+06
-363546
-0.937237
0.000226878
0.000482264
0.00026021
0
0
0
1685647784.83438
msg_begin
7.75741e+06
-363547
-0.939384
0.00297347
0.00505954
0.00024709
0
0
0
1685647784.88474
msg_begin
7.75741e+06
-363547
-0.940035
0.00319147
0.00359703
0.000358137
0
0
0
1685647784.93451
msg_begin
7.75741e+06
-363548
-0.941253
8.3819e-09
6.40284e-10
3.33067e-16
0
0
0
1685647784.98455
msg_begin
7.75741e+06
-363548
-0.941661
0.0075274
0.0179947
0.000633619
0
0
0
1685647785.03461
msg_begin
7.75741e+06
-363549
-0.94014
0.0241988
0.0307947
0.00119632
0
0
0
1685647785.08516
msg_begin
7.75741e+06
-363549
-0.940216
0.01161
0.00605274
0.000561299
0
0
0
1685647785.13469
msg_begin
7.75741e+06
-363550
-0.939159
0.00392886
0.00864401
0.00123022
0
0
0
1685647785.18470
msg_begin
7.75742e+06
-363550
-0.940728
0.00989818
0.0102822
0.000937903
0
0
0
1685647785.23474
msg_begin
7.75742e+06
-363550
-0.937056
8.10251e-08
6.98492e-10
1.9984e-15
0
0
0
1685647785.28471
msg_begin
7.75742e+06
-363551
-0.937124
1.21072e-08
1.57161e-09
4.44089e-16
0
0
0
1685647785.33468
msg_begin
7.75742e+06
-363551
-0.936098
1.58325e-08
1.33878e-09
2.33147e-15
0
0
0
1685647785.38462
msg_begin
7.75742e+06
-363552
-0.938919
0.00128333
0.00115406
0.000456852
0
0
0
1685647785.43457
msg_begin
7.75742e+06
-363552
-0.936482
0.00302618
0.00359622
0.000107834
0
0
0
1685647785.48458
msg_begin
7.75742e+06
-363553
-0.938489
0.00429484
0.00708242
0.000477344
0
0
0
1685647785.53447
msg_begin
7.75742e+06
-363553
-0.936252
0.0424473
0.0516231
0.00133454
0
0
0
1685647785.58446
msg_begin
7.75742e+06
-363554
-0.9372
0.0033933
0.00786102
0.000614599
0
0
0
1685647785.63438
msg_begin
7.75742e+06
-363554
-0.938821
1.58325e-08
2.79397e-09
1.88738e-15
0
0
0
1685647785.68552
msg_begin
7.75742e+06
-363555
-0.942545
0.0258846
0.0348972
0.00088356
0
0
0
1685647785.73441
msg_begin
7.75742e+06
-363555
-0.944994
9.31323e-10
4.07454e-10
1.33227e-15
0
0
0
1685647785.78436
msg_begin
7.75742e+06
-363556
-0.945791
0.041136
0.0563916
0.000772307
0
0
0
1685647785.83435
msg_begin
7.75742e+06
-363556
-0.944369
0.000572363
0.0020473
9.63141e-05
0
0
0
1685647785.88449
msg_begin
7.75742e+06
-363557
-0.943138
0.0108616
0.00734821
0.00113818
0
0
0
1685647785.93436
msg_begin
7.75742e+06
-363557
-0.944999
8.9407e-08
2.67755e-09
3.21965e-15
0
0
0
1685647785.98436
msg_begin
7.75742e+06
-363558
-0.942216
0.00237256
0.000664273
0.000193222
0
0
0
1685647786.03429
msg_begin
7.75742e+06
-363558
-0.943311
0.000228451
0.000944653
0.000142506
0
0
0
1685647786.08500
msg_begin
7.75742e+06
-363558
-0.945129
0.00267294
0.00406004
0.000455594
0
0
0
1685647786.13424
msg_begin
7.75742e+06
-363559
-0.943548
8.56817e-08
1.5134e-09
3.33067e-16
0
0
0
1685647786.18420
msg_begin
7.75742e+06
-363559
-0.943641
0.00860404
0.012007
0.000526703
0
0
0
1685647786.23418
msg_begin
7.75742e+06
-363560
-0.944802
0.00102249
0.00214507
0.000208667
0
0
0
1685647786.28413
msg_begin
7.75742e+06
-363560
-0.946555
0.0057255
0.00742725
0.000192476
0
0
0
1685647786.33411
msg_begin
7.75742e+06
-363561
-0.943266
0.0043899
0.0113044
0.0017523
0
0
0
1685647786.38408
msg_begin
7.75742e+06
-363561
-0.942359
0.00524045
0.0113238
0.000703339
0
0
0
1685647786.43405
msg_begin
7.75742e+06
-363562
-0.939866
0.0356931
0.0406842
0.00110842
0
0
0
1685647786.48408
msg_begin
7.75742e+06
-363562
-0.938324
0.013201
0.0130883
0.0010932
0
0
0
1685647786.53402
msg_begin
7.75743e+06
-363563
-0.936023
0.0145535
0.0282654
0.00145583
0
0
0
1685647786.58404
msg_begin
7.75743e+06
-363563
-0.93603
0.00873656
0.00520525
0.00254692
0
0
0
1685647786.63469
msg_begin
7.75743e+06
-363564
-0.93728
7.54371e-08
1.33878e-09
3.10862e-15
0
0
0
1685647786.68397
msg_begin
7.75743e+06
-363564
-0.939655
0.0134057
0.0109399
0.000749243
0
0
0
1685647786.73391
msg_begin
7.75743e+06
-363565
-0.938814
0.0144743
0.0224536
0.000300247
0
0
0
1685647786.78392
msg_begin
7.75743e+06
-363565
-0.936965
0.0430585
0.0526267
0.000796058
0
0
0
1685647786.83430
msg_begin
7.75743e+06
-363565
-0.935829
0.00263053
0.00617192
0.000297879
0
0
0
1685647786.88391
msg_begin
7.75743e+06
-363566
-0.937955
0.00461073
0.00337983
0.00029329
0
0
0
1685647786.93390
msg_begin
7.75743e+06
-363566
-0.940556
0.0021073
0.00331219
0.000118653
0
0
0
1685647786.98390
msg_begin
7.75743e+06
-363567
-0.938361
0.0113447
0.0161896
0.000605278
0
0
0
1685647787.03428
msg_begin
7.75743e+06
-363567
-0.939983
0.0132889
0.0116993
0.00111156
0
0
0
1685647787.08395
msg_begin
7.75743e+06
-363568
-0.940329
0.00490108
0.0173604
0.000322816
0
0
0
1685647787.13394
msg_begin
7.75743e+06
-363568
-0.937419
0.0158313
0.0260182
0.00129018
0
0
0
1685647787.18397
msg_begin
7.75743e+06
-363569
-0.93732
0.00284879
0.00372074
0.000183559
0
0
0
1685647787.23398
msg_begin
7.75743e+06
-363569
-0.929762
0.00835274
0.0107557
0.000774953
0
0
0
1685647787.28520
msg_begin
7.75743e+06
-363570
-0.927242
0.0461389
0.0625747
0.00268293
0
0
0
1685647787.33405
msg_begin
7.75743e+06
-363570
-0.927934
0.0310358
0.0410125
0.0017294
0
0
0
1685647787.38404
msg_begin
7.75743e+06
-363571
-0.93154
0.0308628
0.0391746
0.000572867
0
0
0
1685647787.43409
msg_begin
7.75743e+06
-363571
-0.927892
0.0221061
0.0334385
0.00107989
0
0
0
1685647787.48419
msg_begin
7.75743e+06
-363571
-0.925871
2.04891e-08
6.40284e-10
1.66533e-15
0
0
0
1685647787.53413
msg_begin
7.75743e+06
-363572
-0.925246
0.00393741
0.00649026
0.000337115
0
0
0
1685647787.58414
msg_begin
7.75743e+06
-363572
-0.929843
3.25963e-08
2.09548e-09
1.55431e-15
0
0
0
1685647787.63423
msg_begin
7.75743e+06
-363573
-0.931806
0.0193621
0.0240931
0.000583941
0
0
0
1685647787.68495
msg_begin
7.75743e+06
-363574
-0.934952
0.00385889
0.00383079
0.000379053
0
0
0
1685647787.73419
msg_begin
7.75743e+06
-363574
-0.938514
0.00134798
0.00760228
6.15045e-05
0
0
0
1685647787.78420
msg_begin
7.75743e+06
-363575
-0.938258
0.018207
0.0331573
0.00147851
0
0
0
1685647787.83419
msg_begin
7.75743e+06
-363575
-0.937317
0.00897266
0.00766168
0.00157353
0
0
0
1685647787.88419
msg_begin
7.75743e+06
-363575
-0.934159
0.00832045
0.00317425
0.000210401
0
0
0
1685647787.93416
msg_begin
7.75744e+06
-363576
-0.936608
0.0407179
0.0484017
0.000790335
0
0
0
1685647787.98414
msg_begin
7.75744e+06
-363576
-0.93739
0.00521783
0.00684746
0.000191441
0
0
0
1685647788.03415
msg_begin
7.75744e+06
-363577
-0.939584
1.30385e-08
2.38651e-09
3.44169e-15
0
0
0
1685647788.08489
msg_begin
7.75744e+06
-363577
-0.937109
0.0040176
0.00419988
0.000157498
0
0
0
1685647788.13408
msg_begin
7.75744e+06
-363578
-0.936243
3.35276e-08
6.98492e-10
4.77396e-15
0
0
0
1685647788.18409
msg_begin
7.75744e+06
-363578
-0.936584
0.00639988
0.0149681
0.000497759
0
0
0
1685647788.23409
msg_begin
7.75744e+06
-363579
-0.936707
0.0127883
0.0359385
0.00270884
0
0
0
1685647788.28406
msg_begin
7.75744e+06
-363579
-0.938524
0.0381504
0.0423137
0.00128371
0
0
0
1685647788.33408
msg_begin
7.75744e+06
-363580
-0.934688
0.0108287
0.0167408
0.000284034
0
0
0
1685647788.38408
msg_begin
7.75744e+06
-363580
-0.93352
0.0189723
0.0263218
0.00265367
0
0
0
1685647788.43478
msg_begin
7.75744e+06
-363581
-0.934866
0.000361979
0.00225415
0.000530505
0
0
0
1685647788.48405
msg_begin
7.75744e+06
-363581
-0.935482
0.0178859
0.0316431
0.00127612
0
0
0
1685647788.53407
msg_begin
7.75744e+06
-363582
-0.933872
9.31323e-09
4.07454e-10
1.11022e-16
0
0
0
1685647788.58412
msg_begin
7.75744e+06
-363582
-0.934905
0.0479225
0.0627838
0.000983412
0
0
0
1685647788.63464
msg_begin
7.75744e+06
-363583
-0.938512
0.0152416
0.0128401
0.00036609
0
0
0
1685647788.68411
msg_begin
7.75744e+06
-363583
-0.940827
0.0243666
0.0229633
0.00069842
0
0
0
1685647788.73408
msg_begin
7.75744e+06
-363583
-0.94175
4.09782e-08
2.56114e-09
5.44009e-15
0
0
0
1685647788.78409
msg_begin
7.75744e+06
-363584
-0.945212
0.0494836
0.0621476
0.003136
0
0
0
1685647788.83499
msg_begin
7.75744e+06
-363584
-0.943683
0.0163437
0.0123715
0.00303039
0
0
0
1685647788.88413
msg_begin
7.75744e+06
-363585
-0.947317
0.015635
0.00668187
0.000343055
0
0
0
1685647788.93413
msg_begin
7.75744e+06
-363585
-0.94775
0.0072499
0.0107351
0.000588964
0
0
0
1685647788.98416
msg_begin
7.75744e+06
-363586
-0.949461
0.00724758
0.00639148
0.000573151
0
0
0
1685647789.03476
msg_begin
7.75744e+06
-363586
-0.950457
0.0117965
0.0188093
0.000808835
0
0
0
1685647789.08416
msg_begin
7.75744e+06
-363587
-0.950304
0.00620803
0.00541909
0.000273616
0
0
0
1685647789.13416
msg_begin
7.75744e+06
-363587
-0.952188
2.8871e-08
1.92085e-09
8.88178e-16
0
0
0
1685647789.18417
msg_begin
7.75744e+06
-363588
-0.950887
0.000519272
0.000540161
0.000143145
0
0
0
1685647789.23421
msg_begin
7.75745e+06
-363588
-0.952736
0.012506
0.0194999
0.00206763
0
0
0
1685647789.28419
msg_begin
7.75745e+06
-363589
-0.953328
0.0138519
0.0220525
0.00133729
0
0
0
1685647789.33426
msg_begin
7.75745e+06
-363589
-0.958247
0.0184619
0.0502734
0.0033681
0
0
0
1685647789.38413
msg_begin
7.75745e+06
-363590
-0.954248
0.0122167
0.0161722
0.000750158
0
0
0
1685647789.43412
msg_begin
7.75745e+06
-363590
-0.958413
0.00208985
0.00420561
0.000402542
0
0
0
1685647789.48407
msg_begin
7.75745e+06
-363591
-0.95835
0.00404786
0.0047813
0.000817925
0
0
0
1685647789.53406
msg_begin
7.75745e+06
-363591
-0.959727
0.00887328
0.00631653
0.000300171
0
0
0
1685647789.58407
msg_begin
7.75745e+06
-363592
-0.961853
0.0137976
0.00436598
0.00118523
0
0
0
1685647789.63405
msg_begin
7.75745e+06
-363592
-0.965956
5.96046e-08
5.23869e-10
3.33067e-16
0
0
0
1685647789.68411
msg_begin
7.75745e+06
-363593
-0.965818
0.0131133
0.0204529
0.000598805
0
0
0
1685647789.73409
msg_begin
7.75745e+06
-363593
-0.964345
0.00119454
0.00064024
4.61367e-05
0
0
0
1685647789.78410
msg_begin
7.75745e+06
-363594
-0.964078
0.00549361
0.0140181
0.000698116
0
0
0
1685647789.83483
msg_begin
7.75745e+06
-363594
-0.963932
0.00616519
0.0043037
0.000439552
0
0
0
1685647789.88408
msg_begin
7.75745e+06
-363595
-0.962305
0.00144226
0.00316764
0.00016629
0
0
0
1685647789.93410
msg_begin
7.75745e+06
-363595
-0.962449
0.00167987
0.002016
0.000161144
0
0
0
1685647789.98414
msg_begin
7.75745e+06
-363596
-0.9661
9.31323e-09
2.44472e-09
3.88578e-15
0
0
0
1685647790.03422
msg_begin
7.75745e+06
-363596
-0.967229
0.0182141
0.0344244
0.00156823
0
0
0
1685647790.08415
msg_begin
7.75745e+06
-363597
-0.970256
7.82311e-08
2.32831e-09
2.33147e-15
0
0
0
1685647790.13415
msg_begin
7.75745e+06
-363597
-0.970332
0.000253826
0.000916526
7.01225e-05
0
0
0
1685647790.18417
msg_begin
7.75745e+06
-363598
-0.96988
0.00026343
0.000719958
4.53048e-05
0
0
0
1685647790.23421
msg_begin
7.75745e+06
-363598
-0.971037
0.00264186
0.00696118
0.000305668
0
0
0
1685647790.28419
msg_begin
7.75745e+06
-363599
-0.970682
0.00143909
0.00417673
0.00052463
0
0
0
1685647790.33424
msg_begin
7.75745e+06
-363599
-0.970331
0.00701053
0.00417319
0.000550589
0
0
0
1685647790.38430
msg_begin
7.75745e+06
-363600
-0.968724
0.00360592
0.00402427
0.000185539
0
0
0
1685647790.43431
msg_begin
7.75745e+06
-363600
-0.969501
0.00465936
0.00905
0.000665872
0
0
0
1685647790.48435
msg_begin
7.75745e+06
-363601
-0.971067
0.0214431
0.0120616
0.000252527
0
0
0
1685647790.53433
msg_begin
7.75745e+06
-363601
-0.970752
0.0145961
0.0147626
0.000525819
0
0
0
1685647790.58432
msg_begin
7.75745e+06
-363602
-0.972765
0.005367
0.00250002
0.000554774
0
0
0
1685647790.63432
msg_begin
7.75746e+06
-363602
-0.973121
0.000126267
4.34412e-05
2.64999e-05
0
0
0
1685647790.68432
msg_begin
7.75746e+06
-363603
-0.974443
0.000399512
0.00160734
0.000139382
0
0
0
1685647790.73441
msg_begin
7.75746e+06
-363603
-0.974905
0.0110475
0.00938979
0.000694783
0
0
0
1685647790.78435
msg_begin
7.75746e+06
-363604
-0.970641
0.00370305
0.00387147
0.000495495
0
0
0
1685647790.83443
msg_begin
7.75746e+06
-363604
-0.972173
2.79397e-09
5.82077e-10
4.55191e-15
0
0
0
1685647790.88433
msg_begin
7.75746e+06
-363605
-0.970089
0.00169216
0.00106668
4.21271e-05
0
0
0
1685647790.93435
msg_begin
7.75746e+06
-363605
-0.971347
0.0153087
0.00883139
0.000931843
0
0
0
1685647790.98434
msg_begin
7.75746e+06
-363606
-0.970932
0.00240464
0.00288713
0.000276702
0
0
0
1685647791.03436
msg_begin
7.75746e+06
-363606
-0.971174
1.49012e-08
1.74623e-10
3.77476e-15
0
0
0
1685647791.08436
msg_begin
7.75746e+06
-363607
-0.971873
0.0172348
0.0302087
0.0016919
0
0
0
1685647791.13440
msg_begin
7.75746e+06
-363607
-0.975855
0.0237155
0.032534
0.00156175
0
0
0
1685647791.18439
msg_begin
7.75746e+06
-363608
-0.973426
0.00381545
0.00794946
0.000471332
0
0
0
1685647791.23445
msg_begin
7.75746e+06
-363608
-0.974496
6.89179e-08
2.2701e-09
4.32987e-15
0
0
0
1685647791.28446
msg_begin
7.75746e+06
-363609
-0.975799
0.0041299
0.0050262
0.0002894
0
0
0
1685647791.33449
msg_begin
7.75746e+06
-363609
-0.974642
0.0234324
0.0321716
0.00148624
0
0
0
1685647791.38449
msg_begin
7.75746e+06
-363610
-0.976042
6.14673e-08
9.31323e-10
3.77476e-15
0
0
0
1685647791.43446
msg_begin
7.75746e+06
-363610
-0.974566
0.00263784
0.00360828
0.000126964
0
0
0
1685647791.48447
msg_begin
7.75746e+06
-363610
-0.973215
0.00341658
0.0130596
0.000303942
0
0
0
1685647791.53447
msg_begin
7.75746e+06
-363611
-0.971674
0.00243717
0.00418586
0.000170703
0
0
0
1685647791.58443
msg_begin
7.75746e+06
-363611
-0.967622
0.00235156
0.00384982
9.95179e-05
0
0
0
1685647791.63454
msg_begin
7.75746e+06
-363612
-0.96376
8.00937e-08
9.31323e-10
1.77636e-15
0
0
0
1685647791.68438
msg_begin
7.75746e+06
-363612
-0.961484
0.00807709
0.0149488
0.000300375
0
0
0
1685647791.73430
msg_begin
7.75746e+06
-363613
-0.959202
0.00774343
0.00946116
0.000328089
0
0
0
1685647791.78427
msg_begin
7.75746e+06
-363613
-0.957431
0.0036283
0.00559207
0.00107179
0
0
0
1685647791.83436
msg_begin
7.75746e+06
-363614
-0.95376
1.30385e-08
1.74623e-10
5.55112e-16
0
0
0
1685647791.88415
msg_begin
7.75746e+06
-363614
-0.950424
5.86733e-08
2.15368e-09
3.10862e-15
0
0
0
1685647791.93416
msg_begin
7.75746e+06
-363615
-0.947182
0.00279458
0.00281572
0.000862618
0
0
0
1685647791.98411
msg_begin
7.75746e+06
-363615
-0.945904
8.10251e-08
5.82077e-11
4.44089e-16
0
0
0
1685647792.03486
msg_begin
7.75747e+06
-363616
-0.945387
0.00968231
0.0153582
0.000406192
0
0
0
1685647792.08414
msg_begin
7.75747e+06
-363616
-0.938704
1.02445e-08
1.16415e-10
1.11022e-16
0
0
0
1685647792.13409
msg_begin
7.75747e+06
-363616
-0.939354
0.0227334
0.0285756
0.000277967
0
0
0
1685647792.18413
msg_begin
7.75747e+06
-363617
-0.941402
6.70552e-08
2.32831e-10
1.22125e-15
0
0
0
1685647792.23418
msg_begin
7.75747e+06
-363617
-0.938232
6.61239e-08
2.32831e-09
1.77636e-15
0
0
0
1685647792.28424
msg_begin
7.75747e+06
-363618
-0.933663
5.58794e-08
2.56114e-09
2.33147e-15
0
0
0
1685647792.33421
msg_begin
7.75747e+06
-363618
-0.930389
1.02445e-08
5.82077e-10
2.22045e-15
0
0
0
1685647792.38420
msg_begin
7.75747e+06
-363619
-0.928444
0.00866377
0.00233789
0.00108571
0
0
0
1685647792.43418
msg_begin
7.75747e+06
-363619
-0.926453
0.00573865
0.0026273
7.61481e-05
0
0
0
1685647792.48415
msg_begin
7.75747e+06
-363620
-0.925633
0.00275665
0.00237766
0.000552925
0
0
0
1685647792.53413
msg_begin
7.75747e+06
-363620
-0.91976
0.0135817
0.0148877
0.000838666
0
0
0
1685647792.58411
msg_begin
7.75747e+06
-363620
-0.914761
0.00787017
0.0119568
8.23715e-05
0
0
0
1685647792.63405
msg_begin
7.75747e+06
-363621
-0.91381
0.00234362
0.00327297
9.37872e-05
0
0
0
1685647792.68406
msg_begin
7.75747e+06
-363621
-0.91046
0.00582337
0.011601
0.00089233
0
0
0
1685647792.73406
msg_begin
7.75747e+06
-363622
-0.909049
0.00374163
0.0059999
0.000693784
0
0
0
1685647792.78403
msg_begin
7.75747e+06
-363622
-0.907425
0.0322282
0.043684
0.00069454
0
0
0
1685647792.83403
msg_begin
7.75747e+06
-363623
-0.905993
0.0042665
0.00838205
0.000420287
0
0
0
1685647792.88404
msg_begin
7.75747e+06
-363623
-0.905995
0.00243501
0.00489955
0.000250881
0
0
0
1685647792.93405
msg_begin
7.75747e+06
-363624
-0.903275
0.0161026
0.0114599
0.000334652
0
0
0
1685647792.98404
msg_begin
7.75747e+06
-363624
-0.900801
0.0986833
0.106997
0.00307662
0
0
0
1685647793.03404
msg_begin
7.75747e+06
-363625
-0.89064
0.0342364
0.0425704
0.000237679
0
0
0
1685647793.13407
msg_begin
7.75747e+06
-363625
-0.884607
0.0305929
0.0440233
0.0028673
0
0
0
1685647793.18411
msg_begin
7.75747e+06
-363626
-0.877463
0.0101847
0.0166581
0.00225013
0
0
0
1685647793.23410
msg_begin
7.75747e+06
-363626
-0.874218
0.005614
0.00546738
0.000781937
0
0
0
1685647793.28416
msg_begin
7.75747e+06
-363627
-0.869883
0.00253516
0.00438664
0.000343314
0
0
0
1685647793.33419
msg_begin
7.75747e+06
-363628
-0.866814
3.25963e-08
4.65661e-10
1.33227e-15
0
0
0
1685647793.43496
msg_begin
7.75748e+06
-363628
-0.866722
5.30854e-08
1.39698e-09
2.10942e-15
0
0
0
1685647793.48412
msg_begin
7.75748e+06
-363629
-0.86584
0.00202307
0.00213143
7.62049e-05
0
0
0
1685647793.53411
msg_begin
7.75748e+06
-363629
-0.865498
0.00919853
0.00600763
0.000774089
0
0
0
1685647793.58410
msg_begin
7.75748e+06
-363629
-0.859643
0.00439901
0.0044331
0.000259176
0
0
0
1685647793.63483
msg_begin
7.75748e+06
-363630
-0.855912
2.23517e-08
5.23869e-10
3.33067e-16
0
0
0
1685647793.68392
msg_begin
7.75748e+06
-363630
-0.851227
4.74975e-08
1.45519e-09
1.11022e-15
0
0
0
1685647793.73390
msg_begin
7.75748e+06
-363631
-0.851779
5.58794e-08
4.65661e-10
4.44089e-16
0
0
0
1685647793.78383
msg_begin
7.75748e+06
-363631
-0.845361
0.0135782
0.00452454
0.000694729
0
0
0
1685647793.83454
msg_begin
7.75748e+06
-363632
-0.844599
0.0143157
0.0188294
0.000461947
0
0
0
1685647793.88377
msg_begin
7.75748e+06
-363632
-0.838199
0.00907305
0.00571746
0.000588401
0
0
0
1685647793.93372
msg_begin
7.75748e+06
-363633
-0.836341
0.0137127
0.00960022
0.00125762
0
0
0
1685647793.98373
msg_begin
7.75748e+06
-363633
-0.83536
0.0105503
0.0110853
0.000780463
0
0
0
1685647794.03438
msg_begin
7.75748e+06
-363634
-0.830856
1.02445e-08
1.5134e-09
2.33147e-15
0
0
0
1685647794.08370
msg_begin
7.75748e+06
-363634
-0.825153
0.00375546
0.00520909
0.000359778
0
0
0
1685647794.13372
msg_begin
7.75748e+06
-363635
-0.817899
0.014538
0.0155544
0.000887385
0
0
0
1685647794.18376
msg_begin
7.75748e+06
-363635
-0.813873
0.0718255
0.0677782
0.00234156
0
0
0
1685647794.23374
msg_begin
7.75748e+06
-363635
-0.807785
0.00684283
0.00459766
0.000522255
0
0
0
1685647794.28374
msg_begin
7.75748e+06
-363636
-0.8046
5.16088e-05
0.000174003
4.67368e-05
0
0
0
1685647794.33376
msg_begin
7.75748e+06
-363636
-0.792692
8.56817e-08
1.39698e-09
2.10942e-15
0
0
0
1685647794.38403
msg_begin
7.75748e+06
-363637
-0.792119
0.000337908
0.00939911
0.000387051
0
0
0
1685647794.43443
msg_begin
7.75748e+06
-363637
-0.788861
0.00051188
0.00860591
0.000208546
0
0
0
1685647794.48374
msg_begin
7.75748e+06
-363637
-0.781615
7.17118e-08
5.82077e-11
3.33067e-15
0
0
0
1685647794.53372
msg_begin
7.75748e+06
-363638
-0.776415
0.00108865
0.00116498
0.000123294
0
0
0
1685647794.58367
msg_begin
7.75748e+06
-363638
-0.76941
0.0518534
0.0451407
0.00195105
0
0
0
1685647794.63447
msg_begin
7.75749e+06
-363639
-0.762028
0.00114199
0.0015312
0.000397654
0
0
0
1685647794.68362
msg_begin
7.75749e+06
-363639
-0.75192
3.1665e-08
5.82077e-11
4.44089e-15
0
0
0
1685647794.73362
msg_begin
7.75749e+06
-363639
-0.739679
0.0015465
0.00193508
0.000213079
0
0
0
1685647794.78356
msg_begin
7.75749e+06
-363640
-0.737083
0.00113561
0.000942127
0.000121461
0
0
0
1685647794.83370
msg_begin
7.75749e+06
-363640
-0.727764
0.00190186
0.00148175
0.000384843
0
0
0
1685647794.88347
msg_begin
7.75749e+06
-363641
-0.723622
0.0018039
0.00226447
6.17241e-05
0
0
0
1685647794.93344
msg_begin
7.75749e+06
-363641
-0.714233
0.00813487
0.0111183
0.00147675
0
0
0
1685647794.98340
msg_begin
7.75749e+06
-363641
-0.704191
0.0191522
0.0128484
0.000727574
0
0
0
1685647795.03335
msg_begin
7.75749e+06
-363642
-0.700524
3.07336e-08
3.55067e-09
6.66134e-16
0
0
0
1685647795.08337
msg_begin
7.75749e+06
-363642
-0.686812
0.0279036
0.028442
0.00221386
0
0
0
1685647795.13336
msg_begin
7.75749e+06
-363642
-0.676981
0.00701273
0.00791384
0.000584548
0
0
0
1685647795.18336
msg_begin
7.75749e+06
-363643
-0.672082
0.00289735
0.0010913
0.000221126
0
0
0
1685647795.23336
msg_begin
7.75749e+06
-363643
-0.664135
0.00657167
0.00550321
0.000519429
0
0
0
1685647795.28340
msg_begin
7.75749e+06
-363644
-0.656937
0.00649303
0.00270962
0.000255334
0
0
0
1685647795.33344
msg_begin
7.75749e+06
-363644
-0.646569
0.00516225
0.0048856
0.000131246
0
0
0
1685647795.38346
msg_begin
7.75749e+06
-363644
-0.64562
0.0117377
0.00886191
0.000557797
0
0
0
1685647795.43411
msg_begin
7.75749e+06
-363645
-0.641312
0.0291055
0.0253802
0.000476043
0
0
0
1685647795.48350
msg_begin
7.75749e+06
-363645
-0.633052
0.0560368
0.050375
0.00285626
0
0
0
1685647795.53355
msg_begin
7.75749e+06
-363645
-0.626575
0.0206601
0.0169927
0.000681395
0
0
0
1685647795.58355
msg_begin
7.75749e+06
-363646
-0.619084
0.00700799
0.00660249
0.000354055
0
0
0
1685647795.63458
msg_begin
7.75749e+06
-363646
-0.611388
0.0121346
0.00930755
0.00032215
0
0
0
1685647795.68354
msg_begin
7.7575e+06
-363646
-0.602098
0.0130832
0.00877252
0.00107465
0
0
0
1685647795.73353
msg_begin
7.7575e+06
-363647
-0.594666
0.0435879
0.0385852
0.00144867
0
0
0
1685647795.78347
msg_begin
7.7575e+06
-363647
-0.588389
0.00270322
0.00346528
0.000772106
0
0
0
1685647795.83450
msg_begin
7.7575e+06
-363647
-0.583267
2.6077e-08
3.14321e-09
4.66294e-15
0
0
0
1685647795.88349
msg_begin
7.7575e+06
-363647
-0.582566
0.00686008
0.00935815
0.000791129
0
0
0
1685647795.93349
msg_begin
7.7575e+06
-363648
-0.573946
2.98023e-08
1.57161e-09
1.55431e-15
0
0
0
1685647795.98489
msg_begin
7.7575e+06
-363648
-0.568903
0.0237221
0.0146171
0.00131351
0
0
0
1685647796.03423
msg_begin
7.7575e+06
-363648
-0.563363
0.00144756
0.000878699
2.56752e-05
0
0
0
1685647796.08350
msg_begin
7.7575e+06
-363649
-0.554603
0.0588811
0.0455239
0.00115449
0
0
0
1685647796.13352
msg_begin
7.7575e+06
-363649
-0.544665
0.007549
0.00729229
0.000364512
0
0
0
1685647796.18499
msg_begin
7.7575e+06
-363649
-0.537643
0.0111041
0.00934361
4.92068e-05
0
0
0
1685647796.23353
msg_begin
7.7575e+06
-363649
-0.530852
0.00860474
0.00556739
0.000785636
0
0
0
1685647796.28355
msg_begin
7.7575e+06
-363650
-0.519309
0.0013292
0.00198971
0.00115496
0
0
0
1685647796.33355
msg_begin
7.7575e+06
-363650
-0.516846
1.39698e-08
5.23869e-10
3.10862e-15
0
0
0
1685647796.38489
msg_begin
7.7575e+06
-363650
-0.503176
0.00588581
0.00428545
0.000177102
0
0
0
1685647796.43411
msg_begin
7.7575e+06
-363651
-0.496014
0.00419417
0.00414831
0.000248226
0
0
0
1685647796.48356
msg_begin
7.7575e+06
-363651
-0.493018
0.00203404
0.00122025
0.000124157
0
0
0
1685647796.53355
msg_begin
7.7575e+06
-363651
-0.483253
0.0021343
0.000192898
0.000274835
0
0
0
1685647796.58476
msg_begin
7.7575e+06
-363651
-0.476124
0.0156487
0.00731365
0.0017019
0
0
0
1685647796.63428
msg_begin
7.7575e+06
-363652
-0.468377
0.0177025
0.00800594
0.000202144
0
0
0
1685647796.68355
msg_begin
7.7575e+06
-363652
-0.46346
0.0117863
0.00621924
0.000423981
0
0
0
1685647796.73359
msg_begin
7.75751e+06
-363652
-0.461025
8.47504e-08
4.65661e-10
1.16573e-15
0
0
0
1685647796.78365
msg_begin
7.75751e+06
-363652
-0.452727
0.0130296
0.00335639
0.00189086
0
0
0
1685647796.83407
msg_begin
7.75751e+06
-363652
-0.449615
0.0504963
0.0220792
0.00361625
0
0
0
1685647796.88380
msg_begin
7.75751e+06
-363653
-0.432339
7.35745e-08
2.2701e-09
2.9976e-15
0
0
0
1685647797.03487
msg_begin
7.75751e+06
-363653
-0.428271
0.0257526
0.00960265
0.00181982
0
0
0
1685647797.08390
msg_begin
7.75751e+06
-363654
-0.422642
0.0366397
0.0159798
0.0017395
0
0
0
1685647797.13390
msg_begin
7.75751e+06
-363654
-0.41676
0.00279451
0.00217275
4.05281e-05
0
0
0
1685647797.18531
msg_begin
7.75751e+06
-363654
-0.408267
0.00514417
0.00147924
5.5074e-05
0
0
0
1685647797.23388
msg_begin
7.75751e+06
-363654
-0.404274
0.0614992
0.0201839
0.000594063
0
0
0
1685647797.28392
msg_begin
7.75751e+06
-363654
-0.402068
0.00818125
0.00526875
0.000297301
0
0
0
1685647797.33391
msg_begin
7.75751e+06
-363655
-0.397743
0.0264486
0.0068361
0.00149595
0
0
0
1685647797.38393
msg_begin
7.75751e+06
-363655
-0.389285
0.00275754
0.00120467
7.53164e-05
0
0
0
1685647797.43519
msg_begin
7.75751e+06
-363655
-0.384842
6.79865e-08
3.66708e-09
1.44329e-15
0
0
0
1685647797.48399
msg_begin
7.75751e+06
-363655
-0.372478
0.00240966
0.000403698
0.000445249
0
0
0
1685647797.53399
msg_begin
7.75751e+06
-363655
-0.364863
8.3819e-09
3.08501e-09
2.9976e-15
0
0
0
1685647797.58405
msg_begin
7.75751e+06
-363656
-0.356193
0.0143266
0.007361
0.0010782
0
0
0
1685647797.63427
msg_begin
7.75751e+06
-363656
-0.347193
0.00862321
0.00284913
0.000524815
0
0
0
1685647797.68407
msg_begin
7.75752e+06
-363656
-0.33928
0.0035293
0.00201532
0.00124265
0
0
0
1685647797.73413
msg_begin
7.75752e+06
-363656
-0.330409
0.00850732
0.00347232
0.000296792
0
0
0
1685647797.78423
msg_begin
7.75752e+06
-363656
-0.324941
0.0364135
0.0133452
0.00112118
0
0
0
1685647797.83505
msg_begin
7.75752e+06
-363656
-0.323983
0.0111675
0.00322088
0.000206816
0
0
0
1685647797.88417
msg_begin
7.75752e+06
-363657
-0.315244
0.015404
0.00502994
0.000866688
0
0
0
1685647797.93414
msg_begin
7.75752e+06
-363657
-0.309388
0.00184616
0.000433142
6.77264e-05
0
0
0
1685647797.98442
msg_begin
7.75752e+06
-363657
-0.296319
7.72998e-08
1.16415e-10
2.77556e-16
0
0
0
1685647798.03439
msg_begin
7.75752e+06
-363657
-0.297537
0.00523995
0.00641549
0.000438107
0
0
0
1685647798.08414
msg_begin
7.75752e+06
-363657
-0.284341
0.0379783
0.0123406
0.00106879
0
0
0
1685647798.18417
msg_begin
7.75752e+06
-363658
-0.267914
5.12227e-08
5.23869e-10
1.22125e-15
0
0
0
1685647798.33394
msg_begin
7.75752e+06
-363658
-0.259054
0.010902
0.00150489
0.0012224
0
0
0
1685647798.38413
msg_begin
7.75752e+06
-363658
-0.252219
0.0110309
0.00484412
0.00118904
0
0
0
1685647798.43468
msg_begin
7.75752e+06
-363658
-0.245803
0.0205952
0.0068002
0.00130489
0
0
0
1685647798.48380
msg_begin
7.75752e+06
-363658
-0.241087
0.0407526
0.00348216
0.00163166
0
0
0
1685647798.53375
msg_begin
7.75752e+06
-363658
-0.235033
0.00220389
0.00130924
0.00016449
0
0
0
1685647798.58368
msg_begin
7.75752e+06
-363658
-0.232745
0.00323557
0.00179898
0.000325633
0
0
0
1685647798.63397
msg_begin
7.75752e+06
-363659
-0.222882
0.0234106
0.0119775
0.00172167
0
0
0
1685647798.68366
msg_begin
7.75753e+06
-363659
-0.214277
0.00327986
4.14844e-05
2.5374e-05
0
0
0
1685647798.73363
msg_begin
7.75753e+06
-363659
-0.211311
0.0253569
0.0058654
0.00135349
0
0
0
1685647798.78365
msg_begin
7.75753e+06
-363659
-0.202768
0.0486214
0.00718473
0.00140863
0
0
0
1685647798.83468
msg_begin
7.75753e+06
-363659
-0.200033
0.0154456
0.00222012
0.000227389
0
0
0
1685647798.88363
msg_begin
7.75753e+06
-363659
-0.189115
0.0119044
0.00226275
0.000459184
0
0
0
1685647798.93361
msg_begin
7.75753e+06
-363659
-0.183454
0.0544191
0.0218172
0.00194219
0
0
0
1685647798.98356
msg_begin
7.75753e+06
-363659
-0.176094
0.00561951
0.000447362
0.000358441
0
0
0
1685647799.03450
msg_begin
7.75753e+06
-363659
-0.172685
0.0385008
0.0156153
0.00175561
0
0
0
1685647799.08355
msg_begin
7.75753e+06
-363659
-0.168348
0.00071667
0.000332205
0.000162785
0
0
0
1685647799.13358
msg_begin
7.75753e+06
-363659
-0.166649
0.0178114
0.0154045
0.00301287
0
0
0
1685647799.18440
msg_begin
7.75753e+06
-363660
-0.162947
0.0113793
0.00405225
0.000550221
0
0
0
1685647799.23358
msg_begin
7.75753e+06
-363660
-0.155948
0.0221349
0.00470648
0.000442529
0
0
0
1685647799.28362
msg_begin
7.75753e+06
-363660
-0.154199
0.0126779
0.000995376
0.000283714
0
0
0
1685647799.33368
msg_begin
7.75753e+06
-363660
-0.150942
0.0160288
0.00401987
0.000545547
0
0
0
1685647799.38381
msg_begin
7.75753e+06
-363660
-0.139901
5.02914e-08
8.73115e-10
1.94289e-16
0
0
0
1685647799.43454
msg_begin
7.75753e+06
-363660
-0.135976
0.0182129
0.00327173
0.00082245
0
0
0
1685647799.48376
msg_begin
7.75753e+06
-363660
-0.13162
4.48661e-05
5.75414e-05
4.64579e-05
0
0
0
1685647799.53375
msg_begin
7.75753e+06
-363660
-0.129358
0.0076132
0.00322605
0.000463814
0
0
0
1685647799.58396
msg_begin
7.75754e+06
-363660
-0.124466
0.012504
0.00841031
0.00159968
0
0
0
1685647799.63477
msg_begin
7.75754e+06
-363660
-0.12545
0.0104916
0.00266388
0.000307135
0
0
0
1685647799.68377
msg_begin
7.75754e+06
-363660
-0.121251
0.00302801
0.000697453
0.000209261
0
0
0
1685647799.73386
msg_begin
7.75754e+06
-363660
-0.115441
0.0041697
0.00307387
0.000573148
0
0
0
1685647799.78491
msg_begin
7.75754e+06
-363660
-0.114211
0.0139908
0.00567639
0.00116682
0
0
0
1685647799.83460
msg_begin
7.75754e+06
-363660
-0.11353
0.0247493
0.00780797
0.00173992
0
0
0
1685647799.88390
msg_begin
7.75754e+06
-363660
-0.104455
0.00743075
0.00351122
0.000550407
0
0
0
1685647799.93394
msg_begin
7.75754e+06
-363660
-0.102969
0.0250646
0.00375182
0.000760764
0
0
0
1685647799.98407
msg_begin
7.75754e+06
-363660
-0.10312
0.006109
0.00745228
7.53488e-05
0
0
0
1685647800.03468
msg_begin
7.75754e+06
-363660
-0.0998636
0.00562563
0.00252826
0.00022961
0
0
0
1685647800.08409
msg_begin
7.75754e+06
-363661
-0.0934274
0.0365664
0.00438677
0.000704127
0
0
0
1685647800.13421
msg_begin
7.75754e+06
-363661
-0.0848975
0.0248829
0.00721543
0.000966014
0
0
0
1685647800.18516
msg_begin
7.75754e+06
-363661
-0.0809187
0.00967709
0.0139655
0.000456468
0
0
0
1685647800.23424
msg_begin
7.75754e+06
-363661
-0.0765085
0.0230015
0.00249087
0.000603181
0
0
0
1685647800.28427
msg_begin
7.75754e+06
-363661
-0.0715294
0.0322491
0.00345739
0.00117662
0
0
0
1685647800.33428
msg_begin
7.75754e+06
-363661
-0.0691545
0.0691197
0.00197956
0.00332921
0
0
0
1685647800.38434
msg_begin
7.75754e+06
-363661
-0.0649105
0.00111139
0.00126786
9.71514e-05
0
0
0
1685647800.43515
msg_begin
7.75754e+06
-363661
-0.0623024
0.0359657
0.007042
0.00103706
0
0
0
1685647800.48433
msg_begin
7.75754e+06
-363661
-0.0533213
0.0130802
0.00125433
0.000603789
0
0
0
1685647800.53435
msg_begin
7.75755e+06
-363661
-0.0487946
0.020672
0.00198952
0.000920038
0
0
0
1685647800.58441
msg_begin
7.75755e+06
-363661
-0.0439619
0.0137723
0.00541175
0.000471381
0
0
0
1685647800.63521
msg_begin
7.75755e+06
-363661
-0.0360056
0.0346427
0.0060659
0.00196075
0
0
0
1685647800.68434
msg_begin
7.75755e+06
-363661
-0.0367975
0.011647
0.00134981
0.000399065
0
0
0
1685647800.73429
msg_begin
7.75755e+06
-363661
-0.0288451
0.00793833
0.00326581
0.000781895
0
0
0
1685647800.78429
msg_begin
7.75755e+06
-363661
-0.0236933
0.00453339
0.000973353
4.95435e-05
0
0
0
1685647800.83470
msg_begin
7.75755e+06
-363661
-0.0232849
0.00970479
0.00461927
0.00024146
0
0
0
1685647800.88423
msg_begin
7.75755e+06
-363661
-0.0219057
0.00805969
0.00682957
0.000659785
0
0
0
1685647800.93423
msg_begin
7.75755e+06
-363661
-0.019314
0.00889859
0.00203426
0.000188192
0
0
0
1685647800.98422
msg_begin
7.75755e+06
-363661
-0.0187241
0.0162599
0.00789005
0.000444518
0
0
0
1685647801.03524
msg_begin
7.75755e+06
-363661
-0.018222
0.0214189
0.00323294
0.000465312
0
0
0
1685647801.08412
msg_begin
7.75755e+06
-363661
-0.0183254
0.0423423
0.00528635
0.00189563
0
0
0
1685647801.13412
msg_begin
7.75755e+06
-363661
-0.0203094
0.0276474
0.00343734
0.00143523
0
0
0
1685647801.18413
msg_begin
7.75755e+06
-363661
-0.016488
0.0487189
0.00753938
0.000853697
0
0
0
1685647801.23411
msg_begin
7.75755e+06
-363661
-0.0131266
0.0355766
0.00531288
0.0006829
0
0
0
1685647801.28408
msg_begin
7.75755e+06
-363661
-0.00960969
0.0136847
0.00229249
0.000584968
0
0
0
1685647801.33406
msg_begin
7.75755e+06
-363661
-0.00162966
0.00467992
0.00104177
0.00112683
0
0
0
1685647801.38403
msg_begin
7.75755e+06
-363661
-0.0014862
0.00187747
0.00107727
0.000101078
0
0
0
1685647801.43501
msg_begin
7.75755e+06
-363661
-0.000559903
0.0378837
0.015478
0.00134956
0
0
0
1685647801.48396
msg_begin
7.75755e+06
-363661
-0.00173961
0.0199126
0.00863202
0.000278386
0
0
0
1685647801.53391
msg_begin
7.75755e+06
-363661
-0.000468429
0.0535088
0.0134276
0.00152517
0
0
0
1685647801.58401
msg_begin
7.75756e+06
-363661
0.00253596
0.00671913
0.00848397
0.00120881
0
0
0
1685647801.63478
msg_begin
7.75756e+06
-363661
0.0037483
0.058355
0.0050844
0.0010675
0
0
0
1685647801.68382
msg_begin
7.75756e+06
-363661
0.00348331
0.00572568
0.00323137
0.00020524
0
0
0
1685647801.73377
msg_begin
7.75756e+06
-363661
0.004988
0.0280456
0.00401394
0.000912901
0
0
0
1685647801.78375
msg_begin
7.75756e+06
-363661
0.0103292
3.07336e-08
5.23869e-10
1.04083e-16
0
0
0
1685647801.83453
msg_begin
7.75756e+06
-363661
0.0120829
0.0392296
0.00142609
9.71531e-05
0
0
0
1685647801.88379
msg_begin
7.75756e+06
-363661
0.0125408
0.0128479
0.00642556
0.000247071
0
0
0
1685647801.93379
msg_begin
7.75756e+06
-363661
0.0127974
0.00521674
0.00176385
8.04631e-05
0
0
0
1685647801.98499
msg_begin
7.75756e+06
-363661
0.0133553
0.0115077
0.00419327
0.000585491
0
0
0
1685647802.03467
msg_begin
7.75756e+06
-363661
0.014038
0.00362199
0.00486444
0.000285862
0
0
0
1685647802.08382
msg_begin
7.75756e+06
-363661
0.0165321
0.00966135
0.00579913
0.000627412
0
0
0
1685647802.13385
msg_begin
7.75756e+06
-363661
0.0206662
0.00156822
0.00245553
0.000284931
0
0
0
1685647802.18391
msg_begin
7.75756e+06
-363661
0.0251389
4.65661e-08
3.08501e-09
2.77556e-16
0
0
0
1685647802.23390
msg_begin
7.75756e+06
-363661
0.0350566
1.39698e-08
9.31323e-10
1.52656e-16
0
0
0
1685647802.28389
msg_begin
7.75756e+06
-363661
0.0412962
0.0254114
0.00147753
0.000993237
0
0
0
1685647802.33388
msg_begin
7.75756e+06
-363661
0.0391995
0.0141039
0.00377736
0.000625067
0
0
0
1685647802.38388
msg_begin
7.75756e+06
-363661
0.0479631
0.0211352
0.000179843
0.0007264
0
0
0
1685647802.43448
msg_begin
7.75756e+06
-363660
0.0512843
2.23517e-08
3.08501e-09
4.51028e-16
0
0
0
1685647802.48385
msg_begin
7.75756e+06
-363660
0.0534916
0.00616511
0.00329558
0.00127368
0
0
0
1685647802.53382
msg_begin
7.75756e+06
-363660
0.0632848
0.0207206
0.00635444
0.00109659
0
0
0
1685647802.58386
msg_begin
7.75757e+06
-363660
0.0610152
0.00746128
0.000932602
0.000168449
0
0
0
1685647802.63473
msg_begin
7.75757e+06
-363660
0.0635512
7.45058e-09
4.65661e-10
1.38778e-17
0
0
0
1685647802.68387
msg_begin
7.75757e+06
-363660
0.0707843
0.00221991
0.00055491
0.000263743
0
0
0
1685647802.73393
msg_begin
7.75757e+06
-363660
0.0758465
0.0220868
0.00259377
0.000369555
0
0
0
1685647802.78396
msg_begin
7.75757e+06
-363660
0.0802533
0.00367805
7.04939e-06
9.63e-05
0
0
0
1685647802.83505
msg_begin
7.75757e+06
-363660
0.0872152
0.00695162
0.0048537
0.000150004
0
0
0
1685647802.88398
msg_begin
7.75757e+06
-363660
0.0921048
0.00733626
0.0101802
0.000942148
0
0
0
1685647802.93404
msg_begin
7.75757e+06
-363660
0.0973798
0.0117789
0.000115146
2.7895e-05
0
0
0
1685647802.98404
msg_begin
7.75757e+06
-363660
0.0999073
0.00993854
0.0157236
0.000860697
0
0
0
1685647803.03485
msg_begin
7.75757e+06
-363660
0.102979
0.00657312
0.00470658
0.000111418
0
0
0
1685647803.08407
msg_begin
7.75757e+06
-363660
0.11777
8.3819e-09
3.20142e-09
8.04912e-16
0
0
0
1685647803.23397
msg_begin
7.75757e+06
-363660
0.122226
0.0327063
0.00356334
0.00111573
0
0
0
1685647803.33392
msg_begin
7.75757e+06
-363659
0.128519
0.00596114
0.00547767
0.000949181
0
0
0
1685647803.38385
msg_begin
7.75757e+06
-363659
0.132413
0.0130992
0.00155772
0.000680525
0
0
0
1685647803.43391
msg_begin
7.75757e+06
-363659
0.138434
0.0155136
0.00329773
0.00126035
0
0
0
1685647803.48380
msg_begin
7.75757e+06
-363659
0.138542
0.00249729
0.00149344
0.000370385
0
0
0
1685647803.53375
msg_begin
7.75757e+06
-363659
0.145215
0.0114669
0.00321777
0.000634277
0
0
0
1685647803.58371
msg_begin
7.75757e+06
-363659
0.149797
0.00870208
0.00285037
0.000251241
0
0
0
1685647803.63448
msg_begin
7.75758e+06
-363659
0.153735
0.0112166
0.00450318
0.000600582
0
0
0
1685647803.68367
msg_begin
7.75758e+06
-363659
0.157673
0.0055792
0.00852061
0.000102842
0
0
0
1685647803.73366
msg_begin
7.75758e+06
-363659
0.159846
0.00849504
0.00340892
0.000287479
0
0
0
1685647803.78369
msg_begin
7.75758e+06
-363659
0.1651
6.14673e-08
1.22236e-09
2.498e-16
0
0
0
1685647803.83432
msg_begin
7.75758e+06
-363659
0.166129
0.00583686
0.000421539
0.000374682
0
0
0
1685647803.88358
msg_begin
7.75758e+06
-363658
0.170739
0.00777707
0.00135401
4.56387e-05
0
0
0
1685647803.93354
msg_begin
7.75758e+06
-363658
0.17644
0.0154295
0.00754056
0.000501805
0
0
0
1685647803.98358
msg_begin
7.75758e+06
-363658
0.180965
8.9407e-08
3.89991e-09
1.30451e-15
0
0
0
1685647804.03437
msg_begin
7.75758e+06
-363658
0.184941
0.0103959
0.00715262
0.00131858
0
0
0
1685647804.08343
msg_begin
7.75758e+06
-363658
0.185441
0.0116029
0.000696032
0.000248428
0
0
0
1685647804.13339
msg_begin
7.75758e+06
-363658
0.189911
0.000872175
0.000696844
7.26782e-05
0
0
0
1685647804.18352
msg_begin
7.75758e+06
-363658
0.19251
0.00944229
0.000457749
0.000168069
0
0
0
1685647804.23328
msg_begin
7.75758e+06
-363658
0.199184
4.65661e-09
2.79397e-09
1.38778e-15
0
0
0
1685647804.28327
msg_begin
7.75758e+06
-363658
0.201851
0.031672
0.00292123
0.000773656
0
0
0
1685647804.33327
msg_begin
7.75758e+06
-363658
0.204184
0.00736065
0.00377516
0.000358968
0
0
0
1685647804.38327
msg_begin
7.75758e+06
-363657
0.207858
0.0101396
0.00480156
0.000540568
0
0
0
1685647804.43412
msg_begin
7.75758e+06
-363657
0.210929
0.007011
0.00427153
0.00128427
0
0
0
1685647804.48321
msg_begin
7.75758e+06
-363657
0.212681
0.0091736
0.00817326
0.000700358
0
0
0
1685647804.53321
msg_begin
7.75758e+06
-363657
0.212281
0.00213813
0.000890215
0.000157024
0
0
0
1685647804.58332
msg_begin
7.75758e+06
-363657
0.216206
0.0188886
0.003299
0.00101862
0
0
0
1685647804.63375
msg_begin
7.75758e+06
-363657
0.221664
0.0284111
0.0145205
0.000785523
0
0
0
1685647804.68333
msg_begin
7.75758e+06
-363657
0.224765
0.00711351
0.00377626
0.000591323
0
0
0
1685647804.73337
msg_begin
7.75759e+06
-363657
0.225167
0.0147877
0.00318511
0.000443292
0
0
0
1685647804.78349
msg_begin
7.75759e+06
-363656
0.229034
1.30385e-08
1.28057e-09
4.44089e-16
0
0
0
1685647804.83437
msg_begin
7.75759e+06
-363656
0.229312
0.0297699
0.0105803
0.00136912
0
0
0
1685647804.88343
msg_begin
7.75759e+06
-363656
0.233765
0.00898454
0.00673994
0.000969965
0
0
0
1685647804.93336
msg_begin
7.75759e+06
-363656
0.235443
0.0281982
0.00890915
0.00149991
0
0
0
1685647804.98339
msg_begin
7.75759e+06
-363656
0.238176
0.03486
0.0125813
0.00118614
0
0
0
1685647805.03410
msg_begin
7.75759e+06
-363656
0.240724
0.0232725
0.00839667
0.000689092
0
0
0
1685647805.08323
msg_begin
7.75759e+06
-363656
0.241031
0.00794246
0.00357826
0.000631763
0
0
0
1685647805.13321
msg_begin
7.75759e+06
-363656
0.24478
0.0124358
0.0144098
0.000376067
0
0
0
1685647805.18317
msg_begin
7.75759e+06
-363656
0.246973
0.00878719
0.00501193
0.000301586
0
0
0
1685647805.23316
msg_begin
7.75759e+06
-363655
0.249928
0.00530623
0.00244679
0.000227732
0
0
0
1685647805.28319
msg_begin
7.75759e+06
-363655
0.248798
4.84288e-08
8.14907e-10
2.77556e-17
0
0
0
1685647805.33319
msg_begin
7.75759e+06
-363655
0.251438
0.027599
0.0122551
0.000374768
0
0
0
1685647805.38327
msg_begin
7.75759e+06
-363655
0.251826
0.0204729
0.00197535
0.00028192
0
0
0
1685647805.43328
msg_begin
7.75759e+06
-363655
0.250303
0.000204521
8.23203e-05
5.92254e-05
0
0
0
1685647805.48332
msg_begin
7.75759e+06
-363655
0.251436
0.0130203
0.00603121
0.00041463
0
0
0
1685647805.53338
msg_begin
7.75759e+06
-363655
0.253148
0.00155671
0.000998448
0.000109039
0
0
0
1685647805.58336
msg_begin
7.75759e+06
-363655
0.257045
0.021705
0.0028765
0.000854708
0
0
0
1685647805.63343
msg_begin
7.75759e+06
-363654
0.258608
0.00471884
0.00226827
3.75126e-05
0
0
0
1685647805.68341
msg_begin
7.75759e+06
-363654
0.261523
0.0149335
0.0105855
0.00181742
0
0
0
1685647805.73341
msg_begin
7.75759e+06
-363654
0.262184
0.00382911
0.00419888
0.000665368
0
0
0
1685647805.78335
msg_begin
7.75759e+06
-363654
0.262107
0.0140224
0.0101563
0.00116226
0
0
0
1685647805.83337
msg_begin
7.75759e+06
-363654
0.262275
0.00547736
0.0023138
6.3988e-05
0
0
0
1685647805.88331
msg_begin
7.7576e+06
-363654
0.265785
0
2.79397e-09
5.55112e-16
0
0
0
1685647805.93331
msg_begin
7.7576e+06
-363654
0.266873
1.39698e-08
3.31784e-09
2.27596e-15
0
0
0
1685647805.98324
msg_begin
7.7576e+06
-363654
0.269112
0.00703435
0.0028135
0.000655098
0
0
0
1685647806.03323
msg_begin
7.7576e+06
-363653
0.271976
0.0166576
0.00963966
0.000312659
0
0
0
1685647806.08323
msg_begin
7.7576e+06
-363653
0.275352
0.00578093
0.0155342
0.000608339
0
0
0
1685647806.13328
msg_begin
7.7576e+06
-363653
0.275636
0.00420386
0.00144371
0.000974271
0
0
0
1685647806.18331
msg_begin
7.7576e+06
-363653
0.281462
0.00399532
0.000449564
0.000409422
0
0
0
1685647806.23337
msg_begin
7.7576e+06
-363653
0.27978
0.0141468
0.0030702
0.000612059
0
0
0
1685647806.28341
msg_begin
7.7576e+06
-363653
0.280725
0.00878953
0.00418094
0.00083551
0
0
0
1685647806.33347
msg_begin
7.7576e+06
-363653
0.283062
0.0138028
0.0114494
0.00121588
0
0
0
1685647806.38349
msg_begin
7.7576e+06
-363652
0.285715
0.0193396
0.0128151
0.00203832
0
0
0
1685647806.43408
msg_begin
7.7576e+06
-363652
0.290248
0.000946875
0.00140292
9.25724e-05
0
0
0
1685647806.48348
msg_begin
7.7576e+06
-363652
0.288618
0.0141313
0.00565266
0.000461868
0
0
0
1685647806.53349
msg_begin
7.7576e+06
-363652
0.292454
0.0115626
0.00733378
0.000966976
0
0
0
1685647806.58357
msg_begin
7.7576e+06
-363652
0.297281
0.0164245
0.0101832
0.000392287
0
0
0
1685647806.63442
msg_begin
7.7576e+06
-363652
0.298668
0.0454669
0.00422013
0.000614293
0
0
0
1685647806.68344
msg_begin
7.7576e+06
-363652
0.299851
0.00291564
0.000947158
6.96544e-05
0
0
0
1685647806.73336
msg_begin
7.7576e+06
-363652
0.304283
0.00196652
0.00279303
0.000430778
0
0
0
1685647806.78351
msg_begin
7.7576e+06
-363651
0.304679
0.00297314
0.00416746
0.000231265
0
0
0
1685647806.83410
msg_begin
7.7576e+06
-363651
0.308447
0.00397764
0.000205333
0.000475755
0
0
0
1685647806.88343
msg_begin
7.7576e+06
-363651
0.308832
0.00640917
0.00342631
0.000244595
0
0
0
1685647806.93342
msg_begin
7.7576e+06
-363651
0.309475
0.00328051
0.00749734
0.00087298
0
0
0
1685647806.98339
msg_begin
7.7576e+06
-363651
0.313711
0.00577939
0.00271447
0.000131222
0
0
0
1685647807.03381
msg_begin
7.7576e+06
-363651
0.315854
0.000162207
0.000405276
8.43732e-05
0
0
0
1685647807.08327
msg_begin
7.75761e+06
-363651
0.31606
0.000536905
9.38574e-05
6.33988e-06
0
0
0
1685647807.13319
msg_begin
7.75761e+06
-363650
0.319336
0.0117439
0.00309662
0.000485998
0
0
0
1685647807.18327
msg_begin
7.75761e+06
-363650
0.323775
8.3819e-09
1.10595e-09
1.4988e-15
0
0
0
1685647807.23315
msg_begin
7.75761e+06
-363650
0.324657
0.00540531
0.0157379
0.000520211
0
0
0
1685647807.28317
msg_begin
7.75761e+06
-363650
0.326881
5.58794e-08
0
2.77556e-15
0
0
0
1685647807.33313
msg_begin
7.75761e+06
-363650
0.328058
0.0115865
0.00620666
0.000375385
0
0
0
1685647807.38313
msg_begin
7.75761e+06
-363650
0.329852
0.0176375
0.00891778
0.00126065
0
0
0
1685647807.43312
msg_begin
7.75761e+06
-363649
0.331204
0.0121061
0.0103352
0.00120142
0
0
0
1685647807.48321
msg_begin
7.75761e+06
-363649
0.336715
0.0128641
0.00992652
0.00105054
0
0
0
1685647807.53321
msg_begin
7.75761e+06
-363649
0.337967
7.26432e-08
1.68802e-09
2.60902e-15
0
0
0
1685647807.58326
msg_begin
7.75761e+06
-363649
0.343608
7.82311e-08
3.49246e-10
2.44249e-15
0
0
0
1685647807.68334
msg_begin
7.75761e+06
-363649
0.346062
0.0182579
0.0111723
0.000549491
0
0
0
1685647807.73339
msg_begin
7.75761e+06
-363649
0.346862
0.00763812
0.00255313
0.000786412
0
0
0
1685647807.78342
msg_begin
7.75761e+06
-363648
0.349926
0.000461406
0.000161337
3.96879e-05
0
0
0
1685647807.83343
msg_begin
7.75761e+06
-363648
0.353758
0.0338115
0.0124295
0.000668994
0
0
0
1685647807.88346
msg_begin
7.75761e+06
-363648
0.355815
0.00107572
0.00203466
8.68846e-05
0
0
0
1685647807.93348
msg_begin
7.75761e+06
-363648
0.363977
0.00517769
0.0041523
0.000195527
0
0
0
1685647807.98345
msg_begin
7.75761e+06
-363648
0.367982
0.00826708
0.00319792
0.000954404
0
0
0
1685647808.03341
msg_begin
7.75761e+06
-363648
0.369565
0.0115796
0.00827017
0.000740701
0
0
0
1685647808.08336
msg_begin
7.75761e+06
-363647
0.374668
0.0023976
0.0030734
0.00022279
0
0
0
1685647808.13334
msg_begin
7.75761e+06
-363647
0.377272
0.00149377
0.000721284
6.47724e-05
0
0
0
1685647808.18341
msg_begin
7.75761e+06
-363647
0.382211
0.00735019
0.00531286
0.00126776
0
0
0
1685647808.23336
msg_begin
7.75761e+06
-363647
0.388317
0.0010693
0.00141679
0.000235545
0
0
0
1685647808.28333
msg_begin
7.75762e+06
-363647
0.391116
0.0104779
0.00888351
0.00052928
0
0
0
1685647808.33334
msg_begin
7.75762e+06
-363647
0.395683
0.00680864
0.00234822
0.000649972
0
0
0
1685647808.38327
msg_begin
7.75762e+06
-363646
0.398456
0.0046934
0.00390739
0.000791948
0
0
0
1685647808.43410
msg_begin
7.75762e+06
-363646
0.405278
0.00271094
0.00304516
0.000431384
0
0
0
1685647808.48329
msg_begin
7.75762e+06
-363646
0.407711
0.0113616
0.0125472
0.000553186
0
0
0
1685647808.53328
msg_begin
7.75762e+06
-363646
0.410616
0.00805828
0.0145483
0.000634925
0
0
0
1685647808.58336
msg_begin
7.75762e+06
-363646
0.416002
0.0488934
0.0221288
0.00155339
0
0
0
1685647808.63394
msg_begin
7.75762e+06
-363645
0.423749
0.00317166
0.000965639
0.000132994
0
0
0
1685647808.68342
msg_begin
7.75762e+06
-363645
0.429063
0.00602714
0.00491807
0.000568505
0
0
0
1685647808.73344
msg_begin
7.75762e+06
-363645
0.433273
0.000872107
7.42068e-05
0.000140298
0
0
0
1685647808.78349
msg_begin
7.75762e+06
-363645
0.435988
0.00683686
0.0036045
0.000282211
0
0
0
1685647808.83445
msg_begin
7.75762e+06
-363645
0.439888
0.00108254
0.00358757
0.000998133
0
0
0
1685647808.88357
msg_begin
7.75762e+06
-363644
0.444832
0.023797
0.00890606
0.000938064
0
0
0
1685647808.93361
msg_begin
7.75762e+06
-363644
0.45012
0.013253
0.00464252
0.000270812
0
0
0
1685647808.98375
msg_begin
7.75762e+06
-363644
0.457392
0.00266995
0.00255511
0.000158733
0
0
0
1685647809.03464
msg_begin
7.75762e+06
-363644
0.464577
0.00492215
0.00222034
0.000232965
0
0
0
1685647809.08372
msg_begin
7.75762e+06
-363644
0.468583
0.00288649
0.00469599
0.000118985
0
0
0
1685647809.13375
msg_begin
7.75762e+06
-363643
0.474351
0.00901499
0.00535324
0.000367117
0
0
0
1685647809.18372
msg_begin
7.75762e+06
-363643
0.478659
0.00207564
0.00477718
7.09808e-05
0
0
0
1685647809.23371
msg_begin
7.75762e+06
-363643
0.483006
0.0057477
0.0101365
0.000553577
0
0
0
1685647809.28371
msg_begin
7.75762e+06
-363643
0.489073
0.0230301
0.0127581
0.00100025
0
0
0
1685647809.33372
msg_begin
7.75762e+06
-363643
0.492776
0.00250143
0.00403189
0.000325938
0
0
0
1685647809.38372
msg_begin
7.75762e+06
-363642
0.496221
0.0248688
0.0229524
0.000421826
0
0
0
1685647809.43371
msg_begin
7.75762e+06
-363642
0.49997
0.00662893
0.00374147
0.00070691
0
0
0
1685647809.48368
msg_begin
7.75762e+06
-363642
0.507112
0.0129726
0.0129179
0.00133025
0
0
0
1685647809.53368
msg_begin
7.75762e+06
-363642
0.513612
0.00253022
0.000877155
0.000313093
0
0
0
1685647809.58373
msg_begin
7.75763e+06
-363642
0.518425
0.025293
0.014637
0.00108889
0
0
0
1685647809.63362
msg_begin
7.75763e+06
-363641
0.526557
0.0144034
0.00363584
0.00057932
0
0
0
1685647809.68359
msg_begin
7.75763e+06
-363641
0.529515
0.0123913
0.00611468
0.00082762
0
0
0
1685647809.73360
msg_begin
7.75763e+06
-363641
0.53215
0.0100358
0.00502225
0.00061975
0
0
0
1685647809.78369
msg_begin
7.75763e+06
-363641
0.542057
0.00148207
0.00793547
0.000464934
0
0
0
1685647809.83359
msg_begin
7.75763e+06
-363640
0.545795
0.0237913
0.0209228
0.00251048
0
0
0
1685647809.88361
msg_begin
7.75763e+06
-363640
0.549044
0.0268168
0.0121814
0.000652873
0
0
0
1685647809.93358
msg_begin
7.75763e+06
-363640
0.554471
0.046468
0.0219099
0.00199343
0
0
0
1685647809.98356
msg_begin
7.75763e+06
-363640
0.558286
0.0117619
0.00982612
0.000181972
0
0
0
1685647810.03354
msg_begin
7.75763e+06
-363640
0.56501
0.0118173
0.00888155
0.00101152
0
0
0
1685647810.08357
msg_begin
7.75763e+06
-363639
0.571457
0.00330925
0.000551165
0.000121656
0
0
0
1685647810.13341
msg_begin
7.75763e+06
-363639
0.57628
0.0170387
0.0214325
0.00142638
0
0
0
1685647810.18343
msg_begin
7.75763e+06
-363639
0.578476
0.0271548
0.015687
0.000237898
0
0
0
1685647810.23340
msg_begin
7.75763e+06
-363639
0.584127
0.00775834
0.00465607
0.000975315
0
0
0
1685647810.28337
msg_begin
7.75763e+06
-363638
0.588383
0.00826747
0.0085838
0.000453642
0
0
0
1685647810.33336
msg_begin
7.75763e+06
-363638
0.591344
0.0027982
0.00143706
0.000494914
0
0
0
1685647810.38368
msg_begin
7.75763e+06
-363638
0.595568
0.0012597
0.0034178
0.000168707
0
0
0
1685647810.43418
msg_begin
7.75763e+06
-363638
0.598086
0.000488529
0.000371105
4.88317e-05
0
0
0
1685647810.48341
msg_begin
7.75763e+06
-363637
0.597487
0.00189411
0.00189241
0.000247029
0
0
0
1685647810.53343
msg_begin
7.75763e+06
-363637
0.602922
0.0150837
0.0085021
0.00125475
0
0
0
1685647810.58345
msg_begin
7.75763e+06
-363637
0.606182
0.00544862
0.00189168
0.000188574
0
0
0
1685647810.63405
msg_begin
7.75763e+06
-363637
0.614017
0.00320278
0.00327986
0.000114327
0
0
0
1685647810.68347
msg_begin
7.75763e+06
-363636
0.615501
0.00167633
0.00311432
0.000792182
0
0
0
1685647810.73347
msg_begin
7.75763e+06
-363636
0.618541
0.00605248
0.00261103
0.00014908
0
0
0
1685647810.78356
msg_begin
7.75763e+06
-363636
0.622527
0.0147304
0.00468998
0.000442146
0
0
0
1685647810.83416
msg_begin
7.75763e+06
-363636
0.627218
0.0177812
0.0116652
0.000360795
0
0
0
1685647810.88345
msg_begin
7.75763e+06
-363635
0.62772
0.0103499
0.00588259
0.000852404
0
0
0
1685647810.93345
msg_begin
7.75763e+06
-363635
0.634318
0.00290347
0.00426184
0.000175577
0
0
0
1685647810.98344
msg_begin
7.75764e+06
-363635
0.632078
0.00585329
0.00402735
0.000884431
0
0
0
1685647811.03439
msg_begin
7.75764e+06
-363635
0.634679
0.00209023
0.00179479
0.000220355
0
0
0
1685647811.08345
msg_begin
7.75764e+06
-363634
0.633965
0.0379848
0.0243546
0.00130789
0
0
0
1685647811.13343
msg_begin
7.75764e+06
-363634
0.635315
0.0062551
0.00387871
0.00030716
0
0
0
1685647811.18345
msg_begin
7.75764e+06
-363634
0.638571
0.0050144
0.0132534
0.000672247
0
0
0
1685647811.23350
msg_begin
7.75764e+06
-363634
0.641318
0.022836
0.0256707
0.00156941
0
0
0
1685647811.28339
msg_begin
7.75764e+06
-363633
0.643058
0.00692435
0.0041169
0.00038943
0
0
0
1685647811.33339
msg_begin
7.75764e+06
-363633
0.644062
8.9407e-08
3.20142e-09
7.77156e-16
0
0
0
1685647811.38337
msg_begin
7.75764e+06
-363633
0.645696
0.00292747
0.00289549
0.000136049
0
0
0
1685647811.43337
msg_begin
7.75764e+06
-363632
0.643842
0.00119059
0.000898325
4.06204e-05
0
0
0
1685647811.48341
msg_begin
7.75764e+06
-363632
0.643675
0.00170706
0.00251357
7.11574e-05
0
0
0
1685647811.53343
msg_begin
7.75764e+06
-363632
0.644354
0.00996311
0.00615166
0.000651441
0
0
0
1685647811.58342
msg_begin
7.75764e+06
-363632
0.644681
2.70084e-08
1.28057e-09
3.10862e-15
0
0
0
1685647811.63340
msg_begin
7.75764e+06
-363631
0.647921
0.00509011
0.00819604
0.000320567
0
0
0
1685647811.68343
msg_begin
7.75764e+06
-363631
0.64661
0.00290224
0.00475555
0.000423277
0
0
0
1685647811.73342
msg_begin
7.75764e+06
-363631
0.647029
0.00217335
0.00272015
0.000355122
0
0
0
1685647811.78342
msg_begin
7.75764e+06
-363631
0.648336
5.40167e-08
5.82077e-11
2.9976e-15
0
0
0
1685647811.83342
msg_begin
7.75764e+06
-363630
0.649213
0.00616539
0.00320936
0.000556383
0
0
0
1685647811.88342
msg_begin
7.75764e+06
-363630
0.651154
0.025819
0.0257713
0.0011514
0
0
0
1685647811.93341
msg_begin
7.75764e+06
-363630
0.649379
0.00431297
0.00163991
0.000326083
0
0
0
1685647811.98336
msg_begin
7.75764e+06
-363629
0.647634
0.000126595
0.000918578
8.75567e-05
0
0
0
1685647812.03336
msg_begin
7.75764e+06
-363629
0.647559
0.00474956
0.00392184
0.000389967
0
0
0
1685647812.08334
msg_begin
7.75764e+06
-363629
0.647346
0.0225741
0.0199022
0.000270762
0
0
0
1685647812.13330
msg_begin
7.75764e+06
-363629
0.647895
0.0103308
0.00554022
0.000423632
0
0
0
1685647812.18330
msg_begin
7.75764e+06
-363628
0.6446
0.0137329
0.0134232
0.00116882
0
0
0
1685647812.23330
msg_begin
7.75764e+06
-363628
0.645146
0.00515254
0.00314464
0.000186821
0
0
0
1685647812.28329
msg_begin
7.75764e+06
-363628
0.644529
0.0113384
0.00340583
0.00226962
0
0
0
1685647812.33333
msg_begin
7.75764e+06
-363628
0.642666
5.21541e-08
1.33878e-09
2.22045e-16
0
0
0
1685647812.38333
msg_begin
7.75764e+06
-363627
0.643721
0.0107025
0.0120798
0.000882692
0
0
0
1685647812.43395
msg_begin
7.75764e+06
-363627
0.642095
0.00184176
0.00137131
7.77127e-05
0
0
0
1685647812.48337
msg_begin
7.75765e+06
-363627
0.644619
0.00253253
0.000191753
4.58558e-05
0
0
0
1685647812.53355
msg_begin
7.75765e+06
-363627
0.647095
0.00377261
0.00404935
0.000567016
0
0
0
1685647812.58362
msg_begin
7.75765e+06
-363626
0.646629
0.00285252
0.0123345
0.000218004
0
0
0
1685647812.63408
msg_begin
7.75765e+06
-363626
0.64593
0.000767144
1.54098e-05
7.5221e-05
0
0
0
1685647812.68343
msg_begin
7.75765e+06
-363626
0.646174
5.58794e-09
9.31323e-10
1.88738e-15
0
0
0
1685647812.73341
msg_begin
7.75765e+06
-363625
0.646104
0.00326811
0.00498659
6.84363e-05
0
0
0
1685647812.78339
msg_begin
7.75765e+06
-363625
0.644337
0.00979694
0.00801749
0.000366813
0
0
0
1685647812.83448
msg_begin
7.75765e+06
-363625
0.647847
0.0173614
0.00971548
0.0010918
0
0
0
1685647812.88339
msg_begin
7.75765e+06
-363625
0.644818
0.000362479
0.000219043
8.26979e-05
0
0
0
1685647812.93339
msg_begin
7.75765e+06
-363624
0.646681
0.0022911
0.00112011
6.31443e-06
0
0
0
1685647812.98333
msg_begin
7.75765e+06
-363624
0.646189
0.00419501
0.00323688
0.000302887
0
0
0
1685647813.03374
msg_begin
7.75765e+06
-363624
0.64755
0.00154181
0.00208284
0.000242458
0
0
0
1685647813.08331
msg_begin
7.75765e+06
-363623
0.645233
0.00498111
0.00292689
0.000512874
0
0
0
1685647813.18321
msg_begin
7.75765e+06
-363623
0.645563
7.72998e-08
3.25963e-09
3.66374e-15
0
0
0
1685647813.28323
msg_begin
7.75765e+06
-363622
0.641875
0.000952464
0.000618176
0.000128962
0
0
0
1685647813.33327
msg_begin
7.75765e+06
-363622
0.642632
0.0107452
0.00886704
0.000301263
0
0
0
1685647813.38325
msg_begin
7.75765e+06
-363622
0.644765
0.00640287
0.00230238
0.000481244
0
0
0
1685647813.43324
msg_begin
7.75765e+06
-363622
0.643572
0.00583093
0.00398577
0.000233809
0
0
0
1685647813.48321
msg_begin
7.75765e+06
-363621
0.645963
0.00237381
0.000852746
0.000428319
0
0
0
1685647813.53321
msg_begin
7.75765e+06
-363621
0.643292
6.98492e-08
2.85218e-09
4.10783e-15
0
0
0
1685647813.58324
msg_begin
7.75765e+06
-363621
0.642524
0.00753892
0.00586942
0.00122357
0
0
0
1685647813.63317
msg_begin
7.75765e+06
-363621
0.638781
0.0167528
0.00067965
0.000230975
0
0
0
1685647813.68317
msg_begin
7.75765e+06
-363620
0.639203
0.000921081
0.000436608
8.86976e-05
0
0
0
1685647813.73313
msg_begin
7.75765e+06
-363620
0.636976
0.00153066
0.00288332
0.00011219
0
0
0
1685647813.78313
msg_begin
7.75765e+06
-363620
0.637315
0.000426979
0.000222089
3.31852e-05
0
0
0
1685647813.83318
msg_begin
7.75765e+06
-363619
0.635798
0.0118277
0.0148995
0.0002274
0
0
0
1685647813.88318
msg_begin
7.75765e+06
-363619
0.633831
0.00380249
0.00339162
0.000701213
0
0
0
1685647813.93321
msg_begin
7.75766e+06
-363619
0.633739
0.0314131
0.0203188
0.0038424
0
0
0
1685647813.98327
msg_begin
7.75766e+06
-363619
0.628545
0.00274177
0.000188391
0.000652815
0
0
0
1685647814.03326
msg_begin
7.75766e+06
-363618
0.632604
1.76951e-08
2.21189e-09
3.44169e-15
0
0
0
1685647814.08331
msg_begin
7.75766e+06
-363618
0.631464
0.00185184
0.00355712
0.000260991
0
0
0
1685647814.13335
msg_begin
7.75766e+06
-363618
0.626876
6.51926e-09
2.67755e-09
1.22125e-15
0
0
0
1685647814.18339
msg_begin
7.75766e+06
-363617
0.627524
0.00684238
0.00856633
6.16217e-05
0
0
0
1685647814.23345
msg_begin
7.75766e+06
-363617
0.629059
0.0225071
0.0204301
0.00104421
0
0
0
1685647814.28347
msg_begin
7.75766e+06
-363617
0.624282
0.00761539
0.0061428
0.000539481
0
0
0
1685647814.33352
msg_begin
7.75766e+06
-363617
0.626441
0.00464513
0.00361743
0.000927255
0
0
0
1685647814.38365
msg_begin
7.75766e+06
-363616
0.627158
0.0191327
0.009985
0.00101846
0
0
0
1685647814.43447
msg_begin
7.75766e+06
-363616
0.626156
0.0204205
0.0135668
0.000845453
0
0
0
1685647814.48376
msg_begin
7.75766e+06
-363616
0.625331
1.95578e-08
3.49246e-10
5.55112e-16
0
0
0
1685647814.53378
msg_begin
7.75766e+06
-363616
0.622452
5.68107e-08
2.21189e-09
3.55271e-15
0
0
0
1685647814.58388
msg_begin
7.75766e+06
-363615
0.620356
0.00101033
0.00129835
0.000139098
0
0
0
1685647814.63477
msg_begin
7.75766e+06
-363615
0.618796
0.0130302
0.00819091
0.000664488
0
0
0
1685647814.68384
msg_begin
7.75766e+06
-363615
0.618117
0.0110054
0.00896708
0.00132902
0
0
0
1685647814.73384
msg_begin
7.75766e+06
-363614
0.622762
0.00946853
0.00676748
0.000185086
0
0
0
1685647814.78386
msg_begin
7.75766e+06
-363614
0.622488
0.00368956
0.000867478
4.79429e-05
0
0
0
1685647814.83456
msg_begin
7.75766e+06
-363614
0.620149
0.00251554
0.00725677
0.000545358
0
0
0
1685647814.88380
msg_begin
7.75766e+06
-363614
0.62345
0.0113861
0.00512634
0.000773594
0
0
0
1685647814.93376
msg_begin
7.75766e+06
-363613
0.623893
0.00268912
0.00669131
0.00023532
0
0
0
1685647814.98373
msg_begin
7.75766e+06
-363613
0.621538
0.00362554
0.0105796
0.00103981
0
0
0
1685647815.03431
msg_begin
7.75766e+06
-363613
0.620523
0.00202574
0.000840897
0.000135012
0
0
0
1685647815.08372
msg_begin
7.75766e+06
-363613
0.620183
0.00748908
0.00757083
0.000170398
0
0
0
1685647815.13372
msg_begin
7.75766e+06
-363612
0.619035
3.07336e-08
6.98492e-10
2.33147e-15
0
0
0
1685647815.18375
msg_begin
7.75766e+06
-363612
0.616639
0
1.22236e-09
2.88658e-15
0
0
0
1685647815.23375
msg_begin
7.75766e+06
-363612
0.617142
0.000719289
0.000260221
9.50561e-05
0
0
0
1685647815.28375
msg_begin
7.75766e+06
-363611
0.614988
0.0221264
0.000374185
0.00113622
0
0
0
1685647815.33374
msg_begin
7.75767e+06
-363611
0.615172
0.0059058
0.00336609
0.000274122
0
0
0
1685647815.38371
msg_begin
7.75767e+06
-363611
0.614077
9.31323e-10
1.39698e-09
1.77636e-15
0
0
0
1685647815.43370
msg_begin
7.75767e+06
-363611
0.612868
0.0046286
0.00241737
0.000157672
0
0
0
1685647815.48369
msg_begin
7.75767e+06
-363610
0.612987
0.0063315
0.00629426
0.000633083
0
0
0
1685647815.53361
msg_begin
7.75767e+06
-363610
0.612117
0.0143608
0.0134939
0.000719384
0
0
0
1685647815.58349
msg_begin
7.75767e+06
-363610
0.609567
0.000563706
0.00505464
0.000333456
0
0
0
1685647815.63346
msg_begin
7.75767e+06
-363610
0.609576
0.00641713
0.00637926
0.000658068
0
0
0
1685647815.68345
msg_begin
7.75767e+06
-363609
0.611506
0.0199767
0.00998326
0.000480584
0
0
0
1685647815.73329
msg_begin
7.75767e+06
-363609
0.608794
0.00753243
0.00808152
0.00118027
0
0
0
1685647815.78324
msg_begin
7.75767e+06
-363609
0.606638
0.00141289
0.00610673
6.70277e-05
0
0
0
1685647815.83319
msg_begin
7.75767e+06
-363608
0.607902
0.00334264
0.00598237
0.000629198
0
0
0
1685647815.88322
msg_begin
7.75767e+06
-363608
0.609199
1.86265e-08
2.2701e-09
2.10942e-15
0
0
0
1685647815.93314
msg_begin
7.75767e+06
-363608
0.610078
0.00578574
0.00350629
0.000894743
0
0
0
1685647815.98318
msg_begin
7.75767e+06
-363607
0.609913
0.000937153
0.00386904
0.000136028
0
0
0
1685647816.03316
msg_begin
7.75767e+06
-363607
0.608512
0.00162083
0.00132633
0.000111913
0
0
0
1685647816.08317
msg_begin
7.75767e+06
-363607
0.609368
0.00294652
0.000666627
0.000250604
0
0
0
1685647816.13310
msg_begin
7.75767e+06
-363607
0.608359
0.000543664
0.00032752
1.95771e-06
0
0
0
1685647816.18312
msg_begin
7.75767e+06
-363606
0.609034
0.00720498
0.0120259
0.000381579
0
0
0
1685647816.23307
msg_begin
7.75767e+06
-363606
0.609724
0.00279661
0.00200262
0.000220017
0
0
0
1685647816.28309
msg_begin
7.75767e+06
-363606
0.608576
0.0335814
0.0177392
0.000854817
0
0
0
1685647816.33313
msg_begin
7.75767e+06
-363606
0.608931
0.000262094
0.00013994
0.000101028
0
0
0
1685647816.38313
msg_begin
7.75767e+06
-363605
0.608952
0.00186173
0.00130348
9.33402e-05
0
0
0
1685647816.43385
msg_begin
7.75767e+06
-363605
0.607864
0.00836214
0.00526511
0.0001764
0
0
0
1685647816.48313
msg_begin
7.75767e+06
-363605
0.609428
0.00823419
0.00564885
2.48127e-05
0
0
0
1685647816.53312
msg_begin
7.75767e+06
-363604
0.609132
0.00479043
0.00204271
0.000351292
0
0
0
1685647816.58325
msg_begin
7.75767e+06
-363604
0.606729
2.14204e-08
2.56114e-09
5.55112e-16
0
0
0
1685647816.63329
msg_begin
7.75768e+06
-363604
0.606
0.0084531
0.0100846
0.000884179
0
0
0
1685647816.68319
msg_begin
7.75768e+06
-363604
0.605295
8.56817e-08
3.55067e-09
3.55271e-15
0
0
0
1685647816.73317
msg_begin
7.75768e+06
-363603
0.604361
0.00172899
0.00410683
0.000174892
0
0
0
1685647816.78323
msg_begin
7.75768e+06
-363603
0.608499
7.82311e-08
2.56114e-09
3.44169e-15
0
0
0
1685647816.83413
msg_begin
7.75768e+06
-363603
0.608265
0.0141397
0.00729752
0.000738888
0
0
0
1685647816.88330
msg_begin
7.75768e+06
-363602
0.608876
0.00172929
0.01221
0.000117673
0
0
0
1685647816.93340
msg_begin
7.75768e+06
-363602
0.609014
7.72998e-08
3.66708e-09
3.33067e-16
0
0
0
1685647816.98333
msg_begin
7.75768e+06
-363602
0.609799
0.0140984
0.0112097
0.000111565
0
0
0
1685647817.03360
msg_begin
7.75768e+06
-363602
0.60956
2.8871e-08
1.16415e-09
5.44009e-15
0
0
0
1685647817.08340
msg_begin
7.75768e+06
-363601
0.608019
8.56817e-08
3.0268e-09
3.77476e-15
0
0
0
1685647817.13341
msg_begin
7.75768e+06
-363601
0.607939
7.45058e-09
0
1.9984e-15
0
0
0
1685647817.18351
msg_begin
7.75768e+06
-363601
0.608111
0.0099408
0.00347013
0.000237334
0
0
0
1685647817.23352
msg_begin
7.75768e+06
-363600
0.607854
0.00356912
0.00153219
0.000116153
0
0
0
1685647817.28350
msg_begin
7.75768e+06
-363600
0.60537
0.00499169
0.00769102
0.000402884
0
0
0
1685647817.33349
msg_begin
7.75768e+06
-363600
0.605984
2.51457e-08
3.0268e-09
2.10942e-15
0
0
0
1685647817.38357
msg_begin
7.75768e+06
-363599
0.60786
0.00158357
0.00728816
0.000118454
0
0
0
1685647817.43355
msg_begin
7.75768e+06
-363599
0.605873
0.00869435
0.00556927
0.00138711
0
0
0
1685647817.48355
msg_begin
7.75768e+06
-363599
0.608618
0.00810317
0.0116913
0.000838158
0
0
0
1685647817.53357
msg_begin
7.75768e+06
-363599
0.604734
0.00301091
0.00234341
0.000562706
0
0
0
1685647817.58362
msg_begin
7.75768e+06
-363598
0.603994
0.00370502
0.000680946
0.00015164
0
0
0
1685647817.68370
msg_begin
7.75768e+06
-363598
0.604417
0.00265706
0.00202514
0.000245195
0
0
0
1685647817.73374
msg_begin
7.75768e+06
-363597
0.60565
0.0123739
0.00784714
0.000239729
0
0
0
1685647817.78388
msg_begin
7.75768e+06
-363597
0.60763
0.000501927
0.00230594
0.000178177
0
0
0
1685647817.83378
msg_begin
7.75768e+06
-363597
0.604819
0.000863979
0.000882199
5.39775e-05
0
0
0
1685647817.88382
msg_begin
7.75769e+06
-363597
0.607624
0.00511117
0.000182403
0.000179362
0
0
0
1685647817.93383
msg_begin
7.75769e+06
-363596
0.608163
0.00188819
0.00200445
0.000233023
0
0
0
1685647817.98376
msg_begin
7.75769e+06
-363596
0.609472
0.0026734
0.00362195
0.000683674
0
0
0
1685647818.03376
msg_begin
7.75769e+06
-363596
0.606739
0.000508175
0.00054127
5.1201e-05
0
0
0
1685647818.08371
msg_begin
7.75769e+06
-363595
0.606751
0.00111849
0.000624052
0.000105274
0
0
0
1685647818.13368
msg_begin
7.75769e+06
-363595
0.607205
0.0355533
0.0280023
0.000181241
0
0
0
1685647818.18363
msg_begin
7.75769e+06
-363594
0.606434
0.00656777
0.00504882
0.00029214
0
0
0
1685647818.28347
msg_begin
7.75769e+06
-363594
0.606606
0.00442674
0.00064554
0.000524481
0
0
0
1685647818.38336
msg_begin
7.75769e+06
-363593
0.604696
2.8871e-08
1.74623e-10
2.77556e-15
0
0
0
1685647818.43354
msg_begin
7.75769e+06
-363593
0.605731
0.0187847
0.00758169
0.000154663
0
0
0
1685647818.48338
msg_begin
7.75769e+06
-363593
0.60676
5.30854e-08
2.91038e-10
9.99201e-16
0
0
0
1685647818.53337
msg_begin
7.75769e+06
-363593
0.606759
0.00304919
0.0022644
0.000149389
0
0
0
1685647818.58342
msg_begin
7.75769e+06
-363592
0.608828
0.0124278
0.00951828
0.000520399
0
0
0
1685647818.63457
msg_begin
7.75769e+06
-363592
0.610184
0.00755547
0.00615176
5.66764e-05
0
0
0
1685647818.68346
msg_begin
7.75769e+06
-363592
0.610822
0.000138098
0.000333587
2.63889e-05
0
0
0
1685647818.73349
msg_begin
7.75769e+06
-363591
0.611847
0.0172692
0.00410879
0.00120047
0
0
0
1685647818.78363
msg_begin
7.75769e+06
-363591
0.61232
0.0359799
0.0239505
0.000566815
0
0
0
1685647818.83407
msg_begin
7.75769e+06
-363591
0.61021
0.0178052
0.0049075
0.00196491
0
0
0
1685647818.88353
msg_begin
7.75769e+06
-363590
0.609259
0.00172003
0.000803293
0.000104021
0
0
0
1685647818.93355
msg_begin
7.75769e+06
-363590
0.607534
0.00879858
0.0148417
0.000412636
0
0
0
1685647818.98355
msg_begin
7.75769e+06
-363590
0.609748
0.0128603
0.00828489
5.16665e-05
0
0
0
1685647819.03465
msg_begin
7.75769e+06
-363590
0.611257
0.0134578
0.0053981
8.67644e-05
0
0
0
1685647819.08355
msg_begin
7.7577e+06
-363589
0.60931
0.0022804
0.0019874
0.0001266
0
0
0
1685647819.13354
msg_begin
7.7577e+06
-363589
0.609275
1.86265e-09
3.0268e-09
4.21885e-15
0
0
0
1685647819.18366
msg_begin
7.7577e+06
-363589
0.611057
1.76951e-08
3.20142e-09
1.22125e-15
0
0
0
1685647819.23361
msg_begin
7.7577e+06
-363588
0.612131
0.000620182
0.000137938
0.000316461
0
0
0
1685647819.28364
msg_begin
7.7577e+06
-363588
0.613091
6.23986e-08
2.15368e-09
1.9984e-15
0
0
0
1685647819.33361
msg_begin
7.7577e+06
-363588
0.614216
0.00478402
0.00904344
0.000561198
0
0
0
1685647819.38366
msg_begin
7.7577e+06
-363587
0.616401
5.14038e-05
0.00275536
8.06161e-05
0
0
0
1685647819.43367
msg_begin
7.7577e+06
-363587
0.617545
0.00303143
0.00108677
0.000141309
0
0
0
1685647819.48366
msg_begin
7.7577e+06
-363587
0.618828
0.00227755
0.00214753
8.73287e-05
0
0
0
1685647819.53364
msg_begin
7.7577e+06
-363586
0.619105
0.00220303
0.00226726
0.000172267
0
0
0
1685647819.58366
msg_begin
7.7577e+06
-363586
0.618466
0.000893448
0.0093246
0.00109587
0
0
0
1685647819.63365
msg_begin
7.7577e+06
-363586
0.618287
5.30854e-08
3.84171e-09
3.9968e-15
0
0
0
1685647819.68358
msg_begin
7.7577e+06
-363586
0.618978
1.21072e-08
6.98492e-10
2.33147e-15
0
0
0
1685647819.73360
msg_begin
7.7577e+06
-363585
0.620116
0.0265293
0.0165267
0.000168621
0
0
0
1685647819.78355
msg_begin
7.7577e+06
-363585
0.620331
0.00325541
0.0010775
1.45822e-05
0
0
0
1685647819.83349
msg_begin
7.7577e+06
-363585
0.620373
5.21541e-08
9.8953e-10
5.55112e-16
0
0
0
1685647819.88807
msg_begin
7.7577e+06
-363584
0.620506
6.33299e-08
5.23869e-10
3.88578e-15
0
0
0
1685647819.93349
msg_begin
7.7577e+06
-363584
0.621056
9.31323e-08
3.37604e-09
3.88578e-15
0
0
0
1685647819.98346
msg_begin
7.7577e+06
-363584
0.621206
6.0536e-08
4.19095e-09
2.33147e-15
0
0
0
1685647820.03348
msg_begin
7.7577e+06
-363583
0.620206
0.012689
0.00957897
0.000325202
0
0
0
1685647820.08354
msg_begin
7.7577e+06
-363583
0.619911
7.26432e-08
3.49246e-10
3.55271e-15
0
0
0
1685647820.13352
msg_begin
7.7577e+06
-363583
0.620057
1.58325e-08
3.49246e-10
3.33067e-16
0
0
0
1685647820.18358
msg_begin
7.7577e+06
-363582
0.614948
0.00199091
0.00241661
0.000228662
0
0
0
1685647820.23356
msg_begin
7.7577e+06
-363582
0.612542
5.47512e-05
0.000276309
0.000102062
0
0
0
1685647820.28359
msg_begin
7.75771e+06
-363582
0.61348
1.11759e-08
1.16415e-10
6.66134e-16
0
0
0
1685647820.33360
msg_begin
7.75771e+06
-363581
0.615482
1.58325e-08
1.33878e-09
2.66454e-15
0
0
0
1685647820.38361
msg_begin
7.75771e+06
-363581
0.617344
6.98492e-08
2.67755e-09
8.88178e-16
0
0
0
1685647820.43432
msg_begin
7.75771e+06
-363581
0.617818
0.0257669
0.0155646
0.00129001
0
0
0
1685647820.48365
msg_begin
7.75771e+06
-363580
0.615235
0.0104038
0.000865883
0.000724425
0
0
0
1685647820.53367
msg_begin
7.75771e+06
-363580
0.617189
0.00900309
0.00394954
0.000194784
0
0
0
1685647820.58365
msg_begin
7.75771e+06
-363580
0.619713
0.0163753
0.0147069
0.000889702
0
0
0
1685647820.63454
msg_begin
7.75771e+06
-363579
0.621453
9.12696e-08
3.14321e-09
4.10783e-15
0
0
0
1685647820.68359
msg_begin
7.75771e+06
-363579
0.625598
0.0128536
0.00569859
0.000809042
0
0
0
1685647820.73355
msg_begin
7.75771e+06
-363579
0.625881
0.00387349
0.00800748
0.000875356
0
0
0
1685647820.78355
msg_begin
7.75771e+06
-363579
0.628022
0.010603
0.00446596
0.000372979
0
0
0
1685647820.83479
msg_begin
7.75771e+06
-363578
0.627288
0.000277755
0.000391651
7.16378e-05
0
0
0
1685647820.88351
msg_begin
7.75771e+06
-363578
0.627072
0.00227043
0.00560473
0.00137754
0
0
0
1685647820.93349
msg_begin
7.75771e+06
-363577
0.629719
0.0104901
0.00804389
0.00105366
0
0
0
1685647820.98355
msg_begin
7.75771e+06
-363577
0.631661
3.72529e-09
2.2701e-09
8.88178e-16
0
0
0
1685647821.03351
msg_begin
7.75771e+06
-363577
0.627338
5.30854e-08
6.98492e-10
4.88498e-15
0
0
0
1685647821.13352
msg_begin
7.75771e+06
-363576
0.628422
2.6077e-08
3.0268e-09
2.44249e-15
0
0
0
1685647821.18355
msg_begin
7.75771e+06
-363576
0.628694
0.0139711
0.0120267
0.00118538
0
0
0
1685647821.23357
msg_begin
7.75771e+06
-363576
0.627884
0.000280559
0.00173308
7.7435e-05
0
0
0
1685647821.28360
msg_begin
7.75771e+06
-363575
0.626896
0.0190832
0.0144804
0.00168226
0
0
0
1685647821.33364
msg_begin
7.75771e+06
-363575
0.627531
0.00688776
0.013241
0.000117919
0
0
0
1685647821.38427
msg_begin
7.75771e+06
-363575
0.629876
0.00433198
0.00333686
0.000103591
0
0
0
1685647821.43365
msg_begin
7.75771e+06
-363574
0.631002
0.00314281
0.00307398
0.00106809
0
0
0
1685647821.48368
msg_begin
7.75772e+06
-363574
0.634495
0.00572816
0.000959553
9.95714e-05
0
0
0
1685647821.53364
msg_begin
7.75772e+06
-363574
0.63115
0.0032789
0.00184123
0.000133192
0
0
0
1685647821.58393
msg_begin
7.75772e+06
-363573
0.63003
0.0133214
0.0108132
0.0011125
0
0
0
1685647821.63360
msg_begin
7.75772e+06
-363573
0.634584
0.00307628
0.00156068
0.000269274
0
0
0
1685647821.68359
msg_begin
7.75772e+06
-363573
0.633882
0.0107901
0.0104457
0.000525673
0
0
0
1685647821.73353
msg_begin
7.75772e+06
-363572
0.633242
0.0137828
0.00989011
0.00118058
0
0
0
1685647821.78389
msg_begin
7.75772e+06
-363572
0.634189
0.013332
0.00883622
0.00108731
0
0
0
1685647821.83352
msg_begin
7.75772e+06
-363572
0.639484
4.65661e-09
4.65661e-10
7.77156e-16
0
0
0
1685647821.88347
msg_begin
7.75772e+06
-363571
0.638542
0.0196052
0.00748219
0.000917687
0
0
0
1685647821.93351
msg_begin
7.75772e+06
-363571
0.637626
0.00251552
0.00237377
0.000532383
0
0
0
1685647821.98413
msg_begin
7.75772e+06
-363571
0.639275
0.00489271
0.00442498
0.000286508
0
0
0
1685647822.03354
msg_begin
7.75772e+06
-363570
0.636147
0.00297902
0.00268362
0.000361272
0
0
0
1685647822.08355
msg_begin
7.75772e+06
-363570
0.635496
7.45058e-09
3.31784e-09
4.32987e-15
0
0
0
1685647822.13360
msg_begin
7.75772e+06
-363570
0.633858
0.0142839
0.00797303
0.00113856
0
0
0
1685647822.18419
msg_begin
7.75772e+06
-363569
0.633513
0.0106191
0.0135753
0.000907298
0
0
0
1685647822.23367
msg_begin
7.75772e+06
-363569
0.632098
0.00132529
0.00306381
0.000291194
0
0
0
1685647822.28366
msg_begin
7.75772e+06
-363569
0.632467
0.0170346
0.00491678
0.000322198
0
0
0
1685647822.33371
msg_begin
7.75772e+06
-363568
0.630711
0.00499121
0.0079355
0.00130455
0
0
0
1685647822.38425
msg_begin
7.75772e+06
-363568
0.629398
0.0117678
0.0105808
0.00041644
0
0
0
1685647822.43375
msg_begin
7.75772e+06
-363568
0.631521
0.00470649
0.00661615
0.000198894
0
0
0
1685647822.48374
msg_begin
7.75772e+06
-363567
0.630104
0.0116076
0.00787583
0.000251741
0
0
0
1685647822.53373
msg_begin
7.75772e+06
-363567
0.631266
0.00598027
0.00400037
0.00156087
0
0
0
1685647822.58438
msg_begin
7.75772e+06
-363567
0.629263
6.51926e-08
3.31784e-09
2.9976e-15
0
0
0
1685647822.63375
msg_begin
7.75772e+06
-363566
0.630908
0.000237678
0.000571197
6.62052e-05
0
0
0
1685647822.68371
msg_begin
7.75773e+06
-363566
0.632931
8.10251e-08
6.40284e-10
2.88658e-15
0
0
0
1685647822.73369
msg_begin
7.75773e+06
-363566
0.629504
0.0244982
0.0175595
0.00162639
0
0
0
1685647822.78368
msg_begin
7.75773e+06
-363565
0.632134
5.4948e-08
1.39698e-09
3.77476e-15
0
0
0
1685647822.83366
msg_begin
7.75773e+06
-363565
0.634113
0.00815889
0.0124962
0.000608592
0
0
0
1685647822.88367
msg_begin
7.75773e+06
-363565
0.635226
0.0199132
0.0166031
0.000357811
0
0
0
1685647822.93366
msg_begin
7.75773e+06
-363564
0.636886
6.42613e-08
4.07454e-10
4.88498e-15
0
0
0
1685647822.98408
msg_begin
7.75773e+06
-363564
0.639174
0.0148052
0.00632596
0.00013263
0
0
0
1685647823.03372
msg_begin
7.75773e+06
-363564
0.63907
0.000831794
3.31135e-05
0.000146602
0
0
0
1685647823.08375
msg_begin
7.75773e+06
-363563
0.64066
0.0157523
0.0145584
0.000510686
0
0
0
1685647823.13375
msg_begin
7.75773e+06
-363563
0.639082
0.015939
0.00113359
0.00246929
0
0
0
1685647823.18443
msg_begin
7.75773e+06
-363562
0.641573
5.86733e-08
1.39698e-09
1.88738e-15
0
0
0
1685647823.28375
msg_begin
7.75773e+06
-363562
0.641011
0.0018799
0.000954133
0.000191341
0
0
0
1685647823.33372
msg_begin
7.75773e+06
-363562
0.642457
6.42613e-08
5.82077e-10
2.22045e-15
0
0
0
1685647823.38458
msg_begin
7.75773e+06
-363561
0.644065
0.0011052
0.00419845
0.000124678
0
0
0
1685647823.43367
msg_begin
7.75773e+06
-363561
0.641454
0.00558889
0.00369208
0.000144905
0
0
0
1685647823.48363
msg_begin
7.75773e+06
-363561
0.642848
9.22009e-08
2.32831e-10
2.77556e-15
0
0
0
1685647823.53364
msg_begin
7.75773e+06
-363560
0.642367
7.45058e-08
8.73115e-10
2.66454e-15
0
0
0
1685647823.58453
msg_begin
7.75773e+06
-363560
0.643229
2.70084e-08
1.74623e-09
2.77556e-15
0
0
0
1685647823.63357
msg_begin
7.75773e+06
-363560
0.642992
0.00274073
0.00450011
0.000440958
0
0
0
1685647823.68354
msg_begin
7.75773e+06
-363559
0.64328
1.11759e-08
5.82077e-11
2.22045e-16
0
0
0
1685647823.73352
msg_begin
7.75773e+06
-363559
0.640039
0.00940884
0.00224825
0.000812537
0
0
0
1685647823.78402
msg_begin
7.75773e+06
-363559
0.636874
0.00227414
0.00122146
0.000322776
0
0
0
1685647823.83355
msg_begin
7.75773e+06
-363559
0.634807
5.12227e-08
7.567e-10
1.11022e-15
0
0
0
1685647823.88358
msg_begin
7.75774e+06
-363558
0.633676
0.0214426
0.0169191
0.000602723
0
0
0
1685647823.93355
msg_begin
7.75774e+06
-363558
0.631701
0.000735451
0.00011928
5.76577e-06
0
0
0
1685647823.98452
msg_begin
7.75774e+06
-363558
0.633637
8.3819e-09
2.91038e-10
1.22125e-15
0
0
0
1685647824.03357
msg_begin
7.75774e+06
-363557
0.631308
9.31323e-10
5.82077e-11
1.33227e-15
0
0
0
1685647824.08359
msg_begin
7.75774e+06
-363557
0.630069
0.00807871
0.00472572
0.000396258
0
0
0
1685647824.13352
msg_begin
7.75774e+06
-363557
0.631953
0.013985
0.0195113
0.00180367
0
0
0
1685647824.18435
msg_begin
7.75774e+06
-363556
0.631378
2.79397e-09
2.32831e-10
3.66374e-15
0
0
0
1685647824.23357
msg_begin
7.75774e+06
-363556
0.629711
0.00405499
0.00265722
0.000223028
0
0
0
1685647824.28355
msg_begin
7.75774e+06
-363556
0.626911
0.00102039
0.000507581
0.000163166
0
0
0
1685647824.33359
msg_begin
7.75774e+06
-363555
0.628881
0.00779396
0.00304733
0.00081275
0
0
0
1685647824.38419
msg_begin
7.75774e+06
-363555
0.625808
8.00937e-08
5.82077e-11
4.66294e-15
0
0
0
1685647824.43364
msg_begin
7.75774e+06
-363555
0.622014
1.21072e-08
4.07454e-10
5.55112e-16
0
0
0
1685647824.48369
msg_begin
7.75774e+06
-363554
0.620422
0.00208474
0.00167507
1.08234e-05
0
0
0
1685647824.53368
msg_begin
7.75774e+06
-363554
0.620452
5.92939e-05
0.000447713
5.81584e-05
0
0
0
1685647824.58450
msg_begin
7.75774e+06
-363554
0.621712
0.0105584
0.00554198
0.000126724
0
0
0
1685647824.63374
msg_begin
7.75774e+06
-363553
0.62164
4.65661e-09
6.40284e-10
3.66374e-15
0
0
0
1685647824.68377
msg_begin
7.75774e+06
-363553
0.622466
0.00430475
0.00195819
0.000421686
0
0
0
1685647824.73375
msg_begin
7.75774e+06
-363553
0.622505
0.000927765
0.000716706
4.29676e-05
0
0
0
1685647824.78455
msg_begin
7.75774e+06
-363552
0.624274
0.00739619
0.00312466
0.000285294
0
0
0
1685647824.83376
msg_begin
7.75774e+06
-363552
0.623606
9.31323e-09
3.25963e-09
2.66454e-15
0
0
0
1685647824.88372
msg_begin
7.75774e+06
-363552
0.622061
4.65661e-08
1.28057e-09
1.33227e-15
0
0
0
1685647824.93370
msg_begin
7.75774e+06
-363551
0.61934
0.00125221
0.00124771
0.000102352
0
0
0
1685647824.98439
msg_begin
7.75774e+06
-363551
0.618735
3.35276e-08
1.10595e-09
3.9968e-15
0
0
0
1685647825.03367
msg_begin
7.75774e+06
-363551
0.61992
5.58794e-09
8.14907e-10
5.9952e-15
0
0
0
1685647825.08370
msg_begin
7.75774e+06
-363551
0.618604
5.86733e-08
1.16415e-10
2.22045e-15
0
0
0
1685647825.13367
msg_begin
7.75775e+06
-363550
0.621989
8.56817e-08
4.07454e-10
2.22045e-16
0
0
0
1685647825.18408
msg_begin
7.75775e+06
-363550
0.623749
0.0249642
0.029643
0.00142374
0
0
0
1685647825.23366
msg_begin
7.75775e+06
-363550
0.622489
3.53903e-08
2.32831e-10
4.21885e-15
0
0
0
1685647825.28370
msg_begin
7.75775e+06
-363549
0.626067
5.86733e-08
2.79397e-09
2.44249e-15
0
0
0
1685647825.33370
msg_begin
7.75775e+06
-363549
0.627479
0.0272287
0.0173902
0.000410982
0
0
0
1685647825.38371
msg_begin
7.75775e+06
-363549
0.625061
0.00283219
0.00140268
0.000118853
0
0
0
1685647825.43372
msg_begin
7.75775e+06
-363548
0.625804
0.00947188
0.00205672
0.00105243
0
0
0
1685647825.48368
msg_begin
7.75775e+06
-363548
0.625733
0.00564711
0.00544056
0.000680706
0
0
0
1685647825.53364
msg_begin
7.75775e+06
-363548
0.621572
7.17118e-08
4.65661e-10
2.22045e-16
0
0
0
1685647825.58365
msg_begin
7.75775e+06
-363547
0.620249
5.86733e-08
1.92085e-09
2.55351e-15
0
0
0
1685647825.63362
msg_begin
7.75775e+06
-363547
0.623026
5.68107e-08
3.0268e-09
7.77156e-16
0
0
0
1685647825.68364
msg_begin
7.75775e+06
-363547
0.624128
0.00270587
0.00354284
0.000209622
0
0
0
1685647825.73363
msg_begin
7.75775e+06
-363547
0.622118
0.00331858
0.00325488
0.000447212
0
0
0
1685647825.78363
msg_begin
7.75775e+06
-363546
0.621647
0.000476026
0.000875343
6.98997e-05
0
0
0
1685647825.83362
msg_begin
7.75775e+06
-363546
0.619467
0.00522198
0.00837054
0.000472198
0
0
0
1685647825.88366
msg_begin
7.75775e+06
-363546
0.618102
0.00368334
0.00256139
0.00039483
0
0
0
1685647825.93367
msg_begin
7.75775e+06
-363545
0.61692
0.00938662
0.00744029
0.000501294
0
0
0
1685647825.98371
msg_begin
7.75775e+06
-363545
0.618934
4.28408e-08
8.14907e-10
3.33067e-15
0
0
0
1685647826.03375
msg_begin
7.75775e+06
-363545
0.618251
0.00345273
0.00280541
0.000373008
0
0
0
1685647826.08373
msg_begin
7.75775e+06
-363544
0.616714
0.00193473
0.000226746
0.000390038
0
0
0
1685647826.13381
msg_begin
7.75775e+06
-363544
0.617562
0.00307031
0.00304771
0.000370396
0
0
0
1685647826.18374
msg_begin
7.75775e+06
-363544
0.616655
0.00138351
0.00114507
3.04086e-05
0
0
0
1685647826.23377
msg_begin
7.75775e+06
-363544
0.618147
6.98492e-08
5.23869e-10
9.99201e-16
0
0
0
1685647826.28373
msg_begin
7.75775e+06
-363543
0.618067
0.00297013
0.00989434
0.000488352
0
0
0
1685647826.33371
msg_begin
7.75776e+06
-363543
0.617627
0.00561912
0.00812625
0.000480633
0
0
0
1685647826.43366
msg_begin
7.75776e+06
-363542
0.621387
2.42144e-08
2.09548e-09
1.22125e-15
0
0
0
1685647826.48365
msg_begin
7.75776e+06
-363542
0.622104
0.00883168
0.00883008
0.000537487
0
0
0
1685647826.53366
msg_begin
7.75776e+06
-363542
0.62161
0.0266158
0.0176639
0.000648907
0
0
0
1685647826.58450
msg_begin
7.75776e+06
-363541
0.621944
0.00299309
0.00265249
0.000227127
0
0
0
1685647826.63362
msg_begin
7.75776e+06
-363541
0.622538
0.00365956
0.00260609
0.000245
0
0
0
1685647826.68360
msg_begin
7.75776e+06
-363541
0.62373
0.0444748
0.0303059
0.00121514
0
0
0
1685647826.73363
msg_begin
7.75776e+06
-363541
0.625461
0.0249237
0.0172029
0.0019177
0
0
0
1685647826.78451
msg_begin
7.75776e+06
-363540
0.623052
0.0311403
0.0196153
0.000942093
0
0
0
1685647826.83369
msg_begin
7.75776e+06
-363540
0.625387
0.0131952
0.00932003
0.000935827
0
0
0
1685647826.88372
msg_begin
7.75776e+06
-363540
0.625509
6.98492e-08
2.03727e-09
8.88178e-16
0
0
0
1685647826.93374
msg_begin
7.75776e+06
-363539
0.627376
0.00487419
0.00328037
0.00127497
0
0
0
1685647826.98408
msg_begin
7.75776e+06
-363539
0.630331
6.51926e-08
2.32831e-09
9.99201e-16
0
0
0
1685647827.03377
msg_begin
7.75776e+06
-363539
0.629257
0.0424334
0.0249331
0.000883954
0
0
0
1685647827.08376
msg_begin
7.75776e+06
-363538
0.629658
0.00951075
0.00543372
0.000220874
0
0
0
1685647827.13375
msg_begin
7.75776e+06
-363538
0.630215
0.00377521
0.00180273
8.16528e-05
0
0
0
1685647827.18406
msg_begin
7.75776e+06
-363538
0.629514
0.00947566
0.00788095
0.000815746
0
0
0
1685647827.23375
msg_begin
7.75776e+06
-363538
0.629355
0.00311112
0.00248812
0.0004068
0
0
0
1685647827.28376
msg_begin
7.75776e+06
-363537
0.629045
0.00250896
0.00860399
0.000413381
0
0
0
1685647827.33375
msg_begin
7.75776e+06
-363537
0.629999
0.0023836
0.00183311
0.000379443
0
0
0
1685647827.38369
msg_begin
7.75776e+06
-363537
0.629249
0.00337942
0.00438472
0.000624036
0
0
0
1685647827.43367
msg_begin
7.75776e+06
-363536
0.625948
0.016736
0.0123357
0.00125288
0
0
0
1685647827.48370
msg_begin
7.75776e+06
-363536
0.622831
0.0175117
0.0170686
0.000959871
0
0
0
1685647827.53372
msg_begin
7.75776e+06
-363536
0.620888
0.0289511
0.0163444
0.000725791
0
0
0
1685647827.58371
msg_begin
7.75776e+06
-363536
0.619836
0.0233953
0.0161189
0.000251823
0
0
0
1685647827.63375
msg_begin
7.75776e+06
-363535
0.616532
0.000737107
0.000603388
7.34097e-05
0
0
0
1685647827.68376
msg_begin
7.75777e+06
-363535
0.613972
0.00777315
0.0050779
0.000284311
0
0
0
1685647827.73375
msg_begin
7.75777e+06
-363535
0.611891
0.000250946
0.00161495
9.75895e-05
0
0
0
1685647827.78373
msg_begin
7.75777e+06
-363534
0.607463
0.00436799
0.000725885
0.000401236
0
0
0
1685647827.83374
msg_begin
7.75777e+06
-363534
0.602053
0.0150743
0.0150955
0.000282213
0
0
0
1685647827.88376
msg_begin
7.75777e+06
-363534
0.597731
0.00423525
0.00102004
0.000327691
0
0
0
1685647827.93373
msg_begin
7.75777e+06
-363534
0.593574
0.000927592
0.000846767
0.000213957
0
0
0
1685647827.98373
msg_begin
7.75777e+06
-363533
0.588876
0.00724546
0.00326361
0.000611429
0
0
0
1685647828.03368
msg_begin
7.75777e+06
-363533
0.58972
2.51457e-08
1.22236e-09
3.10862e-15
0
0
0
1685647828.08363
msg_begin
7.75777e+06
-363532
0.577134
1.02445e-08
4.65661e-10
2.10942e-15
0
0
0
1685647828.18358
msg_begin
7.75777e+06
-363532
0.558638
0.0039827
0.00335385
0.00255654
0
0
0
1685647828.33346
msg_begin
7.75777e+06
-363531
0.558742
3.72529e-09
2.91038e-09
3.44169e-15
0
0
0
1685647828.38429
msg_begin
7.75777e+06
-363531
0.546402
5.40167e-08
3.31784e-09
3.44169e-15
0
0
0
1685647828.48349
msg_begin
7.75777e+06
-363531
0.539895
6.79865e-08
4.07454e-09
1.9984e-15
0
0
0
1685647828.53346
msg_begin
7.75777e+06
-363530
0.531719
5.58794e-09
3.20142e-09
2.88658e-15
0
0
0
1685647828.58358
msg_begin
7.75777e+06
-363530
0.525048
0.00625353
0.00322583
3.78368e-05
0
0
0
1685647828.63347
msg_begin
7.75777e+06
-363530
0.515815
9.31323e-10
2.56114e-09
6.66134e-16
0
0
0
1685647828.68341
msg_begin
7.75777e+06
-363530
0.508132
0.0190576
0.0121469
0.000655159
0
0
0
1685647828.73338
msg_begin
7.75777e+06
-363529
0.504405
8.3819e-09
2.61934e-09
4.66294e-15
0
0
0
1685647828.78333
msg_begin
7.75777e+06
-363529
0.498542
0.00383967
0.00261382
0.000290149
0
0
0
1685647828.83328
msg_begin
7.75777e+06
-363529
0.490033
7.45058e-09
2.21189e-09
2.27596e-15
0
0
0
1685647828.88331
msg_begin
7.75777e+06
-363529
0.481366
0.0104867
0.00678283
0.000597661
0
0
0
1685647828.93330
msg_begin
7.75777e+06
-363529
0.469584
0.00233482
0.00163377
9.30351e-05
0
0
0
1685647828.98350
msg_begin
7.75778e+06
-363528
0.463132
0.00537759
0.00213285
3.02739e-05
0
0
0
1685647829.03332
msg_begin
7.75778e+06
-363528
0.457183
0.00650104
0.00380106
0.000366177
0
0
0
1685647829.08333
msg_begin
7.75778e+06
-363528
0.443256
0.00209329
0.00587878
0.000411529
0
0
0
1685647829.13339
msg_begin
7.75778e+06
-363528
0.43049
0.0080716
0.00386539
0.000191352
0
0
0
1685647829.18356
msg_begin
7.75778e+06
-363527
0.422608
0.010617
0.00971347
0.000888287
0
0
0
1685647829.23342
msg_begin
7.75778e+06
-363527
0.413889
0.00257948
0.00193078
0.000204957
0
0
0
1685647829.28345
msg_begin
7.75778e+06
-363527
0.406819
6.98492e-08
1.74623e-09
1.38778e-15
0
0
0
1685647829.33351
msg_begin
7.75778e+06
-363527
0.400113
7.63685e-08
3.89991e-09
3.55271e-15
0
0
0
1685647829.38348
msg_begin
7.75778e+06
-363527
0.390884
7.45058e-09
1.68802e-09
7.77156e-16
0
0
0
1685647829.43353
msg_begin
7.75778e+06
-363527
0.381595
0.0130264
0.00542785
0.000248307
0
0
0
1685647829.48353
msg_begin
7.75778e+06
-363526
0.370899
0.0182035
0.00106441
0.0021803
0
0
0
1685647829.53354
msg_begin
7.75778e+06
-363526
0.359949
0.0142497
0.00951703
0.00127587
0
0
0
1685647829.58351
msg_begin
7.75778e+06
-363526
0.351408
0.00198006
0.000933697
0.000285615
0
0
0
1685647829.63351
msg_begin
7.75778e+06
-363526
0.337842
0.00238707
0.00107395
5.75566e-05
0
0
0
1685647829.68346
msg_begin
7.75778e+06
-363526
0.331573
0.000300379
0.000636702
3.34817e-06
0
0
0
1685647829.73346
msg_begin
7.75778e+06
-363525
0.324289
0.0113574
0.00453022
0.000139913
0
0
0
1685647829.78344
msg_begin
7.75778e+06
-363525
0.310272
0.0130172
0.0118149
0.00209368
0
0
0
1685647829.83350
msg_begin
7.75778e+06
-363525
0.304688
6.79865e-08
2.79397e-09
2.27596e-15
0
0
0
1685647829.88352
msg_begin
7.75778e+06
-363525
0.292844
0.00413984
0.00148401
0.000608008
0
0
0
1685647829.93347
msg_begin
7.75778e+06
-363525
0.285958
0.00145535
0.000289132
4.65411e-05
0
0
0
1685647829.98348
msg_begin
7.75778e+06
-363525
0.275936
0.00733128
0.0057664
0.000744147
0
0
0
1685647830.03342
msg_begin
7.75778e+06
-363525
0.264454
0.00130454
0.00231641
2.65427e-05
0
0
0
1685647830.08339
msg_begin
7.75778e+06
-363524
0.256221
5.58794e-09
1.74623e-09
1.66533e-15
0
0
0
1685647830.13340
msg_begin
7.75778e+06
-363524
0.249881
0.017971
0.00577926
0.00147296
0
0
0
1685647830.18333
msg_begin
7.75779e+06
-363524
0.236117
0.00174502
0.00291571
8.33281e-05
0
0
0
1685647830.23329
msg_begin
7.75779e+06
-363524
0.228768
0.0043947
0.00162865
0.00026005
0
0
0
1685647830.28326
msg_begin
7.75779e+06
-363524
0.215744
0.0124739
0.0014569
0.000146494
0
0
0
1685647830.33328
msg_begin
7.75779e+06
-363524
0.205556
9.22009e-08
6.98492e-10
6.66134e-16
0
0
0
1685647830.38415
msg_begin
7.75779e+06
-363524
0.194946
6.51926e-08
2.56114e-09
7.77156e-16
0
0
0
1685647830.43329
msg_begin
7.75779e+06
-363524
0.185904
0.0100423
0.00145866
0.000344145
0
0
0
1685647830.48320
msg_begin
7.75779e+06
-363524
0.174836
0.00259638
0.00577223
0.000928326
0
0
0
1685647830.53317
msg_begin
7.75779e+06
-363523
0.166532
7.91624e-08
2.79397e-09
3.60822e-16
0
0
0
1685647830.58420
msg_begin
7.75779e+06
-363523
0.156843
0.00530235
0.00173693
8.22024e-05
0
0
0
1685647830.63310
msg_begin
7.75779e+06
-363523
0.14462
0.0109612
0.00183815
0.000923489
0
0
0
1685647830.68306
msg_begin
7.75779e+06
-363523
0.137745
0.0102907
0.00361559
0.00075552
0
0
0
1685647830.73299
msg_begin
7.75779e+06
-363523
0.131231
5.68107e-08
2.50293e-09
1.66533e-16
0
0
0
1685647830.78358
msg_begin
7.75779e+06
-363523
0.115729
0.00606235
0.00254552
0.000243623
0
0
0
1685647830.83289
msg_begin
7.75779e+06
-363523
0.105912
0.00516409
0.00167213
0.000336498
0
0
0
1685647830.88287
msg_begin
7.75779e+06
-363523
0.0986949
0.00104785
0.00150503
0.00014492
0
0
0
1685647830.93280
msg_begin
7.75779e+06
-363523
0.088089
0.000788658
0.000609944
0.000103852
0
0
0
1685647830.98376
msg_begin
7.75779e+06
-363523
0.0789363
2.51457e-08
3.66708e-09
1.38778e-16
0
0
0
1685647831.03276
msg_begin
7.75779e+06
-363523
0.0687821
0.0112304
0.00470704
0.000709149
0
0
0
1685647831.08270
msg_begin
7.75779e+06
-363523
0.0645883
0.00221731
0.00422294
0.000853984
0
0
0
1685647831.13273
msg_begin
7.75779e+06
-363523
0.0555974
0.0021614
0.000862417
6.36265e-05
0
0
0
1685647831.18358
msg_begin
7.75779e+06
-363523
0.0441815
0.000708179
9.80412e-05
6.88193e-05
0
0
0
1685647831.23270
msg_begin
7.75779e+06
-363523
0.0389185
0.0210986
0.0032729
0.000940587
0
0
0
1685647831.28264
msg_begin
7.75779e+06
-363523
0.028299
3.44589e-08
3.0268e-09
8.32667e-17
0
0
0
1685647831.33262
msg_begin
7.7578e+06
-363523
0.0135713
0.00057584
0.00122761
0.000362874
0
0
0
1685647831.38258
msg_begin
7.7578e+06
-363523
0.0120106
0.00125535
0.000120199
8.51473e-05
0
0
0
1685647831.43256
msg_begin
7.7578e+06
-363523
-0.00210091
0.00234224
0.00431178
0.000180735
0
0
0
1685647831.48255
msg_begin
7.7578e+06
-363523
-0.00923515
0.00600183
0.00322604
0.00196802
0
0
0
1685647831.53257
msg_begin
7.7578e+06
-363523
-0.0136092
3.81842e-08
1.10595e-09
4.68375e-17
0
0
0
1685647831.58247
msg_begin
7.7578e+06
-363523
-0.0246694
0.000586913
0.00101544
0.000159162
0
0
0
1685647831.63249
msg_begin
7.7578e+06
-363523
-0.0320948
5.30854e-08
2.09548e-09
1.8735e-16
0
0
0
1685647831.68247
msg_begin
7.7578e+06
-363523
-0.0397824
0.00271793
0.00324786
0.000208156
0
0
0
1685647831.73246
msg_begin
7.7578e+06
-363523
-0.0479104
0.000969877
0.000504475
0.000101644
0
0
0
1685647831.78252
msg_begin
7.7578e+06
-363523
-0.0582563
0.00615236
0.00197391
0.000283269
0
0
0
1685647831.83248
msg_begin
7.7578e+06
-363523
-0.0647793
0.00731485
0.00363713
0.000808667
0
0
0
1685647831.88244
msg_begin
7.7578e+06
-363523
-0.0784925
0.00284671
0.00332599
0.00113502
0
0
0
1685647831.93250
msg_begin
7.7578e+06
-363523
-0.0824723
0.00218483
0.0119095
0.000462246
0
0
0
1685647831.98308
msg_begin
7.7578e+06
-363523
-0.0943645
0.00270015
0.000949582
1.528e-05
0
0
0
1685647832.03243
msg_begin
7.7578e+06
-363523
-0.101696
0.00979628
0.00485027
0.000617174
0
0
0
1685647832.08239
msg_begin
7.7578e+06
-363523
-0.109472
0.0256444
0.0114735
0.00340989
0
0
0
1685647832.13242
msg_begin
7.7578e+06
-363523
-0.123358
0.00456738
0.00902717
0.000619426
0
0
0
1685647832.18239
msg_begin
7.7578e+06
-363523
-0.13379
0.00347572
0.00118058
0.000368539
0
0
0
1685647832.23239
msg_begin
7.7578e+06
-363523
-0.139129
6.0536e-08
2.32831e-10
6.93889e-16
0
0
0
1685647832.28242
msg_begin
7.7578e+06
-363523
-0.148027
0.0149812
0.00106
0.00043921
0
0
0
1685647832.33298
msg_begin
7.7578e+06
-363523
-0.155058
0.0141706
0.00165883
0.000837886
0
0
0
1685647832.38305
msg_begin
7.7578e+06
-363523
-0.163464
5.21541e-08
1.04774e-09
1.11022e-15
0
0
0
1685647832.43257
msg_begin
7.75781e+06
-363523
-0.170882
1.86265e-09
1.28057e-09
1.58207e-15
0
0
0
1685647832.48263
msg_begin
7.75781e+06
-363523
-0.174147
0.0229946
0.00667889
0.000955567
0
0
0
1685647832.53335
msg_begin
7.75781e+06
-363523
-0.185392
0.00717543
0.00303123
0.00193472
0
0
0
1685647832.58343
msg_begin
7.75781e+06
-363523
-0.194011
0.0131396
0.0105597
0.00124218
0
0
0
1685647832.63282
msg_begin
7.75781e+06
-363523
-0.20512
0.00121442
0.00548869
0.000568149
0
0
0
1685647832.68291
msg_begin
7.75781e+06
-363523
-0.21273
0.00145865
0.00027035
0.000192579
0
0
0
1685647832.73410
msg_begin
7.75781e+06
-363523
-0.223631
0.00156706
0.00036138
0.000105144
0
0
0
1685647832.78362
msg_begin
7.75781e+06
-363524
-0.228488
8.3819e-09
1.16415e-10
2.498e-16
0
0
0
1685647832.83302
msg_begin
7.75781e+06
-363524
-0.238733
0.016195
0.00239334
0.000535823
0
0
0
1685647832.88301
msg_begin
7.75781e+06
-363524
-0.250157
0.0228718
0.00663174
0.00127299
0
0
0
1685647832.93355
msg_begin
7.75781e+06
-363524
-0.260849
0.0452541
0.00675352
0.00267365
0
0
0
1685647832.98371
msg_begin
7.75781e+06
-363524
-0.26174
0.00475373
0.000919953
0.00053881
0
0
0
1685647833.03292
msg_begin
7.75781e+06
-363524
-0.273265
0.00245729
0.00034127
0.000374639
0
0
0
1685647833.08286
msg_begin
7.75781e+06
-363524
-0.284651
5.58794e-08
4.65661e-10
5.55112e-16
0
0
0
1685647833.13302
msg_begin
7.75781e+06
-363524
-0.297224
3.07594e-05
0.000175481
5.96053e-06
0
0
0
1685647833.18361
msg_begin
7.75781e+06
-363525
-0.315592
0.0013811
0.00110978
0.000356488
0
0
0
1685647833.28285
msg_begin
7.75781e+06
-363525
-0.322166
7.07805e-08
2.91038e-10
7.77156e-16
0
0
0
1685647833.33293
msg_begin
7.75781e+06
-363525
-0.324347
1.39698e-08
3.31784e-09
7.21645e-16
0
0
0
1685647833.38289
msg_begin
7.75781e+06
-363525
-0.341115
0.0261331
0.0148773
0.000809801
0
0
0
1685647833.43291
msg_begin
7.75781e+06
-363525
-0.350821
0.000367137
0.000346433
0.000120422
0
0
0
1685647833.48294
msg_begin
7.75781e+06
-363525
-0.365444
0.0166325
0.0115649
0.00122321
0
0
0
1685647833.53293
msg_begin
7.75781e+06
-363525
-0.375506
0.0073003
0.00285707
0.000429288
0
0
0
1685647833.58294
msg_begin
7.75782e+06
-363526
-0.384757
1.86265e-09
8.73115e-10
2.88658e-15
0
0
0
1685647833.63293
msg_begin
7.75782e+06
-363526
-0.39226
0.00750027
0.00339009
0.000483734
0
0
0
1685647833.68299
msg_begin
7.75782e+06
-363526
-0.403045
0.00118041
0.0096468
0.00070246
0
0
0
1685647833.73297
msg_begin
7.75782e+06
-363526
-0.413583
0.0144071
0.00865389
0.00096358
0
0
0
1685647833.78300
msg_begin
7.75782e+06
-363526
-0.424485
1.21072e-08
8.14907e-10
1.27676e-15
0
0
0
1685647833.83295
msg_begin
7.75782e+06
-363526
-0.437994
0.00237504
0.00143934
0.00040593
0
0
0
1685647833.88300
msg_begin
7.75782e+06
-363527
-0.450196
0.00200776
0.000854765
0.000561655
0
0
0
1685647833.93298
msg_begin
7.75782e+06
-363527
-0.454977
0.0187677
0.00275307
0.000290307
0
0
0
1685647833.98298
msg_begin
7.75782e+06
-363527
-0.468457
6.42613e-08
2.2701e-09
3.44169e-15
0
0
0
1685647834.03298
msg_begin
7.75782e+06
-363527
-0.476037
1.39698e-08
3.49246e-10
7.21645e-16
0
0
0
1685647834.08298
msg_begin
7.75782e+06
-363527
-0.486432
0.00893772
0.00182957
0.000661224
0
0
0
1685647834.13298
msg_begin
7.75782e+06
-363528
-0.49433
0.00667088
0.00608198
0.000493345
0
0
0
1685647834.18303
msg_begin
7.75782e+06
-363528
-0.503765
0.00929728
0.00548904
0.000309333
0
0
0
1685647834.23297
msg_begin
7.75782e+06
-363528
-0.511279
0.00170278
0.00100116
0.000125695
0
0
0
1685647834.28292
msg_begin
7.75782e+06
-363528
-0.520854
0.000621442
0.00100625
2.38854e-05
0
0
0
1685647834.33334
msg_begin
7.75782e+06
-363528
-0.529621
0.00741903
0.00263768
0.000324832
0
0
0
1685647834.38358
msg_begin
7.75782e+06
-363529
-0.540717
4.37722e-08
5.82077e-10
2.88658e-15
0
0
0
1685647834.43294
msg_begin
7.75782e+06
-363529
-0.547816
7.45058e-09
1.68802e-09
2.88658e-15
0
0
0
1685647834.48294
msg_begin
7.75782e+06
-363529
-0.556184
0.00749905
0.00459714
0.000724761
0
0
0
1685647834.53310
msg_begin
7.75782e+06
-363529
-0.565152
0.00426171
0.00308272
0.000129091
0
0
0
1685647834.58376
msg_begin
7.75782e+06
-363530
-0.583511
0.00677625
0.00616196
0.000508502
0
0
0
1685647834.68284
msg_begin
7.75782e+06
-363530
-0.593933
4.47035e-08
4.07454e-10
4.88498e-15
0
0
0
1685647834.73291
msg_begin
7.75783e+06
-363530
-0.600296
0.00397183
0.000370904
0.000219193
0
0
0
1685647834.78322
msg_begin
7.75783e+06
-363531
-0.606327
0.00642353
0.00368659
0.000816553
0
0
0
1685647834.83260
msg_begin
7.75783e+06
-363531
-0.619393
0.0049581
0.00818814
0.000278118
0
0
0
1685647834.88254
msg_begin
7.75783e+06
-363531
-0.629634
0.00378487
0.00255825
0.000530365
0
0
0
1685647834.93272
msg_begin
7.75783e+06
-363531
-0.63385
0.000977686
8.05056e-05
1.74168e-05
0
0
0
1685647834.98302
msg_begin
7.75783e+06
-363532
-0.642073
0.000710364
0.00175576
0.000215212
0
0
0
1685647835.03243
msg_begin
7.75783e+06
-363532
-0.647237
0.0160363
0.00628446
0.00192845
0
0
0
1685647835.08240
msg_begin
7.75783e+06
-363532
-0.655189
0.0253304
0.0185354
0.000152693
0
0
0
1685647835.13273
msg_begin
7.75783e+06
-363533
-0.663244
0.00110982
0.0022179
0.0001742
0
0
0
1685647835.18328
msg_begin
7.75783e+06
-363533
-0.66839
0.00573783
0.00553478
0.000421859
0
0
0
1685647835.23244
msg_begin
7.75783e+06
-363533
-0.679109
0.00657827
0.00579066
0.00033359
0
0
0
1685647835.28245
msg_begin
7.75783e+06
-363533
-0.686587
0.00378885
0.00531971
0.000674544
0
0
0
1685647835.33247
msg_begin
7.75783e+06
-363534
-0.693447
0.00189007
0.00110542
0.000187211
0
0
0
1685647835.38250
msg_begin
7.75783e+06
-363534
-0.699094
0.00135015
0.000489683
9.03216e-05
0
0
0
1685647835.43256
msg_begin
7.75783e+06
-363534
-0.706321
0.0145545
0.00737247
0.00121562
0
0
0
1685647835.48261
msg_begin
7.75783e+06
-363535
-0.714323
0.00278851
0.00123281
0.000111244
0
0
0
1685647835.53263
msg_begin
7.75783e+06
-363535
-0.721026
0.0274139
0.021227
0.00133355
0
0
0
1685647835.58271
msg_begin
7.75783e+06
-363535
-0.727989
0.00910256
0.00498569
0.00030951
0
0
0
1685647835.63275
msg_begin
7.75783e+06
-363535
-0.730905
0.0007811
0.00181384
0.000122556
0
0
0
1685647835.68280
msg_begin
7.75783e+06
-363536
-0.736207
0.00557348
0.0170547
0.00108954
0
0
0
1685647835.73284
msg_begin
7.75783e+06
-363536
-0.743213
0.00615814
0.00457159
0.000768615
0
0
0
1685647835.78297
msg_begin
7.75783e+06
-363536
-0.74523
0.00286693
0.00469909
0.000738713
0
0
0
1685647835.83297
msg_begin
7.75783e+06
-363537
-0.748022
0.000862576
0.00070796
5.57879e-05
0
0
0
1685647835.88304
msg_begin
7.75783e+06
-363537
-0.752338
0.00262552
0.00167549
7.12395e-05
0
0
0
1685647835.93301
msg_begin
7.75783e+06
-363537
-0.753102
0.0228752
0.0235211
0.000593348
0
0
0
1685647835.98300
msg_begin
7.75783e+06
-363538
-0.751417
0.0254321
0.0231106
0.00230347
0
0
0
1685647836.03300
msg_begin
7.75783e+06
-363538
-0.751894
0.00973205
0.00851305
0.00046398
0
0
0
1685647836.08301
msg_begin
7.75783e+06
-363538
-0.754328
0.00867215
0.0166571
0.000980548
0
0
0
1685647836.13300
msg_begin
7.75784e+06
-363538
-0.756607
0.0116555
0.00864316
0.000658711
0
0
0
1685647836.18304
msg_begin
7.75784e+06
-363539
-0.756634
0.0123508
0.0155273
0.000745523
0
0
0
1685647836.23295
msg_begin
7.75784e+06
-363539
-0.76055
5.40167e-08
6.98492e-10
1.33227e-15
0
0
0
1685647836.28288
msg_begin
7.75784e+06
-363539
-0.759305
0.0107744
0.00467418
0.00114249
0
0
0
1685647836.33324
msg_begin
7.75784e+06
-363540
-0.759622
0.00314264
0.00156557
0.000149154
0
0
0
1685647836.38325
msg_begin
7.75784e+06
-363540
-0.758732
0.00641171
0.0059093
2.40031e-05
0
0
0
1685647836.43282
msg_begin
7.75784e+06
-363540
-0.761606
7.72998e-08
6.40284e-10
3.66374e-15
0
0
0
1685647836.48284
msg_begin
7.75784e+06
-363541
-0.762375
0.0106017
0.00698661
0.00141479
0
0
0
1685647836.53385
msg_begin
7.75784e+06
-363541
-0.758847
4.56348e-08
9.8953e-10
3.44169e-15
0
0
0
1685647836.58348
msg_begin
7.75784e+06
-363541
-0.759538
0.00328888
0.00282089
0.000389389
0
0
0
1685647836.63283
msg_begin
7.75784e+06
-363541
-0.761446
0.00942077
0.0118499
0.000429332
0
0
0
1685647836.68283
msg_begin
7.75784e+06
-363542
-0.761834
0.00955578
0.00522176
0.000697071
0
0
0
1685647836.73305
msg_begin
7.75784e+06
-363542
-0.761114
4.65661e-09
1.86265e-09
3.21965e-15
0
0
0
1685647836.78364
msg_begin
7.75784e+06
-363542
-0.76071
0.000852623
0.000913098
0.000224484
0
0
0
1685647836.83289
msg_begin
7.75784e+06
-363543
-0.762517
0.00217126
0.00636471
0.000309847
0
0
0
1685647836.88294
msg_begin
7.75784e+06
-363543
-0.760298
0.01623
0.011518
0.00084811
0
0
0
1685647836.93403
msg_begin
7.75784e+06
-363543
-0.759938
0.019208
0.0107854
0.0010735
0
0
0
1685647836.98389
msg_begin
7.75784e+06
-363544
-0.762014
0.00170218
0.00225824
0.000210243
0
0
0
1685647837.03301
msg_begin
7.75784e+06
-363544
-0.765613
1.67638e-08
1.68802e-09
4.77396e-15
0
0
0
1685647837.08307
msg_begin
7.75784e+06
-363544
-0.761623
0.0162175
0.0191957
0.00199448
0
0
0
1685647837.13312
msg_begin
7.75784e+06
-363544
-0.759065
0.00806925
0.00494186
0.000312253
0
0
0
1685647837.18372
msg_begin
7.75784e+06
-363545
-0.759733
0.00931621
0.00949794
0.00159561
0
0
0
1685647837.23316
msg_begin
7.75784e+06
-363545
-0.757274
0.00254417
0.0173904
0.000518052
0
0
0
1685647837.28314
msg_begin
7.75784e+06
-363545
-0.75636
0.0105067
0.00289361
0.000139509
0
0
0
1685647837.33312
msg_begin
7.75784e+06
-363546
-0.755137
0.0415673
0.038262
0.00172135
0
0
0
1685647837.38317
msg_begin
7.75784e+06
-363546
-0.756341
0.00805221
0.00919747
0.000342087
0
0
0
1685647837.43316
msg_begin
7.75784e+06
-363546
-0.75299
0.0106561
0.0130641
0.000525363
0
0
0
1685647837.48316
msg_begin
7.75784e+06
-363547
-0.754501
0.0225651
0.0136505
0.00116641
0
0
0
1685647837.53316
msg_begin
7.75784e+06
-363547
-0.751836
0.00670961
0.00910839
0.000408515
0
0
0
1685647837.58326
msg_begin
7.75784e+06
-363547
-0.748473
0.00454255
0.00580256
0.00076695
0
0
0
1685647837.63310
msg_begin
7.75785e+06
-363547
-0.749227
0.0028325
0.00358455
0.000209419
0
0
0
1685647837.68309
msg_begin
7.75785e+06
-363548
-0.747475
0.00713551
0.00322595
0.000445773
0
0
0
1685647837.73305
msg_begin
7.75785e+06
-363548
-0.74809
0.00078296
0.000965658
1.13756e-05
0
0
0
1685647837.78304
msg_begin
7.75785e+06
-363548
-0.748467
0.000663464
8.0755e-05
0.000138104
0
0
0
1685647837.83307
msg_begin
7.75785e+06
-363549
-0.747699
0.00105697
0.000140925
6.34449e-06
0
0
0
1685647837.88306
msg_begin
7.75785e+06
-363549
-0.745876
6.61239e-08
4.07454e-10
5.32907e-15
0
0
0
1685647837.93307
msg_begin
7.75785e+06
-363549
-0.742614
0.0129962
0.0149693
0.00102418
0
0
0
1685647837.98318
msg_begin
7.75785e+06
-363549
-0.742977
0.00608477
0.00644114
0.000486887
0
0
0
1685647838.03309
msg_begin
7.75785e+06
-363550
-0.739788
0.00598651
0.00497387
0.000634841
0
0
0
1685647838.08312
msg_begin
7.75785e+06
-363550
-0.739766
0.00246582
0.00246284
0.000379356
0
0
0
1685647838.13318
msg_begin
7.75785e+06
-363550
-0.741012
5.80587e-05
0.000717398
2.43866e-05
0
0
0
1685647838.18315
msg_begin
7.75785e+06
-363551
-0.737195
7.45058e-09
2.21189e-09
2.33147e-15
0
0
0
1685647838.23323
msg_begin
7.75785e+06
-363551
-0.734805
0.00910929
0.00690368
0.00100747
0
0
0
1685647838.28319
msg_begin
7.75785e+06
-363551
-0.732433
0.00718573
0.00805137
0.00162321
0
0
0
1685647838.33327
msg_begin
7.75785e+06
-363551
-0.727345
0.00876033
0.0123894
0.0011853
0
0
0
1685647838.38390
msg_begin
7.75785e+06
-363552
-0.732833
5.93093e-05
0.000212579
0.000171999
0
0
0
1685647838.43317
msg_begin
7.75785e+06
-363552
-0.734057
0.00502429
0.00172403
0.000468676
0
0
0
1685647838.48319
msg_begin
7.75785e+06
-363552
-0.731794
0.0152829
0.0060595
9.54451e-05
0
0
0
1685647838.53328
msg_begin
7.75785e+06
-363553
-0.732372
0.000713412
0.000945557
5.1977e-05
0
0
0
1685647838.58429
msg_begin
7.75785e+06
-363553
-0.731859
3.81842e-08
1.10595e-09
2.66454e-15
0
0
0
1685647838.63312
msg_begin
7.75785e+06
-363553
-0.730449
0.00307627
0.000139545
9.88283e-05
0
0
0
1685647838.68306
msg_begin
7.75785e+06
-363554
-0.732052
0.00207642
0.00571761
0.000455393
0
0
0
1685647838.73307
msg_begin
7.75785e+06
-363554
-0.733224
0.00733326
0.00457055
0.000945861
0
0
0
1685647838.78393
msg_begin
7.75785e+06
-363554
-0.73116
0.00379861
0.00336785
0.000686624
0
0
0
1685647838.83306
msg_begin
7.75785e+06
-363554
-0.732716
0.00311006
0.00190202
0.000306443
0
0
0
1685647838.88304
msg_begin
7.75785e+06
-363555
-0.732914
0.00144702
0.000668401
1.19031e-05
0
0
0
1685647838.93402
msg_begin
7.75785e+06
-363555
-0.734377
0.00529652
0.0124028
0.00167541
0
0
0
1685647838.98401
msg_begin
7.75785e+06
-363555
-0.734109
0.00476739
0.00119313
0.000207084
0
0
0
1685647839.03315
msg_begin
7.75785e+06
-363556
-0.73402
0.00361569
0.00697986
0.000310921
0
0
0
1685647839.08319
msg_begin
7.75785e+06
-363556
-0.730801
1.76951e-08
2.96859e-09
1.88738e-15
0
0
0
1685647839.13318
msg_begin
7.75786e+06
-363556
-0.732162
0.00196981
0.00188416
0.000372715
0
0
0
1685647839.18393
msg_begin
7.75786e+06
-363556
-0.734575
0.0156798
0.0137458
0.000757361
0
0
0
1685647839.23314
msg_begin
7.75786e+06
-363557
-0.734129
0.0182183
0.0133262
0.000214895
0
0
0
1685647839.28322
msg_begin
7.75786e+06
-363557
-0.735643
3.0303e-05
0.000747971
1.76803e-05
0
0
0
1685647839.33310
msg_begin
7.75786e+06
-363557
-0.734011
0.00152983
0.000674972
2.81106e-05
0
0
0
1685647839.38306
msg_begin
7.75786e+06
-363558
-0.732312
0.000397215
0.00113439
2.74162e-05
0
0
0
1685647839.43307
msg_begin
7.75786e+06
-363558
-0.734588
0.00653263
0.00669041
1.66106e-05
0
0
0
1685647839.48306
msg_begin
7.75786e+06
-363558
-0.734648
0.00892558
0.0062515
0.000669352
0
0
0
1685647839.53301
msg_begin
7.75786e+06
-363558
-0.735201
0.00472036
0.00123951
0.000118765
0
0
0
1685647839.58301
msg_begin
7.75786e+06
-363559
-0.736878
0.00278088
0.00181795
9.19063e-05
0
0
0
1685647839.63295
msg_begin
7.75786e+06
-363559
-0.736264
0.000347624
0.00030846
3.37355e-05
0
0
0
1685647839.68297
msg_begin
7.75786e+06
-363559
-0.73731
0.00100089
0.00278114
0.000146153
0
0
0
1685647839.73310
msg_begin
7.75786e+06
-363560
-0.735869
0.0118581
0.00530977
0.000102361
0
0
0
1685647839.78290
msg_begin
7.75786e+06
-363560
-0.735191
0.00227076
0.000812437
5.4648e-05
0
0
0
1685647839.83284
msg_begin
7.75786e+06
-363560
-0.737008
0.00193358
0.000751648
0.000193579
0
0
0
1685647839.88283
msg_begin
7.75786e+06
-363560
-0.736094
0.00301723
0.00180571
9.77903e-05
0
0
0
1685647839.93283
msg_begin
7.75786e+06
-363561
-0.738591
0.0115738
0.00623026
0.000998813
0
0
0
1685647839.98287
msg_begin
7.75786e+06
-363561
-0.739996
0.00551731
0.0099249
0.00149991
0
0
0
1685647840.03288
msg_begin
7.75786e+06
-363561
-0.740243
0.00989609
0.0018571
0.00016129
0
0
0
1685647840.08288
msg_begin
7.75786e+06
-363561
-0.742185
0.00217829
0.0012894
0.000255103
0
0
0
1685647840.13289
msg_begin
7.75786e+06
-363562
-0.740988
0
4.65661e-10
2.55351e-15
0
0
0
1685647840.18287
msg_begin
7.75786e+06
-363562
-0.739308
0.00740961
0.0114859
0.000396292
0
0
0
1685647840.23284
msg_begin
7.75786e+06
-363562
-0.74146
0.00431081
0.00560262
0.000247961
0
0
0
1685647840.28283
msg_begin
7.75786e+06
-363563
-0.742057
0.00207241
0.00421554
0.000200849
0
0
0
1685647840.33292
msg_begin
7.75786e+06
-363563
-0.742375
0.00287151
0.00306691
0.000310665
0
0
0
1685647840.38281
msg_begin
7.75786e+06
-363563
-0.741069
6.51926e-09
3.25963e-09
1.88738e-15
0
0
0
1685647840.43279
msg_begin
7.75786e+06
-363563
-0.742722
0.0134448
0.0140921
0.000581757
0
0
0
1685647840.48281
msg_begin
7.75786e+06
-363564
-0.74309
0.00599464
0.001468
0.000235774
0
0
0
1685647840.53282
msg_begin
7.75786e+06
-363564
-0.742243
0.00769485
0.0246675
0.000962001
0
0
0
1685647840.58284
msg_begin
7.75786e+06
-363564
-0.744349
0.000533974
0.00133506
5.87155e-05
0
0
0
1685647840.63287
msg_begin
7.75787e+06
-363565
-0.745871
0.00255471
0.000312953
9.71532e-06
0
0
0
1685647840.68287
msg_begin
7.75787e+06
-363565
-0.745095
0.0307153
0.0237236
0.000592093
0
0
0
1685647840.73292
msg_begin
7.75787e+06
-363565
-0.74418
0.00990384
0.0116853
0.00132652
0
0
0
1685647840.78295
msg_begin
7.75787e+06
-363565
-0.745017
0.000470631
0.000908536
2.99618e-05
0
0
0
1685647840.83297
msg_begin
7.75787e+06
-363566
-0.745991
0.00147197
0.00286157
0.000273686
0
0
0
1685647840.88300
msg_begin
7.75787e+06
-363566
-0.750176
0.00455747
0.00203228
0.000368423
0
0
0
1685647840.93312
msg_begin
7.75787e+06
-363566
-0.750038
0.000779554
0.00143247
5.40341e-05
0
0
0
1685647840.98302
msg_begin
7.75787e+06
-363566
-0.750331
0.0165516
0.0152296
0.00112437
0
0
0
1685647841.03309
msg_begin
7.75787e+06
-363567
-0.749824
0.00383698
0.0140639
0.000778055
0
0
0
1685647841.08312
msg_begin
7.75787e+06
-363567
-0.750534
0.00950441
0.00308551
0.000192949
0
0
0
1685647841.13312
msg_begin
7.75787e+06
-363567
-0.750583
0.0122082
0.0084945
0.000205039
0
0
0
1685647841.18316
msg_begin
7.75787e+06
-363568
-0.75197
0.00188449
0.000222748
3.90316e-05
0
0
0
1685647841.23314
msg_begin
7.75787e+06
-363568
-0.752106
0.0148425
0.0130867
0.000455417
0
0
0
1685647841.28319
msg_begin
7.75787e+06
-363568
-0.75274
0.0116608
0.00603481
0.000675292
0
0
0
1685647841.33326
msg_begin
7.75787e+06
-363568
-0.752519
0.00368236
0.00677688
0.000274131
0
0
0
1685647841.38323
msg_begin
7.75787e+06
-363569
-0.753065
0.012741
0.0113367
0.000466865
0
0
0
1685647841.43326
msg_begin
7.75787e+06
-363569
-0.752096
0.0108414
0.010619
0.000506555
0
0
0
1685647841.48328
msg_begin
7.75787e+06
-363569
-0.752815
0.00268066
0.00175602
0.000101815
0
0
0
1685647841.53334
msg_begin
7.75787e+06
-363570
-0.753296
0.0156575
0.0175377
0.00036709
0
0
0
1685647841.58329
msg_begin
7.75787e+06
-363570
-0.752822
0.000589078
0.000417794
3.63851e-05
0
0
0
1685647841.63331
msg_begin
7.75787e+06
-363570
-0.753486
0.00296364
0.00325699
0.000580581
0
0
0
1685647841.68329
msg_begin
7.75787e+06
-363570
-0.75451
0.0240541
0.0255142
0.00110303
0
0
0
1685647841.73328
msg_begin
7.75787e+06
-363571
-0.753709
0.00114565
0.000666187
0.000390124
0
0
0
1685647841.78328
msg_begin
7.75787e+06
-363571
-0.751326
0.00109763
0.000110054
1.70147e-05
0
0
0
1685647841.83330
msg_begin
7.75787e+06
-363571
-0.753134
0.00378115
0.00378497
0.000161997
0
0
0
1685647841.88323
msg_begin
7.75787e+06
-363572
-0.754896
0.00256398
0.00155737
0.000127806
0
0
0
1685647841.93318
msg_begin
7.75787e+06
-363572
-0.755671
0.00099819
0.000565949
8.43251e-05
0
0
0
1685647841.98321
msg_begin
7.75787e+06
-363572
-0.754751
0.00352694
0.0056555
0.000458647
0
0
0
1685647842.03321
msg_begin
7.75787e+06
-363572
-0.756035
0.0111625
0.00418225
0.000723638
0
0
0
1685647842.08314
msg_begin
7.75787e+06
-363573
-0.756243
1.95578e-08
2.38651e-09
1.88738e-15
0
0
0
1685647842.13308
msg_begin
7.75787e+06
-363573
-0.755548
0.0135773
0.01438
0.00129478
0
0
0
1685647842.18308
msg_begin
7.75787e+06
-363573
-0.756842
0.00577531
0.00595485
0.000673332
0
0
0
1685647842.23303
msg_begin
7.75788e+06
-363573
-0.756864
0.00296122
0.000990601
0.000252478
0
0
0
1685647842.28422
msg_begin
7.75788e+06
-363574
-0.753056
0.00646837
0.00682037
0.00177092
0
0
0
1685647842.33304
msg_begin
7.75788e+06
-363574
-0.753658
0.0177649
0.0133103
0.000874048
0
0
0
1685647842.38355
msg_begin
7.75788e+06
-363574
-0.754185
0.00383116
0.00748871
0.000679555
0
0
0
1685647842.43292
msg_begin
7.75788e+06
-363575
-0.754315
0.0220759
0.0131976
0.00150453
0
0
0
1685647842.48288
msg_begin
7.75788e+06
-363575
-0.751465
7.54371e-08
1.28057e-09
3.9968e-15
0
0
0
1685647842.53301
msg_begin
7.75788e+06
-363575
-0.750576
0.00892468
0.00355733
0.000476352
0
0
0
1685647842.58379
msg_begin
7.75788e+06
-363575
-0.752572
0.000152625
0.00113157
0.000165853
0
0
0
1685647842.63290
msg_begin
7.75788e+06
-363576
-0.752515
0.00158645
0.00294117
0.000145036
0
0
0
1685647842.68296
msg_begin
7.75788e+06
-363576
-0.752649
2.79397e-09
3.31784e-09
5.9952e-15
0
0
0
1685647842.73299
msg_begin
7.75788e+06
-363576
-0.752751
0.000944246
0.0030136
3.25226e-05
0
0
0
1685647842.78376
msg_begin
7.75788e+06
-363576
-0.750813
0.000913918
0.000708898
0.000178871
0
0
0
1685647842.83303
msg_begin
7.75788e+06
-363577
-0.753205
0.00576922
0.00776228
0.000401037
0
0
0
1685647842.88301
msg_begin
7.75788e+06
-363577
-0.753931
0.00378367
0.00504796
0.000443965
0
0
0
1685647842.93309
msg_begin
7.75788e+06
-363577
-0.753002
0.000975952
0.00149935
0.000131071
0
0
0
1685647842.98409
msg_begin
7.75788e+06
-363578
-0.754272
0.0239488
0.0241812
0.000508825
0
0
0
1685647843.03307
msg_begin
7.75788e+06
-363578
-0.754317
0.00636817
0.00380768
0.000186256
0
0
0
1685647843.08304
msg_begin
7.75788e+06
-363578
-0.752675
0.00494276
0.00517496
0.000391704
0
0
0
1685647843.13304
msg_begin
7.75788e+06
-363578
-0.75316
0.00377451
0.00880017
0.000585354
0
0
0
1685647843.18399
msg_begin
7.75788e+06
-363579
-0.75281
0.00198132
0.00806331
0.000123881
0
0
0
1685647843.23305
msg_begin
7.75788e+06
-363579
-0.752516
0.00187241
0.00314796
8.80701e-05
0
0
0
1685647843.28365
msg_begin
7.75788e+06
-363579
-0.753646
0.00977936
0.00825037
0.000711876
0
0
0
1685647843.38289
msg_begin
7.75788e+06
-363580
-0.753414
0.0127203
0.0122576
0.000694144
0
0
0
1685647843.43285
msg_begin
7.75788e+06
-363580
-0.753911
0.0060737
0.00250363
0.000144593
0
0
0
1685647843.48285
msg_begin
7.75788e+06
-363580
-0.752136
0.0275024
0.0229716
0.000649261
0
0
0
1685647843.53284
msg_begin
7.75788e+06
-363581
-0.752958
0.00140504
0.000793375
0.000141273
0
0
0
1685647843.58284
msg_begin
7.75788e+06
-363581
-0.751235
0.0188742
0.0131186
0.000996981
0
0
0
1685647843.63289
msg_begin
7.75788e+06
-363581
-0.75261
0.00898106
0.0113915
0.00033094
0
0
0
1685647843.68289
msg_begin
7.75788e+06
-363581
-0.752467
0.000176958
0.000358374
5.62382e-06
0
0
0
1685647843.73285
msg_begin
7.75788e+06
-363582
-0.751365
0.0244416
0.00426821
0.000600401
0
0
0
1685647843.78291
msg_begin
7.75788e+06
-363582
-0.750293
0.00189798
0.00429987
0.000209589
0
0
0
1685647843.83295
msg_begin
7.75789e+06
-363582
-0.750457
0.00477584
0.00370533
0.000287749
0
0
0
1685647843.88296
msg_begin
7.75789e+06
-363583
-0.74915
0.00279611
0.00214404
0.000403584
0
0
0
1685647843.93298
msg_begin
7.75789e+06
-363583
-0.748615
0.0139812
0.00511246
0.000831342
0
0
0
1685647843.98303
msg_begin
7.75789e+06
-363583
-0.748663
0.00486162
0.0075879
0.000527864
0
0
0
1685647844.03308
msg_begin
7.75789e+06
-363583
-0.747368
0.00343224
0.00671717
0.000331066
0
0
0
1685647844.08312
msg_begin
7.75789e+06
-363584
-0.747652
0.0040947
0.00125807
0.000248723
0
0
0
1685647844.13322
msg_begin
7.75789e+06
-363584
-0.747169
0.00569372
0.00888343
0.000513475
0
0
0
1685647844.18320
msg_begin
7.75789e+06
-363584
-0.746839
0.00746558
0.00414573
0.000126979
0
0
0
1685647844.23323
msg_begin
7.75789e+06
-363584
-0.74928
0.00443116
0.0200308
0.00065776
0
0
0
1685647844.28392
msg_begin
7.75789e+06
-363585
-0.74532
3.72529e-09
9.31323e-10
3.33067e-16
0
0
0
1685647844.33328
msg_begin
7.75789e+06
-363585
-0.746592
0.00502929
0.00170527
0.000403864
0
0
0
1685647844.38405
msg_begin
7.75789e+06
-363585
-0.744374
0.00280206
0.0083131
0.000545108
0
0
0
1685647844.43332
msg_begin
7.75789e+06
-363586
-0.74709
0.00347005
0.0061046
0.000490843
0
0
0
1685647844.48336
msg_begin
7.75789e+06
-363586
-0.747119
0.0115748
0.00229797
0.000506781
0
0
0
1685647844.53334
msg_begin
7.75789e+06
-363586
-0.746656
0.0060778
0.00135508
6.62071e-05
0
0
0
1685647844.58414
msg_begin
7.75789e+06
-363586
-0.746569
0.00338643
0.00441863
0.000222279
0
0
0
1685647844.63335
msg_begin
7.75789e+06
-363587
-0.746208
0.000108965
0.000778243
7.97895e-05
0
0
0
1685647844.68333
msg_begin
7.75789e+06
-363587
-0.748989
0.00509577
0.0130826
0.00109502
0
0
0
1685647844.73328
msg_begin
7.75789e+06
-363587
-0.745074
7.45058e-09
2.38651e-09
2.10942e-15
0
0
0
1685647844.78411
msg_begin
7.75789e+06
-363587
-0.746221
0.0050031
0.00171845
0.000336796
0
0
0
1685647844.83328
msg_begin
7.75789e+06
-363588
-0.745758
0.000719251
0.00105896
0.000218785
0
0
0
1685647844.88325
msg_begin
7.75789e+06
-363588
-0.746326
4.93601e-08
2.91038e-09
5.55112e-16
0
0
0
1685647844.93322
msg_begin
7.75789e+06
-363588
-0.744795
9.31323e-09
2.73576e-09
2.33147e-15
0
0
0
1685647844.98412
msg_begin
7.75789e+06
-363588
-0.747227
0.00974732
0.0138482
0.00097822
0
0
0
1685647845.03318
msg_begin
7.75789e+06
-363589
-0.749431
0.0102451
0.0203728
0.000512592
0
0
0
1685647845.08317
msg_begin
7.75789e+06
-363589
-0.74874
0.018651
0.0108899
0.000654743
0
0
0
1685647845.13329
msg_begin
7.75789e+06
-363589
-0.747172
0.0171214
0.0175405
0.000654922
0
0
0
1685647845.18419
msg_begin
7.75789e+06
-363589
-0.747283
0.000462533
0.00128672
0.000105879
0
0
0
1685647845.23321
msg_begin
7.75789e+06
-363590
-0.748687
0.00963793
0.00812191
0.00114692
0
0
0
1685647845.28321
msg_begin
7.75789e+06
-363590
-0.74753
0.00593206
0.0105316
0.000886677
0
0
0
1685647845.33321
msg_begin
7.75789e+06
-363590
-0.745964
1.67638e-08
2.61934e-09
8.88178e-16
0
0
0
1685647845.38323
msg_begin
7.75789e+06
-363591
-0.745779
0.00541184
0.00229
0.000514973
0
0
0
1685647845.43330
msg_begin
7.75789e+06
-363591
-0.747053
0.00687772
0.00633529
7.14184e-05
0
0
0
1685647845.48327
msg_begin
7.7579e+06
-363591
-0.746794
0.00258265
0.00198694
0.000287017
0
0
0
1685647845.53332
msg_begin
7.7579e+06
-363591
-0.74585
0.00869169
0.00413553
0.000351209
0
0
0
1685647845.58337
msg_begin
7.7579e+06
-363592
-0.745568
0.000594549
0.00206674
0.000148786
0
0
0
1685647845.63341
msg_begin
7.7579e+06
-363592
-0.746531
0.00666225
0.00339067
0.000253365
0
0
0
1685647845.68346
msg_begin
7.7579e+06
-363592
-0.747754
0.00954545
0.00982751
0.000635645
0
0
0
1685647845.73355
msg_begin
7.7579e+06
-363592
-0.74768
0.0123259
0.00349118
0.000404738
0
0
0
1685647845.78347
msg_begin
7.7579e+06
-363593
-0.745426
0.00355176
0.00431854
0.000354606
0
0
0
1685647845.83352
msg_begin
7.7579e+06
-363593
-0.745939
0.00410444
0.00799864
0.000229138
0
0
0
1685647845.88351
msg_begin
7.7579e+06
-363593
-0.746472
0.00462374
0.00476667
0.000479109
0
0
0
1685647845.93357
msg_begin
7.7579e+06
-363593
-0.748037
0.00147649
0.00216432
0.000334515
0
0
0
1685647845.98355
msg_begin
7.7579e+06
-363594
-0.749657
0.00244445
0.00146319
7.85776e-05
0
0
0
1685647846.03355
msg_begin
7.7579e+06
-363594
-0.745234
9.31323e-09
3.14321e-09
7.77156e-16
0
0
0
1685647846.08356
msg_begin
7.7579e+06
-363594
-0.742709
0.00457444
0.00336866
0.000319677
0
0
0
1685647846.13351
msg_begin
7.7579e+06
-363594
-0.741878
0.00458762
0.00244406
0.000344927
0
0
0
1685647846.18345
msg_begin
7.7579e+06
-363595
-0.742936
0.0018639
0.00117775
0.000113904
0
0
0
1685647846.23341
msg_begin
7.7579e+06
-363595
-0.743089
0.00558984
0.0033634
0.000256108
0
0
0
1685647846.28338
msg_begin
7.7579e+06
-363595
-0.743518
0.00559849
0.00204508
0.00067531
0
0
0
1685647846.33329
msg_begin
7.7579e+06
-363595
-0.745947
0.0105498
0.0157645
0.000576329
0
0
0
1685647846.38327
msg_begin
7.7579e+06
-363596
-0.744594
0.0117405
0.0040649
0.000821717
0
0
0
1685647846.43321
msg_begin
7.7579e+06
-363596
-0.743922
9.31323e-09
1.28057e-09
4.32987e-15
0
0
0
1685647846.48319
msg_begin
7.7579e+06
-363596
-0.74516
0.00300586
0.000825199
0.000221463
0
0
0
1685647846.53329
msg_begin
7.7579e+06
-363596
-0.744999
0.000865128
0.00265612
3.57098e-05
0
0
0
1685647846.58323
msg_begin
7.7579e+06
-363597
-0.744186
0.000791234
0.000776048
2.89975e-05
0
0
0
1685647846.63318
msg_begin
7.7579e+06
-363597
-0.743228
0.000543301
0.00118862
7.4592e-05
0
0
0
1685647846.68322
msg_begin
7.7579e+06
-363597
-0.741568
0.00984002
0.00631118
0.000840646
0
0
0
1685647846.73321
msg_begin
7.7579e+06
-363598
-0.741428
0.0197638
0.00793898
0.000836631
0
0
0
1685647846.78322
msg_begin
7.7579e+06
-363598
-0.742191
0.00152182
0.00612593
0.000447284
0
0
0
1685647846.83316
msg_begin
7.7579e+06
-363598
-0.745109
0.00267687
0.00316401
0.000145945
0
0
0
1685647846.88318
msg_begin
7.7579e+06
-363598
-0.74516
0.00313956
0.00189333
0.000115732
0
0
0
1685647846.93311
msg_begin
7.7579e+06
-363599
-0.744353
5.21541e-08
6.40284e-10
2.44249e-15
0
0
0
1685647846.98312
msg_begin
7.7579e+06
-363599
-0.745563
1.11759e-08
5.82077e-11
6.66134e-16
0
0
0
1685647847.03308
msg_begin
7.7579e+06
-363599
-0.744732
0.00639319
0.0016163
0.000501506
0
0
0
1685647847.08305
msg_begin
7.7579e+06
-363599
-0.744722
0.00247139
0.00262827
0.000284089
0
0
0
1685647847.13305
msg_begin
7.7579e+06
-363600
-0.745813
0.00803911
0.00904939
0.000541081
0
0
0
1685647847.18311
msg_begin
7.75791e+06
-363600
-0.745551
1.58325e-08
1.10595e-09
3.9968e-15
0
0
0
1685647847.23310
msg_begin
7.75791e+06
-363600
-0.748073
0.00347309
0.0039409
0.00108844
0
0
0
1685647847.28323
msg_begin
7.75791e+06
-363600
-0.747222
0.00904771
0.0072514
0.0002282
0
0
0
1685647847.33325
msg_begin
7.75791e+06
-363601
-0.746808
0.00048335
0.000455329
0.000148336
0
0
0
1685647847.38321
msg_begin
7.75791e+06
-363601
-0.74818
0.00332222
0.00870574
0.000462331
0
0
0
1685647847.43330
msg_begin
7.75791e+06
-363601
-0.747008
0.00292667
0.00602417
0.000190792
0
0
0
1685647847.48327
msg_begin
7.75791e+06
-363601
-0.747402
0.00126176
0.00178296
0.000202693
0
0
0
1685647847.53326
msg_begin
7.75791e+06
-363602
-0.745571
0.010818
0.0113294
0.000380408
0
0
0
1685647847.58326
msg_begin
7.75791e+06
-363602
-0.748104
0.000361203
0.000216527
3.85534e-05
0
0
0
1685647847.63330
msg_begin
7.75791e+06
-363602
-0.747036
0.00418004
0.00467126
0.000322245
0
0
0
1685647847.68324
msg_begin
7.75791e+06
-363602
-0.747712
0.0159571
0.0022704
0.000829647
0
0
0
1685647847.73336
msg_begin
7.75791e+06
-363603
-0.745954
0.000591078
0.000117545
5.46732e-05
0
0
0
1685647847.78337
msg_begin
7.75791e+06
-363603
-0.74743
0.0113433
0.00792477
0.000404639
0
0
0
1685647847.83323
msg_begin
7.75791e+06
-363603
-0.749705
0.00543739
0.0054018
0.000317768
0
0
0
1685647847.88322
msg_begin
7.75791e+06
-363603
-0.748005
0.00979272
0.00862105
0.000690867
0
0
0
1685647847.93321
msg_begin
7.75791e+06
-363604
-0.749476
0.0109864
0.00276203
0.000327051
0
0
0
1685647847.98321
msg_begin
7.75791e+06
-363604
-0.75214
0.00109958
0.00300426
0.000582155
0
0
0
1685647848.03318
msg_begin
7.75791e+06
-363604
-0.751519
0.00101291
2.1615e-05
1.4108e-05
0
0
0
1685647848.08314
msg_begin
7.75791e+06
-363604
-0.751773
0.00071488
0.00478606
0.000273045
0
0
0
1685647848.13319
msg_begin
7.75791e+06
-363605
-0.75162
0.00062947
0.00121578
9.56826e-05
0
0
0
1685647848.18305
msg_begin
7.75791e+06
-363605
-0.750627
0.0133144
0.00724883
0.000338974
0
0
0
1685647848.23296
msg_begin
7.75791e+06
-363605
-0.750334
0.00185047
0.00186174
5.17339e-05
0
0
0
1685647848.28373
msg_begin
7.75791e+06
-363605
-0.748238
0.00114726
0.00075988
0.000210418
0
0
0
1685647848.33292
msg_begin
7.75791e+06
-363606
-0.748656
0.00151357
0.00254292
0.000169727
0
0
0
1685647848.38374
msg_begin
7.75791e+06
-363606
-0.748325
5.12227e-08
5.82077e-10
2.66454e-15
0
0
0
1685647848.43272
msg_begin
7.75791e+06
-363606
-0.749184
0.00991266
0.00903013
0.000181116
0
0
0
1685647848.48268
msg_begin
7.75791e+06
-363606
-0.749387
0.0088583
0.00565956
0.000204365
0
0
0
1685647848.53253
msg_begin
7.75791e+06
-363607
-0.751125
0.00768237
0.00977253
0.000472469
0
0
0
1685647848.58348
msg_begin
7.75791e+06
-363607
-0.751119
0.00789639
0.0145698
0.000919672
0
0
0
1685647848.63247
msg_begin
7.75791e+06
-363607
-0.751501
0.00927669
0.000177496
7.55434e-06
0
0
0
1685647848.68247
msg_begin
7.75791e+06
-363607
-0.751089
0.00619506
0.00400256
0.000330618
0
0
0
1685647848.73247
msg_begin
7.75791e+06
-363608
-0.750725
0.00109455
0.0014934
9.89642e-05
0
0
0
1685647848.78342
msg_begin
7.75791e+06
-363608
-0.751144
0.00399767
0.00436311
0.00053102
0
0
0
1685647848.83248
msg_begin
7.75791e+06
-363608
-0.749426
0.00279799
0.00335833
0.000287265
0
0
0
1685647848.88246
msg_begin
7.75791e+06
-363608
-0.74853
0.0087394
0.013935
0.000627333
0
0
0
1685647848.93254
msg_begin
7.75792e+06
-363609
-0.748584
0.000305885
0.000840125
2.9842e-05
0
0
0
1685647848.98321
msg_begin
7.75792e+06
-363609
-0.750083
0.00763234
0.00655025
0.00023969
0
0
0
1685647849.03259
msg_begin
7.75792e+06
-363609
-0.749797
0.00404205
0.00134
9.69618e-05
0
0
0
1685647849.08265
msg_begin
7.75792e+06
-363609
-0.750121
0.00192398
0.000704911
0.000329134
0
0
0
1685647849.13273
msg_begin
7.75792e+06
-363610
-0.750054
0.0127829
0.00859065
0.000772205
0
0
0
1685647849.18337
msg_begin
7.75792e+06
-363610
-0.75423
0.00444017
0.0026296
0.000300908
0
0
0
1685647849.23276
msg_begin
7.75792e+06
-363610
-0.753812
0.0163416
0.0164255
0.00120927
0
0
0
1685647849.28283
msg_begin
7.75792e+06
-363610
-0.752428
0.0166286
0.00771012
2.4261e-05
0
0
0
1685647849.33278
msg_begin
7.75792e+06
-363611
-0.750511
0.000437528
0.00168231
1.10481e-05
0
0
0
1685647849.38280
msg_begin
7.75792e+06
-363611
-0.753923
0.000110206
0.000331319
0.000118448
0
0
0
1685647849.43279
msg_begin
7.75792e+06
-363611
-0.753863
0.00580937
0.00333771
0.0016209
0
0
0
1685647849.48282
msg_begin
7.75792e+06
-363611
-0.754574
0.00444014
0.00544226
0.00078152
0
0
0
1685647849.53284
msg_begin
7.75792e+06
-363612
-0.753534
8.84756e-08
3.0268e-09
4.996e-15
0
0
0
1685647849.58283
msg_begin
7.75792e+06
-363612
-0.752449
0.00262899
0.00824353
0.000812005
0
0
0
1685647849.63283
msg_begin
7.75792e+06
-363612
-0.751531
0.00622347
0.00885604
0.000886328
0
0
0
1685647849.68283
msg_begin
7.75792e+06
-363612
-0.752427
0.00759583
0.00858123
0.00057858
0
0
0
1685647849.73281
msg_begin
7.75792e+06
-363613
-0.753221
6.51926e-09
6.98492e-10
5.21805e-15
0
0
0
1685647849.78281
msg_begin
7.75792e+06
-363613
-0.756053
0.00358649
0.00159951
0.000302292
0
0
0
1685647849.83281
msg_begin
7.75792e+06
-363613
-0.75632
0.00755318
0.00904314
0.000732781
0
0
0
1685647849.88281
msg_begin
7.75792e+06
-363613
-0.756179
0.00567136
0.00270762
0.000546764
0
0
0
1685647849.93276
msg_begin
7.75792e+06
-363614
-0.756503
0.00943729
0.0171621
0.000923996
0
0
0
1685647849.98275
msg_begin
7.75792e+06
-363614
-0.757486
0.00192236
5.08689e-05
0.000132963
0
0
0
1685647850.03274
msg_begin
7.75792e+06
-363614
-0.757508
1.95578e-08
2.03727e-09
8.88178e-16
0
0
0
1685647850.08279
msg_begin
7.75792e+06
-363614
-0.757299
0.00140227
0.00140558
6.21678e-05
0
0
0
1685647850.13276
msg_begin
7.75792e+06
-363615
-0.755112
0.00539493
0.00856385
0.000868505
0
0
0
1685647850.18277
msg_begin
7.75792e+06
-363615
-0.757322
0.0079147
0.00890929
0.000565591
0
0
0
1685647850.23284
msg_begin
7.75792e+06
-363615
-0.756146
0.0115983
0.0128725
0.000651038
0
0
0
1685647850.28286
msg_begin
7.75792e+06
-363615
-0.752896
0.00498319
0.00424298
0.000228645
0
0
0
1685647850.33285
msg_begin
7.75792e+06
-363615
-0.752873
0.00320572
0.000429373
3.59739e-05
0
0
0
1685647850.38290
msg_begin
7.75792e+06
-363616
-0.748882
8.00937e-08
2.50293e-09
3.66374e-15
0
0
0
1685647850.43295
msg_begin
7.75792e+06
-363616
-0.751078
0.00110917
0.005992
0.000246303
0
0
0
1685647850.48297
msg_begin
7.75792e+06
-363616
-0.750305
0.00238311
0.00368256
3.21094e-05
0
0
0
1685647850.53303
msg_begin
7.75792e+06
-363616
-0.751195
0.00659832
0.00518515
0.000623791
0
0
0
1685647850.58309
msg_begin
7.75792e+06
-363617
-0.750861
0.00302791
0.00320918
0.000549692
0
0
0
1685647850.63310
msg_begin
7.75792e+06
-363617
-0.750612
0.00137537
0.00349279
0.000171884
0
0
0
1685647850.68321
msg_begin
7.75792e+06
-363617
-0.748567
0.00527857
0.00611462
0.000448408
0
0
0
1685647850.73317
msg_begin
7.75793e+06
-363617
-0.748583
0.0015891
0.000553012
0.000103456
0
0
0
1685647850.78315
msg_begin
7.75793e+06
-363618
-0.748706
0.00204754
0.0084106
0.00039808
0
0
0
1685647850.83313
msg_begin
7.75793e+06
-363618
-0.75129
0.0268819
0.0295455
0.000770064
0
0
0
1685647850.88312
msg_begin
7.75793e+06
-363618
-0.753717
0.00611956
0.00513891
0.000655829
0
0
0
1685647850.93317
msg_begin
7.75793e+06
-363618
-0.753376
0.00651062
0.003754
0.000639272
0
0
0
1685647850.98317
msg_begin
7.75793e+06
-363619
-0.753273
0.000993626
0.00146513
8.80682e-05
0
0
0
1685647851.03318
msg_begin
7.75793e+06
-363619
-0.753823
0.00181569
0.00683402
0.00132245
0
0
0
1685647851.08315
msg_begin
7.75793e+06
-363619
-0.754456
0.0130491
0.00741717
0.000549651
0
0
0
1685647851.13317
msg_begin
7.75793e+06
-363619
-0.752189
0.000731471
0.000583674
3.31799e-05
0
0
0
1685647851.18309
msg_begin
7.75793e+06
-363620
-0.749733
0.00343925
0.00335094
0.000265075
0
0
0
1685647851.23312
msg_begin
7.75793e+06
-363620
-0.7523
0.00349096
0.00270881
0.000157033
0
0
0
1685647851.28384
msg_begin
7.75793e+06
-363620
-0.751668
0.00865964
0.00735234
0.0005837
0
0
0
1685647851.33312
msg_begin
7.75793e+06
-363620
-0.750198
0.00118961
0.000597563
0.000174882
0
0
0
1685647851.38384
msg_begin
7.75793e+06
-363621
-0.749898
0.00686653
0.00663612
0.000623465
0
0
0
1685647851.43299
msg_begin
7.75793e+06
-363621
-0.750131
0.00127185
0.000340503
9.13973e-05
0
0
0
1685647851.48294
msg_begin
7.75793e+06
-363621
-0.751603
1.11759e-08
3.49246e-10
1.11022e-16
0
0
0
1685647851.53291
msg_begin
7.75793e+06
-363621
-0.74901
0.00845487
0.0125875
0.000407375
0
0
0
1685647851.58344
msg_begin
7.75793e+06
-363622
-0.749053
0.00118434
0.00107886
3.66384e-05
0
0
0
1685647851.63284
msg_begin
7.75793e+06
-363622
-0.747768
0.00386932
0.00461175
0.000903938
0
0
0
1685647851.68293
msg_begin
7.75793e+06
-363622
-0.744007
0.000898209
0.000655704
0.000188582
0
0
0
1685647851.73288
msg_begin
7.75793e+06
-363622
-0.746746
0.00177679
0.00118029
0.000201137
0
0
0
1685647851.78380
msg_begin
7.75793e+06
-363623
-0.744024
0.00127451
0.00162009
0.000226396
0
0
0
1685647851.83285
msg_begin
7.75793e+06
-363623
-0.745256
0.0158631
0.011648
0.000876054
0
0
0
1685647851.88285
msg_begin
7.75793e+06
-363623
-0.747177
0.00195634
0.00386229
0.000487528
0
0
0
1685647851.93287
msg_begin
7.75793e+06
-363623
-0.747732
0.00404494
0.00184133
0.000301807
0
0
0
1685647851.98362
msg_begin
7.75793e+06
-363623
-0.748108
0.00171534
0.00434417
0.00010768
0
0
0
1685647852.03289
msg_begin
7.75793e+06
-363624
-0.747163
0.00580745
0.00794517
0.000524409
0
0
0
1685647852.08290
msg_begin
7.75793e+06
-363624
-0.746967
0.00232579
0.00438568
0.000216648
0
0
0
1685647852.13290
msg_begin
7.75793e+06
-363624
-0.748577
0.00931708
0.00397289
0.000358117
0
0
0
1685647852.18380
msg_begin
7.75793e+06
-363624
-0.747946
0.000383619
0.000486589
3.3588e-05
0
0
0
1685647852.23285
msg_begin
7.75793e+06
-363625
-0.745585
0.00254587
0.00162126
9.30402e-05
0
0
0
1685647852.28310
msg_begin
7.75793e+06
-363625
-0.742968
0.00562164
0.00790996
0.000488913
0
0
0
1685647852.33284
msg_begin
7.75793e+06
-363625
-0.74485
0.00436225
0.00383534
0.000221363
0
0
0
1685647852.38287
msg_begin
7.75793e+06
-363625
-0.744982
5.86733e-08
0
1.88738e-15
0
0
0
1685647852.43292
msg_begin
7.75793e+06
-363626
-0.744961
0.00632241
0.00670017
0.000415026
0
0
0
1685647852.48295
msg_begin
7.75793e+06
-363626
-0.743516
0.00748224
0.0038753
0.000931531
0
0
0
1685647852.53301
msg_begin
7.75793e+06
-363626
-0.745028
0.0230576
0.0291412
0.00120575
0
0
0
1685647852.58304
msg_begin
7.75793e+06
-363626
-0.745182
0.00995642
0.00939213
0.000209623
0
0
0
1685647852.63308
msg_begin
7.75794e+06
-363626
-0.745998
0.00894893
0.00739931
0.000663934
0
0
0
1685647852.68312
msg_begin
7.75794e+06
-363627
-0.747646
0.00133894
0.00117229
0.000167085
0
0
0
1685647852.73311
msg_begin
7.75794e+06
-363627
-0.745777
0.0361769
0.0344994
0.00153034
0
0
0
1685647852.78318
msg_begin
7.75794e+06
-363627
-0.743981
0.0357418
0.0450514
0.00213043
0
0
0
1685647852.83318
msg_begin
7.75794e+06
-363627
-0.748157
7.17118e-08
9.31323e-10
5.55112e-16
0
0
0
1685647852.88319
msg_begin
7.75794e+06
-363628
-0.746608
0.00686912
0.00802149
0.000378351
0
0
0
1685647852.93333
msg_begin
7.75794e+06
-363628
-0.748097
0.00443951
0.0123379
0.000490666
0
0
0
1685647852.98319
msg_begin
7.75794e+06
-363628
-0.748312
0.0101247
0.00408676
0.000588628
0
0
0
1685647853.03320
msg_begin
7.75794e+06
-363628
-0.746459
0.00118613
0.001453
0.000315399
0
0
0
1685647853.08320
msg_begin
7.75794e+06
-363628
-0.74631
0.0193713
0.0164956
0.000833252
0
0
0
1685647853.13317
msg_begin
7.75794e+06
-363629
-0.748369
0.0106194
0.00550844
0.000218215
0
0
0
1685647853.18319
msg_begin
7.75794e+06
-363629
-0.746643
0.00474512
0.00308333
0.000226803
0
0
0
1685647853.23322
msg_begin
7.75794e+06
-363629
-0.744528
0.00712753
0.00596823
0.000390283
0
0
0
1685647853.28421
msg_begin
7.75794e+06
-363629
-0.745035
0.00817976
0.0159649
0.00069316
0
0
0
1685647853.33340
msg_begin
7.75794e+06
-363630
-0.744166
0.0133589
0.0121996
0.000598934
0
0
0
1685647853.38447
msg_begin
7.75794e+06
-363630
-0.746812
0.0182244
0.0087504
0.000619341
0
0
0
1685647853.43334
msg_begin
7.75794e+06
-363630
-0.745266
0.00803981
0.00509314
0.000676791
0
0
0
1685647853.48337
msg_begin
7.75794e+06
-363630
-0.746774
0.000820136
0.00148715
0.000101945
0
0
0
1685647853.53328
msg_begin
7.75794e+06
-363631
-0.74708
0.000975811
0.000356848
7.60743e-05
0
0
0
1685647853.58375
msg_begin
7.75794e+06
-363631
-0.744822
0.00675462
0.00958321
0.000700985
0
0
0
1685647853.63323
msg_begin
7.75794e+06
-363631
-0.747911
0.0024851
0.00836172
0.00031447
0
0
0
1685647853.68320
msg_begin
7.75794e+06
-363631
-0.748034
0.00794607
0.00126324
0.000365213
0
0
0
1685647853.73315
msg_begin
7.75794e+06
-363632
-0.747339
0.010862
0.0259177
0.000981414
0
0
0
1685647853.78406
msg_begin
7.75794e+06
-363632
-0.747321
7.03247e-05
0.00031611
3.61889e-05
0
0
0
1685647853.83303
msg_begin
7.75794e+06
-363632
-0.747475
0.00415788
0.00259598
0.000112186
0
0
0
1685647853.88298
msg_begin
7.75794e+06
-363632
-0.748645
0.0143016
0.0121989
0.000420557
0
0
0
1685647853.93298
msg_begin
7.75794e+06
-363632
-0.74778
0.0100464
0.00607414
0.000594922
0
0
0
1685647853.98354
msg_begin
7.75794e+06
-363633
-0.750136
0.0103786
0.0072745
0.000550459
0
0
0
1685647854.03297
msg_begin
7.75794e+06
-363633
-0.749558
0.0140208
0.0218363
0.00105707
0
0
0
1685647854.08303
msg_begin
7.75794e+06
-363633
-0.751145
9.24587e-05
1.75208e-05
3.91277e-05
0
0
0
1685647854.13319
msg_begin
7.75794e+06
-363633
-0.753357
0.0108796
0.00560284
0.000848891
0
0
0
1685647854.18417
msg_begin
7.75794e+06
-363634
-0.751762
1.11759e-08
1.22236e-09
1.55431e-15
0
0
0
1685647854.23321
msg_begin
7.75794e+06
-363634
-0.749295
0.000174637
0.000169537
3.58884e-05
0
0
0
1685647854.28322
msg_begin
7.75794e+06
-363634
-0.749732
0.0318365
0.00772336
0.00136861
0
0
0
1685647854.33330
msg_begin
7.75794e+06
-363634
-0.751935
0.0397827
0.0131233
0.00103867
0
0
0
1685647854.38328
msg_begin
7.75794e+06
-363634
-0.752115
3.25963e-08
1.92085e-09
3.66374e-15
0
0
0
1685647854.43330
msg_begin
7.75794e+06
-363635
-0.752436
0.0347733
0.0180093
0.00124387
0
0
0
1685647854.48334
msg_begin
7.75794e+06
-363635
-0.751398
0.033552
0.00294971
0.00033982
0
0
0
1685647854.53331
msg_begin
7.75795e+06
-363635
-0.751794
0.0149108
0.00790525
0.000991455
0
0
0
1685647854.58330
msg_begin
7.75795e+06
-363635
-0.752752
0.000945263
0.00115564
1.49927e-05
0
0
0
1685647854.63329
msg_begin
7.75795e+06
-363636
-0.750608
0.012496
0.00912271
0.000436022
0
0
0
1685647854.68328
msg_begin
7.75795e+06
-363636
-0.752697
0.00182004
0.00176306
8.12912e-05
0
0
0
1685647854.73325
msg_begin
7.75795e+06
-363636
-0.75338
0.00490598
0.0011252
0.000164226
0
0
0
1685647854.78325
msg_begin
7.75795e+06
-363636
-0.754117
0.00242046
0.000704765
0.000128133
0
0
0
1685647854.83325
msg_begin
7.75795e+06
-363636
-0.753372
0.00222712
0.00351906
4.9731e-05
0
0
0
1685647854.88327
msg_begin
7.75795e+06
-363637
-0.75404
0.00450467
0.00670914
0.000266
0
0
0
1685647854.93327
msg_begin
7.75795e+06
-363637
-0.753446
0.00136618
0.000537261
6.35856e-05
0
0
0
1685647854.98326
msg_begin
7.75795e+06
-363637
-0.752275
0.000787654
0.000390289
0.000135251
0
0
0
1685647855.03328
msg_begin
7.75795e+06
-363637
-0.751406
0.00481156
0.011874
0.00045016
0
0
0
1685647855.08321
msg_begin
7.75795e+06
-363638
-0.753507
0.00955979
0.00481481
0.000231075
0
0
0
1685647855.13332
msg_begin
7.75795e+06
-363638
-0.756164
0.0256224
0.00957302
0.00129701
0
0
0
1685647855.18318
msg_begin
7.75795e+06
-363638
-0.75521
0.00869559
0.0031961
0.000380709
0
0
0
1685647855.23317
msg_begin
7.75795e+06
-363638
-0.756601
0.0174269
0.0115185
0.000851363
0
0
0
1685647855.28387
msg_begin
7.75795e+06
-363639
-0.757285
0.00753801
0.00920201
0.000747692
0
0
0
1685647855.33313
msg_begin
7.75795e+06
-363639
-0.754497
0.00382215
0.0100445
0.000359448
0
0
0
1685647855.38397
msg_begin
7.75795e+06
-363639
-0.756095
3.72529e-09
2.73576e-09
2.22045e-15
0
0
0
1685647855.43301
msg_begin
7.75795e+06
-363639
-0.756861
0.00953385
0.00377675
0.000727524
0
0
0
1685647855.48298
msg_begin
7.75795e+06
-363639
-0.757498
0.00205537
0.00801025
0.00039714
0
0
0
1685647855.53306
msg_begin
7.75795e+06
-363640
-0.75506
9.31323e-09
8.14907e-10
4.44089e-16
0
0
0
1685647855.58328
msg_begin
7.75795e+06
-363640
-0.760658
0.00176781
0.000417083
3.88881e-05
0
0
0
1685647855.63287
msg_begin
7.75795e+06
-363640
-0.760879
0.0157088
0.00422699
0.00113315
0
0
0
1685647855.68281
msg_begin
7.75795e+06
-363640
-0.762968
3.81842e-08
6.98492e-10
3.55271e-15
0
0
0
1685647855.73285
msg_begin
7.75795e+06
-363641
-0.765331
0.0154919
0.0112572
0.000951445
0
0
0
1685647855.78404
msg_begin
7.75795e+06
-363641
-0.762783
6.98492e-08
5.23869e-10
1.77636e-15
0
0
0
1685647855.83265
msg_begin
7.75795e+06
-363641
-0.768935
0.0287078
0.0219849
0.00273605
0
0
0
1685647855.88261
msg_begin
7.75795e+06
-363641
-0.774441
3.20686e-05
0.000156281
4.94592e-05
0
0
0
1685647855.93260
msg_begin
7.75795e+06
-363642
-0.776062
0.0108303
0.00254798
0.000437447
0
0
0
1685647855.98312
msg_begin
7.75795e+06
-363642
-0.779793
0.00434576
0.00588011
0.000631994
0
0
0
1685647856.03246
msg_begin
7.75795e+06
-363642
-0.78034
0.00765941
0.0120703
0.00116458
0
0
0
1685647856.08244
msg_begin
7.75795e+06
-363642
-0.786279
0.0119741
0.00644393
0.0012868
0
0
0
1685647856.13249
msg_begin
7.75795e+06
-363642
-0.787775
0.00443943
0.00508595
0.000776735
0
0
0
1685647856.18349
msg_begin
7.75795e+06
-363643
-0.795181
0.00798244
0.00842503
0.000832455
0
0
0
1685647856.23241
msg_begin
7.75795e+06
-363643
-0.801983
0.000131581
0.000914464
0.000522328
0
0
0
1685647856.28246
msg_begin
7.75795e+06
-363643
-0.807171
0.0044252
0.011061
0.000940701
0
0
0
1685647856.33234
msg_begin
7.75795e+06
-363643
-0.811779
0.0203101
0.0179559
0.0024846
0
0
0
1685647856.38237
msg_begin
7.75795e+06
-363644
-0.812524
0.00371057
0.00191039
0.000312064
0
0
0
1685647856.43241
msg_begin
7.75795e+06
-363644
-0.817074
0.00436989
0.00870334
0.000734371
0
0
0
1685647856.48242
msg_begin
7.75795e+06
-363644
-0.824765
0.0222421
0.019982
0.00156292
0
0
0
1685647856.53246
msg_begin
7.75795e+06
-363644
-0.827019
0.00531451
0.00582348
0.000340157
0
0
0
1685647856.58250
msg_begin
7.75796e+06
-363645
-0.836923
0.00302883
0.00125919
0.00081799
0
0
0
1685647856.63248
msg_begin
7.75796e+06
-363645
-0.839146
0.00670137
0.00637119
0.000571666
0
0
0
1685647856.68253
msg_begin
7.75796e+06
-363645
-0.847123
0.00128116
0.00248405
0.000360385
0
0
0
1685647856.73253
msg_begin
7.75796e+06
-363645
-0.850986
0.00164081
0.00193298
0.000163677
0
0
0
1685647856.78252
msg_begin
7.75796e+06
-363646
-0.859741
0.0113994
0.00593142
0.000397647
0
0
0
1685647856.83257
msg_begin
7.75796e+06
-363646
-0.868952
0.00905611
0.00130912
0.000329735
0
0
0
1685647856.88258
msg_begin
7.75796e+06
-363646
-0.87128
0.00420231
0.00150241
0.000159341
0
0
0
1685647856.93257
msg_begin
7.75796e+06
-363646
-0.881606
0.00117426
0.00423016
0.000546835
0
0
0
1685647856.98344
msg_begin
7.75796e+06
-363647
-0.889599
0.0133847
0.0119625
0.00114892
0
0
0
1685647857.03259
msg_begin
7.75796e+06
-363647
-0.895623
0.00583379
0.00382422
0.00102812
0
0
0
1685647857.08259
msg_begin
7.75796e+06
-363647
-0.903126
0.00852607
0.00606338
0.000471797
0
0
0
1685647857.13263
msg_begin
7.75796e+06
-363647
-0.910249
0.00615347
0.0155382
0.000583387
0
0
0
1685647857.18303
msg_begin
7.75796e+06
-363648
-0.92045
0.00254369
0.00508454
0.000899165
0
0
0
1685647857.23278
msg_begin
7.75796e+06
-363648
-0.927101
0.00275375
0.00549312
0.000491589
0
0
0
1685647857.28282
msg_begin
7.75796e+06
-363648
-0.939083
0.00237243
0.00451118
0.000462187
0
0
0
1685647857.33295
msg_begin
7.75796e+06
-363648
-0.947021
0.00386642
0.0028429
0.000698218
0
0
0
1685647857.38304
msg_begin
7.75796e+06
-363649
-0.957713
0.00190977
0.00334494
0.000892395
0
0
0
1685647857.43304
msg_begin
7.75796e+06
-363649
-0.96735
0.0160173
0.0151677
0.00166777
0
0
0
1685647857.48313
msg_begin
7.75796e+06
-363649
-0.978729
0.00025817
0.000918457
0.000146094
0
0
0
1685647857.53317
msg_begin
7.75796e+06
-363650
-0.988299
0.00431622
0.00857927
0.000525396
0
0
0
1685647857.58321
msg_begin
7.75796e+06
-363650
-1.002
0.00156834
0.000859103
0.000211995
0
0
0
1685647857.63326
msg_begin
7.75796e+06
-363650
-1.01331
0.00129893
0.000614723
0.000318252
0
0
0
1685647857.68330
msg_begin
7.75796e+06
-363650
-1.02169
0.000190121
0.00111578
8.65268e-06
0
0
0
1685647857.73436
msg_begin
7.75796e+06
-363651
-1.03352
0.00165574
0.00318183
0.000518317
0
0
0
1685647857.78335
msg_begin
7.75796e+06
-363651
-1.0455
0.00085102
0.000387621
5.17115e-05
0
0
0
1685647857.83332
msg_begin
7.75796e+06
-363651
-1.05618
0.00287127
0.0072294
0.00193582
0
0
0
1685647857.88335
msg_begin
7.75796e+06
-363651
-1.07212
0.00335418
0.00492991
0.000798723
0
0
0
1685647857.93334
msg_begin
7.75796e+06
-363652
-1.08397
0.00370816
0.00347449
0.000297741
0
0
0
1685647857.98331
msg_begin
7.75796e+06
-363652
-1.09807
0.00718599
0.0127782
0.000490019
0
0
0
1685647858.03333
msg_begin
7.75796e+06
-363652
-1.1058
0.00638072
0.0163925
0.00112333
0
0
0
1685647858.08329
msg_begin
7.75796e+06
-363653
-1.1194
0.000615064
0.000273239
1.31965e-05
0
0
0
1685647858.13327
msg_begin
7.75796e+06
-363653
-1.13174
5.21541e-08
1.16415e-10
4.44089e-16
0
0
0
1685647858.18326
msg_begin
7.75796e+06
-363654
-1.15535
0.0203762
0.0138023
0.00126838
0
0
0
1685647858.28441
msg_begin
7.75796e+06
-363654
-1.16922
0.00229275
0.00670238
0.0005478
0
0
0
1685647858.33332
msg_begin
7.75796e+06
-363654
-1.18269
0.000252754
0.00150492
4.45281e-05
0
0
0
1685647858.38364
msg_begin
7.75796e+06
-363655
-1.19425
0.00269699
0.00175654
0.000456141
0
0
0
1685647858.43318
msg_begin
7.75796e+06
-363655
-1.2087
0.00690054
0.0187706
0.000909255
0
0
0
1685647858.48319
msg_begin
7.75796e+06
-363655
-1.21863
0.00482146
0.0265454
0.000926614
0
0
0
1685647858.53317
msg_begin
7.75796e+06
-363656
-1.23412
0.00329182
0.00614089
0.000653297
0
0
0
1685647858.58375
msg_begin
7.75796e+06
-363656
-1.24814
0.000586018
0.000569739
0.000102565
0
0
0
1685647858.63318
msg_begin
7.75796e+06
-363657
-1.2681
0.00582773
0.039487
0.00251236
0
0
0
1685647858.73321
msg_begin
7.75796e+06
-363657
-1.28357
0.00204572
0.00593116
0.000176206
0
0
0
1685647858.78369
msg_begin
7.75796e+06
-363657
-1.29639
0.000184438
0.0285996
0.000751655
0
0
0
1685647858.83326
msg_begin
7.75796e+06
-363658
-1.31079
0.00862418
0.0202205
0.00240954
0
0
0
1685647858.88326
msg_begin
7.75796e+06
-363658
-1.32531
0.0050925
0.0123812
0.00224383
0
0
0
1685647858.93334
msg_begin
7.75796e+06
-363658
-1.34164
0.00468321
0.0175352
0.000285281
0
0
0
1685647858.98327
msg_begin
7.75796e+06
-363659
-1.35015
0.00668803
0.0129509
0.000779519
0
0
0
1685647859.03327
msg_begin
7.75796e+06
-363659
-1.36407
0.00335684
0.0086263
0.000347152
0
0
0
1685647859.08328
msg_begin
7.75796e+06
-363659
-1.37934
0.00281574
0.00324361
0.000117386
0
0
0
1685647859.13350
msg_begin
7.75796e+06
-363660
-1.38869
0.00262214
0.00992075
0.000337525
0
0
0
1685647859.18337
msg_begin
7.75796e+06
-363660
-1.40631
0.00605638
0.0232141
0.00142379
0
0
0
1685647859.23325
msg_begin
7.75796e+06
-363660
-1.41444
0.00840337
0.00840096
0.00128736
0
0
0
1685647859.28330
msg_begin
7.75796e+06
-363661
-1.4307
0.00783045
0.00736905
0.000945313
0
0
0
1685647859.33320
msg_begin
7.75796e+06
-363661
-1.4422
2.51457e-08
2.2701e-09
8.88178e-16
0
0
0
1685647859.38320
msg_begin
7.75796e+06
-363662
-1.45465
0.00626611
0.0218288
0.000915943
0
0
0
1685647859.43319
msg_begin
7.75796e+06
-363662
-1.4659
0.00186126
0.0260781
0.000304957
0
0
0
1685647859.48319
msg_begin
7.75796e+06
-363662
-1.477
0.00446
0.0264594
0.00128397
0
0
0
1685647859.53315
msg_begin
7.75796e+06
-363663
-1.49306
0.00532597
0.00631311
0.000420714
0
0
0
1685647859.58313
msg_begin
7.75796e+06
-363663
-1.50857
0.00182549
0.0145365
0.000270366
0
0
0
1685647859.63317
msg_begin
7.75796e+06
-363664
-1.5278
0.00524816
0.00427904
0.000259751
0
0
0
1685647859.68307
msg_begin
7.75796e+06
-363664
-1.53244
0.00375271
0.00532288
0.000350493
0
0
0
1685647859.73382
msg_begin
7.75796e+06
-363664
-1.54598
0.0113469
0.0298198
0.000929966
0
0
0
1685647859.78309
msg_begin
7.75796e+06
-363665
-1.56233
0.00789979
0.00449737
0.000758184
0
0
0
1685647859.83304
msg_begin
7.75796e+06
-363665
-1.57639
1.39698e-08
2.09548e-09
0
0
0
0
1685647859.88302
msg_begin
7.75796e+06
-363665
-1.59019
0.00210373
0.00219516
0.000109729
0
0
0
1685647859.93301
msg_begin
7.75796e+06
-363666
-1.60349
1.02445e-08
1.10595e-09
0
0
0
0
1685647859.98306
msg_begin
7.75796e+06
-363666
-1.62072
0.00340863
0.00680123
0.000999485
0
0
0
1685647860.03297
msg_begin
7.75796e+06
-363667
-1.63091
0.00374544
0.00314899
0.00039279
0
0
0
1685647860.08299
msg_begin
7.75796e+06
-363667
-1.64701
0.00117049
0.0108085
0.00162167
0
0
0
1685647860.13394
msg_begin
7.75796e+06
-363667
-1.66122
0.00198775
0.0017265
0.000343164
0
0
0
1685647860.18290
msg_begin
7.75796e+06
-363668
-1.67565
0.00146173
0.0119867
0.00072573
0
0
0
1685647860.23290
msg_begin
7.75796e+06
-363668
-1.68605
0.00243156
0.00275092
0.000317391
0
0
0
1685647860.28374
msg_begin
7.75796e+06
-363668
-1.69886
0.000530357
0.000626422
5.03865e-05
0
0
0
1685647860.33285
msg_begin
7.75796e+06
-363669
-1.71283
0.00534628
0.00706565
0.000183708
0
0
0
1685647860.38285
msg_begin
7.75796e+06
-363669
-1.7272
0.00105079
0.0103322
0.000281143
0
0
0
1685647860.43285
msg_begin
7.75796e+06
-363670
-1.73692
0.000418068
0.000618391
8.00061e-05
0
0
0
1685647860.48283
msg_begin
7.75796e+06
-363670
-1.75149
0.0019214
0.00384087
0.000319502
0
0
0
1685647860.53283
msg_begin
7.75796e+06
-363670
-1.76483
0.00203006
0.00324227
0.000213693
0
0
0
1685647860.58369
msg_begin
7.75796e+06
-363671
-1.7745
0.00150878
0.0111997
0.000274033
0
0
0
1685647860.63279
msg_begin
7.75796e+06
-363671
-1.78712
0.0098246
0.00876743
0.000733435
0
0
0
1685647860.68278
msg_begin
7.75796e+06
-363671
-1.79705
0.00827204
0.0149748
0.00135634
0
0
0
1685647860.73273
msg_begin
7.75796e+06
-363672
-1.81104
0.0021129
0.00419057
0.00051345
0
0
0
1685647860.78303
msg_begin
7.75796e+06
-363672
-1.82225
0.00159367
0.0215923
0.000656461
0
0
0
1685647860.83267
msg_begin
7.75796e+06
-363673
-1.83153
0.013499
0.0185403
0.000842343
0
0
0
1685647860.88264
msg_begin
7.75796e+06
-363673
-1.83807
7.45058e-09
2.67755e-09
8.88178e-16
0
0
0
1685647860.93262
msg_begin
7.75796e+06
-363673
-1.85405
0.00252474
0.0135396
0.000306557
0
0
0
1685647860.98256
msg_begin
7.75796e+06
-363674
-1.86417
0.00389492
0.00354167
0.000514991
0
0
0
1685647861.03256
msg_begin
7.75796e+06
-363674
-1.87277
0.00587551
0.0103133
0.00113635
0
0
0
1685647861.08262
msg_begin
7.75796e+06
-363674
-1.88422
0.00286421
0.00807465
0.000592773
0
0
0
1685647861.13260
msg_begin
7.75796e+06
-363675
-1.8991
0.00328355
0.0351683
0.00135612
0
0
0
1685647861.18267
msg_begin
7.75796e+06
-363675
-1.90406
0.00433599
0.00471154
0.00129917
0
0
0
1685647861.23271
msg_begin
7.75796e+06
-363676
-1.91622
0.00378764
0.00769983
0.00151586
0
0
0
1685647861.28304
msg_begin
7.75796e+06
-363676
-1.92786
0.00716236
0.0163004
0.00152358
0
0
0
1685647861.33281
msg_begin
7.75796e+06
-363676
-1.93873
0.00949375
0.0194735
0.00109503
0
0
0
1685647861.38286
msg_begin
7.75796e+06
-363677
-1.95203
0.00148697
0.00293401
0.000258886
0
0
0
1685647861.43294
msg_begin
7.75796e+06
-363677
-1.95709
0.00103774
0.00443743
0.000341275
0
0
0
1685647861.48303
msg_begin
7.75796e+06
-363677
-1.97105
4.74975e-08
2.03727e-09
1.77636e-15
0
0
0
1685647861.53308
msg_begin
7.75796e+06
-363678
-1.98391
0.00633785
0.0109744
0.00143081
0
0
0
1685647861.58314
msg_begin
7.75796e+06
-363678
-1.99933
0.000546021
0.000456745
8.40936e-06
0
0
0
1685647861.63315
msg_begin
7.75796e+06
-363678
-2.00421
0.00672166
0.00663515
0.000101088
0
0
0
1685647861.68322
msg_begin
7.75796e+06
-363679
-2.01564
0.0114276
0.0227423
0.000440358
0
0
0
1685647861.73321
msg_begin
7.75796e+06
-363679
-2.02602
0.00394819
0.0115459
0.00111188
0
0
0
1685647861.78319
msg_begin
7.75796e+06
-363679
-2.03873
0.00376696
0.00551526
0.000429907
0
0
0
1685647861.83321
msg_begin
7.75796e+06
-363680
-2.04919
0.0238443
0.043243
0.0012026
0
0
0
1685647861.88318
msg_begin
7.75796e+06
-363680
-2.06177
0.00294206
0.0118103
0.000144192
0
0
0
1685647861.93321
msg_begin
7.75796e+06
-363681
-2.07077
0.00501219
0.0188384
0.00111035
0
0
0
1685647861.98315
msg_begin
7.75796e+06
-363681
-2.08041
0.00329252
0.00765934
0.000193107
0
0
0
1685647862.03312
msg_begin
7.75796e+06
-363681
-2.09388
0.0315078
0.00912517
0.0020355
0
0
0
1685647862.08310
msg_begin
7.75796e+06
-363682
-2.1051
0.010653
0.0191044
0.000370753
0
0
0
1685647862.13303
msg_begin
7.75796e+06
-363682
-2.11959
0.00135385
0.00221407
0.0002
0
0
0
1685647862.18304
msg_begin
7.75796e+06
-363682
-2.12936
0.00845817
0.0013931
0.000134016
0
0
0
1685647862.23302
msg_begin
7.75796e+06
-363683
-2.1382
0.00184981
7.23603e-06
4.85039e-05
0
0
0
1685647862.28302
msg_begin
7.75796e+06
-363683
-2.14715
0.00149994
0.000703325
0.000194278
0
0
0
1685647862.33350
msg_begin
7.75796e+06
-363683
-2.1576
0.000338679
0.00136654
0.000144149
0
0
0
1685647862.38303
msg_begin
7.75796e+06
-363684
-2.16946
0.0182656
0.0166069
0.00115834
0
0
0
1685647862.43301
msg_begin
7.75796e+06
-363684
-2.17818
0.0136352
0.0106032
0.00105416
0
0
0
1685647862.48295
msg_begin
7.75796e+06
-363684
-2.18666
0.0237111
0.0267619
0.000726785
0
0
0
1685647862.53326
msg_begin
7.75796e+06
-363685
-2.19401
0.00773137
0.00522496
0.000562873
0
0
0
1685647862.58297
msg_begin
7.75796e+06
-363685
-2.21745
0.0135247
0.0178151
0.00131391
0
0
0
1685647862.68291
msg_begin
7.75796e+06
-363686
-2.23274
0.00782005
0.0100802
0.000485086
0
0
0
1685647862.73318
msg_begin
7.75796e+06
-363686
-2.24062
0.00103082
0.00484211
5.31237e-05
0
0
0
1685647862.78288
msg_begin
7.75796e+06
-363686
-2.25058
0.0169769
0.0169262
0.00181104
0
0
0
1685647862.83289
msg_begin
7.75796e+06
-363687
-2.2644
4.19095e-08
1.16415e-10
3.55271e-15
0
0
0
1685647862.88289
msg_begin
7.75796e+06
-363687
-2.26874
0.0171044
0.0142422
0.00135102
0
0
0
1685647862.93353
msg_begin
7.75796e+06
-363687
-2.28324
0.00132029
0.0054239
0.000669326
0
0
0
1685647862.98299
msg_begin
7.75796e+06
-363688
-2.2887
1.39698e-08
3.08501e-09
1.33227e-15
0
0
0
1685647863.03307
msg_begin
7.75796e+06
-363688
-2.30521
0.0113058
0.00962266
0.00111463
0
0
0
1685647863.08311
msg_begin
7.75796e+06
-363688
-2.31115
0.00373123
0.0015423
0.000144403
0
0
0
1685647863.13357
msg_begin
7.75796e+06
-363688
-2.32512
0.00430339
0.00376717
0.000179437
0
0
0
1685647863.18315
msg_begin
7.75796e+06
-363689
-2.33289
0.0138251
0.00929178
0.000307346
0
0
0
1685647863.23318
msg_begin
7.75795e+06
-363689
-2.33805
5.12227e-08
3.25963e-09
4.44089e-16
0
0
0
1685647863.28420
msg_begin
7.75795e+06
-363689
-2.35143
0.00438243
0.00640473
0.00144248
0
0
0
1685647863.33318
msg_begin
7.75795e+06
-363690
-2.35775
0.00110263
0.000308406
0.000105115
0
0
0
1685647863.38317
msg_begin
7.75795e+06
-363690
-2.3683
0.022021
0.0166756
0.00117365
0
0
0
1685647863.43316
msg_begin
7.75795e+06
-363690
-2.37085
0.0159565
0.0176128
0.000707737
0
0
0
1685647863.48316
msg_begin
7.75795e+06
-363691
-2.38006
0.00171885
0.0117644
0.000310719
0
0
0
1685647863.53315
msg_begin
7.75795e+06
-363691
-2.38747
0.00652247
0.00553452
0.000359404
0
0
0
1685647863.58310
msg_begin
7.75795e+06
-363691
-2.39654
0.0135505
0.00886351
0.00196056
0
0
0
1685647863.63311
msg_begin
7.75795e+06
-363692
-2.40298
0.0189188
0.0122307
0.000504656
0
0
0
1685647863.68309
msg_begin
7.75795e+06
-363692
-2.40949
0.0307752
0.0230396
0.00246834
0
0
0
1685647863.73304
msg_begin
7.75795e+06
-363692
-2.41276
0.0128844
0.00891361
0.000998555
0
0
0
1685647863.78303
msg_begin
7.75795e+06
-363692
-2.41893
0.00184281
0.000934252
0.000238451
0
0
0
1685647863.83308
msg_begin
7.75795e+06
-363693
-2.4238
0.0174363
0.019797
0.000633924
0
0
0
1685647863.88311
msg_begin
7.75795e+06
-363693
-2.42779
0.0741396
0.0614143
0.000426739
0
0
0
1685647863.93307
msg_begin
7.75795e+06
-363693
-2.43277
0.00954545
0.00647451
0.00231798
0
0
0
1685647863.98311
msg_begin
7.75795e+06
-363694
-2.43848
0.00951543
0.007857
0.000753552
0
0
0
1685647864.03314
msg_begin
7.75795e+06
-363694
-2.43898
0.0298965
0.0168919
0.00166761
0
0
0
1685647864.08312
msg_begin
7.75795e+06
-363694
-2.44507
0.00628455
0.00244484
0.000609768
0
0
0
1685647864.13316
msg_begin
7.75795e+06
-363694
-2.4495
0.00558101
0.00737646
0.000507516
0
0
0
1685647864.18321
msg_begin
7.75795e+06
-363695
-2.45399
0.00537743
0.00296165
0.000157938
0
0
0
1685647864.23322
msg_begin
7.75795e+06
-363695
-2.45648
0.00861566
0.00293088
0.000676305
0
0
0
1685647864.28369
msg_begin
7.75795e+06
-363695
-2.46047
0.00312737
0.00194692
0.000250162
0
0
0
1685647864.33329
msg_begin
7.75795e+06
-363696
-2.46273
8.3819e-09
3.31784e-09
2.66454e-15
0
0
0
1685647864.38328
msg_begin
7.75795e+06
-363696
-2.4682
0.00662524
0.00340812
0.000941858
0
0
0
1685647864.43328
msg_begin
7.75795e+06
-363696
-2.4703
0.0140779
0.0142861
0.00101481
0
0
0
1685647864.48328
msg_begin
7.75795e+06
-363697
-2.47457
0.0161408
0.00635244
0.000516274
0
0
0
1685647864.53338
msg_begin
7.75795e+06
-363697
-2.47814
0.00992192
0.0102793
0.000569682
0
0
0
1685647864.58325
msg_begin
7.75795e+06
-363697
-2.48245
0.00292058
0.00507096
0.000387244
0
0
0
1685647864.63323
msg_begin
7.75795e+06
-363697
-2.48358
0.00142354
0.00141355
0.000276949
0
0
0
1685647864.68317
msg_begin
7.75795e+06
-363698
-2.48382
0.00361605
0.00176617
0.000518434
0
0
0
1685647864.73310
msg_begin
7.75795e+06
-363698
-2.48781
0.0170975
0.00554652
0.000540234
0
0
0
1685647864.78304
msg_begin
7.75794e+06
-363698
-2.48766
0.0218129
0.00942988
0.000188881
0
0
0
1685647864.83297
msg_begin
7.75794e+06
-363698
-2.48726
0.0200229
0.00645179
0.000411357
0
0
0
1685647864.88286
msg_begin
7.75794e+06
-363699
-2.4884
1.86265e-08
2.50293e-09
2.66454e-15
0
0
0
1685647864.93280
msg_begin
7.75794e+06
-363699
-2.48824
0.0049103
0.00386537
0.000154352
0
0
0
1685647864.98276
msg_begin
7.75794e+06
-363699
-2.4893
0.00576787
0.0010654
0.000410678
0
0
0
1685647865.03268
msg_begin
7.75794e+06
-363700
-2.48971
0.000681929
0.000462961
7.23537e-05
0
0
0
1685647865.08263
msg_begin
7.75794e+06
-363700
-2.49075
0.000233248
0.000197035
9.68917e-05
0
0
0
1685647865.13256
msg_begin
7.75794e+06
-363700
-2.49197
0.00554387
0.00352012
0.000283782
0
0
0
1685647865.18252
msg_begin
7.75794e+06
-363700
-2.49565
0.00522611
0.00226245
0.000445717
0
0
0
1685647865.23246
msg_begin
7.75794e+06
-363701
-2.49629
0.000737756
0.000556045
0.000150568
0
0
0
1685647865.28332
msg_begin
7.75794e+06
-363701
-2.49827
0.00576197
0.00598339
7.89495e-05
0
0
0
1685647865.33247
msg_begin
7.75794e+06
-363701
-2.4959
1.67638e-08
2.91038e-09
4.44089e-16
0
0
0
1685647865.38244
msg_begin
7.75794e+06
-363702
-2.49568
0.00571683
0.0049053
0.000782571
0
0
0
1685647865.43241
msg_begin
7.75794e+06
-363702
-2.49471
0.0147897
0.0120761
0.000945738
0
0
0
1685647865.48239
msg_begin
7.75794e+06
-363702
-2.49894
0.00693999
0.00587543
0.000430506
0
0
0
1685647865.53241
msg_begin
7.75794e+06
-363702
-2.49874
0.00372797
0.00277201
0.000121665
0
0
0
1685647865.58246
msg_begin
7.75794e+06
-363703
-2.49635
4.74975e-08
4.13274e-09
4.44089e-16
0
0
0
1685647865.63244
msg_begin
7.75794e+06
-363703
-2.49653
0.0391313
0.0190215
0.00093379
0
0
0
1685647865.68248
msg_begin
7.75794e+06
-363703
-2.4955
0.00162631
0.0120431
0.000214998
0
0
0
1685647865.73251
msg_begin
7.75794e+06
-363704
-2.49659
0.00508507
0.00157052
0.000326318
0
0
0
1685647865.78253
msg_begin
7.75794e+06
-363704
-2.49653
0.00367068
0.00529976
0.000891985
0
0
0
1685647865.83255
msg_begin
7.75794e+06
-363704
-2.49715
0.00311443
0.000875546
0.000151097
0
0
0
1685647865.88261
msg_begin
7.75794e+06
-363704
-2.49798
0.0168802
0.00779379
0.00112438
0
0
0
1685647865.93264
msg_begin
7.75794e+06
-363705
-2.50148
0.000553512
0.000682424
8.45648e-05
0
0
0
1685647865.98270
msg_begin
7.75794e+06
-363705
-2.50179
5.58794e-09
5.82077e-10
2.66454e-15
0
0
0
1685647866.03273
msg_begin
7.75794e+06
-363705
-2.50113
0.00335923
0.00362772
0.000140148
0
0
0
1685647866.08277
msg_begin
7.75794e+06
-363706
-2.50139
0.00382293
0.00278979
8.18329e-05
0
0
0
1685647866.13281
msg_begin
7.75794e+06
-363706
-2.50007
0.00792546
0.00248495
0.000533661
0
0
0
1685647866.18285
msg_begin
7.75793e+06
-363706
-2.49994
0.00600907
0.00413065
0.000422167
0
0
0
1685647866.23293
msg_begin
7.75793e+06
-363706
-2.4984
0.000109148
0.00137037
1.16325e-05
0
0
0
1685647866.28373
msg_begin
7.75793e+06
-363707
-2.49845
0.00414248
0.00659772
0.000240961
0
0
0
1685647866.33299
msg_begin
7.75793e+06
-363707
-2.50209
0.00504777
0.00651861
3.35375e-05
0
0
0
1685647866.38302
msg_begin
7.75793e+06
-363707
-2.49997
0.0115527
0.011005
0.00129131
0
0
0
1685647866.43303
msg_begin
7.75793e+06
-363708
-2.4999
0.0146223
0.0192731
0.001081
0
0
0
1685647866.48296
msg_begin
7.75793e+06
-363708
-2.49929
6.70552e-08
1.16415e-10
5.77316e-15
0
0
0
1685647866.53296
msg_begin
7.75793e+06
-363708
-2.5024
0.0131757
0.0119559
0.0012721
0
0
0
1685647866.58293
msg_begin
7.75793e+06
-363709
-2.4997
4.00469e-08
1.04774e-09
1.77636e-15
0
0
0
1685647866.63287
msg_begin
7.75793e+06
-363709
-2.50118
0.0065415
0.00677614
0.000288896
0
0
0
1685647866.68283
msg_begin
7.75793e+06
-363709
-2.50262
0.00122685
0.00286152
0.000357456
0
0
0
1685647866.73276
msg_begin
7.75793e+06
-363709
-2.50175
0.00399886
0.00108602
0.00021454
0
0
0
1685647866.78271
msg_begin
7.75793e+06
-363710
-2.50156
8.56817e-08
1.92085e-09
1.77636e-15
0
0
0
1685647866.83267
msg_begin
7.75793e+06
-363710
-2.50006
0.017044
0.00595993
8.64287e-05
0
0
0
1685647866.88265
msg_begin
7.75793e+06
-363710
-2.50362
0.0103651
0.00956608
0.000564139
0
0
0
1685647866.93258
msg_begin
7.75793e+06
-363711
-2.50355
5.7742e-08
5.23869e-10
2.66454e-15
0
0
0
1685647866.98257
msg_begin
7.75793e+06
-363711
-2.50357
0.0131911
0.0052744
0.000333534
0
0
0
1685647867.03255
msg_begin
7.75793e+06
-363711
-2.50214
2.14204e-08
1.97906e-09
5.32907e-15
0
0
0
1685647867.08258
msg_begin
7.75793e+06
-363711
-2.50057
2.6077e-08
3.43425e-09
1.33227e-15
0
0
0
1685647867.13254
msg_begin
7.75793e+06
-363712
-2.50045
0.000235702
0.000554389
9.19262e-06
0
0
0
1685647867.18254
msg_begin
7.75793e+06
-363712
-2.50241
0.0337178
0.0286615
0.00170707
0
0
0
1685647867.23261
msg_begin
7.75793e+06
-363712
-2.50485
0.0127056
0.00954106
0.000586012
0
0
0
1685647867.28355
msg_begin
7.75793e+06
-363713
-2.50538
0.000666307
0.000579772
7.85272e-05
0
0
0
1685647867.33259
msg_begin
7.75793e+06
-363713
-2.50464
0.00279273
0.00151777
9.70535e-05
0
0
0
1685647867.38260
msg_begin
7.75793e+06
-363713
-2.50229
0.00622842
0.0040137
0.00101583
0
0
0
1685647867.43259
msg_begin
7.75793e+06
-363714
-2.50407
0.0143205
0.0120593
0.000784398
0
0
0
1685647867.48259
msg_begin
7.75793e+06
-363714
-2.50313
0.0115459
0.00559496
0.000445904
0
0
0
1685647867.53257
msg_begin
7.75792e+06
-363714
-2.50454
0.0042507
0.00294837
0.000143243
0
0
0
1685647867.58259
msg_begin
7.75792e+06
-363714
-2.50223
0.00024156
0.00121763
8.64671e-05
0
0
0
1685647867.63257
msg_begin
7.75792e+06
-363715
-2.50331
0.00230241
3.73002e-05
3.12867e-05
0
0
0
1685647867.68253
msg_begin
7.75792e+06
-363715
-2.50198
0.00292001
0.000235585
0.000179995
0
0
0
1685647867.73249
msg_begin
7.75792e+06
-363715
-2.50426
0.00100772
0.00182766
7.11273e-05
0
0
0
1685647867.78249
msg_begin
7.75792e+06
-363716
-2.50407
0.00507955
0.00332205
2.06975e-06
0
0
0
1685647867.83246
msg_begin
7.75792e+06
-363716
-2.50131
0.00538141
0.00400923
0.000544437
0
0
0
1685647867.88252
msg_begin
7.75792e+06
-363716
-2.5019
6.79865e-08
2.91038e-10
4.44089e-16
0
0
0
1685647867.93248
msg_begin
7.75792e+06
-363716
-2.50298
0.0016928
0.000513176
0.000129426
0
0
0
1685647867.98247
msg_begin
7.75792e+06
-363717
-2.50351
0.0131132
0.00537937
0.000257847
0
0
0
1685647868.03253
msg_begin
7.75792e+06
-363717
-2.50386
0.000969756
5.97848e-05
1.15128e-06
0
0
0
1685647868.08251
msg_begin
7.75792e+06
-363717
-2.50199
0.001699
0.00162432
0.000179266
0
0
0
1685647868.13255
msg_begin
7.75792e+06
-363718
-2.50317
0.000301579
0.00597355
2.40502e-05
0
0
0
1685647868.18266
msg_begin
7.75792e+06
-363718
-2.50042
0.00215625
0.00331745
9.57902e-05
0
0
0
1685647868.23259
msg_begin
7.75792e+06
-363718
-2.49722
0.0066956
0.00656928
0.0010288
0
0
0
1685647868.28368
msg_begin
7.75792e+06
-363719
-2.49868
0.00800383
0.00641032
0.00125639
0
0
0
1685647868.33275
msg_begin
7.75792e+06
-363719
-2.49946
0.0131083
0.00312378
0.000330362
0
0
0
1685647868.38278
msg_begin
7.75792e+06
-363719
-2.49831
0.00709488
0.00518796
0.000171183
0
0
0
1685647868.43285
msg_begin
7.75792e+06
-363720
-2.49924
0.00145193
0.000174776
0.000160798
0
0
0
1685647868.48287
msg_begin
7.75792e+06
-363720
-2.49682
0.00363185
0.00195446
0.00031511
0
0
0
1685647868.53293
msg_begin
7.75792e+06
-363720
-2.49725
0.00354459
0.0062964
0.000553547
0
0
0
1685647868.58289
msg_begin
7.75792e+06
-363721
-2.49629
0.00448086
0.00272611
0.000205368
0
0
0
1685647868.63288
msg_begin
7.75792e+06
-363721
-2.49752
0.0060511
0.00153549
0.000682658
0
0
0
1685647868.68289
msg_begin
7.75792e+06
-363721
-2.4969
0.016228
0.00775884
0.000788838
0
0
0
1685647868.73288
msg_begin
7.75792e+06
-363721
-2.49726
0.00342125
0.00349331
0.00013742
0
0
0
1685647868.78283
msg_begin
7.75791e+06
-363722
-2.49712
0.00029235
0.000225083
5.70408e-05
0
0
0
1685647868.83283
msg_begin
7.75791e+06
-363722
-2.49667
0.016623
0.017457
0.00062179
0
0
0
1685647868.88283
msg_begin
7.75791e+06
-363722
-2.49646
0.00520722
0.00107656
0.000169439
0
0
0
1685647868.93283
msg_begin
7.75791e+06
-363723
-2.49656
0.00199562
0.00196507
0.000506794
0
0
0
1685647868.98282
msg_begin
7.75791e+06
-363723
-2.4969
0.000761082
0.00188375
0.000214005
0
0
0
1685647869.03283
msg_begin
7.75791e+06
-363723
-2.49813
0.0012388
0.00347931
0.000268784
0
0
0
1685647869.08286
msg_begin
7.75791e+06
-363724
-2.49866
7.91624e-08
2.38651e-09
2.22045e-15
0
0
0
1685647869.13286
msg_begin
7.75791e+06
-363724
-2.49714
0.010099
0.00943105
0.000368167
0
0
0
1685647869.18284
msg_begin
7.75791e+06
-363724
-2.49746
0.0106829
0.0115507
0.000716806
0
0
0
1685647869.23284
msg_begin
7.75791e+06
-363724
-2.49451
0.00326338
0.00375481
0.000291477
0
0
0
1685647869.28355
msg_begin
7.75791e+06
-363725
-2.49723
4.84288e-08
6.98492e-10
3.9968e-15
0
0
0
1685647869.33283
msg_begin
7.75791e+06
-363725
-2.49522
9.21996e-05
0.00245119
3.71488e-05
0
0
0
1685647869.38284
msg_begin
7.75791e+06
-363725
-2.49666
0.00593118
0.00134043
0.000551876
0
0
0
1685647869.43284
msg_begin
7.75791e+06
-363726
-2.49573
0.0200024
0.0192462
0.00170769
0
0
0
1685647869.48284
msg_begin
7.75791e+06
-363726
-2.49432
0.00315134
0.00205844
8.94039e-05
0
0
0
1685647869.53282
msg_begin
7.75791e+06
-363726
-2.49406
0.00203389
0.00276942
4.05571e-05
0
0
0
1685647869.58287
msg_begin
7.75791e+06
-363727
-2.49322
0.00162881
0.00275198
0.000190253
0
0
0
1685647869.63286
msg_begin
7.75791e+06
-363727
-2.49512
0.0107198
0.0019922
0.000410151
0
0
0
1685647869.68289
msg_begin
7.75791e+06
-363727
-2.49303
0.00423144
0.00181812
0.000230916
0
0
0
1685647869.73289
msg_begin
7.75791e+06
-363728
-2.49107
2.6077e-08
8.73115e-10
4.44089e-15
0
0
0
1685647869.78289
msg_begin
7.75791e+06
-363728
-2.49477
0.0363787
0.0171017
0.00154305
0
0
0
1685647869.83290
msg_begin
7.75791e+06
-363728
-2.49754
0.0104625
0.0087123
0.000830653
0
0
0
1685647869.88288
msg_begin
7.75791e+06
-363728
-2.49936
0.000309248
0.000827373
6.25842e-05
0
0
0
1685647869.93288
msg_begin
7.75791e+06
-363729
-2.50214
0.0104176
0.00798357
0.000748743
0
0
0
1685647869.98291
msg_begin
7.75791e+06
-363729
-2.50447
0.0123881
0.00744551
0.000516337
0
0
0
1685647870.03287
msg_begin
7.75791e+06
-363729
-2.50477
0.00760147
0.00455111
0.000372185
0
0
0
1685647870.08288
msg_begin
7.7579e+06
-363730
-2.51075
0.00908918
0.00512267
0.0018275
0
0
0
1685647870.13293
msg_begin
7.7579e+06
-363730
-2.50865
0.00866976
0.00198177
0.000298477
0
0
0
1685647870.18296
msg_begin
7.7579e+06
-363730
-2.51021
2.79397e-08
1.22236e-09
3.55271e-15
0
0
0
1685647870.23299
msg_begin
7.7579e+06
-363731
-2.51352
0.00973156
0.00564135
0.000457908
0
0
0
1685647870.28408
msg_begin
7.7579e+06
-363731
-2.51485
0.00154066
0.00111701
0.000193279
0
0
0
1685647870.33311
msg_begin
7.7579e+06
-363731
-2.51766
0.00934656
0.00981419
0.000809231
0
0
0
1685647870.38317
msg_begin
7.7579e+06
-363732
-2.51987
0.0105537
0.0102978
0.000787299
0
0
0
1685647870.43327
msg_begin
7.7579e+06
-363732
-2.5217
0.00426221
0.00526427
0.00062925
0
0
0
1685647870.48332
msg_begin
7.7579e+06
-363732
-2.52
0.0166951
0.0114745
0.00181181
0
0
0
1685647870.53341
msg_begin
7.7579e+06
-363732
-2.52044
0.00719148
0.00134801
0.000338241
0
0
0
1685647870.58349
msg_begin
7.7579e+06
-363733
-2.52202
0.00311814
0.00155722
7.76986e-05
0
0
0
1685647870.63355
msg_begin
7.7579e+06
-363733
-2.5234
0.0320356
0.0189717
0.00145737
0
0
0
1685647870.68351
msg_begin
7.7579e+06
-363733
-2.52622
0.00598735
0.0060149
0.000438452
0
0
0
1685647870.73359
msg_begin
7.7579e+06
-363734
-2.52787
0.0398158
0.0231652
0.00112707
0
0
0
1685647870.78356
msg_begin
7.7579e+06
-363734
-2.52807
0.0263099
0.0190021
0.00136323
0
0
0
1685647870.83361
msg_begin
7.7579e+06
-363734
-2.52928
0.00902254
0.00146686
0.000459989
0
0
0
1685647870.88360
msg_begin
7.7579e+06
-363735
-2.5296
0.0252471
0.0151388
0.000376898
0
0
0
1685647870.93360
msg_begin
7.7579e+06
-363735
-2.53069
0.00314187
0.00345449
0.000472861
0
0
0
1685647870.98364
msg_begin
7.7579e+06
-363735
-2.53173
0.0329007
0.0227287
0.000604394
0
0
0
1685647871.03363
msg_begin
7.7579e+06
-363735
-2.53231
0.00911228
0.00410532
0.000665353
0
0
0
1685647871.08375
msg_begin
7.7579e+06
-363736
-2.53087
0.00330316
0.00159811
0.000232673
0
0
0
1685647871.13367
msg_begin
7.7579e+06
-363736
-2.53383
0.00774156
0.00552376
0.000270758
0
0
0
1685647871.18373
msg_begin
7.7579e+06
-363736
-2.53406
0.0621623
0.0448343
0.000788336
0
0
0
1685647871.23375
msg_begin
7.7579e+06
-363737
-2.53603
0.00544364
0.00441267
0.000294126
0
0
0
1685647871.28481
msg_begin
7.7579e+06
-363737
-2.53499
0.0106645
0.00105244
0.000554602
0
0
0
1685647871.33384
msg_begin
7.75789e+06
-363737
-2.53517
0.000520305
0.000341465
5.20778e-06
0
0
0
1685647871.38382
msg_begin
7.75789e+06
-363737
-2.5322
0.00785423
0.00568178
0.000595907
0
0
0
1685647871.43390
msg_begin
7.75789e+06
-363738
-2.53224
0.0122336
0.00484878
0.000531749
0
0
0
1685647871.48387
msg_begin
7.75789e+06
-363738
-2.53237
0.0100753
0.0057062
0.000575833
0
0
0
1685647871.53392
msg_begin
7.75789e+06
-363738
-2.53235
0.00758889
0.00272236
0.000729756
0
0
0
1685647871.58391
msg_begin
7.75789e+06
-363739
-2.52888
0.0202825
0.0115308
0.00141173
0
0
0
1685647871.63390
msg_begin
7.75789e+06
-363739
-2.53112
0.0115551
0.00983687
0.000315075
0
0
0
1685647871.68384
msg_begin
7.75789e+06
-363739
-2.5316
0.0211403
0.0111884
0.000609397
0
0
0
1685647871.73380
msg_begin
7.75789e+06
-363740
-2.53307
0.007061
0.00491243
0.00026873
0
0
0
1685647871.78374
msg_begin
7.75789e+06
-363740
-2.53146
0.00302409
0.000933352
0.000100816
0
0
0
1685647871.83371
msg_begin
7.75789e+06
-363740
-2.53059
0.00409122
0.00568042
0.000326683
0
0
0
1685647871.88367
msg_begin
7.75789e+06
-363741
-2.53459
0.0170187
0.0143416
0.00176608
0
0
0
1685647871.93366
msg_begin
7.75789e+06
-363741
-2.53576
0.0117295
0.0173344
0.00171692
0
0
0
1685647871.98360
msg_begin
7.75789e+06
-363741
-2.53608
0.0126889
0.00371491
0.000911874
0
0
0
1685647872.03358
msg_begin
7.75789e+06
-363741
-2.53676
0.00426538
0.00379988
0.000176324
0
0
0
1685647872.08358
msg_begin
7.75789e+06
-363742
-2.53733
0.0139575
0.0105908
0.00154198
0
0
0
1685647872.13358
msg_begin
7.75789e+06
-363742
-2.53647
0.0139039
0.0103715
0.000551949
0
0
0
1685647872.18361
msg_begin
7.75789e+06
-363742
-2.53357
0.0121871
0.00529882
0.000865655
0
0
0
1685647872.23362
msg_begin
7.75789e+06
-363743
-2.53487
0.000278351
0.0033248
0.00153311
0
0
0
1685647872.28440
msg_begin
7.75789e+06
-363743
-2.53769
0.00186712
0.000694142
9.66188e-05
0
0
0
1685647872.33357
msg_begin
7.75789e+06
-363743
-2.53543
0.0131309
0.0143593
0.00047071
0
0
0
1685647872.38355
msg_begin
7.75789e+06
-363744
-2.53569
0.0260898
0.0157441
0.0011509
0
0
0
1685647872.43347
msg_begin
7.75789e+06
-363744
-2.53554
0.00305755
0.00137405
0.000334429
0
0
0
1685647872.48341
msg_begin
7.75789e+06
-363744
-2.53522
0.0199846
0.0149908
0.00189195
0
0
0
1685647872.53338
msg_begin
7.75788e+06
-363744
-2.53133
0.0197337
0.0162034
0.000407765
0
0
0
1685647872.58328
msg_begin
7.75788e+06
-363745
-2.53171
0.00807061
0.000624894
0.000288503
0
0
0
1685647872.63319
msg_begin
7.75788e+06
-363745
-2.53266
0.014453
0.0144317
0.000324967
0
0
0
1685647872.68314
msg_begin
7.75788e+06
-363745
-2.53304
0.00185467
0.00291141
0.000143433
0
0
0
1685647872.73311
msg_begin
7.75788e+06
-363746
-2.5313
0.0185054
0.00799991
0.000533208
0
0
0
1685647872.78298
msg_begin
7.75788e+06
-363746
-2.52995
0.00553623
0.00459626
0.000347515
0
0
0
1685647872.83294
msg_begin
7.75788e+06
-363746
-2.52856
0.00529149
0.00159373
6.66569e-05
0
0
0
1685647872.88286
msg_begin
7.75788e+06
-363747
-2.52911
0.0666667
0.0443257
0.00102708
0
0
0
1685647872.93293
msg_begin
7.75788e+06
-363747
-2.52874
0.0139142
0.0126654
0.000497232
0
0
0
1685647872.98279
msg_begin
7.75788e+06
-363747
-2.52681
0.00371405
0.0112026
0.000688653
0
0
0
1685647873.03280
msg_begin
7.75788e+06
-363748
-2.52766
0.0229948
0.0112019
0.000108052
0
0
0
1685647873.08277
msg_begin
7.75788e+06
-363748
-2.52772
0.00975006
0.000617888
8.70819e-05
0
0
0
1685647873.13273
msg_begin
7.75788e+06
-363748
-2.52819
7.17118e-08
1.39698e-09
3.10862e-15
0
0
0
1685647873.18275
msg_begin
7.75788e+06
-363749
-2.52557
0.013622
0.00364416
0.000140705
0
0
0
1685647873.23272
msg_begin
7.75788e+06
-363749
-2.52434
0.00920465
0.00996725
0.00151746
0
0
0
1685647873.28274
msg_begin
7.75788e+06
-363749
-2.52228
0.00411603
0.00441727
7.63182e-05
0
0
0
1685647873.33308
msg_begin
7.75788e+06
-363750
-2.52245
0.00548429
0.00706559
0.000712082
0
0
0
1685647873.38271
msg_begin
7.75788e+06
-363750
-2.51853
0.00910734
0.00299233
0.000913131
0
0
0
1685647873.43269
msg_begin
7.75788e+06
-363750
-2.52027
0.00193511
0.00219293
6.60967e-05
0
0
0
1685647873.48348
msg_begin
7.75788e+06
-363751
-2.52018
0.0187166
0.0115663
0.000627872
0
0
0
1685647873.53313
msg_begin
7.75788e+06
-363751
-2.5175
0.0202591
0.0156686
0.000520413
0
0
0
1685647873.58267
msg_begin
7.75788e+06
-363751
-2.51673
0.0228554
0.00985775
0.000574398
0
0
0
1685647873.63258
msg_begin
7.75788e+06
-363752
-2.51688
0.0122777
0.00390393
0.000451943
0
0
0
1685647873.68346
msg_begin
7.75787e+06
-363752
-2.51636
0.00294529
0.00146294
0.00029424
0
0
0
1685647873.73367
msg_begin
7.75787e+06
-363752
-2.51574
0.00657174
0.0123628
0.000592592
0
0
0
1685647873.78255
msg_begin
7.75787e+06
-363753
-2.51323
0.0328877
0.0267744
0.0003583
0
0
0
1685647873.83262
msg_begin
7.75787e+06
-363753
-2.51004
0.00631683
0.0106303
0.000848209
0
0
0
1685647873.88359
msg_begin
7.75787e+06
-363753
-2.51063
0.00509123
0.00622575
0.000256103
0
0
0
1685647873.93373
msg_begin
7.75787e+06
-363754
-2.5117
0.00574622
0.00350672
0.000305912
0
0
0
1685647873.98276
msg_begin
7.75787e+06
-363754
-2.50981
0.0028814
0.00881048
0.000363644
0
0
0
1685647874.03285
msg_begin
7.75787e+06
-363754
-2.50993
1.58325e-08
4.65661e-10
8.88178e-16
0
0
0
1685647874.08294
msg_begin
7.75787e+06
-363755
-2.50964
0.0196109
0.00297042
0.000209163
0
0
0
1685647874.13402
msg_begin
7.75787e+06
-363755
-2.50918
0.00872669
0.00530948
0.000386021
0
0
0
1685647874.18307
msg_begin
7.75787e+06
-363755
-2.50947
0.0365903
0.0331985
0.000425714
0
0
0
1685647874.23316
msg_begin
7.75787e+06
-363756
-2.50864
0.00062638
0.000987036
5.68365e-05
0
0
0
1685647874.28346
msg_begin
7.75787e+06
-363756
-2.50974
0.0156889
0.010799
0.000407023
0
0
0
1685647874.33336
msg_begin
7.75787e+06
-363756
-2.50798
0.00705721
0.0049861
0.000467285
0
0
0
1685647874.38338
msg_begin
7.75787e+06
-363757
-2.51156
0.00399276
0.000346313
0.000123303
0
0
0
1685647874.43340
msg_begin
7.75787e+06
-363757
-2.5114
0.00449516
0.00375285
0.000530083
0
0
0
1685647874.48341
msg_begin
7.75787e+06
-363757
-2.51269
0.00273233
0.010708
0.00115632
0
0
0
1685647874.53341
msg_begin
7.75787e+06
-363758
-2.51426
0.0139366
0.00945513
0.000798895
0
0
0
1685647874.58341
msg_begin
7.75787e+06
-363758
-2.51335
0.0148209
0.015494
0.000375037
0
0
0
1685647874.63338
msg_begin
7.75787e+06
-363758
-2.51469
0.0194937
0.0106718
0.00117312
0
0
0
1685647874.68340
msg_begin
7.75787e+06
-363759
-2.51427
0.00262691
0.00183131
0.000210022
0
0
0
1685647874.73341
msg_begin
7.75787e+06
-363759
-2.51554
0.00398807
0.00980797
0.000325948
0
0
0
1685647874.78340
msg_begin
7.75787e+06
-363759
-2.51544
7.72998e-08
4.65661e-10
4.44089e-15
0
0
0
1685647874.83336
msg_begin
7.75786e+06
-363760
-2.51465
0.0121096
0.00725756
0.000764709
0
0
0
1685647874.88332
msg_begin
7.75786e+06
-363760
-2.51411
0.00463002
0.00487252
0.000528077
0
0
0
1685647874.93342
msg_begin
7.75786e+06
-363760
-2.51669
0.0130567
0.00956839
0.00121251
0
0
0
1685647874.98331
msg_begin
7.75786e+06
-363761
-2.51401
0.00921054
0.00745832
0.000172745
0
0
0
1685647875.03321
msg_begin
7.75786e+06
-363761
-2.5163
0.0179515
0.0144007
0.00202658
0
0
0
1685647875.08316
msg_begin
7.75786e+06
-363761
-2.5167
0.00527386
0.00277875
0.000524153
0
0
0
1685647875.13313
msg_begin
7.75786e+06
-363762
-2.51738
0.00575934
0.00573274
0.000441768
0
0
0
1685647875.18304
msg_begin
7.75786e+06
-363762
-2.51831
0.00602293
0.00391957
0.000358697
0
0
0
1685647875.23292
msg_begin
7.75786e+06
-363762
-2.52074
0.00693338
0.00501705
9.87938e-05
0
0
0
1685647875.28289
msg_begin
7.75786e+06
-363763
-2.51873
0.00564541
0.00472493
0.000287521
0
0
0
1685647875.33364
msg_begin
7.75786e+06
-363763
-2.51863
0.00684183
0.00874396
0.000272928
0
0
0
1685647875.38273
msg_begin
7.75786e+06
-363763
-2.52123
0.00280526
0.00310287
0.000127719
0
0
0
1685647875.43270
msg_begin
7.75786e+06
-363764
-2.51959
0.00558039
0.00351447
0.000314882
0
0
0
1685647875.48278
msg_begin
7.75786e+06
-363764
-2.5204
0.00264253
0.000672904
0.000144281
0
0
0
1685647875.53303
msg_begin
7.75786e+06
-363764
-2.52174
0.020283
0.0119093
0.000689951
0
0
0
1685647875.58257
msg_begin
7.75786e+06
-363765
-2.5219
0.0019949
0.00169078
0.000258642
0
0
0
1685647875.63255
msg_begin
7.75786e+06
-363765
-2.52246
0.0186482
0.0097244
0.0007861
0
0
0
1685647875.68251
msg_begin
7.75786e+06
-363766
-2.52489
0.000261269
0.000748479
5.15534e-05
0
0
0
1685647875.73363
msg_begin
7.75786e+06
-363766
-2.52594
0.0183879
0.0106889
0.000427708
0
0
0
1685647875.78246
msg_begin
7.75786e+06
-363766
-2.52617
1.21072e-08
3.49246e-10
4.44089e-15
0
0
0
1685647875.83241
msg_begin
7.75786e+06
-363767
-2.52855
0.0121191
0.00700109
0.000863778
0
0
0
1685647875.88247
msg_begin
7.75786e+06
-363767
-2.53153
0.00674837
0.00827264
0.000599853
0
0
0
1685647875.93352
msg_begin
7.75785e+06
-363767
-2.5315
0.00125507
0.000675849
0.000308074
0
0
0
1685647875.98235
msg_begin
7.75785e+06
-363768
-2.53177
0.000918482
0.000281641
0.00011178
0
0
0
1685647876.03228
msg_begin
7.75785e+06
-363768
-2.53242
0.00274274
0.00281725
0.000215066
0
0
0
1685647876.08221
msg_begin
7.75785e+06
-363768
-2.53097
0.0310125
0.0236865
0.000955057
0
0
0
1685647876.13320
msg_begin
7.75785e+06
-363769
-2.53158
0.0231229
0.00798909
0.000590518
0
0
0
1685647876.18216
msg_begin
7.75785e+06
-363769
-2.53068
0.0208591
0.0160306
0.000490236
0
0
0
1685647876.23215
msg_begin
7.75785e+06
-363769
-2.53166
0.0404783
0.030354
0.000808396
0
0
0
1685647876.28254
msg_begin
7.75785e+06
-363770
-2.53139
0.00151183
0.000930087
2.42308e-06
0
0
0
1685647876.33219
msg_begin
7.75785e+06
-363770
-2.53142
0.00575177
0.00750948
0.000360289
0
0
0
1685647876.38221
msg_begin
7.75785e+06
-363770
-2.53204
2.70084e-08
2.09548e-09
3.10862e-15
0
0
0
1685647876.43219
msg_begin
7.75785e+06
-363771
-2.53203
0.00903141
0.0104333
0.000610291
0
0
0
1685647876.48228
msg_begin
7.75785e+06
-363771
-2.53139
0.00798677
0.00587191
0.000443578
0
0
0
1685647876.53224
msg_begin
7.75785e+06
-363771
-2.53096
0.00214923
0.00153942
0.000220925
0
0
0
1685647876.58223
msg_begin
7.75785e+06
-363772
-2.52909
0.00269652
0.00257141
0.000331515
0
0
0
1685647876.63230
msg_begin
7.75785e+06
-363772
-2.52638
0.00729362
0.00385976
0.000945925
0
0
0
1685647876.68230
msg_begin
7.75785e+06
-363772
-2.52504
0.0415444
0.0249958
0.000680097
0
0
0
1685647876.73232
msg_begin
7.75785e+06
-363773
-2.52445
0.00886246
0.00756813
0.00103175
0
0
0
1685647876.78239
msg_begin
7.75785e+06
-363773
-2.52482
0.00890163
0.00396474
0.000214007
0
0
0
1685647876.83239
msg_begin
7.75785e+06
-363773
-2.52085
0.000654659
0.000213853
0.000156351
0
0
0
1685647876.88240
msg_begin
7.75785e+06
-363774
-2.51909
0.0083822
0.0105764
0.000482667
0
0
0
1685647876.93241
msg_begin
7.75785e+06
-363774
-2.52031
0.000611407
0.00384263
5.25002e-05
0
0
0
1685647876.98241
msg_begin
7.75784e+06
-363774
-2.52071
0.049646
0.0329963
0.000937154
0
0
0
1685647877.03232
msg_begin
7.75784e+06
-363775
-2.51865
0.00785206
0.00166585
0.000578482
0
0
0
1685647877.08232
msg_begin
7.75784e+06
-363775
-2.51734
0.00165598
0.000953966
0.000224369
0
0
0
1685647877.13226
msg_begin
7.75784e+06
-363776
-2.51814
0.00150817
0.00386927
0.000373414
0
0
0
1685647877.18227
msg_begin
7.75784e+06
-363776
-2.51974
0.00541016
0.00166643
0.000170477
0
0
0
1685647877.23223
msg_begin
7.75784e+06
-363776
-2.51714
0.0125988
0.00778486
0.000257457
0
0
0
1685647877.28221
msg_begin
7.75784e+06
-363777
-2.51602
0.0294487
0.0147129
0.00061215
0
0
0
1685647877.33315
msg_begin
7.75784e+06
-363777
-2.51838
0.000860405
0.000239272
0.000396074
0
0
0
1685647877.38215
msg_begin
7.75784e+06
-363777
-2.51768
0.0283109
0.024161
0.001029
0
0
0
1685647877.43217
msg_begin
7.75784e+06
-363778
-2.5185
0.00166529
0.000878707
4.31927e-05
0
0
0
1685647877.48230
msg_begin
7.75784e+06
-363778
-2.51564
0.00897807
0.0109064
0.000471633
0
0
0
1685647877.53255
msg_begin
7.75784e+06
-363778
-2.51393
0.00577461
0.00409748
7.72164e-05
0
0
0
1685647877.58224
msg_begin
7.75784e+06
-363779
-2.51074
1.30385e-08
1.39698e-09
4.44089e-16
0
0
0
1685647877.63229
msg_begin
7.75784e+06
-363779
-2.5108
0.00485619
0.00363058
0.000286427
0
0
0
1685647877.68254
msg_begin
7.75784e+06
-363780
-2.5125
0.018153
0.0129258
0.00101298
0
0
0
1685647877.73350
msg_begin
7.75784e+06
-363780
-2.51309
0.0220445
0.0152006
0.00161862
0
0
0
1685647877.78236
msg_begin
7.75784e+06
-363780
-2.51178
0.00627715
0.0043146
0.000531058
0
0
0
1685647877.83241
msg_begin
7.75784e+06
-363781
-2.51457
0.00975228
0.011868
0.000657611
0
0
0
1685647877.88254
msg_begin
7.75784e+06
-363781
-2.50982
0.0025167
0.000975239
7.92952e-05
0
0
0
1685647877.93349
msg_begin
7.75784e+06
-363781
-2.51214
0.00689963
0.0106173
0.00059479
0
0
0
1685647877.98250
msg_begin
7.75784e+06
-363782
-2.5078
0.00171378
0.00733098
0.00035422
0
0
0
1685647878.03247
msg_begin
7.75783e+06
-363782
-2.50808
0.000376292
0.00148132
2.76037e-05
0
0
0
1685647878.08252
msg_begin
7.75783e+06
-363782
-2.51217
0.0033849
0.00299166
0.000304748
0
0
0
1685647878.13327
msg_begin
7.75783e+06
-363783
-2.50699
2.70084e-08
2.73576e-09
2.22045e-15
0
0
0
1685647878.18240
msg_begin
7.75783e+06
-363783
-2.50911
0.00101301
0.00109832
0.000356751
0
0
0
1685647878.23232
msg_begin
7.75783e+06
-363784
-2.507
0.0021851
0.000873577
8.47196e-05
0
0
0
1685647878.28301
msg_begin
7.75783e+06
-363784
-2.50505
0.00635189
0.00135463
0.000431467
0
0
0
1685647878.33231
msg_begin
7.75783e+06
-363784
-2.50624
0.000808959
0.000550052
4.16511e-05
0
0
0
1685647878.38236
msg_begin
7.75783e+06
-363785
-2.50201
0.00248609
0.00321024
0.000816845
0
0
0
1685647878.43242
msg_begin
7.75783e+06
-363785
-2.50205
0.00657064
0.00523631
0.000901811
0
0
0
1685647878.48245
msg_begin
7.75783e+06
-363785
-2.49995
0.00470296
0.00206965
9.69213e-05
0
0
0
1685647878.53245
msg_begin
7.75783e+06
-363786
-2.50137
0.0339298
0.016103
0.000599207
0
0
0
1685647878.58247
msg_begin
7.75783e+06
-363786
-2.49945
0.00373275
0.00498718
0.00058574
0
0
0
1685647878.63253
msg_begin
7.75783e+06
-363787
-2.49744
1.21072e-08
2.2701e-09
1.77636e-15
0
0
0
1685647878.68254
msg_begin
7.75783e+06
-363787
-2.49809
4.84288e-08
1.28057e-09
5.77316e-15
0
0
0
1685647878.73256
msg_begin
7.75783e+06
-363787
-2.4977
1.21072e-08
2.32831e-10
3.55271e-15
0
0
0
1685647878.78257
msg_begin
7.75783e+06
-363788
-2.49534
0.00151367
0.00191658
0.000115213
0
0
0
1685647878.83257
msg_begin
7.75783e+06
-363788
-2.49701
0.0106613
0.00723565
0.00155719
0
0
0
1685647878.88268
msg_begin
7.75783e+06
-363788
-2.49758
0.000540908
0.000619694
1.39179e-05
0
0
0
1685647878.93254
msg_begin
7.75783e+06
-363789
-2.49441
6.89179e-08
1.86265e-09
3.9968e-15
0
0
0
1685647878.98254
msg_begin
7.75783e+06
-363789
-2.49502
0.00216658
0.00250579
0.000130575
0
0
0
1685647879.03260
msg_begin
7.75783e+06
-363790
-2.49286
0.0228582
0.0205886
0.00137506
0
0
0
1685647879.08262
msg_begin
7.75783e+06
-363790
-2.49296
5.86733e-08
0
4.44089e-16
0
0
0
1685647879.13258
msg_begin
7.75782e+06
-363790
-2.49624
0.000478827
0.000160349
8.54616e-05
0
0
0
1685647879.18254
msg_begin
7.75782e+06
-363791
-2.49294
0.00126547
0.00173317
0.000225234
0
0
0
1685647879.23253
msg_begin
7.75782e+06
-363791
-2.49244
0.025788
0.0202248
0.000600458
0
0
0
1685647879.28246
msg_begin
7.75782e+06
-363791
-2.49167
2.79397e-08
1.39698e-09
3.9968e-15
0
0
0
1685647879.33361
msg_begin
7.75782e+06
-363792
-2.49229
0.0161869
0.0174744
0.00072781
0
0
0
1685647879.38237
msg_begin
7.75782e+06
-363792
-2.49651
0.00133502
0.00298019
3.53066e-05
0
0
0
1685647879.43232
msg_begin
7.75782e+06
-363792
-2.49882
0.0175376
0.0156058
0.000795367
0
0
0
1685647879.48232
msg_begin
7.75782e+06
-363793
-2.50032
0.0114134
0.0129087
0.000561751
0
0
0
1685647879.53293
msg_begin
7.75782e+06
-363793
-2.49752
5.21541e-08
9.31323e-10
1.77636e-15
0
0
0
1685647879.58222
msg_begin
7.75782e+06
-363794
-2.50149
0.00620273
0.00744855
0.000394152
0
0
0
1685647879.63222
msg_begin
7.75782e+06
-363794
-2.50507
0.0502753
0.0444163
0.000972827
0
0
0
1685647879.68232
msg_begin
7.75782e+06
-363794
-2.50535
0.0032123
0.00151355
0.000196711
0
0
0
1685647879.73288
msg_begin
7.75782e+06
-363795
-2.50409
2.98023e-08
6.98492e-10
5.32907e-15
0
0
0
1685647879.78226
msg_begin
7.75782e+06
-363795
-2.50758
5.40167e-08
2.44472e-09
2.66454e-15
0
0
0
1685647879.83231
msg_begin
7.75782e+06
-363795
-2.50538
6.51926e-09
2.91038e-10
2.22045e-15
0
0
0
1685647879.88228
msg_begin
7.75782e+06
-363796
-2.5052
9.03383e-08
1.39698e-09
1.33227e-15
0
0
0
1685647879.93347
msg_begin
7.75782e+06
-363796
-2.50986
0.00219993
0.00251155
0.000136454
0
0
0
1685647880.03238
msg_begin
7.75782e+06
-363797
-2.51074
0.00997184
0.00194768
0.00104073
0
0
0
1685647880.08250
msg_begin
7.75782e+06
-363797
-2.51129
0.00729987
0.00496832
0.000214827
0
0
0
1685647880.13313
msg_begin
7.75782e+06
-363797
-2.51421
0.00818012
0.00529693
6.97775e-05
0
0
0
1685647880.18230
msg_begin
7.75781e+06
-363798
-2.51501
0.00341868
0.00264171
0.000182891
0
0
0
1685647880.23225
msg_begin
7.75781e+06
-363798
-2.5146
0.0183721
0.0123089
0.000555516
0
0
0
1685647880.28275
msg_begin
7.75781e+06
-363799
-2.51066
2.04891e-08
9.31323e-10
1.33227e-15
0
0
0
1685647880.33216
msg_begin
7.75781e+06
-363799
-2.51303
5.40167e-08
4.65661e-10
2.66454e-15
0
0
0
1685647880.38215
msg_begin
7.75781e+06
-363799
-2.5122
0.00820931
0.00601963
0.000250226
0
0
0
1685647880.43215
msg_begin
7.75781e+06
-363800
-2.51656
0.00689728
0.00182509
0.00047048
0
0
0
1685647880.48214
msg_begin
7.75781e+06
-363800
-2.51206
0.0379792
0.0264549
0.000717344
0
0
0
1685647880.53220
msg_begin
7.75781e+06
-363800
-2.51132
0.00280813
0.00198031
0.000345075
0
0
0
1685647880.58227
msg_begin
7.75781e+06
-363801
-2.51321
0.0256799
0.0262056
0.00124859
0
0
0
1685647880.63226
msg_begin
7.75781e+06
-363801
-2.5146
0.00458075
0.00387237
5.42575e-05
0
0
0
1685647880.68232
msg_begin
7.75781e+06
-363801
-2.51364
0.0155707
0.00887136
0.000237607
0
0
0
1685647880.73236
msg_begin
7.75781e+06
-363802
-2.51078
0.000659173
8.23423e-05
8.453e-05
0
0
0
1685647880.78249
msg_begin
7.75781e+06
-363802
-2.51025
0.00631256
0.00998051
0.000671762
0
0
0
1685647880.83245
msg_begin
7.75781e+06
-363802
-2.51265
0.0150399
0.0122491
0.000399255
0
0
0
1685647880.88253
msg_begin
7.75781e+06
-363802
-2.51755
0.000452645
0.00335652
0.000587202
0
0
0
1685647880.93245
msg_begin
7.75781e+06
-363803
-2.51774
0.00693207
0.00489759
0.000297237
0
0
0
1685647880.98240
msg_begin
7.75781e+06
-363803
-2.51787
0.00123661
0.000840921
0.000334897
0
0
0
1685647881.03237
msg_begin
7.75781e+06
-363803
-2.51732
0.00820829
0.00602338
0.000212271
0
0
0
1685647881.08238
msg_begin
7.75781e+06
-363804
-2.51417
8.3819e-09
3.43425e-09
0
0
0
0
1685647881.13238
msg_begin
7.75781e+06
-363804
-2.51055
0.0019491
0.002348
0.000187619
0
0
0
1685647881.18232
msg_begin
7.75781e+06
-363804
-2.51126
0.00475483
0.00533634
2.08432e-05
0
0
0
1685647881.23231
msg_begin
7.75781e+06
-363805
-2.51258
0.00528935
0.00966591
0.00035951
0
0
0
1685647881.28231
msg_begin
7.75781e+06
-363805
-2.51124
0.00625712
0.00404658
0.000337016
0
0
0
1685647881.33323
msg_begin
7.75781e+06
-363805
-2.51213
0.000460472
0.000649537
2.05738e-05
0
0
0
1685647881.38234
msg_begin
7.75781e+06
-363805
-2.51327
0.00584278
0.00481641
0.000917157
0
0
0
1685647881.43236
msg_begin
7.7578e+06
-363806
-2.51092
0.00434619
0.00088427
0.000121695
0
0
0
1685647881.48242
msg_begin
7.7578e+06
-363806
-2.50894
0.000681934
0.000408292
0.000215265
0
0
0
1685647881.53339
msg_begin
7.7578e+06
-363806
-2.50805
0.0175711
0.00855554
0.00022287
0
0
0
1685647881.58251
msg_begin
7.7578e+06
-363806
-2.50867
0.00185929
0.000351549
0.000251623
0
0
0
1685647881.63248
msg_begin
7.7578e+06
-363807
-2.50841
0.00534753
0.000900963
0.000209615
0
0
0
1685647881.68253
msg_begin
7.7578e+06
-363807
-2.50652
0.0266246
0.0170444
0.00116542
0
0
0
1685647881.73373
msg_begin
7.7578e+06
-363807
-2.50955
0.00391302
0.00240558
0.000192919
0
0
0
1685647881.78252
msg_begin
7.7578e+06
-363808
-2.5102
0.000902869
0.000903311
0.000162985
0
0
0
1685647881.83252
msg_begin
7.7578e+06
-363808
-2.50894
0.00254128
0.00542897
2.00475e-05
0
0
0
1685647881.88251
msg_begin
7.7578e+06
-363808
-2.5111
0.0015418
0.00459013
0.000129052
0
0
0
1685647881.93329
msg_begin
7.7578e+06
-363808
-2.51166
0.0212881
0.014765
0.00227983
0
0
0
1685647881.98244
msg_begin
7.7578e+06
-363808
-2.50777
0.00709155
0.00571968
0.000353925
0
0
0
1685647882.03245
msg_begin
7.7578e+06
-363809
-2.50829
5.02914e-08
3.14321e-09
4.44089e-16
0
0
0
1685647882.08244
msg_begin
7.7578e+06
-363809
-2.50621
0.00212549
0.000896556
2.23498e-05
0
0
0
1685647882.13341
msg_begin
7.7578e+06
-363809
-2.50924
0.00320366
0.0039527
0.000455498
0
0
0
1685647882.18247
msg_begin
7.7578e+06
-363809
-2.50983
0.00484223
0.00126005
0.00134391
0
0
0
1685647882.23244
msg_begin
7.7578e+06
-363810
-2.50753
0.0319137
0.0204201
0.00181879
0
0
0
1685647882.28303
msg_begin
7.7578e+06
-363810
-2.50878
0.00998759
0.00580497
0.00143346
0
0
0
1685647882.33238
msg_begin
7.7578e+06
-363810
-2.50866
0.00609446
0.00530284
0.00112218
0
0
0
1685647882.38236
msg_begin
7.7578e+06
-363810
-2.51412
1.67638e-08
1.04774e-09
3.10862e-15
0
0
0
1685647882.43231
msg_begin
7.7578e+06
-363811
-2.51335
0.00482313
0.0117829
0.00197567
0
0
0
1685647882.48231
msg_begin
7.7578e+06
-363811
-2.51335
0.000628538
0.00224245
0.000357116
0
0
0
1685647882.53232
msg_begin
7.7578e+06
-363811
-2.51287
0.0208785
0.0119767
0.00113918
0
0
0
1685647882.58227
msg_begin
7.7578e+06
-363811
-2.51059
0.0118242
0.00642394
0.000622446
0
0
0
1685647882.63227
msg_begin
7.7578e+06
-363811
-2.5095
0.00552212
0.00458994
0.000724161
0
0
0
1685647882.68227
msg_begin
7.7578e+06
-363812
-2.50736
0.0175074
0.0308283
0.000541457
0
0
0
1685647882.73228
msg_begin
7.7578e+06
-363812
-2.5074
0.0125752
0.0175868
0.00131917
0
0
0
1685647882.78225
msg_begin
7.7578e+06
-363812
-2.50356
3.63216e-08
1.74623e-10
0
0
0
0
1685647882.83220
msg_begin
7.7578e+06
-363812
-2.50556
0.0361151
0.0183892
0.00106851
0
0
0
1685647882.88221
msg_begin
7.7578e+06
-363812
-2.50617
0.00867312
0.00572748
0.00102283
0
0
0
1685647882.93215
msg_begin
7.7578e+06
-363812
-2.50621
0.00504
0.00115206
0.000463037
0
0
0
1685647882.98213
msg_begin
7.7578e+06
-363813
-2.50147
0.00222711
0.00180876
0.000831569
0
0
0
1685647883.03210
msg_begin
7.7578e+06
-363813
-2.50517
0.0128988
0.0106947
0.00161163
0
0
0
1685647883.08213
msg_begin
7.7578e+06
-363813
-2.50514
0.0050972
0.00252521
0.000385684
0
0
0
1685647883.13207
msg_begin
7.7578e+06
-363813
-2.50487
0.00717513
0.00435352
0.000427878
0
0
0
1685647883.18207
msg_begin
7.7578e+06
-363813
-2.50268
0.00692868
0.00815202
0.000546186
0
0
0
1685647883.23213
msg_begin
7.75779e+06
-363813
-2.50066
0.00334819
0.00310598
0.000228035
0
0
0
1685647883.28211
msg_begin
7.75779e+06
-363814
-2.50017
0.00151487
0.00103078
0.000154473
0
0
0
1685647883.33216
msg_begin
7.75779e+06
-363814
-2.50309
0.0034106
0.00786036
0.000423254
0
0
0
1685647883.38219
msg_begin
7.75779e+06
-363814
-2.5026
0.00685132
0.00657395
0.000735941
0
0
0
1685647883.43223
msg_begin
7.75779e+06
-363814
-2.50312
6.6873e-05
0.000229075
0.00012013
0
0
0
1685647883.48256
msg_begin
7.75779e+06
-363814
-2.50309
0.00130647
0.00672076
0.000630554
0
0
0
1685647883.53301
msg_begin
7.75779e+06
-363814
-2.50001
0.006679
0.00415344
0.00069741
0
0
0
1685647883.58231
msg_begin
7.75779e+06
-363814
-2.50264
0.00429923
0.00296717
0.000148559
0
0
0
1685647883.63233
msg_begin
7.75779e+06
-363815
-2.5027
0.00926264
0.00641212
0.000215075
0
0
0
1685647883.68237
msg_begin
7.75779e+06
-363815
-2.50209
0.00823032
0.0105163
0.000646295
0
0
0
1685647883.73355
msg_begin
7.75779e+06
-363815
-2.50051
0.0173677
0.0139683
0.000792083
0
0
0
1685647883.78234
msg_begin
7.75779e+06
-363815
-2.49986
0.000746138
0.00068951
2.10402e-05
0
0
0
1685647883.83236
msg_begin
7.75779e+06
-363815
-2.49806
0.0180296
0.0119563
0.0010749
0
0
0
1685647883.88242
msg_begin
7.75779e+06
-363815
-2.50092
0.000556257
0.00309944
3.65452e-05
0
0
0
1685647883.93319
msg_begin
7.75779e+06
-363815
-2.50115
0.00954461
0.00600595
0.000277207
0
0
0
1685647883.98233
msg_begin
7.75779e+06
-363815
-2.50097
0.0117403
0.00396882
0.000827315
0
0
0
1685647884.03231
msg_begin
7.75779e+06
-363815
-2.50395
0.0110997
0.00899614
0.000461526
0
0
0
1685647884.08227
msg_begin
7.75779e+06
-363815
-2.50334
0.0103801
0.00826306
0.000505291
0
0
0
1685647884.13299
msg_begin
7.75779e+06
-363816
-2.50218
0.0109773
0.00675438
0.000751675
0
0
0
1685647884.18224
msg_begin
7.75779e+06
-363816
-2.49979
0.0022321
0.000193549
9.39097e-06
0
0
0
1685647884.23224
msg_begin
7.75779e+06
-363816
-2.49942
0.0114854
0.00731524
0.000811349
0
0
0
1685647884.28277
msg_begin
7.75779e+06
-363816
-2.49954
0.00187653
0.000378903
0.000121506
0
0
0
1685647884.33221
msg_begin
7.75779e+06
-363816
-2.5009
0.00799377
0.00610691
0.000843611
0
0
0
1685647884.38220
msg_begin
7.75779e+06
-363816
-2.50062
0.0508877
0.0354032
0.00155724
0
0
0
1685647884.43228
msg_begin
7.75779e+06
-363816
-2.50062
0.00568634
0.00698693
0.000664227
0
0
0
1685647884.48224
msg_begin
7.75779e+06
-363816
-2.50105
5.12227e-08
3.20142e-09
3.9968e-15
0
0
0
1685647884.53225
msg_begin
7.75779e+06
-363816
-2.5006
0.000467922
0.00474567
4.37018e-05
0
0
0
1685647884.58225
msg_begin
7.75779e+06
-363816
-2.50073
0.0107298
0.0108895
0.000709833
0
0
0
1685647884.63228
msg_begin
7.75779e+06
-363816
-2.5011
0.00734845
0.004835
0.000531158
0
0
0
1685647884.68229
msg_begin
7.75779e+06
-363816
-2.50025
0.00927347
0.0342403
0.00173249
0
0
0
1685647884.73227
msg_begin
7.75779e+06
-363816
-2.50073
0.0278662
0.0126764
0.000665166
0
0
0
1685647884.78235
msg_begin
7.75779e+06
-363816
-2.49983
0.00679331
0.007461
0.000382387
0
0
0
1685647884.83233
msg_begin
7.75779e+06
-363816
-2.50226
0.00755964
0.0132258
0.001563
0
0
0
1685647884.88242
msg_begin
7.75779e+06
-363816
-2.50265
6.0536e-08
1.80444e-09
1.77636e-15
0
0
0
1685647884.93232
msg_begin
7.75779e+06
-363816
-2.50494
0.00351086
0.00486119
0.000543535
0
0
0
1685647884.98226
msg_begin
7.75779e+06
-363817
-2.50389
0.0127649
0.00721436
0.00131238
0
0
0
1685647885.03224
msg_begin
7.75779e+06
-363817
-2.50161
0.00679915
0.0119633
0.000763113
0
0
0
1685647885.08224
msg_begin
7.75779e+06
-363817
-2.49726
0.00252174
0.00553695
0.000692668
0
0
0
1685647885.13226
msg_begin
7.75779e+06
-363817
-2.49609
0.000702125
0.000508436
9.95999e-05
0
0
0
1685647885.18247
msg_begin
7.75779e+06
-363817
-2.49821
0.000455831
0.000928092
0.000191029
0
0
0
1685647885.23222
msg_begin
7.75779e+06
-363817
-2.49932
0.0127151
0.00560681
0.000821308
0
0
0
1685647885.28230
msg_begin
7.75779e+06
-363817
-2.499
0.00153812
0.00179337
0.000106657
0
0
0
1685647885.33324
msg_begin
7.75779e+06
-363817
-2.49766
0.00316727
0.00965031
0.000560287
0
0
0
1685647885.38217
msg_begin
7.75779e+06
-363817
-2.49693
0.0057687
0.00583973
0.000539268
0
0
0
1685647885.43221
msg_begin
7.75779e+06
-363817
-2.49727
8.36594e-05
0.00212721
4.94812e-05
0
0
0
1685647885.48211
msg_begin
7.75779e+06
-363817
-2.49723
0.00150341
0.00111156
4.04001e-05
0
0
0
1685647885.53288
msg_begin
7.75779e+06
-363817
-2.49666
0.0023602
0.00380323
0.000241755
0
0
0
1685647885.58215
msg_begin
7.75779e+06
-363817
-2.49788
0.00604111
0.010797
0.000402731
0
0
0
1685647885.63212
msg_begin
7.75779e+06
-363817
-2.49831
0.0100936
0.0119669
0.000738995
0
0
0
1685647885.68223
msg_begin
7.75779e+06
-363817
-2.50223
0.00472361
0.00520871
0.000339536
0
0
0
1685647885.73299
msg_begin
7.75779e+06
-363817
-2.50199
0.0036411
0.00894702
0.00104586
0
0
0
1685647885.78211
