msg_begin
7.75789e+06
-363743
2.5823
3
3
0.349066
3
3
0.349066
1683487768.97038
msg_begin
7.75789e+06
-363743
2.57925
3.0946
2.95836
0.377316
0
0
0
1683487769.00104
msg_begin
7.75789e+06
-363742
2.57897
3.19494
3.04151
0.375028
0
0
0
1683487769.05097
msg_begin
7.75789e+06
-363742
2.59654
2.78857
3.02499
0.336802
0
0
0
1683487769.10094
msg_begin
7.75789e+06
-363742
2.5949
2.6822
3.14916
0.342203
0
0
0
1683487769.15093
msg_begin
7.75789e+06
-363740
-2.6467
1.86265e-08
2.61934e-09
4.44089e-16
0
0
0
1683487769.20090
msg_begin
7.75789e+06
-363741
-2.52777
4.65661e-09
1.68802e-09
4.44089e-16
0
0
0
1683487769.25086
msg_begin
7.75789e+06
-363743
-2.45452
4.65661e-09
5.23869e-10
2.66454e-15
0
0
0
1683487769.30086
msg_begin
7.75789e+06
-363743
-2.45452
6.70552e-08
2.03727e-09
2.66454e-15
0
0
0
1683487769.35086
msg_begin
7.75789e+06
-363743
-2.45452
1.30385e-08
3.84171e-09
3.55271e-15
0
0
0
1683487769.40078
msg_begin
7.75789e+06
-363743
-2.45452
5.96046e-08
1.16415e-09
4.44089e-16
0
0
0
1683487769.45077
msg_begin
7.75789e+06
-363743
-2.45904
0.000616261
0.00183081
0.000120863
0
0
0
1683487769.50076
msg_begin
7.75789e+06
-363743
-2.46343
0.000676168
0.000357214
6.85992e-07
0
0
0
1683487769.55074
msg_begin
7.75789e+06
-363743
-2.46615
0.00533647
0.0091219
0.0011189
0
0
0
1683487769.60175
msg_begin
7.75789e+06
-363743
-2.46712
0.00152589
0.000276495
9.23789e-05
0
0
0
1683487769.65063
msg_begin
7.75789e+06
-363743
-2.46688
0.00531656
0.00134245
0.00057331
0
0
0
1683487769.70060
msg_begin
7.75789e+06
-363743
-2.46715
0.00554771
0.00236388
0.000421417
0
0
0
1683487769.75056
msg_begin
7.75789e+06
-363743
-2.46744
0.00664208
0.00115753
0.00018333
0
0
0
1683487769.80153
msg_begin
7.75789e+06
-363743
-2.46907
0.00497377
0.00384279
0.000527184
0
0
0
1683487769.85043
msg_begin
7.75789e+06
-363743
-2.46752
0.0120404
0.00954673
0.000714394
0
0
0
1683487769.90038
msg_begin
7.75789e+06
-363743
-2.46966
0.00541546
0.00623452
0.000794298
0
0
0
1683487769.95035
msg_begin
7.75789e+06
-363743
-2.47045
0.00276875
0.00178061
0.000247869
0
0
0
1683487770.00027
msg_begin
7.75789e+06
-363743
-2.47156
3.91155e-08
2.91038e-09
3.10862e-15
0
0
0
1683487770.05024
msg_begin
7.75789e+06
-363743
-2.47203
0.000983545
0.00122577
3.07236e-05
0
0
0
1683487770.10013
msg_begin
7.75789e+06
-363743
-2.47045
0.00287594
0.00344001
0.000527426
0
0
0
1683487770.15010
msg_begin
7.75789e+06
-363743
-2.47168
0.0120061
0.00502601
0.000755852
0
0
0
1683487770.20009
msg_begin
7.75789e+06
-363743
-2.47201
0.0046414
0.00374855
0.000320307
0
0
0
1683487770.25012
msg_begin
7.75789e+06
-363743
-2.46953
0.00101249
0.0103135
0.000238185
0
0
0
1683487770.30013
msg_begin
7.75789e+06
-363743
-2.47025
0.0112
0.00215581
0.000604607
0
0
0
1683487770.35011
msg_begin
7.75789e+06
-363743
-2.46904
0.0109844
0.0112975
0.000805995
0
0
0
1683487770.40018
msg_begin
7.75789e+06
-363743
-2.47089
0.00721927
0.0112386
0.00138006
0
0
0
1683487770.45030
msg_begin
7.75789e+06
-363743
-2.46835
0.0111701
0.00209175
0.000418514
0
0
0
1683487770.50019
msg_begin
7.75789e+06
-363743
-2.47418
0.00178408
0.00641384
0.00170517
0
0
0
1683487770.55020
msg_begin
7.75789e+06
-363743
-2.47002
0.00234548
0.0021693
0.000574213
0
0
0
1683487770.60118
msg_begin
7.75789e+06
-363743
-2.47274
6.08898e-05
0.00050034
3.35671e-05
0
0
0
1683487770.65021
msg_begin
7.75789e+06
-363743
-2.47414
0.00285065
0.00284967
0.000305947
0
0
0
1683487770.70014
msg_begin
7.75789e+06
-363743
-2.47417
0.00380693
0.000964702
0.000133058
0
0
0
1683487770.75011
msg_begin
7.75789e+06
-363743
-2.47527
0.00954851
0.00267393
0.000912719
0
0
0
1683487770.80081
msg_begin
7.75789e+06
-363743
-2.47098
0.000964436
0.00103473
0.000369089
0
0
0
1683487770.85012
msg_begin
7.75789e+06
-363743
-2.47172
0.00464383
0.00255487
0.00025123
0
0
0
1683487770.90004
msg_begin
7.75789e+06
-363743
-2.46957
0.00301106
0.00259616
0.000162279
0
0
0
1683487770.95005
msg_begin
7.75789e+06
-363743
-2.46999
0.00675139
0.00308249
0.000792377
0
0
0
1683487771.00086
msg_begin
7.75789e+06
-363743
-2.46817
0.00134357
0.0008648
3.29008e-05
0
0
0
1683487771.04990
msg_begin
7.75789e+06
-363743
-2.46798
0.00592356
0.000933113
0.000150054
0
0
0
1683487771.09989
msg_begin
7.75789e+06
-363743
-2.46674
0.000305279
0.00076663
0.000146147
0
0
0
1683487771.14982
msg_begin
7.75789e+06
-363743
-2.46526
0.00154717
0.00338474
0.000324871
0
0
0
1683487771.20088
msg_begin
7.75789e+06
-363743
-2.46677
0.00346597
0.00703675
0.000580894
0
0
0
1683487771.24977
msg_begin
7.75789e+06
-363743
-2.46709
0.000144521
0.00116179
3.02476e-05
0
0
0
1683487771.29983
msg_begin
7.75789e+06
-363743
-2.46706
0.000567197
6.62542e-05
9.88278e-05
0
0
0
1683487771.34975
msg_begin
7.75789e+06
-363743
-2.46706
0.00119495
0.00224659
0.000121933
0
0
0
1683487771.39980
msg_begin
7.75789e+06
-363743
-2.46626
0.00376983
0.00119149
0.000151172
0
0
0
1683487771.44987
msg_begin
7.75789e+06
-363743
-2.46672
0.00277036
0.00738501
0.000558992
0
0
0
1683487771.49990
msg_begin
7.75789e+06
-363743
-2.46705
0.000198363
0.00249411
0.000136627
0
0
0
1683487771.54988
msg_begin
7.75789e+06
-363743
-2.46616
0.00223696
0.000155543
2.2955e-05
0
0
0
1683487771.60091
msg_begin
7.75789e+06
-363743
-2.46606
4.74975e-08
8.14907e-10
4.88498e-15
0
0
0
1683487771.64993
msg_begin
7.75789e+06
-363743
-2.46753
0.00411933
0.00282099
0.000736228
0
0
0
1683487771.69993
msg_begin
7.75789e+06
-363743
-2.47122
0.00217329
0.00196474
0.000844407
0
0
0
1683487771.75002
msg_begin
7.75789e+06
-363743
-2.47142
0.00183722
0.00101908
0.000146627
0
0
0
1683487771.80078
msg_begin
7.75789e+06
-363743
-2.47126
0.000151914
0.00135829
0.000286302
0
0
0
1683487771.84989
msg_begin
7.75789e+06
-363743
-2.46989
0.00418707
0.00528085
0.000654489
0
0
0
1683487771.89985
msg_begin
7.75789e+06
-363743
-2.47016
0.00570263
0.000158328
0.000285803
0
0
0
1683487771.94985
msg_begin
7.75789e+06
-363743
-2.46833
0.0023662
0.00322132
0.000931475
0
0
0
1683487771.99985
msg_begin
7.75789e+06
-363743
-2.47042
0.00444029
0.00518074
0.000502038
0
0
0
1683487772.04975
msg_begin
7.75789e+06
-363742
-2.46937
0.00778974
0.00989665
0.000686634
0
0
0
1683487772.09976
msg_begin
7.75789e+06
-363742
-2.47302
3.63216e-08
1.74623e-10
4.44089e-16
0
0
0
1683487772.14977
msg_begin
7.75789e+06
-363742
-2.47356
0.00190885
0.00232558
0.000637883
0
0
0
1683487772.19971
msg_begin
7.75789e+06
-363742
-2.47277
1.95578e-08
5.82077e-11
2.22045e-15
0
0
0
1683487772.24975
msg_begin
7.75789e+06
-363742
-2.46793
0.000305604
0.00103147
0.000399706
0
0
0
1683487772.29977
msg_begin
7.75789e+06
-363742
-2.46605
0.00217834
0.000129517
9.13987e-06
0
0
0
1683487772.34979
msg_begin
7.75789e+06
-363742
-2.46757
0.000732095
0.00114663
0.000210685
0
0
0
1683487772.39987
msg_begin
7.75789e+06
-363742
-2.46873
0.00091213
0.000185398
8.54464e-05
0
0
0
1683487772.44984
msg_begin
7.75789e+06
-363742
-2.46822
0.00471012
0.00148612
0.000198579
0
0
0
1683487772.49993
msg_begin
7.75789e+06
-363742
-2.4702
0.00226952
0.00366507
8.25909e-05
0
0
0
1683487772.54990
msg_begin
7.75789e+06
-363742
-2.47047
0.00435496
0.00434969
0.000281922
0
0
0
1683487772.60132
msg_begin
7.75789e+06
-363742
-2.47005
0.000287759
0.000730613
4.75356e-05
0
0
0
1683487772.64992
msg_begin
7.75789e+06
-363742
-2.47035
0.000516154
0.000757352
4.74031e-05
0
0
0
1683487772.69990
msg_begin
7.75789e+06
-363742
-2.47136
0.00187546
0.000475695
0.00016288
0
0
0
1683487772.74990
msg_begin
7.75789e+06
-363742
-2.47054
0.000897405
0.000983215
0.000148534
0
0
0
1683487772.80083
msg_begin
7.75789e+06
-363742
-2.46767
0.00153892
0.0003844
2.79781e-05
0
0
0
1683487772.84980
msg_begin
7.75789e+06
-363742
-2.46695
0.00779557
0.0059565
0.000617594
0
0
0
1683487772.89979
msg_begin
7.75789e+06
-363742
-2.46682
0.00544047
0.00258051
0.000417434
0
0
0
1683487772.94981
msg_begin
7.75789e+06
-363742
-2.46792
0.000355033
0.00144817
0.000326227
0
0
0
1683487773.00058
msg_begin
7.75789e+06
-363742
-2.46762
0.00270917
0.00575819
0.000125756
0
0
0
1683487773.04969
msg_begin
7.75789e+06
-363742
-2.46916
0.000374779
0.00254522
0.00145212
0
0
0
1683487773.09965
msg_begin
7.75789e+06
-363742
-2.47115
0.00172147
0.000354084
0.000166554
0
0
0
1683487773.14968
msg_begin
7.75789e+06
-363742
-2.4703
0.0111431
0.00707447
0.00131577
0
0
0
1683487773.20032
msg_begin
7.75789e+06
-363742
-2.47058
0.00146591
0.00342617
7.85206e-05
0
0
0
1683487773.24964
msg_begin
7.75789e+06
-363742
-2.47135
0.00310069
0.00591862
0.000302176
0
0
0
1683487773.29974
msg_begin
7.75789e+06
-363742
-2.4707
0.000540334
0.00302069
0.000129739
0
0
0
1683487773.34954
msg_begin
7.75789e+06
-363742
-2.47046
0.00138241
0.00383485
9.82183e-05
0
0
0
1683487773.39956
msg_begin
7.75789e+06
-363742
-2.47067
0.000351501
0.000299845
1.36972e-05
0
0
0
1683487773.44947
msg_begin
7.75789e+06
-363742
-2.47059
0.000932192
0.00116071
5.96732e-05
0
0
0
1683487773.49945
msg_begin
7.75789e+06
-363742
-2.46973
0.00404946
0.00402013
0.000221623
0
0
0
1683487773.54942
msg_begin
7.75789e+06
-363742
-2.4707
0.00726456
0.00615346
0.00041826
0
0
0
1683487773.59935
msg_begin
7.75789e+06
-363742
-2.47027
0.000734319
0.00282132
4.01861e-05
0
0
0
1683487773.64937
msg_begin
7.75789e+06
-363742
-2.47053
0.00140584
0.00541043
0.000406569
0
0
0
1683487773.69933
msg_begin
7.75789e+06
-363742
-2.47019
0.000539968
0.00239254
7.23389e-05
0
0
0
1683487773.74930
msg_begin
7.75789e+06
-363742
-2.47037
0.00119512
0.00131065
0.00104739
0
0
0
1683487773.79932
msg_begin
7.75789e+06
-363742
-2.47045
0.00487689
0.00458847
0.000288633
0
0
0
1683487773.84940
msg_begin
7.75789e+06
-363742
-2.47057
0.00167073
0.00126612
6.8267e-05
0
0
0
1683487773.89944
msg_begin
7.75789e+06
-363742
-2.47083
0.00333009
0.00391324
0.000108907
0
0
0
1683487773.94942
msg_begin
7.75789e+06
-363742
-2.47072
0.00235136
0.00354315
0.000521547
0
0
0
1683487773.99946
msg_begin
7.75789e+06
-363742
-2.47056
0.00335537
0.00106468
8.86803e-05
0
0
0
1683487774.04945
msg_begin
7.75789e+06
-363742
-2.47007
0.000868289
0.00457723
0.000290146
0
0
0
1683487774.09942
msg_begin
7.75789e+06
-363742
-2.47002
0.00272618
0.00209147
0.000117152
0
0
0
1683487774.14944
msg_begin
7.75789e+06
-363742
-2.46956
2.42144e-08
1.68802e-09
6.21725e-15
0
0
0
1683487774.19937
msg_begin
7.75789e+06
-363742
-2.47025
0.000269479
0.000202581
6.99907e-05
0
0
0
1683487774.24934
msg_begin
7.75789e+06
-363742
-2.47231
0.00135772
0.000646085
6.78111e-05
0
0
0
1683487774.29934
msg_begin
7.75789e+06
-363742
-2.47436
0.00149737
0.00152669
5.07407e-05
0
0
0
1683487774.34932
msg_begin
7.75789e+06
-363742
-2.47181
0.00363094
0.00565881
0.000671539
0
0
0
1683487774.39930
msg_begin
7.75789e+06
-363742
-2.47318
8.29498e-05
0.00082914
3.12748e-06
0
0
0
1683487774.44922
msg_begin
7.75789e+06
-363742
-2.47393
0.00398065
0.00249043
0.00114998
0
0
0
1683487774.49921
msg_begin
7.75789e+06
-363742
-2.47339
0.00058081
0.00302013
0.000268394
0
0
0
1683487774.54917
msg_begin
7.75789e+06
-363742
-2.47384
0.0015582
0.00106113
0.000868498
0
0
0
1683487774.60016
msg_begin
7.75789e+06
-363742
-2.47374
0.00488875
0.00402049
0.000733135
0
0
0
1683487774.64906
msg_begin
7.75789e+06
-363742
-2.47711
0.00190612
0.00530593
0.00121614
0
0
0
1683487774.69900
msg_begin
7.75789e+06
-363742
-2.47873
0.00733423
0.00203431
0.000366682
0
0
0
1683487774.74892
msg_begin
7.75789e+06
-363742
-2.48129
0.00221274
0.000756544
0.000230866
0
0
0
1683487774.79998
msg_begin
7.75789e+06
-363742
-2.48125
0.00428153
0.00209203
7.07729e-05
0
0
0
1683487774.84878
msg_begin
7.75789e+06
-363742
-2.48141
0.00248302
0.00454561
0.000328734
0
0
0
1683487774.89873
msg_begin
7.75789e+06
-363742
-2.48076
0.000964364
0.00219554
7.20174e-05
0
0
0
1683487774.94889
msg_begin
7.75789e+06
-363742
-2.47816
0.00103221
0.00862768
0.000178362
0
0
0
1683487774.99937
msg_begin
7.75789e+06
-363742
-2.47877
0.00684653
0.00771397
0.00164418
0
0
0
1683487775.04867
msg_begin
7.75789e+06
-363742
-2.47938
0.00331377
0.00243237
0.000297381
0
0
0
1683487775.09868
msg_begin
7.75789e+06
-363742
-2.47855
7.63685e-08
8.73115e-10
1.33227e-15
0
0
0
1683487775.14926
msg_begin
7.75789e+06
-363742
-2.47771
0.000903906
0.00058182
6.02962e-05
0
0
0
1683487775.19982
msg_begin
7.75789e+06
-363742
-2.47757
0.00277532
0.00362124
0.000103723
0
0
0
1683487775.24881
msg_begin
7.75789e+06
-363742
-2.47752
0.0037981
0.00406669
0.000298956
0
0
0
1683487775.29886
msg_begin
7.75789e+06
-363742
-2.47785
0.00228673
0.00388422
0.00014988
0
0
0
1683487775.34898
msg_begin
7.75789e+06
-363742
-2.47707
0.010168
0.0103048
0.000565277
0
0
0
1683487775.39895
msg_begin
7.75789e+06
-363742
-2.478
0.0110313
0.00697339
0.000382153
0
0
0
1683487775.44890
msg_begin
7.75789e+06
-363742
-2.47687
0.0134349
0.00656622
0.00176353
0
0
0
1683487775.49897
msg_begin
7.75789e+06
-363742
-2.47558
0.00325777
0.00367654
0.00164659
0
0
0
1683487775.54893
msg_begin
7.75789e+06
-363742
-2.47465
0.00223475
0.00165644
0.000211626
0
0
0
1683487775.59892
msg_begin
7.75789e+06
-363742
-2.47717
5.40167e-08
3.14321e-09
3.10862e-15
0
0
0
1683487775.64899
msg_begin
7.75789e+06
-363742
-2.47705
0.0046733
0.00153033
0.000475968
0
0
0
1683487775.69899
msg_begin
7.75789e+06
-363742
-2.47703
0.00496802
0.00188018
0.00016369
0
0
0
1683487775.74909
msg_begin
7.75789e+06
-363742
-2.47703
0.00241754
0.000838393
2.84724e-05
0
0
0
1683487775.79903
msg_begin
7.75789e+06
-363742
-2.47638
0.00628523
0.00524752
0.00101421
0
0
0
1683487775.84907
msg_begin
7.75789e+06
-363742
-2.47629
0.00338877
0.0144064
0.000345232
0
0
0
1683487775.89904
msg_begin
7.75789e+06
-363742
-2.47279
0.001129
0.000285972
3.05068e-05
0
0
0
1683487775.94911
msg_begin
7.75789e+06
-363742
-2.47475
0.000650055
0.000598593
0.000147868
0
0
0
1683487775.99910
msg_begin
7.75789e+06
-363742
-2.47602
0.0133028
0.00626308
0.000573211
0
0
0
1683487776.04969
msg_begin
7.75789e+06
-363743
-2.4784
9.43416e-05
0.000476469
4.38414e-05
0
0
0
1683487776.09911
msg_begin
7.75789e+06
-363743
-2.47545
0.0049992
0.00859477
0.000319086
0
0
0
1683487776.14906
msg_begin
7.75789e+06
-363743
-2.47782
1.86265e-09
2.32831e-10
8.88178e-16
0
0
0
1683487776.19904
msg_begin
7.75789e+06
-363743
-2.47925
0.0064739
0.00480145
0.00118538
0
0
0
1683487776.24903
msg_begin
7.75789e+06
-363743
-2.47923
0.00202152
0.00027214
0.000146606
0
0
0
1683487776.29901
msg_begin
7.75789e+06
-363743
-2.48116
0.00171981
0.00127753
1.06981e-05
0
0
0
1683487776.34897
msg_begin
7.75789e+06
-363743
-2.48138
0.000388991
0.00256647
0.000184568
0
0
0
1683487776.39893
msg_begin
7.75789e+06
-363743
-2.48374
0.00371759
0.00373902
0.000227131
0
0
0
1683487776.44890
msg_begin
7.75789e+06
-363743
-2.48118
0.00375975
0.00672716
0.00018873
0
0
0
1683487776.49889
msg_begin
7.75789e+06
-363743
-2.48122
0.00651798
0.00318788
0.000450635
0
0
0
1683487776.54881
msg_begin
7.75789e+06
-363743
-2.47743
0.00592366
0.00274495
0.00124472
0
0
0
1683487776.59970
msg_begin
7.75789e+06
-363743
-2.48102
0.00224596
0.00226714
0.000409842
0
0
0
1683487776.64874
msg_begin
7.75789e+06
-363743
-2.47496
0.000769938
0.00111507
0.000671348
0
0
0
1683487776.69871
msg_begin
7.75789e+06
-363743
-2.47761
0.00361997
0.001531
0.000870612
0
0
0
1683487776.74875
msg_begin
7.75789e+06
-363743
-2.47974
0.0090687
0.00536551
0.00089408
0
0
0
1683487776.79949
msg_begin
7.75789e+06
-363743
-2.47563
0.00751555
0.00567882
0.000911933
0
0
0
1683487776.84854
msg_begin
7.75789e+06
-363744
-2.47733
3.72529e-09
2.21189e-09
4.44089e-16
0
0
0
1683487776.89857
msg_begin
7.75789e+06
-363744
-2.48006
0.000437929
0.000622947
3.64854e-07
0
0
0
1683487776.94854
msg_begin
7.75789e+06
-363744
-2.48033
0.00692767
0.00984226
0.000435614
0
0
0
1683487776.99958
msg_begin
7.75789e+06
-363744
-2.47828
6.33299e-08
1.97906e-09
1.77636e-15
0
0
0
1683487777.04855
msg_begin
7.75789e+06
-363744
-2.47826
0.000422835
0.00109909
6.53395e-05
0
0
0
1683487777.09862
msg_begin
7.75789e+06
-363744
-2.48053
0.00999757
0.00375467
0.000715014
0
0
0
1683487777.14869
msg_begin
7.75789e+06
-363744
-2.47931
0.00569248
0.00352959
0.000325887
0
0
0
1683487777.19977
msg_begin
7.75789e+06
-363744
-2.47781
4.65661e-09
9.8953e-10
1.77636e-15
0
0
0
1683487777.24876
msg_begin
7.75789e+06
-363744
-2.48088
0.0117913
0.0108877
0.000436695
0
0
0
1683487777.29868
msg_begin
7.75788e+06
-363744
-2.4784
0.000252758
5.67669e-05
4.54596e-05
0
0
0
1683487777.34861
msg_begin
7.75788e+06
-363744
-2.47764
0.0051528
0.00098727
2.30534e-06
0
0
0
1683487777.39862
msg_begin
7.75788e+06
-363745
-2.47733
0.000646725
7.8516e-05
0.000192839
0
0
0
1683487777.44861
msg_begin
7.75788e+06
-363745
-2.47546
0.00263254
0.00234384
0.000366192
0
0
0
1683487777.49860
msg_begin
7.75788e+06
-363745
-2.47832
0.00203749
0.0114719
0.000346119
0
0
0
1683487777.54860
msg_begin
7.75788e+06
-363745
-2.47867
0.00373902
0.00469932
8.55316e-05
0
0
0
1683487777.59850
msg_begin
7.75788e+06
-363745
-2.47745
0.00657306
0.00752859
0.000353073
0
0
0
1683487777.64850
msg_begin
7.75788e+06
-363745
-2.4781
0.00164518
0.00150752
0.000234977
0
0
0
1683487777.69851
msg_begin
7.75788e+06
-363745
-2.48111
3.35276e-08
2.21189e-09
2.22045e-15
0
0
0
1683487777.74845
msg_begin
7.75788e+06
-363745
-2.47967
0.0142008
0.00138427
0.000577155
0
0
0
1683487777.79855
msg_begin
7.75788e+06
-363745
-2.47726
0.00145048
0.0012514
0.000143169
0
0
0
1683487777.84836
msg_begin
7.75788e+06
-363745
-2.47655
0.00248489
0.001733
1.62479e-05
0
0
0
1683487777.89836
msg_begin
7.75788e+06
-363745
-2.47663
0.00308633
0.00420769
0.000176003
0
0
0
1683487777.94836
msg_begin
7.75788e+06
-363746
-2.4758
0.00311349
0.00347974
0.000178221
0
0
0
1683487777.99833
msg_begin
7.75788e+06
-363746
-2.4753
0.00283518
0.00893299
0.000448844
0
0
0
1683487778.04839
msg_begin
7.75788e+06
-363746
-2.47727
9.31323e-09
0
4.44089e-16
0
0
0
1683487778.09839
msg_begin
7.75788e+06
-363746
-2.47559
0.00398528
0.00590437
0.000511508
0
0
0
1683487778.14847
msg_begin
7.75788e+06
-363746
-2.47676
0.00345702
0.00376059
0.000435358
0
0
0
1683487778.19852
msg_begin
7.75788e+06
-363746
-2.47959
0.0150744
0.00695964
0.000556993
0
0
0
1683487778.24861
msg_begin
7.75788e+06
-363746
-2.4804
0.00295342
0.00984437
0.000413889
0
0
0
1683487778.29865
msg_begin
7.75788e+06
-363746
-2.47955
0.00144589
0.007472
0.000377339
0
0
0
1683487778.34873
msg_begin
7.75788e+06
-363747
-2.47944
0.0217521
0.0133571
0.000622141
0
0
0
1683487778.39876
msg_begin
7.75788e+06
-363747
-2.48096
0.0362573
0.0314601
0.00130589
0
0
0
1683487778.44877
msg_begin
7.75788e+06
-363747
-2.47956
0.00119548
0.00931361
0.000222958
0
0
0
1683487778.49888
msg_begin
7.75788e+06
-363747
-2.47966
0.00351513
0.00714386
0.000370204
0
0
0
1683487778.54884
msg_begin
7.75788e+06
-363747
-2.47961
0.0032104
0.0108015
0.000761326
0
0
0
1683487778.59890
msg_begin
7.75788e+06
-363747
-2.47907
0.000707891
0.00122001
0.000122732
0
0
0
1683487778.64892
msg_begin
7.75788e+06
-363747
-2.48039
0.00431876
0.00558508
0.000190154
0
0
0
1683487778.69890
msg_begin
7.75788e+06
-363748
-2.48082
7.45058e-09
1.16415e-10
3.55271e-15
0
0
0
1683487778.74892
msg_begin
7.75788e+06
-363748
-2.4804
0.0054755
0.0099588
0.000511524
0
0
0
1683487778.79888
msg_begin
7.75788e+06
-363748
-2.48193
0.00220156
0.00161638
0.000156748
0
0
0
1683487778.84890
msg_begin
7.75788e+06
-363748
-2.4811
0.00246626
0.00858429
0.00031903
0
0
0
1683487778.89886
msg_begin
7.75788e+06
-363748
-2.48039
0.00855418
0.012591
0.00082147
0
0
0
1683487778.94882
msg_begin
7.75788e+06
-363748
-2.48048
0.00189764
0.0058567
0.00022332
0
0
0
1683487778.99883
msg_begin
7.75788e+06
-363748
-2.48041
0.00262088
0.00565648
0.0002158
0
0
0
1683487779.04870
msg_begin
7.75788e+06
-363749
-2.48138
0.0058557
0.00770912
0.000671637
0
0
0
1683487779.09874
msg_begin
7.75788e+06
-363749
-2.483
0.00565555
0.00506314
0.000326219
0
0
0
1683487779.14863
msg_begin
7.75788e+06
-363749
-2.48222
0.00682193
0.00723201
0.000479729
0
0
0
1683487779.19859
msg_begin
7.75788e+06
-363749
-2.48198
0.0080449
0.00899327
0.00118876
0
0
0
1683487779.24855
msg_begin
7.75788e+06
-363749
-2.48106
0.00285609
0.00411939
0.000448575
0
0
0
1683487779.29846
msg_begin
7.75788e+06
-363749
-2.47963
0.00651713
0.00249034
0.000192738
0
0
0
1683487779.34842
msg_begin
7.75788e+06
-363749
-2.48144
1.58325e-08
2.38651e-09
8.88178e-16
0
0
0
1683487779.39839
msg_begin
7.75788e+06
-363750
-2.48201
0.00167217
0.00531331
0.00019056
0
0
0
1683487779.44834
msg_begin
7.75788e+06
-363750
-2.48022
0.00900278
0.0105349
0.000847493
0
0
0
1683487779.49838
msg_begin
7.75788e+06
-363750
-2.48248
5.58794e-08
5.82077e-11
4.44089e-15
0
0
0
1683487779.54834
msg_begin
7.75788e+06
-363750
-2.47885
0.0127702
0.0127034
0.00248697
0
0
0
1683487779.59854
msg_begin
7.75788e+06
-363750
-2.47939
0.00204436
0.00325652
0.000111151
0
0
0
1683487779.64839
msg_begin
7.75788e+06
-363750
-2.47945
0.00222392
0.00140887
7.9067e-05
0
0
0
1683487779.69836
msg_begin
7.75788e+06
-363751
-2.48046
0.0171584
0.017286
0.000987881
0
0
0
1683487779.74839
msg_begin
7.75788e+06
-363751
-2.47867
0.00745474
0.00640356
0.000371641
0
0
0
1683487779.79851
msg_begin
7.75788e+06
-363751
-2.47849
0.0086389
0.00213441
0.000387178
0
0
0
1683487779.84847
msg_begin
7.75788e+06
-363751
-2.47937
0.000310914
0.000254255
1.88241e-05
0
0
0
1683487779.89847
msg_begin
7.75788e+06
-363751
-2.47849
0.00656468
0.00432789
0.000969496
0
0
0
1683487779.94845
msg_begin
7.75788e+06
-363751
-2.47692
0.0011332
2.75381e-05
5.04462e-06
0
0
0
1683487779.99851
msg_begin
7.75788e+06
-363752
-2.47862
0.00634366
0.00913771
0.000150167
0
0
0
1683487780.04849
msg_begin
7.75788e+06
-363752
-2.48041
0.000654119
0.0010108
3.48384e-05
0
0
0
1683487780.09848
msg_begin
7.75788e+06
-363752
-2.47752
0.0040122
0.00787754
0.000646569
0
0
0
1683487780.14852
msg_begin
7.75788e+06
-363752
-2.47862
0.023898
0.0254958
0.000894885
0
0
0
1683487780.19853
msg_begin
7.75788e+06
-363752
-2.47947
0.000721507
0.00599583
0.000308997
0
0
0
1683487780.24848
msg_begin
7.75787e+06
-363752
-2.48055
0.0057081
0.00609776
0.000287747
0
0
0
1683487780.29841
msg_begin
7.75787e+06
-363752
-2.47768
5.58794e-09
1.16415e-09
4.44089e-16
0
0
0
1683487780.34847
msg_begin
7.75787e+06
-363753
-2.47867
0.0044435
0.00358318
0.00012733
0
0
0
1683487780.39841
msg_begin
7.75787e+06
-363753
-2.48082
0.0109531
0.00599206
0.000282406
0
0
0
1683487780.44840
msg_begin
7.75787e+06
-363753
-2.47774
8.3819e-09
2.91038e-09
5.32907e-15
0
0
0
1683487780.49838
msg_begin
7.75787e+06
-363753
-2.48077
0.00182435
0.000419112
9.79251e-07
0
0
0
1683487780.54833
msg_begin
7.75787e+06
-363753
-2.48064
0.00257432
0.00100093
2.74154e-05
0
0
0
1683487780.59827
msg_begin
7.75787e+06
-363754
-2.47961
0.00373562
0.00896659
0.000532323
0
0
0
1683487780.64819
msg_begin
7.75787e+06
-363754
-2.48031
0.0150277
0.0089119
0.00141523
0
0
0
1683487780.69820
msg_begin
7.75787e+06
-363754
-2.48136
1.86265e-09
2.73576e-09
3.9968e-15
0
0
0
1683487780.74813
msg_begin
7.75787e+06
-363754
-2.48113
0.00670235
0.00615838
0.0002766
0
0
0
1683487780.79814
msg_begin
7.75787e+06
-363754
-2.48142
0.00689608
0.00221372
0.000274875
0
0
0
1683487780.84810
msg_begin
7.75787e+06
-363755
-2.47961
0.00270175
0.00168859
3.86353e-05
0
0
0
1683487780.89809
msg_begin
7.75787e+06
-363755
-2.47926
0.000985438
0.000709164
6.91342e-05
0
0
0
1683487780.94808
msg_begin
7.75787e+06
-363755
-2.48064
0.0126639
0.00218989
0.000395983
0
0
0
1683487780.99810
msg_begin
7.75787e+06
-363755
-2.47913
0.00121868
0.000992845
6.23293e-05
0
0
0
1683487781.04817
msg_begin
7.75787e+06
-363755
-2.48199
0.00087165
7.4957e-06
7.68465e-05
0
0
0
1683487781.09825
msg_begin
7.75787e+06
-363755
-2.48059
0.00292964
0.0117426
0.000532132
0
0
0
1683487781.14833
msg_begin
7.75787e+06
-363756
-2.4848
0.00250871
0.00390335
0.00050185
0
0
0
1683487781.19833
msg_begin
7.75787e+06
-363756
-2.48507
7.45058e-09
1.5134e-09
8.88178e-16
0
0
0
1683487781.24840
msg_begin
7.75787e+06
-363756
-2.48234
1.11759e-08
3.25963e-09
3.10862e-15
0
0
0
1683487781.29840
msg_begin
7.75787e+06
-363756
-2.48443
0.00120644
0.00163986
0.000183296
0
0
0
1683487781.34849
msg_begin
7.75787e+06
-363756
-2.48608
0.00585696
0.00801039
0.000151783
0
0
0
1683487781.39852
msg_begin
7.75787e+06
-363757
-2.48889
0.00762364
0.00326573
0.000184299
0
0
0
1683487781.44852
msg_begin
7.75787e+06
-363757
-2.48943
0.00358481
0.00607116
0.000542123
0
0
0
1683487781.49858
msg_begin
7.75787e+06
-363757
-2.48998
0.00109696
0.000255697
3.2247e-05
0
0
0
1683487781.54856
msg_begin
7.75787e+06
-363757
-2.49015
0.0197616
0.018824
0.00132257
0
0
0
1683487781.59870
msg_begin
7.75787e+06
-363757
-2.48983
0.00725931
0.00375698
0.000275897
0
0
0
1683487781.64860
msg_begin
7.75787e+06
-363758
-2.49248
0.0112994
0.0101026
0.000677648
0
0
0
1683487781.69862
msg_begin
7.75787e+06
-363758
-2.49421
0.00310043
0.00323431
0.000177868
0
0
0
1683487781.74861
msg_begin
7.75787e+06
-363758
-2.49167
6.61239e-08
1.28057e-09
0
0
0
0
1683487781.79851
msg_begin
7.75787e+06
-363758
-2.49237
0.0131247
0.00898061
0.000525009
0
0
0
1683487781.84856
msg_begin
7.75787e+06
-363758
-2.49251
0.0267006
0.0155938
0.00181635
0
0
0
1683487781.89858
msg_begin
7.75787e+06
-363759
-2.49409
0.00417517
0.000459567
0.000267387
0
0
0
1683487781.94859
msg_begin
7.75787e+06
-363759
-2.49349
0.0159684
0.00457453
0.000262938
0
0
0
1683487781.99852
msg_begin
7.75787e+06
-363759
-2.49477
0.00173712
0.00156519
8.72476e-05
0
0
0
1683487782.04849
msg_begin
7.75787e+06
-363759
-2.49341
0.00440605
0.00181484
0.00022405
0
0
0
1683487782.09850
msg_begin
7.75787e+06
-363759
-2.49325
0.00197868
0.00115895
0.000146784
0
0
0
1683487782.14854
msg_begin
7.75787e+06
-363760
-2.49431
5.12227e-08
2.56114e-09
1.77636e-15
0
0
0
1683487782.19846
msg_begin
7.75787e+06
-363760
-2.49636
0.0102096
0.0069688
0.00125662
0
0
0
1683487782.24848
msg_begin
7.75787e+06
-363760
-2.49706
0.0171587
0.00976361
0.000144313
0
0
0
1683487782.29848
msg_begin
7.75786e+06
-363760
-2.49477
0.00603115
0.00135354
0.000267831
0
0
0
1683487782.34843
msg_begin
7.75786e+06
-363761
-2.49203
0.00061483
0.000847869
6.94269e-05
0
0
0
1683487782.39838
msg_begin
7.75786e+06
-363761
-2.49386
0.00145776
7.25828e-05
0.000284701
0
0
0
1683487782.44836
msg_begin
7.75786e+06
-363761
-2.49559
0.019969
0.0184497
0.000182074
0
0
0
1683487782.49833
msg_begin
7.75786e+06
-363761
-2.49512
0.000903743
0.000790759
2.81185e-05
0
0
0
1683487782.54833
msg_begin
7.75786e+06
-363761
-2.49529
0.00349112
0.00152181
0.000219258
0
0
0
1683487782.59942
msg_begin
7.75786e+06
-363762
-2.49518
0.0130101
0.00850197
0.000175605
0
0
0
1683487782.64830
msg_begin
7.75786e+06
-363762
-2.49667
6.42613e-08
1.16415e-10
4.44089e-15
0
0
0
1683487782.69827
msg_begin
7.75786e+06
-363762
-2.49549
0.00708031
0.00298496
0.00166152
0
0
0
1683487782.74822
msg_begin
7.75786e+06
-363762
-2.4966
0.000312965
0.000774662
4.97482e-05
0
0
0
1683487782.79935
msg_begin
7.75786e+06
-363762
-2.49664
0.00224939
0.000705986
8.61311e-05
0
0
0
1683487782.84820
msg_begin
7.75786e+06
-363763
-2.49689
0.0106002
0.00865251
0.000701098
0
0
0
1683487782.89813
msg_begin
7.75786e+06
-363763
-2.49572
0.00375836
0.00789947
0.000385796
0
0
0
1683487782.94817
msg_begin
7.75786e+06
-363763
-2.49587
0.0174716
0.00195775
0.0013435
0
0
0
1683487782.99892
msg_begin
7.75786e+06
-363763
-2.49735
0.00889752
0.0119461
0.001041
0
0
0
1683487783.04806
msg_begin
7.75786e+06
-363764
-2.49851
0.00345043
0.00816423
0.000994216
0
0
0
1683487783.09808
msg_begin
7.75786e+06
-363764
-2.49931
0.000739796
3.86371e-05
1.16801e-05
0
0
0
1683487783.14794
msg_begin
7.75786e+06
-363764
-2.49922
0.00268898
0.0010216
0.000278893
0
0
0
1683487783.19844
msg_begin
7.75786e+06
-363764
-2.49425
0.00511782
0.00331022
0.0010839
0
0
0
1683487783.24790
msg_begin
7.75786e+06
-363765
-2.49653
0.00166677
0.000209875
8.89144e-05
0
0
0
1683487783.29786
msg_begin
7.75786e+06
-363765
-2.49875
0.00236608
0.0023177
0.000707454
0
0
0
1683487783.34786
msg_begin
7.75786e+06
-363765
-2.49826
0.00568202
0.00369032
0.000165636
0
0
0
1683487783.39779
msg_begin
7.75786e+06
-363765
-2.49995
0.00529701
0.00137843
0.000242697
0
0
0
1683487783.44776
msg_begin
7.75786e+06
-363765
-2.49888
0.00406739
0.00534646
0.000330384
0
0
0
1683487783.49772
msg_begin
7.75786e+06
-363766
-2.50363
0.00522597
0.00218288
0.000378227
0
0
0
1683487783.54765
msg_begin
7.75786e+06
-363766
-2.50296
0.00148009
0.00161769
5.34069e-05
0
0
0
1683487783.59761
msg_begin
7.75786e+06
-363766
-2.50093
0.00291563
0.00289379
8.58081e-05
0
0
0
1683487783.64760
msg_begin
7.75786e+06
-363766
-2.50165
0.0267577
0.0132215
0.00120938
0
0
0
1683487783.69755
msg_begin
7.75786e+06
-363767
-2.49831
0.0023968
0.00234575
9.58808e-05
0
0
0
1683487783.74745
msg_begin
7.75786e+06
-363767
-2.49886
0.0024982
0.00532968
0.000269368
0
0
0
1683487783.79742
msg_begin
7.75786e+06
-363767
-2.49963
0.00773405
0.0124275
0.000793636
0
0
0
1683487783.84739
msg_begin
7.75786e+06
-363767
-2.50003
0.00100681
0.00145037
0.0001168
0
0
0
1683487783.89733
msg_begin
7.75786e+06
-363767
-2.50188
0.019612
0.010927
0.000573089
0
0
0
1683487783.94728
msg_begin
7.75786e+06
-363768
-2.50153
0.00119069
0.00136244
0.000572002
0
0
0
1683487783.99719
msg_begin
7.75785e+06
-363768
-2.50035
0.00598443
0.0068374
0.00108814
0
0
0
1683487784.04711
msg_begin
7.75785e+06
-363768
-2.50223
0.0415535
0.0388513
0.00125853
0
0
0
1683487784.09705
msg_begin
7.75785e+06
-363769
-2.50377
0.0144613
0.0102694
0.000337076
0
0
0
1683487784.14710
msg_begin
7.75785e+06
-363769
-2.50287
0.00412461
0.00851581
0.000606163
0
0
0
1683487784.19809
msg_begin
7.75785e+06
-363769
-2.50392
0.0104397
0.0044285
0.00023019
0
0
0
1683487784.24697
msg_begin
7.75785e+06
-363769
-2.50285
7.45058e-09
5.23869e-10
1.33227e-15
0
0
0
1683487784.29695
msg_begin
7.75785e+06
-363769
-2.50203
0.00106156
0.000853205
0.000163198
0
0
0
1683487784.34683
msg_begin
7.75785e+06
-363770
-2.50226
3.44589e-08
3.43425e-09
3.10862e-15
0
0
0
1683487784.39683
msg_begin
7.75785e+06
-363770
-2.50203
0.00158587
0.00195509
0.000612167
0
0
0
1683487784.44675
msg_begin
7.75785e+06
-363770
-2.50092
0.0114513
0.00851015
0.00175801
0
0
0
1683487784.49670
msg_begin
7.75785e+06
-363770
-2.49862
9.03383e-08
3.31784e-09
1.77636e-15
0
0
0
1683487784.54664
msg_begin
7.75785e+06
-363771
-2.4991
0.00512586
0.00297147
0.000345614
0
0
0
1683487784.59660
msg_begin
7.75785e+06
-363771
-2.50392
1.95578e-08
6.98492e-10
1.33227e-15
0
0
0
1683487784.64660
msg_begin
7.75785e+06
-363771
-2.50429
0.0046919
0.00781806
0.000618128
0
0
0
1683487784.69656
msg_begin
7.75785e+06
-363771
-2.50476
0.00873243
0.0038926
0.000778333
0
0
0
1683487784.74661
msg_begin
7.75785e+06
-363772
-2.50662
0.0108056
0.00296103
0.000461337
0
0
0
1683487784.79654
msg_begin
7.75785e+06
-363772
-2.50413
0.000391614
0.000114807
5.74203e-05
0
0
0
1683487784.84664
msg_begin
7.75785e+06
-363772
-2.50526
0.00917943
0.00585235
0.000340458
0
0
0
1683487784.89668
msg_begin
7.75785e+06
-363772
-2.50532
0.00574749
0.00139355
0.000900736
0
0
0
1683487784.94680
msg_begin
7.75785e+06
-363773
-2.5055
0.000269313
0.000116961
4.70406e-06
0
0
0
1683487784.99687
msg_begin
7.75785e+06
-363773
-2.50489
0.000839896
0.000349793
4.41039e-05
0
0
0
1683487785.04693
msg_begin
7.75785e+06
-363773
-2.50357
0.00681835
0.0075738
0.000210158
0
0
0
1683487785.09697
msg_begin
7.75785e+06
-363773
-2.50158
0.0191222
0.0160742
3.48757e-05
0
0
0
1683487785.14694
msg_begin
7.75785e+06
-363774
-2.50216
0.000910681
0.000434089
9.07303e-05
0
0
0
1683487785.19700
msg_begin
7.75785e+06
-363774
-2.50289
0.00700394
0.00275335
0.000208368
0
0
0
1683487785.24703
msg_begin
7.75785e+06
-363774
-2.50288
0.0051521
0.00219517
0.000457131
0
0
0
1683487785.29705
msg_begin
7.75785e+06
-363774
-2.50184
5.96046e-08
2.44472e-09
0
0
0
0
1683487785.34701
msg_begin
7.75785e+06
-363775
-2.5028
0.00181226
0.00263602
0.000209691
0
0
0
1683487785.39711
msg_begin
7.75785e+06
-363775
-2.50254
0.00528889
0.00221912
7.29874e-05
0
0
0
1683487785.44708
msg_begin
7.75785e+06
-363775
-2.50269
0.00297436
0.011034
0.000307816
0
0
0
1683487785.49705
msg_begin
7.75785e+06
-363776
-2.49995
0.00840295
0.00369647
0.000172962
0
0
0
1683487785.54706
msg_begin
7.75784e+06
-363776
-2.50275
0.00722084
0.00236025
9.9938e-05
0
0
0
1683487785.59794
msg_begin
7.75784e+06
-363776
-2.50444
0.00921108
0.00374742
0.000739409
0
0
0
1683487785.64703
msg_begin
7.75784e+06
-363776
-2.50321
0.00667809
0.0071996
0.000382019
0
0
0
1683487785.69696
msg_begin
7.75784e+06
-363777
-2.50367
0.00537509
0.00250614
0.000380215
0
0
0
1683487785.74694
msg_begin
7.75784e+06
-363777
-2.50503
0.0227196
0.012725
0.00115858
0
0
0
1683487785.79783
msg_begin
7.75784e+06
-363777
-2.50437
0.00220561
0.00271415
0.00123574
0
0
0
1683487785.84687
msg_begin
7.75784e+06
-363777
-2.50383
0.00597868
0.0018788
0.00063109
0
0
0
1683487785.89685
msg_begin
7.75784e+06
-363778
-2.50656
0.0182867
0.00779401
0.000486508
0
0
0
1683487785.94687
msg_begin
7.75784e+06
-363778
-2.5068
0.00881186
0.0144254
0.000759017
0
0
0
1683487785.99777
msg_begin
7.75784e+06
-363778
-2.50745
0.00814974
0.0188407
0.000773104
0
0
0
1683487786.04670
msg_begin
7.75784e+06
-363779
-2.50592
0.019569
0.0106628
0.000975787
0
0
0
1683487786.09666
msg_begin
7.75784e+06
-363779
-2.50522
0.0014334
0.00292348
0.000195814
0
0
0
1683487786.14653
msg_begin
7.75784e+06
-363779
-2.50246
0.00298222
0.00232988
0.000461464
0
0
0
1683487786.19754
msg_begin
7.75784e+06
-363779
-2.50617
0.000570969
0.00018715
6.1475e-05
0
0
0
1683487786.24646
msg_begin
7.75784e+06
-363780
-2.50613
0.0109669
0.00560447
0.000305545
0
0
0
1683487786.29644
msg_begin
7.75784e+06
-363780
-2.50735
0.00292643
0.00600559
0.000675314
0
0
0
1683487786.34641
msg_begin
7.75784e+06
-363780
-2.5049
0.0056285
0.00831419
8.88157e-05
0
0
0
1683487786.39636
msg_begin
7.75784e+06
-363780
-2.50207
0.000882976
0.00159414
9.66833e-05
0
0
0
1683487786.44627
msg_begin
7.75784e+06
-363781
-2.50435
0.00494169
0.00418874
0.000566137
0
0
0
1683487786.49619
msg_begin
7.75784e+06
-363781
-2.50343
0.0265483
0.0221942
0.000927432
0
0
0
1683487786.54621
msg_begin
7.75784e+06
-363781
-2.50204
0.00204346
0.00636662
0.000506941
0
0
0
1683487786.59622
msg_begin
7.75784e+06
-363782
-2.50415
0.00345208
0.00323991
0.000223306
0
0
0
1683487786.64616
msg_begin
7.75784e+06
-363782
-2.50343
0.00491848
0.00863688
0.000226067
0
0
0
1683487786.69618
msg_begin
7.75784e+06
-363782
-2.50139
0.0214691
0.0227324
0.00173969
0
0
0
1683487786.74618
msg_begin
7.75784e+06
-363782
-2.50386
0.000982774
0.00638971
0.000429605
0
0
0
1683487786.79616
msg_begin
7.75784e+06
-363783
-2.4992
0.014409
0.00611643
0.00106754
0
0
0
1683487786.84618
msg_begin
7.75784e+06
-363783
-2.50215
0.00484076
0.00767914
0.000973889
0
0
0
1683487786.89623
msg_begin
7.75783e+06
-363783
-2.50216
0.00769959
0.00146445
0.000357664
0
0
0
1683487786.94620
msg_begin
7.75783e+06
-363784
-2.50085
0.00405135
0.00316274
0.000181079
0
0
0
1683487786.99617
msg_begin
7.75783e+06
-363784
-2.50223
0.00553585
0.000998382
0.000233897
0
0
0
1683487787.04611
msg_begin
7.75783e+06
-363784
-2.50079
0.0026313
0.00697336
0.000529447
0
0
0
1683487787.09605
msg_begin
7.75783e+06
-363784
-2.50154
0.027087
0.00768108
0.000481544
0
0
0
1683487787.14603
msg_begin
7.75783e+06
-363785
-2.50012
0.0119698
0.00579387
0.000576483
0
0
0
1683487787.19596
msg_begin
7.75783e+06
-363785
-2.50265
0.0126734
0.00829871
0.00096358
0
0
0
1683487787.24589
msg_begin
7.75783e+06
-363785
-2.50078
0.0111729
0.00500638
0.000495243
0
0
0
1683487787.29595
msg_begin
7.75783e+06
-363786
-2.50219
6.0536e-08
1.04774e-09
2.66454e-15
0
0
0
1683487787.34596
msg_begin
7.75783e+06
-363786
-2.50094
0.0237346
0.0180016
0.000600165
0
0
0
1683487787.39601
msg_begin
7.75783e+06
-363786
-2.50086
0.00804296
0.00312878
0.000712316
0
0
0
1683487787.44610
msg_begin
7.75783e+06
-363786
-2.50089
0.000514043
0.00145148
0.00044068
0
0
0
1683487787.49610
msg_begin
7.75783e+06
-363787
-2.50023
0.00181329
0.00122189
0.000111047
0
0
0
1683487787.54614
msg_begin
7.75783e+06
-363787
-2.49711
0.00197999
0.00163821
0.000402509
0
0
0
1683487787.59725
msg_begin
7.75783e+06
-363787
-2.49699
0.0165507
0.00871074
0.000172289
0
0
0
1683487787.64621
msg_begin
7.75783e+06
-363788
-2.49661
1.39698e-08
1.22236e-09
2.66454e-15
0
0
0
1683487787.69625
msg_begin
7.75783e+06
-363788
-2.49568
0.00400956
0.00624756
0.000220115
0
0
0
1683487787.74622
msg_begin
7.75783e+06
-363788
-2.49346
0.0140711
0.000375881
0.000335616
0
0
0
1683487787.79728
msg_begin
7.75783e+06
-363789
-2.495
0.0192256
0.00437483
0.000567184
0
0
0
1683487787.84623
msg_begin
7.75783e+06
-363789
-2.49521
0.00600113
0.00156106
0.000750173
0
0
0
1683487787.89617
msg_begin
7.75783e+06
-363789
-2.49632
0.00343911
0.00314302
0.000296699
0
0
0
1683487787.94616
msg_begin
7.75783e+06
-363789
-2.49637
0.00319944
0.00154925
0.000193677
0
0
0
1683487787.99701
msg_begin
7.75783e+06
-363790
-2.49395
0.000851128
0.00395983
6.10181e-05
0
0
0
1683487788.04611
msg_begin
7.75783e+06
-363790
-2.49762
9.03383e-08
3.31784e-09
4.88498e-15
0
0
0
1683487788.09610
msg_begin
7.75783e+06
-363790
-2.49636
0.00355366
0.00591386
0.000312681
0
0
0
1683487788.14610
msg_begin
7.75783e+06
-363791
-2.49756
8.56817e-08
1.68802e-09
1.77636e-15
0
0
0
1683487788.19713
msg_begin
7.75783e+06
-363791
-2.49692
0.034395
0.0157661
0.000308046
0
0
0
1683487788.24607
msg_begin
7.75782e+06
-363791
-2.49739
0.00103157
0.00219167
0.00012679
0
0
0
1683487788.29599
msg_begin
7.75782e+06
-363791
-2.49991
0.00430615
0.00428146
0.000406233
0
0
0
1683487788.34605
msg_begin
7.75782e+06
-363792
-2.49829
0.0198317
0.00719016
0.0011848
0
0
0
1683487788.39594
msg_begin
7.75782e+06
-363792
-2.49726
0.0103254
0.0231411
0.00131594
0
0
0
1683487788.44595
msg_begin
7.75782e+06
-363792
-2.49753
5.58794e-09
1.16415e-09
2.66454e-15
0
0
0
1683487788.49598
msg_begin
7.75782e+06
-363793
-2.49644
0.000153894
0.000959933
6.4947e-05
0
0
0
1683487788.54596
msg_begin
7.75782e+06
-363793
-2.49852
0.0139095
0.0187681
0.000602664
0
0
0
1683487788.59601
msg_begin
7.75782e+06
-363793
-2.49971
0.00756108
0.00584921
0.000517856
0
0
0
1683487788.64606
msg_begin
7.75782e+06
-363793
-2.49754
0.0120128
0.0104944
0.000274078
0
0
0
1683487788.69609
msg_begin
7.75782e+06
-363794
-2.50186
0.0146005
0.0122055
0.00214538
0
0
0
1683487788.74613
msg_begin
7.75782e+06
-363794
-2.50197
0.00536229
0.00199768
0.000644592
0
0
0
1683487788.79609
msg_begin
7.75782e+06
-363794
-2.50337
1.58325e-08
8.14907e-10
3.9968e-15
0
0
0
1683487788.84614
msg_begin
7.75782e+06
-363795
-2.50424
0.000222158
0.000486263
4.30569e-06
0
0
0
1683487788.89612
msg_begin
7.75782e+06
-363795
-2.50594
0.0177962
0.0198632
0.0017231
0
0
0
1683487788.94608
msg_begin
7.75782e+06
-363795
-2.50446
0.0134206
0.0104321
0.00140266
0
0
0
1683487788.99610
msg_begin
7.75782e+06
-363795
-2.50305
8.00937e-08
8.73115e-10
8.88178e-16
0
0
0
1683487789.04603
msg_begin
7.75782e+06
-363796
-2.50548
0.0288375
0.0259858
0.00204229
0
0
0
1683487789.09596
msg_begin
7.75782e+06
-363796
-2.50496
0.00916081
0.0131146
0.00120129
0
0
0
1683487789.14594
msg_begin
7.75782e+06
-363796
-2.50413
0.0149774
0.0137727
0.00124295
0
0
0
1683487789.19587
msg_begin
7.75782e+06
-363796
-2.50237
0.0120403
0.00990567
0.000307066
0
0
0
1683487789.24588
msg_begin
7.75782e+06
-363797
-2.50283
0.000832025
0.000512225
0.000185886
0
0
0
1683487789.29588
msg_begin
7.75782e+06
-363797
-2.50594
0.0016876
0.00850481
0.000161481
0
0
0
1683487789.34580
msg_begin
7.75782e+06
-363797
-2.50777
2.79397e-09
2.09548e-09
4.44089e-15
0
0
0
1683487789.39582
msg_begin
7.75782e+06
-363798
-2.50628
0.0208775
0.0142827
0.00126021
0
0
0
1683487789.44573
msg_begin
7.75782e+06
-363798
-2.50318
0.00602535
0.00969368
0.00125168
0
0
0
1683487789.49562
msg_begin
7.75782e+06
-363798
-2.50276
0.00123458
0.00100212
0.000146247
0
0
0
1683487789.54571
msg_begin
7.75782e+06
-363799
-2.50398
0.00648699
0.00499341
0.000344017
0
0
0
1683487789.59683
msg_begin
7.75781e+06
-363799
-2.49945
0.00540686
0.00546158
0.000942227
0
0
0
1683487789.64553
msg_begin
7.75781e+06
-363799
-2.50061
0.00686646
0.00568657
0.000334433
0
0
0
1683487789.69551
msg_begin
7.75781e+06
-363799
-2.50345
0.00487787
0.00568814
0.000637938
0
0
0
1683487789.74554
msg_begin
7.75781e+06
-363800
-2.50173
0.0113753
0.00585855
0.000413306
0
0
0
1683487789.79653
msg_begin
7.75781e+06
-363800
-2.50395
0.00115822
0.00185464
0.000290674
0
0
0
1683487789.84547
msg_begin
7.75781e+06
-363800
-2.50459
0.00297378
0.012697
0.000468535
0
0
0
1683487789.89545
msg_begin
7.75781e+06
-363800
-2.50209
0.0123644
0.00922431
0.00086621
0
0
0
1683487789.94539
msg_begin
7.75781e+06
-363801
-2.50358
0.00938387
0.00695438
0.00117438
0
0
0
1683487789.99589
msg_begin
7.75781e+06
-363801
-2.5027
0.000936677
0.00605417
0.000508043
0
0
0
1683487790.04530
msg_begin
7.75781e+06
-363801
-2.4997
0.00127615
0.000590531
0.000166229
0
0
0
1683487790.09520
msg_begin
7.75781e+06
-363802
-2.50092
0.00214646
0.00222902
0.000104623
0
0
0
1683487790.14516
msg_begin
7.75781e+06
-363802
-2.49875
0.0120905
0.0123199
0.00071449
0
0
0
1683487790.19630
msg_begin
7.75781e+06
-363802
-2.50147
1.21072e-08
2.73576e-09
3.55271e-15
0
0
0
1683487790.24507
msg_begin
7.75781e+06
-363802
-2.5038
0.00142025
0.00533436
6.76294e-05
0
0
0
1683487790.29503
msg_begin
7.75781e+06
-363803
-2.50255
0.000742222
0.00270179
4.28258e-05
0
0
0
1683487790.34511
msg_begin
7.75781e+06
-363803
-2.50116
0.0207892
0.0131306
0.000881197
0
0
0
1683487790.39502
msg_begin
7.75781e+06
-363803
-2.5032
0.00012516
0.000653649
4.94993e-05
0
0
0
1683487790.44506
msg_begin
7.75781e+06
-363803
-2.50467
0.00298137
0.00260328
0.00011523
0
0
0
1683487790.49513
msg_begin
7.75781e+06
-363804
-2.50532
4.65661e-09
5.23869e-10
2.22045e-15
0
0
0
1683487790.54520
msg_begin
7.75781e+06
-363804
-2.50284
0.0032482
0.0017462
0.000226623
0
0
0
1683487790.59533
msg_begin
7.75781e+06
-363804
-2.50273
0.0490447
0.0208019
0.00116266
0
0
0
1683487790.64539
msg_begin
7.75781e+06
-363805
-2.50472
0.0469724
0.0277928
0.000898138
0
0
0
1683487790.69548
msg_begin
7.75781e+06
-363805
-2.50388
0.018791
0.0186419
0.000751098
0
0
0
1683487790.74556
msg_begin
7.75781e+06
-363805
-2.50256
0.00622895
0.00603304
0.000118645
0
0
0
1683487790.79549
msg_begin
7.75781e+06
-363806
-2.50089
0.000369772
0.00102661
4.12679e-05
0
0
0
1683487790.84547
msg_begin
7.75781e+06
-363806
-2.50251
0.0418096
0.0220992
0.00150388
0
0
0
1683487790.89552
msg_begin
7.75781e+06
-363806
-2.50039
9.12696e-08
1.10595e-09
1.77636e-15
0
0
0
1683487790.94545
msg_begin
7.75781e+06
-363806
-2.50229
0.00484913
0.00141555
0.00126829
0
0
0
1683487790.99545
msg_begin
7.7578e+06
-363806
-2.50183
0.00233611
0.000722273
0.000440257
0
0
0
1683487791.04546
msg_begin
7.7578e+06
-363807
-2.50101
0.00408805
0.000694028
0.000371453
0
0
0
1683487791.09533
msg_begin
7.7578e+06
-363807
-2.50106
4.65661e-09
2.91038e-10
1.77636e-15
0
0
0
1683487791.14535
msg_begin
7.7578e+06
-363807
-2.49908
0.00169727
0.000869273
0.00018961
0
0
0
1683487791.19537
msg_begin
7.7578e+06
-363808
-2.49891
0.0077366
0.006931
0.000889153
0
0
0
1683487791.24533
msg_begin
7.7578e+06
-363808
-2.49874
0.0155188
0.00907345
0.000288921
0
0
0
1683487791.29537
msg_begin
7.7578e+06
-363808
-2.50312
0.00551926
0.000659778
0.000508743
0
0
0
1683487791.34536
msg_begin
7.7578e+06
-363808
-2.50459
0.00573618
0.00563036
0.000600121
0
0
0
1683487791.39537
msg_begin
7.7578e+06
-363809
-2.5027
0.00555755
0.00352071
0.0012351
0
0
0
1683487791.44536
msg_begin
7.7578e+06
-363809
-2.50225
0.000901174
0.000532769
7.6323e-05
0
0
0
1683487791.49533
msg_begin
7.7578e+06
-363809
-2.50344
0.00432282
0.0013157
8.2765e-05
0
0
0
1683487791.54532
msg_begin
7.7578e+06
-363810
-2.50279
0.00293155
0.00375942
0.000138569
0
0
0
1683487791.59626
msg_begin
7.7578e+06
-363810
-2.50193
0.0146993
0.00498483
0.000822613
0
0
0
1683487791.64516
msg_begin
7.7578e+06
-363810
-2.50509
0.00421637
0.00191937
0.000695148
0
0
0
1683487791.69511
msg_begin
7.7578e+06
-363810
-2.50335
0.0316471
0.0302513
0.00174991
0
0
0
1683487791.74507
msg_begin
7.7578e+06
-363811
-2.5036
0.0130621
0.00658152
0.000651236
0
0
0
1683487791.79581
msg_begin
7.7578e+06
-363811
-2.50563
0.00203255
0.00125331
0.000195035
0
0
0
1683487791.84499
msg_begin
7.7578e+06
-363811
-2.50333
0.0136429
0.00944768
0.00131396
0
0
0
1683487791.89498
msg_begin
7.7578e+06
-363811
-2.50247
0.00146245
0.00360369
0.000465841
0
0
0
1683487791.94521
msg_begin
7.7578e+06
-363812
-2.50122
8.3819e-09
2.85218e-09
4.44089e-16
0
0
0
1683487791.99563
msg_begin
7.7578e+06
-363812
-2.50116
5.30854e-08
5.82077e-11
4.44089e-16
0
0
0
1683487792.04502
msg_begin
7.7578e+06
-363812
-2.50026
0.011722
0.00817079
0.00121234
0
0
0
1683487792.09511
msg_begin
7.7578e+06
-363812
-2.50518
0.0007465
0.00178624
0.000931176
0
0
0
1683487792.14525
msg_begin
7.7578e+06
-363813
-2.5064
0.00683548
0.00255835
0.00024121
0
0
0
1683487792.19582
msg_begin
7.7578e+06
-363813
-2.50928
7.26432e-08
3.20142e-09
2.66454e-15
0
0
0
1683487792.24507
msg_begin
7.7578e+06
-363813
-2.50696
0.0149864
0.0159154
0.00246392
0
0
0
1683487792.29506
msg_begin
7.7578e+06
-363814
-2.50211
0.004326
0.003847
0.000320688
0
0
0
1683487792.34506
msg_begin
7.7578e+06
-363814
-2.50434
0.0155334
0.00559207
0.000167084
0
0
0
1683487792.39511
msg_begin
7.75779e+06
-363814
-2.50151
0.00596866
0.00491229
0.00024628
0
0
0
1683487792.44512
msg_begin
7.75779e+06
-363814
-2.5007
0.00186397
0.00146406
4.47424e-06
0
0
0
1683487792.49506
msg_begin
7.75779e+06
-363815
-2.50267
0.0147956
0.0078918
0.000416681
0
0
0
1683487792.54505
msg_begin
7.75779e+06
-363815
-2.50141
0.0166628
0.00843858
0.00166037
0
0
0
1683487792.59507
msg_begin
7.75779e+06
-363815
-2.50679
0.00324814
0.000110046
0.000165036
0
0
0
1683487792.64502
msg_begin
7.75779e+06
-363816
-2.50751
0.0155897
0.0187287
0.000358068
0
0
0
1683487792.69507
msg_begin
7.75779e+06
-363816
-2.50913
0.00616935
0.00280472
0.00061936
0
0
0
1683487792.74508
msg_begin
7.75779e+06
-363816
-2.50674
0.011281
0.0114151
0.00115647
0
0
0
1683487792.79495
msg_begin
7.75779e+06
-363816
-2.50649
0.0016212
0.000564127
7.81845e-06
0
0
0
1683487792.84488
msg_begin
7.75779e+06
-363817
-2.50894
0.00380979
0.00332167
0.000564145
0
0
0
1683487792.89490
msg_begin
7.75779e+06
-363817
-2.50741
0.0118348
0.00741358
0.000679214
0
0
0
1683487792.94484
msg_begin
7.75779e+06
-363817
-2.5053
0.00384952
0.00357448
0.000549463
0
0
0
1683487792.99474
msg_begin
7.75779e+06
-363817
-2.50501
0.0119262
0.0109782
0.00115295
0
0
0
1683487793.04472
msg_begin
7.75779e+06
-363818
-2.50369
0.0024571
0.0055488
0.000165465
0
0
0
1683487793.09474
msg_begin
7.75779e+06
-363818
-2.50526
0.0119202
0.00782297
0.000779374
0
0
0
1683487793.14475
msg_begin
7.75779e+06
-363818
-2.50596
0.00563958
0.00461719
8.52607e-05
0
0
0
1683487793.19476
msg_begin
7.75779e+06
-363818
-2.50505
0.0244301
0.0191528
0.000809744
0
0
0
1683487793.24485
msg_begin
7.75779e+06
-363819
-2.50456
0.000385339
0.000772008
0.000135201
0
0
0
1683487793.29496
msg_begin
7.75779e+06
-363819
-2.50712
0.0113484
0.00308069
5.81332e-05
0
0
0
1683487793.34505
msg_begin
7.75779e+06
-363819
-2.51052
0.00511549
0.00569687
0.00101153
0
0
0
1683487793.39516
msg_begin
7.75779e+06
-363819
-2.51071
0.000179824
0.00109877
0.000113863
0
0
0
1683487793.44526
msg_begin
7.75779e+06
-363820
-2.5116
0.0194262
0.00419858
0.00126074
0
0
0
1683487793.49536
msg_begin
7.75779e+06
-363820
-2.50422
0.00190823
0.00178467
0.000193839
0
0
0
1683487793.54544
msg_begin
7.75779e+06
-363820
-2.50505
0.0318718
0.0241496
0.00147886
0
0
0
1683487793.59678
msg_begin
7.75779e+06
-363820
-2.50759
0.00463713
0.00297832
0.000575718
0
0
0
1683487793.64551
msg_begin
7.75779e+06
-363820
-2.50741
0.0121447
0.00783755
0.000797298
0
0
0
1683487793.69562
msg_begin
7.75779e+06
-363821
-2.50523
0.0440808
0.0268338
0.00314682
0
0
0
1683487793.74569
msg_begin
7.75779e+06
-363821
-2.50902
0.00507083
0.00748019
9.12246e-05
0
0
0
1683487793.79661
msg_begin
7.75779e+06
-363821
-2.5089
0.00296187
0.00235679
0.000435173
0
0
0
1683487793.84563
msg_begin
7.75779e+06
-363821
-2.50541
3.07336e-08
1.16415e-10
5.32907e-15
0
0
0
1683487793.89565
msg_begin
7.75779e+06
-363821
-2.50724
0.00828222
0.00570048
0.000511443
0
0
0
1683487793.94566
msg_begin
7.75778e+06
-363822
-2.50868
0.00759064
0.00682239
0.000941498
0
0
0
1683487793.99646
msg_begin
7.75778e+06
-363822
-2.50836
0.0495174
0.0232413
0.00148209
0
0
0
1683487794.04556
msg_begin
7.75778e+06
-363822
-2.50639
0.0266664
0.00623895
0.00207145
0
0
0
1683487794.09560
msg_begin
7.75778e+06
-363822
-2.50683
0.0102479
0.00499049
0.000485337
0
0
0
1683487794.14557
msg_begin
7.75778e+06
-363822
-2.5092
0.0012718
0.00646958
0.000266835
0
0
0
1683487794.19624
msg_begin
7.75778e+06
-363823
-2.50791
0.0372994
0.0286486
0.00185318
0
0
0
1683487794.24559
msg_begin
7.75778e+06
-363823
-2.50954
0.00516699
0.00527206
0.000230625
0
0
0
1683487794.29561
msg_begin
7.75778e+06
-363823
-2.50826
0.00368729
0.00264834
0.000593559
0
0
0
1683487794.34556
msg_begin
7.75778e+06
-363823
-2.50572
0.00792083
0.00435888
0.000599973
0
0
0
1683487794.39561
msg_begin
7.75778e+06
-363823
-2.50587
0.00310874
0.0170481
0.000181775
0
0
0
1683487794.44563
msg_begin
7.75778e+06
-363823
-2.50682
0.00582285
0.00183029
0.00017203
0
0
0
1683487794.49568
msg_begin
7.75778e+06
-363824
-2.50635
0.00645411
0.00310974
0.000874876
0
0
0
1683487794.54571
msg_begin
7.75778e+06
-363824
-2.50639
0
9.31323e-10
0
0
0
0
1683487794.59577
msg_begin
7.75778e+06
-363824
-2.50462
0.00675688
0.00422464
0.000657302
0
0
0
1683487794.64577
msg_begin
7.75778e+06
-363824
-2.50783
0.0039412
0.0048827
0.000175174
0
0
0
1683487794.69582
msg_begin
7.75778e+06
-363824
-2.50863
0.0122305
0.0109593
0.000471419
0
0
0
1683487794.74578
msg_begin
7.75778e+06
-363824
-2.50792
0.0225945
0.0281072
0.00145033
0
0
0
1683487794.79582
msg_begin
7.75778e+06
-363824
-2.50609
0.0197169
0.0214137
0.00129327
0
0
0
1683487794.84581
msg_begin
7.75778e+06
-363825
-2.50496
0.00757044
0.00869194
0.000541082
0
0
0
1683487794.89587
msg_begin
7.75778e+06
-363825
-2.5049
0.00703215
0.00183516
0.000257167
0
0
0
1683487794.94584
msg_begin
7.75778e+06
-363825
-2.50437
0.00142334
0.000905516
0.000294316
0
0
0
1683487794.99588
msg_begin
7.75778e+06
-363825
-2.50476
0.000185784
0.000135531
1.94217e-05
0
0
0
1683487795.04593
msg_begin
7.75778e+06
-363825
-2.50425
0.00308068
0.0061541
0.000208558
0
0
0
1683487795.09586
msg_begin
7.75778e+06
-363825
-2.50488
0.00436011
0.00185886
0.000148428
0
0
0
1683487795.14587
msg_begin
7.75778e+06
-363825
-2.50511
0.000491108
0.000218109
0.000324014
0
0
0
1683487795.19587
msg_begin
7.75778e+06
-363825
-2.50555
0.00238203
0.00588432
0.000288545
0
0
0
1683487795.24593
msg_begin
7.75778e+06
-363826
-2.50858
0.000879788
0.00396616
0.000223026
0
0
0
1683487795.29596
msg_begin
7.75778e+06
-363826
-2.50761
0.0168742
0.0117822
0.00189749
0
0
0
1683487795.34596
msg_begin
7.75778e+06
-363826
-2.50876
0.00146082
0.00031456
0.000152773
0
0
0
1683487795.39604
msg_begin
7.75778e+06
-363826
-2.50629
0.00532044
0.00252653
0.000518445
0
0
0
1683487795.44608
msg_begin
7.75778e+06
-363826
-2.50651
0.0055613
0.010503
0.000313806
0
0
0
1683487795.49604
msg_begin
7.75778e+06
-363826
-2.50671
0.00305662
0.0047454
0.000452528
0
0
0
1683487795.54613
msg_begin
7.75778e+06
-363826
-2.50836
0.0298917
0.0179864
0.00171069
0
0
0
1683487795.59725
msg_begin
7.75778e+06
-363826
-2.50451
0.00714484
0.00479134
0.000892066
0
0
0
1683487795.64608
msg_begin
7.75778e+06
-363826
-2.50554
0.000383924
0.000209684
9.61323e-05
0
0
0
1683487795.69604
msg_begin
7.75778e+06
-363827
-2.50584
0.0105687
0.00347485
0.000967728
0
0
0
1683487795.74617
msg_begin
7.75778e+06
-363827
-2.5055
0.00665485
0.010488
0.000977353
0
0
0
1683487795.79690
msg_begin
7.75778e+06
-363827
-2.50528
5.86733e-08
2.44472e-09
1.77636e-15
0
0
0
1683487795.84608
msg_begin
7.75778e+06
-363827
-2.50819
2.14204e-08
1.22236e-09
4.44089e-15
0
0
0
1683487795.89603
msg_begin
7.75778e+06
-363827
-2.50617
0.00248295
0.000639716
0.000132142
0
0
0
1683487795.94600
msg_begin
7.75778e+06
-363827
-2.50688
0.00302681
0.00702876
0.00015419
0
0
0
1683487795.99691
msg_begin
7.75778e+06
-363827
-2.50658
0.00446324
0.0058166
0.00200314
0
0
0
1683487796.04593
msg_begin
7.75778e+06
-363827
-2.50707
0.00937145
0.0127677
0.00188532
0
0
0
1683487796.09594
msg_begin
7.75778e+06
-363827
-2.50672
0.00527601
0.00140891
0.000358155
0
0
0
1683487796.14587
msg_begin
7.75778e+06
-363827
-2.50427
0.000178944
0.000718243
8.91201e-05
0
0
0
1683487796.19659
msg_begin
7.75778e+06
-363827
-2.50249
0.0053152
0.00695728
0.000784783
0
0
0
1683487796.24574
msg_begin
7.75778e+06
-363827
-2.50521
0.00680666
0.00184764
0.000442811
0
0
0
1683487796.29580
msg_begin
7.75778e+06
-363828
-2.50597
0.00203463
0.00201837
6.24686e-05
0
0
0
1683487796.34578
msg_begin
7.75778e+06
-363828
-2.50409
0.00686271
0.00493751
0.00103039
0
0
0
1683487796.39579
msg_begin
7.75778e+06
-363828
-2.50396
1.76951e-08
3.7835e-09
3.10862e-15
0
0
0
1683487796.44573
msg_begin
7.75778e+06
-363828
-2.50576
0.00142421
0.00107653
0.000135378
0
0
0
1683487796.49574
msg_begin
7.75778e+06
-363828
-2.50754
0.0041134
0.00733904
0.000315837
0
0
0
1683487796.54570
msg_begin
7.75778e+06
-363828
-2.50651
0.00649065
0.00202901
0.000609041
0
0
0
1683487796.59570
msg_begin
7.75778e+06
-363828
-2.50512
0.00265614
0.00535209
0.000601232
0
0
0
1683487796.64562
msg_begin
7.75778e+06
-363828
-2.50533
0.00272123
0.00215412
0.000396131
0
0
0
1683487796.69566
msg_begin
7.75778e+06
-363828
-2.50624
0.00387961
0.00585167
0.000194921
0
0
0
1683487796.74563
msg_begin
7.75778e+06
-363828
-2.50673
0.011283
0.00415399
0.000547639
0
0
0
1683487796.79565
msg_begin
7.75778e+06
-363828
-2.50605
0.00862394
0.00308398
0.000399881
0
0
0
1683487796.84560
msg_begin
7.75778e+06
-363828
-2.50422
0.014395
0.00387865
0.0005328
0
0
0
1683487796.89557
msg_begin
7.75778e+06
-363829
-2.50722
0.000449022
0.000175889
1.59095e-05
0
0
0
1683487796.94559
msg_begin
7.75778e+06
-363829
-2.50575
0.0116595
0.0112572
0.0013512
0
0
0
1683487796.99552
msg_begin
7.75778e+06
-363829
-2.50375
0.000356725
0.00140312
4.80294e-05
0
0
0
1683487797.04549
msg_begin
7.75778e+06
-363829
-2.50363
5.68107e-08
1.57161e-09
1.33227e-15
0
0
0
1683487797.09552
msg_begin
7.75778e+06
-363829
-2.50421
0.00304836
0.00171075
0.000256601
0
0
0
1683487797.14592
msg_begin
7.75778e+06
-363829
-2.50295
0.0118462
0.0118341
0.000903136
0
0
0
1683487797.19552
msg_begin
7.75778e+06
-363829
-2.50456
0.00403217
0.00737092
0.00129115
0
0
0
1683487797.24545
msg_begin
7.75778e+06
-363829
-2.50581
0.00136689
0.00119909
4.00105e-05
0
0
0
1683487797.29540
msg_begin
7.75778e+06
-363829
-2.50776
0.00726496
0.00923832
0.00177239
0
0
0
1683487797.34581
msg_begin
7.75778e+06
-363829
-2.50597
0.0188571
0.012054
0.000306472
0
0
0
1683487797.39538
msg_begin
7.75778e+06
-363829
-2.50525
0.000202486
5.10056e-05
2.94243e-05
0
0
0
1683487797.44544
msg_begin
7.75777e+06
-363829
-2.50511
0.00151664
0.000556242
9.80074e-05
0
0
0
1683487797.49526
msg_begin
7.75777e+06
-363829
-2.50515
3.53911e-05
0.000232348
3.25162e-05
0
0
0
1683487797.54528
msg_begin
7.75777e+06
-363829
-2.50434
0.00164735
0.00235707
0.000139905
0
0
0
1683487797.59585
msg_begin
7.75777e+06
-363830
-2.5039
0.000575605
0.000465133
0.000148845
0
0
0
1683487797.64524
msg_begin
7.75777e+06
-363830
-2.50698
5.21541e-08
2.21189e-09
3.10862e-15
0
0
0
1683487797.69516
msg_begin
7.75777e+06
-363830
-2.50514
0.000145311
0.000428441
3.88921e-05
0
0
0
1683487797.74523
msg_begin
7.75777e+06
-363830
-2.504
0.0143044
0.0204091
0.000266252
0
0
0
1683487797.79608
msg_begin
7.75777e+06
-363830
-2.50435
0.0205284
0.0271492
0.00041063
0
0
0
1683487797.84522
msg_begin
7.75777e+06
-363830
-2.50406
0.00463085
0.00508955
0.000809259
0
0
0
1683487797.89512
msg_begin
7.75777e+06
-363830
-2.50389
0.00358782
0.00668501
0.000284229
0
0
0
1683487797.94508
msg_begin
7.75777e+06
-363830
-2.50645
0.00123337
0.00104164
4.04268e-05
0
0
0
1683487797.99642
msg_begin
7.75777e+06
-363830
-2.50593
0.00568936
0.0112228
0.000287036
0
0
0
1683487798.04510
msg_begin
7.75777e+06
-363830
-2.50401
0.00344419
0.00569873
0.000166443
0
0
0
1683487798.09510
msg_begin
7.75777e+06
-363830
-2.50496
0.0124306
0.00481773
0.000425729
0
0
0
1683487798.14519
msg_begin
7.75777e+06
-363830
-2.50525
0.00940631
0.00538009
0.00102204
0
0
0
1683487798.19590
msg_begin
7.75777e+06
-363830
-2.50533
0.0136659
0.00422913
0.000670275
0
0
0
1683487798.24526
msg_begin
7.75777e+06
-363830
-2.50553
0.00197052
0.00618694
0.00012502
0
0
0
1683487798.29540
msg_begin
7.75777e+06
-363830
-2.50809
0.000865533
0.000938472
0.000143497
0
0
0
1683487798.34542
msg_begin
7.75777e+06
-363831
-2.50651
0.00651143
0.00566378
0.000452105
0
0
0
1683487798.39545
msg_begin
7.75777e+06
-363831
-2.50841
0.00169461
0.000150594
4.64224e-05
0
0
0
1683487798.44554
msg_begin
7.75777e+06
-363831
-2.50619
0.00297063
0.000172734
2.99982e-05
0
0
0
1683487798.49555
msg_begin
7.75777e+06
-363831
-2.50783
0.00811935
0.00296814
0.000651018
0
0
0
1683487798.54578
msg_begin
7.75777e+06
-363831
-2.50449
0.00342403
0.00561172
0.000607895
0
0
0
1683487798.59549
msg_begin
7.75777e+06
-363831
-2.50449
0.00248782
0.00338802
0.000396369
0
0
0
1683487798.64551
msg_begin
7.75777e+06
-363831
-2.50274
0.00742774
0.00868997
0.000546006
0
0
0
1683487798.69546
msg_begin
7.75777e+06
-363831
-2.50461
1.67638e-08
3.37604e-09
3.55271e-15
0
0
0
1683487798.74544
msg_begin
7.75777e+06
-363831
-2.5038
0.00174659
0.000336457
0.000299077
0
0
0
1683487798.79529
msg_begin
7.75777e+06
-363831
-2.50633
1.95578e-08
2.96859e-09
2.22045e-15
0
0
0
1683487798.84516
msg_begin
7.75777e+06
-363831
-2.50354
0.000391528
0.00098007
5.63406e-05
0
0
0
1683487798.89511
msg_begin
7.75777e+06
-363832
-2.50486
0.00299666
0.00198085
0.000225911
0
0
0
1683487798.94534
msg_begin
7.75777e+06
-363832
-2.50309
0.0218602
0.00535968
0.00134116
0
0
0
1683487798.99510
msg_begin
7.75777e+06
-363832
-2.50052
0.000831028
0.000253165
0.00019086
0
0
0
1683487799.04511
msg_begin
7.75777e+06
-363832
-2.49752
0.0138748
0.0112412
0.00145844
0
0
0
1683487799.09512
msg_begin
7.75777e+06
-363832
-2.50071
0.0431934
0.00454131
0.000428254
0
0
0
1683487799.14533
msg_begin
7.75777e+06
-363832
-2.50195
0.000902742
0.00115608
1.13952e-05
0
0
0
1683487799.19510
msg_begin
7.75777e+06
-363832
-2.50162
0.00366823
0.00133402
0.000617135
0
0
0
1683487799.24515
msg_begin
7.75777e+06
-363832
-2.50016
0.015714
0.0133478
0.00147257
0
0
0
1683487799.29515
msg_begin
7.75777e+06
-363832
-2.50277
0.000949523
0.000804473
0.000399789
0
0
0
1683487799.34530
msg_begin
7.75777e+06
-363832
-2.50331
0.0048498
0.00238932
0.000282018
0
0
0
1683487799.39512
msg_begin
7.75777e+06
-363832
-2.50178
0.00851266
0.00952726
0.000704301
0
0
0
1683487799.44517
msg_begin
7.75777e+06
-363833
-2.50282
0.00365321
0.00389185
7.19519e-05
0
0
0
1683487799.49515
msg_begin
7.75777e+06
-363833
-2.5001
5.7742e-08
1.16415e-10
3.10862e-15
0
0
0
1683487799.54516
msg_begin
7.75777e+06
-363833
-2.50083
0.00721364
0.00239431
0.000354778
0
0
0
1683487799.59577
msg_begin
7.75777e+06
-363833
-2.50078
0.028977
0.00894018
0.000916711
0
0
0
1683487799.64509
msg_begin
7.75777e+06
-363833
-2.5032
0.00574441
0.0134895
0.00119886
0
0
0
1683487799.69516
msg_begin
7.75777e+06
-363833
-2.50052
0.00227627
0.00213563
0.000206991
0
0
0
1683487799.74513
msg_begin
7.75777e+06
-363833
-2.50166
0.000602425
0.00639942
0.00126368
0
0
0
1683487799.79577
msg_begin
7.75777e+06
-363833
-2.50418
0.000396973
0.000373438
4.70974e-05
0
0
0
1683487799.84498
msg_begin
7.75777e+06
-363833
-2.49994
0.0200394
0.0208127
0.00121256
0
0
0
1683487799.89490
msg_begin
7.75777e+06
-363834
-2.49947
0.000732825
0.000421612
8.82672e-05
0
0
0
1683487799.94491
msg_begin
7.75777e+06
-363834
-2.50128
0.00404727
0.00169448
0.000295581
0
0
0
1683487799.99507
msg_begin
7.75777e+06
-363834
-2.50199
0.0130244
0.00558659
0.000593329
0
0
0
1683487800.04464
msg_begin
7.75777e+06
-363834
-2.50441
0.00587933
0.00120107
0.000504207
0
0
0
1683487800.09452
msg_begin
7.75777e+06
-363834
-2.50373
0.0106336
0.00447673
0.000341163
0
0
0
1683487800.14456
msg_begin
7.75777e+06
-363834
-2.50487
0.0110667
0.00471696
0.000665212
0
0
0
1683487800.19475
msg_begin
7.75777e+06
-363834
-2.50159
0.0216618
0.0123989
0.00110514
0
0
0
1683487800.24428
msg_begin
7.75777e+06
-363834
-2.49938
0.0125428
0.0131991
0.00072585
0
0
0
1683487800.29425
msg_begin
7.75777e+06
-363835
-2.49882
0.00255058
0.00349066
0.000369928
0
0
0
1683487800.34417
msg_begin
7.75777e+06
-363835
-2.5004
0.0103982
0.00361313
0.000340251
0
0
0
1683487800.39416
msg_begin
7.75777e+06
-363835
-2.49855
7.45058e-09
2.91038e-09
5.77316e-15
0
0
0
1683487800.44411
msg_begin
7.75777e+06
-363835
-2.49876
0.00268896
0.00547199
0.000272764
0
0
0
1683487800.49408
msg_begin
7.75777e+06
-363835
-2.49936
0.00343792
0.00358604
0.00016488
0
0
0
1683487800.54421
msg_begin
7.75777e+06
-363835
-2.50004
0.00362694
0.0027447
0.000268613
0
0
0
1683487800.59417
msg_begin
7.75777e+06
-363835
-2.50268
0.00354007
0.00419138
0.000172398
0
0
0
1683487800.64419
msg_begin
7.75777e+06
-363835
-2.50107
0.0129937
0.0116999
0.000953635
0
0
0
1683487800.69416
msg_begin
7.75777e+06
-363836
-2.49971
0.00397299
0.00295449
0.000650189
0
0
0
1683487800.74512
msg_begin
7.75777e+06
-363836
-2.4996
0.00479403
0.00482224
0.000328547
0
0
0
1683487800.79430
msg_begin
7.75777e+06
-363836
-2.50017
0.029869
0.0277038
0.002069
0
0
0
1683487800.84429
msg_begin
7.75777e+06
-363836
-2.49933
0.00831941
0.0080862
0.00040253
0
0
0
1683487800.89430
msg_begin
7.75777e+06
-363836
-2.49768
0.00654806
0.009694
0.000981197
0
0
0
1683487800.94441
msg_begin
7.75777e+06
-363836
-2.49846
0.00304787
0.00283278
0.000258059
0
0
0
1683487800.99436
msg_begin
7.75777e+06
-363836
-2.49935
0.010795
0.00418978
0.000459037
0
0
0
1683487801.04441
msg_begin
7.75777e+06
-363837
-2.50049
0.0084157
0.00200732
0.000263482
0
0
0
1683487801.09443
msg_begin
7.75777e+06
-363837
-2.50305
0.00388818
0.00176238
0.00011215
0
0
0
1683487801.14532
msg_begin
7.75777e+06
-363837
-2.50061
0.00295174
0.00969788
0.000578846
0
0
0
1683487801.19439
msg_begin
7.75776e+06
-363837
-2.49959
0.0102833
0.0131895
0.000410446
0
0
0
1683487801.24435
msg_begin
7.75776e+06
-363837
-2.50246
0.00386044
0.00285427
0.000401271
0
0
0
1683487801.29439
msg_begin
7.75776e+06
-363837
-2.50301
0.00436262
0.00126556
0.000270301
0
0
0
1683487801.34546
msg_begin
7.75776e+06
-363838
-2.50182
0.00968522
0.0105467
0.00088166
0
0
0
1683487801.39436
msg_begin
7.75776e+06
-363838
-2.5031
0.000511216
0.00198326
0.000107267
0
0
0
1683487801.44428
msg_begin
7.75776e+06
-363838
-2.49867
7.72998e-08
2.21189e-09
1.33227e-15
0
0
0
1683487801.49429
msg_begin
7.75776e+06
-363838
-2.49868
7.45058e-09
1.57161e-09
5.32907e-15
0
0
0
1683487801.54433
msg_begin
7.75776e+06
-363838
-2.49987
0.00509401
0.00320752
0.000297648
0
0
0
1683487801.59505
msg_begin
7.75776e+06
-363838
-2.50303
0.0070998
0.00363386
0.000604675
0
0
0
1683487801.64420
msg_begin
7.75776e+06
-363838
-2.50257
0.00388893
0.0020407
6.43856e-05
0
0
0
1683487801.69421
msg_begin
7.75776e+06
-363839
-2.50077
0.00195389
0.00257222
0.000315808
0
0
0
1683487801.74427
msg_begin
7.75776e+06
-363839
-2.50085
0.00193105
0.000755235
0.000123362
0
0
0
1683487801.79463
msg_begin
7.75776e+06
-363839
-2.50205
0.00744041
0.00359559
0.000462278
0
0
0
1683487801.84409
msg_begin
7.75776e+06
-363839
-2.50213
1.49012e-08
9.31323e-10
5.32907e-15
0
0
0
1683487801.89405
msg_begin
7.75776e+06
-363839
-2.50294
0.00323151
0.00264313
5.01801e-05
0
0
0
1683487801.94401
msg_begin
7.75776e+06
-363839
-2.50249
0.0059409
0.00289224
0.000122848
0
0
0
1683487801.99493
msg_begin
7.75776e+06
-363840
-2.50191
0.0133932
0.00938014
0.000462239
0
0
0
1683487802.04381
msg_begin
7.75776e+06
-363840
-2.50271
0.00892396
0.00307312
0.000159345
0
0
0
1683487802.09367
msg_begin
7.75776e+06
-363840
-2.50223
0.00231932
0.00437187
0.000140693
0
0
0
1683487802.14368
msg_begin
7.75776e+06
-363840
-2.50081
0.00460927
0.0108849
0.00073341
0
0
0
1683487802.19385
msg_begin
7.75776e+06
-363840
-2.49819
0.00493382
0.00961245
0.000306448
0
0
0
1683487802.24357
msg_begin
7.75776e+06
-363840
-2.50072
0.0103042
0.0116286
0.000616347
0
0
0
1683487802.29359
msg_begin
7.75776e+06
-363841
-2.50081
6.42613e-08
1.68802e-09
4.44089e-16
0
0
0
1683487802.34361
msg_begin
7.75776e+06
-363841
-2.49969
0.00450202
0.00777927
0.000207716
0
0
0
1683487802.39361
msg_begin
7.75776e+06
-363841
-2.49733
0.0316884
0.0132396
0.00128053
0
0
0
1683487802.44365
msg_begin
7.75776e+06
-363841
-2.50048
0.0583436
0.0303826
0.000975996
0
0
0
1683487802.49371
msg_begin
7.75776e+06
-363841
-2.50068
0.00167291
0.00183369
5.7683e-05
0
0
0
1683487802.54487
msg_begin
7.75776e+06
-363842
-2.50022
0.000394873
3.67835e-05
0.000224969
0
0
0
1683487802.59404
msg_begin
7.75776e+06
-363842
-2.4985
0.00547475
0.00394486
0.0003396
0
0
0
1683487802.64414
msg_begin
7.75776e+06
-363842
-2.50102
0.00908278
0.00684894
0.00113333
0
0
0
1683487802.69429
msg_begin
7.75776e+06
-363842
-2.50114
0.00230906
0.000842943
5.50987e-05
0
0
0
1683487802.74533
msg_begin
7.75776e+06
-363842
-2.5022
0.00135187
0.014309
0.000557555
0
0
0
1683487802.79445
msg_begin
7.75776e+06
-363842
-2.50009
0.000329148
0.000689471
0.000145136
0
0
0
1683487802.84462
msg_begin
7.75776e+06
-363843
-2.50282
0.00629268
0.00351101
0.000835282
0
0
0
1683487802.89472
msg_begin
7.75776e+06
-363843
-2.5036
0.0316561
0.0222147
0.000111205
0
0
0
1683487802.94574
msg_begin
7.75776e+06
-363843
-2.50137
0.00299801
0.0134174
0.000515126
0
0
0
1683487802.99479
msg_begin
7.75776e+06
-363843
-2.50023
0.00669944
0.0012746
0.000295868
0
0
0
1683487803.04477
msg_begin
7.75776e+06
-363843
-2.49838
0.000684203
0.0016577
0.000254507
0
0
0
1683487803.09481
msg_begin
7.75776e+06
-363844
-2.50096
0.00104883
0.000956344
5.47598e-05
0
0
0
1683487803.14595
msg_begin
7.75776e+06
-363844
-2.50094
0.0306704
0.0106423
0.00171496
0
0
0
1683487803.19480
msg_begin
7.75776e+06
-363844
-2.5007
0.0080852
0.0122111
0.000809889
0
0
0
1683487803.24478
msg_begin
7.75776e+06
-363844
-2.50099
0.0230026
0.0152215
0.00242054
0
0
0
1683487803.29479
msg_begin
7.75776e+06
-363844
-2.4997
0.00851826
0.0089821
0.000882695
0
0
0
1683487803.34542
msg_begin
7.75775e+06
-363845
-2.50003
0.00957667
0.0051176
0.000157445
0
0
0
1683487803.39480
msg_begin
7.75775e+06
-363845
-2.49956
0.00503967
0.00463281
0.000555427
0
0
0
1683487803.44476
msg_begin
7.75775e+06
-363845
-2.49924
0.000183129
0.000698728
3.91056e-05
0
0
0
1683487803.49475
msg_begin
7.75775e+06
-363845
-2.49858
0.0704449
0.0513617
0.000914646
0
0
0
1683487803.54479
msg_begin
7.75775e+06
-363845
-2.50023
0.0046091
0.00326949
0.000374784
0
0
0
1683487803.59551
msg_begin
7.75775e+06
-363846
-2.49891
0.0142511
0.0136393
0.00100152
0
0
0
1683487803.64470
msg_begin
7.75775e+06
-363846
-2.49861
0.0150917
0.0159883
0.000582891
0
0
0
1683487803.69475
msg_begin
7.75775e+06
-363846
-2.49832
0.00614713
0.00185534
0.0003627
0
0
0
1683487803.74468
msg_begin
7.75775e+06
-363846
-2.49725
0.0159388
0.0188357
0.000724784
0
0
0
1683487803.79511
msg_begin
7.75775e+06
-363846
-2.49885
0.000585227
0.00166263
0.000160288
0
0
0
1683487803.84464
msg_begin
7.75775e+06
-363847
-2.49878
0.00319205
0.00553664
0.000205782
0
0
0
1683487803.89454
msg_begin
7.75775e+06
-363847
-2.49918
0.00129351
0.00360122
0.000215659
0
0
0
1683487803.94449
msg_begin
7.75775e+06
-363847
-2.49913
0.00473596
0.00674401
0.000513117
0
0
0
1683487803.99549
msg_begin
7.75775e+06
-363847
-2.49919
0.0010385
0.00144422
9.61333e-05
0
0
0
1683487804.04427
msg_begin
7.75775e+06
-363847
-2.49922
0.00110607
0.000692596
0.00019247
0
0
0
1683487804.09419
msg_begin
7.75775e+06
-363848
-2.50027
0.00266956
0.00217738
0.000156531
0
0
0
1683487804.14424
msg_begin
7.75775e+06
-363848
-2.50015
0.00478061
0.00797386
0.00069752
0
0
0
1683487804.19413
msg_begin
7.75775e+06
-363848
-2.49886
0.00347777
0.00823308
0.000715012
0
0
0
1683487804.24410
msg_begin
7.75775e+06
-363848
-2.49976
0.0134688
0.00722563
0.00124061
0
0
0
1683487804.29410
msg_begin
7.75775e+06
-363848
-2.50002
0.00448438
0.00381191
0.000304048
0
0
0
1683487804.34424
msg_begin
7.75775e+06
-363849
-2.50013
1.11759e-08
1.16415e-10
0
0
0
0
1683487804.39415
msg_begin
7.75775e+06
-363849
-2.50101
0.00751316
0.0084423
0.000388285
0
0
0
1683487804.44417
msg_begin
7.75775e+06
-363849
-2.50198
6.89179e-08
3.55067e-09
8.88178e-16
0
0
0
1683487804.49421
msg_begin
7.75775e+06
-363849
-2.50033
0.0116916
0.0140001
0.000780014
0
0
0
1683487804.54544
msg_begin
7.75775e+06
-363850
-2.50008
0.00583383
0.00817007
0.00049931
0
0
0
1683487804.59428
msg_begin
7.75775e+06
-363850
-2.50047
0.0396663
0.041837
0.00290477
0
0
0
1683487804.64431
msg_begin
7.75775e+06
-363850
-2.49619
0.0128165
0.00983779
0.000894647
0
0
0
1683487804.69436
msg_begin
7.75775e+06
-363850
-2.49809
0.00624797
0.0148335
0.000534425
0
0
0
1683487804.74540
msg_begin
7.75775e+06
-363851
-2.49694
0.0214569
0.0337445
0.000851162
0
0
0
1683487804.79436
msg_begin
7.75775e+06
-363851
-2.49818
0.00922868
0.00584018
0.000338749
0
0
0
1683487804.84435
msg_begin
7.75775e+06
-363851
-2.49881
0.00520426
0.0052773
0.000329975
0
0
0
1683487804.89434
msg_begin
7.75775e+06
-363851
-2.50044
0.00463422
0.00382123
0.000269176
0
0
0
1683487804.94546
msg_begin
7.75775e+06
-363851
-2.49782
0.00551937
0.00322456
0.000215823
0
0
0
1683487804.99429
msg_begin
7.75775e+06
-363852
-2.49758
0.0110273
0.00591767
0.000338161
0
0
0
1683487805.04423
msg_begin
7.75775e+06
-363852
-2.49804
0.0187286
0.0143519
0.000721521
0
0
0
1683487805.09421
msg_begin
7.75775e+06
-363852
-2.49915
0.00197305
0.00269412
9.69737e-05
0
0
0
1683487805.14529
msg_begin
7.75774e+06
-363852
-2.50099
0.00451908
0.00515194
0.00163007
0
0
0
1683487805.19413
msg_begin
7.75774e+06
-363853
-2.49806
0.00560682
0.00888332
0.000731836
0
0
0
1683487805.24397
msg_begin
7.75774e+06
-363853
-2.49776
0.0193644
0.012982
0.000518549
0
0
0
1683487805.29397
msg_begin
7.75774e+06
-363853
-2.50033
0.00407096
0.00588598
0.000252919
0
0
0
1683487805.34511
msg_begin
7.75774e+06
-363853
-2.49982
0.00300219
0.000998567
5.29763e-05
0
0
0
1683487805.39381
msg_begin
7.75774e+06
-363854
-2.49997
0.000637046
0.000343144
5.26634e-05
0
0
0
1683487805.44386
msg_begin
7.75774e+06
-363854
-2.50082
0.0439165
0.0255748
0.00112659
0
0
0
1683487805.49377
msg_begin
7.75774e+06
-363854
-2.4994
0.0164717
0.0147454
0.00128302
0
0
0
1683487805.54371
msg_begin
7.75774e+06
-363854
-2.50154
0.00346759
0.00247201
0.000429266
0
0
0
1683487805.59363
msg_begin
7.75774e+06
-363854
-2.49906
0.00119632
0.000894916
3.91139e-05
0
0
0
1683487805.64364
msg_begin
7.75774e+06
-363855
-2.49986
0.000700112
0.000586229
2.31862e-05
0
0
0
1683487805.69358
msg_begin
7.75774e+06
-363855
-2.49923
6.51926e-09
1.92085e-09
2.22045e-15
0
0
0
1683487805.74353
msg_begin
7.75774e+06
-363855
-2.50002
0.0144074
0.0129509
0.000586681
0
0
0
1683487805.79353
msg_begin
7.75774e+06
-363855
-2.50014
0.00609804
0.00847484
0.000911325
0
0
0
1683487805.84350
msg_begin
7.75774e+06
-363856
-2.49961
0.00298978
0.0181808
0.000207842
0
0
0
1683487805.89358
msg_begin
7.75774e+06
-363856
-2.49827
0.00353549
0.00293113
0.000276742
0
0
0
1683487805.94365
msg_begin
7.75774e+06
-363856
-2.49907
0.0236866
0.0297755
0.000261833
0
0
0
1683487805.99369
msg_begin
7.75774e+06
-363856
-2.49833
0.00424635
0.00220267
0.000237621
0
0
0
1683487806.04368
msg_begin
7.75774e+06
-363857
-2.49884
0.00419604
0.0012411
0.000179913
0
0
0
1683487806.09368
msg_begin
7.75774e+06
-363857
-2.49966
0.00141659
0.00498316
8.35074e-05
0
0
0
1683487806.14373
msg_begin
7.75774e+06
-363857
-2.50087
0.0106399
0.00994716
0.000345373
0
0
0
1683487806.19370
msg_begin
7.75774e+06
-363857
-2.50073
0.00124987
0.00359848
0.000440694
0
0
0
1683487806.24380
msg_begin
7.75774e+06
-363858
-2.50268
0.00935931
0.0113697
0.000811709
0
0
0
1683487806.29376
msg_begin
7.75774e+06
-363858
-2.50083
0.00389347
0.00221179
0.000366304
0
0
0
1683487806.34369
msg_begin
7.75774e+06
-363858
-2.49897
0.00273143
0.00325137
0.000128098
0
0
0
1683487806.39376
msg_begin
7.75774e+06
-363858
-2.4986
0.00382188
0.00739589
6.50574e-05
0
0
0
1683487806.44376
msg_begin
7.75774e+06
-363858
-2.50164
0.00319237
0.001586
0.000185632
0
0
0
1683487806.49384
msg_begin
7.75774e+06
-363859
-2.50066
0.00465515
0.00233381
0.000841355
0
0
0
1683487806.54469
msg_begin
7.75774e+06
-363859
-2.50044
2.79397e-09
1.92085e-09
5.77316e-15
0
0
0
1683487806.59376
msg_begin
7.75774e+06
-363859
-2.50042
0.00960865
0.00638305
2.70267e-05
0
0
0
1683487806.64375
msg_begin
7.75774e+06
-363859
-2.49916
0.000253665
0.000184212
3.23878e-05
0
0
0
1683487806.69375
msg_begin
7.75774e+06
-363860
-2.4985
0.00739715
0.00779813
0.000504701
0
0
0
1683487806.74445
msg_begin
7.75774e+06
-363860
-2.49891
0.00222431
0.00581813
0.000218772
0
0
0
1683487806.79369
msg_begin
7.75773e+06
-363860
-2.49822
0.00387205
0.00340016
4.00124e-05
0
0
0
1683487806.84367
msg_begin
7.75773e+06
-363860
-2.50065
0.00761168
0.0106088
0.000418289
0
0
0
1683487806.89360
msg_begin
7.75773e+06
-363861
-2.49901
0.00143376
0.00206628
0.000115998
0
0
0
1683487806.94447
msg_begin
7.75773e+06
-363861
-2.5028
9.92698e-05
0.0022141
0.000192659
0
0
0
1683487806.99349
msg_begin
7.75773e+06
-363861
-2.5018
0.00665943
0.00069633
9.79957e-05
0
0
0
1683487807.04343
msg_begin
7.75773e+06
-363861
-2.5019
2.70084e-08
2.44472e-09
2.22045e-15
0
0
0
1683487807.09332
msg_begin
7.75773e+06
-363861
-2.50124
0.0137814
0.00971164
0.000433065
0
0
0
1683487807.14441
msg_begin
7.75773e+06
-363862
-2.50524
0.00150496
0.000940832
0.000243118
0
0
0
1683487807.24329
msg_begin
7.75773e+06
-363862
-2.50384
0.00272915
0.00333623
0.00011185
0
0
0
1683487807.29333
msg_begin
7.75773e+06
-363863
-2.50349
0.00146877
0.0043471
9.97333e-06
0
0
0
1683487807.39313
msg_begin
7.75773e+06
-363863
-2.5027
0.0126474
0.0107075
0.000440256
0
0
0
1683487807.44313
msg_begin
7.75773e+06
-363863
-2.50757
1.21072e-08
1.39698e-09
2.66454e-15
0
0
0
1683487807.49309
msg_begin
7.75773e+06
-363863
-2.50885
0.00072644
0.000667103
3.85356e-05
0
0
0
1683487807.54304
msg_begin
7.75773e+06
-363863
-2.50731
0.0151331
0.00940221
0.000756183
0
0
0
1683487807.59292
msg_begin
7.75773e+06
-363864
-2.50703
0.00131368
0.000189942
0.000186103
0
0
0
1683487807.64296
msg_begin
7.75773e+06
-363864
-2.50622
0.00485687
0.00708539
0.000455721
0
0
0
1683487807.69284
msg_begin
7.75773e+06
-363864
-2.50343
0.0160043
0.00105021
0.00038224
0
0
0
1683487807.74286
msg_begin
7.75773e+06
-363864
-2.50597
0.00497692
0.00434264
0.000229263
0
0
0
1683487807.79279
msg_begin
7.75773e+06
-363865
-2.50399
0.00428667
0.0150353
0.000441871
0
0
0
1683487807.84273
msg_begin
7.75773e+06
-363865
-2.50385
0.010947
0.0082616
0.000543189
0
0
0
1683487807.89267
msg_begin
7.75773e+06
-363865
-2.50191
0.00556932
0.00354943
0.000282088
0
0
0
1683487807.94262
msg_begin
7.75773e+06
-363865
-2.50106
0.000926888
0.00270002
0.000345128
0
0
0
1683487807.99255
msg_begin
7.75773e+06
-363865
-2.50033
0.000564911
0.00471712
0.000299055
0
0
0
1683487808.04259
msg_begin
7.75773e+06
-363866
-2.50187
0.000906218
0.000676434
4.50754e-05
0
0
0
1683487808.09256
msg_begin
7.75773e+06
-363866
-2.50255
0.00348615
0.00261369
0.000184151
0
0
0
1683487808.14254
msg_begin
7.75773e+06
-363866
-2.5016
0.000500875
0.000177895
0.000106427
0
0
0
1683487808.19246
msg_begin
7.75773e+06
-363866
-2.5018
0.00209851
0.00176889
0.000113263
0
0
0
1683487808.24257
msg_begin
7.75773e+06
-363866
-2.50234
0.0096307
0.00989108
0.0001692
0
0
0
1683487808.29263
msg_begin
7.75773e+06
-363866
-2.50139
0.00181051
0.00122129
7.34837e-05
0
0
0
1683487808.34260
msg_begin
7.75773e+06
-363867
-2.49855
0.00163442
0.000251503
0.000116998
0
0
0
1683487808.39263
msg_begin
7.75773e+06
-363867
-2.5001
0.0117753
0.00396033
0.000305055
0
0
0
1683487808.44261
msg_begin
7.75773e+06
-363867
-2.50289
0.000795722
0.00210906
0.000448543
0
0
0
1683487808.49265
msg_begin
7.75773e+06
-363867
-2.50022
0.0264595
0.0205633
0.0013218
0
0
0
1683487808.54330
msg_begin
7.75773e+06
-363867
-2.50624
0.003924
0.00425844
0.000358274
0
0
0
1683487808.59273
msg_begin
7.75773e+06
-363867
-2.50503
0.00455105
0.00221029
6.41422e-05
0
0
0
1683487808.64278
msg_begin
7.75773e+06
-363867
-2.50215
0.00227829
0.00132974
0.000390769
0
0
0
1683487808.69287
msg_begin
7.75772e+06
-363868
-2.50334
0.00682315
0.00332239
0.00060015
0
0
0
1683487808.74413
msg_begin
7.75772e+06
-363868
-2.50362
0.00138512
0.000684087
9.92072e-05
0
0
0
1683487808.79292
msg_begin
7.75772e+06
-363868
-2.50359
9.31323e-09
7.567e-10
4.88498e-15
0
0
0
1683487808.84305
msg_begin
7.75772e+06
-363868
-2.50288
0.00249944
0.00303317
0.000183746
0
0
0
1683487808.89316
msg_begin
7.75772e+06
-363868
-2.50278
0.000506879
0.00163908
7.79015e-05
0
0
0
1683487808.94417
msg_begin
7.75772e+06
-363868
-2.5021
0.00294525
0.0123854
0.000640505
0
0
0
1683487808.99332
msg_begin
7.75772e+06
-363868
-2.50317
0.0031711
0.00261893
0.000130839
0
0
0
1683487809.04348
msg_begin
7.75772e+06
-363868
-2.502
0.0022826
0.00687385
0.000163691
0
0
0
1683487809.09345
msg_begin
7.75772e+06
-363869
-2.50214
0.00871171
0.0134794
0.000544327
0
0
0
1683487809.14378
msg_begin
7.75772e+06
-363869
-2.50234
0.00459911
0.0116194
0.000865752
0
0
0
1683487809.19359
msg_begin
7.75772e+06
-363869
-2.50251
0.00236335
0.00368742
0.00017945
0
0
0
1683487809.24361
msg_begin
7.75772e+06
-363869
-2.50185
0.00177181
0.00360781
0.000284784
0
0
0
1683487809.29357
msg_begin
7.75772e+06
-363869
-2.50258
0.000132822
0.00019852
2.74541e-05
0
0
0
1683487809.34467
msg_begin
7.75772e+06
-363869
-2.50166
0.007452
0.00229579
0.000184157
0
0
0
1683487809.39348
msg_begin
7.75772e+06
-363869
-2.50235
0.0158455
0.0114004
0.000609556
0
0
0
1683487809.44348
msg_begin
7.75772e+06
-363869
-2.50498
0.0144171
0.0103554
0.00108372
0
0
0
1683487809.49339
msg_begin
7.75772e+06
-363869
-2.50506
0.00733422
0.00693603
0.000245491
0
0
0
1683487809.54335
msg_begin
7.75772e+06
-363869
-2.50325
0.00979771
0.00260114
0.000209878
0
0
0
1683487809.59332
msg_begin
7.75772e+06
-363870
-2.50286
0.00518214
0.0031662
7.83845e-05
0
0
0
1683487809.64329
msg_begin
7.75772e+06
-363870
-2.50444
7.54371e-08
4.07454e-10
5.32907e-15
0
0
0
1683487809.69325
msg_begin
7.75772e+06
-363870
-2.5068
0.00596787
0.00454872
0.000514949
0
0
0
1683487809.74317
msg_begin
7.75772e+06
-363870
-2.50575
4.47035e-08
3.14321e-09
2.66454e-15
0
0
0
1683487809.79315
msg_begin
7.75772e+06
-363870
-2.50598
0.00352412
0.00352033
0.000258942
0
0
0
1683487809.84301
msg_begin
7.75772e+06
-363870
-2.50572
0.00413829
0.00138461
0.000214368
0
0
0
1683487809.89293
msg_begin
7.75772e+06
-363870
-2.50376
0.00952326
0.00758316
0.000474962
0
0
0
1683487809.94288
msg_begin
7.75772e+06
-363870
-2.50059
4.56348e-08
2.56114e-09
3.10862e-15
0
0
0
1683487809.99280
msg_begin
7.75772e+06
-363870
-2.50112
0.00324018
0.00662725
0.000234506
0
0
0
1683487810.04272
msg_begin
7.75772e+06
-363870
-2.50264
0.0065693
0.00170643
0.000149216
0
0
0
1683487810.09275
msg_begin
7.75772e+06
-363870
-2.50111
0.00678265
0.00697759
0.00135593
0
0
0
1683487810.14274
msg_begin
7.75772e+06
-363871
-2.5035
1.02445e-08
2.38651e-09
3.10862e-15
0
0
0
1683487810.19274
msg_begin
7.75772e+06
-363871
-2.50459
0.00234154
0.00080116
1.16733e-06
0
0
0
1683487810.24274
msg_begin
7.75772e+06
-363871
-2.50535
0.000365546
0.0022722
0.00017465
0
0
0
1683487810.29276
msg_begin
7.75772e+06
-363871
-2.50432
0.00225018
0.0040111
0.000104518
0
0
0
1683487810.34282
msg_begin
7.75772e+06
-363871
-2.50338
0.00583754
0.00736257
0.000358673
0
0
0
1683487810.39283
msg_begin
7.75772e+06
-363871
-2.50246
0.0109105
0.0135738
0.00106935
0
0
0
1683487810.44286
msg_begin
7.75772e+06
-363871
-2.50023
0.00456913
0.0107731
0.000538068
0
0
0
1683487810.49285
msg_begin
7.75772e+06
-363871
-2.50145
0.0113517
0.019397
0.00165945
0
0
0
1683487810.54362
msg_begin
7.75772e+06
-363871
-2.50286
0.00453333
0.00477729
0.000138192
0
0
0
1683487810.59284
msg_begin
7.75772e+06
-363871
-2.50225
0.00160342
0.00210007
0.000118352
0
0
0
1683487810.64282
msg_begin
7.75772e+06
-363871
-2.49919
0.000741731
0.000703318
0.000178183
0
0
0
1683487810.69286
msg_begin
7.75772e+06
-363872
-2.49958
0.00493843
0.00888344
0.00120885
0
0
0
1683487810.74371
msg_begin
7.75772e+06
-363872
-2.50039
0.00343824
0.00310109
0.000200574
0
0
0
1683487810.79270
msg_begin
7.75772e+06
-363872
-2.50203
0.00907558
0.0043572
0.00021886
0
0
0
1683487810.84270
msg_begin
7.75772e+06
-363872
-2.5032
0.0113204
0.00351478
0.000334517
0
0
0
1683487810.89262
msg_begin
7.75772e+06
-363872
-2.5028
0.00217949
0.0020997
0.000210898
0
0
0
1683487810.94351
msg_begin
7.75772e+06
-363872
-2.50401
3.81842e-08
3.43425e-09
8.88178e-16
0
0
0
1683487810.99254
msg_begin
7.75772e+06
-363872
-2.50225
0.00224978
0.00747204
0.000226431
0
0
0
1683487811.04255
msg_begin
7.75772e+06
-363872
-2.50241
0.0205659
0.0099361
0.000533831
0
0
0
1683487811.09263
msg_begin
7.75772e+06
-363872
-2.50279
6.23986e-08
3.37604e-09
6.66134e-15
0
0
0
1683487811.14353
msg_begin
7.75772e+06
-363872
-2.50323
0.00662729
0.0104796
0.000615087
0
0
0
1683487811.19258
msg_begin
7.75772e+06
-363873
-2.49921
5.86733e-08
2.44472e-09
1.33227e-15
0
0
0
1683487811.24253
msg_begin
7.75772e+06
-363873
-2.49924
0.00329805
0.00264183
8.63574e-05
0
0
0
1683487811.29253
msg_begin
7.75772e+06
-363873
-2.49974
0.00125661
0.00207433
8.29216e-05
0
0
0
1683487811.34361
msg_begin
7.75772e+06
-363873
-2.50035
0.00752293
0.0150698
0.000428303
0
0
0
1683487811.39253
msg_begin
7.75772e+06
-363873
-2.50041
6.89179e-08
3.43425e-09
1.33227e-15
0
0
0
1683487811.44256
msg_begin
7.75772e+06
-363873
-2.49822
0.00952862
0.0121724
0.000784435
0
0
0
1683487811.49251
msg_begin
7.75772e+06
-363873
-2.49946
0.00145996
0.00097691
0.000130191
0
0
0
1683487811.54253
msg_begin
7.75772e+06
-363873
-2.50121
1.86265e-08
3.31784e-09
1.77636e-15
0
0
0
1683487811.59245
msg_begin
7.75772e+06
-363873
-2.50216
0.00323327
0.01138
0.000631764
0
0
0
1683487811.64243
msg_begin
7.75772e+06
-363874
-2.50184
0.00683909
0.0058861
0.000418163
0
0
0
1683487811.69248
msg_begin
7.75772e+06
-363874
-2.50096
0.009536
0.0122982
0.000347715
0
0
0
1683487811.74239
msg_begin
7.75772e+06
-363874
-2.5011
0.00238506
0.00289615
8.30983e-05
0
0
0
1683487811.79237
msg_begin
7.75772e+06
-363874
-2.50088
0.00289958
0.0018386
6.95732e-05
0
0
0
1683487811.84248
msg_begin
7.75772e+06
-363874
-2.50104
0.00670188
0.00209728
0.000218087
0
0
0
1683487811.89238
msg_begin
7.75772e+06
-363874
-2.50075
0.00272008
0.00387877
0.000275199
0
0
0
1683487811.94234
msg_begin
7.75772e+06
-363874
-2.49905
0.0010603
0.000633917
0.000113557
0
0
0
1683487811.99234
msg_begin
7.75772e+06
-363874
-2.49717
0.00476703
0.00239077
0.000658591
0
0
0
1683487812.04235
msg_begin
7.75772e+06
-363875
-2.49473
0.00399708
0.000863686
0.000211428
0
0
0
1683487812.09237
msg_begin
7.75772e+06
-363875
-2.49511
0.00395659
0.00170995
0.000631575
0
0
0
1683487812.14228
msg_begin
7.75772e+06
-363875
-2.49515
7.65461e-05
0.00067477
1.18717e-05
0
0
0
1683487812.24229
msg_begin
7.75772e+06
-363875
-2.49656
0.00369567
0.00791675
0.000374414
0
0
0
1683487812.29222
msg_begin
7.75771e+06
-363875
-2.49397
0.00294125
0.00535417
0.00022219
0
0
0
1683487812.34221
msg_begin
7.75771e+06
-363875
-2.49374
0.0075075
0.00451693
0.000534204
0
0
0
1683487812.39221
msg_begin
7.75771e+06
-363875
-2.49619
0.00269893
0.00206382
5.29665e-05
0
0
0
1683487812.44220
msg_begin
7.75771e+06
-363876
-2.49762
0.00282717
0.00830636
0.000143755
0
0
0
1683487812.49236
msg_begin
7.75771e+06
-363876
-2.49902
0.00526535
0.00596699
0.000498223
0
0
0
1683487812.54301
msg_begin
7.75771e+06
-363876
-2.49634
0.0190225
0.00758181
0.000988897
0
0
0
1683487812.59229
msg_begin
7.75771e+06
-363876
-2.49805
0.0264499
0.0167525
0.00153363
0
0
0
1683487812.64224
msg_begin
7.75771e+06
-363876
-2.49687
0.000920693
0.000540367
3.35863e-05
0
0
0
1683487812.69227
msg_begin
7.75771e+06
-363876
-2.49614
0.00260402
0.00154861
6.2832e-05
0
0
0
1683487812.74322
msg_begin
7.75771e+06
-363876
-2.49525
0.0102174
0.00768911
0.00148654
0
0
0
1683487812.79225
msg_begin
7.75771e+06
-363877
-2.49423
0.000428754
0.00188409
0.000132045
0
0
0
1683487812.84223
msg_begin
7.75771e+06
-363877
-2.49358
4.28408e-08
5.82077e-11
0
0
0
0
1683487812.89229
msg_begin
7.75771e+06
-363877
-2.4935
8.00937e-08
3.49246e-10
0
0
0
0
1683487812.94323
msg_begin
7.75771e+06
-363877
-2.49187
0.00447802
0.00386944
0.000889651
0
0
0
1683487812.99240
msg_begin
7.75771e+06
-363877
-2.49369
0.00425989
0.00155231
9.89877e-05
0
0
0
1683487813.04245
msg_begin
7.75771e+06
-363877
-2.49231
0.00175774
0.00305864
0.000168625
0
0
0
1683487813.09254
msg_begin
7.75771e+06
-363878
-2.49258
0.0110417
0.00660401
0.000468355
0
0
0
1683487813.14327
msg_begin
7.75771e+06
-363878
-2.49142
0.00122293
0.000369809
8.57629e-06
0
0
0
1683487813.19249
msg_begin
7.75771e+06
-363878
-2.48891
3.72529e-09
3.49246e-10
8.88178e-16
0
0
0
1683487813.24240
msg_begin
7.75771e+06
-363878
-2.48949
0.00189196
0.00199408
0.000159901
0
0
0
1683487813.29242
msg_begin
7.75771e+06
-363878
-2.49176
0.000475268
0.00306378
4.30489e-05
0
0
0
1683487813.34346
msg_begin
7.75771e+06
-363878
-2.49171
0.00769922
0.00461797
0.00192118
0
0
0
1683487813.39217
msg_begin
7.75771e+06
-363879
-2.49158
0.00267205
0.00199016
0.000120278
0
0
0
1683487813.44210
msg_begin
7.75771e+06
-363879
-2.49332
0.000346545
0.000370717
3.29842e-05
0
0
0
1683487813.49200
msg_begin
7.75771e+06
-363879
-2.49115
0.000550368
0.000364338
1.11121e-05
0
0
0
1683487813.54192
msg_begin
7.75771e+06
-363879
-2.49329
0.00417837
0.00515651
0.000205037
0
0
0
1683487813.59186
msg_begin
7.75771e+06
-363879
-2.49112
0.0115414
0.00446193
0.000352636
0
0
0
1683487813.64175
msg_begin
7.75771e+06
-363879
-2.49551
0.00843609
0.00707106
0.000607855
0
0
0
1683487813.69165
msg_begin
7.75771e+06
-363880
-2.4967
0.00756928
0.00645876
0.000166315
0
0
0
1683487813.74157
msg_begin
7.75771e+06
-363880
-2.49772
0.00404874
0.0025308
0.000158773
0
0
0
1683487813.79159
msg_begin
7.75771e+06
-363880
-2.49641
0.0070505
0.00203836
0.000463874
0
0
0
1683487813.84159
msg_begin
7.75771e+06
-363880
-2.49618
0.0181505
0.00388139
0.00115244
0
0
0
1683487813.89157
msg_begin
7.75771e+06
-363880
-2.49716
0.00355832
0.00617233
0.000520171
0
0
0
1683487813.94154
msg_begin
7.75771e+06
-363881
-2.49807
8.84756e-08
1.86265e-09
8.88178e-16
0
0
0
1683487813.99170
msg_begin
7.75771e+06
-363881
-2.50173
0.00368855
0.0152575
0.00168137
0
0
0
1683487814.04173
msg_begin
7.75771e+06
-363881
-2.50065
0.00374623
0.00546125
0.000371056
0
0
0
1683487814.09183
msg_begin
7.75771e+06
-363881
-2.50024
0.00433889
0.00293725
0.000313607
0
0
0
1683487814.14196
msg_begin
7.75771e+06
-363881
-2.49874
0.0108751
0.00209436
2.20936e-06
0
0
0
1683487814.19202
msg_begin
7.75771e+06
-363882
-2.49887
0.00843605
0.00700205
0.000203528
0
0
0
1683487814.24213
msg_begin
7.75771e+06
-363882
-2.49716
0.0156693
0.0115358
0.000662692
0
0
0
1683487814.29213
msg_begin
7.75771e+06
-363882
-2.49783
0.00319566
0.00367354
9.95938e-05
0
0
0
1683487814.34209
msg_begin
7.75771e+06
-363882
-2.499
0.0074952
0.00228604
0.000350526
0
0
0
1683487814.39211
msg_begin
7.75771e+06
-363882
-2.49905
0.0115402
0.00473637
0.00032793
0
0
0
1683487814.44209
msg_begin
7.75771e+06
-363882
-2.50032
0.011749
0.00211591
0.00127713
0
0
0
1683487814.49222
msg_begin
7.75771e+06
-363883
-2.50112
0.00809131
0.00200225
0.000525858
0
0
0
1683487814.54328
msg_begin
7.75771e+06
-363883
-2.50006
0.008915
0.000754201
0.000219836
0
0
0
1683487814.59194
msg_begin
7.7577e+06
-363883
-2.49675
0.00806767
0.0144595
0.000758127
0
0
0
1683487814.64204
msg_begin
7.7577e+06
-363883
-2.49932
0.00254036
0.00216508
0.000643886
0
0
0
1683487814.69197
msg_begin
7.7577e+06
-363883
-2.49817
0.0222574
0.0202483
0.000897967
0
0
0
1683487814.74280
msg_begin
7.7577e+06
-363884
-2.49833
0.0165025
0.0268142
0.0015101
0
0
0
1683487814.79200
msg_begin
7.7577e+06
-363884
-2.49834
0.00176596
0.00112021
0.000232492
0
0
0
1683487814.84200
msg_begin
7.7577e+06
-363884
-2.49678
7.26432e-08
2.79397e-09
5.32907e-15
0
0
0
1683487814.89247
msg_begin
7.7577e+06
-363884
-2.49499
0.00147866
0.00522721
0.000442136
0
0
0
1683487814.94317
msg_begin
7.7577e+06
-363884
-2.49795
0.00456286
0.00411225
2.55772e-05
0
0
0
1683487814.99206
msg_begin
7.7577e+06
-363885
-2.49706
0.0111164
0.00977693
0.000589891
0
0
0
1683487815.04205
msg_begin
7.7577e+06
-363885
-2.49719
0.00154898
0.00215141
4.48218e-05
0
0
0
1683487815.09251
msg_begin
7.7577e+06
-363885
-2.4989
0.0131745
0.00893159
0.0005292
0
0
0
1683487815.14308
msg_begin
7.7577e+06
-363885
-2.49986
0.00319968
0.00680093
0.000676195
0
0
0
1683487815.19199
msg_begin
7.7577e+06
-363885
-2.50158
0.00580936
0.00391137
0.000613949
0
0
0
1683487815.24196
msg_begin
7.7577e+06
-363886
-2.49968
2.14204e-08
1.74623e-10
3.10862e-15
0
0
0
1683487815.29184
msg_begin
7.7577e+06
-363886
-2.501
0.00896606
0.00262646
0.000609739
0
0
0
1683487815.34299
msg_begin
7.7577e+06
-363886
-2.49937
0.00528609
0.00320204
0.000633438
0
0
0
1683487815.39186
msg_begin
7.7577e+06
-363886
-2.50169
0.0167426
0.00546128
0.000392078
0
0
0
1683487815.44185
msg_begin
7.7577e+06
-363887
-2.50107
0.0261033
0.0225802
0.00119751
0
0
0
1683487815.49181
msg_begin
7.7577e+06
-363887
-2.50299
0.00315953
0.00238846
0.000353742
0
0
0
1683487815.54182
msg_begin
7.7577e+06
-363887
-2.50342
4.84288e-08
5.82077e-11
2.22045e-15
0
0
0
1683487815.59181
msg_begin
7.7577e+06
-363887
-2.50196
0.0145962
0.00782585
0.000477257
0
0
0
1683487815.64173
msg_begin
7.7577e+06
-363887
-2.49887
0.0362263
0.0345589
0.00126242
0
0
0
1683487815.69167
msg_begin
7.7577e+06
-363888
-2.49522
0.000307479
0.000387017
1.6346e-05
0
0
0
1683487815.74185
msg_begin
7.7577e+06
-363888
-2.49897
0.015355
0.0163115
0.00081293
0
0
0
1683487815.79181
msg_begin
7.7577e+06
-363888
-2.50228
0.0115049
0.00688053
0.000545194
0
0
0
1683487815.84168
msg_begin
7.7577e+06
-363888
-2.50095
1.86265e-08
1.68802e-09
0
0
0
0
1683487815.89170
msg_begin
7.7577e+06
-363889
-2.4979
0.0031568
0.00245061
0.00110952
0
0
0
1683487815.94167
msg_begin
7.7577e+06
-363889
-2.49702
0.0252405
0.0261203
0.00115246
0
0
0
1683487815.99163
msg_begin
7.7577e+06
-363889
-2.49755
0.000496466
0.00646078
7.13168e-05
0
0
0
1683487816.04159
msg_begin
7.7577e+06
-363889
-2.49713
0.0022491
0.00477442
0.000340975
0
0
0
1683487816.09159
msg_begin
7.7577e+06
-363889
-2.49582
0.00349079
0.00314344
0.000181151
0
0
0
1683487816.14156
msg_begin
7.7577e+06
-363890
-2.49312
0.00284501
0.00290523
0.00032739
0
0
0
1683487816.19155
msg_begin
7.7577e+06
-363890
-2.49055
0.0149153
0.0036104
0.000891743
0
0
0
1683487816.24153
msg_begin
7.7577e+06
-363890
-2.48818
0.000847394
0.000700909
0.000140639
0
0
0
1683487816.29163
msg_begin
7.7577e+06
-363890
-2.49163
0.00309016
0.00439607
0.000315957
0
0
0
1683487816.34161
msg_begin
7.7577e+06
-363891
-2.4934
0.0064754
0.00355586
0.000385141
0
0
0
1683487816.39170
msg_begin
7.75769e+06
-363891
-2.49417
0.0479889
0.0338311
0.00215238
0
0
0
1683487816.44171
msg_begin
7.75769e+06
-363891
-2.49219
0.00633448
0.00388207
0.000587084
0
0
0
1683487816.49183
msg_begin
7.75769e+06
-363891
-2.49331
0.00679959
0.0144912
0.000675887
0
0
0
1683487816.54240
msg_begin
7.75769e+06
-363892
-2.49353
0.0115534
0.00477517
0.000335927
0
0
0
1683487816.59176
msg_begin
7.75769e+06
-363892
-2.49339
0.00179973
0.0010309
0.00011828
0
0
0
1683487816.64173
msg_begin
7.75769e+06
-363892
-2.49255
0.000799656
0.000989481
8.68274e-05
0
0
0
1683487816.69176
msg_begin
7.75769e+06
-363892
-2.49284
0.000595938
0.000606319
0.00010038
0
0
0
1683487816.74289
msg_begin
7.75769e+06
-363893
-2.49281
0.000422713
2.36209e-05
2.15503e-05
0
0
0
1683487816.79165
msg_begin
7.75769e+06
-363893
-2.49268
0.00256975
0.00543106
0.000649369
0
0
0
1683487816.84169
msg_begin
7.75769e+06
-363893
-2.49176
0.0113404
0.00601579
0.00144567
0
0
0
1683487816.89189
msg_begin
7.75769e+06
-363893
-2.49245
0.00120891
0.000825275
0.000206783
0
0
0
1683487816.94263
msg_begin
7.75769e+06
-363893
-2.49209
0.00626811
0.00622663
0.000805029
0
0
0
1683487816.99170
msg_begin
7.75769e+06
-363894
-2.49358
0.00608508
0.0035472
0.000219258
0
0
0
1683487817.04164
msg_begin
7.75769e+06
-363894
-2.49325
0.00232797
0.00252948
0.000276759
0
0
0
1683487817.09168
msg_begin
7.75769e+06
-363894
-2.49285
0.00232698
0.00149811
0.000154133
0
0
0
1683487817.14281
msg_begin
7.75769e+06
-363895
-2.49851
5.58794e-09
7.567e-10
4.44089e-16
0
0
0
1683487817.19166
msg_begin
7.75769e+06
-363895
-2.49911
0.0138991
0.0127146
0.000860878
0
0
0
1683487817.24167
msg_begin
7.75769e+06
-363895
-2.49699
0.00238322
0.0030834
0.000218806
0
0
0
1683487817.29176
msg_begin
7.75769e+06
-363895
-2.49639
0.000458866
0.00115006
5.17063e-05
0
0
0
1683487817.34273
msg_begin
7.75769e+06
-363896
-2.49547
0.0230584
0.0261433
0.000991787
0
0
0
1683487817.39175
msg_begin
7.75769e+06
-363896
-2.49586
0.0022051
0.003934
0.000231807
0
0
0
1683487817.44164
msg_begin
7.75769e+06
-363896
-2.49741
0.02021
0.0259354
0.000739011
0
0
0
1683487817.49157
msg_begin
7.75769e+06
-363896
-2.49923
0.00322002
0.00565934
0.000764032
0
0
0
1683487817.54156
msg_begin
7.75769e+06
-363897
-2.49689
0.0128159
0.00991878
0.000296009
0
0
0
1683487817.59155
msg_begin
7.75769e+06
-363897
-2.49667
0.000678812
0.00216586
9.80292e-05
0
0
0
1683487817.64150
msg_begin
7.75769e+06
-363897
-2.49764
0.00204198
0.00635053
0.000218147
0
0
0
1683487817.69142
msg_begin
7.75769e+06
-363897
-2.49719
0.00281211
0.00248664
0.000219558
0
0
0
1683487817.74138
msg_begin
7.75769e+06
-363897
-2.49859
0.0448288
0.0185841
0.000687384
0
0
0
1683487817.79139
msg_begin
7.75769e+06
-363898
-2.50001
3.72529e-09
9.31323e-10
4.44089e-16
0
0
0
1683487817.84141
msg_begin
7.75769e+06
-363898
-2.50025
0.00249559
0.00358223
9.11675e-05
0
0
0
1683487817.89136
msg_begin
7.75768e+06
-363898
-2.49981
0.00248
0.00138565
0.000228147
0
0
0
1683487817.94186
msg_begin
7.75768e+06
-363899
-2.49989
0.00996665
0.0170954
0.000579106
0
0
0
1683487817.99134
msg_begin
7.75768e+06
-363899
-2.5031
1.11759e-08
2.79397e-09
2.66454e-15
0
0
0
1683487818.04130
msg_begin
7.75768e+06
-363899
-2.50125
0.000532958
0.000501512
3.42828e-05
0
0
0
1683487818.09131
msg_begin
7.75768e+06
-363899
-2.50051
0.000385908
0.00048508
3.51857e-05
0
0
0
1683487818.14130
msg_begin
7.75768e+06
-363900
-2.50172
0.00416794
0.0133868
0.00146092
0
0
0
1683487818.19130
msg_begin
7.75768e+06
-363900
-2.50446
0.0016494
0.00192304
0.000247868
0
0
0
1683487818.24122
msg_begin
7.75768e+06
-363900
-2.50694
0.00814948
0.0103216
0.000566922
0
0
0
1683487818.29124
msg_begin
7.75768e+06
-363901
-2.50702
0.0132045
0.00932448
0.000276069
0
0
0
1683487818.34126
msg_begin
7.75768e+06
-363901
-2.50853
0.0147171
0.0165068
0.000967413
0
0
0
1683487818.39122
msg_begin
7.75768e+06
-363901
-2.50951
0.00416444
0.00434798
0.000551499
0
0
0
1683487818.44232
msg_begin
7.75768e+06
-363901
-2.5079
0.019215
0.0166569
0.000509056
0
0
0
1683487818.49158
msg_begin
7.75768e+06
-363902
-2.50739
0.0102583
0.0214558
0.00163244
0
0
0
1683487818.54247
msg_begin
7.75768e+06
-363902
-2.50796
0.00803131
0.0207917
0.000660179
0
0
0
1683487818.59114
msg_begin
7.75768e+06
-363902
-2.51158
0.00235785
0.00450648
0.000382447
0
0
0
1683487818.64119
msg_begin
7.75768e+06
-363902
-2.51365
0.00855307
0.0034913
0.000625677
0
0
0
1683487818.69121
msg_begin
7.75768e+06
-363903
-2.51432
0.00345965
0.00151615
5.26515e-05
0
0
0
1683487818.74206
msg_begin
7.75768e+06
-363903
-2.51265
0.0199221
0.012885
0.00112644
0
0
0
1683487818.79113
msg_begin
7.75768e+06
-363903
-2.51348
0.0138613
0.0123893
0.000625666
0
0
0
1683487818.84112
msg_begin
7.75768e+06
-363904
-2.514
0.00787895
0.00381165
0.000412117
0
0
0
1683487818.89117
msg_begin
7.75768e+06
-363904
-2.51533
0.0059895
0.0151301
0.000775412
0
0
0
1683487818.94207
msg_begin
7.75768e+06
-363904
-2.51397
0.0271158
0.0193104
0.00212918
0
0
0
1683487818.99115
msg_begin
7.75768e+06
-363904
-2.51527
0.00326623
0.00138032
0.000183791
0
0
0
1683487819.04123
msg_begin
7.75768e+06
-363905
-2.5162
0.00137436
0.00568155
0.000901436
0
0
0
1683487819.09136
msg_begin
7.75768e+06
-363905
-2.51454
0.0214066
0.00136811
0.000619575
0
0
0
1683487819.14249
msg_begin
7.75768e+06
-363905
-2.5181
0.046133
0.027449
0.000522935
0
0
0
1683487819.19138
msg_begin
7.75768e+06
-363906
-2.5178
0.000221299
0.000368922
6.54641e-05
0
0
0
1683487819.24143
msg_begin
7.75768e+06
-363906
-2.51656
0.000392152
0.00020062
2.35861e-05
0
0
0
1683487819.29148
msg_begin
7.75767e+06
-363906
-2.51516
0.0120864
0.000421684
0.000500999
0
0
0
1683487819.34257
msg_begin
7.75767e+06
-363906
-2.51706
0.00344812
0.00789875
0.000145652
0
0
0
1683487819.39161
msg_begin
7.75767e+06
-363907
-2.51693
0.0477174
0.0280026
0.000336701
0
0
0
1683487819.44256
msg_begin
7.75767e+06
-363907
-2.51663
0.00453977
0.00798709
0.000719473
0
0
0
1683487819.49171
msg_begin
7.75767e+06
-363907
-2.51987
0.018644
0.0138632
0.00175712
0
0
0
1683487819.54287
msg_begin
7.75767e+06
-363908
-2.51892
0.00287971
0.00344725
0.000295122
0
0
0
1683487819.59166
msg_begin
7.75767e+06
-363908
-2.51724
0.00253202
0.00320766
0.000211374
0
0
0
1683487819.64167
msg_begin
7.75767e+06
-363908
-2.518
0.0034072
0.00282986
0.000453572
0
0
0
1683487819.69181
msg_begin
7.75767e+06
-363908
-2.5209
0.00811286
0.00350167
0.000491996
0
0
0
1683487819.74267
msg_begin
7.75767e+06
-363909
-2.52159
0.00264843
0.000677398
4.93697e-05
0
0
0
1683487819.79165
msg_begin
7.75767e+06
-363909
-2.52251
0.00361741
0.00144651
8.076e-05
0
0
0
1683487819.84155
msg_begin
7.75767e+06
-363909
-2.52111
0.000146181
0.000860713
4.64158e-05
0
0
0
1683487819.89154
msg_begin
7.75767e+06
-363909
-2.52065
0.00768283
0.00847785
0.00103383
0
0
0
1683487819.94246
msg_begin
7.75767e+06
-363910
-2.51966
0.0464041
0.030233
0.00195577
0
0
0
1683487819.99129
msg_begin
7.75767e+06
-363910
-2.51998
0.00197773
0.00290056
0.000599799
0
0
0
1683487820.04118
msg_begin
7.75767e+06
-363910
-2.52235
0.0184937
0.0211942
0.00095583
0
0
0
1683487820.09113
msg_begin
7.75767e+06
-363911
-2.51879
0.00197475
0.000680511
0.000120093
0
0
0
1683487820.14221
msg_begin
7.75767e+06
-363911
-2.52101
0.00408296
0.00200007
0.000114443
0
0
0
1683487820.19092
msg_begin
7.75767e+06
-363911
-2.52124
0.00211541
0.00202314
0.000181887
0
0
0
1683487820.24082
msg_begin
7.75767e+06
-363912
-2.51997
0.00117988
0.000231842
1.56401e-05
0
0
0
1683487820.29070
msg_begin
7.75767e+06
-363912
-2.5183
0.0218533
0.0248029
0.00178905
0
0
0
1683487820.34144
msg_begin
7.75767e+06
-363912
-2.52232
0.0190978
0.0155426
0.00138911
0
0
0
1683487820.39055
msg_begin
7.75767e+06
-363912
-2.52309
0.000298981
0.00039916
8.77037e-06
0
0
0
1683487820.44057
msg_begin
7.75767e+06
-363913
-2.52253
0.000890368
0.00154225
1.0488e-05
0
0
0
1683487820.49038
msg_begin
7.75767e+06
-363913
-2.52201
0.0118912
0.00380945
0.00103936
0
0
0
1683487820.54034
msg_begin
7.75766e+06
-363913
-2.52129
0.00513009
0.00535394
0.000587363
0
0
0
1683487820.59026
msg_begin
7.75766e+06
-363914
-2.51968
0.000325713
0.00126983
0.000121777
0
0
0
1683487820.64025
msg_begin
7.75766e+06
-363914
-2.52171
0.000796442
0.00161398
0.000167375
0
0
0
1683487820.69014
msg_begin
7.75766e+06
-363914
-2.52139
0.00866095
0.0168222
0.000304815
0
0
0
1683487820.74008
msg_begin
7.75766e+06
-363914
-2.51998
2.79397e-09
3.0268e-09
1.33227e-15
0
0
0
1683487820.79004
msg_begin
7.75766e+06
-363915
-2.52076
0.0126707
0.00377007
0.000718329
0
0
0
1683487820.84004
msg_begin
7.75766e+06
-363915
-2.52133
0.00721953
0.00865621
0.000550995
0
0
0
1683487820.89002
msg_begin
7.75766e+06
-363915
-2.51882
0.0187417
0.00995769
0.000828318
0
0
0
1683487820.93992
msg_begin
7.75766e+06
-363916
-2.5173
0.0142295
0.00407103
0.000589601
0
0
0
1683487820.98982
msg_begin
7.75766e+06
-363916
-2.52131
0.000784868
0.00024202
1.23579e-05
0
0
0
1683487821.03976
msg_begin
7.75766e+06
-363916
-2.52004
0.014973
0.0175979
0.0016077
0
0
0
1683487821.08973
msg_begin
7.75766e+06
-363917
-2.51875
0.000844428
0.000525956
9.93068e-05
0
0
0
1683487821.13961
msg_begin
7.75766e+06
-363917
-2.52008
7.72998e-08
6.98492e-10
4.44089e-16
0
0
0
1683487821.18954
msg_begin
7.75766e+06
-363917
-2.52411
0.00143278
0.00150071
0.00132086
0
0
0
1683487821.23946
msg_begin
7.75766e+06
-363918
-2.52207
0.00117084
5.78223e-05
2.49903e-05
0
0
0
1683487821.28955
msg_begin
7.75766e+06
-363918
-2.52015
0.00270623
0.00360454
0.000290816
0
0
0
1683487821.33957
msg_begin
7.75766e+06
-363918
-2.51757
0.0261714
0.0112336
0.000979126
0
0
0
1683487821.38945
msg_begin
7.75766e+06
-363918
-2.51552
0.0044446
0.000860324
0.000485686
0
0
0
1683487821.44043
msg_begin
7.75766e+06
-363919
-2.5173
0.0439587
0.0264254
0.000944139
0
0
0
1683487821.48952
msg_begin
7.75766e+06
-363919
-2.51699
0.0484246
0.0252519
0.00125459
0
0
0
1683487821.54035
msg_begin
7.75766e+06
-363919
-2.51441
0.00153949
0.00144584
0.000652632
0
0
0
1683487821.58964
msg_begin
7.75766e+06
-363920
-2.51298
9.31323e-09
1.16415e-10
2.22045e-15
0
0
0
1683487821.63978
msg_begin
7.75766e+06
-363920
-2.51562
0.00281679
0.00843554
0.000788515
0
0
0
1683487821.68977
msg_begin
7.75766e+06
-363920
-2.51455
0.00118891
0.000282313
8.67461e-05
0
0
0
1683487821.74083
msg_begin
7.75766e+06
-363921
-2.51621
0.00256278
0.00197872
0.000395315
0
0
0
1683487821.78991
msg_begin
7.75765e+06
-363921
-2.51414
0.007233
0.00426132
0.000369236
0
0
0
1683487821.83991
msg_begin
7.75765e+06
-363921
-2.51201
0.0118894
0.00737614
0.000658183
0
0
0
1683487821.88991
msg_begin
7.75765e+06
-363922
-2.51885
0.00906004
0.00594516
0.00100683
0
0
0
1683487821.94063
msg_begin
7.75765e+06
-363922
-2.51484
0.0281721
0.0203471
0.00162176
0
0
0
1683487821.98998
msg_begin
7.75765e+06
-363922
-2.51259
0.00300966
0.00882844
0.000714478
0
0
0
1683487822.03994
msg_begin
7.75765e+06
-363923
-2.51376
0.00333998
0.00328536
0.000353014
0
0
0
1683487822.09004
msg_begin
7.75765e+06
-363923
-2.51107
0.0232544
0.0179298
0.00119906
0
0
0
1683487822.14061
msg_begin
7.75765e+06
-363923
-2.51395
0.00678782
0.00727649
0.000491303
0
0
0
1683487822.18988
msg_begin
7.75765e+06
-363923
-2.51492
0.00471792
0.00361552
0.000521996
0
0
0
1683487822.23988
msg_begin
7.75765e+06
-363924
-2.51169
0.00404625
0.000992586
0.000101808
0
0
0
1683487822.28986
msg_begin
7.75765e+06
-363924
-2.51078
0.00385852
0.00254052
4.01567e-05
0
0
0
1683487822.34053
msg_begin
7.75765e+06
-363924
-2.51305
0.00535646
0.0056425
0.000411535
0
0
0
1683487822.38979
msg_begin
7.75765e+06
-363925
-2.5113
0.00939375
0.0030982
0.00046268
0
0
0
1683487822.44040
msg_begin
7.75765e+06
-363925
-2.50936
8.56817e-08
1.16415e-10
0
0
0
0
1683487822.48987
msg_begin
7.75765e+06
-363925
-2.50785
0.0110915
0.0115503
0.00072805
0
0
0
1683487822.54067
msg_begin
7.75765e+06
-363926
-2.50968
0.00729485
0.0109275
0.00113731
0
0
0
1683487822.58990
msg_begin
7.75765e+06
-363926
-2.50676
0.00257112
0.00339949
5.65303e-05
0
0
0
1683487822.63992
msg_begin
7.75765e+06
-363926
-2.50626
0.00628165
0.00159882
0.000125216
0
0
0
1683487822.68993
msg_begin
7.75765e+06
-363927
-2.50651
0.0261963
0.0168277
0.00116511
0
0
0
1683487822.74067
msg_begin
7.75765e+06
-363927
-2.50852
0.0108544
0.00455931
0.000341799
0
0
0
1683487822.78996
msg_begin
7.75765e+06
-363927
-2.5075
0.000745004
8.77455e-05
1.44991e-05
0
0
0
1683487822.83998
msg_begin
7.75765e+06
-363928
-2.50764
0.0055177
0.00661863
0.000321581
0
0
0
1683487822.89006
msg_begin
7.75765e+06
-363928
-2.5069
4.84288e-08
2.15368e-09
4.44089e-15
0
0
0
1683487822.94103
msg_begin
7.75764e+06
-363928
-2.50329
0.00744264
0.0055587
0.000725607
0
0
0
1683487822.99008
msg_begin
7.75764e+06
-363929
-2.50328
0.00398983
0.00349746
0.000427231
0
0
0
1683487823.04011
msg_begin
7.75764e+06
-363929
-2.50396
0.0298024
0.0155701
0.000971695
0
0
0
1683487823.09022
msg_begin
7.75764e+06
-363929
-2.50407
1.02445e-08
5.82077e-11
8.88178e-16
0
0
0
1683487823.14107
msg_begin
7.75764e+06
-363930
-2.50313
8.56817e-08
2.32831e-09
1.33227e-15
0
0
0
1683487823.19020
msg_begin
7.75764e+06
-363930
-2.50291
6.89709e-05
0.000162273
2.27117e-05
0
0
0
1683487823.24016
msg_begin
7.75764e+06
-363930
-2.50201
0.000272948
0.000227281
4.03482e-05
0
0
0
1683487823.29024
msg_begin
7.75764e+06
-363931
-2.50338
0.00725394
0.00523273
0.000369475
0
0
0
1683487823.34096
msg_begin
7.75764e+06
-363931
-2.50091
0.00181611
0.000743422
0.000984901
0
0
0
1683487823.39019
msg_begin
7.75764e+06
-363931
-2.50086
0.0142835
0.00575569
0.000220734
0
0
0
1683487823.44110
msg_begin
7.75764e+06
-363931
-2.50122
0.015044
0.0182766
0.000736761
0
0
0
1683487823.49025
msg_begin
7.75764e+06
-363932
-2.49869
0.000536705
0.000167178
8.99893e-05
0
0
0
1683487823.54140
msg_begin
7.75764e+06
-363932
-2.49961
0.0241387
0.0149869
0.000363879
0
0
0
1683487823.59026
msg_begin
7.75764e+06
-363932
-2.49806
0.0018016
0.00266849
0.000512728
0
0
0
1683487823.64029
msg_begin
7.75764e+06
-363933
-2.49914
0.000241353
0.000159249
1.82063e-05
0
0
0
1683487823.69031
msg_begin
7.75764e+06
-363933
-2.499
0.00568155
0.00324862
0.00064066
0
0
0
1683487823.74126
msg_begin
7.75764e+06
-363933
-2.49821
0.013929
0.00293747
0.000123465
0
0
0
1683487823.79025
msg_begin
7.75764e+06
-363934
-2.49733
3.44589e-08
1.16415e-10
4.44089e-16
0
0
0
1683487823.84026
msg_begin
7.75764e+06
-363934
-2.49418
0.000696012
0.0018353
0.000163115
0
0
0
1683487823.89024
msg_begin
7.75764e+06
-363934
-2.49424
0.0293134
0.0138741
0.00149166
0
0
0
1683487823.94096
msg_begin
7.75764e+06
-363935
-2.49578
0.000172024
0.000237321
3.51942e-05
0
0
0
1683487823.99019
msg_begin
7.75764e+06
-363935
-2.49769
5.7742e-08
1.16415e-09
3.10862e-15
0
0
0
1683487824.04018
msg_begin
7.75764e+06
-363935
-2.4943
0.00757363
0.0082296
0.000294126
0
0
0
1683487824.09011
msg_begin
7.75764e+06
-363936
-2.49463
0.0161827
0.0106072
0.00133969
0
0
0
1683487824.14084
msg_begin
7.75764e+06
-363936
-2.49581
0.00068411
0.000365414
6.53152e-05
0
0
0
1683487824.19011
msg_begin
7.75763e+06
-363936
-2.49651
0.000906638
0.000156184
2.73706e-06
0
0
0
1683487824.24003
msg_begin
7.75763e+06
-363936
-2.49764
0.0126493
0.00513506
0.000585749
0
0
0
1683487824.29005
msg_begin
7.75763e+06
-363937
-2.49502
0.00210351
0.00306371
0.00012508
0
0
0
1683487824.34072
msg_begin
7.75763e+06
-363937
-2.49403
0.000619616
0.00355127
5.30616e-05
0
0
0
1683487824.38994
msg_begin
7.75763e+06
-363937
-2.49326
0.000728301
0.00238823
8.91855e-05
0
0
0
1683487824.44079
msg_begin
7.75763e+06
-363938
-2.49503
0.031408
0.0210121
0.00167245
0
0
0
1683487824.48991
msg_begin
7.75763e+06
-363938
-2.49438
0.0136136
0.0102681
0.00043206
0
0
0
1683487824.54088
msg_begin
7.75763e+06
-363938
-2.49382
0.0035192
0.00599445
8.64231e-05
0
0
0
1683487824.58980
msg_begin
7.75763e+06
-363939
-2.49721
4.65661e-09
1.10595e-09
2.66454e-15
0
0
0
1683487824.63971
msg_begin
7.75763e+06
-363939
-2.49413
0.00896948
0.000592395
0.000321809
0
0
0
1683487824.68972
msg_begin
7.75763e+06
-363939
-2.49351
0.00361643
0.00445435
0.000409843
0
0
0
1683487824.74078
msg_begin
7.75763e+06
-363940
-2.4953
0.0267202
0.0207412
0.00178315
0
0
0
1683487824.78982
msg_begin
7.75763e+06
-363940
-2.49167
8.75443e-08
2.91038e-09
1.77636e-15
0
0
0
1683487824.83984
msg_begin
7.75763e+06
-363940
-2.48943
1.49012e-08
2.44472e-09
1.77636e-15
0
0
0
1683487824.88996
msg_begin
7.75763e+06
-363940
-2.49391
0.0134228
0.00719452
0.000596907
0
0
0
1683487824.94072
msg_begin
7.75763e+06
-363941
-2.49431
0.00178292
0.000584994
2.19061e-05
0
0
0
1683487824.99000
msg_begin
7.75763e+06
-363941
-2.49586
0.00462889
0.00808082
0.000231092
0
0
0
1683487825.04010
msg_begin
7.75763e+06
-363941
-2.49341
0.000875854
0.00330601
0.000174727
0
0
0
1683487825.09019
msg_begin
7.75763e+06
-363942
-2.49198
8.10251e-08
2.91038e-10
0
0
0
0
1683487825.14086
msg_begin
7.75763e+06
-363942
-2.49381
0.0349573
0.0285632
0.000948777
0
0
0
1683487825.19036
msg_begin
7.75763e+06
-363942
-2.49544
0.00469591
0.00209671
0.000528724
0
0
0
1683487825.24044
msg_begin
7.75763e+06
-363942
-2.49495
5.21541e-08
2.32831e-10
2.66454e-15
0
0
0
1683487825.29046
msg_begin
7.75763e+06
-363943
-2.49596
0.0038424
0.00718745
0.000316253
0
0
0
1683487825.34153
msg_begin
7.75763e+06
-363943
-2.49552
2.32831e-08
5.82077e-10
4.44089e-16
0
0
0
1683487825.39063
msg_begin
7.75763e+06
-363943
-2.49401
0.00525703
0.000812707
9.82321e-05
0
0
0
1683487825.44132
msg_begin
7.75763e+06
-363943
-2.49437
0.000571415
0.000414928
3.5628e-05
0
0
0
1683487825.49088
msg_begin
7.75763e+06
-363944
-2.49412
0.0036623
0.0031387
3.46658e-05
0
0
0
1683487825.54181
msg_begin
7.75762e+06
-363944
-2.49402
0.00507033
0.000904092
3.04944e-05
0
0
0
1683487825.59078
msg_begin
7.75762e+06
-363944
-2.49509
0.0434961
0.0364043
0.00172249
0
0
0
1683487825.64075
msg_begin
7.75762e+06
-363945
-2.4969
0.000130183
0.00401277
5.08384e-05
0
0
0
1683487825.69079
msg_begin
7.75762e+06
-363945
-2.49334
0.00346875
0.00240141
1.39228e-05
0
0
0
1683487825.74186
msg_begin
7.75762e+06
-363945
-2.49449
0.00174568
0.00121149
0.000144114
0
0
0
1683487825.79071
msg_begin
7.75762e+06
-363945
-2.49389
0.000158286
0.000324992
0.000115998
0
0
0
1683487825.84064
msg_begin
7.75762e+06
-363946
-2.49442
0.00508798
0.00384962
0.000209618
0
0
0
1683487825.89068
msg_begin
7.75762e+06
-363946
-2.49331
0.00824969
0.00825649
0.000614141
0
0
0
1683487825.94185
msg_begin
7.75762e+06
-363946
-2.49373
0.00385897
0.00357358
0.000246135
0
0
0
1683487825.99052
msg_begin
7.75762e+06
-363946
-2.49153
0.00273136
0.00185265
0.000336074
0
0
0
1683487826.04056
msg_begin
7.75762e+06
-363946
-2.49222
0.00870872
0.00451918
0.000335876
0
0
0
1683487826.09058
msg_begin
7.75762e+06
-363947
-2.49031
0.0106783
0.00956789
0.000399378
0
0
0
1683487826.14136
msg_begin
7.75762e+06
-363947
-2.49107
0.00923378
0.00250109
0.000475591
0
0
0
1683487826.19036
msg_begin
7.75762e+06
-363947
-2.48973
0.00419406
0.0014037
0.000305364
0
0
0
1683487826.24032
msg_begin
7.75762e+06
-363947
-2.49091
0.00247854
0.00236222
2.44733e-05
0
0
0
1683487826.29029
msg_begin
7.75762e+06
-363948
-2.4934
0.0313533
0.0225339
0.000502863
0
0
0
1683487826.34123
msg_begin
7.75762e+06
-363948
-2.49298
0.00177383
0.00187102
0.00015542
0
0
0
1683487826.39017
msg_begin
7.75762e+06
-363948
-2.49401
0.0143428
0.0232387
0.0011379
0
0
0
1683487826.44062
msg_begin
7.75762e+06
-363948
-2.49221
0.0232944
0.0100098
0.00115553
0
0
0
1683487826.49009
msg_begin
7.75762e+06
-363949
-2.49384
0.00136327
0.000530968
7.41456e-05
0
0
0
1683487826.54083
msg_begin
7.75762e+06
-363949
-2.49475
0.00202874
0.00853959
0.00019129
0
0
0
1683487826.59006
msg_begin
7.75762e+06
-363949
-2.49779
5.40167e-08
1.5134e-09
3.55271e-15
0
0
0
1683487826.64001
msg_begin
7.75762e+06
-363949
-2.49851
0.00473459
0.00760417
0.000203307
0
0
0
1683487826.68995
msg_begin
7.75762e+06
-363950
-2.49867
0.00814914
0.0156025
0.000225062
0
0
0
1683487826.74092
msg_begin
7.75762e+06
-363950
-2.4964
0.0199128
0.00450486
0.000539793
0
0
0
1683487826.78991
msg_begin
7.75762e+06
-363950
-2.49647
0.0105022
0.00289189
0.000441251
0
0
0
1683487826.83988
msg_begin
7.75762e+06
-363950
-2.49433
0.0303104
0.0113724
0.00123508
0
0
0
1683487826.88984
msg_begin
7.75762e+06
-363950
-2.49237
0.0166868
0.000877333
0.000593116
0
0
0
1683487826.94099
msg_begin
7.75762e+06
-363951
-2.49316
0.0228286
0.00817163
0.000426234
0
0
0
1683487826.98982
msg_begin
7.75762e+06
-363951
-2.4923
0.00169292
0.00436007
7.32477e-05
0
0
0
1683487827.03985
msg_begin
7.75762e+06
-363951
-2.4971
0.00514852
0.0014237
0.000885704
0
0
0
1683487827.08989
msg_begin
7.75762e+06
-363951
-2.4938
0.00582974
0.00625953
0.000284356
0
0
0
1683487827.14075
msg_begin
7.75761e+06
-363951
-2.49263
0.0261614
0.0272573
0.000542608
0
0
0
1683487827.18988
msg_begin
7.75761e+06
-363952
-2.49247
0.00198718
0.00154165
0.000123251
0
0
0
1683487827.24001
msg_begin
7.75761e+06
-363952
-2.49432
0.00261631
0.00440333
0.000462061
0
0
0
1683487827.28986
msg_begin
7.75761e+06
-363952
-2.49665
0.00740816
0.00257071
0.000474632
0
0
0
1683487827.34109
msg_begin
7.75761e+06
-363952
-2.49415
0.00242312
0.00305859
0.00029345
0
0
0
1683487827.38990
msg_begin
7.75761e+06
-363953
-2.49665
0.000511385
2.77405e-05
2.03983e-05
0
0
0
1683487827.44065
msg_begin
7.75761e+06
-363953
-2.49669
0.0188993
0.00656143
0.000859747
0
0
0
1683487827.48994
msg_begin
7.75761e+06
-363953
-2.49398
0.00552559
0.00304952
5.80492e-05
0
0
0
1683487827.53992
msg_begin
7.75761e+06
-363953
-2.49443
0.0101808
0.00630308
0.000300061
0
0
0
1683487827.58992
msg_begin
7.75761e+06
-363953
-2.49205
0.00473152
0.00511475
0.000331733
0
0
0
1683487827.63997
msg_begin
7.75761e+06
-363954
-2.49383
0.0165447
0.00362665
0.00093275
0
0
0
1683487827.69000
msg_begin
7.75761e+06
-363954
-2.49496
0.00270482
0.000105832
6.75296e-05
0
0
0
1683487827.74002
msg_begin
7.75761e+06
-363954
-2.49154
0.00792069
0.00442019
0.000222933
0
0
0
1683487827.79007
msg_begin
7.75761e+06
-363954
-2.49056
0.0148917
0.0130371
0.000970625
0
0
0
1683487827.84009
msg_begin
7.75761e+06
-363954
-2.49048
0.0326916
0.0220785
0.000172931
0
0
0
1683487827.89011
msg_begin
7.75761e+06
-363954
-2.48766
8.47504e-08
4.19095e-09
2.66454e-15
0
0
0
1683487827.94014
msg_begin
7.75761e+06
-363955
-2.48623
0.00633646
0.00492163
0.00150854
0
0
0
1683487827.99015
msg_begin
7.75761e+06
-363955
-2.48832
0.00587002
0.00713541
0.000578083
0
0
0
1683487828.04022
msg_begin
7.75761e+06
-363955
-2.48792
0.00464045
0.00525953
0.000259615
0
0
0
1683487828.09013
msg_begin
7.75761e+06
-363955
-2.48987
0.0616536
0.0414799
0.00132704
0
0
0
1683487828.14018
msg_begin
7.75761e+06
-363955
-2.49287
0.0126088
0.0110969
0.00110122
0
0
0
1683487828.19013
msg_begin
7.75761e+06
-363956
-2.49226
0.0075798
0.0025744
0.000507929
0
0
0
1683487828.24011
msg_begin
7.75761e+06
-363956
-2.49019
0.0126371
0.00960993
0.000853541
0
0
0
1683487828.29005
msg_begin
7.75761e+06
-363956
-2.49079
0.00587066
0.00385164
0.00195233
0
0
0
1683487828.33995
msg_begin
7.75761e+06
-363956
-2.48917
8.47504e-08
1.16415e-09
1.33227e-15
0
0
0
1683487828.38986
msg_begin
7.75761e+06
-363956
-2.49286
4.84288e-08
5.23869e-10
1.33227e-15
0
0
0
1683487828.44075
msg_begin
7.75761e+06
-363956
-2.492
0.00040477
0.00114862
8.49453e-05
0
0
0
1683487828.48970
msg_begin
7.75761e+06
-363956
-2.49069
0.0260081
0.0178768
0.00151711
0
0
0
1683487828.54050
msg_begin
7.75761e+06
-363957
-2.48736
0.0122722
0.00771281
0.00124301
0
0
0
1683487828.58950
msg_begin
7.75761e+06
-363957
-2.48773
0.00887601
0.009028
0.00128652
0
0
0
1683487828.63939
msg_begin
7.75761e+06
-363957
-2.48695
0.00777236
0.00608001
0.00118917
0
0
0
1683487828.68936
msg_begin
7.75761e+06
-363957
-2.4863
0.00342368
0.00332913
0.000780893
0
0
0
1683487828.74013
msg_begin
7.75761e+06
-363957
-2.48642
0.0025822
0.00141535
0.000123508
0
0
0
1683487828.78923
msg_begin
7.75761e+06
-363957
-2.48608
0.00283253
0.00370287
0.000292407
0
0
0
1683487828.83922
msg_begin
7.75761e+06
-363957
-2.48677
0.00435706
0.00966175
0.000350107
0
0
0
1683487828.88931
msg_begin
7.75761e+06
-363958
-2.48685
0.00270077
0.00180523
0.000220263
0
0
0
1683487828.93999
msg_begin
7.75761e+06
-363958
-2.487
0.00220143
0.00190827
5.18948e-05
0
0
0
1683487828.98921
msg_begin
7.75761e+06
-363958
-2.48776
0.0157562
0.00597668
0.00120016
0
0
0
1683487829.03926
msg_begin
7.75761e+06
-363958
-2.48815
0.00144564
0.00646951
0.000370056
0
0
0
1683487829.08932
msg_begin
7.75761e+06
-363958
-2.48718
0.00811321
0.00563801
0.000247267
0
0
0
1683487829.14029
msg_begin
7.75761e+06
-363958
-2.48729
8.3819e-09
2.50293e-09
2.66454e-15
0
0
0
1683487829.18936
msg_begin
7.75761e+06
-363958
-2.48879
0.00376286
0.00440003
0.000915425
0
0
0
1683487829.23944
msg_begin
7.75761e+06
-363958
-2.48402
0.000428094
0.00105735
0.000146129
0
0
0
1683487829.28973
msg_begin
7.75761e+06
-363958
-2.48431
0.00297389
0.013485
0.000498323
0
0
0
1683487829.34063
msg_begin
7.75761e+06
-363959
-2.48472
0.0329649
0.0359076
0.0010586
0
0
0
1683487829.38962
msg_begin
7.75761e+06
-363959
-2.48372
0.0151317
0.00901467
0.000714959
0
0
0
1683487829.44005
msg_begin
7.75761e+06
-363959
-2.48511
0.00416179
0.0151949
0.000645149
0
0
0
1683487829.48982
msg_begin
7.75761e+06
-363959
-2.48519
0.000414469
0.000193084
7.41263e-06
0
0
0
1683487829.53980
msg_begin
7.75761e+06
-363959
-2.48688
0.00714781
0.00621796
0.00115624
0
0
0
1683487829.58984
msg_begin
7.75761e+06
-363959
-2.48877
0.00650522
0.00126027
0.000234213
0
0
0
1683487829.63991
msg_begin
7.75761e+06
-363959
-2.48518
0.0244899
0.0126915
0.000771173
0
0
0
1683487829.68992
msg_begin
7.7576e+06
-363959
-2.48608
0.00609276
0.00443374
0.000748037
0
0
0
1683487829.73994
msg_begin
7.7576e+06
-363960
-2.48416
0.00222723
0.00574515
0.000251091
0
0
0
1683487829.78995
msg_begin
7.7576e+06
-363960
-2.48572
0.0229967
0.0121123
0.000709625
0
0
0
1683487829.83986
msg_begin
7.7576e+06
-363960
-2.4859
0.00838944
0.0052706
0.00077239
0
0
0
1683487829.88979
msg_begin
7.7576e+06
-363960
-2.48695
0.000425042
0.00996554
2.94941e-05
0
0
0
1683487829.93974
msg_begin
7.7576e+06
-363960
-2.48616
0.000514296
0.000180689
7.75053e-05
0
0
0
1683487829.98971
msg_begin
7.7576e+06
-363960
-2.48518
0.0190895
0.0132983
0.00187105
0
0
0
1683487830.03970
msg_begin
7.7576e+06
-363960
-2.48164
0.00848546
0.00421194
0.000138591
0
0
0
1683487830.08954
msg_begin
7.7576e+06
-363960
-2.48338
0.00621262
0.00492034
0.000459545
0
0
0
1683487830.13950
msg_begin
7.7576e+06
-363960
-2.48444
0.0133027
0.016987
0.000358589
0
0
0
1683487830.18951
msg_begin
7.7576e+06
-363960
-2.48518
0.00336435
0.00141848
0.000169307
0
0
0
1683487830.23944
msg_begin
7.7576e+06
-363961
-2.48535
0.0239948
0.0110788
0.000549352
0
0
0
1683487830.28938
msg_begin
7.7576e+06
-363961
-2.484
0.00808107
0.00709316
0.000392422
0
0
0
1683487830.33938
msg_begin
7.7576e+06
-363961
-2.48506
0.000357545
4.92877e-05
5.26354e-05
0
0
0
1683487830.38932
msg_begin
7.7576e+06
-363961
-2.48245
0.00340819
0.00619144
0.000434352
0
0
0
1683487830.43996
msg_begin
7.7576e+06
-363961
-2.48353
0.00818176
0.00866765
0.00093547
0
0
0
1683487830.48925
msg_begin
7.7576e+06
-363961
-2.48211
0.00185795
0.00257122
0.000133966
0
0
0
1683487830.54009
msg_begin
7.7576e+06
-363961
-2.48482
0.00138661
0.00259804
0.000638264
0
0
0
1683487830.58927
msg_begin
7.7576e+06
-363961
-2.4845
0.0104228
0.00546416
0.00066955
0
0
0
1683487830.63924
msg_begin
7.7576e+06
-363961
-2.48557
0.0110922
0.00727846
0.000202911
0
0
0
1683487830.68928
msg_begin
7.7576e+06
-363962
-2.4854
0.00193142
0.000139384
1.71704e-05
0
0
0
1683487830.73993
msg_begin
7.7576e+06
-363962
-2.48598
0.00659111
0.000335623
0.000521924
0
0
0
1683487830.78926
msg_begin
7.7576e+06
-363962
-2.48476
0.00309263
0.00205588
0.000230503
0
0
0
1683487830.83931
msg_begin
7.7576e+06
-363962
-2.48322
0.021011
0.0065367
0.000408679
0
0
0
1683487830.88940
msg_begin
7.7576e+06
-363962
-2.48193
0.0112332
0.0107804
0.000566127
0
0
0
1683487830.94013
msg_begin
7.7576e+06
-363962
-2.48008
0.00730766
0.00273188
0.000508433
0
0
0
1683487830.98929
msg_begin
7.7576e+06
-363962
-2.4813
0.00887958
0.00894606
0.00179709
0
0
0
1683487831.03926
msg_begin
7.7576e+06
-363962
-2.47873
0.00325596
0.00147684
6.25153e-05
0
0
0
1683487831.08941
msg_begin
7.7576e+06
-363963
-2.47926
0.00616976
0.0113436
0.000741379
0
0
0
1683487831.13984
msg_begin
7.7576e+06
-363963
-2.47931
0.00431248
0.00482546
0.00053648
0
0
0
1683487831.18960
msg_begin
7.7576e+06
-363963
-2.47854
0.00166669
0.000731099
0.000113749
0
0
0
1683487831.23929
msg_begin
7.7576e+06
-363963
-2.47915
0.0112947
0.00523966
0.00119845
0
0
0
1683487831.28937
msg_begin
7.7576e+06
-363963
-2.48023
0.0106303
0.00916457
0.000776931
0
0
0
1683487831.34009
msg_begin
7.7576e+06
-363963
-2.48089
0.00181015
0.000218749
5.38637e-05
0
0
0
1683487831.38917
msg_begin
7.7576e+06
-363963
-2.48452
0.000184002
0.000459099
9.93289e-05
0
0
0
1683487831.43959
msg_begin
7.7576e+06
-363964
-2.48203
0.00458196
0.0044822
9.41219e-05
0
0
0
1683487831.48909
msg_begin
7.7576e+06
-363964
-2.48369
0.00565071
0.00560793
0.000263791
0
0
0
1683487831.53903
msg_begin
7.7576e+06
-363964
-2.48483
0.00461815
0.00360593
0.00040502
0
0
0
1683487831.58898
msg_begin
7.7576e+06
-363964
-2.48313
0.00180152
0.00360993
0.000148768
0
0
0
1683487831.63899
msg_begin
7.7576e+06
-363964
-2.48239
0.00661977
0.00915452
0.000545464
0
0
0
1683487831.68897
msg_begin
7.7576e+06
-363964
-2.48038
0.00190463
0.00354073
0.000358637
0
0
0
1683487831.73890
msg_begin
7.7576e+06
-363964
-2.48336
0.0129574
0.0103949
0.00151366
0
0
0
1683487831.78889
msg_begin
7.7576e+06
-363965
-2.48491
0.000312372
3.95231e-05
4.69468e-05
0
0
0
1683487831.83887
msg_begin
7.7576e+06
-363965
-2.48586
0.00614834
0.0101866
0.000532556
0
0
0
1683487831.88892
msg_begin
7.7576e+06
-363965
-2.48633
0.00821819
0.00920431
0.00163837
0
0
0
1683487831.93890
msg_begin
7.7576e+06
-363965
-2.48431
0.0177659
0.0135301
0.000360556
0
0
0
1683487831.98896
msg_begin
7.7576e+06
-363965
-2.48629
0.000457764
0.000167432
5.21531e-05
0
0
0
1683487832.03894
msg_begin
7.7576e+06
-363965
-2.48803
0.00964676
0.00205548
0.0005324
0
0
0
1683487832.08896
msg_begin
7.7576e+06
-363966
-2.48707
0.0028739
0.00138892
7.54634e-05
0
0
0
1683487832.18895
msg_begin
7.7576e+06
-363966
-2.48701
0.00332152
0.00344576
0.000349911
0
0
0
1683487832.23896
msg_begin
7.7576e+06
-363966
-2.49129
1.67638e-08
2.79397e-09
2.66454e-15
0
0
0
1683487832.33894
msg_begin
7.7576e+06
-363966
-2.48953
0.00452785
0.00160517
0.000427754
0
0
0
1683487832.38892
msg_begin
7.7576e+06
-363967
-2.4914
0.0143545
0.0124742
0.00131142
0
0
0
1683487832.48892
msg_begin
7.7576e+06
-363967
-2.49375
6.42613e-08
1.74623e-10
0
0
0
0
1683487832.53966
msg_begin
7.7576e+06
-363967
-2.49442
0.00754502
0.00466586
0.000369724
0
0
0
1683487832.58892
msg_begin
7.7576e+06
-363967
-2.49251
0.0127934
0.00713253
0.000204826
0
0
0
1683487832.63888
msg_begin
7.75759e+06
-363967
-2.49322
0.0249496
0.0074179
0.00106958
0
0
0
1683487832.68886
msg_begin
7.75759e+06
-363968
-2.4947
0.0150479
0.00619821
0.0008338
0
0
0
1683487832.73939
msg_begin
7.75759e+06
-363968
-2.49593
0.0116137
0.00301788
0.00048054
0
0
0
1683487832.78884
msg_begin
7.75759e+06
-363968
-2.4945
0.00917403
0.00282226
0.00091977
0
0
0
1683487832.83877
msg_begin
7.75759e+06
-363968
-2.49403
0.0569025
0.0326666
0.00132547
0
0
0
1683487832.88879
msg_begin
7.75759e+06
-363968
-2.49494
0.00204833
0.00773469
0.000246826
0
0
0
1683487832.93951
msg_begin
7.75759e+06
-363968
-2.49352
0.016601
0.00451471
0.000571253
0
0
0
1683487832.98877
msg_begin
7.75759e+06
-363969
-2.49513
0.00201448
0.00182997
0.000196592
0
0
0
1683487833.03866
msg_begin
7.75759e+06
-363969
-2.49665
0.00117635
0.00124434
6.7825e-05
0
0
0
1683487833.08874
msg_begin
7.75759e+06
-363969
-2.49936
0.000947119
0.00144163
0.000153306
0
0
0
1683487833.13909
msg_begin
7.75759e+06
-363969
-2.49593
0.0147987
0.0130606
0.000189665
0
0
0
1683487833.18873
msg_begin
7.75759e+06
-363969
-2.49686
0.00122657
0.000394414
4.08939e-05
0
0
0
1683487833.23880
msg_begin
7.75759e+06
-363970
-2.49359
0.0124883
0.0138118
0.00152486
0
0
0
1683487833.28887
msg_begin
7.75759e+06
-363970
-2.49334
0.00708987
0.00566136
0.000244379
0
0
0
1683487833.33945
msg_begin
7.75759e+06
-363970
-2.49697
3.93821e-05
0.00192883
6.99647e-05
0
0
0
1683487833.38886
msg_begin
7.75759e+06
-363970
-2.49947
0.00189073
0.00301992
0.000188247
0
0
0
1683487833.43916
msg_begin
7.75759e+06
-363970
-2.49709
0.00454983
0.0052863
0.000216252
0
0
0
1683487833.48896
msg_begin
7.75759e+06
-363970
-2.49758
0.00484281
0.00602604
0.000487136
0
0
0
1683487833.53902
msg_begin
7.75759e+06
-363971
-2.49528
0.0125886
0.00651958
0.00159756
0
0
0
1683487833.58902
msg_begin
7.75759e+06
-363971
-2.49538
6.14673e-08
4.07454e-10
8.88178e-16
0
0
0
1683487833.63906
msg_begin
7.75759e+06
-363971
-2.49818
0.00600265
0.0144202
0.000756217
0
0
0
1683487833.68918
msg_begin
7.75759e+06
-363971
-2.4943
5.96046e-08
2.96859e-09
1.77636e-15
0
0
0
1683487833.73916
msg_begin
7.75759e+06
-363971
-2.49592
0.00799545
0.0184686
0.00233702
0
0
0
1683487833.78917
msg_begin
7.75759e+06
-363972
-2.49623
2.70084e-08
2.96859e-09
3.10862e-15
0
0
0
1683487833.83911
msg_begin
7.75759e+06
-363972
-2.4994
0.00600685
0.00552259
0.000202141
0
0
0
1683487833.88909
msg_begin
7.75759e+06
-363972
-2.50011
0.0134856
0.00850367
0.00050073
0
0
0
1683487833.93908
msg_begin
7.75759e+06
-363972
-2.49988
0.00546502
0.00217129
0.000284746
0
0
0
1683487833.98904
msg_begin
7.75759e+06
-363972
-2.5022
0.0231111
0.00360743
0.000171098
0
0
0
1683487834.03899
msg_begin
7.75759e+06
-363973
-2.5027
0.00643749
0.0064073
0.000463637
0
0
0
1683487834.08893
msg_begin
7.75759e+06
-363973
-2.50163
0.00655911
0.00422532
0.000149371
0
0
0
1683487834.13895
msg_begin
7.75759e+06
-363973
-2.50174
0.00114525
0.00285887
9.75396e-05
0
0
0
1683487834.18893
msg_begin
7.75759e+06
-363973
-2.49978
0.000652446
0.00339108
0.000332217
0
0
0
1683487834.23890
msg_begin
7.75759e+06
-363973
-2.50264
0.00329235
0.00430929
0.000331941
0
0
0
1683487834.28897
msg_begin
7.75759e+06
-363974
-2.50498
0.00430338
0.00611982
0.000432868
0
0
0
1683487834.33896
msg_begin
7.75759e+06
-363974
-2.50355
0.0345095
0.0285415
0.000760084
0
0
0
1683487834.38894
msg_begin
7.75759e+06
-363974
-2.50581
1.86265e-09
6.98492e-10
8.88178e-16
0
0
0
1683487834.43945
msg_begin
7.75759e+06
-363974
-2.50594
0.00266107
0.00432677
0.000320884
0
0
0
1683487834.48897
msg_begin
7.75759e+06
-363974
-2.50471
0.0105119
0.0137941
0.000355776
0
0
0
1683487834.53983
msg_begin
7.75759e+06
-363975
-2.50172
0.00580911
0.00382757
0.00012502
0
0
0
1683487834.58899
msg_begin
7.75759e+06
-363975
-2.50276
0.00719312
0.0013337
0.000691332
0
0
0
1683487834.63890
msg_begin
7.75758e+06
-363975
-2.50226
0.00776379
0.00464176
0.000308003
0
0
0
1683487834.68890
msg_begin
7.75758e+06
-363975
-2.50157
0.0164662
0.0192828
0.000618163
0
0
0
1683487834.73914
msg_begin
7.75758e+06
-363975
-2.50169
0.00549508
0.0032736
0.000717812
0
0
0
1683487834.78876
msg_begin
7.75758e+06
-363976
-2.50165
0.00294309
0.000414216
0.000139841
0
0
0
1683487834.83862
msg_begin
7.75758e+06
-363976
-2.50095
0.00414336
0.0047966
0.000656191
0
0
0
1683487834.88864
msg_begin
7.75758e+06
-363976
-2.4998
0.0011116
0.000732286
0.000278782
0
0
0
1683487834.93974
msg_begin
7.75758e+06
-363976
-2.49723
0.0206591
0.0213861
0.000341348
0
0
0
1683487834.98855
msg_begin
7.75758e+06
-363977
-2.49777
0.0339603
0.0301019
0.000321996
0
0
0
1683487835.03862
msg_begin
7.75758e+06
-363977
-2.49521
0.0137099
0.0105056
0.00114224
0
0
0
1683487835.08869
msg_begin
7.75758e+06
-363977
-2.49695
0.00281114
0.00340865
0.000269194
0
0
0
1683487835.13904
msg_begin
7.75758e+06
-363977
-2.49925
0.00221067
0.00229005
0.000234187
0
0
0
1683487835.18867
msg_begin
7.75758e+06
-363978
-2.49857
0.0340131
0.0193718
0.00110532
0
0
0
1683487835.23869
msg_begin
7.75758e+06
-363978
-2.499
0.00720716
0.00699105
0.000967793
0
0
0
1683487835.28882
msg_begin
7.75758e+06
-363978
-2.49867
1.39698e-08
2.91038e-10
8.88178e-16
0
0
0
1683487835.33976
msg_begin
7.75758e+06
-363978
-2.49797
0.00667347
0.00641879
0.000335
0
0
0
1683487835.38876
msg_begin
7.75758e+06
-363978
-2.49739
5.12227e-08
4.19095e-09
1.77636e-15
0
0
0
1683487835.43895
msg_begin
7.75758e+06
-363979
-2.49535
0.004209
0.00439041
0.00067335
0
0
0
1683487835.48875
msg_begin
7.75758e+06
-363979
-2.4972
4.65661e-09
2.32831e-10
2.66454e-15
0
0
0
1683487835.53880
msg_begin
7.75758e+06
-363979
-2.4983
0.00197294
0.00586346
0.000540667
0
0
0
1683487835.58877
msg_begin
7.75758e+06
-363979
-2.49717
0.00252482
0.00468292
0.000242269
0
0
0
1683487835.63876
msg_begin
7.75758e+06
-363980
-2.49767
0.00212923
0.00988192
0.000402836
0
0
0
1683487835.68875
msg_begin
7.75758e+06
-363980
-2.49746
7.82311e-08
1.10595e-09
2.22045e-15
0
0
0
1683487835.73861
msg_begin
7.75758e+06
-363980
-2.49891
0.0142845
0.0169826
0.000217251
0
0
0
1683487835.78854
msg_begin
7.75758e+06
-363980
-2.49975
0.0217017
0.0213875
0.000763108
0
0
0
1683487835.83847
msg_begin
7.75758e+06
-363981
-2.49963
0.000963211
0.00262118
7.53484e-05
0
0
0
1683487835.88839
msg_begin
7.75758e+06
-363981
-2.497
0.0234673
0.016607
0.000851231
0
0
0
1683487835.93832
msg_begin
7.75758e+06
-363981
-2.49846
3.46555e-05
0.000173053
7.01066e-05
0
0
0
1683487835.98826
msg_begin
7.75758e+06
-363981
-2.49709
5.58794e-09
3.31784e-09
3.9968e-15
0
0
0
1683487836.03827
msg_begin
7.75758e+06
-363982
-2.49737
0.000474197
0.000277299
0.000899488
0
0
0
1683487836.08821
msg_begin
7.75758e+06
-363982
-2.50074
0.00133268
0.00515781
0.000382941
0
0
0
1683487836.13823
msg_begin
7.75758e+06
-363982
-2.50417
2.04891e-08
8.14907e-10
4.44089e-15
0
0
0
1683487836.18825
msg_begin
7.75758e+06
-363982
-2.50408
0.00520725
0.00524495
0.000233616
0
0
0
1683487836.23821
msg_begin
7.75758e+06
-363982
-2.50412
4.47035e-08
2.96859e-09
1.77636e-15
0
0
0
1683487836.28823
msg_begin
7.75758e+06
-363983
-2.50619
0.0072732
0.00668719
0.000298275
0
0
0
1683487836.33825
msg_begin
7.75758e+06
-363983
-2.50658
0.0111457
0.00695017
0.00039448
0
0
0
1683487836.38822
msg_begin
7.75757e+06
-363983
-2.50801
0.0148845
0.0149266
0.00120259
0
0
0
1683487836.43874
msg_begin
7.75757e+06
-363983
-2.50828
0.00592096
0.00360877
0.000749473
0
0
0
1683487836.48809
msg_begin
7.75757e+06
-363984
-2.50314
0.0018258
0.00154672
0.000411717
0
0
0
1683487836.53925
msg_begin
7.75757e+06
-363984
-2.50635
0.00398646
0.00288937
0.000192702
0
0
0
1683487836.58798
msg_begin
7.75757e+06
-363984
-2.51145
0.00693815
0.00505815
0.000429171
0
0
0
1683487836.63792
msg_begin
7.75757e+06
-363984
-2.51188
0.0233178
0.0171235
0.000368122
0
0
0
1683487836.68787
msg_begin
7.75757e+06
-363985
-2.51056
0.0146042
0.00653512
0.000446211
0
0
0
1683487836.73810
msg_begin
7.75757e+06
-363985
-2.51363
0.0194413
0.0205684
0.00115571
0
0
0
1683487836.78775
msg_begin
7.75757e+06
-363985
-2.51501
0.041903
0.0245805
0.000765837
0
0
0
1683487836.83765
msg_begin
7.75757e+06
-363985
-2.51602
0.0101179
0.00572853
0.000378037
0
0
0
1683487836.88768
msg_begin
7.75757e+06
-363986
-2.51711
0.0110463
0.00773801
0.000299305
0
0
0
1683487836.93856
msg_begin
7.75757e+06
-363986
-2.51803
0.00149859
0.0018228
0.000223338
0
0
0
1683487836.98767
msg_begin
7.75757e+06
-363986
-2.51757
3.53903e-08
2.91038e-09
4.44089e-16
0
0
0
1683487837.03776
msg_begin
7.75757e+06
-363986
-2.51947
0.0134331
0.00660539
0.000409946
0
0
0
1683487837.08773
msg_begin
7.75757e+06
-363987
-2.51969
0.00222147
0.0050503
0.00011388
0
0
0
1683487837.13797
msg_begin
7.75757e+06
-363987
-2.52122
6.61239e-08
3.08501e-09
2.66454e-15
0
0
0
1683487837.18778
msg_begin
7.75757e+06
-363987
-2.52461
2.79397e-08
8.14907e-10
3.10862e-15
0
0
0
1683487837.23776
msg_begin
7.75757e+06
-363987
-2.52547
0.000865168
0.000277577
5.79696e-05
0
0
0
1683487837.28775
msg_begin
7.75757e+06
-363988
-2.52979
9.31323e-09
1.16415e-10
3.55271e-15
0
0
0
1683487837.33856
msg_begin
7.75757e+06
-363988
-2.52873
0.0100791
0.00887472
0.000530991
0
0
0
1683487837.38778
msg_begin
7.75757e+06
-363988
-2.52827
0.00728328
0.00655787
0.000202002
0
0
0
1683487837.43782
msg_begin
7.75757e+06
-363988
-2.52997
0.00138107
0.00148676
0.000147664
0
0
0
1683487837.48770
msg_begin
7.75757e+06
-363989
-2.53284
0.00215327
0.00214919
0.000278996
0
0
0
1683487837.53770
msg_begin
7.75757e+06
-363989
-2.53154
0.00575015
0.00862887
0.000200802
0
0
0
1683487837.58768
msg_begin
7.75757e+06
-363989
-2.52997
0.000929477
0.00292302
0.000160421
0
0
0
1683487837.63761
msg_begin
7.75757e+06
-363989
-2.53116
0.00170335
0.00133986
0.000168279
0
0
0
1683487837.68836
msg_begin
7.75757e+06
-363989
-2.53163
0.0115632
0.00554587
0.0016905
0
0
0
1683487837.73757
msg_begin
7.75757e+06
-363990
-2.53813
0.00324957
0.000802714
9.23504e-05
0
0
0
1683487837.78751
msg_begin
7.75757e+06
-363990
-2.53777
0.00531026
0.00555334
0.000775165
0
0
0
1683487837.83750
msg_begin
7.75757e+06
-363990
-2.53719
0.0385792
0.0386661
0.00159883
0
0
0
1683487837.88784
msg_begin
7.75756e+06
-363990
-2.53643
0.0183958
0.0101333
0.000374463
0
0
0
1683487837.93745
msg_begin
7.75756e+06
-363991
-2.53761
0.00137834
0.000346651
5.21702e-05
0
0
0
1683487837.98736
msg_begin
7.75756e+06
-363991
-2.5402
0.005216
0.00344855
0.0002768
0
0
0
1683487838.03732
msg_begin
7.75756e+06
-363991
-2.54186
0.00943009
0.0123134
0.000512994
0
0
0
1683487838.08771
msg_begin
7.75756e+06
-363992
-2.54441
1.58325e-08
1.74623e-10
0
0
0
0
1683487838.13728
msg_begin
7.75756e+06
-363992
-2.54424
0.00288832
0.00219458
0.000145407
0
0
0
1683487838.18727
msg_begin
7.75756e+06
-363992
-2.54724
0.00552625
0.00422029
0.00024936
0
0
0
1683487838.23736
msg_begin
7.75756e+06
-363992
-2.55048
0.0178688
0.0149347
0.000636628
0
0
0
1683487838.28759
msg_begin
7.75756e+06
-363993
-2.54925
0.0144651
0.00550447
0.000239176
0
0
0
1683487838.33726
msg_begin
7.75756e+06
-363993
-2.55121
0.00245565
0.00338142
0.000124247
0
0
0
1683487838.38729
msg_begin
7.75756e+06
-363993
-2.55146
0.00188856
0.00828969
0.000524139
0
0
0
1683487838.43774
msg_begin
7.75756e+06
-363993
-2.54769
0.0138397
0.012173
0.00123712
0
0
0
1683487838.48735
msg_begin
7.75756e+06
-363994
-2.55353
0.0327057
0.0266466
0.000462927
0
0
0
1683487838.53831
msg_begin
7.75756e+06
-363994
-2.55439
0.00989786
0.00672718
0.000879103
0
0
0
1683487838.58740
msg_begin
7.75756e+06
-363994
-2.55628
0.00190086
0.00437265
4.30226e-05
0
0
0
1683487838.63747
msg_begin
7.75756e+06
-363994
-2.55723
0.00983362
0.01346
0.000625176
0
0
0
1683487838.68746
msg_begin
7.75756e+06
-363995
-2.55824
0.000203316
0.00132996
4.67847e-05
0
0
0
1683487838.73750
msg_begin
7.75756e+06
-363995
-2.55887
0.00834026
0.00763231
0.000394459
0
0
0
1683487838.78754
msg_begin
7.75756e+06
-363995
-2.55612
0.000294405
0.00572283
0.000118017
0
0
0
1683487838.83760
msg_begin
7.75756e+06
-363995
-2.55679
0.00227612
0.00817324
0.000198274
0
0
0
1683487838.88759
msg_begin
7.75756e+06
-363996
-2.55961
0.00523508
0.0100132
0.000910063
0
0
0
1683487838.93858
msg_begin
7.75756e+06
-363996
-2.5621
0.000670797
0.00123058
0.000158693
0
0
0
1683487838.98769
msg_begin
7.75756e+06
-363996
-2.56342
6.51926e-08
1.5134e-09
2.66454e-15
0
0
0
1683487839.03762
msg_begin
7.75756e+06
-363996
-2.56638
0.00192063
0.00180305
0.000186907
0
0
0
1683487839.08774
msg_begin
7.75756e+06
-363997
-2.56716
0.0143172
0.00681796
0.00107963
0
0
0
1683487839.13771
msg_begin
7.75756e+06
-363997
-2.56773
0.00405165
0.00691006
0.00033618
0
0
0
1683487839.18776
msg_begin
7.75756e+06
-363997
-2.56817
0.0143615
0.0146521
0.000176306
0
0
0
1683487839.23771
msg_begin
7.75755e+06
-363997
-2.56864
0.00884788
0.00508731
0.00165207
0
0
0
1683487839.28769
msg_begin
7.75755e+06
-363998
-2.56946
0.00669932
0.00738251
0.000405943
0
0
0
1683487839.33851
msg_begin
7.75755e+06
-363998
-2.57401
0.0028148
0.00304691
0.000362303
0
0
0
1683487839.38762
msg_begin
7.75755e+06
-363998
-2.57505
0.0234894
0.00988291
0.00145565
0
0
0
1683487839.43751
msg_begin
7.75755e+06
-363998
-2.5761
0.00628063
0.00439531
0.000786724
0
0
0
1683487839.48785
msg_begin
7.75755e+06
-363999
-2.57787
0.00605948
0.00877806
0.00188981
0
0
0
1683487839.53743
msg_begin
7.75755e+06
-363999
-2.58037
6.61239e-08
1.16415e-10
3.10862e-15
0
0
0
1683487839.58737
msg_begin
7.75755e+06
-363999
-2.58118
0.0122918
0.00829643
0.00061693
0
0
0
1683487839.63731
msg_begin
7.75755e+06
-363999
-2.58306
0.00240946
0.00679006
0.000664938
0
0
0
1683487839.68783
msg_begin
7.75755e+06
-364000
-2.58553
0.0024805
0.000808165
0.000249897
0
0
0
1683487839.73727
msg_begin
7.75755e+06
-364000
-2.58463
0.0231957
0.0248427
0.00179267
0
0
0
1683487839.78726
msg_begin
7.75755e+06
-364000
-2.58572
0.0111026
0.00844407
0.000641655
0
0
0
1683487839.83716
msg_begin
7.75755e+06
-364000
-2.58865
0.00670495
0.0042974
0.00116995
0
0
0
1683487839.88796
msg_begin
7.75755e+06
-364000
-2.59083
0.0165914
0.0122675
0.000770886
0
0
0
1683487839.93715
msg_begin
7.75755e+06
-364001
-2.59434
0.00205312
0.000486269
8.1312e-05
0
0
0
1683487839.98721
msg_begin
7.75755e+06
-364001
-2.59503
0.000975514
0.00166418
6.03292e-05
0
0
0
1683487840.03722
msg_begin
7.75755e+06
-364001
-2.59514
0.000942996
0.000503744
0.000165939
0
0
0
1683487840.08784
msg_begin
7.75755e+06
-364001
-2.59739
0.0155414
0.00980093
0.00091396
0
0
0
1683487840.13723
msg_begin
7.75755e+06
-364002
-2.59986
0.00397441
0.00253192
7.76698e-05
0
0
0
1683487840.18728
msg_begin
7.75755e+06
-364002
-2.60158
0.000547648
0.00158236
9.38377e-05
0
0
0
1683487840.23729
msg_begin
7.75755e+06
-364002
-2.6047
0.00173438
0.000167991
0.000100154
0
0
0
1683487840.28775
msg_begin
7.75755e+06
-364003
-2.60753
0.0570628
0.038104
0.00143261
0
0
0
1683487840.38723
msg_begin
7.75755e+06
-364003
-2.60972
0.0325474
0.0168767
0.000271272
0
0
0
1683487840.43767
msg_begin
7.75755e+06
-364003
-2.60834
0.00207729
0.00118379
6.54829e-06
0
0
0
1683487840.48706
msg_begin
7.75755e+06
-364003
-2.61247
0.0154941
0.00524211
0.000749173
0
0
0
1683487840.53716
msg_begin
7.75754e+06
-364004
-2.61606
0.00891888
0.000460221
0.000411996
0
0
0
1683487840.58705
msg_begin
7.75754e+06
-364004
-2.61545
0.0242614
0.010967
0.000879665
0
0
0
1683487840.63700
msg_begin
7.75754e+06
-364004
-2.62002
0.00529352
0.000363469
7.44504e-05
0
0
0
1683487840.68698
msg_begin
7.75754e+06
-364004
-2.62323
0.000963409
0.00152743
7.48949e-05
0
0
0
1683487840.73769
msg_begin
7.75754e+06
-364005
-2.62528
0.00851525
0.00142977
0.000433495
0
0
0
1683487840.78686
msg_begin
7.75754e+06
-364005
-2.62265
1.11759e-08
3.89991e-09
4.44089e-16
0
0
0
1683487840.83691
msg_begin
7.75754e+06
-364005
-2.62569
0.00179561
0.0005505
0.000286856
0
0
0
1683487840.88683
msg_begin
7.75754e+06
-364005
-2.62649
0.0087555
0.0119105
0.00104042
0
0
0
1683487840.93681
msg_begin
7.75754e+06
-364006
-2.62992
0.000332835
0.000569188
4.89697e-05
0
0
0
1683487840.98670
msg_begin
7.75754e+06
-364006
-2.63249
0.00847291
0.00229414
0.000970647
0
0
0
1683487841.03672
msg_begin
7.75754e+06
-364006
-2.63212
0.00927207
0.00605608
0.000718542
0
0
0
1683487841.08666
msg_begin
7.75754e+06
-364006
-2.63234
0.0170781
0.0114541
0.000799
0
0
0
1683487841.13729
msg_begin
7.75754e+06
-364007
-2.63206
0.00251297
0.00507031
0.000700465
0
0
0
1683487841.18656
msg_begin
7.75754e+06
-364007
-2.63236
0.00225458
0.00172654
0.000387337
0
0
0
1683487841.23655
msg_begin
7.75754e+06
-364007
-2.63262
0.00524574
0.00455136
0.00093015
0
0
0
1683487841.28651
msg_begin
7.75754e+06
-364007
-2.63439
0.0422488
0.0217517
0.00138566
0
0
0
1683487841.33649
msg_begin
7.75754e+06
-364007
-2.63513
0.00958279
0.00315132
0.00105965
0
0
0
1683487841.38648
msg_begin
7.75754e+06
-364008
-2.63841
0.0122376
0.00411201
0.000136747
0
0
0
1683487841.43724
msg_begin
7.75754e+06
-364008
-2.6391
0.0237938
0.00980191
0.000842318
0
0
0
1683487841.48644
msg_begin
7.75754e+06
-364008
-2.64035
0.0149907
0.0109016
0.00100957
0
0
0
1683487841.53683
msg_begin
7.75754e+06
-364008
-2.64435
0.000602752
0.000655812
4.63145e-05
0
0
0
1683487841.58638
msg_begin
7.75754e+06
-364009
-2.64466
1.11759e-08
1.10595e-09
4.88498e-15
0
0
0
1683487841.68640
msg_begin
7.75754e+06
-364009
-2.64558
0.0251642
0.0153083
0.00104102
0
0
0
1683487841.73637
msg_begin
7.75754e+06
-364009
-2.64668
0.0122781
0.00660488
0.000286233
0
0
0
1683487841.78633
msg_begin
7.75753e+06
-364010
-2.64891
0.0206715
0.0154999
0.00110826
0
0
0
1683487841.83637
msg_begin
7.75753e+06
-364010
-2.6468
0.0457179
0.0253415
0.00145306
0
0
0
1683487841.88633
msg_begin
7.75753e+06
-364010
-2.64446
0.00872873
0.00332902
0.000149097
0
0
0
1683487841.93639
msg_begin
7.75753e+06
-364010
-2.64262
0.00735199
0.00435072
0.000135008
0
0
0
1683487841.98639
msg_begin
7.75753e+06
-364010
-2.64371
0.00334813
0.0023305
0.000182608
0
0
0
1683487842.03638
msg_begin
7.75753e+06
-364011
-2.6414
0.00200678
0.00229471
0.000191385
0
0
0
1683487842.08638
msg_begin
7.75753e+06
-364011
-2.64229
0.0039204
0.00239806
0.000348716
0
0
0
1683487842.13634
msg_begin
7.75753e+06
-364011
-2.64294
0.0100157
0.00320532
0.000220279
0
0
0
1683487842.18633
msg_begin
7.75753e+06
-364011
-2.64381
0.00749854
0.00348138
0.00040214
0
0
0
1683487842.23631
msg_begin
7.75753e+06
-364012
-2.64113
0.0105549
0.00659684
0.000207738
0
0
0
1683487842.28632
msg_begin
7.75753e+06
-364012
-2.63991
0.00173935
0.00012919
1.12369e-05
0
0
0
1683487842.33629
msg_begin
7.75753e+06
-364012
-2.63885
0.0032644
0.00184659
4.84305e-05
0
0
0
1683487842.38635
msg_begin
7.75753e+06
-364012
-2.63709
0.0388115
0.016139
0.000757138
0
0
0
1683487842.43716
msg_begin
7.75753e+06
-364013
-2.63579
0.046649
0.029007
0.000975786
0
0
0
1683487842.48639
msg_begin
7.75753e+06
-364013
-2.63488
0.0138215
0.00975477
0.00130256
0
0
0
1683487842.53644
msg_begin
7.75753e+06
-364013
-2.63331
0.0397954
0.0252335
0.000277191
0
0
0
1683487842.58645
msg_begin
7.75753e+06
-364013
-2.63117
0.00915738
0.00462615
0.00090894
0
0
0
1683487842.63654
msg_begin
7.75753e+06
-364014
-2.62993
0.0274602
0.0120701
0.0015264
0
0
0
1683487842.68653
msg_begin
7.75753e+06
-364014
-2.62547
0.0170087
0.00961177
0.00156254
0
0
0
1683487842.73652
msg_begin
7.75753e+06
-364014
-2.62412
1.39698e-08
1.5134e-09
4.88498e-15
0
0
0
1683487842.78659
msg_begin
7.75753e+06
-364014
-2.61882
0.00375058
0.00076267
0.000456625
0
0
0
1683487842.83661
msg_begin
7.75753e+06
-364015
-2.618
0.00262519
0.00010205
0.000170114
0
0
0
1683487842.88665
msg_begin
7.75753e+06
-364015
-2.61615
7.45058e-09
3.49246e-10
0
0
0
0
1683487842.93671
msg_begin
7.75753e+06
-364015
-2.61275
0.0021165
0.000977247
0.000327271
0
0
0
1683487842.98675
msg_begin
7.75752e+06
-364015
-2.61247
2.51457e-08
1.74623e-10
4.44089e-16
0
0
0
1683487843.03678
msg_begin
7.75752e+06
-364016
-2.60832
0.00298619
0.0028376
0.000289635
0
0
0
1683487843.08687
msg_begin
7.75752e+06
-364016
-2.60485
0.00467012
0.00158486
0.000367877
0
0
0
1683487843.13689
msg_begin
7.75752e+06
-364016
-2.60181
0.0247782
0.0123396
0.000698293
0
0
0
1683487843.18694
msg_begin
7.75752e+06
-364016
-2.6043
0.0116006
0.00387552
0.000550787
0
0
0
1683487843.23698
msg_begin
7.75752e+06
-364017
-2.59884
0.0152616
0.00538765
0.000570079
0
0
0
1683487843.28702
msg_begin
7.75752e+06
-364017
-2.59786
0.0363229
0.0200387
0.00121913
0
0
0
1683487843.33703
msg_begin
7.75752e+06
-364017
-2.5922
0.00195489
0.000244296
0.000421327
0
0
0
1683487843.38710
msg_begin
7.75752e+06
-364017
-2.59119
0.00248206
0.00696783
0.000212221
0
0
0
1683487843.43705
msg_begin
7.75752e+06
-364018
-2.58757
6.51926e-08
2.61934e-09
2.66454e-15
0
0
0
1683487843.48750
msg_begin
7.75752e+06
-364018
-2.58613
0.0126284
0.00729146
0.000512728
0
0
0
1683487843.53695
msg_begin
7.75752e+06
-364018
-2.58221
0.00753767
0.00376079
0.000388576
0
0
0
1683487843.58693
msg_begin
7.75752e+06
-364018
-2.57872
0.00792813
0.00177939
0.000195484
0
0
0
1683487843.63684
msg_begin
7.75752e+06
-364019
-2.58007
0.00958962
0.0113166
0.00059889
0
0
0
1683487843.68731
msg_begin
7.75752e+06
-364019
-2.574
0.000815383
0.00187692
9.16733e-06
0
0
0
1683487843.73671
msg_begin
7.75752e+06
-364019
-2.57453
0.00220989
0.00321898
0.00210125
0
0
0
1683487843.78665
msg_begin
7.75752e+06
-364020
-2.57182
0.000675409
0.000299717
2.60104e-05
0
0
0
1683487843.83659
msg_begin
7.75752e+06
-364020
-2.57041
0.00798525
0.00176649
8.47518e-05
0
0
0
1683487843.88720
msg_begin
7.75752e+06
-364020
-2.56882
0.00209477
0.00511912
0.000319175
0
0
0
1683487843.93647
msg_begin
7.75752e+06
-364020
-2.56581
0.00316963
0.00280071
0.000415816
0
0
0
1683487843.98640
msg_begin
7.75752e+06
-364021
-2.56285
0.00599232
0.00810665
0.00072074
0
0
0
1683487844.03633
msg_begin
7.75752e+06
-364021
-2.5582
0.038997
0.0230999
0.00208746
0
0
0
1683487844.08685
msg_begin
7.75752e+06
-364021
-2.55669
0.0182715
0.00598148
0.00122687
0
0
0
1683487844.13623
msg_begin
7.75751e+06
-364022
-2.55419
0.0160662
0.0128999
0.000855545
0
0
0
1683487844.18625
msg_begin
7.75751e+06
-364022
-2.549
0.00538553
0.00464
0.000494879
0
0
0
1683487844.23624
msg_begin
7.75751e+06
-364022
-2.54631
0.00293788
0.00508543
0.000914208
0
0
0
1683487844.28674
msg_begin
7.75751e+06
-364022
-2.54239
0.0020098
0.00290152
0.000125944
0
0
0
1683487844.33609
msg_begin
7.75751e+06
-364023
-2.53971
0.00833053
0.00541801
0.000505244
0
0
0
1683487844.38610
msg_begin
7.75751e+06
-364023
-2.5411
0.00410048
0.00911289
0.000679823
0
0
0
1683487844.43614
msg_begin
7.75751e+06
-364023
-2.53875
0.00242365
0.00182263
0.00027546
0
0
0
1683487844.48610
msg_begin
7.75751e+06
-364023
-2.53621
0.0189255
0.0167477
0.00149314
0
0
0
1683487844.53617
msg_begin
7.75751e+06
-364024
-2.53312
0.000675494
0.00108867
6.44502e-05
0
0
0
1683487844.58619
msg_begin
7.75751e+06
-364024
-2.52681
0.00341454
0.00925022
0.000484228
0
0
0
1683487844.63626
msg_begin
7.75751e+06
-364024
-2.52431
0.0272965
0.0147882
0.000219041
0
0
0
1683487844.68635
msg_begin
7.75751e+06
-364025
-2.52347
0.00511196
0.00243359
0.000120731
0
0
0
1683487844.73640
msg_begin
7.75751e+06
-364025
-2.5197
0.00773834
0.00375518
0.000121484
0
0
0
1683487844.78645
msg_begin
7.75751e+06
-364025
-2.51774
0.00961032
0.00357287
0.000555667
0
0
0
1683487844.83648
msg_begin
7.75751e+06
-364026
-2.51328
0.00466052
0.00427032
0.000172232
0
0
0
1683487844.88652
msg_begin
7.75751e+06
-364026
-2.50967
0.0134253
0.0137636
0.00145671
0
0
0
1683487844.93651
msg_begin
7.75751e+06
-364026
-2.50408
0.024087
0.0125837
0.00167485
0
0
0
1683487844.98651
msg_begin
7.75751e+06
-364026
-2.50313
0.00349937
0.0065484
0.000778224
0
0
0
1683487845.03652
msg_begin
7.75751e+06
-364027
-2.49816
0.0204474
0.0120114
0.000392494
0
0
0
1683487845.08638
msg_begin
7.75751e+06
-364027
-2.49262
0.0050463
0.00697406
0.00109934
0
0
0
1683487845.13645
msg_begin
7.75751e+06
-364027
-2.4918
0.0037559
0.00143484
0.000164502
0
0
0
1683487845.18633
msg_begin
7.75751e+06
-364028
-2.48904
0.00532164
0.00457931
0.000475786
0
0
0
1683487845.23618
msg_begin
7.75751e+06
-364028
-2.48689
0.00112176
0.0032683
0.000198196
0
0
0
1683487845.28617
msg_begin
7.75751e+06
-364028
-2.48301
0.0243019
0.0158838
0.000561274
0
0
0
1683487845.33601
msg_begin
7.75751e+06
-364029
-2.47912
9.31323e-10
8.73115e-10
2.22045e-15
0
0
0
1683487845.38599
msg_begin
7.7575e+06
-364029
-2.47702
0.0123222
0.0118955
0.000671659
0
0
0
1683487845.43684
msg_begin
7.7575e+06
-364029
-2.47446
5.30854e-08
3.55067e-09
4.44089e-16
0
0
0
1683487845.48599
msg_begin
7.7575e+06
-364030
-2.46747
0.00163217
0.00359432
0.000791618
0
0
0
1683487845.53590
msg_begin
7.7575e+06
-364030
-2.46533
0.00775671
0.00771171
0.000524552
0
0
0
1683487845.58592
msg_begin
7.7575e+06
-364030
-2.45989
0.00823598
0.00646057
0.00136917
0
0
0
1683487845.63587
msg_begin
7.7575e+06
-364031
-2.46152
0.0120714
0.00932579
0.00084331
0
0
0
1683487845.68585
msg_begin
7.7575e+06
-364031
-2.45819
0.00778445
0.00268883
0.000177794
0
0
0
1683487845.73587
msg_begin
7.7575e+06
-364031
-2.4558
0.0018434
0.00331404
0.000103866
0
0
0
1683487845.78591
msg_begin
7.7575e+06
-364032
-2.4534
0.00524152
0.00696755
0.000788143
0
0
0
1683487845.83593
msg_begin
7.7575e+06
-364032
-2.45004
0.0540128
0.0435163
0.00145263
0
0
0
1683487845.88598
msg_begin
7.7575e+06
-364032
-2.44453
0.00117037
0.000235309
2.85835e-05
0
0
0
1683487845.93592
msg_begin
7.7575e+06
-364033
-2.44176
2.42144e-08
3.84171e-09
3.9968e-15
0
0
0
1683487845.98586
msg_begin
7.7575e+06
-364033
-2.441
0.00504602
0.00784681
0.000329677
0
0
0
1683487846.03584
msg_begin
7.7575e+06
-364033
-2.43752
0.0109884
0.0102794
0.000689006
0
0
0
1683487846.08582
msg_begin
7.7575e+06
-364034
-2.43688
0.00821495
0.00710274
0.000463094
0
0
0
1683487846.13568
msg_begin
7.7575e+06
-364034
-2.43439
0.000545275
0.00227676
5.18989e-05
0
0
0
1683487846.18570
msg_begin
7.7575e+06
-364034
-2.4317
0.0234426
0.02952
0.000889376
0
0
0
1683487846.23573
msg_begin
7.7575e+06
-364035
-2.42957
0.0113107
0.00606604
0.00107286
0
0
0
1683487846.28548
msg_begin
7.7575e+06
-364035
-2.4287
0.0023336
0.00220423
0.000200439
0
0
0
1683487846.33548
msg_begin
7.7575e+06
-364035
-2.42677
0.0142158
0.00765644
0.000310876
0
0
0
1683487846.38540
msg_begin
7.7575e+06
-364036
-2.42552
0.0075359
0.00138869
0.000343449
0
0
0
1683487846.43578
msg_begin
7.7575e+06
-364036
-2.42197
0.00921769
0.00523497
0.000414556
0
0
0
1683487846.48539
msg_begin
7.7575e+06
-364036
-2.41845
0.00236907
0.0153158
0.000467287
0
0
0
1683487846.53538
msg_begin
7.7575e+06
-364037
-2.41547
0.0274421
0.0161261
0.000437755
0
0
0
1683487846.58541
msg_begin
7.7575e+06
-364037
-2.41614
0.0173619
0.01614
0.00146353
0
0
0
1683487846.63539
msg_begin
7.7575e+06
-364037
-2.41225
6.0536e-08
5.82077e-11
4.44089e-15
0
0
0
1683487846.68544
msg_begin
7.75749e+06
-364038
-2.40996
1.21072e-08
1.33878e-09
4.44089e-15
0
0
0
1683487846.73539
msg_begin
7.75749e+06
-364038
-2.40891
0.00119835
0.00279083
0.000255921
0
0
0
1683487846.78537
msg_begin
7.75749e+06
-364039
-2.40838
0.0323931
0.0301257
0.000469369
0
0
0
1683487846.83539
msg_begin
7.75749e+06
-364039
-2.40835
0.00822464
0.0105069
0.000667249
0
0
0
1683487846.88542
msg_begin
7.75749e+06
-364039
-2.40775
0.00834603
0.00373008
0.000245275
0
0
0
1683487846.93546
msg_begin
7.75749e+06
-364040
-2.4056
0.0166106
0.00379103
0.000163301
0
0
0
1683487846.98548
msg_begin
7.75749e+06
-364040
-2.40453
0.0309309
0.0159745
0.00101697
0
0
0
1683487847.03548
msg_begin
7.75749e+06
-364040
-2.40733
0.00420322
0.00139437
9.0635e-05
0
0
0
1683487847.08556
msg_begin
7.75749e+06
-364041
-2.40646
0.0419758
0.0337354
0.000857009
0
0
0
1683487847.13556
msg_begin
7.75749e+06
-364041
-2.40201
5.68107e-08
1.74623e-09
2.22045e-15
0
0
0
1683487847.18556
msg_begin
7.75749e+06
-364041
-2.40171
0.0104451
0.0119461
0.000567468
0
0
0
1683487847.23561
msg_begin
7.75749e+06
-364042
-2.40342
0.00855972
0.00228267
0.000470751
0
0
0
1683487847.28623
msg_begin
7.75749e+06
-364042
-2.40539
0.000725311
0.00179614
0.000126266
0
0
0
1683487847.33575
msg_begin
7.75749e+06
-364042
-2.40734
0.00805892
0.0130401
0.000692024
0
0
0
1683487847.38571
msg_begin
7.75749e+06
-364043
-2.40718
0.00333066
0.00777632
0.00142792
0
0
0
1683487847.43621
msg_begin
7.75749e+06
-364043
-2.40607
0.00276531
0.00566541
0.00206812
0
0
0
1683487847.48585
msg_begin
7.75749e+06
-364044
-2.40845
0.0256354
0.0399139
0.00193012
0
0
0
1683487847.53579
msg_begin
7.75749e+06
-364044
-2.41234
0.0189036
0.022992
0.00159898
0
0
0
1683487847.58584
msg_begin
7.75749e+06
-364044
-2.41193
0.00679055
0.00418986
0.000167145
0
0
0
1683487847.63587
msg_begin
7.75749e+06
-364045
-2.412
0.00110714
0.000824033
8.33691e-05
0
0
0
1683487847.68596
msg_begin
7.75749e+06
-364045
-2.41108
0.00553158
0.00241228
0.000473073
0
0
0
1683487847.73591
msg_begin
7.75749e+06
-364045
-2.41138
0.00607929
0.00839877
0.000515395
0
0
0
1683487847.78593
msg_begin
7.75749e+06
-364046
-2.41523
7.26432e-08
1.16415e-09
1.77636e-15
0
0
0
1683487847.83604
msg_begin
7.75749e+06
-364046
-2.41749
0.0196812
0.0137426
0.0019665
0
0
0
1683487847.88610
msg_begin
7.75749e+06
-364046
-2.41629
0.0110516
0.00538077
0.000741212
0
0
0
1683487847.93611
msg_begin
7.75749e+06
-364047
-2.41671
0.00961313
0.0158917
0.000916595
0
0
0
1683487847.98611
msg_begin
7.75748e+06
-364047
-2.42093
0.0117354
0.00998565
0.00113098
0
0
0
1683487848.03614
msg_begin
7.75748e+06
-364047
-2.42106
0.0137862
0.00838754
0.00157103
0
0
0
1683487848.08635
msg_begin
7.75748e+06
-364048
-2.42017
0.000845688
0.000284878
1.06499e-05
0
0
0
1683487848.13613
msg_begin
7.75748e+06
-364048
-2.42068
0.0336476
0.0225404
0.00134682
0
0
0
1683487848.18620
msg_begin
7.75748e+06
-364048
-2.4217
0.0223668
0.00301222
0.000651799
0
0
0
1683487848.23620
msg_begin
7.75748e+06
-364049
-2.42343
0.00863088
0.00994713
9.96598e-05
0
0
0
1683487848.28636
msg_begin
7.75748e+06
-364049
-2.42436
0.0032178
0.00347052
0.00062645
0
0
0
1683487848.33621
msg_begin
7.75748e+06
-364049
-2.42557
0.00573015
0.00479928
0.000675218
0
0
0
1683487848.38623
msg_begin
7.75748e+06
-364050
-2.42537
0.00237015
0.00217982
0.000396958
0
0
0
1683487848.43690
msg_begin
7.75748e+06
-364050
-2.42546
0.016056
0.00648794
0.000750093
0
0
0
1683487848.48631
msg_begin
7.75748e+06
-364050
-2.42501
0.00686947
0.00468247
0.000493663
0
0
0
1683487848.53621
msg_begin
7.75748e+06
-364051
-2.42689
0.0224355
0.0197324
0.00185849
0
0
0
1683487848.58616
msg_begin
7.75748e+06
-364051
-2.43043
0.0569456
0.0490803
0.00072492
0
0
0
1683487848.63611
msg_begin
7.75748e+06
-364051
-2.4347
0.00988334
0.00210006
0.000248929
0
0
0
1683487848.68605
msg_begin
7.75748e+06
-364052
-2.43816
0.00435106
0.00217425
0.000266525
0
0
0
1683487848.73599
msg_begin
7.75748e+06
-364052
-2.44161
0.0250207
0.0336155
0.00205005
0
0
0
1683487848.78596
msg_begin
7.75748e+06
-364052
-2.44583
0.0133614
0.0126944
0.00018216
0
0
0
1683487848.83587
msg_begin
7.75748e+06
-364053
-2.44781
0.00275192
0.00561809
0.0003908
0
0
0
1683487848.88576
msg_begin
7.75748e+06
-364053
-2.45157
0.0198279
0.00988022
0.000678514
0
0
0
1683487848.93572
msg_begin
7.75748e+06
-364053
-2.45616
0.0116769
0.00592418
0.000637744
0
0
0
1683487848.98561
msg_begin
7.75748e+06
-364054
-2.45853
0.0191362
0.0118742
0.000808054
0
0
0
1683487849.03561
msg_begin
7.75748e+06
-364054
-2.46362
0.00342775
0.00119085
9.32839e-05
0
0
0
1683487849.08550
msg_begin
7.75748e+06
-364054
-2.47107
7.82311e-08
2.38651e-09
4.88498e-15
0
0
0
1683487849.13539
msg_begin
7.75748e+06
-364055
-2.47256
0.00211715
0.00525988
0.000338978
0
0
0
1683487849.18531
msg_begin
7.75748e+06
-364055
-2.47201
0.00243855
0.00345609
0.000436473
0
0
0
1683487849.23524
msg_begin
7.75748e+06
-364055
-2.47617
1.86265e-08
1.04774e-09
4.44089e-16
0
0
0
1683487849.28514
msg_begin
7.75747e+06
-364056
-2.47893
0.0111641
0.00608596
0.000529158
0
0
0
1683487849.33510
msg_begin
7.75747e+06
-364056
-2.48401
0.00637694
0.00144668
0.00015076
0
0
0
1683487849.38499
msg_begin
7.75747e+06
-364056
-2.4882
0.00148796
0.000327082
9.86853e-05
0
0
0
1683487849.43509
msg_begin
7.75747e+06
-364057
-2.49324
0.00685308
0.00800728
0.000235786
0
0
0
1683487849.48488
msg_begin
7.75747e+06
-364057
-2.49709
0.005809
0.0039224
0.000664406
0
0
0
1683487849.53485
msg_begin
7.75747e+06
-364057
-2.50045
0.00620082
0.00825716
0.00099761
0
0
0
1683487849.58475
msg_begin
7.75747e+06
-364058
-2.50592
0.00196608
0.00189659
0.000123177
0
0
0
1683487849.63474
msg_begin
7.75747e+06
-364058
-2.50565
0.0630993
0.0351154
0.000757538
0
0
0
1683487849.68527
msg_begin
7.75747e+06
-364058
-2.50946
0.0238192
0.0156949
0.00106235
0
0
0
1683487849.73467
msg_begin
7.75747e+06
-364059
-2.51676
0.0139795
0.01633
0.00147056
0
0
0
1683487849.78462
msg_begin
7.75747e+06
-364059
-2.5211
0.0201727
0.0165309
0.000804618
0
0
0
1683487849.83457
msg_begin
7.75747e+06
-364059
-2.52204
0.00101055
0.000187613
7.13045e-05
0
0
0
1683487849.88448
msg_begin
7.75747e+06
-364060
-2.52659
0.00159838
0.0023728
6.37712e-05
0
0
0
1683487849.93451
msg_begin
7.75747e+06
-364060
-2.53176
0.00628144
0.00353935
0.000805607
0
0
0
1683487849.98444
msg_begin
7.75747e+06
-364060
-2.5335
0.0213361
0.0138175
0.000626321
0
0
0
1683487850.03446
msg_begin
7.75747e+06
-364061
-2.53743
0.0102891
0.00521221
0.000540992
0
0
0
1683487850.08447
msg_begin
7.75747e+06
-364061
-2.53948
0.0541386
0.037413
0.00179187
0
0
0
1683487850.13447
msg_begin
7.75747e+06
-364061
-2.54363
0.0120235
0.0060496
0.00124685
0
0
0
1683487850.18447
msg_begin
7.75747e+06
-364061
-2.5494
0.00609289
0.0133882
0.000522209
0
0
0
1683487850.23455
msg_begin
7.75747e+06
-364062
-2.55246
0.0124969
0.00759772
0.000534264
0
0
0
1683487850.28460
msg_begin
7.75747e+06
-364062
-2.55409
0.00358198
0.00386413
0.000480487
0
0
0
1683487850.33463
msg_begin
7.75747e+06
-364062
-2.55989
2.04891e-08
2.09548e-09
1.77636e-15
0
0
0
1683487850.38467
msg_begin
7.75747e+06
-364063
-2.56257
0.00463362
0.00786644
0.000801017
0
0
0
1683487850.43497
msg_begin
7.75746e+06
-364063
-2.5657
0.0713832
0.0495574
0.000589221
0
0
0
1683487850.48556
msg_begin
7.75746e+06
-364063
-2.56998
0.0233605
0.0172469
0.000992666
0
0
0
1683487850.53469
msg_begin
7.75746e+06
-364064
-2.57685
0.0149954
0.01587
0.000770259
0
0
0
1683487850.58466
msg_begin
7.75746e+06
-364064
-2.57918
0.0298686
0.0139134
0.00211262
0
0
0
1683487850.63474
msg_begin
7.75746e+06
-364064
-2.57908
0.00808488
0.00879927
0.000292431
0
0
0
1683487850.68458
msg_begin
7.75746e+06
-364064
-2.58113
0.00891805
0.00213349
0.000764963
0
0
0
1683487850.73448
msg_begin
7.75746e+06
-364065
-2.58609
0.0282004
0.0178355
0.00111516
0
0
0
1683487850.78451
msg_begin
7.75746e+06
-364065
-2.59215
0.0207694
0.00176555
0.000706425
0
0
0
1683487850.83447
msg_begin
7.75746e+06
-364065
-2.59842
0.0340824
0.023006
0.000462953
0
0
0
1683487850.88600
msg_begin
7.75746e+06
-364066
-2.60159
0.0854898
0.0473086
0.00125771
0
0
0
1683487850.93449
msg_begin
7.75746e+06
-364066
-2.6047
0.0119062
0.0123133
0.00288502
0
0
0
1683487850.98448
msg_begin
7.75746e+06
-364066
-2.60988
0.00920071
0.00497545
0.0014413
0
0
0
1683487851.03449
msg_begin
7.75746e+06
-364066
-2.61355
0.0265819
0.0102101
0.00163324
0
0
0
1683487851.08444
msg_begin
7.75746e+06
-364067
-2.62036
0.000148073
0.000109447
0.000116557
0
0
0
1683487851.13443
msg_begin
7.75746e+06
-364067
-2.62246
0.00048139
0.0018773
7.05702e-05
0
0
0
1683487851.18441
msg_begin
7.75746e+06
-364067
-2.6223
0.00473573
0.000818696
0.000394084
0
0
0
1683487851.23441
msg_begin
7.75746e+06
-364068
-2.62895
4.09782e-08
2.96859e-09
8.88178e-16
0
0
0
1683487851.28433
msg_begin
7.75746e+06
-364068
-2.63228
0.00577378
0.00223561
0.000294059
0
0
0
1683487851.33433
msg_begin
7.75746e+06
-364068
-2.6339
0.0202714
0.00515665
0.002011
0
0
0
1683487851.38431
msg_begin
7.75746e+06
-364068
-2.64069
0.0243391
0.0109319
0.000535832
0
0
0
1683487851.43436
msg_begin
7.75746e+06
-364069
-2.64302
0.00968604
0.0203513
0.000310846
0
0
0
1683487851.48427
msg_begin
7.75746e+06
-364069
-2.64601
0.00310098
0.00495882
0.000222296
0
0
0
1683487851.53438
msg_begin
7.75745e+06
-364069
-2.65039
0.0393507
0.036302
0.00186377
0
0
0
1683487851.58445
msg_begin
7.75745e+06
-364069
-2.65038
0.00320777
0.00918993
0.00046793
0
0
0
1683487851.63457
msg_begin
7.75745e+06
-364070
-2.65177
0.00507521
0.00422296
0.00021176
0
0
0
1683487851.68463
msg_begin
7.75745e+06
-364070
-2.65196
0.0145785
0.00750867
0.00111724
0
0
0
1683487851.73447
msg_begin
7.75745e+06
-364070
-2.65457
0.00487246
0.00637709
0.000398036
0
0
0
1683487851.78449
msg_begin
7.75745e+06
-364070
-2.65769
0.0184642
0.0150808
0.00179696
0
0
0
1683487851.83464
msg_begin
7.75745e+06
-364071
-2.66249
0.00330747
0.0035804
0.000503733
0
0
0
1683487851.88455
msg_begin
7.75745e+06
-364071
-2.66884
0.00332738
0.0019522
0.000279276
0
0
0
1683487851.93459
msg_begin
7.75745e+06
-364071
-2.6686
6.42613e-08
2.38651e-09
1.77636e-15
0
0
0
1683487851.98461
msg_begin
7.75745e+06
-364072
-2.67411
0.102924
0.0474265
0.00206629
0
0
0
1683487852.03462
msg_begin
7.75745e+06
-364072
-2.68087
0.0147673
0.00721129
0.000661898
0
0
0
1683487852.08460
msg_begin
7.75745e+06
-364072
-2.68478
0.0169783
0.0108461
0.000232106
0
0
0
1683487852.13461
msg_begin
7.75745e+06
-364072
-2.68789
0.0396658
0.0224473
0.00203273
0
0
0
1683487852.18462
msg_begin
7.75745e+06
-364073
-2.68727
0.00107888
0.00436332
0.00048433
0
0
0
1683487852.23460
msg_begin
7.75745e+06
-364073
-2.69218
1.02445e-08
2.73576e-09
3.10862e-15
0
0
0
1683487852.28449
msg_begin
7.75745e+06
-364073
-2.69408
0.0209496
0.0114928
0.000341542
0
0
0
1683487852.33443
msg_begin
7.75745e+06
-364073
-2.69696
6.79865e-08
1.92085e-09
1.33227e-15
0
0
0
1683487852.38437
msg_begin
7.75745e+06
-364074
-2.70016
0.00409523
0.00338735
0.000328308
0
0
0
1683487852.43440
msg_begin
7.75745e+06
-364074
-2.70477
0.00261622
0.00201174
6.29969e-05
0
0
0
1683487852.48517
msg_begin
7.75745e+06
-364074
-2.70624
0.00685325
0.00329379
0.000439206
0
0
0
1683487852.53412
msg_begin
7.75745e+06
-364074
-2.70873
0.0156314
0.00934889
0.000618897
0
0
0
1683487852.58407
msg_begin
7.75744e+06
-364074
-2.70853
0.0210883
0.0184593
0.000844556
0
0
0
1683487852.63403
msg_begin
7.75744e+06
-364075
-2.71586
0.0146902
0.00536327
0.000649209
0
0
0
1683487852.68410
msg_begin
7.75744e+06
-364075
-2.71577
0.0182345
0.00645483
0.000886879
0
0
0
1683487852.73398
msg_begin
7.75744e+06
-364075
-2.72059
0.00880931
0.0124945
0.00176281
0
0
0
1683487852.78397
msg_begin
7.75744e+06
-364075
-2.72064
0.0342641
0.018994
0.000288866
0
0
0
1683487852.83391
msg_begin
7.75744e+06
-364076
-2.72332
0.00331155
0.008049
0.00103425
0
0
0
1683487852.88444
msg_begin
7.75744e+06
-364076
-2.72636
0.05551
0.0242554
0.00112016
0
0
0
1683487852.93392
msg_begin
7.75744e+06
-364076
-2.73022
0.0280163
0.0101597
0.00120419
0
0
0
1683487852.98404
msg_begin
7.75744e+06
-364076
-2.72866
0.0167317
0.00615367
0.000341915
0
0
0
1683487853.03401
msg_begin
7.75744e+06
-364076
-2.7336
0.00102239
0.00109771
4.86447e-06
0
0
0
1683487853.08404
msg_begin
7.75744e+06
-364077
-2.7342
0.0072584
0.0035735
0.00127802
0
0
0
1683487853.13405
msg_begin
7.75744e+06
-364077
-2.73718
0.0143629
0.00689124
0.000273738
0
0
0
1683487853.18405
msg_begin
7.75744e+06
-364077
-2.73906
0.040957
0.0213949
0.00298031
0
0
0
1683487853.23406
msg_begin
7.75744e+06
-364077
-2.74415
0.0183702
0.00410277
0.000688636
0
0
0
1683487853.28424
msg_begin
7.75744e+06
-364077
-2.7454
0.00684025
0.0078349
0.000324164
0
0
0
1683487853.33395
msg_begin
7.75744e+06
-364078
-2.75031
0.00402855
0.0036224
0.00094622
0
0
0
1683487853.38388
msg_begin
7.75744e+06
-364078
-2.75221
0.0205632
0.00909388
0.000673317
0
0
0
1683487853.43379
msg_begin
7.75744e+06
-364078
-2.75575
0.0151232
0.00680472
0.00135769
0
0
0
1683487853.48403
msg_begin
7.75744e+06
-364078
-2.76056
0.0125144
0.00357301
0.000321306
0
0
0
1683487853.53364
msg_begin
7.75744e+06
-364079
-2.76288
9.31323e-10
4.07454e-10
1.77636e-15
0
0
0
1683487853.58351
msg_begin
7.75743e+06
-364079
-2.76147
0.00125496
0.00276884
0.000290678
0
0
0
1683487853.63347
msg_begin
7.75743e+06
-364079
-2.76353
0.0273471
0.00669362
0.000979835
0
0
0
1683487853.68350
msg_begin
7.75743e+06
-364079
-2.76685
0.00412984
0.00211323
0.000628406
0
0
0
1683487853.73335
msg_begin
7.75743e+06
-364079
-2.76905
6.7916e-06
0.000244731
1.33714e-05
0
0
0
1683487853.78333
msg_begin
7.75743e+06
-364079
-2.76809
0.00349539
0.0021096
7.63704e-05
0
0
0
1683487853.83340
msg_begin
7.75743e+06
-364080
-2.7711
0.0323891
0.0111622
0.00112647
0
0
0
1683487853.88366
msg_begin
7.75743e+06
-364080
-2.77141
8.3819e-09
1.74623e-10
2.66454e-15
0
0
0
1683487853.93338
msg_begin
7.75743e+06
-364080
-2.77107
0.0080459
0.0103583
0.000985991
0
0
0
1683487853.98341
msg_begin
7.75743e+06
-364080
-2.77253
0.000189845
0.000309725
9.91369e-06
0
0
0
1683487854.03383
msg_begin
7.75743e+06
-364080
-2.77685
0.00625818
0.00249664
9.14679e-05
0
0
0
1683487854.08460
msg_begin
7.75743e+06
-364081
-2.77756
0.00415807
0.00208092
0.000202729
0
0
0
1683487854.13342
msg_begin
7.75743e+06
-364081
-2.78149
0.0301781
0.00517563
0.00157568
0
0
0
1683487854.18338
msg_begin
7.75743e+06
-364081
-2.78226
0.0173334
0.00394315
0.00119446
0
0
0
1683487854.23345
msg_begin
7.75743e+06
-364081
-2.78166
0.00834085
0.010004
0.000786737
0
0
0
1683487854.28372
msg_begin
7.75743e+06
-364081
-2.78472
0.00358521
0.00475669
0.000419194
0
0
0
1683487854.33342
msg_begin
7.75743e+06
-364082
-2.78868
0.00528444
0.00201857
0.000500668
0
0
0
1683487854.38340
msg_begin
7.75743e+06
-364082
-2.79584
0.0100331
0.00134338
0.000274258
0
0
0
1683487854.43344
msg_begin
7.75743e+06
-364082
-2.79877
0.000457276
0.0058387
4.40956e-05
0
0
0
1683487854.48364
msg_begin
7.75743e+06
-364082
-2.80491
0.0131043
0.00370913
0.000543949
0
0
0
1683487854.53333
msg_begin
7.75743e+06
-364082
-2.80421
0.0219974
0.00879376
0.00127081
0
0
0
1683487854.58331
msg_begin
7.75743e+06
-364082
-2.80487
0.00340167
0.00338237
0.000232111
0
0
0
1683487854.63361
msg_begin
7.75742e+06
-364083
-2.80646
0.0121918
0.00867958
0.000932729
0
0
0
1683487854.68333
msg_begin
7.75742e+06
-364083
-2.8099
0.00544816
0.00192106
0.00145887
0
0
0
1683487854.73318
msg_begin
7.75742e+06
-364083
-2.80991
0.00192124
0.000732394
0.000131647
0
0
0
1683487854.78314
msg_begin
7.75742e+06
-364083
-2.81323
0.00966219
0.0071487
0.00137451
0
0
0
1683487854.83376
msg_begin
7.75742e+06
-364083
-2.81784
0.0177276
0.00424105
0.000582107
0
0
0
1683487854.88304
msg_begin
7.75742e+06
-364084
-2.81876
0.0194055
0.0118386
0.00146591
0
0
0
1683487854.93303
msg_begin
7.75742e+06
-364084
-2.82531
0.0268556
0.0159759
0.00050548
0
0
0
1683487854.98297
msg_begin
7.75742e+06
-364084
-2.82773
0.0204961
0.0140902
0.00164022
0
0
0
1683487855.03356
msg_begin
7.75742e+06
-364084
-2.82669
0.000523851
0.000295518
9.94064e-06
0
0
0
1683487855.08285
msg_begin
7.75742e+06
-364084
-2.82785
0.00184429
0.00202227
0.000526763
0
0
0
1683487855.13281
msg_begin
7.75742e+06
-364084
-2.83018
0.0547114
0.00490592
0.000860132
0
0
0
1683487855.18275
msg_begin
7.75742e+06
-364085
-2.83234
0.013761
0.00738783
0.00115883
0
0
0
1683487855.23264
msg_begin
7.75742e+06
-364085
-2.8387
0.00607169
0.0100524
0.000408752
0
0
0
1683487855.28269
msg_begin
7.75742e+06
-364085
-2.84238
5.96046e-08
4.19095e-09
8.88178e-16
0
0
0
1683487855.33268
msg_begin
7.75742e+06
-364085
-2.84068
0.00885952
0.00489161
0.000713163
0
0
0
1683487855.38256
msg_begin
7.75742e+06
-364085
-2.84089
0.00257427
0.00750763
0.000929607
0
0
0
1683487855.43259
msg_begin
7.75742e+06
-364085
-2.84254
0.0296943
0.0152362
0.00205192
0
0
0
1683487855.48273
msg_begin
7.75742e+06
-364085
-2.84402
0.00130327
0.00243685
7.27575e-05
0
0
0
1683487855.53253
msg_begin
7.75742e+06
-364086
-2.84416
0.046678
0.0166626
0.00134594
0
0
0
1683487855.58250
msg_begin
7.75742e+06
-364086
-2.84761
0.00112553
0.00014164
8.88022e-05
0
0
0
1683487855.63249
msg_begin
7.75742e+06
-364086
-2.84695
0.0152514
0.00425772
0.000583637
0
0
0
1683487855.68312
msg_begin
7.75741e+06
-364086
-2.8509
0.0258809
0.00264448
0.000947912
0
0
0
1683487855.73241
msg_begin
7.75741e+06
-364086
-2.85379
0.0137784
0.0023136
0.000392701
0
0
0
1683487855.78239
msg_begin
7.75741e+06
-364086
-2.85357
0.00676236
0.00853906
0.000422429
0
0
0
1683487855.83230
msg_begin
7.75741e+06
-364086
-2.85442
0.0541987
0.0142079
0.00207216
0
0
0
1683487855.88266
msg_begin
7.75741e+06
-364087
-2.8563
0.0212066
0.00706004
0.000860453
0
0
0
1683487855.93220
msg_begin
7.75741e+06
-364087
-2.8561
0.035569
0.00491358
0.000843663
0
0
0
1683487855.98215
msg_begin
7.75741e+06
-364087
-2.85595
0.00759442
0.00217706
0.000145853
0
0
0
1683487856.03217
msg_begin
7.75741e+06
-364087
-2.85787
0.00908914
0.0105553
0.000380502
0
0
0
1683487856.08297
msg_begin
7.75741e+06
-364087
-2.85927
0.00256952
0.00432084
0.000939585
0
0
0
1683487856.13203
msg_begin
7.75741e+06
-364087
-2.85771
0.0100933
0.00368109
0.00100764
0
0
0
1683487856.18198
msg_begin
7.75741e+06
-364087
-2.86193
9.31323e-10
2.50293e-09
2.66454e-15
0
0
0
1683487856.23202
msg_begin
7.75741e+06
-364088
-2.86391
0.0060595
0.00107819
0.000416359
0
0
0
1683487856.28195
msg_begin
7.75741e+06
-364088
-2.8642
0.0123603
0.00836982
0.000667742
0
0
0
1683487856.33192
msg_begin
7.75741e+06
-364088
-2.8634
0.0371966
0.012558
0.000242388
0
0
0
1683487856.38191
msg_begin
7.75741e+06
-364088
-2.86379
0.0032473
0.00167266
0.000153891
0
0
0
1683487856.43203
msg_begin
7.75741e+06
-364088
-2.86463
0.00870235
0.00508851
0.000348661
0
0
0
1683487856.48207
msg_begin
7.75741e+06
-364088
-2.86624
0.0032025
0.00153685
0.000186183
0
0
0
1683487856.53209
msg_begin
7.75741e+06
-364088
-2.86846
0.0307067
0.0140524
0.00129203
0
0
0
1683487856.58216
msg_begin
7.75741e+06
-364088
-2.87353
9.31323e-08
1.39698e-09
0
0
0
0
1683487856.63225
msg_begin
7.75741e+06
-364089
-2.8758
0.00216819
0.000590036
0.0001186
0
0
0
1683487856.68227
msg_begin
7.75741e+06
-364089
-2.87624
0.00823131
0.00236579
0.00101596
0
0
0
1683487856.73216
msg_begin
7.75741e+06
-364089
-2.87337
0.0116735
0.0114216
0.000664859
0
0
0
1683487856.78222
msg_begin
7.7574e+06
-364089
-2.87373
0.024937
0.0183729
0.00178777
0
0
0
1683487856.83224
msg_begin
7.7574e+06
-364089
-2.87718
0.00031492
3.38789e-05
7.80958e-05
0
0
0
1683487856.88207
msg_begin
7.7574e+06
-364089
-2.87966
0.0242882
0.00254977
0.000162995
0
0
0
1683487856.93208
msg_begin
7.7574e+06
-364089
-2.88102
9.89106e-05
0.000591986
0.000212942
0
0
0
1683487856.98207
msg_begin
7.7574e+06
-364090
-2.87994
0.0141312
0.006017
0.000490442
0
0
0
1683487857.03199
msg_begin
7.7574e+06
-364090
-2.87988
0.0598736
0.0123407
0.00140962
0
0
0
1683487857.08197
msg_begin
7.7574e+06
-364090
-2.88242
0.000510529
0.00449805
0.000111134
0
0
0
1683487857.13190
msg_begin
7.7574e+06
-364090
-2.88425
0.0106141
0.00404233
0.000715696
0
0
0
1683487857.18194
msg_begin
7.7574e+06
-364090
-2.88424
0.00813252
0.00318703
0.000505202
0
0
0
1683487857.23291
msg_begin
7.7574e+06
-364090
-2.88582
0.0332469
0.00677534
0.00116537
0
0
0
1683487857.28186
msg_begin
7.7574e+06
-364090
-2.88432
0.0335474
0.00426505
0.00117618
0
0
0
1683487857.33185
msg_begin
7.7574e+06
-364090
-2.88565
0.0114804
0.003677
0.00082562
0
0
0
1683487857.38183
msg_begin
7.7574e+06
-364091
-2.89181
0.00925331
0.00550969
0.00116126
0
0
0
1683487857.48185
msg_begin
7.7574e+06
-364091
-2.88915
6.89179e-08
2.32831e-10
2.22045e-15
0
0
0
1683487857.53184
msg_begin
7.7574e+06
-364091
-2.89239
0.00640466
0.00516825
0.000701671
0
0
0
1683487857.58175
msg_begin
7.7574e+06
-364091
-2.89232
0.0183252
0.0129271
0.00059037
0
0
0
1683487857.63174
msg_begin
7.7574e+06
-364091
-2.89281
0.0107014
0.00133933
0.000640245
0
0
0
1683487857.68172
msg_begin
7.7574e+06
-364091
-2.89503
0.00612342
0.00120357
0.00024228
0
0
0
1683487857.73174
msg_begin
7.7574e+06
-364091
-2.89657
0.0115978
0.0012073
0.00162224
0
0
0
1683487857.78164
msg_begin
7.7574e+06
-364091
-2.89858
0.000617917
0.00401694
0.000303368
0
0
0
1683487857.83171
msg_begin
7.7574e+06
-364092
-2.90248
0.00100778
0.000245756
0.000190056
0
0
0
1683487857.88168
msg_begin
7.75739e+06
-364092
-2.905
0.00663177
0.00265146
0.000643915
0
0
0
1683487857.93162
msg_begin
7.75739e+06
-364092
-2.91081
0.0059928
0.00194724
0.00104119
0
0
0
1683487858.03163
msg_begin
7.75739e+06
-364092
-2.9115
0.00432328
0.00576345
0.000718617
0
0
0
1683487858.08154
msg_begin
7.75739e+06
-364092
-2.91356
0.0306629
0.00856505
0.000456351
0
0
0
1683487858.13152
msg_begin
7.75739e+06
-364092
-2.91607
0.00479856
0.00975604
0.000471716
0
0
0
1683487858.18152
msg_begin
7.75739e+06
-364092
-2.91648
0.0130309
0.00387794
0.000776893
0
0
0
1683487858.23156
msg_begin
7.75739e+06
-364092
-2.92079
0.0147772
0.00182545
0.000367278
0
0
0
1683487858.28145
msg_begin
7.75739e+06
-364093
-2.92368
0.00694278
0.00604026
0.000455022
0
0
0
1683487858.33144
msg_begin
7.75739e+06
-364093
-2.92016
5.21541e-08
1.04774e-09
8.88178e-16
0
0
0
1683487858.38142
msg_begin
7.75739e+06
-364093
-2.92146
0.0038058
0.0019005
0.000255934
0
0
0
1683487858.43145
msg_begin
7.75739e+06
-364093
-2.92504
0.00131086
0.000634326
1.97846e-05
0
0
0
1683487858.48139
msg_begin
7.75739e+06
-364093
-2.92823
0.0189601
0.00431038
0.000322387
0
0
0
1683487858.53139
msg_begin
7.75739e+06
-364093
-2.93079
0.0156229
0.00613253
0.00262453
0
0
0
1683487858.58133
msg_begin
7.75739e+06
-364093
-2.92786
2.6077e-08
3.89991e-09
0
0
0
0
1683487858.63128
msg_begin
7.75739e+06
-364093
-2.93075
1.95578e-08
0
1.33227e-15
0
0
0
1683487858.68116
msg_begin
7.75739e+06
-364093
-2.93335
0.0143373
0.00616344
0.0016308
0
0
0
1683487858.73113
msg_begin
7.75739e+06
-364094
-2.93984
4.19095e-08
2.61934e-09
8.88178e-16
0
0
0
1683487858.78106
msg_begin
7.75739e+06
-364094
-2.93978
0.0300251
0.0144714
0.000573429
0
0
0
1683487858.83104
msg_begin
7.75739e+06
-364094
-2.94098
0.0108545
0.00313198
0.000829872
0
0
0
1683487858.88091
msg_begin
7.75739e+06
-364094
-2.94182
0.00812229
0.000873739
7.88858e-05
0
0
0
1683487858.93088
msg_begin
7.75739e+06
-364094
-2.94312
0.0058436
0.00782925
0.000707958
0
0
0
1683487858.98097
msg_begin
7.75739e+06
-364094
-2.94668
0.00805306
0.00435011
0.000660212
0
0
0
1683487859.03091
msg_begin
7.75738e+06
-364094
-2.94864
0.0261089
0.00765278
0.00115635
0
0
0
1683487859.08093
msg_begin
7.75738e+06
-364094
-2.9498
0.0191159
0.0121659
0.00114654
0
0
0
1683487859.13100
msg_begin
7.75738e+06
-364094
-2.94965
0.00746503
0.00141186
0.00014402
0
0
0
1683487859.18102
msg_begin
7.75738e+06
-364094
-2.95135
0.00229775
0.000610857
8.78101e-05
0
0
0
1683487859.23103
msg_begin
7.75738e+06
-364095
-2.9495
0.0138151
0.00515669
0.0004877
0
0
0
1683487859.28105
msg_begin
7.75738e+06
-364095
-2.95048
0.00386278
0.00334934
0.000683358
0
0
0
1683487859.33106
msg_begin
7.75738e+06
-364095
-2.95477
0.0131038
0.00771861
0.000518856
0
0
0
1683487859.38116
msg_begin
7.75738e+06
-364095
-2.95566
0.00899497
0.00127087
0.000464495
0
0
0
1683487859.43109
msg_begin
7.75738e+06
-364095
-2.95586
0.0194149
0.00572918
0.000797759
0
0
0
1683487859.48109
msg_begin
7.75738e+06
-364095
-2.95706
0.00816756
0.0030114
0.000785238
0
0
0
1683487859.53107
msg_begin
7.75738e+06
-364095
-2.95691
0.0113731
0.00516372
0.000265505
0
0
0
1683487859.58099
msg_begin
7.75738e+06
-364095
-2.95756
0.0183887
0.00592053
0.000391639
0
0
0
1683487859.63093
msg_begin
7.75738e+06
-364095
-2.95652
0.00137387
0.000699284
4.32205e-05
0
0
0
1683487859.68091
msg_begin
7.75738e+06
-364095
-2.95728
0.00286263
0.00734804
0.00197284
0
0
0
1683487859.73084
msg_begin
7.75738e+06
-364095
-2.96126
0.014931
0.00584576
0.000751145
0
0
0
1683487859.78074
msg_begin
7.75738e+06
-364096
-2.95969
0.00237526
0.00740317
0.000154758
0
0
0
1683487859.83070
msg_begin
7.75738e+06
-364096
-2.96008
0.0120718
0.018315
0.0013729
0
0
0
1683487859.88059
msg_begin
7.75738e+06
-364096
-2.96077
0.0272652
0.00226559
0.000878544
0
0
0
1683487859.93054
msg_begin
7.75738e+06
-364096
-2.96326
0.0149258
0.0143562
0.000518602
0
0
0
1683487859.98051
msg_begin
7.75738e+06
-364096
-2.96391
0.000109225
0.000556576
2.42318e-06
0
0
0
1683487860.03049
msg_begin
7.75738e+06
-364096
-2.96667
0.0069078
0.00268646
0.000347734
0
0
0
1683487860.08035
msg_begin
7.75738e+06
-364096
-2.96816
0.040604
0.0171362
0.00047095
0
0
0
1683487860.13035
msg_begin
7.75738e+06
-364096
-2.96767
0.025975
0.00777152
0.0012685
0
0
0
1683487860.18029
msg_begin
7.75738e+06
-364096
-2.96809
0.0325395
0.0102941
0.00109933
0
0
0
1683487860.23032
msg_begin
7.75737e+06
-364096
-2.96827
0.0144754
0.00445029
0.000688081
0
0
0
1683487860.28028
msg_begin
7.75737e+06
-364096
-2.9674
0.0147679
0.00699146
0.000583888
0
0
0
1683487860.33027
msg_begin
7.75737e+06
-364096
-2.9667
0.0142508
0.00805954
0.00128691
0
0
0
1683487860.38024
msg_begin
7.75737e+06
-364097
-2.96659
0.00801473
0.00773325
0.00021915
0
0
0
1683487860.43025
msg_begin
7.75737e+06
-364097
-2.96603
0.00470059
0.00253049
0.000352392
0
0
0
1683487860.48021
msg_begin
7.75737e+06
-364097
-2.96877
0.0043601
0.00125094
0.000257212
0
0
0
1683487860.53022
msg_begin
7.75737e+06
-364097
-2.97396
0.00848068
0.00437715
0.000560421
0
0
0
1683487860.58019
msg_begin
7.75737e+06
-364097
-2.97209
0.00224343
0.000159259
3.37226e-05
0
0
0
1683487860.63068
msg_begin
7.75737e+06
-364097
-2.97431
0.00901029
0.00530212
0.00155884
0
0
0
1683487860.68022
msg_begin
7.75737e+06
-364097
-2.97605
0.0136643
0.00783169
0.00102839
0
0
0
1683487860.73031
msg_begin
7.75737e+06
-364097
-2.97657
0.0136961
0.00810374
0.000202171
0
0
0
1683487860.78029
msg_begin
7.75737e+06
-364097
-2.97743
0.0199001
0.00905395
0.000696744
0
0
0
1683487860.83062
msg_begin
7.75737e+06
-364097
-2.97631
0.0206602
0.0060383
0.000166427
0
0
0
1683487860.88032
msg_begin
7.75737e+06
-364097
-2.97993
0.033651
0.00431152
0.00213694
0
0
0
1683487860.93029
msg_begin
7.75737e+06
-364097
-2.97826
0.0117748
0.00437597
0.000610274
0
0
0
1683487860.98031
msg_begin
7.75737e+06
-364097
-2.97853
0.010683
0.00386248
0.00114883
0
0
0
1683487861.03024
msg_begin
7.75737e+06
-364097
-2.98031
0.00870004
0.00176234
5.02201e-05
0
0
0
1683487861.08024
msg_begin
7.75737e+06
-364097
-2.98297
0.00389434
0.0017376
0.000393561
0
0
0
1683487861.13023
msg_begin
7.75737e+06
-364097
-2.9836
0.0120006
0.00274249
8.73729e-05
0
0
0
1683487861.18026
msg_begin
7.75737e+06
-364098
-2.98471
5.86733e-08
2.50293e-09
8.88178e-16
0
0
0
1683487861.23109
msg_begin
7.75737e+06
-364098
-2.98536
0.00109423
0.000559437
8.30914e-05
0
0
0
1683487861.28020
msg_begin
7.75737e+06
-364098
-2.98882
0.00364673
0.0028881
0.000306802
0
0
0
1683487861.33024
msg_begin
7.75737e+06
-364098
-2.98666
0.00533596
0.00648802
0.000386398
0
0
0
1683487861.38029
msg_begin
7.75737e+06
-364098
-2.98569
0.026994
0.00820353
0.00150434
0
0
0
1683487861.43024
msg_begin
7.75737e+06
-364098
-2.987
0.00701673
0.00117969
0.000250376
0
0
0
1683487861.48027
msg_begin
7.75737e+06
-364098
-2.98817
0.00831771
0.00238167
0.000344322
0
0
0
1683487861.53024
msg_begin
7.75737e+06
-364098
-2.98649
0.0189947
0.00859139
0.00140542
0
0
0
1683487861.58028
msg_begin
7.75737e+06
-364098
-2.99022
0.006619
0.00281514
0.000918662
0
0
0
1683487861.63026
msg_begin
7.75736e+06
-364098
-2.99081
0.00811646
0.00303637
0.000879756
0
0
0
1683487861.68026
msg_begin
7.75736e+06
-364098
-2.9935
0.000269259
0.000516829
0.000105339
0
0
0
1683487861.73027
msg_begin
7.75736e+06
-364098
-2.99333
0.0122167
0.0133104
0.00145674
0
0
0
1683487861.78021
msg_begin
7.75736e+06
-364098
-2.99344
0.0112707
0.00766048
0.0009359
0
0
0
1683487861.83014
msg_begin
7.75736e+06
-364098
-2.99322
0.00325189
0.00335038
0.000117804
0
0
0
1683487861.88010
msg_begin
7.75736e+06
-364098
-2.99456
0.00406519
0.00347518
0.000475666
0
0
0
1683487861.93009
msg_begin
7.75736e+06
-364098
-2.99739
0.00324607
0.00269385
0.000193214
0
0
0
1683487861.98007
msg_begin
7.75736e+06
-364098
-2.99692
0.0157183
0.00926563
0.000861958
0
0
0
1683487862.02996
msg_begin
7.75736e+06
-364098
-2.99785
0.00406675
0.00338535
0.000604211
0
0
0
1683487862.08001
msg_begin
7.75736e+06
-364098
-2.99693
0.011125
0.00599985
0.00102129
0
0
0
1683487862.13001
msg_begin
7.75736e+06
-364099
-2.99491
9.31323e-09
3.31784e-09
4.44089e-16
0
0
0
1683487862.17997
msg_begin
7.75736e+06
-364099
-2.99466
0.0111342
0.00670954
0.000872412
0
0
0
1683487862.22991
msg_begin
7.75736e+06
-364099
-2.99471
0.0145175
0.0047206
0.00153286
0
0
0
1683487862.27993
msg_begin
7.75736e+06
-364099
-2.99674
0.0106558
0.00221284
0.000507987
0
0
0
1683487862.32992
msg_begin
7.75736e+06
-364099
-2.99884
0.00393076
0.00477531
0.000764834
0
0
0
1683487862.37990
msg_begin
7.75736e+06
-364099
-2.9963
0.000839066
0.000936956
0.000107397
0
0
0
1683487862.42985
msg_begin
7.75736e+06
-364099
-2.99546
0.00416402
0.00344894
0.000365203
0
0
0
1683487862.47986
msg_begin
7.75736e+06
-364099
-2.99711
0.0135629
0.00102958
0.000489214
0
0
0
1683487862.52994
msg_begin
7.75736e+06
-364099
-2.99696
0.00985507
0.00387186
0.00034522
0
0
0
1683487862.57987
msg_begin
7.75736e+06
-364099
-2.99782
0.0183588
0.00789703
0.000734266
0
0
0
1683487862.62984
msg_begin
7.75736e+06
-364099
-2.99715
0.00592224
0.00307356
0.000510762
0
0
0
1683487862.67989
msg_begin
7.75736e+06
-364099
-2.99835
0.0186823
0.0120705
0.00126919
0
0
0
1683487862.72989
msg_begin
7.75736e+06
-364099
-2.99887
0.00689456
0.00398255
0.000482239
0
0
0
1683487862.77991
msg_begin
7.75736e+06
-364099
-2.99957
0.00395958
0.000843309
0.000388928
0
0
0
1683487862.83122
msg_begin
7.75736e+06
-364099
-2.99853
0.0170793
0.00528623
0.00288695
0
0
0
1683487862.87995
msg_begin
7.75736e+06
-364099
-2.99962
0.0037565
0.00122195
0.000214888
0
0
0
1683487862.92988
msg_begin
7.75736e+06
-364099
-2.99866
0.00464034
0.00587226
8.39729e-05
0
0
0
1683487862.97993
msg_begin
7.75736e+06
-364099
-2.99846
0.00968635
0.00550222
0.000272093
0
0
0
1683487863.03085
msg_begin
7.75736e+06
-364099
-3.00321
0.00440987
0.0027193
0.000645703
0
0
0
1683487863.07990
msg_begin
7.75736e+06
-364099
-3.00083
0.0160429
0.00437837
0.00352657
0
0
0
1683487863.12979
msg_begin
7.75736e+06
-364099
-3.00062
0.0168634
0.0111527
0.00320938
0
0
0
1683487863.17976
msg_begin
7.75736e+06
-364099
-3.00829
0.00437705
0.00521623
0.000949608
0
0
0
1683487863.22986
msg_begin
7.75736e+06
-364099
-3.00758
0.00271019
0.00398754
0.000405343
0
0
0
1683487863.27961
msg_begin
7.75736e+06
-364099
-3.00795
0.0187162
0.00791489
0.0013719
0
0
0
1683487863.32950
msg_begin
7.75736e+06
-364099
-3.00891
0.0287416
0.012756
0.00146456
0
0
0
1683487863.37940
msg_begin
7.75736e+06
-364099
-3.01084
0.0030047
0.00172278
0.000109938
0
0
0
1683487863.42939
msg_begin
7.75736e+06
-364099
-3.00655
5.12227e-08
4.07454e-10
4.44089e-16
0
0
0
1683487863.47937
msg_begin
7.75736e+06
-364099
-3.00776
0.00368653
0.00157494
0.000970546
0
0
0
1683487863.52928
msg_begin
7.75736e+06
-364099
-3.00677
0.0181416
0.00831355
0.000453946
0
0
0
1683487863.57925
msg_begin
7.75736e+06
-364100
-3.00647
0.0208965
0.0107229
0.000630674
0
0
0
1683487863.62918
msg_begin
7.75736e+06
-364100
-3.00686
0.0168538
0.0120529
0.000471604
0
0
0
1683487863.67922
msg_begin
7.75736e+06
-364100
-3.00734
0.0340349
0.00683602
0.000764424
0
0
0
1683487863.72916
msg_begin
7.75736e+06
-364100
-3.00611
0.0019351
0.000513916
8.20067e-05
0
0
0
1683487863.77919
msg_begin
7.75736e+06
-364100
-3.00405
1.49012e-08
2.67755e-09
1.33227e-15
0
0
0
1683487863.82956
msg_begin
7.75736e+06
-364100
-3.00525
0.0256584
0.00650229
0.00107857
0
0
0
1683487863.87916
msg_begin
7.75735e+06
-364100
-3.00504
0.00530363
0.00324857
0.000217868
0
0
0
1683487863.92914
msg_begin
7.75735e+06
-364100
-3.01065
0.00266754
0.00772921
0.000491927
0
0
0
1683487863.97916
msg_begin
7.75735e+06
-364100
-3.01413
0.00707799
0.00335674
0.000636862
0
0
0
1683487864.03018
msg_begin
7.75735e+06
-364100
-3.01279
0.00366435
0.00269218
0.000202587
0
0
0
1683487864.07915
msg_begin
7.75735e+06
-364100
-3.01416
0.0133571
0.00347201
0.000529483
0
0
0
1683487864.12914
msg_begin
7.75735e+06
-364100
-3.01491
0.004128
0.00341483
0.000361593
0
0
0
1683487864.17946
msg_begin
7.75735e+06
-364100
-3.01796
0.00108268
0.00159683
0.000191538
0
0
0
1683487864.22925
msg_begin
7.75735e+06
-364100
-3.01977
0.00156236
0.00139085
0.000296795
0
0
0
1683487864.27906
msg_begin
7.75735e+06
-364100
-3.02445
0.0114705
0.00275685
0.000507913
0
0
0
1683487864.32901
msg_begin
7.75735e+06
-364100
-3.02645
0.0111789
0.00238854
0.000398983
0
0
0
1683487864.37893
msg_begin
7.75735e+06
-364100
-3.0294
0.00375508
0.00179087
0.000304997
0
0
0
1683487864.42891
msg_begin
7.75735e+06
-364100
-3.02872
0.00452758
0.00123333
3.71305e-05
0
0
0
1683487864.47894
msg_begin
7.75735e+06
-364100
-3.02856
0.00901677
0.00349013
0.000234545
0
0
0
1683487864.52886
msg_begin
7.75735e+06
-364100
-3.02876
0.00547994
0.0037157
0.000325423
0
0
0
1683487864.57902
msg_begin
7.75735e+06
-364100
-3.02946
0.0030268
0.00381253
0.000277474
0
0
0
1683487864.62963
msg_begin
7.75735e+06
-364100
-3.02971
0.00984232
0.00535662
0.000453211
0
0
0
1683487864.67869
msg_begin
7.75735e+06
-364100
-3.03003
0.0166799
0.00392546
0.000923845
0
0
0
1683487864.72859
msg_begin
7.75735e+06
-364100
-3.02988
0.00587313
0.00225857
0.000262001
0
0
0
1683487864.77851
msg_begin
7.75735e+06
-364100
-3.03158
0.0125962
0.00849954
0.000886876
0
0
0
1683487864.82962
msg_begin
7.75735e+06
-364100
-3.03232
0.00732221
0.0074948
0.0012946
0
0
0
1683487864.87853
msg_begin
7.75735e+06
-364100
-3.03177
0.0117936
0.00513494
0.000592238
0
0
0
1683487864.92847
msg_begin
7.75735e+06
-364100
-3.03104
0.00468163
0.00606031
0.000502588
0
0
0
1683487864.97903
msg_begin
7.75735e+06
-364100
-3.03353
0.00556258
0.00533557
0.000509858
0
0
0
1683487865.02933
msg_begin
7.75735e+06
-364100
-3.03534
0.00725348
0.006467
0.000438008
0
0
0
1683487865.07843
msg_begin
7.75735e+06
-364100
-3.03736
0.0185005
0.01233
0.00178131
0
0
0
1683487865.12841
msg_begin
7.75735e+06
-364100
-3.03827
0.00259406
0.00152273
8.5197e-05
0
0
0
1683487865.17913
msg_begin
7.75735e+06
-364100
-3.03804
0.0287053
0.00146806
0.000625859
0
0
0
1683487865.22924
msg_begin
7.75735e+06
-364100
-3.0397
0.00778571
0.00154699
0.000546456
0
0
0
1683487865.27833
msg_begin
7.75735e+06
-364100
-3.03844
0.00401306
0.00295268
0.000427604
0
0
0
1683487865.32826
msg_begin
7.75735e+06
-364100
-3.03964
0.00677607
0.0120477
0.000937068
0
0
0
1683487865.37828
msg_begin
7.75735e+06
-364101
-3.04154
0.00518153
0.00584262
0.000385758
0
0
0
1683487865.42811
msg_begin
7.75735e+06
-364101
-3.04253
0.00395002
0.00895659
0.000836441
0
0
0
1683487865.47812
msg_begin
7.75735e+06
-364101
-3.04137
0.00322337
0.000369501
1.94283e-05
0
0
0
1683487865.52796
msg_begin
7.75735e+06
-364101
-3.04429
0.004936
0.00440404
0.000484324
0
0
0
1683487865.57795
msg_begin
7.75735e+06
-364101
-3.04436
0.0145961
0.00431033
0.000688607
0
0
0
1683487865.62860
msg_begin
7.75735e+06
-364101
-3.05001
0.0196588
0.00630152
0.0011525
0
0
0
1683487865.67766
msg_begin
7.75735e+06
-364101
-3.04496
0.00288951
5.19676e-05
0.000499863
0
0
0
1683487865.72758
msg_begin
7.75735e+06
-364101
-3.05403
0.00302435
0.000872008
0.000443358
0
0
0
1683487865.77752
msg_begin
7.75735e+06
-364101
-3.05574
0.0146216
0.00707065
0.00100663
0
0
0
1683487865.82840
msg_begin
7.75735e+06
-364101
-3.05558
0.013931
0.0086134
0.000740936
0
0
0
1683487865.87736
msg_begin
7.75735e+06
-364101
-3.05472
0.00301565
0.00764829
0.000420453
0
0
0
1683487865.92726
msg_begin
7.75735e+06
-364101
-3.05375
0.00213126
0.00219351
3.24306e-05
0
0
0
1683487865.97729
msg_begin
7.75735e+06
-364101
-3.05588
0.00788824
0.0143411
0.00110073
0
0
0
1683487866.02749
msg_begin
7.75735e+06
-364101
-3.05739
0.0186776
0.0131635
0.000882633
0
0
0
1683487866.07710
msg_begin
7.75735e+06
-364101
-3.06204
5.21541e-08
1.39698e-09
4.44089e-16
0
0
0
1683487866.12707
msg_begin
7.75734e+06
-364101
-3.06497
0.0059028
0.00195917
0.00015389
0
0
0
1683487866.17715
msg_begin
7.75734e+06
-364101
-3.06988
0.0130901
0.00505168
0.000224905
0
0
0
1683487866.22743
msg_begin
7.75734e+06
-364101
-3.07133
0.0158993
0.00564382
0.000628522
0
0
0
1683487866.27698
msg_begin
7.75734e+06
-364101
-3.0714
0.0121714
0.00588709
0.000702848
0
0
0
1683487866.32699
msg_begin
7.75734e+06
-364101
-3.07253
0.00419159
0.00350917
0.000575431
0
0
0
1683487866.37701
msg_begin
7.75734e+06
-364101
-3.07656
0.00938627
0.00108024
1.00255e-05
0
0
0
1683487866.42689
msg_begin
7.75734e+06
-364101
-3.07575
0.000130666
0.000300818
9.77361e-05
0
0
0
1683487866.47693
msg_begin
7.75734e+06
-364101
-3.07642
0.00366195
0.0101214
7.91397e-05
0
0
0
1683487866.52688
msg_begin
7.75734e+06
-364101
-3.07726
0.00360142
0.00699123
0.000327785
0
0
0
1683487866.57701
msg_begin
7.75734e+06
-364101
-3.08236
5.58794e-09
1.33878e-09
4.44089e-16
0
0
0
1683487866.62787
msg_begin
7.75734e+06
-364101
-3.08358
0.0703383
0.0135119
0.0020636
0
0
0
1683487866.67694
msg_begin
7.75734e+06
-364101
-3.08538
0.00988296
0.0102352
0.000686298
0
0
0
1683487866.72687
msg_begin
7.75734e+06
-364101
-3.0874
0.00696819
0.00876241
0.00140916
0
0
0
1683487866.77688
msg_begin
7.75734e+06
-364101
-3.08969
0.00658073
0.0141377
0.00116093
0
0
0
1683487866.82721
msg_begin
7.75734e+06
-364101
-3.09328
0.00831808
0.00249376
0.000372465
0
0
0
1683487866.87683
msg_begin
7.75734e+06
-364101
-3.09336
0.00714736
0.00912788
0.000438601
0
0
0
1683487866.92682
msg_begin
7.75734e+06
-364101
-3.09619
2.14204e-08
3.14321e-09
4.44089e-16
0
0
0
1683487866.97703
msg_begin
7.75734e+06
-364101
-3.09739
0.00423539
0.00319858
0.000168909
0
0
0
1683487867.02776
msg_begin
7.75734e+06
-364101
-3.0984
0.000146364
0.000656447
6.14295e-05
0
0
0
1683487867.07685
msg_begin
7.75734e+06
-364101
-3.10061
0.0296434
0.00387183
0.000702221
0
0
0
1683487867.12685
msg_begin
7.75734e+06
-364101
-3.10295
0.00553821
0.00337772
0.00021258
0
0
0
1683487867.17723
msg_begin
7.75734e+06
-364101
-3.10506
0.0144879
0.00251372
0.000595898
0
0
0
1683487867.22774
msg_begin
7.75734e+06
-364101
-3.10523
0.00282121
0.00604231
0.000337966
0
0
0
1683487867.27680
msg_begin
7.75734e+06
-364101
-3.10778
0.0046788
0.00312825
0.000445796
0
0
0
1683487867.32687
msg_begin
7.75734e+06
-364101
-3.11327
0.0332427
0.00812152
0.00124448
0
0
0
1683487867.37781
msg_begin
7.75734e+06
-364101
-3.11365
0.000289457
0.000627885
2.23812e-05
0
0
0
1683487867.42690
msg_begin
7.75734e+06
-364101
-3.11572
3.1665e-08
1.10595e-09
0
0
0
0
1683487867.47679
msg_begin
7.75734e+06
-364101
-3.11584
0.00217019
0.000958169
0.000285623
0
0
0
1683487867.52683
msg_begin
7.75734e+06
-364101
-3.121
0.00741329
0.00264107
0.000303953
0
0
0
1683487867.57693
msg_begin
7.75734e+06
-364101
-3.12363
0.00463376
0.00421796
0.000325285
0
0
0
1683487867.62755
msg_begin
7.75734e+06
-364102
-3.12247
0.00600531
0.00225761
0.000877446
0
0
0
1683487867.67666
msg_begin
7.75734e+06
-364102
-3.12612
0.0141932
0.0100273
0.00238146
0
0
0
1683487867.72662
msg_begin
7.75734e+06
-364102
-3.12266
0.0500007
0.00909858
0.00211626
0
0
0
1683487867.77667
msg_begin
7.75734e+06
-364102
-3.12807
0.00190897
0.00331298
0.000284483
0
0
0
1683487867.82750
msg_begin
7.75734e+06
-364102
-3.13109
0.0493141
0.0130418
0.00266808
0
0
0
1683487867.87658
msg_begin
7.75733e+06
-364102
-3.13423
0.0152335
0.00254623
0.00228313
0
0
0
1683487867.92656
msg_begin
7.75733e+06
-364102
-3.13927
0.00266085
0.000633153
2.62947e-05
0
0
0
1683487867.97643
msg_begin
7.75733e+06
-364102
-3.139
0.0222652
0.00863038
0.000650515
0
0
0
1683487868.02696
msg_begin
7.75733e+06
-364102
3.13805
0.0118827
0.0115239
0.00145632
0
0
0
1683487868.07648
msg_begin
7.75733e+06
-364102
3.13501
0.0146888
0.00779707
0.000999482
0
0
0
1683487868.12646
msg_begin
7.75733e+06
-364102
3.13485
3.07336e-08
4.13274e-09
0
0
0
0
1683487868.17650
msg_begin
7.75733e+06
-364102
3.13321
0.00540509
0.00579373
0.000204639
0
0
0
1683487868.22743
msg_begin
7.75733e+06
-364102
3.12928
0.0266859
0.00423595
0.00138741
0
0
0
1683487868.27652
msg_begin
7.75733e+06
-364102
3.12591
0.00714047
0.004786
0.000729022
0
0
0
1683487868.32640
msg_begin
7.75733e+06
-364102
3.12326
0.00607917
0.00742522
0.000548869
0
0
0
1683487868.37722
msg_begin
7.75733e+06
-364102
3.12454
0.017698
0.0070876
0.00195733
0
0
0
1683487868.42629
msg_begin
7.75733e+06
-364102
3.11934
0.00286919
0.00115277
0.000677592
0
0
0
1683487868.47623
msg_begin
7.75733e+06
-364102
3.11673
0.00561916
0.00108717
9.3982e-05
0
0
0
1683487868.52613
msg_begin
7.75733e+06
-364102
3.11648
0.00586963
0.00031367
4.96868e-05
0
0
0
1683487868.57613
msg_begin
7.75733e+06
-364102
3.11249
0.00031062
0.000671432
5.66848e-05
0
0
0
1683487868.62643
msg_begin
7.75733e+06
-364102
3.11044
0.00434033
0.00218086
0.000346263
0
0
0
1683487868.67590
msg_begin
7.75733e+06
-364102
3.10994
0.0198466
0.00202943
0.000460105
0
0
0
1683487868.72579
msg_begin
7.75733e+06
-364102
3.10897
0.0289896
0.000460025
0.000117557
0
0
0
1683487868.77576
msg_begin
7.75733e+06
-364102
3.10348
0.00855262
0.00166419
0.000279059
0
0
0
1683487868.82631
msg_begin
7.75733e+06
-364102
3.09978
0.00165131
0.000964093
7.30978e-05
0
0
0
1683487868.87549
msg_begin
7.75733e+06
-364102
3.09639
0.00300484
0.008524
0.000418959
0
0
0
1683487868.92544
msg_begin
7.75733e+06
-364102
3.09462
0.00600447
0.00398067
0.000228872
0
0
0
1683487868.97540
msg_begin
7.75733e+06
-364102
3.09048
0.00731831
0.00299988
0.000108639
0
0
0
1683487869.02591
msg_begin
7.75733e+06
-364102
3.09093
0.0163271
0.00939045
0.00054046
0
0
0
1683487869.07507
msg_begin
7.75733e+06
-364101
3.08793
0.00852236
0.00723223
0.000743889
0
0
0
1683487869.17512
msg_begin
7.75733e+06
-364101
3.08188
0.0287572
0.0067556
0.001259
0
0
0
1683487869.22563
msg_begin
7.75733e+06
-364101
3.07762
0.00665153
0.000815965
0.000227446
0
0
0
1683487869.27490
msg_begin
7.75733e+06
-364101
3.07681
0.0094722
0.00510328
0.000591311
0
0
0
1683487869.32485
msg_begin
7.75732e+06
-364101
3.07671
0.0035694
0.0012943
0.000102038
0
0
0
1683487869.37479
msg_begin
7.75732e+06
-364101
3.07582
0.0132711
0.00349522
0.000167883
0
0
0
1683487869.42478
msg_begin
7.75732e+06
-364101
3.07237
0.00769835
0.00206004
0.00030237
0
0
0
1683487869.47474
msg_begin
7.75732e+06
-364101
3.06724
0.000893704
0.000505691
5.08662e-05
0
0
0
1683487869.52477
msg_begin
7.75732e+06
-364101
3.06562
0.0131067
0.00452538
0.000567598
0
0
0
1683487869.57476
msg_begin
7.75732e+06
-364101
3.06574
0.0329316
0.0057338
0.000902576
0
0
0
1683487869.62529
msg_begin
7.75732e+06
-364101
3.06597
0.0099278
0.00670054
0.000971802
0
0
0
1683487869.67476
msg_begin
7.75732e+06
-364101
3.06494
0.00843077
0.00492186
0.000687905
0
0
0
1683487869.72476
msg_begin
7.75732e+06
-364101
3.05991
0.00250229
0.00211772
0.000343522
0
0
0
1683487869.77485
msg_begin
7.75732e+06
-364101
3.05723
0.0265224
0.00101991
0.000234801
0
0
0
1683487869.82526
msg_begin
7.75732e+06
-364101
3.05927
0.00688433
0.000162978
0.000559011
0
0
0
1683487869.87479
msg_begin
7.75732e+06
-364101
3.05759
0.00368409
0.000978567
8.09761e-05
0
0
0
1683487869.92481
msg_begin
7.75732e+06
-364101
3.05663
0.017985
0.00723398
0.00159154
0
0
0
1683487869.97468
msg_begin
7.75732e+06
-364101
3.05222
7.26432e-08
2.91038e-10
4.44089e-16
0
0
0
1683487870.02486
msg_begin
7.75732e+06
-364101
3.05003
8.56817e-08
1.16415e-10
0
0
0
0
1683487870.07454
msg_begin
7.75732e+06
-364101
3.05068
0.00522596
0.00189954
0.000162673
0
0
0
1683487870.12456
msg_begin
7.75732e+06
-364101
3.05035
0.00243214
0.000497706
5.58669e-05
0
0
0
1683487870.17451
msg_begin
7.75732e+06
-364101
3.05004
0.00302788
0.000874565
0.000366507
0
0
0
1683487870.22499
msg_begin
7.75732e+06
-364101
3.04965
0.00676221
0.00262339
0.000208621
0
0
0
1683487870.27439
msg_begin
7.75732e+06
-364101
3.04804
0.0101067
0.00401882
0.000354643
0
0
0
1683487870.32438
msg_begin
7.75732e+06
-364101
3.04595
0.0160325
0.00630528
0.000810766
0
0
0
1683487870.37438
msg_begin
7.75732e+06
-364101
3.04578
0.0111767
0.00254094
0.000761486
0
0
0
1683487870.42430
msg_begin
7.75732e+06
-364101
3.04279
9.31323e-09
1.92085e-09
0
0
0
0
1683487870.47429
msg_begin
7.75732e+06
-364101
3.04207
0.00421299
0.00105409
0.000141738
0
0
0
1683487870.52420
msg_begin
7.75732e+06
-364101
3.04102
2.8871e-08
1.92085e-09
4.44089e-16
0
0
0
1683487870.57414
msg_begin
7.75732e+06
-364101
3.04089
0.0240309
0.00769076
0.000750226
0
0
0
1683487870.62410
msg_begin
7.75732e+06
-364101
3.0389
0.00509128
0.00707653
0.000467713
0
0
0
1683487870.67400
msg_begin
7.75732e+06
-364101
3.04083
0.00880996
0.00668658
0.000500519
0
0
0
1683487870.72391
msg_begin
7.75732e+06
-364101
3.04147
0.00435599
0.0015963
0.000176186
0
0
0
1683487870.77391
msg_begin
7.75731e+06
-364101
3.03641
0.00393167
0.00010067
7.16189e-05
0
0
0
1683487870.82411
msg_begin
7.75731e+06
-364101
3.03718
1.02445e-08
2.96859e-09
8.88178e-16
0
0
0
1683487870.87359
msg_begin
7.75731e+06
-364101
3.037
0.0137151
0.00327226
0.00142999
0
0
0
1683487870.92347
msg_begin
7.75731e+06
-364101
3.03678
0.0226553
0.00533882
0.000735188
0
0
0
1683487870.97343
msg_begin
7.75731e+06
-364101
3.03725
0.00953039
0.00233152
0.0014364
0
0
0
1683487871.02359
msg_begin
7.75731e+06
-364101
3.03712
0.00873787
0.00542521
0.000541669
0
0
0
1683487871.07327
msg_begin
7.75731e+06
-364101
3.03692
0.00354269
0.00132767
0.000161956
0
0
0
1683487871.12317
msg_begin
7.75731e+06
-364101
3.03286
0.0219791
0.00190887
8.25546e-05
0
0
0
1683487871.17318
msg_begin
7.75731e+06
-364101
3.03278
0.00362666
0.00164967
0.000128548
0
0
0
1683487871.22331
msg_begin
7.75731e+06
-364100
3.03292
0.0563063
0.0139222
0.00192363
0
0
0
1683487871.27304
msg_begin
7.75731e+06
-364100
3.03312
0.0155004
0.00280357
0.000369291
0
0
0
1683487871.32299
msg_begin
7.75731e+06
-364100
3.0321
0.0130389
0.00519253
0.00114411
0
0
0
1683487871.37296
msg_begin
7.75731e+06
-364100
3.03153
0.0111076
0.00404984
0.000825505
0
0
0
1683487871.42296
msg_begin
7.75731e+06
-364100
3.0294
0.00826538
0.00888156
0.000866837
0
0
0
1683487871.47284
msg_begin
7.75731e+06
-364100
3.03112
0.00754461
0.00997556
0.000350635
0
0
0
1683487871.52281
msg_begin
7.75731e+06
-364100
3.0295
0.00578048
0.0139269
0.000804373
0
0
0
1683487871.57279
msg_begin
7.75731e+06
-364100
3.02947
0.0144462
0.00630916
0.000416283
0
0
0
1683487871.62268
msg_begin
7.75731e+06
-364100
3.0298
0.0160775
0.00186921
0.000349035
0
0
0
1683487871.67251
msg_begin
7.75731e+06
-364100
3.02993
0.039185
0.0107195
0.00170356
0
0
0
1683487871.72249
msg_begin
7.75731e+06
-364100
3.02808
0.011503
0.00875432
0.000217703
0
0
0
1683487871.77271
msg_begin
7.75731e+06
-364100
3.02856
0.0133605
0.00480162
0.000353075
0
0
0
1683487871.82229
msg_begin
7.75731e+06
-364100
3.02925
0.0073194
0.00110161
0.000221732
0
0
0
1683487871.87221
msg_begin
7.75731e+06
-364100
3.02906
0.0045589
0.00494972
0.000258118
0
0
0
1683487871.92218
msg_begin
7.75731e+06
-364100
3.02557
0.0221366
0.00374792
0.00121901
0
0
0
1683487871.97209
msg_begin
7.75731e+06
-364100
3.02419
0.0178835
0.00463568
0.000305767
0
0
0
1683487872.02208
msg_begin
7.75731e+06
-364100
3.02329
0.00521342
0.00193186
0.000201633
0
0
0
1683487872.07206
msg_begin
7.75731e+06
-364100
3.0231
0.00602304
0.00538023
0.000939893
0
0
0
1683487872.12204
msg_begin
7.75731e+06
-364100
3.0231
0.0043871
0.00170359
0.000125421
0
0
0
1683487872.17204
msg_begin
7.75731e+06
-364100
3.02247
0.00656825
0.00971748
0.00071153
0
0
0
1683487872.22197
msg_begin
7.75731e+06
-364100
3.02366
0.0136759
0.00574112
0.000595225
0
0
0
1683487872.27190
msg_begin
7.75731e+06
-364100
3.02126
0.00315215
0.00286966
0.000324339
0
0
0
1683487872.32179
msg_begin
7.75731e+06
-364100
3.02411
0.0051101
0.00112057
0.000230044
0
0
0
1683487872.37182
msg_begin
7.75731e+06
-364100
3.02142
0.00255092
0.0088298
0.000381741
0
0
0
1683487872.42161
msg_begin
7.75731e+06
-364100
3.02278
0.00511129
0.00362803
0.000398206
0
0
0
1683487872.47170
msg_begin
7.75731e+06
-364100
3.02311
0.00293443
0.00137381
0.000504156
0
0
0
1683487872.52152
msg_begin
7.75731e+06
-364100
3.01817
0.00778213
0.00427304
0.000759646
0
0
0
1683487872.57156
msg_begin
7.75731e+06
-364100
3.01781
0.00765148
0.00617098
0.000706783
0
0
0
1683487872.62143
msg_begin
7.75731e+06
-364100
3.01768
0.0285242
0.00989617
0.00182471
0
0
0
1683487872.67145
msg_begin
7.75731e+06
-364100
3.01604
0.0050573
0.00647326
0.000109469
0
0
0
1683487872.72137
msg_begin
7.75731e+06
-364100
3.0198
0.00112857
0.000864856
0.000100072
0
0
0
1683487872.77222
msg_begin
7.75731e+06
-364100
3.01602
0.0065803
0.00422969
0.000564714
0
0
0
1683487872.82132
msg_begin
7.75731e+06
-364100
3.01507
0.024482
0.00309829
0.000741217
0
0
0
1683487872.87126
msg_begin
7.75731e+06
-364100
3.01536
0.0126583
0.00111673
0.000692727
0
0
0
1683487872.92118
msg_begin
7.75731e+06
-364100
3.01493
0.00170899
0.00159521
0.000165439
0
0
0
1683487872.97115
msg_begin
7.7573e+06
-364100
3.01341
0.00523822
0.00529401
0.00020023
0
0
0
1683487873.02097
msg_begin
7.7573e+06
-364100
3.01389
0.00968854
0.00305916
0.00051899
0
0
0
1683487873.07084
msg_begin
7.7573e+06
-364100
3.01294
0.013247
0.00936321
0.000866465
0
0
0
1683487873.12075
msg_begin
7.7573e+06
-364100
3.00758
0.0183587
0.00428697
0.000947077
0
0
0
1683487873.17069
msg_begin
7.7573e+06
-364100
3.00866
0.0191056
0.0117543
0.0024213
0
0
0
1683487873.22055
msg_begin
7.7573e+06
-364100
3.00675
0.0215808
0.00153376
0.000242332
0
0
0
1683487873.27052
msg_begin
7.7573e+06
-364100
3.00589
0.00205262
0.00284309
0.000194546
0
0
0
1683487873.32040
msg_begin
7.7573e+06
-364100
3.00377
0.00530458
0.00122873
0.000218656
0
0
0
1683487873.37038
msg_begin
7.7573e+06
-364100
3.00342
0.0131095
0.00183879
0.000425404
0
0
0
1683487873.42031
msg_begin
7.7573e+06
-364099
3.0026
0.00413718
0.00121662
0.000649385
0
0
0
1683487873.47023
msg_begin
7.7573e+06
-364099
3.00268
0.0211544
0.00748216
0.000448532
0
0
0
1683487873.52015
msg_begin
7.7573e+06
-364099
3.00316
0.00389009
0.000796418
0.000155524
0
0
0
1683487873.57014
msg_begin
7.7573e+06
-364099
3.00269
0.036682
0.00546921
0.000851402
0
0
0
1683487873.62008
msg_begin
7.7573e+06
-364099
3.00342
0.00238252
0.00212676
8.40572e-05
0
0
0
1683487873.67004
msg_begin
7.7573e+06
-364099
3.00048
0.00701803
0.00471603
0.000853053
0
0
0
1683487873.72006
msg_begin
7.7573e+06
-364099
2.99811
0.00432272
0.00362175
0.000551513
0
0
0
1683487873.77000
msg_begin
7.7573e+06
-364099
2.99769
0.0092894
0.00558783
0.000594612
0
0
0
1683487873.81994
msg_begin
7.7573e+06
-364099
2.99815
0.00294824
0.00291686
0.000364071
0
0
0
1683487873.86990
msg_begin
7.7573e+06
-364099
2.99421
0.00037626
9.34215e-05
3.75036e-05
0
0
0
1683487873.91984
msg_begin
7.7573e+06
-364099
2.99314
0.0121733
0.00372523
0.000339154
0
0
0
1683487873.97066
msg_begin
7.7573e+06
-364099
2.9942
0.0159507
0.00671667
0.00107453
0
0
0
1683487874.01963
msg_begin
7.7573e+06
-364099
2.99268
0.00791428
0.00417717
0.000838892
0
0
0
1683487874.06954
msg_begin
7.7573e+06
-364099
2.99094
0.00780342
0.00722767
0.00138679
0
0
0
1683487874.11948
msg_begin
7.7573e+06
-364099
2.98796
0.00272926
0.00154427
0.000197974
0
0
0
1683487874.16971
msg_begin
7.7573e+06
-364099
2.98875
0.0111347
0.00312148
0.000477678
0
0
0
1683487874.21923
msg_begin
7.7573e+06
-364099
2.98876
0.00291522
0.0110021
0.00049664
0
0
0
1683487874.26908
msg_begin
7.7573e+06
-364099
2.9889
0.00114116
0.00166817
0.000238085
0
0
0
1683487874.31891
msg_begin
7.7573e+06
-364099
2.9882
0.0174102
0.00333874
0.00117908
0
0
0
1683487874.36974
msg_begin
7.7573e+06
-364099
2.98505
0.00760418
0.00333427
0.000538271
0
0
0
1683487874.41869
msg_begin
7.7573e+06
-364099
2.98562
0.0226539
0.00191343
0.000242579
0
0
0
1683487874.46865
msg_begin
7.7573e+06
-364099
2.98471
0.0191162
0.00689863
0.000767967
0
0
0
1683487874.51847
msg_begin
7.7573e+06
-364099
2.98162
0.0016012
0.00216346
8.39635e-05
0
0
0
1683487874.56922
msg_begin
7.7573e+06
-364099
2.98263
0.0231878
0.00789893
0.00124105
0
0
0
1683487874.61826
msg_begin
7.7573e+06
-364099
2.98513
0.0394828
0.00475862
0.00190641
0
0
0
1683487874.66823
msg_begin
7.7573e+06
-364099
2.98168
0.000204915
0.00119741
5.99526e-05
0
0
0
1683487874.71829
msg_begin
7.7573e+06
-364099
2.97842
0.00192261
0.00235884
0.000391725
0
0
0
1683487874.76916
msg_begin
7.7573e+06
-364099
2.97577
0.0228909
0.00212505
0.000722706
0
0
0
1683487874.81796
msg_begin
7.7573e+06
-364099
2.97626
0.0187605
0.00308653
0.00070203
0
0
0
1683487874.86799
msg_begin
7.7573e+06
-364099
2.97618
0.0160414
0.00319862
0.000742661
0
0
0
1683487874.91791
msg_begin
7.7573e+06
-364099
2.97529
8.56817e-08
3.7835e-09
0
0
0
0
1683487874.96886
msg_begin
7.7573e+06
-364099
2.97914
0.00704924
0.00473035
0.00228225
0
0
0
1683487875.06770
msg_begin
7.7573e+06
-364098
2.97635
0.00476244
0.003866
0.00102224
0
0
0
1683487875.11767
msg_begin
7.7573e+06
-364098
2.97619
0.0244522
0.00400403
0.000435305
0
0
0
1683487875.16852
msg_begin
7.7573e+06
-364098
2.97766
0.029008
0.00912175
0.00149829
0
0
0
1683487875.21755
msg_begin
7.75729e+06
-364098
2.97737
0.0144491
0.00353599
0.000738002
0
0
0
1683487875.26750
msg_begin
7.75729e+06
-364098
2.97529
0.00108267
0.00207063
7.75648e-05
0
0
0
1683487875.31750
msg_begin
7.75729e+06
-364098
2.97563
0.00413482
0.00180059
0.000307388
0
0
0
1683487875.36836
msg_begin
7.75729e+06
-364098
2.97631
0.0054512
0.00567153
0.00126654
0
0
0
1683487875.41744
msg_begin
7.75729e+06
-364098
2.97515
0.00676069
0.00383504
0.00054396
0
0
0
1683487875.46740
msg_begin
7.75729e+06
-364098
2.97379
0.000197157
0.000682617
8.76901e-05
0
0
0
1683487875.51728
msg_begin
7.75729e+06
-364098
2.97466
0.00649397
0.000632872
9.39522e-05
0
0
0
1683487875.56723
msg_begin
7.75729e+06
-364098
2.9757
0.0244312
0.00892593
0.000913909
0
0
0
1683487875.61714
msg_begin
7.75729e+06
-364098
2.97336
0.00262007
0.00171479
0.000315471
0
0
0
1683487875.66711
msg_begin
7.75729e+06
-364098
2.97689
2.6077e-08
3.08501e-09
0
0
0
0
1683487875.71707
msg_begin
7.75729e+06
-364098
2.97596
0.01408
0.00706204
0.000940733
0
0
0
1683487875.76700
msg_begin
7.75729e+06
-364098
2.97652
0.00338869
0.00429781
0.000223839
0
0
0
1683487875.81690
msg_begin
7.75729e+06
-364098
2.97698
4.47035e-08
3.14321e-09
4.44089e-16
0
0
0
1683487875.86687
msg_begin
7.75729e+06
-364098
2.97735
0.0405594
0.00582921
0.0017654
0
0
0
1683487875.91677
msg_begin
7.75729e+06
-364098
2.97532
0.0655065
0.0069437
0.00136231
0
0
0
1683487875.96667
msg_begin
7.75729e+06
-364098
2.97447
0.000539479
0.000266501
8.16586e-05
0
0
0
1683487876.01661
msg_begin
7.75729e+06
-364098
2.97273
0.00343784
0.0020661
0.00035175
0
0
0
1683487876.06648
msg_begin
7.75729e+06
-364098
2.97364
0.00482173
0.00122294
0.000140348
0
0
0
1683487876.11634
msg_begin
7.75729e+06
-364098
2.97182
0.0335592
0.00600852
0.000822528
0
0
0
1683487876.16630
msg_begin
7.75729e+06
-364098
2.97437
0.0142328
0.00302583
0.000381067
0
0
0
1683487876.21611
msg_begin
7.75729e+06
-364098
2.97349
0.0120748
0.00376546
0.000884041
0
0
0
1683487876.26603
msg_begin
7.75729e+06
-364097
2.97355
3.74814e-05
0.00143703
0.000121779
0
0
0
1683487876.31593
msg_begin
7.75729e+06
-364097
2.97452
0.0246598
0.0054574
0.000487675
0
0
0
1683487876.36577
msg_begin
7.75729e+06
-364097
2.97499
0.0205152
0.00103728
0.000959674
0
0
0
1683487876.41572
msg_begin
7.75729e+06
-364097
2.97465
0.0317644
0.00180313
0.000230457
0
0
0
1683487876.46559
msg_begin
7.75729e+06
-364097
2.97555
0.00134311
0.00229625
0.000145921
0
0
0
1683487876.51553
msg_begin
7.75729e+06
-364097
2.97571
0.00370336
0.002579
0.000204208
0
0
0
1683487876.56627
msg_begin
7.75729e+06
-364097
2.97824
0.000120923
0.000967631
4.33331e-05
0
0
0
1683487876.61526
msg_begin
7.75729e+06
-364097
2.97694
0.0124659
0.00906432
0.000538231
0
0
0
1683487876.66519
msg_begin
7.75729e+06
-364097
2.97361
8.3819e-08
3.0268e-09
1.77636e-15
0
0
0
1683487876.71502
msg_begin
7.75729e+06
-364097
2.97543
0.0121795
0.00543842
0.000958071
0
0
0
1683487876.76554
msg_begin
7.75729e+06
-364097
2.97664
0.0224396
0.00550516
0.000253983
0
0
0
1683487876.81478
msg_begin
7.75729e+06
-364097
2.97501
0.014102
0.00542789
0.00153172
0
0
0
1683487876.86465
msg_begin
7.75729e+06
-364097
2.97526
0.0140818
0.00326941
0.000115618
0
0
0
1683487876.91455
msg_begin
7.75728e+06
-364097
2.97841
0.0205118
0.00685208
0.00115923
0
0
0
1683487876.96516
msg_begin
7.75728e+06
-364097
2.97874
0.0105508
0.00589823
0.00138403
0
0
0
1683487877.01437
msg_begin
7.75728e+06
-364097
2.97848
0.0107716
0.00353414
0.000250949
0
0
0
1683487877.06428
msg_begin
7.75728e+06
-364097
2.97537
0.00468922
0.00255909
0.000624023
0
0
0
1683487877.11413
msg_begin
7.75728e+06
-364097
2.97656
0.0121804
0.00486318
0.000493892
0
0
0
1683487877.16418
msg_begin
7.75728e+06
-364097
2.9769
0.0316985
0.011042
0.00182852
0
0
0
1683487877.21399
msg_begin
7.75728e+06
-364097
2.97343
0.00349638
0.00157017
0.000244471
0
0
0
1683487877.26391
msg_begin
7.75728e+06
-364096
2.9744
0.0183718
0.00710393
0.000983945
0
0
0
1683487877.31380
msg_begin
7.75728e+06
-364096
2.97705
0.032178
0.0128834
0.00176658
0
0
0
1683487877.36435
msg_begin
7.75728e+06
-364096
2.97325
0.00236295
0.00116572
0.000177415
0
0
0
1683487877.41368
msg_begin
7.75728e+06
-364096
2.97071
0.0139696
0.00304102
0.000345115
0
0
0
1683487877.51360
msg_begin
7.75728e+06
-364096
2.97104
0.00806212
0.00553938
0.00102228
0
0
0
1683487877.56393
msg_begin
7.75728e+06
-364096
2.9737
0.00464464
0.00134586
0.000404464
0
0
0
1683487877.61349
msg_begin
7.75728e+06
-364096
2.97412
0.00719609
0.00623713
0.000290463
0
0
0
1683487877.66344
msg_begin
7.75728e+06
-364096
2.97217
4.97315e-07
2.97411e-08
2.47526e-08
0
0
0
1683487877.71332
msg_begin
7.75728e+06
-364096
2.97434
0.00341178
0.0010502
9.72393e-05
0
0
0
1683487877.76321
msg_begin
7.75728e+06
-364096
2.97469
0.0254829
0.00394749
0.000572228
0
0
0
1683487877.81307
msg_begin
7.75728e+06
-364096
2.97535
0.0129756
0.00426766
0.00109107
0
0
0
1683487877.86298
msg_begin
7.75728e+06
-364096
2.97348
0.0060896
0.00443011
0.000631514
0
0
0
1683487877.91285
msg_begin
7.75728e+06
-364096
2.97348
0.0100491
0.00722191
0.000660154
0
0
0
1683487877.96272
msg_begin
7.75728e+06
-364096
2.97427
0.00789612
0.00377259
0.0011327
0
0
0
1683487878.01275
msg_begin
7.75728e+06
-364096
2.97632
3.55516e-06
0.000131536
4.31457e-06
0
0
0
1683487878.06262
msg_begin
7.75728e+06
-364096
2.97424
0.031585
0.0139451
0.00136292
0
0
0
1683487878.11254
msg_begin
7.75728e+06
-364096
2.97174
0.00569039
0.00243725
0.000281561
0
0
0
1683487878.16242
msg_begin
7.75728e+06
-364096
2.97147
0.0252982
0.00231312
0.00120706
0
0
0
1683487878.21236
msg_begin
7.75728e+06
-364096
2.97694
0.00384673
0.00265517
0.000372391
0
0
0
1683487878.26244
msg_begin
7.75728e+06
-364095
2.97548
0.017421
0.00107096
0.00047934
0
0
0
1683487878.31222
msg_begin
7.75728e+06
-364095
2.97676
0.0231692
0.00761925
0.000360261
0
0
0
1683487878.36335
msg_begin
7.75728e+06
-364095
2.9768
0.00563997
0.00290393
0.000372338
0
0
0
1683487878.41219
msg_begin
7.75727e+06
-364095
2.97408
0.0104342
0.00221585
0.000285782
0
0
0
1683487878.46217
msg_begin
7.75727e+06
-364095
2.97537
0.00112717
0.000443159
8.52267e-05
0
0
0
1683487878.51213
msg_begin
7.75727e+06
-364095
2.97469
0.00902062
0.00404571
0.000345506
0
0
0
1683487878.56214
msg_begin
7.75727e+06
-364095
2.97585
0.0318675
0.00453433
0.000463436
0
0
0
1683487878.61195
msg_begin
7.75727e+06
-364095
2.97529
7.45058e-08
2.67755e-09
8.88178e-16
0
0
0
1683487878.66182
msg_begin
7.75727e+06
-364095
2.97651
0.00247652
0.000868183
5.76803e-05
0
0
0
1683487878.71178
msg_begin
7.75727e+06
-364095
2.9767
0.000839223
0.000197625
5.36055e-05
0
0
0
1683487878.76171
msg_begin
7.75727e+06
-364095
2.97759
0.00808944
0.00267197
0.000272171
0
0
0
1683487878.81153
msg_begin
7.75727e+06
-364095
2.97655
0.00719747
0.00404605
0.000612597
0
0
0
1683487878.86144
msg_begin
7.75727e+06
-364095
2.97587
0.0065063
0.0010161
0.000528223
0
0
0
1683487878.91238
msg_begin
7.75727e+06
-364095
2.97491
0.00858132
0.00327795
0.000857747
0
0
0
1683487878.96118
msg_begin
7.75727e+06
-364095
2.97553
0.0113971
0.0047878
0.000320992
0
0
0
1683487879.01110
msg_begin
7.75727e+06
-364095
2.9775
0.0138516
0.00540583
0.00158721
0
0
0
1683487879.06098
msg_begin
7.75727e+06
-364094
2.97633
0.00720836
0.00377616
0.000639366
0
0
0
1683487879.11180
msg_begin
7.75727e+06
-364094
2.97621
0.0147909
0.00333945
0.000296711
0
0
0
1683487879.16073
msg_begin
7.75727e+06
-364094
2.97182
0.000342834
0.00028341
0.000160488
0
0
0
1683487879.21070
msg_begin
7.75727e+06
-364094
2.97227
0.0120066
0.000981269
0.000290745
0
0
0
1683487879.26060
msg_begin
7.75727e+06
-364094
2.97338
0.0248967
0.00630373
0.00151939
0
0
0
1683487879.31127
msg_begin
7.75727e+06
-364094
2.97272
0.00239622
0.00314868
0.00018563
0
0
0
1683487879.36046
msg_begin
7.75727e+06
-364094
2.97194
0.0152823
0.00379788
0.000463832
0
0
0
1683487879.41038
msg_begin
7.75727e+06
-364094
2.97172
0.00529726
0.00493621
0.000171974
0
0
0
1683487879.46148
msg_begin
7.75727e+06
-364094
2.97297
0.00781478
0.00138719
0.000208673
0
0
0
1683487879.51012
msg_begin
7.75727e+06
-364094
2.97248
0.00324467
0.000115939
0.000124388
0
0
0
1683487879.56084
msg_begin
7.75727e+06
-364094
2.9724
0.010142
0.00289746
0.0012126
0
0
0
1683487879.60987
msg_begin
7.75727e+06
-364094
2.97202
0.00883298
0.00569111
0.00057291
0
0
0
1683487879.65973
msg_begin
7.75727e+06
-364094
2.97469
0.00265472
0.0026244
0.000133061
0
0
0
1683487879.70956
msg_begin
7.75726e+06
-364094
2.97425
0.00624483
0.00953034
0.000347739
0
0
0
1683487879.75976
msg_begin
7.75726e+06
-364094
2.97707
0.0056291
0.0169742
0.00101709
0
0
0
1683487879.80929
msg_begin
7.75726e+06
-364094
2.9778
0.0205973
0.0152003
0.00149828
0
0
0
1683487879.85917
msg_begin
7.75726e+06
-364093
2.97969
0.0156554
0.0222843
0.00167865
0
0
0
1683487879.90912
msg_begin
7.75726e+06
-364093
2.97917
0.0509963
0.00171404
0.00152405
0
0
0
1683487879.96020
msg_begin
7.75726e+06
-364093
2.97821
0.000809894
0.0154854
0.00161184
0
0
0
1683487880.00894
msg_begin
7.75726e+06
-364093
2.97729
0.00865485
0.00866317
0.000370881
0
0
0
1683487880.05888
msg_begin
7.75726e+06
-364093
2.97836
0.000652796
0.00044865
4.42944e-05
0
0
0
1683487880.10887
msg_begin
7.75726e+06
-364093
2.9794
0.000234486
0.000224916
1.82484e-05
0
0
0
1683487880.15930
msg_begin
7.75726e+06
-364093
2.9805
0.0132589
0.00729036
0.000179118
0
0
0
1683487880.20882
msg_begin
7.75726e+06
-364093
2.98003
0.00850248
0.00158263
9.46076e-05
0
0
0
1683487880.25879
msg_begin
7.75726e+06
-364093
2.9825
0.000295144
0.000157927
1.80539e-05
0
0
0
1683487880.30888
msg_begin
7.75726e+06
-364093
2.98233
4.70604e-05
2.91906e-05
1.43444e-05
0
0
0
1683487880.35982
msg_begin
7.75726e+06
-364093
2.98251
0.00652769
0.0201099
0.00060148
0
0
0
1683487880.40873
msg_begin
7.75726e+06
-364093
2.98104
0.00652087
0.00234704
0.000118415
0
0
0
1683487880.45868
msg_begin
7.75726e+06
-364093
2.98152
0.00681315
0.0114524
0.00038895
0
0
0
1683487880.50866
msg_begin
7.75726e+06
-364093
2.98547
0.00234355
0.00278397
4.27924e-05
0
0
0
1683487880.55854
msg_begin
7.75726e+06
-364093
2.98453
0.0212088
0.00965232
0.000185293
0
0
0
1683487880.60847
msg_begin
7.75726e+06
-364093
2.98418
0.00536734
0.00776424
0.000172403
0
0
0
1683487880.65836
msg_begin
7.75726e+06
-364092
2.98396
0.0340545
0.0121375
0.000359804
0
0
0
1683487880.70867
msg_begin
7.75726e+06
-364092
2.98438
0.00393444
0.0031975
0.000192859
0
0
0
1683487880.75818
msg_begin
7.75726e+06
-364092
2.98531
0.00204168
0.0028184
0.000267741
0
0
0
1683487880.85792
msg_begin
7.75725e+06
-364092
2.9849
0.00140366
0.00611191
0.000564128
0
0
0
1683487880.90808
msg_begin
7.75725e+06
-364092
2.98526
0.0386908
0.022096
0.0016407
0
0
0
1683487880.95761
msg_begin
7.75725e+06
-364092
2.98289
2.6077e-08
3.25963e-09
1.33227e-15
0
0
0
1683487881.00749
msg_begin
7.75725e+06
-364092
2.98335
0.00367816
0.0024288
0.00028909
0
0
0
1683487881.05737
msg_begin
7.75725e+06
-364092
2.98511
0.00497459
0.00122279
8.5981e-05
0
0
0
1683487881.10741
msg_begin
7.75725e+06
-364092
2.98529
0.029836
0.00217033
0.000505708
0
0
0
1683487881.15716
msg_begin
7.75725e+06
-364092
2.98458
0.00492816
0.00124542
0.000118243
0
0
0
1683487881.20709
msg_begin
7.75725e+06
-364092
2.98263
0.003771
0.00386912
0.000257741
0
0
0
1683487881.25705
msg_begin
7.75725e+06
-364092
2.98163
0.0129553
0.00179924
0.000468599
0
0
0
1683487881.30785
msg_begin
7.75725e+06
-364092
2.9798
0.00645702
0.00393403
0.000201329
0
0
0
1683487881.35691
msg_begin
7.75725e+06
-364092
2.98171
0.00624443
0.00337568
0.000708492
0
0
0
1683487881.40677
msg_begin
7.75725e+06
-364092
2.97994
0.0120828
0.00423454
0.000839039
0
0
0
1683487881.45803
msg_begin
7.75725e+06
-364091
2.9802
0.0066642
0.00185274
0.000180826
0
0
0
1683487881.50671
msg_begin
7.75725e+06
-364091
2.97852
0.013794
0.00233554
0.00063299
0
0
0
1683487881.55656
msg_begin
7.75725e+06
-364091
2.97899
0.0290414
0.0061821
0.00100726
0
0
0
1683487881.60653
msg_begin
7.75725e+06
-364091
2.98125
0.00261071
0.00376643
0.000458817
0
0
0
1683487881.65662
msg_begin
7.75725e+06
-364091
2.98422
0.016102
0.00733532
0.000804948
0
0
0
1683487881.70635
msg_begin
7.75725e+06
-364091
2.98108
0.00808303
0.00269404
0.00015644
0
0
0
1683487881.75740
msg_begin
7.75725e+06
-364091
2.98263
0.00543286
0.00730671
0.000326703
0
0
0
1683487881.80616
msg_begin
7.75725e+06
-364091
2.97849
0.0216964
0.00596961
0.000620018
0
0
0
1683487881.85605
msg_begin
7.75725e+06
-364091
2.979
0.0101621
0.00111213
0.000620257
0
0
0
1683487881.90598
msg_begin
7.75725e+06
-364091
2.97857
0.00158806
0.00319121
0.000226626
0
0
0
1683487881.95616
msg_begin
7.75724e+06
-364091
2.9757
0.0050765
7.81471e-05
0.00022409
0
0
0
1683487882.00570
msg_begin
7.75724e+06
-364091
2.97305
0.011223
0.00263255
0.000671309
0
0
0
1683487882.05559
msg_begin
7.75724e+06
-364091
2.97213
0.00364699
0.00955395
0.000222932
0
0
0
1683487882.10558
msg_begin
7.75724e+06
-364091
2.97135
0.0176879
0.00604664
0.00114657
0
0
0
1683487882.15629
msg_begin
7.75724e+06
-364090
2.96958
0.0029278
0.00118215
0.000139614
0
0
0
1683487882.20539
msg_begin
7.75724e+06
-364090
2.97069
0.0165352
0.00237525
0.000613975
0
0
0
1683487882.25529
msg_begin
7.75724e+06
-364090
2.97119
0.039109
0.00489948
0.00326517
0
0
0
1683487882.30521
msg_begin
7.75724e+06
-364090
2.97371
0.00334865
0.00178002
0.000397095
0
0
0
1683487882.35556
msg_begin
7.75724e+06
-364090
2.97387
0.0198801
0.00218219
0.00149513
0
0
0
1683487882.40515
msg_begin
7.75724e+06
-364090
2.96915
0.00904967
0.0109001
0.00353617
0
0
0
1683487882.50558
msg_begin
7.75724e+06
-364090
2.96751
0.000875576
0.00273032
0.000348499
0
0
0
1683487882.55496
msg_begin
7.75724e+06
-364090
2.96597
0.00436379
0.00138164
0.000226402
0
0
0
1683487882.60495
msg_begin
7.75724e+06
-364090
2.96668
0.00350146
0.00234383
0.000507126
0
0
0
1683487882.65491
msg_begin
7.75724e+06
-364090
2.96428
0.00710472
0.000885188
0.000450237
0
0
0
1683487882.70519
msg_begin
7.75724e+06
-364090
2.9638
0.0224643
0.00319335
0.000384714
0
0
0
1683487882.75484
msg_begin
7.75724e+06
-364090
2.96349
0.0290136
0.0105039
0.0014195
0
0
0
1683487882.80462
msg_begin
7.75724e+06
-364089
2.96368
0.00388676
0.00662596
0.00113867
0
0
0
1683487882.85448
msg_begin
7.75724e+06
-364089
2.96358
0.0331357
0.00401116
0.000587573
0
0
0
1683487882.90474
msg_begin
7.75724e+06
-364089
2.96308
0.00845909
0.00680894
0.00115419
0
0
0
1683487882.95424
msg_begin
7.75724e+06
-364089
2.96284
0.019554
0.00616239
0.00114305
0
0
0
1683487883.00410
msg_begin
7.75723e+06
-364089
2.96139
0.00603565
0.00368533
0.000489614
0
0
0
1683487883.05402
msg_begin
7.75723e+06
-364089
2.96199
0.00105811
0.000958102
0.000142186
0
0
0
1683487883.10420
msg_begin
7.75723e+06
-364089
2.9606
0.0083129
0.00581257
0.00036546
0
0
0
1683487883.15384
msg_begin
7.75723e+06
-364089
2.96096
0.013113
0.00619198
0.000955096
0
0
0
1683487883.20374
msg_begin
7.75723e+06
-364089
2.95614
0.00662207
0.00156302
0.000750381
0
0
0
1683487883.25370
msg_begin
7.75723e+06
-364089
2.95443
0.0223721
0.0110094
0.00126839
0
0
0
1683487883.30391
msg_begin
7.75723e+06
-364089
2.95366
0.013537
0.00427551
0.00141916
0
0
0
1683487883.35363
msg_begin
7.75723e+06
-364089
2.9492
8.9407e-08
2.44472e-09
1.33227e-15
0
0
0
1683487883.40362
msg_begin
7.75723e+06
-364088
2.94658
0.0171472
0.00577816
0.00134155
0
0
0
1683487883.45403
msg_begin
7.75723e+06
-364088
2.9459
0.0159385
0.00933421
0.00131164
0
0
0
1683487883.50355
msg_begin
7.75723e+06
-364088
2.94967
0.00485897
0.00114837
0.000231272
0
0
0
1683487883.55348
msg_begin
7.75723e+06
-364088
2.94302
0.00291193
0.00110771
0.000302876
0
0
0
1683487883.60345
msg_begin
7.75723e+06
-364088
2.94272
0.0107998
0.00380638
0.000170362
0
0
0
1683487883.65340
msg_begin
7.75723e+06
-364088
2.9455
0.00987477
0.00165504
0.000163453
0
0
0
1683487883.70331
msg_begin
7.75723e+06
-364088
2.94487
0.00226795
0.0049012
0.00025424
0
0
0
1683487883.75348
msg_begin
7.75723e+06
-364088
2.94244
0.000491757
0.00182139
4.21554e-05
0
0
0
1683487883.80308
msg_begin
7.75723e+06
-364088
2.94274
0.00748755
0.00402416
0.000437898
0
0
0
1683487883.85297
msg_begin
7.75723e+06
-364088
2.93955
0.00790406
0.00477783
0.000343778
0
0
0
1683487883.90288
msg_begin
7.75723e+06
-364088
2.9388
0.0494886
0.00713856
0.00134957
0
0
0
1683487883.95272
msg_begin
7.75723e+06
-364087
2.93455
0.00437795
0.00326048
0.000262126
0
0
0
1683487884.00256
msg_begin
7.75722e+06
-364087
2.93109
0.0125543
0.00437724
0.000414785
0
0
0
1683487884.05243
msg_begin
7.75722e+06
-364087
2.93058
0.0130938
0.00605825
0.00170439
0
0
0
1683487884.10232
msg_begin
7.75722e+06
-364087
2.92678
0.00347896
0.00248236
0.000772618
0
0
0
1683487884.15236
msg_begin
7.75722e+06
-364087
2.92691
0.0228323
0.00234618
0.00126518
0
0
0
1683487884.20207
msg_begin
7.75722e+06
-364087
2.92816
0.0182444
0.00561036
0.00121289
0
0
0
1683487884.25192
msg_begin
7.75722e+06
-364087
2.92761
0.0023102
0.00105883
0.000358648
0
0
0
1683487884.30182
msg_begin
7.75722e+06
-364087
2.92848
0.017077
0.00519338
0.000984552
0
0
0
1683487884.35170
msg_begin
7.75722e+06
-364087
2.92771
0.00657601
0.00118689
0.000679082
0
0
0
1683487884.40161
msg_begin
7.75722e+06
-364087
2.92278
0.00280177
0.000601751
0.000132669
0
0
0
1683487884.45216
msg_begin
7.75722e+06
-364086
2.92394
0.0196219
0.00722319
0.000668217
0
0
0
1683487884.50146
msg_begin
7.75722e+06
-364086
2.92356
6.23986e-08
5.82077e-11
4.44089e-16
0
0
0
1683487884.55139
msg_begin
7.75722e+06
-364086
2.92511
0.0084898
0.0111331
0.00109799
0
0
0
1683487884.60136
msg_begin
7.75722e+06
-364086
2.92549
0.00477724
0.00484131
0.000322544
0
0
0
1683487884.65122
msg_begin
7.75722e+06
-364086
2.92038
0.00814094
0.00556449
0.00134423
0
0
0
1683487884.70124
msg_begin
7.75722e+06
-364086
2.91964
0.00614858
0.00627082
0.00272823
0
0
0
1683487884.75115
msg_begin
7.75722e+06
-364086
2.9215
0.00102329
0.000735418
0.000164538
0
0
0
1683487884.80116
msg_begin
7.75722e+06
-364086
2.91564
2.98023e-08
3.66708e-09
4.44089e-16
0
0
0
1683487884.85112
msg_begin
7.75722e+06
-364086
2.91753
0.00194484
0.00156298
0.000170317
0
0
0
1683487884.90102
msg_begin
7.75722e+06
-364085
2.92007
1.11759e-08
3.49246e-10
1.77636e-15
0
0
0
1683487884.95097
msg_begin
7.75722e+06
-364085
2.91768
0.0276074
0.0120569
0.00205222
0
0
0
1683487885.00098
msg_begin
7.75721e+06
-364085
2.91473
0.0278808
0.00402133
0.00275941
0
0
0
1683487885.05091
msg_begin
7.75721e+06
-364085
2.91611
0.00176097
0.00341352
0.000149787
0
0
0
1683487885.10089
msg_begin
7.75721e+06
-364085
2.91648
0.00547714
0.00605838
0.000175576
0
0
0
1683487885.15079
msg_begin
7.75721e+06
-364085
2.91776
0.00103477
0.00371154
8.37284e-05
0
0
0
1683487885.20085
msg_begin
7.75721e+06
-364085
2.92039
0.0100767
0.00882683
0.00148535
0
0
0
1683487885.25084
msg_begin
7.75721e+06
-364085
2.91653
0.020398
0.0145917
0.00176984
0
0
0
1683487885.30073
msg_begin
7.75721e+06
-364085
2.91256
0.0226932
0.00679644
0.000434578
0
0
0
1683487885.35070
msg_begin
7.75721e+06
-364084
2.91091
0.000572798
0.0035471
0.000283803
0
0
0
1683487885.40064
msg_begin
7.75721e+06
-364084
2.91206
0.00573124
0.0023676
4.67107e-05
0
0
0
1683487885.45055
msg_begin
7.75721e+06
-364084
2.91426
0.0128836
0.00813383
0.00108892
0
0
0
1683487885.50107
msg_begin
7.75721e+06
-364084
2.91648
0.00609256
0.00256515
0.000401828
0
0
0
1683487885.55029
msg_begin
7.75721e+06
-364084
2.91508
0.0060362
0.00322904
0.000242486
0
0
0
1683487885.60027
msg_begin
7.75721e+06
-364084
2.91428
0.0111017
0.00381696
0.00080031
0
0
0
1683487885.65021
msg_begin
7.75721e+06
-364084
2.91403
0.00358868
0.0018876
0.000190691
0
0
0
1683487885.70033
msg_begin
7.75721e+06
-364084
2.91392
0.00438065
0.00086605
0.000122869
0
0
0
1683487885.75012
msg_begin
7.75721e+06
-364083
2.91198
0.00237637
0.000185367
3.12791e-05
0
0
0
1683487885.80001
msg_begin
7.75721e+06
-364083
2.91379
0.0216837
0.0112543
0.000673884
0
0
0
1683487885.84992
msg_begin
7.75721e+06
-364083
2.91319
0.0109891
0.0050394
0.000654519
0
0
0
1683487885.90115
msg_begin
7.7572e+06
-364083
2.91183
0.0412096
0.005457
0.00134358
0
0
0
1683487885.94972
msg_begin
7.7572e+06
-364083
2.91124
0.0122776
0.00811428
0.00125016
0
0
0
1683487885.99964
msg_begin
7.7572e+06
-364083
2.91257
0.00274256
0.00125817
0.000151649
0
0
0
1683487886.04949
msg_begin
7.7572e+06
-364083
2.91401
0.01564
0.00407426
0.00116887
0
0
0
1683487886.09969
msg_begin
7.7572e+06
-364083
2.91153
0.00945417
0.00297997
8.17893e-05
0
0
0
1683487886.14931
msg_begin
7.7572e+06
-364082
2.91342
0.0579082
0.0212278
0.00244205
0
0
0
1683487886.19927
msg_begin
7.7572e+06
-364082
2.91526
0.000490487
0.000999834
0.000236678
0
0
0
1683487886.24913
msg_begin
7.7572e+06
-364082
2.91529
0.0347502
0.0128371
0.000495094
0
0
0
1683487886.29938
msg_begin
7.7572e+06
-364082
2.91715
0.000764406
8.16452e-05
8.75337e-05
0
0
0
1683487886.34898
msg_begin
7.7572e+06
-364082
2.91804
0.0245114
0.00206618
0.000796428
0
0
0
1683487886.39892
msg_begin
7.7572e+06
-364082
2.91234
0.00936527
0.00162273
0.000241433
0
0
0
1683487886.44884
msg_begin
7.7572e+06
-364082
2.91307
3.07336e-08
4.07454e-10
2.66454e-15
0
0
0
1683487886.49882
msg_begin
7.7572e+06
-364082
2.91674
0.00996748
0.00813474
0.000404711
0
0
0
1683487886.54874
msg_begin
7.7572e+06
-364082
2.91693
0.00729188
0.00993519
0.000930332
0
0
0
1683487886.59867
msg_begin
7.7572e+06
-364081
2.91564
0.00830489
0.0104085
0.000932992
0
0
0
1683487886.64864
msg_begin
7.7572e+06
-364081
2.91896
0.0034435
0.00117424
0.000171956
0
0
0
1683487886.69857
msg_begin
7.7572e+06
-364081
2.91627
0.00857503
0.00103068
0.000245115
0
0
0
1683487886.74853
msg_begin
7.7572e+06
-364081
2.91588
0.0986525
0.02514
0.00196361
0
0
0
1683487886.79851
msg_begin
7.7572e+06
-364081
2.91538
0.0247567
0.0038323
0.000446633
0
0
0
1683487886.84841
msg_begin
7.75719e+06
-364081
2.91944
0.0158712
0.00871224
0.000511259
0
0
0
1683487886.89828
msg_begin
7.75719e+06
-364081
2.91793
0.00279415
0.00139979
0.000192023
0
0
0
1683487886.94821
msg_begin
7.75719e+06
-364081
2.91732
0.0153591
0.00363669
0.000248747
0
0
0
1683487886.99809
msg_begin
7.75719e+06
-364080
2.91951
0.00824332
0.00395602
0.00112508
0
0
0
1683487887.04797
msg_begin
7.75719e+06
-364080
2.92744
0.00394974
0.0122362
0.000516563
0
0
0
1683487887.09782
msg_begin
7.75719e+06
-364080
2.92817
0.00834292
0.00251072
0.00011566
0
0
0
1683487887.14761
msg_begin
7.75719e+06
-364080
2.93162
0.0135776
0.0030683
0.00126407
0
0
0
1683487887.19751
msg_begin
7.75719e+06
-364080
2.93177
0.00660052
0.00243744
0.000345563
0
0
0
1683487887.24734
msg_begin
7.75719e+06
-364080
2.93187
0.00806474
0.0033161
0.000716466
0
0
0
1683487887.29718
msg_begin
7.75719e+06
-364080
2.93094
0.00908739
0.00266425
0.000644373
0
0
0
1683487887.34709
msg_begin
7.75719e+06
-364080
2.93277
0.0010931
0.00127733
5.59059e-05
0
0
0
1683487887.39693
msg_begin
7.75719e+06
-364080
2.93785
0.00433146
0.0126595
0.000820762
0
0
0
1683487887.44684
msg_begin
7.75719e+06
-364079
2.93835
0.0446423
0.0214633
0.000461815
0
0
0
1683487887.49787
msg_begin
7.75719e+06
-364079
2.93851
0.00340714
0.00191657
5.13027e-06
0
0
0
1683487887.54662
msg_begin
7.75719e+06
-364079
2.93785
6.33299e-08
3.31784e-09
4.44089e-16
0
0
0
1683487887.59649
msg_begin
7.75719e+06
-364079
2.94231
0.0469374
0.00881735
0.00258465
0
0
0
1683487887.64655
msg_begin
7.75719e+06
-364079
2.94295
0.0194954
0.00398149
0.000422572
0
0
0
1683487887.69747
msg_begin
7.75719e+06
-364079
2.94441
0.0359811
0.0103321
0.000271454
0
0
0
1683487887.74627
msg_begin
7.75718e+06
-364079
2.94584
0.013166
0.00523706
0.000301512
0
0
0
1683487887.79619
msg_begin
7.75718e+06
-364079
2.94518
6.89179e-08
7.567e-10
0
0
0
0
1683487887.84618
msg_begin
7.75718e+06
-364079
2.95016
0.00737994
0.00631373
0.00132423
0
0
0
1683487887.89704
msg_begin
7.75718e+06
-364078
2.95441
0.0379326
0.00426806
0.000382022
0
0
0
1683487887.94601
msg_begin
7.75718e+06
-364078
2.95563
0.0022499
0.000737989
3.51534e-06
0
0
0
1683487887.99594
msg_begin
7.75718e+06
-364078
2.95873
5.21541e-08
1.04774e-09
4.44089e-16
0
0
0
1683487888.04601
msg_begin
7.75718e+06
-364078
2.96396
0.0151513
0.00345729
0.000512324
0
0
0
1683487888.09667
msg_begin
7.75718e+06
-364078
2.96616
0.0576487
0.00885959
0.00120102
0
0
0
1683487888.14594
msg_begin
7.75718e+06
-364078
2.96792
2.32831e-08
2.67755e-09
0
0
0
0
1683487888.19580
msg_begin
7.75718e+06
-364078
2.97101
5.58794e-09
2.56114e-09
8.88178e-16
0
0
0
1683487888.24584
msg_begin
7.75718e+06
-364078
2.97039
0.00279816
0.000688826
6.36815e-05
0
0
0
1683487888.29684
msg_begin
7.75718e+06
-364078
2.97296
0.0352169
0.00765543
0.00178922
0
0
0
1683487888.34583
msg_begin
7.75718e+06
-364078
2.97569
0.0184676
0.00551599
0.000185142
0
0
0
1683487888.39583
msg_begin
7.75718e+06
-364078
2.97735
0.00650156
0.00313189
0.000819259
0
0
0
1683487888.44578
msg_begin
7.75718e+06
-364078
2.98292
0.0369474
0.0101288
0.00158877
0
0
0
1683487888.49689
msg_begin
7.75718e+06
-364077
2.98454
0.0039936
0.000614878
0.000122399
0
0
0
1683487888.54588
msg_begin
7.75718e+06
-364077
2.98855
0.000637837
0.00287504
0.000183052
0
0
0
1683487888.59584
msg_begin
7.75718e+06
-364077
2.98906
0.0414285
0.00814082
0.00103556
0
0
0
1683487888.64588
msg_begin
7.75718e+06
-364077
2.99407
0.00471467
0.00238868
0.000227732
0
0
0
1683487888.72274
msg_begin
7.75717e+06
-364077
2.99493
0.00938674
0.00733806
0.000851896
0
0
0
1683487888.74588
msg_begin
7.75717e+06
-364077
2.9983
7.45058e-09
1.28057e-09
8.88178e-16
0
0
0
1683487888.79581
msg_begin
7.75717e+06
-364077
2.99655
6.0536e-08
2.03727e-09
2.22045e-15
0
0
0
1683487888.84596
msg_begin
7.75717e+06
-364077
2.99849
0.0148949
0.0101514
0.000917389
0
0
0
1683487888.89677
msg_begin
7.75717e+06
-364077
2.99823
0.0221205
0.00499933
0.00141439
0
0
0
1683487888.94585
msg_begin
7.75717e+06
-364077
2.99909
0.0257588
0.0028794
0.00124724
0
0
0
1683487888.99584
msg_begin
7.75717e+06
-364077
3.00074
0.00940818
0.00226268
0.000748456
0
0
0
1683487889.04583
msg_begin
7.75717e+06
-364077
3.00331
0.0146394
0.0066391
0.000846655
0
0
0
1683487889.09656
msg_begin
7.75717e+06
-364077
3.00769
0.0166078
0.00853151
0.00106157
0
0
0
1683487889.14572
msg_begin
7.75717e+06
-364076
3.01231
0.00472204
0.00137656
0.000566395
0
0
0
1683487889.19575
msg_begin
7.75717e+06
-364076
3.01665
0.00381715
0.00190678
0.00122477
0
0
0
1683487889.24580
msg_begin
7.75717e+06
-364076
3.01969
0.00287753
0.00226978
0.000510698
0
0
0
1683487889.29657
msg_begin
7.75717e+06
-364076
3.02077
4.65661e-09
2.85218e-09
1.33227e-15
0
0
0
1683487889.34578
msg_begin
7.75717e+06
-364076
3.02162
0.0184857
0.00290908
0.000889175
0
0
0
1683487889.39579
msg_begin
7.75717e+06
-364076
3.02598
0.0202336
0.00761385
0.00191759
0
0
0
1683487889.44576
msg_begin
7.75717e+06
-364076
3.02276
0.010399
0.00380736
0.000422801
0
0
0
1683487889.49661
msg_begin
7.75717e+06
-364076
3.02742
0.0128667
0.00201105
0.000516535
0
0
0
1683487889.54580
msg_begin
7.75717e+06
-364076
3.0296
0.00294238
0.00390178
0.000853656
0
0
0
1683487889.59581
msg_begin
7.75716e+06
-364076
3.03558
0.00267697
0.00216939
0.000393973
0
0
0
1683487889.64583
msg_begin
7.75716e+06
-364076
3.03658
0.0345497
0.00556289
0.00035395
0
0
0
1683487889.69673
msg_begin
7.75716e+06
-364076
3.03638
0.00921238
0.00422344
0.00113012
0
0
0
1683487889.74572
msg_begin
7.75716e+06
-364076
3.03839
0.0261033
0.00571824
0.000821113
0
0
0
1683487889.79570
msg_begin
7.75716e+06
-364076
3.04034
0.0132879
0.00277801
0.000707396
0
0
0
1683487889.84560
msg_begin
7.75716e+06
-364076
3.04099
0.0388148
0.00767832
0.00025034
0
0
0
1683487889.89643
msg_begin
7.75716e+06
-364076
3.04301
0.00957221
0.00395633
0.00145286
0
0
0
1683487889.94562
msg_begin
7.75716e+06
-364076
3.04602
0.0121665
0.00563674
0.000631241
0
0
0
1683487889.99567
msg_begin
7.75716e+06
-364076
3.04846
0.00484018
0.00255744
0.000390908
0
0
0
1683487890.04565
msg_begin
7.75716e+06
-364076
3.04882
0.00541404
0.00373312
0.000325379
0
0
0
1683487890.09626
msg_begin
7.75716e+06
-364075
3.05127
9.22009e-08
2.96859e-09
8.88178e-16
0
0
0
1683487890.14572
msg_begin
7.75716e+06
-364075
3.04881
0.00140423
0.00293368
0.000406462
0
0
0
1683487890.19568
msg_begin
7.75716e+06
-364075
3.05403
0.0109544
0.00562413
0.000632412
0
0
0
1683487890.24579
msg_begin
7.75716e+06
-364075
3.05585
0.0142285
0.00958583
0.00148002
0
0
0
1683487890.29655
msg_begin
7.75716e+06
-364075
3.05872
0.0198603
0.0054493
0.000311158
0
0
0
1683487890.34566
msg_begin
7.75716e+06
-364075
3.05867
0.00271193
0.000342247
3.14582e-05
0
0
0
1683487890.39569
msg_begin
7.75716e+06
-364075
3.06214
0.00725383
0.010383
0.000484776
0
0
0
1683487890.44555
msg_begin
7.75716e+06
-364075
3.05891
0.00427973
0.000530948
0.000102194
0
0
0
1683487890.49620
msg_begin
7.75715e+06
-364075
3.06171
0.00289834
0.00100442
1.29274e-05
0
0
0
1683487890.54541
msg_begin
7.75715e+06
-364075
3.06198
0.0127053
0.00441806
0.000793599
0
0
0
1683487890.59532
msg_begin
7.75715e+06
-364075
3.06196
0.0289153
0.0146416
0.0011252
0
0
0
1683487890.64526
msg_begin
7.75715e+06
-364075
3.06108
0.0154323
0.0190808
0.00231538
0
0
0
1683487890.69599
msg_begin
7.75715e+06
-364075
3.05868
0.030893
0.00829269
0.00219435
0
0
0
1683487890.74513
msg_begin
7.75715e+06
-364075
3.06147
0.0039095
0.00223386
0.000211201
0
0
0
1683487890.79507
msg_begin
7.75715e+06
-364075
3.06188
0.00767653
0.00382553
0.000449401
0
0
0
1683487890.84511
msg_begin
7.75715e+06
-364075
3.06623
0.0271725
0.0103438
0.00126848
0
0
0
1683487890.89553
msg_begin
7.75715e+06
-364075
3.06365
0.007449
0.00620168
0.000482839
0
0
0
1683487890.94514
msg_begin
7.75715e+06
-364075
3.05863
0.000788383
0.000846284
2.41099e-05
0
0
0
1683487890.99528
msg_begin
7.75715e+06
-364075
3.06152
0.0207593
0.0027214
0.000374242
0
0
0
1683487891.04533
msg_begin
7.75715e+06
-364075
3.05988
0.0114778
0.00394701
0.000948743
0
0
0
1683487891.09626
msg_begin
7.75715e+06
-364075
3.0616
0.0121418
0.00696364
0.000452505
0
0
0
1683487891.14547
msg_begin
7.75715e+06
-364075
3.06419
0.0281911
0.00775752
0.000578081
0
0
0
1683487891.19553
msg_begin
7.75715e+06
-364075
3.06342
0.0152289
0.00905829
0.000715687
0
0
0
1683487891.24560
msg_begin
7.75715e+06
-364075
3.06064
0.00584485
0.000450328
0.000226684
0
0
0
1683487891.29638
msg_begin
7.75715e+06
-364075
3.05917
0.00857491
0.00233298
0.000509224
0
0
0
1683487891.34582
msg_begin
7.75715e+06
-364074
3.05741
0.00784318
0.0066494
0.00112967
0
0
0
1683487891.39590
msg_begin
7.75714e+06
-364074
3.05443
0.00961354
0.0017337
0.000475336
0
0
0
1683487891.44593
msg_begin
7.75714e+06
-364074
3.05292
6.51926e-09
5.82077e-10
0
0
0
0
1683487891.49717
msg_begin
7.75714e+06
-364074
3.05051
0.0150441
0.00471243
0.000544781
0
0
0
1683487891.54604
msg_begin
7.75714e+06
-364074
3.05009
0.00773032
0.00479697
0.000384728
0
0
0
1683487891.59607
msg_begin
7.75714e+06
-364074
3.05009
0.0160458
0.00811252
0.000785033
0
0
0
1683487891.64610
msg_begin
7.75714e+06
-364074
3.04693
0.0073281
0.00765917
0.000717219
0
0
0
1683487891.69703
msg_begin
7.75714e+06
-364074
3.04159
0.0243939
0.0043923
0.00113059
0
0
0
1683487891.74612
msg_begin
7.75714e+06
-364074
3.04274
0.0672493
0.00844434
0.000705049
0
0
0
1683487891.79612
msg_begin
7.75714e+06
-364074
3.0377
0.0106084
0.00745232
0.000475923
0
0
0
1683487891.84614
msg_begin
7.75714e+06
-364074
3.03736
0.0114205
0.00437988
0.000301884
0
0
0
1683487891.89703
msg_begin
7.75714e+06
-364074
3.03559
0.0379475
0.0117138
0.0018745
0
0
0
1683487891.94613
msg_begin
7.75714e+06
-364074
3.03267
0.0195387
0.00438787
0.00135006
0
0
0
1683487891.99612
msg_begin
7.75714e+06
-364074
3.03128
0.00458917
0.00332949
0.000371459
0
0
0
1683487892.04614
msg_begin
7.75714e+06
-364074
3.03035
0.00291545
0.000334223
0.000221866
0
0
0
1683487892.09650
msg_begin
7.75714e+06
-364074
3.02965
0.0140187
0.00733996
0.000641708
0
0
0
1683487892.14609
msg_begin
7.75714e+06
-364074
3.02681
0.00523394
0.000353638
1.60398e-05
0
0
0
1683487892.19611
msg_begin
7.75714e+06
-364074
3.02531
0.01922
0.0124729
0.00135132
0
0
0
1683487892.24614
msg_begin
7.75713e+06
-364074
3.01994
0.0185959
0.0027409
0.000428521
0
0
0
1683487892.29707
msg_begin
7.75713e+06
-364074
3.01849
0.00378264
0.00157244
0.000247911
0
0
0
1683487892.34595
msg_begin
7.75713e+06
-364073
3.01783
0.00743908
0.00213148
0.00022553
0
0
0
1683487892.39577
msg_begin
7.75713e+06
-364073
3.01769
0.0215541
0.00728709
0.000731703
0
0
0
1683487892.44577
msg_begin
7.75713e+06
-364073
3.01396
0.00914603
0.00290458
0.000602513
0
0
0
1683487892.49581
msg_begin
7.75713e+06
-364073
3.01784
0.0116618
0.00719434
6.85416e-05
0
0
0
1683487892.54569
msg_begin
7.75713e+06
-364073
3.01731
0.00396654
0.00146342
0.000174572
0
0
0
1683487892.59558
msg_begin
7.75713e+06
-364073
3.01302
0.00172973
0.000733598
0.000119835
0
0
0
1683487892.64554
msg_begin
7.75713e+06
-364073
3.00926
5.58794e-09
2.21189e-09
8.88178e-16
0
0
0
1683487892.69665
msg_begin
7.75713e+06
-364073
3.0067
0.0292229
0.014208
0.000388838
0
0
0
1683487892.74532
msg_begin
7.75713e+06
-364073
3.00652
0.00576374
0.00245536
0.000328836
0
0
0
1683487892.79524
msg_begin
7.75713e+06
-364073
3.00874
0.019473
0.00244853
0.00032204
0
0
0
1683487892.84508
msg_begin
7.75713e+06
-364073
3.00696
0.0168914
0.00303091
0.00042873
0
0
0
1683487892.89571
msg_begin
7.75713e+06
-364073
3.00801
0.0077643
0.0018179
0.000269341
0
0
0
1683487892.94630
msg_begin
7.75713e+06
-364073
3.00595
0.0083807
0.00149999
0.000150966
0
0
0
1683487892.99486
msg_begin
7.75713e+06
-364073
3.00597
0.0236057
0.00397387
0.000543319
0
0
0
1683487893.04486
msg_begin
7.75713e+06
-364072
3.00869
0.0138562
0.00799806
0.00114466
0
0
0
1683487893.09519
msg_begin
7.75713e+06
-364072
3.00583
0.00149558
0.00608643
0.00032084
0
0
0
1683487893.14485
msg_begin
7.75712e+06
-364072
3.00185
0.0145275
0.00320934
0.000552771
0
0
0
1683487893.19475
msg_begin
7.75712e+06
-364072
3.00393
0.00263557
0.00147208
2.86484e-05
0
0
0
1683487893.24481
msg_begin
7.75712e+06
-364072
2.99661
0.0126273
0.00297804
0.00119861
0
0
0
1683487893.29487
msg_begin
7.75712e+06
-364072
2.99699
0.0140269
0.0027094
0.00113825
0
0
0
1683487893.34474
msg_begin
7.75712e+06
-364072
2.99948
0.0282961
0.00516619
0.000829743
0
0
0
1683487893.39478
msg_begin
7.75712e+06
-364072
2.99995
0.0131251
0.00577962
0.000805956
0
0
0
1683487893.44474
msg_begin
7.75712e+06
-364072
3.0004
0.0411658
0.0164121
0.000736862
0
0
0
1683487893.49547
msg_begin
7.75712e+06
-364072
2.99794
0.0405995
0.00782786
0.000273696
0
0
0
1683487893.54479
msg_begin
7.75712e+06
-364072
2.99861
0.000546611
0.000759717
6.69997e-05
0
0
0
1683487893.59481
msg_begin
7.75712e+06
-364072
3.0006
0.00561295
0.00299922
0.000664492
0
0
0
1683487893.64488
msg_begin
7.75712e+06
-364072
2.99879
0.00211785
0.000508002
0.00013375
0
0
0
1683487893.69503
msg_begin
7.75712e+06
-364071
2.99899
1.90178e-05
0.000634339
5.36752e-05
0
0
0
1683487893.74478
msg_begin
7.75712e+06
-364071
2.99805
0.0225844
0.00382266
0.00104385
0
0
0
1683487893.79480
msg_begin
7.75712e+06
-364071
2.99434
0.0026477
0.000255663
0.000133443
0
0
0
1683487893.84476
msg_begin
7.75712e+06
-364071
2.99714
0.0321128
0.0100643
0.000571334
0
0
0
1683487893.89537
msg_begin
7.75712e+06
-364071
2.99466
0.00673946
0.00219478
0.000114033
0
0
0
1683487893.94469
msg_begin
7.75712e+06
-364071
2.99173
0.0253607
0.00339494
0.000481522
0
0
0
1683487893.99470
msg_begin
7.75711e+06
-364071
2.99412
0.0291633
0.00126962
0.00036522
0
0
0
1683487894.04470
msg_begin
7.75711e+06
-364071
2.99155
0.00262089
0.00294035
0.000303272
0
0
0
1683487894.09477
msg_begin
7.75711e+06
-364071
2.99056
2.98023e-08
2.50293e-09
1.77636e-15
0
0
0
1683487894.14462
msg_begin
7.75711e+06
-364071
2.99
0.0097348
0.00707129
0.000520303
0
0
0
1683487894.19473
msg_begin
7.75711e+06
-364071
2.99194
0.0016316
0.0016298
0.00030902
0
0
0
1683487894.24474
msg_begin
7.75711e+06
-364071
2.99318
0.00514645
0.00567946
0.000485199
0
0
0
1683487894.29570
msg_begin
7.75711e+06
-364071
2.99146
0.0271888
0.00682429
0.00117484
0
0
0
1683487894.34459
msg_begin
7.75711e+06
-364070
2.99333
0.00662465
0.00607494
0.00112421
0
0
0
1683487894.39457
msg_begin
7.75711e+06
-364070
2.99353
0.0187508
0.00280436
0.000529023
0
0
0
1683487894.44449
msg_begin
7.75711e+06
-364070
2.99364
0.00634592
0.00363699
0.000311786
0
0
0
1683487894.49498
msg_begin
7.75711e+06
-364070
2.99467
0.0653704
0.0133453
0.000807144
0
0
0
1683487894.54449
msg_begin
7.75711e+06
-364070
2.99415
0.03247
0.0129026
0.000575329
0
0
0
1683487894.59457
msg_begin
7.75711e+06
-364070
2.99347
0.010693
0.00642404
0.00151121
0
0
0
1683487894.64455
msg_begin
7.75711e+06
-364070
2.99487
0.00275002
0.00228304
0.000197404
0
0
0
1683487894.69545
msg_begin
7.75711e+06
-364070
2.99535
0.0115699
0.00223058
0.00113807
0
0
0
1683487894.74446
msg_begin
7.75711e+06
-364070
2.99577
0.00960784
0.00211104
0.000169614
0
0
0
1683487894.79445
msg_begin
7.75711e+06
-364070
2.99521
0.00672232
0.00421855
0.000416969
0
0
0
1683487894.84442
msg_begin
7.7571e+06
-364070
2.99221
0.0224777
0.0129397
0.000545759
0
0
0
1683487894.89447
msg_begin
7.7571e+06
-364070
2.99537
0.0329312
0.00247262
0.00058376
0
0
0
1683487894.94424
msg_begin
7.7571e+06
-364069
2.9943
0.016672
0.00212113
0.000823435
0
0
0
1683487894.99413
msg_begin
7.7571e+06
-364069
2.9928
0.0294003
0.00922283
0.00200813
0
0
0
1683487895.04405
msg_begin
7.7571e+06
-364069
2.99513
0.00390263
0.00071535
0.000393564
0
0
0
1683487895.09468
msg_begin
7.7571e+06
-364069
2.99422
0.0115044
0.00492995
0.00123952
0
0
0
1683487895.14380
msg_begin
7.7571e+06
-364069
2.99799
0.00784925
0.00124405
0.000548846
0
0
0
1683487895.19362
msg_begin
7.7571e+06
-364069
2.99548
0.0211049
0.00461323
0.000195738
0
0
0
1683487895.24356
msg_begin
7.7571e+06
-364069
2.99788
0.0368641
0.00664725
0.00128763
0
0
0
1683487895.29345
msg_begin
7.7571e+06
-364069
2.99838
0.0294247
0.00923116
0.000303427
0
0
0
1683487895.34336
msg_begin
7.7571e+06
-364069
2.99883
0.0225144
0.00772382
0.000671397
0
0
0
1683487895.39325
msg_begin
7.7571e+06
-364069
2.99934
0.00659211
0.00412647
0.000438342
0
0
0
1683487895.44317
msg_begin
7.7571e+06
-364069
2.99811
0.0111983
0.00238834
0.000244644
0
0
0
1683487895.49335
msg_begin
7.7571e+06
-364069
3.00144
0.00511999
0.0064478
0.000406009
0
0
0
1683487895.54308
msg_begin
7.7571e+06
-364069
3.00636
0.0116986
0.010066
0.000696757
0
0
0
1683487895.59302
msg_begin
7.7571e+06
-364068
3.00776
0.00741125
0.0086991
0.000518941
0
0
0
1683487895.64344
msg_begin
7.7571e+06
-364068
3.0068
0.00189715
0.00181269
0.000109644
0
0
0
1683487895.69296
msg_begin
7.7571e+06
-364068
3.00983
0.0253083
0.00413031
0.000212694
0
0
0
1683487895.74299
msg_begin
7.75709e+06
-364068
3.01364
0.021891
0.0109656
0.00113748
0
0
0
1683487895.79291
msg_begin
7.75709e+06
-364068
3.01795
1.02445e-08
2.61934e-09
0
0
0
0
1683487895.84300
msg_begin
7.75709e+06
-364068
3.02012
0.0702347
0.00893086
0.000477327
0
0
0
1683487895.89365
msg_begin
7.75709e+06
-364068
3.02562
0.0202718
0.00148964
0.000495161
0
0
0
1683487895.94301
msg_begin
7.75709e+06
-364068
3.02918
0.0541732
0.0046498
0.000658582
0
0
0
1683487895.99307
msg_begin
7.75709e+06
-364068
3.03027
0.000108685
0.000596379
1.93371e-05
0
0
0
1683487896.04313
msg_begin
7.75709e+06
-364068
3.03389
0.0103273
0.00485849
0.000919019
0
0
0
1683487896.09331
msg_begin
7.75709e+06
-364068
3.03435
0.00880109
0.00615418
0.000356473
0
0
0
1683487896.14340
msg_begin
7.75709e+06
-364068
3.04136
0.00280405
0.0019053
0.000103908
0
0
0
1683487896.19335
msg_begin
7.75709e+06
-364068
3.04704
0.00254312
0.000456097
8.58799e-05
0
0
0
1683487896.24344
msg_begin
7.75709e+06
-364068
3.0496
0.0124522
0.0069531
0.000610145
0
0
0
1683487896.29390
msg_begin
7.75709e+06
-364068
3.05235
0.0113946
0.010465
0.00115297
0
0
0
1683487896.34349
msg_begin
7.75709e+06
-364068
3.05404
2.04891e-08
3.37604e-09
8.88178e-16
0
0
0
1683487896.39355
msg_begin
7.75709e+06
-364068
3.05858
0.00674516
0.00560776
0.00165672
0
0
0
1683487896.44362
msg_begin
7.75709e+06
-364068
3.06056
0.0286858
0.00592113
0.000634308
0
0
0
1683487896.49360
msg_begin
7.75709e+06
-364067
3.06712
0.0244586
0.00204917
0.000515577
0
0
0
1683487896.54357
msg_begin
7.75709e+06
-364067
3.07287
0.0165303
0.0107867
0.00116985
0
0
0
1683487896.59365
msg_begin
7.75708e+06
-364067
3.07503
0.00588694
0.00495426
0.000848007
0
0
0
1683487896.64352
msg_begin
7.75708e+06
-364067
3.07699
0.0125934
0.00422807
0.000340067
0
0
0
1683487896.69428
msg_begin
7.75708e+06
-364067
3.08205
0.0110032
0.00840714
0.000712981
0
0
0
1683487896.74350
msg_begin
7.75708e+06
-364067
3.08309
0.00997041
0.00721436
0.000680786
0
0
0
1683487896.79351
msg_begin
7.75708e+06
-364067
3.08503
0.00521644
0.00561897
0.000377484
0
0
0
1683487896.84345
msg_begin
7.75708e+06
-364067
3.09155
0.0143334
0.00196961
0.000499733
0
0
0
1683487896.89339
msg_begin
7.75708e+06
-364067
3.09453
0.0254221
0.00148937
0.000911395
0
0
0
1683487896.94346
msg_begin
7.75708e+06
-364067
3.09742
0.0273171
0.00505778
0.00123379
0
0
0
1683487896.99336
msg_begin
7.75708e+06
-364067
3.10072
0.0281146
0.00743332
0.00179402
0
0
0
1683487897.04332
msg_begin
7.75708e+06
-364067
3.10519
0.00258261
0.00246991
0.000402271
0
0
0
1683487897.09416
msg_begin
7.75708e+06
-364067
3.1068
0.00350388
0.00583654
0.000716054
0
0
0
1683487897.14332
msg_begin
7.75708e+06
-364067
3.10521
0.00709744
0.00141157
0.000590107
0
0
0
1683487897.19328
msg_begin
7.75708e+06
-364067
3.10998
0.00393378
0.0035338
0.000972778
0
0
0
1683487897.24336
msg_begin
7.75708e+06
-364067
3.11005
0.00285902
0.00151634
0.000169438
0
0
0
1683487897.29330
msg_begin
7.75708e+06
-364067
3.1132
0.0178486
0.0124055
0.000669593
0
0
0
1683487897.34330
msg_begin
7.75708e+06
-364067
3.11314
0.0212591
0.00750646
0.000694876
0
0
0
1683487897.39335
msg_begin
7.75708e+06
-364067
3.11461
0.0172859
0.00117926
0.000342299
0
0
0
1683487897.44341
msg_begin
7.75707e+06
-364067
3.11624
0.0161879
0.00394238
0.000557557
0
0
0
1683487897.49345
msg_begin
7.75707e+06
-364067
3.11594
0.0030261
0.0143886
0.00166313
0
0
0
1683487897.54349
msg_begin
7.75707e+06
-364067
3.11617
0.00567404
0.00363869
0.000361674
0
0
0
1683487897.59351
msg_begin
7.75707e+06
-364067
3.11603
0.00279736
0.00127258
0.000152011
0
0
0
1683487897.64382
msg_begin
7.75707e+06
-364067
3.11336
0.00997461
0.00385467
0.000444474
0
0
0
1683487897.69367
msg_begin
7.75707e+06
-364067
3.10959
0.00355602
0.00630403
0.000782959
0
0
0
1683487897.74374
msg_begin
7.75707e+06
-364067
3.11111
0.00573414
0.00833963
0.000520661
0
0
0
1683487897.79384
msg_begin
7.75707e+06
-364067
3.1127
0.0124743
0.00707717
0.000483124
0
0
0
1683487897.84446
msg_begin
7.75707e+06
-364067
3.11329
0.000179752
0.000288565
7.55057e-05
0
0
0
1683487897.89404
msg_begin
7.75707e+06
-364067
3.10958
0.00235691
0.0012527
0.000277068
0
0
0
1683487897.94406
msg_begin
7.75707e+06
-364067
3.1108
0.0259936
0.00970948
0.000471742
0
0
0
1683487897.99414
msg_begin
7.75707e+06
-364067
3.10958
5.40167e-08
3.7835e-09
0
0
0
0
1683487898.04422
msg_begin
7.75707e+06
-364067
3.11016
5.21541e-08
4.65661e-10
4.44089e-16
0
0
0
1683487898.09433
msg_begin
7.75707e+06
-364067
3.10978
0.0151751
0.00601426
0.000894454
0
0
0
1683487898.14443
msg_begin
7.75707e+06
-364067
3.10853
0.00715207
0.00842031
0.00128268
0
0
0
1683487898.19451
msg_begin
7.75707e+06
-364067
3.10473
0.00546387
0.00170711
0.000240816
0
0
0
1683487898.24490
msg_begin
7.75706e+06
-364067
3.10322
0.0258803
0.00379462
0.000269745
0
0
0
1683487898.29469
msg_begin
7.75706e+06
-364067
3.09878
0.00363575
0.00317626
0.0002945
0
0
0
1683487898.34479
msg_begin
7.75706e+06
-364067
3.0964
0.0256249
0.0115201
0.000519448
0
0
0
1683487898.39485
msg_begin
7.75706e+06
-364067
3.09459
1.30385e-08
1.74623e-10
4.44089e-16
0
0
0
1683487898.44489
msg_begin
7.75706e+06
-364067
3.09218
0.00859039
0.00177308
0.000362038
0
0
0
1683487898.49515
msg_begin
7.75706e+06
-364067
3.08923
0.00646085
0.00261487
0.000385535
0
0
0
1683487898.54497
msg_begin
7.75706e+06
-364067
3.08432
0.0151468
0.00525221
0.000375192
0
0
0
1683487898.59497
msg_begin
7.75706e+06
-364067
3.07735
0.00725095
0.00147438
0.000555712
0
0
0
1683487898.64493
msg_begin
7.75706e+06
-364067
3.07625
0.0197709
0.00147425
0.000135772
0
0
0
1683487898.69573
msg_begin
7.75706e+06
-364067
3.07043
0.00828597
0.00393854
0.000336731
0
0
0
1683487898.74483
msg_begin
7.75706e+06
-364067
3.06806
0.0145606
0.00299356
0.000461958
0
0
0
1683487898.79481
msg_begin
7.75706e+06
-364067
3.06616
0.0157622
0.00284326
0.000399506
0
0
0
1683487898.84542
msg_begin
7.75706e+06
-364067
3.06092
0.00231695
0.00134072
0.000249501
0
0
0
1683487898.89481
msg_begin
7.75706e+06
-364067
3.05636
0.00967839
0.00300359
0.000247167
0
0
0
1683487898.94466
msg_begin
7.75706e+06
-364067
3.05686
0.0472896
0.00855928
0.00137115
0
0
0
1683487898.99463
msg_begin
7.75706e+06
-364067
3.05254
0.0135225
0.00266116
0.00278853
0
0
0
1683487899.04449
msg_begin
7.75706e+06
-364067
3.05087
0.0496354
0.00725726
0.000720312
0
0
0
1683487899.09532
msg_begin
7.75705e+06
-364066
3.04621
0.00492397
0.00222974
0.000375213
0
0
0
1683487899.14443
msg_begin
7.75705e+06
-364066
3.04297
0.00709877
0.00356138
0.00108284
0
0
0
1683487899.19440
msg_begin
7.75705e+06
-364066
3.04024
0.00712537
0.00300238
0.000641725
0
0
0
1683487899.24439
msg_begin
7.75705e+06
-364066
3.03301
0.0120361
0.00413105
0.000490918
0
0
0
1683487899.29436
msg_begin
7.75705e+06
-364066
3.03148
0.0296853
0.0163771
0.00127406
0
0
0
1683487899.34432
msg_begin
7.75705e+06
-364066
3.02598
0.0457756
0.00364291
0.000619322
0
0
0
1683487899.39431
msg_begin
7.75705e+06
-364066
3.02604
0.0338225
0.00502757
0.000902206
0
0
0
1683487899.44433
msg_begin
7.75705e+06
-364066
3.02199
0.0115078
0.000650238
0.000391899
0
0
0
1683487899.49431
msg_begin
7.75705e+06
-364066
3.01947
0.00797954
0.000613844
6.00676e-05
0
0
0
1683487899.54427
msg_begin
7.75705e+06
-364066
3.01693
0.0161766
0.00584227
0.000443418
0
0
0
1683487899.59427
msg_begin
7.75705e+06
-364066
3.01355
0.0144482
0.0111034
0.00153329
0
0
0
1683487899.64447
msg_begin
7.75705e+06
-364066
3.01311
0.00461485
0.00180273
0.000196368
0
0
0
1683487899.69419
msg_begin
7.75705e+06
-364066
3.01122
0.0110563
0.00457237
0.000365461
0
0
0
1683487899.74406
msg_begin
7.75705e+06
-364066
3.00945
0.0224961
0.00280828
0.000420596
0
0
0
1683487899.79402
msg_begin
7.75705e+06
-364066
3.00551
0.0471751
0.00934101
0.000961741
0
0
0
1683487899.84448
msg_begin
7.75705e+06
-364066
3.00663
0.00991828
0.00440609
0.000509453
0
0
0
1683487899.89409
msg_begin
7.75705e+06
-364065
3.00495
0.0243006
0.00315643
0.00079756
0
0
0
1683487899.94396
msg_begin
7.75704e+06
-364065
3.00209
0.00572876
0.00163601
0.000252495
0
0
0
1683487899.99388
msg_begin
7.75704e+06
-364065
3.00094
0.027211
0.00803708
0.00152461
0
0
0
1683487900.09384
msg_begin
7.75704e+06
-364065
3.00457
0.0158634
0.00490058
0.00111655
0
0
0
1683487900.14375
msg_begin
7.75704e+06
-364065
3.00122
0.0218205
0.00202113
0.000516033
0
0
0
1683487900.19369
msg_begin
7.75704e+06
-364065
3.00132
0.00403799
0.0105836
0.000305336
0
0
0
1683487900.24414
msg_begin
7.75704e+06
-364065
2.99768
0.00304256
0.00634239
0.000522183
0
0
0
1683487900.29367
msg_begin
7.75704e+06
-364065
2.99773
0.0331737
0.00215871
0.000806799
0
0
0
1683487900.34361
msg_begin
7.75704e+06
-364065
2.99601
0.0184863
0.00681383
0.000504287
0
0
0
1683487900.39358
msg_begin
7.75704e+06
-364065
2.99549
0.0271634
0.00680527
0.00150438
0
0
0
1683487900.44359
msg_begin
7.75704e+06
-364065
2.99244
0.00145892
0.00293706
0.000299594
0
0
0
1683487900.49357
msg_begin
7.75704e+06
-364065
2.99519
0.0324907
0.00360946
0.000340319
0
0
0
1683487900.54364
msg_begin
7.75704e+06
-364064
2.99441
0.0048455
0.00250305
0.00015021
0
0
0
1683487900.59363
msg_begin
7.75704e+06
-364064
2.99238
0.00885212
0.0041744
0.000785948
0
0
0
1683487900.64366
msg_begin
7.75704e+06
-364064
2.99374
0.0136262
0.00288865
0.000946397
0
0
0
1683487900.69367
msg_begin
7.75704e+06
-364064
2.99068
0.00354709
0.00530296
0.00058544
0
0
0
1683487900.74362
msg_begin
7.75704e+06
-364064
2.99077
0.00296168
0.000331622
9.96855e-05
0
0
0
1683487900.79361
msg_begin
7.75703e+06
-364064
2.98823
1.95578e-08
3.66708e-09
0
0
0
0
1683487900.84360
msg_begin
7.75703e+06
-364064
2.98691
0.0186786
0.00421231
0.000341536
0
0
0
1683487900.89367
msg_begin
7.75703e+06
-364064
2.98321
1.76951e-08
1.16415e-10
1.33227e-15
0
0
0
1683487900.94365
msg_begin
7.75703e+06
-364064
2.98542
0.00668488
0.00155041
0.000108809
0
0
0
1683487900.99369
msg_begin
7.75703e+06
-364064
2.98663
5.58794e-08
2.91038e-09
8.88178e-16
0
0
0
1683487901.04377
msg_begin
7.75703e+06
-364064
2.9885
0.0116018
0.00185869
0.000472446
0
0
0
1683487901.09384
msg_begin
7.75703e+06
-364064
2.98624
0.000917349
0.00334073
0.00017714
0
0
0
1683487901.14384
msg_begin
7.75703e+06
-364063
2.986
0.00930654
0.00413333
0.00064616
0
0
0
1683487901.19386
msg_begin
7.75703e+06
-364063
2.98426
0.00980683
0.00357187
0.000379578
0
0
0
1683487901.24384
msg_begin
7.75703e+06
-364063
2.9863
0.00201985
0.00124672
0.00012805
0
0
0
1683487901.29384
msg_begin
7.75703e+06
-364063
2.98384
0.00113507
0.00157259
6.18699e-05
0
0
0
1683487901.34384
msg_begin
7.75703e+06
-364063
2.98266
0.0183308
0.00646121
0.000369143
0
0
0
1683487901.39385
msg_begin
7.75703e+06
-364063
2.98212
1.49012e-08
7.567e-10
4.44089e-16
0
0
0
1683487901.44383
msg_begin
7.75703e+06
-364063
2.98224
0.00521526
0.00221518
0.00020567
0
0
0
1683487901.49382
msg_begin
7.75703e+06
-364063
2.98061
0.00405078
0.00250813
0.000213111
0
0
0
1683487901.54382
msg_begin
7.75703e+06
-364063
2.98173
0.000505521
0.000344216
9.88533e-07
0
0
0
1683487901.59382
msg_begin
7.75703e+06
-364063
2.97869
1.39698e-08
1.10595e-09
4.44089e-16
0
0
0
1683487901.64438
msg_begin
7.75702e+06
-364063
2.97713
0.0332073
0.00131033
0.000587535
0
0
0
1683487901.69377
msg_begin
7.75702e+06
-364063
2.97667
0.00284828
0.000327559
7.55876e-05
0
0
0
1683487901.74370
msg_begin
7.75702e+06
-364062
2.9786
0.00209267
0.000456528
9.82449e-05
0
0
0
1683487901.79365
msg_begin
7.75702e+06
-364062
2.97547
0.00216785
0.00132859
0.000491022
0
0
0
1683487901.84413
msg_begin
7.75702e+06
-364062
2.97577
0.00386086
0.00162476
0.000193417
0
0
0
1683487901.89370
msg_begin
7.75702e+06
-364062
2.97864
0.0131081
0.00717035
0.000652009
0
0
0
1683487901.94369
msg_begin
7.75702e+06
-364062
2.98371
0.0162433
0.00680517
0.000914669
0
0
0
1683487901.99369
msg_begin
7.75702e+06
-364062
2.98391
0.0183088
0.00352206
0.00053617
0
0
0
1683487902.04376
msg_begin
7.75702e+06
-364062
2.98219
0.00141326
0.000942063
6.85633e-05
0
0
0
1683487902.09367
msg_begin
7.75702e+06
-364062
2.98393
0.00372423
0.00104206
0.000156154
0
0
0
1683487902.14373
msg_begin
7.75702e+06
-364062
2.98404
0.000271471
0.000540025
4.40344e-05
0
0
0
1683487902.19362
msg_begin
7.75702e+06
-364062
2.98459
0.00109812
0.000833992
0.000135542
0
0
0
1683487902.24438
msg_begin
7.75702e+06
-364062
2.98715
0.00590201
0.000351614
0.000108032
0
0
0
1683487902.29355
msg_begin
7.75702e+06
-364061
2.98576
0.00627368
0.00134209
0.000178163
0
0
0
1683487902.34348
msg_begin
7.75702e+06
-364061
2.98764
0.0136213
0.00163721
0.000440087
0
0
0
1683487902.39348
msg_begin
7.75702e+06
-364061
2.98652
0.00325525
0.00139347
0.000155789
0
0
0
1683487902.44343
msg_begin
7.75701e+06
-364061
2.9866
0.0124286
0.00421102
0.000459589
0
0
0
1683487902.49340
msg_begin
7.75701e+06
-364061
2.98938
0.0100542
0.00241447
1.93721e-05
0
0
0
1683487902.59329
msg_begin
7.75701e+06
-364061
2.98931
0.03045
0.00656638
0.00049962
0
0
0
1683487902.64324
msg_begin
7.75701e+06
-364061
2.99058
0.0136198
0.00181248
0.00025748
0
0
0
1683487902.69324
msg_begin
7.75701e+06
-364061
2.99053
0.0224175
0.00584212
0.000591748
0
0
0
1683487902.74311
msg_begin
7.75701e+06
-364061
2.99134
0.00691087
0.00154404
0.000189211
0
0
0
1683487902.79315
msg_begin
7.75701e+06
-364061
2.99224
0.0126367
0.00640546
0.00082612
0
0
0
1683487902.84345
msg_begin
7.75701e+06
-364061
2.99195
0.0141594
0.0100089
0.00118909
0
0
0
1683487902.89302
msg_begin
7.75701e+06
-364060
2.99289
0.0031368
0.00114083
0.00011656
0
0
0
1683487902.94299
msg_begin
7.75701e+06
-364060
2.99243
0.00880703
0.00470696
0.00142842
0
0
0
1683487902.99301
msg_begin
7.75701e+06
-364060
2.99476
0.00878613
0.0109822
0.00088176
0
0
0
1683487903.04291
msg_begin
7.75701e+06
-364060
2.99328
0.0223281
0.0044053
0.00120389
0
0
0
1683487903.09288
msg_begin
7.75701e+06
-364060
2.99298
0.00300678
0.000220876
2.09981e-05
0
0
0
1683487903.14286
msg_begin
7.75701e+06
-364060
2.99373
0.00777417
1.68336e-05
6.94742e-05
0
0
0
1683487903.19290
msg_begin
7.75701e+06
-364060
2.99309
0.00670085
0.00850426
0.000371341
0
0
0
1683487903.24285
msg_begin
7.75701e+06
-364060
2.99508
1.86265e-09
1.5134e-09
0
0
0
0
1683487903.29287
msg_begin
7.757e+06
-364060
2.99263
0.000658989
3.40697e-05
2.10196e-05
0
0
0
1683487903.34284
msg_begin
7.757e+06
-364060
2.99596
0.0246225
0.00211558
0.00088455
0
0
0
1683487903.39283
msg_begin
7.757e+06
-364060
2.99763
0.021056
0.00677677
0.00106079
0
0
0
1683487903.44285
msg_begin
7.757e+06
-364060
2.99522
0.00852206
0.00716286
0.000718299
0
0
0
1683487903.49282
msg_begin
7.757e+06
-364060
2.99489
0.000849765
0.00339797
1.76293e-05
0
0
0
1683487903.54289
msg_begin
7.757e+06
-364059
2.99391
0.00765981
0.0029376
0.000758448
0
0
0
1683487903.59283
msg_begin
7.757e+06
-364059
2.99533
0.00648529
0.00351029
0.000925661
0
0
0
1683487903.64289
msg_begin
7.757e+06
-364059
2.99566
0.0044343
0.00765948
0.000370445
0
0
0
1683487903.69287
msg_begin
7.757e+06
-364059
2.99558
0.0155506
0.00540906
0.00149335
0
0
0
1683487903.74284
msg_begin
7.757e+06
-364059
2.99399
0.0134115
0.0037449
0.000691347
0
0
0
1683487903.79283
msg_begin
7.757e+06
-364059
2.99661
7.45058e-09
9.31323e-10
8.88178e-16
0
0
0
1683487903.84334
msg_begin
7.757e+06
-364059
2.99922
8.00937e-08
2.32831e-10
4.44089e-16
0
0
0
1683487903.89289
msg_begin
7.757e+06
-364059
2.99902
0.00915142
0.00317911
0.0010868
0
0
0
1683487903.94295
msg_begin
7.757e+06
-364059
2.999
0.010591
0.00174021
0.000330048
0
0
0
1683487903.99293
msg_begin
7.757e+06
-364059
2.99966
0.00122462
0.000171555
5.92582e-05
0
0
0
1683487904.04301
msg_begin
7.757e+06
-364059
3.00034
0.0135109
0.0106496
0.000555094
0
0
0
1683487904.09305
msg_begin
7.757e+06
-364059
2.99821
0.0266238
0.0121022
0.000856371
0
0
0
1683487904.14313
msg_begin
7.75699e+06
-364059
3.00178
0.0268632
0.00895914
0.00296668
0
0
0
1683487904.19316
msg_begin
7.75699e+06
-364058
2.99599
0.00395195
0.000650438
0.000228281
0
0
0
1683487904.24378
msg_begin
7.75699e+06
-364058
2.99968
0.00994445
0.00504603
0.000321485
0
0
0
1683487904.29333
msg_begin
7.75699e+06
-364058
2.9995
0.000863768
0.000408228
2.89442e-05
0
0
0
1683487904.34339
msg_begin
7.75699e+06
-364058
2.99789
0.0203061
0.00319707
0.000161306
0
0
0
1683487904.39347
msg_begin
7.75699e+06
-364058
3.00181
0.0147427
0.00805042
0.000389224
0
0
0
1683487904.44354
msg_begin
7.75699e+06
-364058
3.00179
6.51926e-09
1.22236e-09
0
0
0
0
1683487904.49358
msg_begin
7.75699e+06
-364058
3.00152
0.0168422
0.00800683
0.000452473
0
0
0
1683487904.54358
msg_begin
7.75699e+06
-364058
3.00072
0.00267586
0.0011267
0.00018551
0
0
0
1683487904.59365
msg_begin
7.75699e+06
-364058
3.00216
0.0105385
0.00447852
0.000664397
0
0
0
1683487904.64354
msg_begin
7.75699e+06
-364058
3.00235
0.00348028
0.00300152
0.000787995
0
0
0
1683487904.69362
msg_begin
7.75699e+06
-364058
3.00192
0.00440021
0.00304304
0.000227558
0
0
0
1683487904.74356
msg_begin
7.75699e+06
-364058
3.00135
0.0413101
0.00438726
0.000665725
0
0
0
1683487904.79347
msg_begin
7.75699e+06
-364057
3.00117
0.0196801
0.00379792
0.00113002
0
0
0
1683487904.84383
msg_begin
7.75699e+06
-364057
3.00087
0.020094
0.00388592
0.000288188
0
0
0
1683487904.89329
msg_begin
7.75699e+06
-364057
3.00075
0.0261213
0.0069732
0.000298455
0
0
0
1683487904.94327
msg_begin
7.75698e+06
-364057
3.00057
0.00432432
0.00150494
0.000432984
0
0
0
1683487904.99321
msg_begin
7.75698e+06
-364057
3.00027
0.00703707
0.00620459
0.00152927
0
0
0
1683487905.04332
msg_begin
7.75698e+06
-364057
3.00089
0.0127375
0.00143933
0.000902776
0
0
0
1683487905.09310
msg_begin
7.75698e+06
-364057
3.00057
0.0162023
0.00440838
0.00103944
0
0
0
1683487905.14305
msg_begin
7.75698e+06
-364057
3.00207
0.00992969
0.00438318
0.00043066
0
0
0
1683487905.19303
msg_begin
7.75698e+06
-364057
3.00175
0.00933262
0.00204157
0.000812307
0
0
0
1683487905.24311
msg_begin
7.75698e+06
-364057
2.99981
0.0282666
0.00858151
0.00113565
0
0
0
1683487905.29294
msg_begin
7.75698e+06
-364057
2.99853
0.0265631
0.0119966
0.00157641
0
0
0
1683487905.34289
msg_begin
7.75698e+06
-364057
2.99759
0.00200571
0.00161575
0.000135852
0
0
0
1683487905.39282
msg_begin
7.75698e+06
-364057
2.99668
0.0177527
0.00282406
0.00028245
0
0
0
1683487905.44274
msg_begin
7.75698e+06
-364056
2.99782
0.026941
0.011565
0.0013727
0
0
0
1683487905.49273
msg_begin
7.75698e+06
-364056
2.99652
0.0387689
0.00545722
0.00135775
0
0
0
1683487905.54269
msg_begin
7.75698e+06
-364056
2.9958
0.0470177
0.00737898
0.00114244
0
0
0
1683487905.59270
msg_begin
7.75698e+06
-364056
2.99485
0.0219134
0.00586536
0.00155675
0
0
0
1683487905.64295
msg_begin
7.75698e+06
-364056
2.9946
0.021972
0.00474582
0.00115448
0
0
0
1683487905.69264
msg_begin
7.75698e+06
-364056
2.99096
0.00116412
0.000135563
0.000155377
0
0
0
1683487905.74264
msg_begin
7.75697e+06
-364056
2.99361
0.00622784
0.00801572
0.000694039
0
0
0
1683487905.79263
msg_begin
7.75697e+06
-364056
2.9915
0.000863715
5.4478e-05
1.13482e-05
0
0
0
1683487905.84277
msg_begin
7.75697e+06
-364056
2.99261
5.4948e-08
5.23869e-10
1.33227e-15
0
0
0
1683487905.89260
msg_begin
7.75697e+06
-364056
2.9922
0.00597436
0.00651974
0.00199729
0
0
0
1683487905.94267
msg_begin
7.75697e+06
-364056
2.98978
0.00148907
0.000754322
0.000103417
0
0
0
1683487905.99271
msg_begin
7.75697e+06
-364056
2.99029
0.0143409
0.00670187
0.0010774
0
0
0
1683487906.04292
msg_begin
7.75697e+06
-364055
2.9898
0.0204074
0.0056872
0.00147129
0
0
0
1683487906.09280
msg_begin
7.75697e+06
-364055
2.9934
0.00386998
0.00160912
0.000367066
0
0
0
1683487906.14293
msg_begin
7.75697e+06
-364055
2.99077
0.0227859
0.00356652
0.000543731
0
0
0
1683487906.19304
msg_begin
7.75697e+06
-364055
2.99143
0.00328648
0.00117431
0.000287376
0
0
0
1683487906.24316
msg_begin
7.75697e+06
-364055
2.99018
0.00263369
0.00369596
0.000325131
0
0
0
1683487906.29312
msg_begin
7.75697e+06
-364055
2.9887
0.0158241
0.0090251
0.000467936
0
0
0
1683487906.34313
msg_begin
7.75697e+06
-364055
2.98812
0.00755352
0.00345466
0.000414521
0
0
0
1683487906.39311
msg_begin
7.75697e+06
-364055
2.98735
0.0109791
0.00199005
0.000685828
0
0
0
1683487906.44311
msg_begin
7.75697e+06
-364055
2.98645
0.00602165
0.00424628
0.000889835
0
0
0
1683487906.49307
msg_begin
7.75697e+06
-364055
2.98959
0.00895613
0.000550078
0.000471838
0
0
0
1683487906.54306
msg_begin
7.75697e+06
-364055
2.98626
0.03372
0.00948057
0.00245399
0
0
0
1683487906.59306
msg_begin
7.75696e+06
-364055
2.98805
0.0282242
0.00582117
0.00239484
0
0
0
1683487906.64306
msg_begin
7.75696e+06
-364054
2.99052
0.00284553
0.00552594
0.000660883
0
0
0
1683487906.69292
msg_begin
7.75696e+06
-364054
2.98888
0.00502438
0.00488217
0.0013762
0
0
0
1683487906.74289
msg_begin
7.75696e+06
-364054
2.98815
0.0289076
0.0106614
0.00106743
0
0
0
1683487906.79283
msg_begin
7.75696e+06
-364054
2.98794
0.006556
0.00164374
0.000571329
0
0
0
1683487906.84285
msg_begin
7.75696e+06
-364054
2.98724
0.0101816
0.00399443
0.000546653
0
0
0
1683487906.89285
msg_begin
7.75696e+06
-364054
2.98746
0.00975006
0.00430154
0.000739652
0
0
0
1683487906.94290
msg_begin
7.75696e+06
-364054
2.98882
0.0106231
0.002268
0.000463118
0
0
0
1683487906.99284
msg_begin
7.75696e+06
-364054
2.98822
0.073068
0.0141357
0.000537009
0
0
0
1683487907.04292
msg_begin
7.75696e+06
-364054
2.98605
0.0109323
0.00451896
0.000658128
0
0
0
1683487907.09300
msg_begin
7.75696e+06
-364054
2.99031
0.00567452
0.000886432
0.000264023
0
0
0
1683487907.14302
msg_begin
7.75696e+06
-364054
2.98776
6.23986e-08
6.98492e-10
1.33227e-15
0
0
0
1683487907.19314
msg_begin
7.75696e+06
-364053
2.98806
0.00992441
0.00167587
0.000840491
0
0
0
1683487907.24321
msg_begin
7.75696e+06
-364053
2.98654
0.00992591
0.00150348
0.000750651
0
0
0
1683487907.29324
msg_begin
7.75696e+06
-364053
2.98897
0.0104127
0.000517102
0.000151768
0
0
0
1683487907.34329
msg_begin
7.75696e+06
-364053
2.98909
0.000990068
0.000314721
0.000109398
0
0
0
1683487907.39331
msg_begin
7.75696e+06
-364053
2.9887
8.3819e-09
3.84171e-09
1.77636e-15
0
0
0
1683487907.44340
msg_begin
7.75695e+06
-364053
2.98974
0.00640538
0.00198096
0.000531992
0
0
0
1683487907.49335
msg_begin
7.75695e+06
-364053
2.9886
0.000790273
0.00173523
0.000280222
0
0
0
1683487907.54335
msg_begin
7.75695e+06
-364053
2.99255
0.00264035
0.00172477
0.000362391
0
0
0
1683487907.64371
msg_begin
7.75695e+06
-364053
2.99316
0.0445042
0.00541145
0.00122033
0
0
0
1683487907.69335
msg_begin
7.75695e+06
-364053
2.99331
0.0723765
0.00942297
0.00175078
0
0
0
1683487907.74338
msg_begin
7.75695e+06
-364053
2.99308
0.0286838
0.00693212
0.000580746
0
0
0
1683487907.79338
msg_begin
7.75695e+06
-364052
2.99604
8.3819e-09
8.14907e-10
4.44089e-16
0
0
0
1683487907.84349
msg_begin
7.75695e+06
-364052
2.99635
1.86265e-09
4.65661e-10
4.44089e-16
0
0
0
1683487907.89343
msg_begin
7.75695e+06
-364052
2.99771
0.0536977
0.0081086
0.00112933
0
0
0
1683487907.94345
msg_begin
7.75695e+06
-364052
2.99749
0.0369677
0.00293635
0.000707275
0
0
0
1683487907.99342
msg_begin
7.75695e+06
-364052
2.99621
0.00679668
0.00121101
0.000464943
0
0
0
1683487908.04371
msg_begin
7.75695e+06
-364052
2.99817
0.000266799
0.000209694
1.7919e-05
0
0
0
1683487908.09348
msg_begin
7.75695e+06
-364052
2.99501
5.30854e-08
2.96859e-09
0
0
0
0
1683487908.14350
msg_begin
7.75695e+06
-364052
2.99971
0.041121
0.00660835
0.00160903
0
0
0
1683487908.19351
msg_begin
7.75695e+06
-364052
3.00131
0.00833905
0.00134151
0.000198648
0
0
0
1683487908.24413
msg_begin
7.75695e+06
-364052
3.00117
0.00123982
0.000291725
1.26834e-05
0
0
0
1683487908.29344
msg_begin
7.75694e+06
-364052
3.00118
0.00521071
0.00414684
0.0002632
0
0
0
1683487908.34343
msg_begin
7.75694e+06
-364052
3.00052
0.051513
0.00847752
0.000824701
0
0
0
1683487908.39333
msg_begin
7.75694e+06
-364052
3.00109
0.00413437
0.00329979
0.000726833
0
0
0
1683487908.44334
msg_begin
7.75694e+06
-364052
3.00136
0.0156992
0.0129444
0.000934435
0
0
0
1683487908.49332
msg_begin
7.75694e+06
-364051
3.00151
0.00591506
0.00658736
0.00164074
0
0
0
1683487908.54337
msg_begin
7.75694e+06
-364051
3.00066
0.00832511
0.00159734
0.000242701
0
0
0
1683487908.59338
msg_begin
7.75694e+06
-364051
3.00124
5.40167e-08
1.28057e-09
0
0
0
0
1683487908.64410
msg_begin
7.75694e+06
-364051
3.00226
0.00445478
0.00185496
0.00020494
0
0
0
1683487908.69343
msg_begin
7.75694e+06
-364051
3.00574
0.0171924
0.00423432
0.000745757
0
0
0
1683487908.74345
msg_begin
7.75694e+06
-364051
3.00331
0.00922552
0.00343318
0.0005476
0
0
0
1683487908.79369
msg_begin
7.75694e+06
-364051
3.00441
0.0135602
0.00626645
0.000596961
0
0
0
1683487908.84403
msg_begin
7.75694e+06
-364051
3.0025
0.0209539
0.00314573
0.0011338
0
0
0
1683487908.89350
msg_begin
7.75694e+06
-364051
3.00346
0.000830198
0.000556858
1.99747e-05
0
0
0
1683487908.94358
msg_begin
7.75694e+06
-364051
3.00405
0.0348801
0.00280662
0.000215285
0
0
0
1683487908.99495
msg_begin
7.75694e+06
-364051
3.00498
0.0211966
0.0012821
0.000728886
0
0
0
1683487909.04440
msg_begin
7.75694e+06
-364051
3.00439
0.0585343
0.0117656
0.00182635
0
0
0
1683487909.09366
msg_begin
7.75694e+06
-364051
3.00473
5.21541e-08
3.49246e-09
1.33227e-15
0
0
0
1683487909.14365
msg_begin
7.75693e+06
-364050
3.00509
0.00023165
0.00124173
0.000133374
0
0
0
1683487909.19398
msg_begin
7.75693e+06
-364050
3.00495
0.00413717
0.00194908
0.000116523
0
0
0
1683487909.24415
msg_begin
7.75693e+06
-364050
3.00817
0.0173497
0.00458056
0.00105518
0
0
0
1683487909.29368
msg_begin
7.75693e+06
-364050
3.00673
0.00604707
0.00364211
0.00043014
0
0
0
1683487909.34369
msg_begin
7.75693e+06
-364050
3.00537
0.0172944
0.00464601
0.000981027
0
0
0
1683487909.39373
msg_begin
7.75693e+06
-364050
3.00425
0.00807672
0.00344967
0.00111136
0
0
0
1683487909.44364
msg_begin
7.75693e+06
-364050
3.00591
0.0123355
0.00669324
0.00150132
0
0
0
1683487909.49360
msg_begin
7.75693e+06
-364050
3.00465
0.0124847
0.00373724
0.000465419
0
0
0
1683487909.54354
msg_begin
7.75693e+06
-364050
3.00331
0.0488409
0.023031
0.00134246
0
0
0
1683487909.59396
msg_begin
7.75693e+06
-364050
3.00382
0.0239011
0.00697113
0.000707968
0
0
0
1683487909.64420
msg_begin
7.75693e+06
-364050
3.00484
0.0013419
0.00109689
0.000259386
0
0
0
1683487909.69336
msg_begin
7.75693e+06
-364050
3.00422
0.00348938
0.00222174
0.000240281
0
0
0
1683487909.74334
msg_begin
7.75693e+06
-364050
3.004
0.00158231
0.00295784
0.000166833
0
0
0
1683487909.79368
msg_begin
7.75693e+06
-364050
3.00512
0.00186757
0.000397821
0.000169484
0
0
0
1683487909.84373
msg_begin
7.75693e+06
-364050
3.00439
0.000860499
0.00135579
7.33607e-05
0
0
0
1683487909.89327
msg_begin
7.75693e+06
-364049
3.00106
0.0350524
0.00767571
0.00102152
0
0
0
1683487909.94322
msg_begin
7.75693e+06
-364049
2.99986
0.0075738
0.00354082
8.06412e-05
0
0
0
1683487909.99370
msg_begin
7.75693e+06
-364049
3.00095
0.0198696
0.00538306
0.000659847
0
0
0
1683487910.04317
msg_begin
7.75692e+06
-364049
2.99834
0.00348498
0.00033905
7.46358e-05
0
0
0
1683487910.09311
msg_begin
7.75692e+06
-364049
3.00254
0.0140549
0.00171417
0.000576429
0
0
0
1683487910.14306
msg_begin
7.75692e+06
-364049
3.00266
0.043577
0.0109817
0.00116125
0
0
0
1683487910.19308
msg_begin
7.75692e+06
-364049
2.99743
0.000125824
0.000546927
0.000140164
0
0
0
1683487910.24299
msg_begin
7.75692e+06
-364049
2.99954
0.00760976
0.00176899
0.000222982
0
0
0
1683487910.29302
msg_begin
7.75692e+06
-364049
2.99908
0.005147
0.00121278
0.000334063
0
0
0
1683487910.34307
msg_begin
7.75692e+06
-364049
2.99879
0.00146667
0.00114132
3.79919e-05
0
0
0
1683487910.39310
msg_begin
7.75692e+06
-364049
2.9974
0.0129838
0.0064557
0.00071998
0
0
0
1683487910.44320
msg_begin
7.75692e+06
-364049
2.9957
0.0110137
0.00224853
0.000973071
0
0
0
1683487910.49321
msg_begin
7.75692e+06
-364049
2.99501
0.0270468
0.00610731
0.000468692
0
0
0
1683487910.54324
msg_begin
7.75692e+06
-364049
2.99791
0.00921413
0.0111694
0.000659378
0
0
0
1683487910.59450
msg_begin
7.75692e+06
-364049
2.99755
0.0276093
0.00322199
0.00148019
0
0
0
1683487910.64380
msg_begin
7.75692e+06
-364048
2.99499
0.0181862
0.00874943
0.000717538
0
0
0
1683487910.69335
msg_begin
7.75692e+06
-364048
2.99549
0.0123571
0.00390153
0.000747161
0
0
0
1683487910.74344
msg_begin
7.75692e+06
-364048
2.99612
0.00902025
0.00822395
0.00131911
0
0
0
1683487910.79375
msg_begin
7.75692e+06
-364048
2.99562
0.0267566
0.00541124
0.000764449
0
0
0
1683487910.84412
msg_begin
7.75692e+06
-364048
2.99399
0.0276174
0.0058525
0.00120928
0
0
0
1683487910.89353
msg_begin
7.75692e+06
-364048
2.99748
0.0249012
0.00426738
0.000459464
0
0
0
1683487910.94357
msg_begin
7.75692e+06
-364048
2.99526
6.42613e-08
2.67755e-09
4.44089e-16
0
0
0
1683487910.99363
msg_begin
7.75692e+06
-364048
2.99572
0.0160417
0.00128948
0.00043431
0
0
0
1683487911.04429
msg_begin
7.75691e+06
-364048
2.99394
0.0216594
0.00759528
0.00123828
0
0
0
1683487911.09366
msg_begin
7.75691e+06
-364048
2.99038
1.02445e-08
3.89991e-09
4.44089e-16
0
0
0
1683487911.14372
msg_begin
7.75691e+06
-364048
2.99254
0.00492819
0.00476481
0.000604549
0
0
0
1683487911.19498
msg_begin
7.75691e+06
-364048
2.99248
5.86733e-08
3.89991e-09
8.88178e-16
0
0
0
1683487911.24447
msg_begin
7.75691e+06
-364048
2.99111
0.000213518
0.000653588
5.20798e-05
0
0
0
1683487911.29386
msg_begin
7.75691e+06
-364048
2.99241
0.0084652
0.00697361
0.000346606
0
0
0
1683487911.34391
msg_begin
7.75691e+06
-364048
2.99446
0.00933541
0.0024655
0.000552745
0
0
0
1683487911.39428
msg_begin
7.75691e+06
-364048
2.99458
0.0108532
0.0123381
0.000533789
0
0
0
1683487911.44392
msg_begin
7.75691e+06
-364047
2.99671
0.00808096
0.00227928
0.000366144
0
0
0
1683487911.49391
msg_begin
7.75691e+06
-364047
2.99725
0.00696704
0.000191237
6.26039e-05
0
0
0
1683487911.54400
msg_begin
7.75691e+06
-364047
2.99704
0.0118985
0.00155333
0.000503356
0
0
0
1683487911.59404
msg_begin
7.75691e+06
-364047
2.99783
0.00240595
0.00291776
0.000337106
0
0
0
1683487911.64428
msg_begin
7.75691e+06
-364047
2.99606
0.00391895
0.001748
0.000151752
0
0
0
1683487911.69399
msg_begin
7.75691e+06
-364047
2.99441
0.0231875
0.00829703
0.00111049
0
0
0
1683487911.74399
msg_begin
7.75691e+06
-364047
2.99443
0.000526476
0.00306818
8.45601e-05
0
0
0
1683487911.79415
msg_begin
7.75691e+06
-364047
2.99614
0.0027903
0.00309922
0.00060097
0
0
0
1683487911.84477
msg_begin
7.75691e+06
-364047
2.99334
0.00572707
0.00830055
0.000728343
0
0
0
1683487911.89411
msg_begin
7.75691e+06
-364047
2.99431
0.00954146
0.0034922
0.000467968
0
0
0
1683487911.94413
msg_begin
7.75691e+06
-364047
2.99721
6.51926e-09
9.31323e-10
1.33227e-15
0
0
0
1683487911.99419
msg_begin
7.75691e+06
-364047
2.99882
0.0119156
0.00268671
0.000516885
0
0
0
1683487912.04458
msg_begin
7.75691e+06
-364047
2.99663
0.00672503
0.00149656
0.000112522
0
0
0
1683487912.09422
msg_begin
7.75691e+06
-364047
2.99558
0.0187533
0.0140165
0.000612368
0
0
0
1683487912.14425
msg_begin
7.75691e+06
-364047
2.9923
8.00937e-08
6.40284e-10
8.88178e-16
0
0
0
1683487912.19573
msg_begin
7.7569e+06
-364047
2.99215
0.0115892
0.00179628
0.000694841
0
0
0
1683487912.24481
msg_begin
7.7569e+06
-364047
2.99183
0.00486658
0.00436077
0.000347889
0
0
0
1683487912.29434
msg_begin
7.7569e+06
-364047
2.9918
0.0374089
0.00459866
0.0011305
0
0
0
1683487912.34436
msg_begin
7.7569e+06
-364047
2.98908
6.51926e-09
1.22236e-09
0
0
0
0
1683487912.39575
msg_begin
7.7569e+06
-364047
2.99204
0.0418912
0.00349926
0.000184555
0
0
0
1683487912.44436
msg_begin
7.7569e+06
-364046
2.99153
0.013622
0.000819554
0.000103615
0
0
0
1683487912.49441
msg_begin
7.7569e+06
-364046
2.99238
0.0208908
0.00263891
0.00124024
0
0
0
1683487912.54437
msg_begin
7.7569e+06
-364046
2.99134
0.00913409
0.00403558
0.000905001
0
0
0
1683487912.59454
msg_begin
7.7569e+06
-364046
2.99172
3.07336e-08
3.43425e-09
8.88178e-16
0
0
0
1683487912.64523
msg_begin
7.7569e+06
-364046
2.99166
0.0177442
0.0100743
0.00188505
0
0
0
1683487912.69437
msg_begin
7.7569e+06
-364046
2.99078
0.0189986
0.00638925
0.000358831
0
0
0
1683487912.74423
msg_begin
7.7569e+06
-364046
2.9927
3.80681e-05
7.36486e-06
9.56413e-07
0
0
0
1683487912.79475
msg_begin
7.7569e+06
-364046
2.99217
0.00735631
0.00045588
0.000161417
0
0
0
1683487912.84510
msg_begin
7.7569e+06
-364046
2.99128
0.0214117
0.00942657
0.00237747
0
0
0
1683487912.89429
msg_begin
7.7569e+06
-364046
2.99076
0.0153992
0.00701685
0.000536982
0
0
0
1683487912.94427
msg_begin
7.7569e+06
-364046
2.99318
0.00309262
0.00198736
0.000114632
0
0
0
1683487912.99414
msg_begin
7.7569e+06
-364046
2.99426
0.0055487
0.00314471
0.000726666
0
0
0
1683487913.04495
msg_begin
7.7569e+06
-364046
2.98939
0.0163924
0.000426635
0.000490663
0
0
0
1683487913.09406
msg_begin
7.7569e+06
-364046
2.98671
0.00610724
0.000659126
0.000169827
0
0
0
1683487913.14404
msg_begin
7.7569e+06
-364046
2.98762
0.00263809
0.00290778
0.000358925
0
0
0
1683487913.19402
msg_begin
7.7569e+06
-364046
2.98682
0.00621499
0.00741441
0.00117994
0
0
0
1683487913.24453
msg_begin
7.7569e+06
-364046
2.98314
0.0184708
0.0097195
0.00155226
0
0
0
1683487913.29380
msg_begin
7.7569e+06
-364046
2.98645
0.00331772
0.00169423
0.000218886
0
0
0
1683487913.34377
msg_begin
7.7569e+06
-364046
2.98457
0.00479743
0.00285636
0.000738115
0
0
0
1683487913.39365
msg_begin
7.7569e+06
-364046
2.98839
0.0123848
0.00665449
0.000166542
0
0
0
1683487913.44356
msg_begin
7.7569e+06
-364046
2.98545
0.0274018
0.00285151
0.00128534
0
0
0
1683487913.49359
msg_begin
7.7569e+06
-364046
2.98587
0.00681201
0.00179065
0.000516615
0
0
0
1683487913.54354
msg_begin
7.7569e+06
-364046
2.98654
0.012147
0.00957755
0.000982772
0
0
0
1683487913.59357
msg_begin
7.7569e+06
-364046
2.98736
0.00879847
0.00581565
0.000639639
0
0
0
1683487913.64425
msg_begin
7.7569e+06
-364046
2.98743
7.26432e-08
2.67755e-09
1.77636e-15
0
0
0
1683487913.69351
msg_begin
7.7569e+06
-364046
2.98629
0.00420598
0.00264414
0.000228102
0
0
0
1683487913.74353
msg_begin
7.7569e+06
-364046
2.987
0.0099051
0.00767811
0.00049946
0
0
0
1683487913.79349
msg_begin
7.7569e+06
-364046
2.98701
0.0202824
0.00271954
0.000340904
0
0
0
1683487913.84355
msg_begin
7.7569e+06
-364046
2.98621
0.0200153
0.00721372
0.00110455
0
0
0
1683487913.89348
msg_begin
7.7569e+06
-364046
2.98397
0.00926722
0.00577715
0.000813893
0
0
0
1683487913.94345
msg_begin
7.7569e+06
-364046
2.98765
0.0281776
0.000891204
0.00179879
0
0
0
1683487913.99343
msg_begin
7.7569e+06
-364046
2.98641
0.00241925
0.00148489
0.000317902
0
0
0
1683487914.04373
msg_begin
7.7569e+06
-364046
2.98973
0.00624577
0.00387497
0.000612821
0
0
0
1683487914.09340
msg_begin
7.7569e+06
-364046
2.98753
0.00325463
0.0020695
0.000120578
0
0
0
1683487914.14341
msg_begin
7.7569e+06
-364045
2.98618
0.00997985
0.00301769
0.00149805
0
0
0
1683487914.19345
msg_begin
7.7569e+06
-364045
2.9863
0.00644876
0.00509812
0.000531156
0
0
0
1683487914.24425
msg_begin
7.7569e+06
-364045
2.98729
0.0122365
0.00204292
0.000359604
0
0
0
1683487914.29342
msg_begin
7.7569e+06
-364045
2.98486
0.0092426
0.0052998
0.00144651
0
0
0
1683487914.34341
msg_begin
7.7569e+06
-364045
2.98543
0.0079767
0.00335981
0.000947296
0
0
0
1683487914.39353
msg_begin
7.7569e+06
-364045
2.98557
0.00315506
0.00198109
0.000190823
0
0
0
1683487914.44344
msg_begin
7.7569e+06
-364045
2.98606
0.00504423
0.010026
0.00192256
0
0
0
1683487914.49347
msg_begin
7.75689e+06
-364045
2.98741
0.00455584
0.00260054
0.000590495
0
0
0
1683487914.54348
msg_begin
7.75689e+06
-364045
2.98744
7.45058e-09
1.33878e-09
1.33227e-15
0
0
0
1683487914.59351
msg_begin
7.75689e+06
-364045
2.9867
0.00258155
0.00270303
0.000395107
0
0
0
1683487914.64424
msg_begin
7.75689e+06
-364045
2.98727
0.00712652
0.0050927
0.000494714
0
0
0
1683487914.69354
msg_begin
7.75689e+06
-364045
2.9869
0.00669639
0.0104158
0.000639081
0
0
0
1683487914.74357
msg_begin
7.75689e+06
-364045
2.98652
0.00211219
0.00199055
0.000189521
0
0
0
1683487914.79361
msg_begin
7.75689e+06
-364045
2.98765
0.0213481
0.00407585
0.000357778
0
0
0
1683487914.84418
msg_begin
7.75689e+06
-364045
2.98746
0.00212509
0.00973741
0.000620577
0
0
0
1683487914.89359
msg_begin
7.75689e+06
-364045
2.98779
0.00887577
0.00788355
0.000870142
0
0
0
1683487914.94359
msg_begin
7.75689e+06
-364045
2.9935
0.000332223
8.86522e-05
0.000134978
0
0
0
1683487914.99368
msg_begin
7.75689e+06
-364045
2.99036
0.0163928
0.00616796
0.00106558
0
0
0
1683487915.04422
msg_begin
7.75689e+06
-364045
2.99122
0.012233
0.00221229
0.000308785
0
0
0
1683487915.09347
msg_begin
7.75689e+06
-364045
2.99053
0.0146504
0.00330265
0.000580756
0
0
0
1683487915.14338
msg_begin
7.75689e+06
-364045
2.99009
0.0110408
0.00182025
0.000535891
0
0
0
1683487915.19349
msg_begin
7.75689e+06
-364045
2.992
0.00340389
0.00985737
0.000985568
0
0
0
1683487915.24404
msg_begin
7.75689e+06
-364045
2.98963
0.00778712
0.00241225
0.000370717
0
0
0
1683487915.29334
msg_begin
7.75689e+06
-364045
2.98934
0.0105013
0.00374339
0.000462252
0
0
0
1683487915.34333
msg_begin
7.75689e+06
-364045
2.99061
0.0187459
0.00506868
0.000316831
0
0
0
1683487915.39335
msg_begin
7.75689e+06
-364045
2.99147
0.0111278
0.00261151
0.000280701
0
0
0
1683487915.44339
msg_begin
7.75689e+06
-364045
2.98805
0.00364958
0.00269988
0.000352488
0
0
0
1683487915.49335
msg_begin
7.75689e+06
-364045
2.9889
0.0208507
0.00331774
0.00137609
0
0
0
1683487915.54332
msg_begin
7.75689e+06
-364045
2.98921
0.0357394
0.00440201
0.00101196
0
0
0
1683487915.59368
msg_begin
7.75689e+06
-364045
2.99043
0.0157625
0.0105846
0.000397399
0
0
0
1683487915.64377
msg_begin
7.75689e+06
-364045
2.99047
0.0115292
0.00658655
0.000622634
0
0
0
1683487915.69339
msg_begin
7.75689e+06
-364045
2.99047
0.00841082
0.00191187
0.000198015
0
0
0
1683487915.74337
msg_begin
7.75689e+06
-364045
2.99027
0.0230008
0.00608452
0.00111435
0
0
0
1683487915.79342
msg_begin
7.75689e+06
-364044
2.98951
0.0259799
0.00968329
0.001002
0
0
0
1683487915.84420
msg_begin
7.75689e+06
-364044
2.98596
0.00819103
0.0025061
0.000301714
0
0
0
1683487915.89346
msg_begin
7.75689e+06
-364044
2.9868
0.0110902
0.00589321
0.00115658
0
0
0
1683487915.94353
msg_begin
7.75689e+06
-364044
2.98975
0.0115493
0.00797577
0.000868178
0
0
0
1683487915.99382
msg_begin
7.75689e+06
-364044
2.99052
0.0116747
0.0102782
0.000442754
0
0
0
1683487916.04375
msg_begin
7.75689e+06
-364044
2.99198
0.00730444
0.00649358
0.000995225
0
0
0
1683487916.09350
msg_begin
7.75689e+06
-364044
2.98789
2.42144e-08
1.92085e-09
1.33227e-15
0
0
0
1683487916.14357
msg_begin
7.75689e+06
-364044
2.99027
0.0073196
0.00151681
0.000994174
0
0
0
1683487916.19352
msg_begin
7.75689e+06
-364044
2.99043
0.00465368
0.00307233
0.000242202
0
0
0
1683487916.24400
msg_begin
7.75689e+06
-364044
2.99061
0.0149568
0.00747291
0.000694081
0
0
0
1683487916.29356
msg_begin
7.75689e+06
-364044
2.99159
0.0832084
0.0114258
0.000510795
0
0
0
1683487916.34361
msg_begin
7.75689e+06
-364044
2.99126
0.0116278
0.000348209
5.85872e-05
0
0
0
1683487916.39368
msg_begin
7.75689e+06
-364044
2.98833
9.31323e-10
1.16415e-09
0
0
0
0
1683487916.44366
msg_begin
7.75689e+06
-364044
2.99188
0.0154327
0.00586714
0.000904138
0
0
0
1683487916.49373
msg_begin
7.75689e+06
-364044
2.9931
0.0357815
0.00338911
0.000752053
0
0
0
1683487916.54371
msg_begin
7.75689e+06
-364044
2.99334
0.00184872
0.000737007
0.000194468
0
0
0
1683487916.59380
msg_begin
7.75688e+06
-364044
2.99137
0.0210211
0.00904167
0.000404897
0
0
0
1683487916.64427
msg_begin
7.75688e+06
-364044
2.99099
0.0104972
0.00101661
0.000506723
0
0
0
1683487916.69383
msg_begin
7.75688e+06
-364044
2.9916
0.00562231
0.0137733
0.000974648
0
0
0
1683487916.74379
msg_begin
7.75688e+06
-364044
2.99019
0.0245816
0.00474317
0.000311762
0
0
0
1683487916.79396
msg_begin
7.75688e+06
-364044
2.99069
0.0174845
0.0102932
0.000774817
0
0
0
1683487916.84480
msg_begin
7.75688e+06
-364044
2.98625
0.00381605
0.00135503
0.000395009
0
0
0
1683487916.89387
msg_begin
7.75688e+06
-364044
2.98758
0.00505111
0.00180388
0.0001756
0
0
0
1683487916.94386
msg_begin
7.75688e+06
-364044
2.98782
0.0177634
0.0058798
0.00154471
0
0
0
1683487916.99376
msg_begin
7.75688e+06
-364044
2.9857
0.0259814
0.00834957
0.00115211
0
0
0
1683487917.04416
msg_begin
7.75688e+06
-364044
2.98944
0.019743
0.00232408
0.000441951
0
0
0
1683487917.09373
msg_begin
7.75688e+06
-364043
2.98808
0.0125299
0.00624246
0.000902605
0
0
0
1683487917.14363
msg_begin
7.75688e+06
-364043
2.98889
0.0069887
0.00353243
0.000384806
0
0
0
1683487917.19358
msg_begin
7.75688e+06
-364043
2.99014
0.0135209
0.00406128
0.000638786
0
0
0
1683487917.24391
msg_begin
7.75688e+06
-364043
2.9888
0.0094895
0.00151776
0.000151532
0
0
0
1683487917.29344
msg_begin
7.75688e+06
-364043
2.98942
0.0356165
0.00593732
0.000915071
0
0
0
1683487917.34342
msg_begin
7.75688e+06
-364043
2.9889
0.0149269
0.0128025
0.000832186
0
0
0
1683487917.39350
msg_begin
7.75688e+06
-364043
2.98869
0.0066471
0.00528693
0.000170499
0
0
0
1683487917.44339
msg_begin
7.75688e+06
-364043
2.98724
0.0173141
0.00559944
0.000587525
0
0
0
1683487917.54339
msg_begin
7.75688e+06
-364043
2.99151
0.0310333
0.00384589
0.000281377
0
0
0
1683487917.59342
msg_begin
7.75688e+06
-364043
2.98979
0.00364894
0.00134103
0.000137539
0
0
0
1683487917.64421
msg_begin
7.75688e+06
-364043
2.98938
0.0312679
0.00662907
0.000451879
0
0
0
1683487917.69331
msg_begin
7.75688e+06
-364043
2.98936
0.0120836
0.00341772
0.00101614
0
0
0
1683487917.74334
msg_begin
7.75688e+06
-364043
2.99299
0.00514047
0.00446371
0.000197368
0
0
0
1683487917.79338
msg_begin
7.75688e+06
-364043
2.99509
0.00785315
0.00299644
0.000769304
0
0
0
1683487917.84375
msg_begin
7.75688e+06
-364043
2.99064
0.00835645
0.00150592
0.000324208
0
0
0
1683487917.89332
msg_begin
7.75688e+06
-364043
2.99051
0.0108832
0.00918163
0.00130574
0
0
0
1683487917.94342
msg_begin
7.75688e+06
-364043
2.99251
0.00526385
0.00160191
0.000143362
0
0
0
1683487917.99355
msg_begin
7.75688e+06
-364043
2.99454
0.0299804
0.00329332
0.00114728
0
0
0
1683487918.04345
msg_begin
7.75688e+06
-364043
2.99335
0.0244832
0.00490766
0.000827728
0
0
0
1683487918.09348
msg_begin
7.75688e+06
-364043
2.99263
0.0157615
0.00205685
0.000332254
0
0
0
1683487918.14358
msg_begin
7.75688e+06
-364043
2.99291
0.0239726
0.00537834
0.000928209
0
0
0
1683487918.19356
msg_begin
7.75688e+06
-364043
2.99457
0.00672788
0.00230746
0.000371937
0
0
0
1683487918.24438
msg_begin
7.75687e+06
-364043
2.99542
0.00793618
0.00404935
0.000274061
0
0
0
1683487918.29363
msg_begin
7.75687e+06
-364043
2.99826
0.000423547
0.00330466
0.000341933
0
0
0
1683487918.34362
msg_begin
7.75687e+06
-364042
2.99617
0.00377777
0.00152412
0.000149147
0
0
0
1683487918.39367
msg_begin
7.75687e+06
-364042
2.99645
0.0337921
0.00241915
0.00118903
0
0
0
1683487918.44373
msg_begin
7.75687e+06
-364042
2.99918
0.0140272
0.000807525
0.000219707
0
0
0
1683487918.49376
msg_begin
7.75687e+06
-364042
2.99918
0.0437895
0.00332775
0.00072449
0
0
0
1683487918.54379
msg_begin
7.75687e+06
-364042
2.99745
0.00218496
0.000739103
0.000168719
0
0
0
1683487918.59376
msg_begin
7.75687e+06
-364042
2.99765
0.032554
0.00973592
0.000903746
0
0
0
1683487918.64471
msg_begin
7.75687e+06
-364042
2.99798
0.012047
0.00196323
0.000265093
0
0
0
1683487918.69386
msg_begin
7.75687e+06
-364042
2.99872
0.00704572
0.00196316
0.000317487
0
0
0
1683487918.74394
msg_begin
7.75687e+06
-364042
2.99901
0.0163402
0.00121678
0.00056812
0
0
0
1683487918.79394
msg_begin
7.75687e+06
-364042
2.99975
0.0114824
0.00944896
0.00167431
0
0
0
1683487918.84474
msg_begin
7.75687e+06
-364042
3.00081
0.0319117
0.0103453
0.000573781
0
0
0
1683487918.89404
msg_begin
7.75687e+06
-364042
2.99732
0.00588309
0.00474306
0.000385503
0
0
0
1683487918.94401
msg_begin
7.75687e+06
-364042
2.99984
0.00997521
0.00143283
0.000249234
0
0
0
1683487918.99410
msg_begin
7.75687e+06
-364042
3.00188
4.57722e-05
0.000377497
6.91534e-05
0
0
0
1683487919.04492
msg_begin
7.75687e+06
-364042
3.00204
0.00819677
0.00137138
0.000470874
0
0
0
1683487919.09400
msg_begin
7.75687e+06
-364042
3.00339
0.00623682
0.00146512
0.000311918
0
0
0
1683487919.14393
msg_begin
7.75687e+06
-364042
3.00261
0.0427829
0.013863
0.00120909
0
0
0
1683487919.19389
msg_begin
7.75687e+06
-364042
3.00459
0.00673108
0.00264428
0.000415574
0
0
0
1683487919.24468
msg_begin
7.75687e+06
-364042
3.00402
0.0204177
0.00380153
0.000452311
0
0
0
1683487919.29376
msg_begin
7.75687e+06
-364042
3.00545
0.0345313
0.00389783
0.000484097
0
0
0
1683487919.34372
msg_begin
7.75687e+06
-364042
3.00588
0.0347922
0.0149935
0.000702426
0
0
0
1683487919.39384
msg_begin
7.75687e+06
-364042
3.0089
0.0117489
0.00867455
0.000526607
0
0
0
1683487919.44366
msg_begin
7.75687e+06
-364041
3.00712
0.0130381
0.00434376
0.000427873
0
0
0
1683487919.49363
msg_begin
7.75687e+06
-364041
3.00672
0.0153812
0.00822114
0.00117706
0
0
0
1683487919.54361
msg_begin
7.75687e+06
-364041
3.00714
0.00658033
0.0103191
0.000549029
0
0
0
1683487919.59354
msg_begin
7.75687e+06
-364041
3.00935
0.00826953
0.00801275
0.000359704
0
0
0
1683487919.64358
msg_begin
7.75687e+06
-364041
3.0095
0.0163053
0.00307388
0.000302018
0
0
0
1683487919.69349
msg_begin
7.75687e+06
-364041
3.00956
0.0410068
0.00645232
0.000578121
0
0
0
1683487919.74347
msg_begin
7.75686e+06
-364041
3.00806
0.00143368
0.00085519
9.74568e-05
0
0
0
1683487919.79351
msg_begin
7.75686e+06
-364041
3.00759
0.0271799
0.00070561
0.000648815
0
0
0
1683487919.84334
msg_begin
7.75686e+06
-364041
3.01034
0.00694383
0.00505046
0.000746363
0
0
0
1683487919.89339
msg_begin
7.75686e+06
-364041
3.01027
0.0274596
0.00824331
0.00240408
0
0
0
1683487919.94330
msg_begin
7.75686e+06
-364041
3.00731
0.0174974
0.00147747
0.000176361
0
0
0
1683487919.99325
msg_begin
7.75686e+06
-364041
3.00909
0.000589798
0.00178466
0.000226704
0
0
0
1683487920.04325
msg_begin
7.75686e+06
-364041
3.00998
0.0360958
0.0119089
0.00111887
0
0
0
1683487920.09320
msg_begin
7.75686e+06
-364041
3.00967
0.00438171
0.00219714
0.000482101
0
0
0
1683487920.14326
msg_begin
7.75686e+06
-364041
3.0079
0.00348496
0.00359608
0.000420586
0
0
0
1683487920.19320
msg_begin
7.75686e+06
-364041
3.00853
0.00470355
0.00572298
0.000524798
0
0
0
1683487920.24321
msg_begin
7.75686e+06
-364041
3.01006
0.0223412
0.00417754
0.000453677
0
0
0
1683487920.29311
msg_begin
7.75686e+06
-364041
3.01083
0.00653129
0.00240783
0.00033258
0
0
0
1683487920.34307
msg_begin
7.75686e+06
-364041
3.01244
0.0454479
0.00489557
0.00126865
0
0
0
1683487920.39309
msg_begin
7.75686e+06
-364041
3.01139
0.0341835
0.00680304
0.00175348
0
0
0
1683487920.44304
msg_begin
7.75686e+06
-364041
3.01428
0.0053314
0.00197258
0.000483278
0
0
0
1683487920.49305
msg_begin
7.75686e+06
-364041
3.0156
0.00197228
0.00145189
0.000206291
0
0
0
1683487920.54297
msg_begin
7.75686e+06
-364041
3.01464
0.0413172
0.000429173
0.00101063
0
0
0
1683487920.59299
msg_begin
7.75686e+06
-364040
3.01044
0.015997
0.00969497
0.00095701
0
0
0
1683487920.64353
msg_begin
7.75686e+06
-364040
3.00631
0.0150337
0.00215427
0.000603476
0
0
0
1683487920.69304
msg_begin
7.75686e+06
-364040
3.0068
0.0147989
0.00925693
0.00110367
0
0
0
1683487920.74303
msg_begin
7.75686e+06
-364040
3.00824
0.0225804
0.00370156
0.000588171
0
0
0
1683487920.79309
msg_begin
7.75686e+06
-364040
3.00781
0.00382388
0.00173019
0.000789261
0
0
0
1683487920.84347
msg_begin
7.75686e+06
-364040
3.00551
0.0117606
0.0040086
0.000386584
0
0
0
1683487920.89300
msg_begin
7.75686e+06
-364040
3.00505
0.0127623
0.00404572
0.000381016
0
0
0
1683487920.94299
msg_begin
7.75686e+06
-364040
3.00747
0.00267306
0.00635043
0.000105611
0
0
0
1683487920.99360
msg_begin
7.75686e+06
-364040
3.00795
0.0101977
0.00409766
0.000914809
0
0
0
1683487921.04333
msg_begin
7.75685e+06
-364040
3.00641
8.13936e-05
0.000117667
2.63726e-05
0
0
0
1683487921.09297
msg_begin
7.75685e+06
-364040
3.00321
0.0048515
0.00198175
0.000252193
0
0
0
1683487921.14293
msg_begin
7.75685e+06
-364040
3.0045
0.00366993
0.00175208
0.00018388
0
0
0
1683487921.19294
msg_begin
7.75685e+06
-364040
3.00585
0.0102607
0.00918811
0.000857615
0
0
0
1683487921.24342
msg_begin
7.75685e+06
-364040
3.00477
0.00777198
0.00926434
0.00123403
0
0
0
1683487921.29302
msg_begin
7.75685e+06
-364040
3.00392
0.00610855
0.00758425
0.000514152
0
0
0
1683487921.34304
msg_begin
7.75685e+06
-364040
3.00378
0.0112119
0.0015034
0.000156847
0
0
0
1683487921.39304
msg_begin
7.75685e+06
-364040
3.00376
0.017603
0.000860931
0.000166662
0
0
0
1683487921.44307
msg_begin
7.75685e+06
-364040
3.00122
0.013191
0.00485522
0.000410101
0
0
0
1683487921.49312
msg_begin
7.75685e+06
-364040
3.00138
0.00505078
0.00368818
0.000435847
0
0
0
1683487921.54309
msg_begin
7.75685e+06
-364040
2.99801
0.00264801
0.00191013
0.000226736
0
0
0
1683487921.59310
msg_begin
7.75685e+06
-364040
3.00163
7.17118e-08
2.91038e-10
8.88178e-16
0
0
0
1683487921.64311
msg_begin
7.75685e+06
-364039
3.00036
0.00583357
0.00438339
0.000212576
0
0
0
1683487921.69313
msg_begin
7.75685e+06
-364039
2.99805
0.0217436
0.00929413
0.000345679
0
0
0
1683487921.74316
msg_begin
7.75685e+06
-364039
2.99763
0.0331699
0.000528042
0.00022559
0
0
0
1683487921.79309
msg_begin
7.75685e+06
-364039
2.99843
0.000517562
0.000349722
0.000221178
0
0
0
1683487921.84313
msg_begin
7.75685e+06
-364039
2.99819
0.00154686
0.00313023
0.000304954
0
0
0
1683487921.89307
msg_begin
7.75685e+06
-364039
2.99425
0.0105214
0.00977005
0.000761499
0
0
0
1683487921.94306
msg_begin
7.75685e+06
-364039
2.99409
0.0129743
0.00542117
0.00123906
0
0
0
1683487921.99306
msg_begin
7.75685e+06
-364039
2.99205
0.000635255
8.82094e-05
0.000114206
0
0
0
1683487922.04306
msg_begin
7.75685e+06
-364039
2.99086
0.0147892
0.00362812
0.000262144
0
0
0
1683487922.09301
msg_begin
7.75685e+06
-364039
2.98665
0.0160793
0.00315532
0.000270482
0
0
0
1683487922.14295
msg_begin
7.75685e+06
-364039
2.98712
0.000815878
0.000776914
0.000234817
0
0
0
1683487922.19296
msg_begin
7.75685e+06
-364039
2.98445
0.00685047
0.000866674
9.23243e-05
0
0
0
1683487922.24300
msg_begin
7.75685e+06
-364039
2.98439
0.00543756
0.00108611
0.00040071
0
0
0
1683487922.29292
msg_begin
7.75684e+06
-364039
2.98103
0.00712349
0.0065819
0.000617338
0
0
0
1683487922.34295
msg_begin
7.75684e+06
-364039
2.98175
0.0096867
0.00637098
0.00107601
0
0
0
1683487922.39290
msg_begin
7.75684e+06
-364039
2.9846
0.0369773
0.00692964
0.000872541
0
0
0
1683487922.44293
msg_begin
7.75684e+06
-364039
2.98609
0.00642687
0.00510975
0.000866596
0
0
0
1683487922.49289
msg_begin
7.75684e+06
-364039
2.98496
0.00597704
0.00498271
0.000605959
0
0
0
1683487922.54294
msg_begin
7.75684e+06
-364039
2.98328
0.00133258
2.90181e-05
5.89689e-05
0
0
0
1683487922.59290
msg_begin
7.75684e+06
-364038
2.97956
0.0106655
0.00330688
0.000505048
0
0
0
1683487922.64354
msg_begin
7.75684e+06
-364038
2.97801
0.00410565
0.00281718
0.000749844
0
0
0
1683487922.69287
msg_begin
7.75684e+06
-364038
2.97903
0.00476286
0.00417618
0.000378605
0
0
0
1683487922.74289
msg_begin
7.75684e+06
-364038
2.97691
0.0311576
0.00428969
0.00179827
0
0
0
1683487922.79303
msg_begin
7.75684e+06
-364038
2.97581
0.071395
0.0161343
0.000833965
0
0
0
1683487922.84340
msg_begin
7.75684e+06
-364038
2.9729
0.0171019
0.00992001
0.000437399
0
0
0
1683487922.89292
msg_begin
7.75684e+06
-364038
2.97358
0.00894431
0.00108948
0.00108831
0
0
0
1683487922.94295
msg_begin
7.75684e+06
-364038
2.97506
0.00648002
0.000435092
0.000222734
0
0
0
1683487922.99290
msg_begin
7.75684e+06
-364038
2.96815
1.39698e-08
2.2701e-09
8.88178e-16
0
0
0
1683487923.04341
msg_begin
7.75684e+06
-364038
2.9691
0.00510659
0.0111961
0.000325683
0
0
0
1683487923.09286
msg_begin
7.75684e+06
-364038
2.97081
0.00598609
0.00391258
0.000514355
0
0
0
1683487923.14280
msg_begin
7.75684e+06
-364038
2.96859
0.012166
0.00384387
0.000316904
0
0
0
1683487923.19357
msg_begin
7.75684e+06
-364038
2.97096
0.00640266
0.00313443
0.000573335
0
0
0
1683487923.24334
msg_begin
7.75684e+06
-364038
2.96775
0.0436258
0.0055417
0.000461737
0
0
0
1683487923.29272
msg_begin
7.75684e+06
-364038
2.96763
7.91624e-08
2.2701e-09
8.88178e-16
0
0
0
1683487923.34268
msg_begin
7.75684e+06
-364038
2.9666
0.000278646
0.000600453
2.06466e-05
0
0
0
1683487923.39267
msg_begin
7.75684e+06
-364038
2.97003
0.0256494
0.00787155
0.000396053
0
0
0
1683487923.44269
msg_begin
7.75684e+06
-364038
2.96606
0.0164844
0.00483269
0.000752389
0
0
0
1683487923.49275
msg_begin
7.75684e+06
-364038
2.96771
0
2.38651e-09
1.77636e-15
0
0
0
1683487923.54266
msg_begin
7.75684e+06
-364038
2.96792
0.00684785
0.00837394
0.00140936
0
0
0
1683487923.59264
msg_begin
7.75684e+06
-364038
2.96604
0.0255824
0.0143108
0.00106305
0
0
0
1683487923.64265
msg_begin
7.75684e+06
-364037
2.96877
0.00224944
0.000474287
3.79383e-05
0
0
0
1683487923.69271
msg_begin
7.75684e+06
-364037
2.96551
0.00555972
0.00634566
0.000412181
0
0
0
1683487923.74269
msg_begin
7.75684e+06
-364037
2.96532
7.82311e-08
5.23869e-10
1.33227e-15
0
0
0
1683487923.79268
msg_begin
7.75684e+06
-364037
2.96156
0.0131914
0.0064929
0.000655593
0
0
0
1683487923.84272
msg_begin
7.75684e+06
-364037
2.96111
0.0215359
0.00433024
0.000979598
0
0
0
1683487923.89275
msg_begin
7.75684e+06
-364037
2.96067
0.034376
0.0112731
0.00208499
0
0
0
1683487923.94271
msg_begin
7.75684e+06
-364037
2.96215
0.0494173
0.00793658
0.00112807
0
0
0
1683487923.99270
msg_begin
7.75683e+06
-364037
2.96052
0.0167514
0.00146588
0.000537199
0
0
0
1683487924.04271
msg_begin
7.75683e+06
-364037
2.96134
0.00224239
0.000277846
3.84224e-05
0
0
0
1683487924.09268
msg_begin
7.75683e+06
-364037
2.95872
0.00110542
0.00291046
0.000232684
0
0
0
1683487924.14272
msg_begin
7.75683e+06
-364037
2.95617
0.0140696
0.00916678
0.000725408
0
0
0
1683487924.19278
msg_begin
7.75683e+06
-364037
2.9562
0.0307562
0.0119541
0.00216528
0
0
0
1683487924.24278
msg_begin
7.75683e+06
-364037
2.95307
0.0195782
0.00741741
0.00104747
0
0
0
1683487924.29282
msg_begin
7.75683e+06
-364037
2.95243
0.0118756
0.0114407
0.00122802
0
0
0
1683487924.34280
msg_begin
7.75683e+06
-364037
2.9507
0.00635826
0.00309273
0.000171293
0
0
0
1683487924.39283
msg_begin
7.75683e+06
-364037
2.94966
0.00422772
0.00660653
0.00166787
0
0
0
1683487924.44286
msg_begin
7.75683e+06
-364037
2.94907
0.0209401
0.00588557
0.00031682
0
0
0
1683487924.49294
msg_begin
7.75683e+06
-364037
2.95146
0.00670559
0.00367076
0.000885889
0
0
0
1683487924.54294
msg_begin
7.75683e+06
-364037
2.94725
0.00727365
0.00440356
0.000753658
0
0
0
1683487924.59296
msg_begin
7.75683e+06
-364037
2.94459
0.00133494
0.000994604
0.000222625
0
0
0
1683487924.64359
msg_begin
7.75683e+06
-364037
2.94464
0.00606848
0.00430892
0.000465434
0
0
0
1683487924.69292
msg_begin
7.75683e+06
-364037
2.94164
0.00127355
0.00205882
8.04446e-05
0
0
0
1683487924.74295
msg_begin
7.75683e+06
-364037
2.94297
0.0078209
0.00485163
0.000645232
0
0
0
1683487924.79276
msg_begin
7.75683e+06
-364037
2.94164
0.00115311
0.000612391
0.00020443
0
0
0
1683487924.84334
msg_begin
7.75683e+06
-364037
2.9428
0.00597261
0.00294533
0.000684082
0
0
0
1683487924.89267
msg_begin
7.75683e+06
-364037
2.93978
0.0104808
0.0102561
0.000719136
0
0
0
1683487924.94263
msg_begin
7.75683e+06
-364037
2.93505
0.0106875
0.00491737
0.000542431
0
0
0
1683487924.99264
msg_begin
7.75683e+06
-364037
2.93325
0.0196342
0.00427395
0.000924446
0
0
0
1683487925.04305
msg_begin
7.75683e+06
-364037
2.93387
0.0453534
0.0127427
0.0018056
0
0
0
1683487925.09238
msg_begin
7.75683e+06
-364036
2.93132
0.0134823
0.00669078
0.000408416
0
0
0
1683487925.14238
msg_begin
7.75683e+06
-364036
2.92792
0.00517671
0.00472247
0.000423799
0
0
0
1683487925.19230
msg_begin
7.75683e+06
-364036
2.92773
0.0103775
0.00311638
0.000417415
0
0
0
1683487925.24282
msg_begin
7.75683e+06
-364036
2.92398
0.0678405
0.00959308
0.00171323
0
0
0
1683487925.29226
msg_begin
7.75683e+06
-364036
2.92253
0.00921805
0.00524286
0.000640326
0
0
0
1683487925.34221
msg_begin
7.75683e+06
-364036
2.92324
0.0162471
0.00677222
0.000549992
0
0
0
1683487925.39283
msg_begin
7.75683e+06
-364036
2.92483
0.00130303
0.00134896
0.000192016
0
0
0
1683487925.44222
msg_begin
7.75683e+06
-364036
2.92153
0.0135809
0.00727967
0.00235175
0
0
0
1683487925.49216
msg_begin
7.75683e+06
-364036
2.91693
0.00711498
0.00179526
0.000150529
0
0
0
1683487925.54225
msg_begin
7.75683e+06
-364036
2.91375
0.00427405
0.000936248
0.00103093
0
0
0
1683487925.59236
msg_begin
7.75683e+06
-364036
2.91348
0.0138477
0.00493396
0.000904198
0
0
0
1683487925.64221
msg_begin
7.75683e+06
-364036
2.91239
0.00741074
0.00597041
0.000553253
0
0
0
1683487925.69220
msg_begin
7.75683e+06
-364036
2.91058
0.0178844
0.0113082
0.00102499
0
0
0
1683487925.74228
msg_begin
7.75683e+06
-364036
2.90918
0.0171765
0.00618577
0.000884921
0
0
0
1683487925.79235
msg_begin
7.75683e+06
-364036
2.90743
0.0281517
0.0113766
0.000988032
0
0
0
1683487925.84234
msg_begin
7.75683e+06
-364036
2.90517
0.0036457
0.00330461
0.000384182
0
0
0
1683487925.89227
msg_begin
7.75683e+06
-364036
2.90248
0.0040397
0.00430308
0.00024764
0
0
0
1683487925.94237
msg_begin
7.75683e+06
-364036
2.90246
0.00572884
0.00189134
0.000689419
0
0
0
1683487925.99240
msg_begin
7.75683e+06
-364036
2.90339
1.58325e-08
3.25963e-09
4.44089e-16
0
0
0
1683487926.04248
msg_begin
7.75683e+06
-364036
2.90272
0.0101008
0.0058466
0.000975626
0
0
0
1683487926.09243
msg_begin
7.75683e+06
-364036
2.90085
0.0222695
0.00298438
0.000615109
0
0
0
1683487926.14252
msg_begin
7.75683e+06
-364036
2.89844
0.0155894
0.00801689
0.000615099
0
0
0
1683487926.19249
msg_begin
7.75683e+06
-364035
2.89735
0.00636431
0.00587277
0.000698706
0
0
0
1683487926.24257
msg_begin
7.75683e+06
-364035
2.89704
0.00315025
0.00150118
0.000179798
0
0
0
1683487926.29262
msg_begin
7.75683e+06
-364035
2.89455
0.0149147
0.00411628
0.000962375
0
0
0
1683487926.34265
msg_begin
7.75683e+06
-364035
2.88948
0.00310375
0.00173162
0.000258513
0
0
0
1683487926.39271
msg_begin
7.75683e+06
-364035
2.89055
0.0119527
0.00487246
0.000614075
0
0
0
1683487926.44275
msg_begin
7.75683e+06
-364035
2.88878
0.0222793
0.00473239
0.000478752
0
0
0
1683487926.49274
msg_begin
7.75682e+06
-364035
2.88574
0.0339184
0.00758966
0.00101964
0
0
0
1683487926.54366
msg_begin
7.75682e+06
-364035
2.88343
0.00906578
0.00570073
0.000624343
0
0
0
1683487926.59273
msg_begin
7.75682e+06
-364035
2.88404
0.00289844
0.00335447
0.00025874
0
0
0
1683487926.64278
msg_begin
7.75682e+06
-364035
2.88411
0.00532148
0.00155405
9.97003e-05
0
0
0
1683487926.69275
msg_begin
7.75682e+06
-364035
2.87986
0.000490919
0.000930801
5.47e-05
0
0
0
1683487926.74276
msg_begin
7.75682e+06
-364035
2.87813
0.0205228
0.00650261
0.00193379
0
0
0
1683487926.79275
msg_begin
7.75682e+06
-364035
2.87649
0.0163666
0.0139647
0.00221794
0
0
0
1683487926.84272
msg_begin
7.75682e+06
-364035
2.87513
0.0390808
0.01261
0.00226493
0
0
0
1683487926.89263
msg_begin
7.75682e+06
-364035
2.87116
0.0112188
0.00655206
0.000573942
0
0
0
1683487926.94267
msg_begin
7.75682e+06
-364035
2.86753
0.015898
0.00513256
0.000573687
0
0
0
1683487926.99258
msg_begin
7.75682e+06
-364035
2.86905
0.00262252
0.00230403
0.000260811
0
0
0
1683487927.04256
msg_begin
7.75682e+06
-364035
2.86656
0.0258998
0.00634293
0.000714688
0
0
0
1683487927.09261
msg_begin
7.75682e+06
-364034
2.86378
0.0219945
0.00547538
0.00102483
0
0
0
1683487927.14262
msg_begin
7.75682e+06
-364034
2.86429
0.0067589
0.00255159
0.000318879
0
0
0
1683487927.19254
msg_begin
7.75682e+06
-364034
2.86209
0.0216917
0.00943833
0.000744953
0
0
0
1683487927.24255
msg_begin
7.75682e+06
-364034
2.8579
0.0433157
0.00335448
0.00123887
0
0
0
1683487927.29256
msg_begin
7.75682e+06
-364034
2.85905
0.0275582
0.0131255
0.0014989
0
0
0
1683487927.34255
msg_begin
7.75682e+06
-364034
2.85714
0.0220565
0.00854335
0.000812121
0
0
0
1683487927.39256
msg_begin
7.75682e+06
-364034
2.85346
0.0247288
0.00511081
0.000512282
0
0
0
1683487927.44254
msg_begin
7.75682e+06
-364034
2.85221
0.0318487
0.00956016
0.000517405
0
0
0
1683487927.49259
msg_begin
7.75682e+06
-364034
2.85084
0.0232678
0.00625321
0.000937316
0
0
0
1683487927.54260
msg_begin
7.75682e+06
-364034
2.84962
0.00779323
0.000532037
0.00042473
0
0
0
1683487927.59424
msg_begin
7.75682e+06
-364034
2.85224
0.00677546
0.00599261
0.000908923
0
0
0
1683487927.64269
msg_begin
7.75682e+06
-364034
2.85111
0.00160887
0.00392244
0.000187696
0
0
0
1683487927.69265
msg_begin
7.75682e+06
-364034
2.84776
0.00919979
0.0106235
0.001172
0
0
0
1683487927.74268
msg_begin
7.75682e+06
-364034
2.8483
0.012684
0.00243134
0.000848254
0
0
0
1683487927.79278
msg_begin
7.75682e+06
-364034
2.84781
0.00787183
0.00335217
0.00140867
0
0
0
1683487927.84298
msg_begin
7.75682e+06
-364034
2.84444
0.00579707
0.00518971
0.000584491
0
0
0
1683487927.89270
msg_begin
7.75682e+06
-364033
2.84141
0.00120802
0.00250469
5.33109e-05
0
0
0
1683487927.94275
msg_begin
7.75682e+06
-364033
2.84543
2.32831e-08
1.16415e-09
4.44089e-16
0
0
0
1683487927.99277
msg_begin
7.75682e+06
-364033
2.8462
0.0151879
0.00588137
0.00053278
0
0
0
1683487928.04292
msg_begin
7.75682e+06
-364033
2.84543
0.00293306
0.0021671
0.000192001
0
0
0
1683487928.09272
msg_begin
7.75682e+06
-364033
2.84236
0.0149859
0.00651219
0.00118895
0
0
0
1683487928.14276
msg_begin
7.75682e+06
-364033
2.84129
0.0191219
0.00553293
0.00103573
0
0
0
1683487928.19267
msg_begin
7.75682e+06
-364033
2.84449
0.00531746
0.00715141
0.00135426
0
0
0
1683487928.24303
msg_begin
7.75682e+06
-364033
2.84148
1.95578e-08
1.74623e-10
0
0
0
0
1683487928.29268
msg_begin
7.75682e+06
-364033
2.84158
0.011171
0.00344732
0.000827927
0
0
0
1683487928.34259
msg_begin
7.75682e+06
-364033
2.8412
0.0118318
0.00930368
0.00105975
0
0
0
1683487928.39262
msg_begin
7.75682e+06
-364033
2.83814
0.00132465
0.000594735
0.000496817
0
0
0
1683487928.44260
msg_begin
7.75682e+06
-364033
2.84063
0.0113985
0.00274813
0.000367127
0
0
0
1683487928.54255
msg_begin
7.75682e+06
-364032
2.83954
0.00135965
0.000201527
2.6874e-05
0
0
0
1683487928.59269
msg_begin
7.75681e+06
-364032
2.83945
0.01254
0.00707362
0.00140294
0
0
0
1683487928.64254
msg_begin
7.75681e+06
-364032
2.84023
0.00787932
0.00557614
0.00169944
0
0
0
1683487928.69262
msg_begin
7.75681e+06
-364032
2.84028
0.00384811
0.00171344
0.000126518
0
0
0
1683487928.74258
msg_begin
7.75681e+06
-364032
2.83618
0.000983285
0.0041615
0.000401308
0
0
0
1683487928.79263
msg_begin
7.75681e+06
-364032
2.83878
0.0155561
0.0101635
0.00133463
0
0
0
1683487928.84250
msg_begin
7.75681e+06
-364032
2.83912
0.00485751
0.00221379
0.000477906
0
0
0
1683487928.89248
msg_begin
7.75681e+06
-364032
2.83537
0.0101369
0.000982272
0.000358037
0
0
0
1683487928.94238
msg_begin
7.75681e+06
-364032
2.83333
0.00719029
0.00145318
0.000451682
0
0
0
1683487928.99238
msg_begin
7.75681e+06
-364032
2.83354
0.0188518
0.000995507
0.000236459
0
0
0
1683487929.04236
msg_begin
7.75681e+06
-364032
2.83334
0.0330389
0.00760168
0.00202197
0
0
0
1683487929.09230
msg_begin
7.75681e+06
-364032
2.83117
0.00551803
0.00229439
0.000398939
0
0
0
1683487929.14225
msg_begin
7.75681e+06
-364032
2.83139
0.0101251
0.00686082
0.000294729
0
0
0
1683487929.19219
msg_begin
7.75681e+06
-364031
2.83079
0.0241472
0.0133323
0.0014712
0
0
0
1683487929.24207
msg_begin
7.75681e+06
-364031
2.83011
0.0380744
0.0279141
0.00181586
0
0
0
1683487929.29205
msg_begin
7.75681e+06
-364031
2.8315
0.0148699
0.00822657
0.000515399
0
0
0
1683487929.34204
msg_begin
7.75681e+06
-364031
2.83203
0.015277
0.0115333
0.00178621
0
0
0
1683487929.39197
msg_begin
7.75681e+06
-364031
2.82659
0.00475383
0.000531448
0.000769446
0
0
0
1683487929.44192
msg_begin
7.75681e+06
-364031
2.82811
0.0198284
0.00711339
0.00135933
0
0
0
1683487929.49189
msg_begin
7.75681e+06
-364031
2.82787
0.0034662
0.0030928
0.000916484
0
0
0
1683487929.54190
msg_begin
7.75681e+06
-364031
2.82575
0.0102212
0.00298079
0.000198617
0
0
0
1683487929.59181
msg_begin
7.75681e+06
-364031
2.8295
0.00439158
0.00891059
0.000383364
0
0
0
1683487929.64204
msg_begin
7.75681e+06
-364031
2.82895
0.00817588
0.00141272
0.000381003
0
0
0
1683487929.69180
msg_begin
7.75681e+06
-364031
2.8256
0.000583472
0.00062293
6.91429e-05
0
0
0
1683487929.74187
msg_begin
7.75681e+06
-364031
2.82644
0.0284293
0.00913499
0.00311767
0
0
0
1683487929.79184
msg_begin
7.75681e+06
-364030
2.82292
0.0167242
0.00798944
0.0016214
0
0
0
1683487929.84178
msg_begin
7.75681e+06
-364030
2.82442
0.0015912
0.00164637
6.02357e-05
0
0
0
1683487929.89187
msg_begin
7.75681e+06
-364030
2.8271
0.017573
0.00872197
0.00241548
0
0
0
1683487929.94190
msg_begin
7.75681e+06
-364030
2.8242
0.0134953
0.0125325
0.000913829
0
0
0
1683487929.99186
msg_begin
7.75681e+06
-364030
2.82464
0.00824852
0.00180944
0.000191665
0
0
0
1683487930.04262
msg_begin
7.75681e+06
-364030
2.8218
0.00257817
0.00252147
0.000248792
0
0
0
1683487930.09186
msg_begin
7.75681e+06
-364030
2.82292
0.0298357
0.00821515
0.00218311
0
0
0
1683487930.14184
msg_begin
7.75681e+06
-364030
2.82399
0.00546877
0.0024862
0.000293393
0
0
0
1683487930.19184
msg_begin
7.75681e+06
-364030
2.82464
0.0617897
0.00894637
0.00118755
0
0
0
1683487930.24182
msg_begin
7.75681e+06
-364030
2.823
0.0359875
0.0117906
0.00206728
0
0
0
1683487930.29184
msg_begin
7.75681e+06
-364029
2.81573
0.00181559
0.00388499
0.0017305
0
0
0
1683487930.34178
msg_begin
7.7568e+06
-364029
2.82048
0.00730844
0.00604634
0.00106706
0
0
0
1683487930.39183
msg_begin
7.7568e+06
-364029
2.82142
0.0152979
0.0107406
0.000761787
0
0
0
1683487930.44187
msg_begin
7.7568e+06
-364029
2.82007
0.0291609
0.0126928
0.00143638
0
0
0
1683487930.49186
msg_begin
7.7568e+06
-364029
2.81782
0.0330613
0.0082486
0.000837739
0
0
0
1683487930.54182
msg_begin
7.7568e+06
-364029
2.81902
0.0133171
0.00890067
0.00065403
0
0
0
1683487930.59189
msg_begin
7.7568e+06
-364029
2.81744
0.0117724
0.00750323
0.000690901
0
0
0
1683487930.64190
msg_begin
7.7568e+06
-364029
2.81739
0.0377578
0.0139083
0.000491213
0
0
0
1683487930.69195
msg_begin
7.7568e+06
-364029
2.81987
0.0181418
0.00262882
0.0003353
0
0
0
1683487930.74195
msg_begin
7.7568e+06
-364029
2.81774
0.0259851
0.00857084
0.000692858
0
0
0
1683487930.79193
msg_begin
7.7568e+06
-364028
2.82002
0.0202334
0.007331
0.000666538
0
0
0
1683487930.84196
msg_begin
7.7568e+06
-364028
2.81979
0.012751
0.00675502
0.000709967
0
0
0
1683487930.89188
msg_begin
7.7568e+06
-364028
2.82327
0.0123994
0.00258162
0.0014671
0
0
0
1683487930.94186
msg_begin
7.7568e+06
-364028
2.81784
0.016467
0.009447
0.00145282
0
0
0
1683487930.99179
msg_begin
7.7568e+06
-364028
2.81708
0.0244689
0.00507402
0.000724166
0
0
0
1683487931.04182
msg_begin
7.7568e+06
-364028
2.81713
0.00756206
0.00137346
0.000177436
0
0
0
1683487931.09178
msg_begin
7.7568e+06
-364028
2.81807
0.0033211
0.00723191
0.000461987
0
0
0
1683487931.14173
msg_begin
7.7568e+06
-364028
2.81888
0.0123759
0.00518681
0.000590952
0
0
0
1683487931.19174
msg_begin
7.7568e+06
-364028
2.81837
0.0236244
0.00839379
0.00108439
0
0
0
1683487931.24169
msg_begin
7.7568e+06
-364028
2.81848
0.0145058
0.0052158
0.000698074
0
0
0
1683487931.29177
msg_begin
7.7568e+06
-364027
2.81964
0.0111221
0.00490542
0.000411404
0
0
0
1683487931.34176
msg_begin
7.7568e+06
-364027
2.81826
0.0176014
0.0069424
0.000609428
0
0
0
1683487931.39176
msg_begin
7.7568e+06
-364027
2.8183
0.0370842
0.00952912
0.000915929
0
0
0
1683487931.44175
msg_begin
7.7568e+06
-364027
2.81531
0.0245282
0.00650457
0.000880764
0
0
0
1683487931.49169
msg_begin
7.7568e+06
-364027
2.81442
0.0293379
0.00753245
0.00192506
0
0
0
1683487931.54169
msg_begin
7.7568e+06
-364027
2.81588
0.00660923
0.00955127
0.00063027
0
0
0
1683487931.59164
msg_begin
7.7568e+06
-364027
2.81784
0.00281008
0.00147062
0.000207248
0
0
0
1683487931.64160
msg_begin
7.7568e+06
-364027
2.81775
0.00844184
0.00767858
0.000597911
0
0
0
1683487931.69159
msg_begin
7.7568e+06
-364027
2.81982
0.0253926
0.00889221
0.00110055
0
0
0
1683487931.74155
msg_begin
7.7568e+06
-364027
2.81748
0.0501606
0.0262504
0.00208781
0
0
0
1683487931.79158
msg_begin
7.7568e+06
-364026
2.82033
0.00451493
0.0124338
0.000349933
0
0
0
1683487931.84159
msg_begin
7.7568e+06
-364026
2.8225
0.020136
0.0074404
0.0014588
0
0
0
1683487931.89159
msg_begin
7.7568e+06
-364026
2.8199
0.00543572
0.00591083
0.000285606
0
0
0
1683487931.94152
msg_begin
7.75679e+06
-364026
2.81982
0.00334376
0.00272643
0.000162691
0
0
0
1683487931.99150
msg_begin
7.75679e+06
-364026
2.82129
0.0183698
0.00749507
0.000991904
0
0
0
1683487932.04152
msg_begin
7.75679e+06
-364026
2.82117
0.0145701
0.00306097
0.000437007
0
0
0
1683487932.09149
msg_begin
7.75679e+06
-364026
2.82388
0.00886332
0.00436691
0.000269694
0
0
0
1683487932.14147
msg_begin
7.75679e+06
-364026
2.82303
0.000255315
9.11685e-05
4.14933e-05
0
0
0
1683487932.19146
msg_begin
7.75679e+06
-364026
2.82329
0.0128827
0.00364868
0.000430267
0
0
0
1683487932.24149
msg_begin
7.75679e+06
-364026
2.8238
0.0124691
0.00912575
0.00138783
0
0
0
1683487932.29149
msg_begin
7.75679e+06
-364026
2.82408
0.0379319
0.00837671
0.000827303
0
0
0
1683487932.34147
msg_begin
7.75679e+06
-364025
2.81975
0.042199
0.00537666
0.00140074
0
0
0
1683487932.39157
msg_begin
7.75679e+06
-364025
2.82098
0.0124473
0.00786504
0.00116114
0
0
0
1683487932.44150
msg_begin
7.75679e+06
-364025
2.81964
0.0205986
0.0044203
0.000612598
0
0
0
1683487932.49150
msg_begin
7.75679e+06
-364025
2.82324
5.02914e-08
9.31323e-10
0
0
0
0
1683487932.54158
msg_begin
7.75679e+06
-364025
2.82069
0.005289
0.00218471
0.000662959
0
0
0
1683487932.59156
msg_begin
7.75679e+06
-364025
2.82251
1.95578e-08
3.49246e-10
1.33227e-15
0
0
0
1683487932.64158
msg_begin
7.75679e+06
-364025
2.81926
0.00688035
0.00230314
0.000324317
0
0
0
1683487932.69156
msg_begin
7.75679e+06
-364025
2.82147
0.0218745
0.00523131
0.00153582
0
0
0
1683487932.74158
msg_begin
7.75679e+06
-364025
2.82429
0.00513915
0.00540551
0.000150818
0
0
0
1683487932.79155
msg_begin
7.75679e+06
-364025
2.82481
0.0140789
0.008366
0.000750634
0
0
0
1683487932.84147
msg_begin
7.75679e+06
-364025
2.82338
0.0496033
0.0213378
0.000335157
0
0
0
1683487932.89141
msg_begin
7.75679e+06
-364025
2.82263
0.00988702
0.000518933
0.00047949
0
0
0
1683487932.94137
msg_begin
7.75679e+06
-364024
2.82396
0.0044238
0.000835832
0.000213545
0
0
0
1683487932.99131
msg_begin
7.75679e+06
-364024
2.82005
0.0110479
0.00663686
0.00101129
0
0
0
1683487933.04131
msg_begin
7.75679e+06
-364024
2.81903
0.00370583
0.00133569
0.000229709
0
0
0
1683487933.09122
msg_begin
7.75679e+06
-364024
2.81911
0.0111548
0.00494138
0.000603847
0
0
0
1683487933.14128
msg_begin
7.75679e+06
-364024
2.82015
0.000947001
0.00168797
4.88224e-05
0
0
0
1683487933.19123
msg_begin
7.75679e+06
-364024
2.81976
0.00381892
0.00189842
0.000101111
0
0
0
1683487933.24126
msg_begin
7.75679e+06
-364024
2.81777
0.0235218
0.00420536
0.000916534
0
0
0
1683487933.29123
msg_begin
7.75679e+06
-364024
2.8177
0.0236631
0.00661124
0.000618772
0
0
0
1683487933.34118
msg_begin
7.75679e+06
-364024
2.8201
0.00475944
0.00232359
0.000220634
0
0
0
1683487933.39128
msg_begin
7.75679e+06
-364024
2.81974
0.0229857
0.0191551
0.00105285
0
0
0
1683487933.44114
msg_begin
7.75679e+06
-364024
2.8157
0.0100319
0.0072537
0.00052143
0
0
0
1683487933.49127
msg_begin
7.75679e+06
-364024
2.81527
0.0259426
0.00422406
0.000666276
0
0
0
1683487933.54113
msg_begin
7.75679e+06
-364024
2.81477
0.00799181
0.00281671
0.000775826
0
0
0
1683487933.59112
msg_begin
7.75679e+06
-364023
2.81504
0.0258889
0.0121458
0.000612821
0
0
0
1683487933.64105
msg_begin
7.75679e+06
-364023
2.81738
0.0181699
0.00920858
0.000725062
0
0
0
1683487933.69107
msg_begin
7.75679e+06
-364023
2.8148
0.0110318
0.00190777
0.000854595
0
0
0
1683487933.74103
msg_begin
7.75679e+06
-364023
2.81287
0.0218728
0.00622052
0.00145882
0
0
0
1683487933.79105
msg_begin
7.75679e+06
-364023
2.81322
0.0169784
0.00663059
0.0011141
0
0
0
1683487933.84103
msg_begin
7.75678e+06
-364023
2.81205
0.00490906
0.0013454
0.000718736
0
0
0
1683487933.89104
msg_begin
7.75678e+06
-364023
2.81349
0.00981687
0.00173434
0.00013029
0
0
0
1683487933.94117
msg_begin
7.75678e+06
-364023
2.81287
0.00363877
0.0056175
0.0004002
0
0
0
1683487933.99103
msg_begin
7.75678e+06
-364023
2.81212
0.0052695
0.00882427
0.000698112
0
0
0
1683487934.04108
msg_begin
7.75678e+06
-364023
2.81386
0.0121252
0.00603741
0.000405158
0
0
0
1683487934.09102
msg_begin
7.75678e+06
-364023
2.81173
0.0157089
0.0112542
0.00102237
0
0
0
1683487934.14107
msg_begin
7.75678e+06
-364023
2.80925
0.010507
0.0173102
0.00176993
0
0
0
1683487934.19108
msg_begin
7.75678e+06
-364023
2.80827
0.00342151
0.0224482
0.000125115
0
0
0
1683487934.24116
msg_begin
7.75678e+06
-364022
2.8092
0.00658258
0.00562183
0.000218127
0
0
0
1683487934.29114
msg_begin
7.75678e+06
-364022
2.80931
0.00251322
0.00899121
0.000435665
0
0
0
1683487934.34118
msg_begin
7.75678e+06
-364022
2.80645
0.0149337
0.00477417
0.00110321
0
0
0
1683487934.39121
msg_begin
7.75678e+06
-364022
2.8063
4.93601e-08
2.21189e-09
2.22045e-15
0
0
0
1683487934.44119
msg_begin
7.75678e+06
-364022
2.8068
0.0126391
0.0120562
0.000606208
0
0
0
1683487934.49119
msg_begin
7.75678e+06
-364022
2.8034
0.00857289
0.00613867
0.000299411
0
0
0
1683487934.54110
msg_begin
7.75678e+06
-364022
2.80328
0.00267898
0.00191107
0.000325036
0
0
0
1683487934.59113
msg_begin
7.75678e+06
-364022
2.80391
0.000105393
0.000237351
5.89786e-05
0
0
0
1683487934.64111
msg_begin
7.75678e+06
-364022
2.80371
0.00726501
0.00459153
0.000393229
0
0
0
1683487934.69106
msg_begin
7.75678e+06
-364022
2.80402
0.00650676
0.00532003
0.00116432
0
0
0
1683487934.74107
msg_begin
7.75678e+06
-364022
2.80314
0.0029584
0.000985736
0.000690137
0
0
0
1683487934.79116
msg_begin
7.75678e+06
-364022
2.80333
0.00154901
0.00187113
0.000569013
0
0
0
1683487934.84104
msg_begin
7.75678e+06
-364022
2.80383
0.00592245
0.00405733
0.000562714
0
0
0
1683487934.89101
msg_begin
7.75678e+06
-364022
2.80418
0.015699
0.012513
0.000345555
0
0
0
1683487934.94102
msg_begin
7.75678e+06
-364022
2.80398
0.0301372
0.0264415
0.000358295
0
0
0
1683487934.99121
msg_begin
7.75678e+06
-364022
2.80327
0.0135032
0.0104012
0.000459094
0
0
0
1683487935.04113
msg_begin
7.75678e+06
-364022
2.80378
0.00478325
0.00508265
0.000550417
0
0
0
1683487935.09112
msg_begin
7.75678e+06
-364022
2.80096
0.000329136
0.00032841
2.15053e-05
0
0
0
1683487935.14108
msg_begin
7.75678e+06
-364021
2.80103
0.00943615
0.00179199
0.000368701
0
0
0
1683487935.19114
msg_begin
7.75678e+06
-364021
2.80012
0.0202601
0.00851992
0.000848456
0
0
0
1683487935.24111
msg_begin
7.75678e+06
-364021
2.79919
0.00425694
0.00506368
0.000822376
0
0
0
1683487935.29113
msg_begin
7.75678e+06
-364021
2.79982
4.65661e-09
4.65661e-10
2.22045e-15
0
0
0
1683487935.34108
msg_begin
7.75678e+06
-364021
2.79977
0.0076549
0.00408026
0.00037463
0
0
0
1683487935.39110
msg_begin
7.75678e+06
-364021
2.79847
0.0105923
0.00940801
0.00101657
0
0
0
1683487935.44105
msg_begin
7.75678e+06
-364021
2.79758
0.000372969
0.00135756
8.75618e-05
0
0
0
1683487935.49109
msg_begin
7.75678e+06
-364021
2.79736
4.65661e-09
2.56114e-09
0
0
0
0
1683487935.54112
msg_begin
7.75678e+06
-364021
2.79629
0.0102111
0.0098214
0.00113096
0
0
0
1683487935.59138
msg_begin
7.75678e+06
-364021
2.79858
0.00318985
0.00162515
0.000221759
0
0
0
1683487935.64117
msg_begin
7.75678e+06
-364021
2.79521
0.00894593
0.00242466
0.000452211
0
0
0
1683487935.69118
msg_begin
7.75678e+06
-364021
2.79613
0.00705626
0.000341315
0.000214459
0
0
0
1683487935.74118
msg_begin
7.75678e+06
-364021
2.79438
8.22645e-05
0.000661474
3.69345e-05
0
0
0
1683487935.79113
msg_begin
7.75678e+06
-364021
2.79245
0.00498563
0.00390758
0.000528225
0
0
0
1683487935.84110
msg_begin
7.75678e+06
-364021
2.79269
0.00750082
0.00318289
0.000705641
0
0
0
1683487935.89111
msg_begin
7.75678e+06
-364021
2.79246
0.00564319
0.000479266
4.67511e-05
0
0
0
1683487935.94112
msg_begin
7.75678e+06
-364021
2.79181
0.00689539
0.00645195
0.000468264
0
0
0
1683487935.99115
msg_begin
7.75678e+06
-364021
2.79108
0.00228006
0.00310147
0.00025694
0
0
0
1683487936.04117
msg_begin
7.75678e+06
-364021
2.79317
0.0114116
0.00994781
0.000752457
0
0
0
1683487936.09119
msg_begin
7.75678e+06
-364021
2.79239
0.00674035
0.00318037
0.000918079
0
0
0
1683487936.14117
msg_begin
7.75678e+06
-364020
2.79351
0.0168504
0.0107409
0.000777871
0
0
0
1683487936.19118
msg_begin
7.75678e+06
-364020
2.79167
0.0155934
0.00797001
0.00116131
0
0
0
1683487936.24123
msg_begin
7.75678e+06
-364020
2.79428
0.00358103
0.00581929
0.000704111
0
0
0
1683487936.29122
msg_begin
7.75678e+06
-364020
2.7906
0.00344218
0.00269657
0.00044511
0
0
0
1683487936.34129
msg_begin
7.75678e+06
-364020
2.79112
0.0312343
0.00285456
0.000367003
0
0
0
1683487936.39155
msg_begin
7.75678e+06
-364020
2.79103
0.00400677
0.00249481
0.000372158
0
0
0
1683487936.44128
msg_begin
7.75678e+06
-364020
2.7883
0.00955587
0.00496822
0.00228911
0
0
0
1683487936.49137
msg_begin
7.75678e+06
-364020
2.79086
0.0238288
0.000615247
0.000238842
0
0
0
1683487936.54137
msg_begin
7.75678e+06
-364020
2.79027
7.45058e-09
2.91038e-09
3.55271e-15
0
0
0
1683487936.59171
msg_begin
7.75678e+06
-364020
2.78732
0.00930313
0.0107406
0.001734
0
0
0
1683487936.64134
msg_begin
7.75678e+06
-364020
2.79014
7.26834e-05
0.000819493
4.85789e-06
0
0
0
1683487936.69141
msg_begin
7.75678e+06
-364020
2.7872
0.00909952
0.00744318
0.000816118
0
0
0
1683487936.74143
msg_begin
7.75678e+06
-364020
2.78951
6.51926e-08
5.82077e-11
8.88178e-16
0
0
0
1683487936.79145
msg_begin
7.75678e+06
-364020
2.78994
0.00761144
0.00925999
0.00100377
0
0
0
1683487936.84145
msg_begin
7.75678e+06
-364020
2.79012
4.4942e-05
0.000763275
6.01816e-05
0
0
0
1683487936.89146
msg_begin
7.75677e+06
-364020
2.78563
0.00131465
0.000596448
4.28012e-05
0
0
0
1683487936.94149
msg_begin
7.75677e+06
-364020
2.78705
0.00100074
0.00236757
0.000554578
0
0
0
1683487936.99188
msg_begin
7.75677e+06
-364020
2.78561
0.00267432
0.00210011
0.000191736
0
0
0
1683487937.04154
msg_begin
7.75677e+06
-364019
2.78547
0.0103672
0.00511508
0.000267048
0
0
0
1683487937.09158
msg_begin
7.75677e+06
-364019
2.78588
0.0148466
0.00628602
0.00122159
0
0
0
1683487937.14153
msg_begin
7.75677e+06
-364019
2.78782
0.00789119
0.010007
0.000749297
0
0
0
1683487937.19154
msg_begin
7.75677e+06
-364019
2.78631
0.0138689
0.0060433
0.00175305
0
0
0
1683487937.24159
msg_begin
7.75677e+06
-364019
2.78297
0.00315586
0.00440838
0.000211826
0
0
0
1683487937.29158
msg_begin
7.75677e+06
-364019
2.78331
0.00296838
0.0058974
0.00132492
0
0
0
1683487937.34156
msg_begin
7.75677e+06
-364019
2.78305
0.015653
0.00444707
0.000206321
0
0
0
1683487937.39160
msg_begin
7.75677e+06
-364019
2.78481
0.0298974
0.0108783
0.000608459
0
0
0
1683487937.44165
msg_begin
7.75677e+06
-364019
2.78605
0.0183539
0.00558367
0.000561827
0
0
0
1683487937.49165
msg_begin
7.75677e+06
-364019
2.78596
0.00444802
0.00306434
0.000154703
0
0
0
1683487937.54159
msg_begin
7.75677e+06
-364019
2.78948
0.00310553
0.00106822
0.000545492
0
0
0
1683487937.59205
msg_begin
7.75677e+06
-364019
2.78815
0.00893278
0.00491737
0.000749583
0
0
0
1683487937.64157
msg_begin
7.75677e+06
-364019
2.78495
0.00547021
0.00186048
0.00023327
0
0
0
1683487937.69148
msg_begin
7.75677e+06
-364019
2.78515
0.0159334
0.00821162
0.00115575
0
0
0
1683487937.74142
msg_begin
7.75677e+06
-364019
2.78454
0.00658786
0.00747748
0.000819964
0
0
0
1683487937.79167
msg_begin
7.75677e+06
-364019
2.78372
0.0173137
0.00366155
0.000983992
0
0
0
1683487937.84135
msg_begin
7.75677e+06
-364019
2.78589
0.0144057
0.00357508
0.000600873
0
0
0
1683487937.89127
msg_begin
7.75677e+06
-364019
2.78429
0.010789
0.00157294
0.000286326
0
0
0
1683487937.94129
msg_begin
7.75677e+06
-364019
2.78463
0.0151164
0.0032327
0.000417581
0
0
0
1683487937.99179
msg_begin
7.75677e+06
-364018
2.78612
0.00740216
0.00315579
0.000224421
0
0
0
1683487938.04122
msg_begin
7.75677e+06
-364018
2.78571
0.00983564
0.00728617
0.00113673
0
0
0
1683487938.09120
msg_begin
7.75677e+06
-364018
2.78403
0.00547874
0.00324802
0.000265659
0
0
0
1683487938.14116
msg_begin
7.75677e+06
-364018
2.78606
0.0071676
0.00377604
0.000654689
0
0
0
1683487938.19142
msg_begin
7.75677e+06
-364018
2.78493
0.00908541
0.00417428
0.000801901
0
0
0
1683487938.24133
msg_begin
7.75677e+06
-364018
2.78378
0.00345354
0.00168964
0.000187102
0
0
0
1683487938.29122
msg_begin
7.75677e+06
-364018
2.78447
0.00963234
0.000992608
0.000520975
0
0
0
1683487938.34120
msg_begin
7.75677e+06
-364018
2.7854
0.00798993
0.00339286
0.000985421
0
0
0
1683487938.39130
msg_begin
7.75677e+06
-364018
2.78554
0.00444296
0.00144189
0.000240112
0
0
0
1683487938.44123
msg_begin
7.75677e+06
-364018
2.78384
0.0107308
0.00744849
0.000393434
0
0
0
1683487938.49124
msg_begin
7.75677e+06
-364018
2.78543
0.00949906
0.00490181
0.000920758
0
0
0
1683487938.54127
msg_begin
7.75677e+06
-364018
2.78203
0.000453194
0.00222229
6.24939e-05
0
0
0
1683487938.59138
msg_begin
7.75677e+06
-364018
2.7832
0.0013815
0.000304159
5.84778e-05
0
0
0
1683487938.64160
msg_begin
7.75677e+06
-364018
2.78133
0.00695302
0.00871687
0.00139251
0
0
0
1683487938.69135
msg_begin
7.75677e+06
-364018
2.78212
0.00305166
0.00199355
0.00024322
0
0
0
1683487938.74132
msg_begin
7.75677e+06
-364018
2.78538
0.00233938
0.00728571
0.000538707
0
0
0
1683487938.79167
msg_begin
7.75677e+06
-364018
2.78412
0.00415961
0.00571023
0.000258554
0
0
0
1683487938.84138
msg_begin
7.75677e+06
-364017
2.78393
3.1665e-08
6.98492e-10
1.77636e-15
0
0
0
1683487938.89141
msg_begin
7.75677e+06
-364017
2.78301
0.00456459
0.000959402
0.000172897
0
0
0
1683487938.94137
msg_begin
7.75677e+06
-364017
2.78261
0.0196443
0.00890857
0.000854427
0
0
0
1683487938.99135
msg_begin
7.75677e+06
-364017
2.78276
0.00672759
0.00319972
0.000239365
0
0
0
1683487939.09133
msg_begin
7.75677e+06
-364017
2.78236
0.00860132
0.00587301
0.000345205
0
0
0
1683487939.14139
msg_begin
7.75677e+06
-364017
2.78417
0.00968238
0.00579207
0.000679992
0
0
0
1683487939.19154
msg_begin
7.75677e+06
-364017
2.7845
5.12227e-08
1.92085e-09
8.88178e-16
0
0
0
1683487939.24141
msg_begin
7.75677e+06
-364017
2.7843
0.00597475
0.00180733
0.000155796
0
0
0
1683487939.29140
msg_begin
7.75677e+06
-364017
2.78406
0.000773899
0.000246014
9.16263e-06
0
0
0
1683487939.34137
msg_begin
7.75677e+06
-364017
2.78451
0.00331691
0.00219115
0.000304387
0
0
0
1683487939.39137
msg_begin
7.75677e+06
-364017
2.78453
0.00964399
0.00338573
0.000569093
0
0
0
1683487939.44131
msg_begin
7.75677e+06
-364017
2.78204
0.000147656
0.00050801
1.89175e-05
0
0
0
1683487939.49137
msg_begin
7.75677e+06
-364017
2.78112
0.0105223
0.0101578
0.000997094
0
0
0
1683487939.54126
msg_begin
7.75677e+06
-364016
2.78552
0.00468627
0.00124226
0.000188697
0
0
0
1683487939.59132
msg_begin
7.75677e+06
-364016
2.78524
0.00311354
0.000519878
0.000121241
0
0
0
1683487939.64121
msg_begin
7.75677e+06
-364016
2.7864
0.0113119
0.00964554
0.00121297
0
0
0
1683487939.69122
msg_begin
7.75677e+06
-364016
2.78755
0.00516324
0.00419685
0.000373658
0
0
0
1683487939.74120
msg_begin
7.75677e+06
-364016
2.78825
0.00724992
0.00430493
0.00154775
0
0
0
1683487939.79140
msg_begin
7.75676e+06
-364016
2.788
0.0111963
0.00652537
0.000345397
0
0
0
1683487939.84128
msg_begin
7.75676e+06
-364016
2.78846
0.00248068
0.00281481
0.000233529
0
0
0
1683487939.89127
msg_begin
7.75676e+06
-364016
2.78873
0.000161346
0.000243092
4.19371e-05
0
0
0
1683487939.94120
msg_begin
7.75676e+06
-364016
2.78749
0.0110639
0.0013442
0.000870021
0
0
0
1683487939.99148
msg_begin
7.75676e+06
-364016
2.78776
0.0149274
0.00113954
0.000951245
0
0
0
1683487940.04110
msg_begin
7.75676e+06
-364016
2.78742
0.0012172
0.00431507
6.21771e-05
0
0
0
1683487940.09103
msg_begin
7.75676e+06
-364015
2.78526
0.0104071
0.00414226
0.000289424
0
0
0
1683487940.14101
msg_begin
7.75676e+06
-364015
2.78607
0.0161002
0.00754693
0.000861268
0
0
0
1683487940.19123
msg_begin
7.75676e+06
-364015
2.78458
2.79397e-09
1.04774e-09
1.33227e-15
0
0
0
1683487940.24090
msg_begin
7.75676e+06
-364015
2.78451
0.0016841
0.00275675
0.000209701
0
0
0
1683487940.29074
msg_begin
7.75676e+06
-364015
2.78269
0.0358491
0.0202447
0.00103088
0
0
0
1683487940.34068
msg_begin
7.75676e+06
-364015
2.78586
0.00744347
0.0037941
0.000399576
0
0
0
1683487940.39068
msg_begin
7.75676e+06
-364015
2.7855
0.0358168
0.0167193
0.00111953
0
0
0
1683487940.44052
msg_begin
7.75676e+06
-364015
2.78628
0.000142932
0.000572736
4.86028e-06
0
0
0
1683487940.49047
msg_begin
7.75676e+06
-364015
2.78617
0.00560194
0.00197551
0.000302356
0
0
0
1683487940.54041
msg_begin
7.75676e+06
-364015
2.78583
0.0153492
0.00400038
0.000703408
0
0
0
1683487940.59040
msg_begin
7.75676e+06
-364015
2.78814
0.0074742
0.00486794
0.000501475
0
0
0
1683487940.64037
msg_begin
7.75676e+06
-364014
2.78606
0.00790146
0.00254164
0.00103666
0
0
0
1683487940.69032
msg_begin
7.75676e+06
-364014
2.78637
0.0248232
0.00518641
0.00120449
0
0
0
1683487940.74043
msg_begin
7.75676e+06
-364014
2.78477
0.021034
0.00711619
0.000285709
0
0
0
1683487940.79043
msg_begin
7.75676e+06
-364014
2.78373
5.12227e-08
2.56114e-09
2.22045e-15
0
0
0
1683487940.84026
msg_begin
7.75676e+06
-364014
2.78255
0.0087863
0.00335816
0.000291965
0
0
0
1683487940.89025
msg_begin
7.75676e+06
-364014
2.78241
0.00714474
0.000881276
0.000343802
0
0
0
1683487940.94031
msg_begin
7.75676e+06
-364014
2.78345
0.000784162
0.00268669
0.000584974
0
0
0
1683487940.99027
msg_begin
7.75676e+06
-364014
2.7834
0.0060492
0.00939211
0.00030107
0
0
0
1683487941.04024
msg_begin
7.75676e+06
-364014
2.78464
0.0327718
0.0138473
0.000362444
0
0
0
1683487941.09029
msg_begin
7.75676e+06
-364014
2.78606
0.0013433
0.000830706
0.000230015
0
0
0
1683487941.14028
msg_begin
7.75676e+06
-364013
2.78351
0.00169671
0.000570162
0.000107537
0
0
0
1683487941.19030
msg_begin
7.75676e+06
-364013
2.78272
0.0141077
0.00522708
0.000403109
0
0
0
1683487941.24035
msg_begin
7.75676e+06
-364013
2.78436
0.000537255
0.00226825
0.000246915
0
0
0
1683487941.29033
msg_begin
7.75676e+06
-364013
2.78438
0.0112664
0.0038073
0.000240583
0
0
0
1683487941.34035
msg_begin
7.75676e+06
-364013
2.78301
0.021479
0.00257081
0.00037428
0
0
0
1683487941.39035
msg_begin
7.75676e+06
-364013
2.78551
0.0237591
0.0123216
0.000521549
0
0
0
1683487941.44043
msg_begin
7.75676e+06
-364013
2.78332
0.0251969
0.0119216
0.000674369
0
0
0
1683487941.49050
msg_begin
7.75676e+06
-364013
2.78244
0.0180266
0.00929759
0.000305696
0
0
0
1683487941.54046
msg_begin
7.75676e+06
-364013
2.77853
0.0103813
0.00236478
0.000270914
0
0
0
1683487941.59052
msg_begin
7.75676e+06
-364013
2.78235
0.00584427
0.00327782
0.000698548
0
0
0
1683487941.64058
msg_begin
7.75675e+06
-364012
2.78031
0.00764882
0.00574793
0.000657504
0
0
0
1683487941.69055
msg_begin
7.75675e+06
-364012
2.781
0.0241997
0.016183
0.00202759
0
0
0
1683487941.74053
msg_begin
7.75675e+06
-364012
2.78011
0.0649944
0.027542
0.00233374
0
0
0
1683487941.79051
msg_begin
7.75675e+06
-364012
2.77864
0.0245979
0.00310405
0.000496281
0
0
0
1683487941.84054
msg_begin
7.75675e+06
-364012
2.77657
0.0047148
0.00398353
0.000237916
0
0
0
1683487941.89062
msg_begin
7.75675e+06
-364012
2.77357
0.0169553
0.0124468
0.000581902
0
0
0
1683487941.94051
msg_begin
7.75675e+06
-364012
2.77296
0.00021447
0.000142392
1.58712e-05
0
0
0
1683487941.99068
msg_begin
7.75675e+06
-364012
2.77132
0.000145996
0.00064617
2.20388e-05
0
0
0
1683487942.04056
msg_begin
7.75675e+06
-364012
2.76843
0.00325081
0.00672855
0.000574432
0
0
0
1683487942.09063
msg_begin
7.75675e+06
-364011
2.7684
0.000303598
0.000355612
2.4514e-05
0
0
0
1683487942.14061
msg_begin
7.75675e+06
-364011
2.76739
0.00223367
0.000766006
0.000275085
0
0
0
1683487942.19068
msg_begin
7.75675e+06
-364011
2.76238
0.0143639
0.00553277
0.000524039
0
0
0
1683487942.24072
msg_begin
7.75675e+06
-364011
2.76023
0.0261127
0.0119861
0.000547998
0
0
0
1683487942.29069
msg_begin
7.75675e+06
-364011
2.75861
0.00784125
0.00570399
0.000697516
0
0
0
1683487942.34072
msg_begin
7.75675e+06
-364011
2.75351
0.00714129
0.00253319
2.84269e-05
0
0
0
1683487942.39081
msg_begin
7.75675e+06
-364011
2.75331
0.00929214
0.00349747
0.000510156
0
0
0
1683487942.44071
msg_begin
7.75675e+06
-364011
2.74838
0.0117098
0.0109086
0.000897086
0
0
0
1683487942.49073
msg_begin
7.75675e+06
-364010
2.74544
0.0246289
0.00355265
0.000901399
0
0
0
1683487942.54065
msg_begin
7.75675e+06
-364010
2.74465
0.00613359
0.0059237
0.000347449
0
0
0
1683487942.59073
msg_begin
7.75675e+06
-364010
2.74235
0.0107516
0.00204133
0.000537745
0
0
0
1683487942.64061
msg_begin
7.75675e+06
-364010
2.73488
0.00712796
0.00473854
0.000898165
0
0
0
1683487942.74059
msg_begin
7.75675e+06
-364010
2.73312
0.0531166
0.0183182
0.000636928
0
0
0
1683487942.79057
msg_begin
7.75675e+06
-364010
2.73303
0.0067135
0.00918659
0.000219816
0
0
0
1683487942.84055
msg_begin
7.75675e+06
-364009
2.73154
0.0110637
0.00763379
0.000425684
0
0
0
1683487942.89056
msg_begin
7.75675e+06
-364009
2.72508
0.00239026
0.000914303
0.000201962
0
0
0
1683487942.94058
msg_begin
7.75675e+06
-364009
2.72273
0.0101256
0.00642769
0.000591892
0
0
0
1683487942.99054
msg_begin
7.75675e+06
-364009
2.72131
0.00185126
0.00180419
0.000121611
0
0
0
1683487943.04053
msg_begin
7.75675e+06
-364009
2.72069
0.00140916
0.00166966
0.000205541
0
0
0
1683487943.09061
msg_begin
7.75675e+06
-364009
2.71567
0.0128544
0.00730941
0.00103998
0
0
0
1683487943.14053
msg_begin
7.75675e+06
-364009
2.71302
0.00821304
0.000754981
0.000142698
0
0
0
1683487943.19057
msg_begin
7.75674e+06
-364008
2.71075
0.00101284
0.000808458
0.000473906
0
0
0
1683487943.24059
msg_begin
7.75674e+06
-364008
2.71091
1.86265e-09
2.91038e-09
8.88178e-16
0
0
0
1683487943.29054
msg_begin
7.75674e+06
-364008
2.70761
0.0113677
0.00178192
0.000691433
0
0
0
1683487943.34047
msg_begin
7.75674e+06
-364008
2.70531
0.0530793
0.0328125
0.00139323
0
0
0
1683487943.39076
msg_begin
7.75674e+06
-364008
2.70439
0.0203792
0.00697257
0.000899945
0
0
0
1683487943.44050
msg_begin
7.75674e+06
-364008
2.70155
0.00450753
0.00378016
0.000644485
0
0
0
1683487943.49050
msg_begin
7.75674e+06
-364008
2.69941
0.0322534
0.0141797
0.000949963
0
0
0
1683487943.54049
msg_begin
7.75674e+06
-364007
2.69561
0.00612128
0.00398986
0.000250596
0
0
0
1683487943.59060
msg_begin
7.75674e+06
-364007
2.693
0.00115865
0.00442751
0.000176607
0
0
0
1683487943.64038
msg_begin
7.75674e+06
-364007
2.69072
0.00291296
0.00129718
0.000244748
0
0
0
1683487943.69040
msg_begin
7.75674e+06
-364007
2.68997
0.00559167
0.00546599
0.000234767
0
0
0
1683487943.74039
msg_begin
7.75674e+06
-364007
2.68738
0.0341665
0.0161047
0.000436944
0
0
0
1683487943.79035
msg_begin
7.75674e+06
-364007
2.6885
0.0329971
0.0146409
0.000644064
0
0
0
1683487943.84027
msg_begin
7.75674e+06
-364006
2.68831
1.95578e-08
1.22236e-09
3.55271e-15
0
0
0
1683487943.89023
msg_begin
7.75674e+06
-364006
2.68289
0.0160086
0.0125559
0.000771081
0
0
0
1683487943.94018
msg_begin
7.75674e+06
-364006
2.68223
0
5.82077e-10
4.44089e-16
0
0
0
1683487943.99009
msg_begin
7.75674e+06
-364006
2.6785
0.00645625
0.0107662
0.000995737
0
0
0
1683487944.04005
msg_begin
7.75674e+06
-364006
2.67712
0.00326065
0.00243752
0.000206667
0
0
0
1683487944.08999
msg_begin
7.75674e+06
-364006
2.67761
0.00191937
0.0015291
0.00017927
0
0
0
1683487944.13994
msg_begin
7.75674e+06
-364005
2.67451
0.00327147
0.00402526
0.000296853
0
0
0
1683487944.18992
msg_begin
7.75674e+06
-364005
2.67242
0.00140553
0.00206235
0.000187983
0
0
0
1683487944.23986
msg_begin
7.75674e+06
-364005
2.67073
0.0514476
0.0243039
0.00049506
0
0
0
1683487944.28988
msg_begin
7.75674e+06
-364005
2.66871
0.00365763
0.00139002
0.000155418
0
0
0
1683487944.33974
msg_begin
7.75674e+06
-364005
2.66732
0.0048534
0.0032224
0.000647769
0
0
0
1683487944.38979
msg_begin
7.75674e+06
-364005
2.66617
0.000560318
8.96526e-05
1.85872e-05
0
0
0
1683487944.43979
msg_begin
7.75674e+06
-364004
2.66385
0.0204729
0.0134541
0.00048025
0
0
0
1683487944.48982
msg_begin
7.75674e+06
-364004
2.65917
0.0110897
0.00645202
0.00112777
0
0
0
1683487944.53975
msg_begin
7.75674e+06
-364004
2.65718
0.0144425
0.0113369
0.000986224
0
0
0
1683487944.58965
msg_begin
7.75674e+06
-364004
2.65617
3.72529e-09
3.49246e-10
0
0
0
0
1683487944.63973
msg_begin
7.75673e+06
-364004
2.65602
0.00343692
0.00798388
0.000352278
0
0
0
1683487944.68962
msg_begin
7.75673e+06
-364003
2.65603
0.0135681
0.0033144
0.00127573
0
0
0
1683487944.73965
msg_begin
7.75673e+06
-364003
2.65369
0.0323002
0.0131467
0.000805692
0
0
0
1683487944.78981
msg_begin
7.75673e+06
-364003
2.65286
0.0171469
0.00562596
0.000394058
0
0
0
1683487944.83959
msg_begin
7.75673e+06
-364003
2.64947
0.00419876
0.00851501
0.000466395
0
0
0
1683487944.88954
msg_begin
7.75673e+06
-364003
2.64986
0.00975745
0.0104685
0.000872885
0
0
0
1683487944.93952
msg_begin
7.75673e+06
-364002
2.64735
0.00214394
0.00090194
0.000424838
0
0
0
1683487944.99012
msg_begin
7.75673e+06
-364002
2.64839
0.00461973
0.000207889
0.000189565
0
0
0
1683487945.03953
msg_begin
7.75673e+06
-364002
2.64492
0.00306836
0.00163752
0.000248512
0
0
0
1683487945.08943
msg_begin
7.75673e+06
-364002
2.64505
0.00349311
0.0014499
0.000343693
0
0
0
1683487945.13955
msg_begin
7.75673e+06
-364002
2.64548
0.0138521
0.0129481
0.000602249
0
0
0
1683487945.19000
msg_begin
7.75673e+06
-364002
2.64517
0.00404119
0.00459984
0.000291275
0
0
0
1683487945.23942
msg_begin
7.75673e+06
-364001
2.64353
0.0751604
0.0285419
0.000130764
0
0
0
1683487945.28932
msg_begin
7.75673e+06
-364001
2.6422
0.0140323
0.010818
0.00146722
0
0
0
1683487945.33932
msg_begin
7.75673e+06
-364001
2.64135
0.00695405
0.00907658
0.00105543
0
0
0
1683487945.38932
msg_begin
7.75673e+06
-364001
2.63909
0.00715295
0.00561609
0.000619848
0
0
0
1683487945.43928
msg_begin
7.75673e+06
-364000
2.63812
0.036882
0.0135641
0.00135866
0
0
0
1683487945.48926
msg_begin
7.75673e+06
-364000
2.63675
0.00493797
0.00302673
0.000678038
0
0
0
1683487945.53927
msg_begin
7.75673e+06
-364000
2.63776
0.00985333
0.0109282
0.000370336
0
0
0
1683487945.58919
msg_begin
7.75673e+06
-364000
2.63588
0.0125611
0.00509317
0.000906591
0
0
0
1683487945.63917
msg_begin
7.75673e+06
-364000
2.63628
0.0341564
0.0224585
0.000544565
0
0
0
1683487945.68915
msg_begin
7.75673e+06
-363999
2.63454
0.00611913
0.00340629
0.00115657
0
0
0
1683487945.73914
msg_begin
7.75673e+06
-363999
2.63476
0.00186024
0.00103783
0.000270448
0
0
0
1683487945.78923
msg_begin
7.75673e+06
-363999
2.63377
0.00382789
0.00265452
0.000476274
0
0
0
1683487945.83917
msg_begin
7.75673e+06
-363999
2.63308
0.00920245
0.00512561
0.000124075
0
0
0
1683487945.88922
msg_begin
7.75673e+06
-363999
2.63338
0.00409518
0.00123501
0.000307452
0
0
0
1683487945.94005
msg_begin
7.75672e+06
-363998
2.63256
0.0101974
0.00465451
0.000607238
0
0
0
1683487945.98925
msg_begin
7.75672e+06
-363998
2.62768
2.79397e-09
1.04774e-09
0
0
0
0
1683487946.03934
msg_begin
7.75672e+06
-363998
2.62605
0.0172056
0.00178754
0.000292845
0
0
0
1683487946.08932
msg_begin
7.75672e+06
-363998
2.62485
0.0242254
0.00745091
0.000607276
0
0
0
1683487946.14026
msg_begin
7.75672e+06
-363997
2.62196
0.00916242
0.00277662
0.000707249
0
0
0
1683487946.18935
msg_begin
7.75672e+06
-363997
2.62128
0.00427808
0.00112772
9.99064e-05
0
0
0
1683487946.23940
msg_begin
7.75672e+06
-363997
2.6189
0.00409155
0.00221685
0.000190112
0
0
0
1683487946.28933
msg_begin
7.75672e+06
-363997
2.61904
0.00789742
0.00214705
0.000534404
0
0
0
1683487946.34030
msg_begin
7.75672e+06
-363997
2.61862
0.0127605
0.00447149
0.00101456
0
0
0
1683487946.38929
msg_begin
7.75672e+06
-363996
2.62019
0.00886634
0.00575166
0.000160564
0
0
0
1683487946.43928
msg_begin
7.75672e+06
-363996
2.61733
0.000134139
0.000172337
4.65375e-05
0
0
0
1683487946.48928
msg_begin
7.75672e+06
-363996
2.61761
0.00713932
0.00285666
0.00014444
0
0
0
1683487946.53933
msg_begin
7.75672e+06
-363996
2.61717
0.000973869
0.00148931
0.00106472
0
0
0
1683487946.58930
msg_begin
7.75672e+06
-363995
2.61708
0.00219886
0.000211698
7.01303e-05
0
0
0
1683487946.63930
msg_begin
7.75672e+06
-363995
2.61104
0.0300172
0.0232053
0.00100162
0
0
0
1683487946.68933
msg_begin
7.75672e+06
-363995
2.60751
0.00346654
0.000763926
0.000118267
0
0
0
1683487946.73949
msg_begin
7.75672e+06
-363995
2.60737
0.00377669
0.00172612
0.000181003
0
0
0
1683487946.78982
msg_begin
7.75672e+06
-363994
2.60327
0.00311421
0.0011796
0.000234448
0
0
0
1683487946.83941
msg_begin
7.75672e+06
-363994
2.60356
0.0036125
0.00366803
0.000315134
0
0
0
1683487946.88945
msg_begin
7.75672e+06
-363994
2.59939
3.72529e-09
2.91038e-10
8.88178e-16
0
0
0
1683487946.93949
msg_begin
7.75672e+06
-363994
2.59716
0.00365266
0.00330952
0.000461171
0
0
0
1683487946.98954
msg_begin
7.75672e+06
-363994
2.59564
6.89179e-08
3.14321e-09
2.66454e-15
0
0
0
1683487947.03957
msg_begin
7.75672e+06
-363993
2.59394
0.00415676
0.00642001
0.000630978
0
0
0
1683487947.08958
msg_begin
7.75672e+06
-363993
2.59577
1.76951e-08
2.21189e-09
1.33227e-15
0
0
0
1683487947.13965
msg_begin
7.75672e+06
-363993
2.59279
0.00682225
0.00591759
0.00083313
0
0
0
1683487947.19000
msg_begin
7.75671e+06
-363993
2.59156
0.00974275
0.0037999
0.000429029
0
0
0
1683487947.23969
msg_begin
7.75671e+06
-363992
2.59087
0.00786073
0.00583806
0.000541596
0
0
0
1683487947.28967
msg_begin
7.75671e+06
-363992
2.59152
1.58325e-08
2.79397e-09
4.44089e-16
0
0
0
1683487947.33961
msg_begin
7.75671e+06
-363992
2.58896
0.0035396
0.00305449
0.000209427
0
0
0
1683487947.38962
msg_begin
7.75671e+06
-363992
2.58983
0.00141752
0.000279649
3.76068e-05
0
0
0
1683487947.43961
msg_begin
7.75671e+06
-363991
2.58775
0.00175602
0.0065223
0.00017648
0
0
0
1683487947.48950
msg_begin
7.75671e+06
-363991
2.58771
0.00560395
0.00912121
0.0011779
0
0
0
1683487947.54043
msg_begin
7.75671e+06
-363991
2.58655
0.0223787
0.0111147
0.00120193
0
0
0
1683487947.58947
msg_begin
7.75671e+06
-363991
2.58597
7.17118e-08
3.49246e-09
6.66134e-15
0
0
0
1683487947.63941
msg_begin
7.75671e+06
-363990
2.58521
0.015167
0.0152233
0.000529009
0
0
0
1683487947.68940
msg_begin
7.75671e+06
-363990
2.58588
0.0317773
0.0222056
0.000589835
0
0
0
1683487947.74027
msg_begin
7.75671e+06
-363990
2.5857
0.0083543
0.00637788
0.000789871
0
0
0
1683487947.78935
msg_begin
7.75671e+06
-363990
2.58478
0.0138666
0.0153135
0.0015693
0
0
0
1683487947.83934
msg_begin
7.75671e+06
-363989
2.58344
0.000356226
0.000111487
7.79789e-06
0
0
0
1683487947.88935
msg_begin
7.75671e+06
-363989
2.5838
0.00711012
0.00335229
0.000700187
0
0
0
1683487947.94040
msg_begin
7.75671e+06
-363989
2.58138
0.00217349
0.00302837
0.000149038
0
0
0
1683487947.98938
msg_begin
7.75671e+06
-363989
2.57903
0.0010607
0.00311724
0.000679918
0
0
0
1683487948.03944
msg_begin
7.75671e+06
-363988
2.57896
0.00943042
0.00603284
0.000812503
0
0
0
1683487948.08956
msg_begin
7.75671e+06
-363988
2.57928
0.0259563
0.0231823
0.000663641
0
0
0
1683487948.13957
msg_begin
7.75671e+06
-363988
2.58186
0.0161812
0.00924801
0.00105737
0
0
0
1683487948.18959
msg_begin
7.75671e+06
-363987
2.58055
0.00616054
0.00320774
0.000585887
0
0
0
1683487948.23964
msg_begin
7.75671e+06
-363987
2.57991
0.0258773
0.0234852
0.00122106
0
0
0
1683487948.28967
msg_begin
7.75671e+06
-363987
2.58043
0.0217719
0.015291
0.000491426
0
0
0
1683487948.33987
msg_begin
7.7567e+06
-363987
2.57754
0.0310074
0.0196168
0.00181803
0
0
0
1683487948.38975
msg_begin
7.7567e+06
-363986
2.57792
0.0102436
0.00324988
0.000229154
0
0
0
1683487948.43978
msg_begin
7.7567e+06
-363986
2.57685
0.00759436
0.00482313
0.00055122
0
0
0
1683487948.49001
msg_begin
7.7567e+06
-363986
2.57703
0.00432414
0.00657372
0.00030494
0
0
0
1683487948.53986
msg_begin
7.7567e+06
-363986
2.57733
0.000256531
0.000800403
0.000159314
0
0
0
1683487948.58985
msg_begin
7.7567e+06
-363985
2.57811
0.0186951
0.0146311
0.00142291
0
0
0
1683487948.63986
msg_begin
7.7567e+06
-363985
2.57438
6.79865e-08
4.65661e-10
4.44089e-16
0
0
0
1683487948.68996
msg_begin
7.7567e+06
-363985
2.57478
0.00148282
0.00106518
4.46085e-05
0
0
0
1683487948.74002
msg_begin
7.7567e+06
-363985
2.57511
0.0206995
0.0146047
0.00113577
0
0
0
1683487948.79074
msg_begin
7.7567e+06
-363984
2.57436
0.00319228
0.00268676
0.000247852
0
0
0
1683487948.83990
msg_begin
7.7567e+06
-363984
2.57476
0.00471362
0.00201671
0.000466799
0
0
0
1683487948.88987
msg_begin
7.7567e+06
-363984
2.57409
0.000251077
0.00811874
0.000129568
0
0
0
1683487948.93992
msg_begin
7.7567e+06
-363983
2.57386
0.00210496
0.00339782
0.000149111
0
0
0
1683487948.98973
msg_begin
7.7567e+06
-363983
2.57306
0.00169925
0.00532807
0.000467431
0
0
0
1683487949.03970
msg_begin
7.7567e+06
-363983
2.57355
0.019476
0.014293
0.000620096
0
0
0
1683487949.08968
msg_begin
7.7567e+06
-363983
2.57201
0.00739552
0.00454469
0.00060871
0
0
0
1683487949.13959
msg_begin
7.7567e+06
-363982
2.57485
0.00961092
0.00499538
0.000454996
0
0
0
1683487949.19023
msg_begin
7.7567e+06
-363982
2.57159
0.023955
0.0183312
0.000612836
0
0
0
1683487949.23956
msg_begin
7.7567e+06
-363982
2.57264
0.0237443
0.0163412
0.000893926
0
0
0
1683487949.28945
msg_begin
7.7567e+06
-363981
2.57249
0.00381043
0.00123899
0.000728427
0
0
0
1683487949.33954
msg_begin
7.7567e+06
-363981
2.57272
0.000149882
0.0016712
0.000211789
0
0
0
1683487949.38961
msg_begin
7.7567e+06
-363981
2.57332
0.00724157
0.00968182
0.000307807
0
0
0
1683487949.43941
msg_begin
7.7567e+06
-363981
2.57179
0.0240644
0.0090096
0.00037082
0
0
0
1683487949.48945
msg_begin
7.75669e+06
-363980
2.57278
0.00165927
0.00356922
0.00025386
0
0
0
1683487949.54015
msg_begin
7.75669e+06
-363980
2.57296
0.0128843
0.0100057
0.00042537
0
0
0
1683487949.58945
msg_begin
7.75669e+06
-363980
2.573
0.028003
0.00773529
0.000770377
0
0
0
1683487949.63941
msg_begin
7.75669e+06
-363980
2.57417
0.00172041
0.0004787
2.65466e-06
0
0
0
1683487949.68950
msg_begin
7.75669e+06
-363979
2.57585
0.0105081
0.0113704
0.000567137
0
0
0
1683487949.74018
msg_begin
7.75669e+06
-363979
2.57771
0.0128924
0.0109912
0.00118538
0
0
0
1683487949.78951
msg_begin
7.75669e+06
-363979
2.57714
0.0546237
0.0383305
0.00242357
0
0
0
1683487949.83952
msg_begin
7.75669e+06
-363978
2.57331
0.00955264
0.00513826
0.000681375
0
0
0
1683487949.88949
msg_begin
7.75669e+06
-363978
2.57513
0.00770402
0.0157657
0.000253587
0
0
0
1683487949.94008
msg_begin
7.75669e+06
-363978
2.57739
5.96046e-08
8.14907e-10
1.77636e-15
0
0
0
1683487949.98962
msg_begin
7.75669e+06
-363978
2.57737
0.00125186
0.00585034
0.000501405
0
0
0
1683487950.03976
msg_begin
7.75669e+06
-363977
2.57808
0.00866232
0.00444057
0.000684954
0
0
0
1683487950.08975
msg_begin
7.75669e+06
-363977
2.57688
0.0050414
0.00224132
0.000690093
0
0
0
1683487950.14056
msg_begin
7.75669e+06
-363977
2.57453
5.40167e-08
2.67755e-09
1.33227e-15
0
0
0
1683487950.19014
msg_begin
7.75669e+06
-363977
2.5754
0.0270791
0.00255415
0.000441531
0
0
0
1683487950.24000
msg_begin
7.75669e+06
-363976
2.57694
0.0297303
0.021654
0.00139495
0
0
0
1683487950.29002
msg_begin
7.75669e+06
-363976
2.57624
1.86265e-08
1.39698e-09
2.22045e-15
0
0
0
1683487950.34036
msg_begin
7.75669e+06
-363976
2.57823
0.0141407
0.00179539
0.000934535
0
0
0
1683487950.39040
msg_begin
7.75669e+06
-363975
2.57809
0.00402291
0.0020235
0.000175608
0
0
0
1683487950.44009
msg_begin
7.75669e+06
-363975
2.57782
0.0500727
0.0336508
0.000587996
0
0
0
1683487950.49005
msg_begin
7.75669e+06
-363975
2.57812
0.0163657
0.0126469
0.000638026
0
0
0
1683487950.54007
msg_begin
7.75669e+06
-363975
2.57961
0.00422228
0.00278838
0.000143765
0
0
0
1683487950.58997
msg_begin
7.75668e+06
-363974
2.57962
0.00887431
0.00608196
0.000299889
0
0
0
1683487950.63993
msg_begin
7.75668e+06
-363974
2.57917
0.000712107
0.00214258
8.40196e-05
0
0
0
1683487950.68993
msg_begin
7.75668e+06
-363974
2.57751
0.00954091
0.00442073
0.000699269
0
0
0
1683487950.73988
msg_begin
7.75668e+06
-363973
2.5785
0.0264168
0.0158696
0.000625974
0
0
0
1683487950.79084
msg_begin
7.75668e+06
-363973
2.5799
0.00914064
0.00484648
0.000460647
0
0
0
1683487950.83984
msg_begin
7.75668e+06
-363973
2.57981
6.51926e-08
3.66708e-09
3.55271e-15
0
0
0
1683487950.88983
msg_begin
7.75668e+06
-363972
2.58049
0.00847394
0.00982876
0.000550141
0
0
0
1683487950.93996
msg_begin
7.75668e+06
-363972
2.57806
0.00302504
0.0030878
0.000344769
0
0
0
1683487950.99026
msg_begin
7.75668e+06
-363972
2.57712
0.0173461
0.0133961
0.000494041
0
0
0
1683487951.03979
msg_begin
7.75668e+06
-363972
2.57612
0.0108898
0.00708245
0.00101746
0
0
0
1683487951.08977
msg_begin
7.75668e+06
-363971
2.57735
0.0138989
0.0135448
0.000353643
0
0
0
1683487951.13983
msg_begin
7.75668e+06
-363971
2.57614
0.00376813
0.00535662
0.000156629
0
0
0
1683487951.19088
msg_begin
7.75668e+06
-363971
2.57541
0.00513074
0.0105799
0.000484777
0
0
0
1683487951.23973
msg_begin
7.75668e+06
-363970
2.57677
0.00530213
0.00248057
0.000140063
0
0
0
1683487951.28977
msg_begin
7.75668e+06
-363970
2.57641
0.000196363
0.00104583
0.000300006
0
0
0
1683487951.33982
msg_begin
7.75668e+06
-363970
2.57508
0.00767788
0.000782129
6.96762e-05
0
0
0
1683487951.39055
msg_begin
7.75668e+06
-363970
2.57482
0.00373877
0.00303272
0.000148356
0
0
0
1683487951.43980
msg_begin
7.75668e+06
-363969
2.57531
0.00475368
0.00411583
0.000319287
0
0
0
1683487951.48980
msg_begin
7.75668e+06
-363969
2.57597
0.000976998
0.00211017
5.12179e-05
0
0
0
1683487951.53985
msg_begin
7.75668e+06
-363969
2.5752
8.26687e-05
0.000479308
0.000103806
0
0
0
1683487951.58986
msg_begin
7.75668e+06
-363968
2.57388
0.0501476
0.0310172
0.000857028
0
0
0
1683487951.63978
msg_begin
7.75667e+06
-363968
2.57348
0.0137759
0.0127523
0.000385639
0
0
0
1683487951.68972
msg_begin
7.75667e+06
-363968
2.57274
0.0130019
0.00814497
0.000237782
0
0
0
1683487951.73982
msg_begin
7.75667e+06
-363967
2.57075
0.0340542
0.0124612
0.000471959
0
0
0
1683487951.78979
msg_begin
7.75667e+06
-363967
2.57059
0.0109957
0.00714688
0.000573139
0
0
0
1683487951.83963
msg_begin
7.75667e+06
-363967
2.57043
0.00901221
0.0030208
0.000376284
0
0
0
1683487951.88967
msg_begin
7.75667e+06
-363967
2.57272
0.00526616
0.00819975
0.000698577
0
0
0
1683487951.94073
msg_begin
7.75667e+06
-363966
2.57212
0.044245
0.0207984
0.00110158
0
0
0
1683487951.98950
msg_begin
7.75667e+06
-363966
2.57243
0.00186135
0.0019222
0.000364496
0
0
0
1683487952.03946
msg_begin
7.75667e+06
-363966
2.57287
0.000894756
0.00485077
0.000398896
0
0
0
1683487952.08948
msg_begin
7.75667e+06
-363965
2.57038
0.00591651
0.00520408
0.000110612
0
0
0
1683487952.13939
msg_begin
7.75667e+06
-363965
2.57056
0.0442238
0.0299339
0.00073468
0
0
0
1683487952.18953
msg_begin
7.75667e+06
-363965
2.56996
0.0206312
0.0066166
0.000946153
0
0
0
1683487952.23937
msg_begin
7.75667e+06
-363964
2.5716
0.00092137
0.000621337
4.06168e-05
0
0
0
1683487952.28943
msg_begin
7.75667e+06
-363964
2.57156
0.0140343
0.0141413
0.00119969
0
0
0
1683487952.33933
msg_begin
7.75667e+06
-363964
2.57146
0.00684083
0.0048509
0.000330318
0
0
0
1683487952.38938
msg_begin
7.75667e+06
-363963
2.57074
0.0212945
0.017777
0.00112687
0
0
0
1683487952.43933
msg_begin
7.75667e+06
-363963
2.56897
0.00561722
0.00304012
0.000252606
0
0
0
1683487952.48954
msg_begin
7.75667e+06
-363963
2.5696
0.00863212
0.00470849
0.000484926
0
0
0
1683487952.53949
msg_begin
7.75667e+06
-363963
2.5675
0.0101006
0.015709
0.000871075
0
0
0
1683487952.58960
msg_begin
7.75667e+06
-363962
2.56648
0.019684
0.0095961
0.00121969
0
0
0
1683487952.63964
msg_begin
7.75666e+06
-363962
2.56547
0.00585836
0.00826546
0.000645873
0
0
0
1683487952.68969
msg_begin
7.75666e+06
-363962
2.56632
0.00625768
0.00212255
0.000138332
0
0
0
1683487952.73977
msg_begin
7.75666e+06
-363961
2.56732
6.42613e-08
4.65661e-10
0
0
0
0
1683487952.79086
msg_begin
7.75666e+06
-363961
2.56776
0.0139712
0.00835353
0.000577861
0
0
0
1683487952.83990
msg_begin
7.75666e+06
-363961
2.56655
0.0153262
0.00768719
0.000638319
0
0
0
1683487952.88989
msg_begin
7.75666e+06
-363960
2.56518
0.00570345
0.00291852
0.000632115
0
0
0
1683487952.93987
msg_begin
7.75666e+06
-363960
2.56502
0.0121766
0.0081417
0.00164991
0
0
0
1683487952.98986
msg_begin
7.75666e+06
-363960
2.56403
0.0185154
0.00720649
0.000419509
0
0
0
1683487953.03990
msg_begin
7.75666e+06
-363959
2.56521
0.00222832
0.001981
0.000371765
0
0
0
1683487953.08978
msg_begin
7.75666e+06
-363959
2.56664
0.0266494
0.0105016
0.000792904
0
0
0
1683487953.13977
msg_begin
7.75666e+06
-363959
2.56597
1.21072e-08
1.16415e-10
1.77636e-15
0
0
0
1683487953.18972
msg_begin
7.75666e+06
-363958
2.56847
0.0139845
0.0124983
0.000546946
0
0
0
1683487953.23962
msg_begin
7.75666e+06
-363958
2.56703
0.00388011
0.00273887
0.000358197
0
0
0
1683487953.28955
msg_begin
7.75666e+06
-363958
2.56496
0.0336391
0.0211759
0.00050685
0
0
0
1683487953.33961
msg_begin
7.75666e+06
-363957
2.56679
0.0250434
0.0107459
0.000569587
0
0
0
1683487953.38952
msg_begin
7.75666e+06
-363957
2.56736
0.0142008
0.00825365
0.00165337
0
0
0
1683487953.43946
msg_begin
7.75666e+06
-363957
2.56742
0.000368336
0.00057022
3.68809e-05
0
0
0
1683487953.48945
msg_begin
7.75666e+06
-363956
2.56745
0.0129071
0.00388676
0.000261254
0
0
0
1683487953.53940
msg_begin
7.75666e+06
-363956
2.56778
0.00512462
0.00659578
0.000276375
0
0
0
1683487953.58936
msg_begin
7.75666e+06
-363956
2.57015
0.013312
0.00730648
0.000301429
0
0
0
1683487953.63936
msg_begin
7.75665e+06
-363955
2.56735
0.0278186
0.0204105
0.000549488
0
0
0
1683487953.68938
msg_begin
7.75665e+06
-363955
2.57027
0.00669076
0.0053364
8.75748e-05
0
0
0
1683487953.73943
msg_begin
7.75665e+06
-363955
2.5727
0.0100006
0.00921812
0.000666581
0
0
0
1683487953.78948
msg_begin
7.75665e+06
-363955
2.57202
0.000117989
0.000111325
1.90837e-06
0
0
0
1683487953.83956
msg_begin
7.75665e+06
-363954
2.57158
0.0137787
0.0106625
0.000428903
0
0
0
1683487953.88963
msg_begin
7.75665e+06
-363954
2.57185
0.00394923
0.0050126
0.000290698
0
0
0
1683487953.93970
msg_begin
7.75665e+06
-363954
2.57266
0.00752881
0.00716302
0.000479087
0
0
0
1683487953.98981
msg_begin
7.75665e+06
-363953
2.57139
0.0211255
0.0132298
0.000708972
0
0
0
1683487954.03992
msg_begin
7.75665e+06
-363953
2.57015
0.00545611
0.00455061
0.000270936
0
0
0
1683487954.09004
msg_begin
7.75665e+06
-363953
2.57119
0.0151126
0.0142584
0.000424195
0
0
0
1683487954.14018
msg_begin
7.75665e+06
-363952
2.57123
0.00424168
0.00278433
0.000573891
0
0
0
1683487954.19022
msg_begin
7.75665e+06
-363952
2.57282
0.000531527
0.000534625
3.99429e-05
0
0
0
1683487954.24026
msg_begin
7.75665e+06
-363952
2.56951
0.0146535
0.00469222
0.000295573
0
0
0
1683487954.29028
msg_begin
7.75665e+06
-363951
2.57274
0.00223124
0.00138505
0.000270507
0
0
0
1683487954.34027
msg_begin
7.75665e+06
-363951
2.57153
0.009994
0.00103598
0.000497446
0
0
0
1683487954.39025
msg_begin
7.75665e+06
-363951
2.5704
0.00301547
0.00119151
9.25562e-05
0
0
0
1683487954.44020
msg_begin
7.75665e+06
-363950
2.57064
0.00317698
0.0035548
0.000248887
0
0
0
1683487954.49026
msg_begin
7.75665e+06
-363950
2.57068
0.00299863
0.00077673
3.83097e-05
0
0
0
1683487954.54004
msg_begin
7.75665e+06
-363950
2.57158
0.0089581
0.00611818
0.000316756
0
0
0
1683487954.58998
msg_begin
7.75664e+06
-363949
2.57237
0.00328048
0.00163785
3.69509e-06
0
0
0
1683487954.63991
msg_begin
7.75664e+06
-363949
2.57367
0.00176059
0.00166192
6.41292e-05
0
0
0
1683487954.68984
msg_begin
7.75664e+06
-363949
2.57235
0.0134725
0.00314761
7.94575e-05
0
0
0
1683487954.73986
msg_begin
7.75664e+06
-363948
2.57366
0.0115845
0.00434875
0.000109468
0
0
0
1683487954.78973
msg_begin
7.75664e+06
-363948
2.57277
0.0517479
0.0313667
0.000814498
0
0
0
1683487954.83971
msg_begin
7.75664e+06
-363948
2.57362
1.67638e-08
6.40284e-10
1.77636e-15
0
0
0
1683487954.88969
msg_begin
7.75664e+06
-363947
2.57479
0.00965351
0.00470956
0.000496862
0
0
0
1683487954.93973
msg_begin
7.75664e+06
-363947
2.57357
0.00016838
0.000627759
8.74977e-05
0
0
0
1683487954.98974
msg_begin
7.75664e+06
-363947
2.57525
0.0530429
0.0293766
0.00115695
0
0
0
1683487955.03975
msg_begin
7.75664e+06
-363946
2.57338
0.000140188
0.00280671
4.7607e-05
0
0
0
1683487955.08980
msg_begin
7.75664e+06
-363946
2.57297
0.00122481
0.000582276
3.0238e-05
0
0
0
1683487955.13984
msg_begin
7.75664e+06
-363946
2.56945
0.0104241
0.00414898
0.00136943
0
0
0
1683487955.18986
msg_begin
7.75664e+06
-363945
2.57289
0.0026708
0.0032214
0.000389162
0
0
0
1683487955.23990
msg_begin
7.75664e+06
-363945
2.57125
0.000312967
0.000375158
3.07876e-05
0
0
0
1683487955.28989
msg_begin
7.75664e+06
-363945
2.57346
0.00187131
0.00208327
0.00071387
0
0
0
1683487955.33986
msg_begin
7.75664e+06
-363944
2.57145
0.00195827
8.88075e-05
1.95123e-05
0
0
0
1683487955.38992
msg_begin
7.75664e+06
-363944
2.56881
0.00459607
0.00273408
0.000219056
0
0
0
1683487955.43992
msg_begin
7.75664e+06
-363944
2.57208
0.00854434
0.00493237
0.000437272
0
0
0
1683487955.49082
msg_begin
7.75663e+06
-363943
2.57086
0.00179135
0.00107026
0.000121051
0
0
0
1683487955.53995
msg_begin
7.75663e+06
-363943
2.5728
4.65661e-08
2.21189e-09
1.33227e-15
0
0
0
1683487955.58991
msg_begin
7.75663e+06
-363943
2.57144
0.0030065
0.00299049
9.89985e-05
0
0
0
1683487955.64001
msg_begin
7.75663e+06
-363942
2.5699
0.000753175
0.00091029
7.82703e-05
0
0
0
1683487955.68998
msg_begin
7.75663e+06
-363942
2.57045
0.00593677
0.00515868
2.31474e-05
0
0
0
1683487955.74007
msg_begin
7.75663e+06
-363942
2.57194
0.00399402
0.00248173
0.000289489
0
0
0
1683487955.79004
msg_begin
7.75663e+06
-363941
2.57274
0.0746634
0.047725
0.000702697
0
0
0
1683487955.84003
msg_begin
7.75663e+06
-363941
2.57551
0.0334286
0.0182177
0.000137603
0
0
0
1683487955.89013
msg_begin
7.75663e+06
-363941
2.57553
0.0190486
0.00660109
0.000831969
0
0
0
1683487955.94015
msg_begin
7.75663e+06
-363940
2.57425
6.61239e-08
1.28057e-09
8.88178e-16
0
0
0
1683487955.99020
msg_begin
7.75663e+06
-363940
2.57552
5.40167e-08
3.37604e-09
3.55271e-15
0
0
0
1683487956.04018
msg_begin
7.75663e+06
-363940
2.57498
0.00258676
0.000420728
7.38036e-05
0
0
0
1683487956.09028
msg_begin
7.75663e+06
-363939
2.5759
0.0600861
0.0303191
0.00077514
0
0
0
1683487956.14033
msg_begin
7.75663e+06
-363939
2.57755
0.00209601
0.00321075
0.000485385
0
0
0
1683487956.19041
msg_begin
7.75663e+06
-363939
2.57307
0.00390211
0.00203396
0.000122974
0
0
0
1683487956.24045
msg_begin
7.75663e+06
-363938
2.57347
0.00163567
0.000581442
7.29696e-05
0
0
0
1683487956.29043
msg_begin
7.75663e+06
-363938
2.57511
0.00130656
0.00152483
0.000381896
0
0
0
1683487956.34052
msg_begin
7.75663e+06
-363938
2.57633
0.00537853
0.00421235
0.000632996
0
0
0
1683487956.39057
msg_begin
7.75663e+06
-363937
2.57677
0.00816767
0.00974182
0.000780931
0
0
0
1683487956.44058
msg_begin
7.75662e+06
-363937
2.57649
0.00442799
0.00569922
0.000349481
0
0
0
1683487956.49097
msg_begin
7.75662e+06
-363937
2.57681
0.00297599
0.00221171
0.000505509
0
0
0
1683487956.54109
msg_begin
7.75662e+06
-363936
2.57451
2.02534e-06
0.000835218
8.47468e-05
0
0
0
1683487956.59068
msg_begin
7.75662e+06
-363936
2.57249
1.39698e-08
3.66708e-09
4.44089e-16
0
0
0
1683487956.64052
msg_begin
7.75662e+06
-363936
2.57679
2.32831e-08
2.32831e-10
4.44089e-16
0
0
0
1683487956.69049
msg_begin
7.75662e+06
-363935
2.57635
0.0135898
0.00969559
0.000401523
0
0
0
1683487956.74044
msg_begin
7.75662e+06
-363935
2.57663
0.0132905
0.00788218
0.000575058
0
0
0
1683487956.79067
msg_begin
7.75662e+06
-363935
2.57624
8.56817e-08
2.61934e-09
3.55271e-15
0
0
0
1683487956.84037
msg_begin
7.75662e+06
-363934
2.57767
0.00289112
0.00523185
0.000204515
0
0
0
1683487956.89035
msg_begin
7.75662e+06
-363934
2.57558
0.00129969
5.24938e-05
9.46391e-05
0
0
0
1683487956.94027
msg_begin
7.75662e+06
-363934
2.57686
0.00519221
0.00503265
0.000358764
0
0
0
1683487956.99056
msg_begin
7.75662e+06
-363933
2.57777
0.0151411
0.0101773
0.000313185
0
0
0
1683487957.04020
msg_begin
7.75662e+06
-363933
2.5786
0.00355776
0.00320221
0.000148473
0
0
0
1683487957.09010
msg_begin
7.75662e+06
-363933
2.57769
0.0119498
0.00127882
0.00052909
0
0
0
1683487957.14011
msg_begin
7.75662e+06
-363932
2.57756
0.0168783
0.00931261
0.000753903
0
0
0
1683487957.19013
msg_begin
7.75662e+06
-363932
2.5783
7.35745e-08
2.15368e-09
8.88178e-16
0
0
0
1683487957.24000
msg_begin
7.75662e+06
-363932
2.5777
0.0187242
0.0139122
0.00143377
0
0
0
1683487957.28996
msg_begin
7.75662e+06
-363931
2.57444
0.00127813
0.00317344
5.01101e-05
0
0
0
1683487957.33999
msg_begin
7.75662e+06
-363931
2.57291
3.81842e-08
2.32831e-10
1.77636e-15
0
0
0
1683487957.38989
msg_begin
7.75661e+06
-363931
2.57842
0.00069267
0.0011015
0.000271308
0
0
0
1683487957.43983
msg_begin
7.75661e+06
-363930
2.57831
6.23986e-08
1.22236e-09
4.44089e-16
0
0
0
1683487957.49049
msg_begin
7.75661e+06
-363930
2.57583
0.0741957
0.0497602
0.00102565
0
0
0
1683487957.53976
msg_begin
7.75661e+06
-363930
2.57437
0.00148463
0.000915294
6.91638e-05
0
0
0
1683487957.58969
msg_begin
7.75661e+06
-363929
2.57489
2.79397e-09
1.62981e-09
1.77636e-15
0
0
0
1683487957.63971
msg_begin
7.75661e+06
-363929
2.57447
0.0110144
0.00442182
0.000650401
0
0
0
1683487957.68965
msg_begin
7.75661e+06
-363929
2.57589
0.0102779
0.00499134
0.000281497
0
0
0
1683487957.73979
msg_begin
7.75661e+06
-363928
2.57524
0.0380503
0.0240992
0.00136812
0
0
0
1683487957.78970
msg_begin
7.75661e+06
-363928
2.57668
0.00607721
0.00364587
0.000234453
0
0
0
1683487957.83974
msg_begin
7.75661e+06
-363928
2.57721
0.00516436
0.00746331
0.000340467
0
0
0
1683487957.88985
msg_begin
7.75661e+06
-363928
2.57632
0.00629897
0.00264386
0.000348735
0
0
0
1683487957.93990
msg_begin
7.75661e+06
-363927
2.57543
0.038734
0.037353
0.000465783
0
0
0
1683487957.98987
msg_begin
7.75661e+06
-363927
2.57452
0.0133354
0.00752249
0.000156235
0
0
0
1683487958.03997
msg_begin
7.75661e+06
-363926
2.57396
0.00670224
0.00478028
0.000301538
0
0
0
1683487958.14016
msg_begin
7.75661e+06
-363926
2.57366
0.00374863
0.00461626
0.000566056
0
0
0
1683487958.19002
msg_begin
7.75661e+06
-363926
2.57369
0.0044913
0.00527266
0.00014968
0
0
0
1683487958.24009
msg_begin
7.75661e+06
-363925
2.5737
0.0130951
0.00429261
0.000245002
0
0
0
1683487958.29007
msg_begin
7.75661e+06
-363925
2.57239
0.000633698
0.000881482
9.57272e-05
0
0
0
1683487958.34007
msg_begin
7.7566e+06
-363925
2.57206
0.00809297
0.00616663
0.000492134
0
0
0
1683487958.39004
msg_begin
7.7566e+06
-363924
2.57319
0.00260295
0.00176941
0.000146048
0
0
0
1683487958.44003
msg_begin
7.7566e+06
-363924
2.57384
0.00410339
0.0067823
0.000292617
0
0
0
1683487958.49032
msg_begin
7.7566e+06
-363924
2.57553
0.00431122
0.0159485
0.000606227
0
0
0
1683487958.54004
msg_begin
7.7566e+06
-363923
2.57339
0.00358257
0.00164907
0.000196096
0
0
0
1683487958.58996
msg_begin
7.7566e+06
-363923
2.57334
8.3819e-09
1.16415e-09
3.10862e-15
0
0
0
1683487958.63996
msg_begin
7.7566e+06
-363923
2.57282
0.00013455
0.000237515
4.25735e-05
0
0
0
1683487958.68994
msg_begin
7.7566e+06
-363922
2.57397
0.0106608
0.00487395
0.000479403
0
0
0
1683487958.73997
msg_begin
7.7566e+06
-363922
2.57271
0.00891633
0.00346389
0.000402558
0
0
0
1683487958.78987
msg_begin
7.7566e+06
-363922
2.57223
0.0142162
0.00611047
0.00151144
0
0
0
1683487958.83988
msg_begin
7.7566e+06
-363921
2.5721
0.0191143
0.0105404
0.00125324
0
0
0
1683487958.88989
msg_begin
7.7566e+06
-363921
2.5723
0.00188825
0.000980145
5.72885e-05
0
0
0
1683487958.94001
msg_begin
7.7566e+06
-363921
2.5729
0.00376278
0.00226991
0.000186813
0
0
0
1683487958.98987
msg_begin
7.7566e+06
-363920
2.57469
0.00894048
0.0055877
0.000621702
0
0
0
1683487959.04000
msg_begin
7.7566e+06
-363920
2.57143
4.19095e-08
5.23869e-10
1.77636e-15
0
0
0
1683487959.09001
msg_begin
7.7566e+06
-363920
2.57377
0.000313849
0.000361232
4.86685e-05
0
0
0
1683487959.14017
msg_begin
7.7566e+06
-363919
2.57327
0.00329341
0.0023049
0.00031452
0
0
0
1683487959.19004
msg_begin
7.7566e+06
-363919
2.57494
0.00347622
0.000924216
3.9823e-05
0
0
0
1683487959.24004
msg_begin
7.7566e+06
-363919
2.57606
0.00203376
0.0016684
0.000149451
0
0
0
1683487959.29004
msg_begin
7.75659e+06
-363918
2.57529
7.26432e-08
6.98492e-10
2.22045e-15
0
0
0
1683487959.34008
msg_begin
7.75659e+06
-363918
2.57508
2.6077e-08
2.73576e-09
2.22045e-15
0
0
0
1683487959.39008
msg_begin
7.75659e+06
-363918
2.57535
0.000686081
0.000354067
6.86225e-05
0
0
0
1683487959.44004
msg_begin
7.75659e+06
-363917
2.57645
0.0042284
0.00476023
0.000198394
0
0
0
1683487959.49034
msg_begin
7.75659e+06
-363917
2.57474
8.3819e-09
2.61934e-09
1.77636e-15
0
0
0
1683487959.54005
msg_begin
7.75659e+06
-363917
2.57716
0.0056109
0.00454029
0.000704805
0
0
0
1683487959.59003
msg_begin
7.75659e+06
-363917
2.57808
0.000866998
0.000927939
3.10537e-05
0
0
0
1683487959.64005
msg_begin
7.75659e+06
-363916
2.58068
3.72529e-09
3.49246e-10
0
0
0
0
1683487959.69008
msg_begin
7.75659e+06
-363916
2.57993
0.0397102
0.0183365
0.000635648
0
0
0
1683487959.74018
msg_begin
7.75659e+06
-363916
2.58042
0.00299317
0.00176374
0.000387016
0
0
0
1683487959.79007
msg_begin
7.75659e+06
-363915
2.58028
0.0322756
0.0174358
0.000713528
0
0
0
1683487959.84013
msg_begin
7.75659e+06
-363915
2.57847
0.000858558
0.00160545
8.22118e-05
0
0
0
1683487959.89015
msg_begin
7.75659e+06
-363915
2.58131
0.0021278
0.00249964
6.9501e-05
0
0
0
1683487959.94012
msg_begin
7.75659e+06
-363914
2.5799
0.000526021
0.000239225
1.37672e-05
0
0
0
1683487959.99024
msg_begin
7.75659e+06
-363914
2.5798
0.00600226
0.00401133
3.45497e-05
0
0
0
1683487960.04020
msg_begin
7.75659e+06
-363914
2.58059
0.00161227
0.00164801
0.000166082
0
0
0
1683487960.09022
msg_begin
7.75659e+06
-363913
2.58095
0.00208124
0.00417502
0.000381093
0
0
0
1683487960.14037
msg_begin
7.75659e+06
-363913
2.57929
0.023397
0.015273
0.00090878
0
0
0
1683487960.19025
msg_begin
7.75659e+06
-363913
2.58297
0.00349921
0.000123904
7.18018e-05
0
0
0
1683487960.24031
msg_begin
7.75659e+06
-363912
2.58196
0.0169895
0.0137436
0.000564841
0
0
0
1683487960.29030
msg_begin
7.75658e+06
-363912
2.5803
0.00071286
0.000233196
3.92044e-05
0
0
0
1683487960.34033
msg_begin
7.75658e+06
-363912
2.57997
0.00462598
0.00501887
0.000243175
0
0
0
1683487960.39036
msg_begin
7.75658e+06
-363912
2.5817
0.00540212
0.00477579
0.000415635
0
0
0
1683487960.44037
msg_begin
7.75658e+06
-363911
2.58224
0.0229548
0.0164973
0.000223317
0
0
0
1683487960.49081
msg_begin
7.75658e+06
-363911
2.58343
0.00684598
0.00499021
0.000677136
0
0
0
1683487960.54042
msg_begin
7.75658e+06
-363911
2.58471
0.0139398
0.00972791
0.000672771
0
0
0
1683487960.59045
msg_begin
7.75658e+06
-363910
2.58378
0.00609226
0.00105193
9.49816e-05
0
0
0
1683487960.64051
msg_begin
7.75658e+06
-363910
2.58352
0.00231729
0.000380658
0.00012619
0
0
0
1683487960.69055
msg_begin
7.75658e+06
-363910
2.58581
1.95578e-08
5.82077e-10
1.33227e-15
0
0
0
1683487960.74059
msg_begin
7.75658e+06
-363909
2.58473
4.19095e-08
3.14321e-09
8.88178e-16
0
0
0
1683487960.79056
msg_begin
7.75658e+06
-363909
2.58487
0.0108057
0.00973319
0.000495119
0
0
0
1683487960.84062
msg_begin
7.75658e+06
-363909
2.58505
0.0601584
0.0279177
0.00132576
0
0
0
1683487960.89068
msg_begin
7.75658e+06
-363909
2.58429
0.0186882
0.010016
0.00064149
0
0
0
1683487960.94081
msg_begin
7.75658e+06
-363908
2.58261
0.0053782
0.00624438
0.000637824
0
0
0
1683487960.99082
msg_begin
7.75658e+06
-363908
2.58584
0.0159384
0.00449123
0.000806254
0
0
0
1683487961.04081
msg_begin
7.75658e+06
-363908
2.58604
8.10251e-08
2.56114e-09
1.33227e-15
0
0
0
1683487961.09088
msg_begin
7.75658e+06
-363907
2.58556
0.0058809
0.00166605
0.000660077
0
0
0
1683487961.14091
msg_begin
7.75658e+06
-363907
2.58519
0.0188125
0.00692371
0.000716688
0
0
0
1683487961.19096
msg_begin
7.75658e+06
-363907
2.58555
0.00853638
0.00244448
0.00115893
0
0
0
1683487961.24100
msg_begin
7.75658e+06
-363907
2.58321
0.00591944
0.00585275
0.000324805
0
0
0
1683487961.29110
msg_begin
7.75657e+06
-363906
2.58326
0.0111902
0.00351074
0.00028626
0
0
0
1683487961.34115
msg_begin
7.75657e+06
-363906
2.58444
0.0302592
0.0145798
0.000476387
0
0
0
1683487961.39116
msg_begin
7.75657e+06
-363906
2.58795
0.00173535
0.00240412
0.000293798
0
0
0
1683487961.44127
msg_begin
7.75657e+06
-363906
2.58476
0.0074769
0.00324732
0.000712365
0
0
0
1683487961.49128
msg_begin
7.75657e+06
-363905
2.58497
5.58794e-08
1.16415e-10
3.10862e-15
0
0
0
1683487961.54145
msg_begin
7.75657e+06
-363905
2.58389
0.00362746
0.00641723
0.000182389
0
0
0
1683487961.59142
msg_begin
7.75657e+06
-363905
2.58556
4.65661e-09
1.22236e-09
2.66454e-15
0
0
0
1683487961.64149
msg_begin
7.75657e+06
-363904
2.58603
0.00184376
0.00150625
0.000243939
0
0
0
1683487961.69150
msg_begin
7.75657e+06
-363904
2.58247
0.000949379
0.00135111
6.41094e-05
0
0
0
1683487961.74157
msg_begin
7.75657e+06
-363904
2.58238
0.00712466
0.0021482
0.000376097
0
0
0
1683487961.79167
msg_begin
7.75657e+06
-363904
2.58121
0.00125706
0.00342684
0.000559765
0
0
0
1683487961.84171
msg_begin
7.75657e+06
-363903
2.58058
0.00307137
0.000401518
0.000161714
0
0
0
1683487961.89170
msg_begin
7.75657e+06
-363903
2.57908
0.000701734
0.00123283
5.66437e-05
0
0
0
1683487961.94177
msg_begin
7.75657e+06
-363903
2.57792
0.00811978
0.00212747
0.000373836
0
0
0
1683487961.99179
msg_begin
7.75657e+06
-363903
2.57784
5.58794e-08
2.85218e-09
1.33227e-15
0
0
0
1683487962.04190
msg_begin
7.75657e+06
-363902
2.57864
0.00188059
0.00066509
0.00012023
0
0
0
1683487962.09197
msg_begin
7.75657e+06
-363902
2.57703
0.00275496
0.00302561
0.00020295
0
0
0
1683487962.14203
msg_begin
7.75657e+06
-363902
2.57801
0.0067949
0.00833716
0.000722623
0
0
0
1683487962.19192
msg_begin
7.75657e+06
-363902
2.57889
5.09559e-05
0.00115655
3.02644e-05
0
0
0
1683487962.24191
msg_begin
7.75657e+06
-363901
2.57617
0.00231487
0.00113059
0.000219078
0
0
0
1683487962.29190
msg_begin
7.75657e+06
-363901
2.5776
0.00384766
0.00901135
0.000405481
0
0
0
1683487962.34196
msg_begin
7.75657e+06
-363901
2.57745
1.88607e-05
0.00318907
0.00037722
0
0
0
1683487962.39194
msg_begin
7.75657e+06
-363900
2.5777
5.02914e-08
2.61934e-09
8.88178e-16
0
0
0
1683487962.44191
msg_begin
7.75656e+06
-363900
2.57746
8.00937e-08
5.82077e-10
4.44089e-16
0
0
0
1683487962.49208
msg_begin
7.75656e+06
-363900
2.57492
0.0216049
0.0162956
0.000935388
0
0
0
1683487962.54207
msg_begin
7.75656e+06
-363899
2.57146
0.0209066
0.00946488
0.000306334
0
0
0
1683487962.64204
msg_begin
7.75656e+06
-363899
2.56852
0.0158682
0.0126297
0.00194878
0
0
0
1683487962.69200
msg_begin
7.75656e+06
-363899
2.56982
0.0034766
0.00161428
0.000896257
0
0
0
1683487962.74201
msg_begin
7.75656e+06
-363899
2.56439
0.000607837
0.005811
0.000132615
0
0
0
1683487962.79200
msg_begin
7.75656e+06
-363898
2.56362
1.58325e-08
1.97906e-09
2.22045e-15
0
0
0
1683487962.84196
msg_begin
7.75656e+06
-363898
2.56093
0.00241713
0.00651046
6.31374e-05
0
0
0
1683487962.89195
msg_begin
7.75656e+06
-363898
2.55917
0.00250821
0.00319399
0.000770004
0
0
0
1683487962.94203
msg_begin
7.75656e+06
-363898
2.55623
0.00879319
0.00327143
6.27657e-05
0
0
0
1683487962.99195
msg_begin
7.75656e+06
-363897
2.5553
0.00699893
0.00726724
0.000206174
0
0
0
1683487963.04196
msg_begin
7.75656e+06
-363897
2.55134
0.0131006
0.00801349
0.000391873
0
0
0
1683487963.09193
msg_begin
7.75656e+06
-363897
2.54973
0.000127825
0.000930356
4.56738e-05
0
0
0
1683487963.14199
msg_begin
7.75656e+06
-363897
2.54807
0.00212974
0.00177412
0.000291679
0
0
0
1683487963.19200
msg_begin
7.75656e+06
-363896
2.54546
0.01976
0.010856
0.000618128
0
0
0
1683487963.24198
msg_begin
7.75656e+06
-363896
2.54577
0.00458996
0.00577283
0.000398233
0
0
0
1683487963.29201
msg_begin
7.75656e+06
-363896
2.54161
0.0104616
0.0104445
0.00105
0
0
0
1683487963.34209
msg_begin
7.75656e+06
-363896
2.53911
0.00535356
0.0131889
0.000330322
0
0
0
1683487963.39203
msg_begin
7.75656e+06
-363895
2.53721
0.00794643
0.00342215
0.000361468
0
0
0
1683487963.44200
msg_begin
7.75656e+06
-363895
2.53282
0.00236522
0.00587869
7.89598e-05
0
0
0
1683487963.49277
msg_begin
7.75656e+06
-363895
2.53028
0.00134389
0.000860783
0.000204855
0
0
0
1683487963.54213
msg_begin
7.75656e+06
-363895
2.52847
0.00955953
0.0136368
0.000733104
0
0
0
1683487963.59211
msg_begin
7.75656e+06
-363895
2.52159
0.0131911
0.00371913
0.000554153
0
0
0
1683487963.64213
msg_begin
7.75656e+06
-363894
2.51174
0.0102241
0.0097073
0.000742968
0
0
0
1683487963.74218
msg_begin
7.75656e+06
-363894
2.5087
0.0289019
0.0113763
0.00134788
0
0
0
1683487963.79215
msg_begin
7.75655e+06
-363894
2.50536
0.00998866
0.0152717
0.00136504
0
0
0
1683487963.84217
msg_begin
7.75655e+06
-363893
2.50507
7.82311e-08
3.72529e-09
8.88178e-16
0
0
0
1683487963.89223
msg_begin
7.75655e+06
-363893
2.50131
0.012206
0.00930304
0.000592092
0
0
0
1683487963.94221
msg_begin
7.75655e+06
-363893
2.49632
0.00722525
0.00238778
0.000162096
0
0
0
1683487963.99230
msg_begin
7.75655e+06
-363893
2.49163
0.0173725
0.00888363
0.000642031
0
0
0
1683487964.04228
msg_begin
7.75655e+06
-363892
2.48813
0.0364406
0.0246298
0.00178234
0
0
0
1683487964.09233
msg_begin
7.75655e+06
-363892
2.47952
0.00151997
0.00414068
0.000142912
0
0
0
1683487964.14247
msg_begin
7.75655e+06
-363892
2.47728
0.001149
0.000289208
8.97572e-05
0
0
0
1683487964.19234
msg_begin
7.75655e+06
-363892
2.47182
0.000944919
0.00139523
4.60789e-05
0
0
0
1683487964.24230
msg_begin
7.75655e+06
-363891
2.46614
0.00671819
0.00374987
0.000572484
0
0
0
1683487964.29226
msg_begin
7.75655e+06
-363891
2.46013
2.04891e-08
1.33878e-09
3.55271e-15
0
0
0
1683487964.34227
msg_begin
7.75655e+06
-363891
2.45742
0.00135242
0.000235477
0.000228114
0
0
0
1683487964.39221
msg_begin
7.75655e+06
-363891
2.45066
0.0064804
0.00432687
0.000639261
0
0
0
1683487964.44222
msg_begin
7.75655e+06
-363890
2.44595
0.0128255
0.00211232
0.00104155
0
0
0
1683487964.49223
msg_begin
7.75655e+06
-363890
2.43712
0.0238854
0.0143491
0.00152621
0
0
0
1683487964.54220
msg_begin
7.75655e+06
-363890
2.4336
0.00129025
3.30518e-05
7.81311e-05
0
0
0
1683487964.59217
msg_begin
7.75655e+06
-363890
2.42915
2.79397e-09
2.50293e-09
0
0
0
0
1683487964.64215
msg_begin
7.75655e+06
-363889
2.42158
0.0112473
0.0143382
0.000473325
0
0
0
1683487964.69210
msg_begin
7.75655e+06
-363889
2.41249
0.00396101
0.00296686
0.000343285
0
0
0
1683487964.74230
msg_begin
7.75655e+06
-363889
2.4091
0.00955334
0.00805123
0.000241966
0
0
0
1683487964.79222
msg_begin
7.75655e+06
-363889
2.40351
0.0063589
0.00418756
0.000408568
0
0
0
1683487964.84224
msg_begin
7.75655e+06
-363888
2.39699
0.000551865
0.00112067
6.84173e-05
0
0
0
1683487964.89225
msg_begin
7.75655e+06
-363888
2.39173
0.0128236
0.00913748
0.00122819
0
0
0
1683487964.94231
msg_begin
7.75655e+06
-363888
2.38407
0.00436902
0.00705664
0.0017051
0
0
0
1683487964.99222
msg_begin
7.75655e+06
-363888
2.37946
0.0165219
0.00529393
0.00254096
0
0
0
1683487965.04224
msg_begin
7.75655e+06
-363887
2.37275
0.00390188
0.00385264
0.00021155
0
0
0
1683487965.09224
msg_begin
7.75655e+06
-363887
2.3659
0.00545084
0.00472565
0.000106398
0
0
0
1683487965.14234
msg_begin
7.75655e+06
-363887
2.36008
0.000923924
0.000337929
0.000453466
0
0
0
1683487965.19232
msg_begin
7.75655e+06
-363887
2.35066
3.35276e-08
2.56114e-09
8.88178e-16
0
0
0
1683487965.24233
msg_begin
7.75655e+06
-363886
2.34548
0.00406549
0.00111641
0.000105121
0
0
0
1683487965.29229
msg_begin
7.75655e+06
-363886
2.33878
0.00764025
0.0127555
0.00074323
0
0
0
1683487965.34233
msg_begin
7.75655e+06
-363886
2.32961
0.00438249
0.00626038
0.000509505
0
0
0
1683487965.39231
msg_begin
7.75655e+06
-363886
2.32187
0.000214642
0.00408888
0.000187901
0
0
0
1683487965.44233
msg_begin
7.75655e+06
-363885
2.31659
0.0236463
0.0214926
0.00226009
0
0
0
1683487965.49265
msg_begin
7.75654e+06
-363885
2.30748
0.0109787
0.00389243
0.000900608
0
0
0
1683487965.54235
msg_begin
7.75654e+06
-363885
2.3047
0.00973839
0.00854927
0.000452875
0
0
0
1683487965.59233
msg_begin
7.75654e+06
-363885
2.29774
0.000706823
0.000769192
6.15545e-05
0
0
0
1683487965.64232
msg_begin
7.75654e+06
-363884
2.2899
0.000233176
0.000243219
0.000107598
0
0
0
1683487965.69236
msg_begin
7.75654e+06
-363884
2.28144
0.0211111
0.0219688
0.00125664
0
0
0
1683487965.74241
msg_begin
7.75654e+06
-363884
2.27885
0.00200882
0.00171392
0.000194905
0
0
0
1683487965.79306
msg_begin
7.75654e+06
-363884
2.2708
0.000723584
0.00106606
7.3114e-05
0
0
0
1683487965.84226
msg_begin
7.75654e+06
-363883
2.26594
0.00608837
0.00552216
0.000769206
0
0
0
1683487965.89221
msg_begin
7.75654e+06
-363883
2.25873
0.00469604
0.00825081
0.000132555
0
0
0
1683487965.94217
msg_begin
7.75654e+06
-363883
2.25436
0.0157632
0.0161177
0.00064071
0
0
0
1683487965.99224
msg_begin
7.75654e+06
-363883
2.2467
0.00186969
0.00202084
0.000213091
0
0
0
1683487966.04200
msg_begin
7.75654e+06
-363882
2.24362
0.00942715
0.0069829
0.000894474
0
0
0
1683487966.09197
msg_begin
7.75654e+06
-363882
2.23331
0.000651357
0.000802359
6.43815e-05
0
0
0
1683487966.14193
msg_begin
7.75654e+06
-363882
2.23123
0.00438302
0.00479494
8.02549e-05
0
0
0
1683487966.19231
msg_begin
7.75654e+06
-363882
2.22913
0.00956797
0.0115054
0.000391778
0
0
0
1683487966.24192
msg_begin
7.75654e+06
-363881
2.22519
0.00621373
0.006453
0.000712351
0
0
0
1683487966.29189
msg_begin
7.75654e+06
-363881
2.21641
0.0215843
0.0308945
0.00105642
0
0
0
1683487966.34189
msg_begin
7.75654e+06
-363881
2.21171
0.0173665
0.0313691
0.000974851
0
0
0
1683487966.39190
msg_begin
7.75654e+06
-363881
2.20604
0.00123317
0.00274502
0.000108092
0
0
0
1683487966.44184
msg_begin
7.75654e+06
-363880
2.20174
0.00265561
0.0024189
0.000275047
0
0
0
1683487966.49217
msg_begin
7.75654e+06
-363880
2.19892
0.0100145
0.010318
0.00066554
0
0
0
1683487966.54187
msg_begin
7.75654e+06
-363880
2.19574
0.00850908
0.00246846
0.000368722
0
0
0
1683487966.59183
msg_begin
7.75654e+06
-363879
2.18871
3.72529e-08
1.22236e-09
4.44089e-15
0
0
0
1683487966.64188
msg_begin
7.75654e+06
-363879
2.18481
0.00894657
0.00760874
0.00180134
0
0
0
1683487966.69193
msg_begin
7.75654e+06
-363879
2.1765
0.000445093
0.000984315
8.64417e-05
0
0
0
1683487966.74194
msg_begin
7.75654e+06
-363879
2.17235
0.00359393
0.00704313
0.000532914
0
0
0
1683487966.79193
msg_begin
7.75654e+06
-363878
2.17026
0.00170739
0.00358455
0.000117236
0
0
0
1683487966.84186
msg_begin
7.75654e+06
-363878
2.16721
0.00053136
0.00102513
1.73666e-05
0
0
0
1683487966.89181
msg_begin
7.75654e+06
-363878
2.16098
0.00134217
0.00449513
0.000179979
0
0
0
1683487966.94173
msg_begin
7.75654e+06
-363878
2.15713
0.000952036
0.00141108
0.000145522
0
0
0
1683487966.99169
msg_begin
7.75654e+06
-363877
2.1507
0.0153374
0.013465
0.00159837
0
0
0
1683487967.04165
msg_begin
7.75654e+06
-363877
2.14594
0.00941862
0.013216
0.000694356
0
0
0
1683487967.09164
msg_begin
7.75654e+06
-363877
2.14169
0.00855059
0.0111646
0.000519245
0
0
0
1683487967.14163
msg_begin
7.75654e+06
-363877
2.13608
0.00291232
0.00659196
0.000276134
0
0
0
1683487967.19163
msg_begin
7.75654e+06
-363877
2.13255
0.00512104
0.00503653
0.000677109
0
0
0
1683487967.24157
msg_begin
7.75654e+06
-363876
2.12518
0.00362371
0.00514408
0.000456976
0
0
0
1683487967.29151
msg_begin
7.75654e+06
-363876
2.1225
0.0098885
0.0101397
0.000555189
0
0
0
1683487967.34143
msg_begin
7.75654e+06
-363876
2.11934
0.00483027
0.00451708
0.000653245
0
0
0
1683487967.39145
msg_begin
7.75654e+06
-363876
2.11307
0.00128613
0.000520433
0.000120282
0
0
0
1683487967.44142
msg_begin
7.75654e+06
-363875
2.10844
0.0139289
0.0264481
0.00174005
0
0
0
1683487967.49139
msg_begin
7.75654e+06
-363875
2.10485
0.00117706
0.00205868
0.000200837
0
0
0
1683487967.54133
msg_begin
7.75654e+06
-363875
2.10169
2.32831e-08
2.09548e-09
4.44089e-15
0
0
0
1683487967.59136
msg_begin
7.75654e+06
-363875
2.09828
0.0128419
0.0090751
0.00135319
0
0
0
1683487967.64132
msg_begin
7.75654e+06
-363875
2.09612
0.00213204
0.00327392
0.000245788
0
0
0
1683487967.69137
msg_begin
7.75654e+06
-363874
2.09118
0.0188491
0.0303905
0.00144997
0
0
0
1683487967.74126
msg_begin
7.75654e+06
-363874
2.08731
0.000327827
0.00257726
0.000511859
0
0
0
1683487967.79155
msg_begin
7.75654e+06
-363874
2.08719
9.84717e-05
0.000423784
6.14455e-05
0
0
0
1683487967.84130
msg_begin
7.75654e+06
-363874
2.08482
0.00869451
0.0102776
0.000667589
0
0
0
1683487967.89126
msg_begin
7.75654e+06
-363874
2.07862
0.00100265
0.00275852
7.91562e-05
0
0
0
1683487967.94125
msg_begin
7.75654e+06
-363873
2.07554
0.0126881
0.0128308
0.000806787
0
0
0
1683487967.99127
msg_begin
7.75654e+06
-363873
2.0666
0.000696569
0.00328308
0.000152538
0
0
0
1683487968.04129
msg_begin
7.75654e+06
-363873
2.06489
0.00329217
0.00895954
0.000331836
0
0
0
1683487968.09126
msg_begin
7.75654e+06
-363873
2.06096
0.00777254
0.0112673
0.000469442
0
0
0
1683487968.14123
msg_begin
7.75654e+06
-363872
2.05948
0.00890482
0.0187358
0.000740705
0
0
0
1683487968.19165
msg_begin
7.75654e+06
-363872
2.05392
0.00319482
0.00200311
6.9433e-05
0
0
0
1683487968.24130
msg_begin
7.75654e+06
-363872
2.05302
0.00382399
0.00415117
0.00066664
0
0
0
1683487968.29128
msg_begin
7.75654e+06
-363872
2.05236
0.00820835
0.0161154
0.00126158
0
0
0
1683487968.34129
msg_begin
7.75654e+06
-363872
2.04806
0.0050036
0.0150188
0.00092488
0
0
0
1683487968.39129
msg_begin
7.75654e+06
-363872
2.04958
1.11759e-08
2.32831e-10
1.33227e-15
0
0
0
1683487968.44137
msg_begin
7.75654e+06
-363871
2.04603
0.00885145
0.00844038
0.00123794
0
0
0
1683487968.49130
msg_begin
7.75653e+06
-363871
2.04411
0.00407339
0.00667887
0.000412166
0
0
0
1683487968.54136
msg_begin
7.75653e+06
-363871
2.03908
0.00284445
0.00445347
0.0013575
0
0
0
1683487968.59130
msg_begin
7.75653e+06
-363871
2.03681
0.00354792
0.00291325
0.000249134
0
0
0
1683487968.64123
msg_begin
7.75653e+06
-363871
2.03737
0.000845666
0.00452792
0.000101579
0
0
0
1683487968.69115
msg_begin
7.75653e+06
-363871
2.0338
0.0022337
0.00411992
0.000238531
0
0
0
1683487968.74108
msg_begin
7.75653e+06
-363870
2.03102
0.00478861
0.00503938
0.000528573
0
0
0
1683487968.79111
msg_begin
7.75653e+06
-363870
2.02949
0.00782361
0.0114021
0.000672817
0
0
0
1683487968.84110
msg_begin
7.75653e+06
-363870
2.02535
0.00380786
0.00460579
0.000344221
0
0
0
1683487968.89099
msg_begin
7.75653e+06
-363870
2.02324
0.00815694
0.00515712
0.00017775
0
0
0
1683487968.94099
msg_begin
7.75653e+06
-363870
2.02345
0.00851651
0.00927717
0.000634664
0
0
0
1683487968.99105
msg_begin
7.75653e+06
-363870
2.02264
1.49012e-08
5.82077e-10
8.88178e-16
0
0
0
1683487969.04104
msg_begin
7.75653e+06
-363870
2.02171
0.00532743
0.00655645
0.000886493
0
0
0
1683487969.09104
msg_begin
7.75653e+06
-363869
2.01825
0.00061102
0.00143672
9.23149e-05
0
0
0
1683487969.14100
msg_begin
7.75653e+06
-363869
2.01601
0.00792065
0.0093258
0.000386775
0
0
0
1683487969.19098
msg_begin
7.75653e+06
-363869
2.01398
0.00574845
0.0136579
0.000738766
0
0
0
1683487969.24100
msg_begin
7.75653e+06
-363869
2.01043
0.00262346
0.00903304
0.000179496
0
0
0
1683487969.29099
msg_begin
7.75653e+06
-363869
2.00977
0.0191959
0.00647518
0.000378872
0
0
0
1683487969.34100
msg_begin
7.75653e+06
-363869
2.00788
1.95578e-08
3.43425e-09
8.88178e-16
0
0
0
1683487969.39117
msg_begin
7.75653e+06
-363869
2.00517
0.0074117
0.0157443
0.00113476
0
0
0
1683487969.44097
msg_begin
7.75653e+06
-363868
2.00372
0.0065433
0.0120522
0.000221745
0
0
0
1683487969.49146
msg_begin
7.75653e+06
-363868
2.00395
0.0160097
0.0157194
0.00157698
0
0
0
1683487969.54102
msg_begin
7.75653e+06
-363868
2.0015
0.00705154
0.0162682
0.000953877
0
0
0
1683487969.59106
msg_begin
7.75653e+06
-363868
1.99968
0.00775026
0.00416167
0.000891608
0
0
0
1683487969.64100
msg_begin
7.75653e+06
-363868
2.00012
0.00429526
0.00939923
0.00245875
0
0
0
1683487969.69098
msg_begin
7.75653e+06
-363868
1.99504
3.81842e-08
1.74623e-10
6.66134e-16
0
0
0
1683487969.74100
msg_begin
7.75653e+06
-363868
1.99601
0.00829477
0.00146798
0.000267004
0
0
0
1683487969.79148
msg_begin
7.75653e+06
-363868
1.9973
1.42637e-05
3.2261e-05
0.000254092
0
0
0
1683487969.84098
msg_begin
7.75653e+06
-363867
1.99135
0.00452896
0.00503998
0.000380022
0
0
0
1683487969.89097
msg_begin
7.75653e+06
-363867
1.99192
0.00296099
0.00336014
0.000416035
0
0
0
1683487969.94095
msg_begin
7.75653e+06
-363867
1.98759
0.00496608
0.00581275
0.000410153
0
0
0
1683487969.99102
msg_begin
7.75653e+06
-363867
1.9898
0.00269029
0.0115269
0.000744107
0
0
0
1683487970.04101
msg_begin
7.75653e+06
-363867
1.98876
0.00640287
0.00769606
0.00073489
0
0
0
1683487970.09099
msg_begin
7.75653e+06
-363867
1.98417
0.00367179
0.0100647
0.00122559
0
0
0
1683487970.14100
msg_begin
7.75653e+06
-363867
1.98279
0.00517647
0.00552728
0.000427844
0
0
0
1683487970.19170
msg_begin
7.75653e+06
-363866
1.98024
0.00427143
0.00760079
0.000423752
0
0
0
1683487970.24104
msg_begin
7.75653e+06
-363866
1.97934
0.00812097
0.0079792
0.00162999
0
0
0
1683487970.29102
msg_begin
7.75653e+06
-363866
1.97462
0.00348414
0.00546082
0.000160705
0
0
0
1683487970.34106
msg_begin
7.75653e+06
-363866
1.97716
0.00325271
0.00611216
0.000279232
0
0
0
1683487970.39111
msg_begin
7.75653e+06
-363866
1.97045
1.76951e-08
3.14321e-09
3.33067e-15
0
0
0
1683487970.44113
msg_begin
7.75653e+06
-363866
1.96792
0.00374722
0.0084295
0.000368621
0
0
0
1683487970.49113
msg_begin
7.75653e+06
-363866
1.9673
0.0030755
0.00818694
0.000465711
0
0
0
1683487970.54121
msg_begin
7.75653e+06
-363865
1.96521
0.00173462
0.00594572
0.00018122
0
0
0
1683487970.59111
msg_begin
7.75653e+06
-363865
1.96314
0.00607985
0.0101568
0.000862329
0
0
0
1683487970.64108
msg_begin
7.75653e+06
-363865
1.96103
0.00396189
0.00231292
0.000559297
0
0
0
1683487970.69106
msg_begin
7.75653e+06
-363865
1.96013
0.0028944
0.00991517
0.000765398
0
0
0
1683487970.74101
msg_begin
7.75653e+06
-363865
1.96016
0.00425204
0.0114971
0.000496927
0
0
0
1683487970.79105
msg_begin
7.75653e+06
-363865
1.96144
0.00120706
0.00760843
0.000251625
0
0
0
1683487970.84098
msg_begin
7.75653e+06
-363864
1.95928
0.00220287
0.00273423
0.000125066
0
0
0
1683487970.89101
msg_begin
7.75653e+06
-363864
1.95562
0.0017609
0.0078541
0.000223784
0
0
0
1683487970.94100
msg_begin
7.75653e+06
-363864
1.95461
0.00361874
0.0136521
0.000914813
0
0
0
1683487970.99102
msg_begin
7.75653e+06
-363864
1.95324
0.00654234
0.011321
0.000691206
0
0
0
1683487971.04103
msg_begin
7.75653e+06
-363864
1.94844
0.00262752
0.00102887
0.000478691
0
0
0
1683487971.09103
msg_begin
7.75653e+06
-363864
1.94814
0.00404965
0.00604914
0.000283839
0
0
0
1683487971.14104
msg_begin
7.75653e+06
-363864
1.94674
0.00448683
0.00326666
0.00046728
0
0
0
1683487971.19108
msg_begin
7.75653e+06
-363863
1.94064
0.00122665
0.00637274
5.34503e-05
0
0
0
1683487971.24109
msg_begin
7.75653e+06
-363863
1.94078
0.00494756
0.00516837
0.000796766
0
0
0
1683487971.29116
msg_begin
7.75653e+06
-363863
1.93903
0.00538942
0.00871109
0.000820547
0
0
0
1683487971.34110
msg_begin
7.75653e+06
-363863
1.93454
0.00643949
0.0150919
0.00104457
0
0
0
1683487971.39114
msg_begin
7.75653e+06
-363863
1.93499
0.00418797
0.00686614
0.000726275
0
0
0
1683487971.44122
msg_begin
7.75653e+06
-363862
1.93389
0.00354595
0.00341142
0.000327943
0
0
0
1683487971.49207
msg_begin
7.75653e+06
-363862
1.93221
8.73297e-05
0.00548018
0.000261966
0
0
0
1683487971.54124
msg_begin
7.75653e+06
-363862
1.92496
0.000201427
0.0011736
1.51323e-05
0
0
0
1683487971.59127
msg_begin
7.75653e+06
-363862
1.92487
3.72529e-09
2.73576e-09
1.33227e-15
0
0
0
1683487971.64133
msg_begin
7.75653e+06
-363862
1.92184
0.00167409
0.00267879
0.000335269
0
0
0
1683487971.69135
msg_begin
7.75653e+06
-363862
1.91896
0.00950129
0.00786598
0.00034982
0
0
0
1683487971.74141
msg_begin
7.75653e+06
-363861
1.9195
0.0152236
0.012684
0.00107985
0
0
0
1683487971.79147
msg_begin
7.75653e+06
-363861
1.91753
0.00203336
0.000468746
0.000167967
0
0
0
1683487971.84148
msg_begin
7.75653e+06
-363861
1.91202
0.00104231
0.00502981
0.0001048
0
0
0
1683487971.89163
msg_begin
7.75653e+06
-363861
1.90831
0.00549304
0.0278827
0.00101293
0
0
0
1683487971.94157
msg_begin
7.75653e+06
-363861
1.90949
0.00202801
0.00153152
0.000399434
0
0
0
1683487971.99215
msg_begin
7.75653e+06
-363861
1.90326
0.00273181
0.0190146
0.000678972
0
0
0
1683487972.04166
msg_begin
7.75653e+06
-363860
1.90037
0.00158834
0.00448869
0.000140112
0
0
0
1683487972.09173
msg_begin
7.75653e+06
-363860
1.89969
0.000597831
0.000299609
6.97483e-05
0
0
0
1683487972.14179
msg_begin
7.75653e+06
-363860
1.89994
4.62275e-07
0.00111602
2.21917e-05
0
0
0
1683487972.19241
msg_begin
7.75653e+06
-363860
1.89568
0.00119438
0.00664965
0.000317994
0
0
0
1683487972.24190
msg_begin
7.75653e+06
-363860
1.89353
0.00387321
0.0142831
0.00218596
0
0
0
1683487972.29191
msg_begin
7.75653e+06
-363859
1.88893
0.00245488
0.00605809
0.000284094
0
0
0
1683487972.34190
msg_begin
7.75653e+06
-363859
1.88806
0.00323556
0.00846921
0.000394897
0
0
0
1683487972.39195
msg_begin
7.75653e+06
-363859
1.88274
0.00196056
0.00110593
0.000144771
0
0
0
1683487972.44205
msg_begin
7.75653e+06
-363859
1.88061
0.00609201
0.0127536
0.000663664
0
0
0
1683487972.49233
msg_begin
7.75653e+06
-363859
1.87607
0.000396646
0.00941669
8.37448e-05
0
0
0
1683487972.54225
msg_begin
7.75653e+06
-363858
1.87398
0.00639253
0.0141635
0.000395377
0
0
0
1683487972.59207
msg_begin
7.75653e+06
-363858
1.86492
0.00221832
0.0108308
0.000195804
0
0
0
1683487972.69202
msg_begin
7.75653e+06
-363858
1.85985
0.00933291
0.00861069
0.000607094
0
0
0
1683487972.74218
msg_begin
7.75653e+06
-363857
1.85729
0.00139104
0.00304292
7.40804e-06
0
0
0
1683487972.79195
msg_begin
7.75653e+06
-363857
1.8562
0.0021515
0.00768939
0.000413813
0
0
0
1683487972.84188
msg_begin
7.75653e+06
-363857
1.84916
0.00133533
0.000907617
0.000340441
0
0
0
1683487972.89178
msg_begin
7.75653e+06
-363857
1.84583
0.0117104
0.0127845
0.000813062
0
0
0
1683487972.94173
msg_begin
7.75653e+06
-363857
1.84133
0.00459953
0.00179008
0.000423433
0
0
0
1683487972.99169
msg_begin
7.75653e+06
-363856
1.83816
0.00254861
0.00219057
0.000200968
0
0
0
1683487973.04158
msg_begin
7.75653e+06
-363856
1.83695
0.000876711
0.000716635
0.000254221
0
0
0
1683487973.09154
msg_begin
7.75653e+06
-363856
1.83157
0.00389385
0.0115952
0.000583848
0
0
0
1683487973.14202
msg_begin
7.75653e+06
-363856
1.82534
0.000135501
0.00217556
4.22434e-05
0
0
0
1683487973.19154
msg_begin
7.75653e+06
-363855
1.82132
0.00300406
0.0238619
0.000529296
0
0
0
1683487973.24149
msg_begin
7.75653e+06
-363855
1.81755
0.00436283
0.0152423
0.000611365
0
0
0
1683487973.29148
msg_begin
7.75653e+06
-363855
1.81398
0.0049611
0.0420675
0.000473133
0
0
0
1683487973.34144
msg_begin
7.75653e+06
-363855
1.81088
0.00341839
0.00561961
0.000455305
0
0
0
1683487973.39146
msg_begin
7.75653e+06
-363854
1.80881
1.02445e-08
2.38651e-09
6.66134e-16
0
0
0
1683487973.44142
msg_begin
7.75653e+06
-363854
1.80548
0.00411471
0.0293974
0.00167802
0
0
0
1683487973.49153
msg_begin
7.75653e+06
-363854
1.79748
0.00289235
0.012286
0.000693578
0
0
0
1683487973.54147
msg_begin
7.75653e+06
-363854
1.79282
0.0024739
0.00386263
0.000238436
0
0
0
1683487973.59160
msg_begin
7.75653e+06
-363853
1.78401
0.000771335
0.00010997
0.00040242
0
0
0
1683487973.64154
msg_begin
7.75653e+06
-363853
1.78579
0.00627677
0.0024577
0.000656701
0
0
0
1683487973.69151
msg_begin
7.75653e+06
-363853
1.78215
3.72529e-09
7.567e-10
0
0
0
0
1683487973.74157
msg_begin
7.75653e+06
-363853
1.77815
0.00277043
0.00874706
0.000761186
0
0
0
1683487973.79155
msg_begin
7.75653e+06
-363852
1.77093
0.00249856
0.00596613
0.000875774
0
0
0
1683487973.84162
msg_begin
7.75653e+06
-363852
1.7682
0.00284315
0.00342209
0.000306265
0
0
0
1683487973.89170
msg_begin
7.75653e+06
-363852
1.76262
0.0104262
0.0130125
0.00152892
0
0
0
1683487973.94328
msg_begin
7.75653e+06
-363852
1.75674
0.00139653
0.000482821
0.000183002
0
0
0
1683487973.99174
msg_begin
7.75653e+06
-363851
1.75567
0.00604105
0.0128345
0.000916602
0
0
0
1683487974.04172
msg_begin
7.75653e+06
-363851
1.75041
0.00385786
0.0198419
0.0019693
0
0
0
1683487974.09180
msg_begin
7.75653e+06
-363851
1.74897
0.00761494
0.014902
0.000592604
0
0
0
1683487974.14181
msg_begin
7.75653e+06
-363851
1.74268
0.000886067
0.00752957
0.000201052
0
0
0
1683487974.19187
msg_begin
7.75653e+06
-363850
1.73882
0.00367434
0.0244155
0.000420472
0
0
0
1683487974.24198
msg_begin
7.75653e+06
-363850
1.73166
0.00561048
0.0162187
0.000596129
0
0
0
1683487974.29195
msg_begin
7.75653e+06
-363850
1.72656
0.00415303
0.0135191
0.00107147
0
0
0
1683487974.34195
msg_begin
7.75653e+06
-363849
1.722
0.000990522
0.0107194
0.000349707
0
0
0
1683487974.39292
msg_begin
7.75653e+06
-363849
1.71685
0.000110959
0.00242896
6.37134e-06
0
0
0
1683487974.44208
msg_begin
7.75653e+06
-363849
1.71319
0.00292904
0.0127029
1.9761e-05
0
0
0
1683487974.49295
msg_begin
7.75653e+06
-363849
1.70409
1.21072e-08
6.40284e-10
2.22045e-16
0
0
0
1683487974.54257
msg_begin
7.75653e+06
-363848
1.70161
0.00403784
0.00336508
0.000350679
0
0
0
1683487974.59201
msg_begin
7.75653e+06
-363848
1.69631
0.000856675
0.00528882
0.000288199
0
0
0
1683487974.64193
msg_begin
7.75653e+06
-363848
1.68912
0.00198987
0.0124226
0.000337332
0
0
0
1683487974.69193
msg_begin
7.75653e+06
-363848
1.68515
5.96046e-08
2.67755e-09
8.88178e-16
0
0
0
1683487974.74192
msg_begin
7.75653e+06
-363847
1.67888
0.00308691
0.0257978
0.000370812
0
0
0
1683487974.79191
msg_begin
7.75653e+06
-363847
1.67448
0.013965
0.00808418
0.000940802
0
0
0
1683487974.84185
msg_begin
7.75653e+06
-363847
1.66936
0.0044932
0.0134029
0.00133218
0
0
0
1683487974.89184
msg_begin
7.75653e+06
-363846
1.66521
0.00345819
0.017574
0.00110776
0
0
0
1683487974.94196
msg_begin
7.75653e+06
-363846
1.66104
3.13549e-05
0.000311753
0.000142671
0
0
0
1683487974.99185
msg_begin
7.75653e+06
-363846
1.65342
9.31323e-10
2.56114e-09
2.22045e-16
0
0
0
1683487975.04191
msg_begin
7.75653e+06
-363846
1.65033
3.25963e-08
8.14907e-10
4.44089e-16
0
0
0
1683487975.09189
msg_begin
7.75653e+06
-363845
1.64451
0.00328055
0.00395286
0.000394107
0
0
0
1683487975.14195
msg_begin
7.75653e+06
-363845
1.63788
0.00673508
0.0080251
0.000533376
0
0
0
1683487975.19196
msg_begin
7.75653e+06
-363845
1.63295
4.74975e-08
3.84171e-09
4.44089e-16
0
0
0
1683487975.24197
msg_begin
7.75653e+06
-363844
1.62321
0.00281166
0.0129909
0.000576884
0
0
0
1683487975.29199
msg_begin
7.75653e+06
-363844
1.62186
3.25963e-08
6.40284e-10
2.22045e-16
0
0
0
1683487975.34256
msg_begin
7.75653e+06
-363844
1.61591
0.000430943
3.81823e-05
1.41778e-05
0
0
0
1683487975.39195
msg_begin
7.75653e+06
-363844
1.6112
0.00156678
0.025933
0.000186093
0
0
0
1683487975.44193
msg_begin
7.75653e+06
-363843
1.60656
6.51926e-09
2.50293e-09
0
0
0
0
1683487975.49228
msg_begin
7.75653e+06
-363843
1.59969
0.00266928
0.00238901
0.000835394
0
0
0
1683487975.54181
msg_begin
7.75653e+06
-363843
1.59224
0.00546564
0.0245139
0.00111238
0
0
0
1683487975.59183
msg_begin
7.75653e+06
-363842
1.58557
0.00161434
0.00187883
0.000751353
0
0
0
1683487975.64180
msg_begin
7.75653e+06
-363842
1.58204
5.5123e-05
7.60367e-05
4.76374e-05
0
0
0
1683487975.69186
msg_begin
7.75653e+06
-363842
1.57504
0.00217551
0.0191664
0.0013305
0
0
0
1683487975.74182
msg_begin
7.75653e+06
-363841
1.56872
0.000589257
0.000591413
0.000202343
0
0
0
1683487975.79185
msg_begin
7.75653e+06
-363841
1.56391
4.00469e-08
2.67755e-09
0
0
0
0
1683487975.84184
msg_begin
7.75653e+06
-363841
1.55683
0.00327938
0.00121099
0.000442391
0
0
0
1683487975.89184
msg_begin
7.75653e+06
-363840
1.55267
0.00359016
0.0216229
0.00139398
0
0
0
1683487975.94183
msg_begin
7.75653e+06
-363840
1.54925
8.00937e-08
2.03727e-09
0
0
0
0
1683487975.99185
msg_begin
7.75653e+06
-363840
1.54119
0.00119265
0.00226587
9.04957e-05
0
0
0
1683487976.04183
msg_begin
7.75653e+06
-363840
1.53872
7.45058e-08
1.5134e-09
0
0
0
0
1683487976.09192
msg_begin
7.75653e+06
-363839
1.53138
7.45058e-08
1.10595e-09
0
0
0
0
1683487976.14175
msg_begin
7.75653e+06
-363839
1.52521
0.0101309
0.0652204
0.000551769
0
0
0
1683487976.19177
msg_begin
7.75653e+06
-363839
1.51884
3.72529e-09
9.8953e-10
0
0
0
0
1683487976.24166
msg_begin
7.75653e+06
-363838
1.51534
0.00345439
0.0189737
0.000232055
0
0
0
1683487976.29160
msg_begin
7.75653e+06
-363838
1.51223
0.00179235
0.00190064
0.00023342
0
0
0
1683487976.34149
msg_begin
7.75653e+06
-363838
1.50862
0.00381593
0.00954577
0.000192466
0
0
0
1683487976.39140
msg_begin
7.75653e+06
-363838
1.50292
0.00340954
0.0106627
0.000568235
0
0
0
1683487976.44133
msg_begin
7.75653e+06
-363837
1.50112
0.000679249
0.00441397
0.000172679
0
0
0
1683487976.49164
msg_begin
7.75653e+06
-363837
1.49729
4.12686e-05
0.000834929
2.81345e-06
0
0
0
1683487976.54126
msg_begin
7.75653e+06
-363837
1.49262
0.000335053
0.00245544
5.84779e-05
0
0
0
1683487976.59120
msg_begin
7.75653e+06
-363836
1.48866
0.00513663
0.0227544
0.00205779
0
0
0
1683487976.64112
msg_begin
7.75653e+06
-363836
1.4852
1.33793e-07
2.34149e-06
7.40242e-08
0
0
0
1683487976.69111
msg_begin
7.75653e+06
-363836
1.48391
0.000966301
0.00199068
0.0005199
0
0
0
1683487976.74113
msg_begin
7.75653e+06
-363836
1.48362
0.0055901
0.0128766
0.000317153
0
0
0
1683487976.79105
msg_begin
7.75653e+06
-363835
1.48114
0.00681493
0.0423134
0.000868865
0
0
0
1683487976.84104
msg_begin
7.75653e+06
-363835
1.47813
0.00952017
0.00751689
0.00058797
0
0
0
1683487976.89096
msg_begin
7.75653e+06
-363835
1.47541
0.00106685
0.00591121
0.000496053
0
0
0
1683487976.94088
msg_begin
7.75653e+06
-363834
1.47458
0.000176116
0.000204633
4.20959e-06
0
0
0
1683487976.99087
msg_begin
7.75653e+06
-363834
1.47324
3.25963e-08
3.66708e-09
6.66134e-16
0
0
0
1683487977.04085
msg_begin
7.75653e+06
-363834
1.47198
0.00673874
0.00836907
0.000193096
0
0
0
1683487977.09086
msg_begin
7.75653e+06
-363833
1.47158
0.000157991
0.000754682
2.2271e-05
0
0
0
1683487977.14115
msg_begin
7.75653e+06
-363833
1.46739
0.00698562
0.0293295
0.000378094
0
0
0
1683487977.19087
msg_begin
7.75653e+06
-363833
1.46696
0.0046755
0.010211
0.000552409
0
0
0
1683487977.24085
msg_begin
7.75653e+06
-363832
1.46356
5.96046e-08
2.03727e-09
8.88178e-16
0
0
0
1683487977.29096
msg_begin
7.75653e+06
-363832
1.46413
0.00244198
0.0197806
0.000100066
0
0
0
1683487977.34139
msg_begin
7.75653e+06
-363831
1.46322
0.000894989
0.00341947
0.00010611
0
0
0
1683487977.39089
msg_begin
7.75653e+06
-363831
1.4612
0.000107212
0.00302575
5.86753e-05
0
0
0
1683487977.44088
msg_begin
7.75653e+06
-363831
1.45929
3.45161e-05
0.0110245
6.46997e-06
0
0
0
1683487977.49147
msg_begin
7.75653e+06
-363830
1.4565
0.00143454
0.00437357
3.92275e-05
0
0
0
1683487977.54089
msg_begin
7.75653e+06
-363829
1.4525
0.000211659
0.00147812
5.53863e-06
0
0
0
1683487977.64092
msg_begin
7.75653e+06
-363829
1.44726
0.00654569
0.0036682
0.000359781
0
0
0
1683487977.74096
msg_begin
7.75653e+06
-363828
1.44708
2.79397e-09
1.5134e-09
2.22045e-16
0
0
0
1683487977.79099
msg_begin
7.75653e+06
-363828
1.44494
0.00713174
0.0131838
0.00025097
0
0
0
1683487977.84099
msg_begin
7.75653e+06
-363828
1.44169
0.00668726
0.0131656
0.000674953
0
0
0
1683487977.89108
msg_begin
7.75653e+06
-363827
1.44112
0.00585529
0.00380807
0.000672664
0
0
0
1683487977.94139
msg_begin
7.75653e+06
-363827
1.43887
8.3819e-09
3.49246e-10
1.11022e-15
0
0
0
1683487977.99111
msg_begin
7.75653e+06
-363827
1.43463
0.00538754
0.0090655
0.000841165
0
0
0
1683487978.04112
msg_begin
7.75653e+06
-363826
1.43346
0.00510021
0.0148217
0.000193782
0
0
0
1683487978.09122
msg_begin
7.75653e+06
-363826
1.43572
4.47035e-08
2.73576e-09
2.22045e-16
0
0
0
1683487978.14116
msg_begin
7.75653e+06
-363826
1.43142
0.00376697
0.0217907
0.000214839
0
0
0
1683487978.19109
msg_begin
7.75653e+06
-363825
1.43096
0.000641007
0.00112318
4.46389e-05
0
0
0
1683487978.24125
msg_begin
7.75653e+06
-363825
1.42826
0.00101114
0.0152388
0.000117081
0
0
0
1683487978.29114
msg_begin
7.75653e+06
-363824
1.42841
0.00136067
0.0185584
0.000532019
0
0
0
1683487978.34126
msg_begin
7.75653e+06
-363824
1.42719
0.00405036
0.0224979
3.07821e-05
0
0
0
1683487978.39129
msg_begin
7.75653e+06
-363824
1.42683
0.00274008
0.00730363
0.000271506
0
0
0
1683487978.44131
msg_begin
7.75653e+06
-363824
1.42745
5.02914e-08
1.5134e-09
4.44089e-16
0
0
0
1683487978.49160
msg_begin
7.75653e+06
-363823
1.42523
0.000754552
0.00626396
0.00033538
0
0
0
1683487978.54147
msg_begin
7.75653e+06
-363823
1.42351
0.000441858
0.0152038
6.96026e-05
0
0
0
1683487978.59142
msg_begin
7.75653e+06
-363823
1.42358
1.21072e-08
1.45519e-09
1.77636e-15
0
0
0
1683487978.64150
msg_begin
7.75653e+06
-363822
1.42329
0.00238693
0.0385327
0.000128494
0
0
0
1683487978.69153
msg_begin
7.75653e+06
-363822
1.4223
0.00187799
0.00582599
0.00092751
0
0
0
1683487978.74163
msg_begin
7.75653e+06
-363822
1.42263
4.37722e-08
2.32831e-10
2.22045e-16
0
0
0
1683487978.79170
msg_begin
7.75653e+06
-363822
1.42229
2.04891e-08
2.15368e-09
8.88178e-16
0
0
0
1683487978.84184
msg_begin
7.75653e+06
-363821
1.41764
0.00218885
0.0215264
0.00049074
0
0
0
1683487978.89177
msg_begin
7.75653e+06
-363821
1.41634
3.72529e-09
1.22236e-09
0
0
0
0
1683487978.94182
msg_begin
7.75653e+06
-363821
1.41507
0.00916419
0.0283245
0.00108729
0
0
0
1683487978.99172
msg_begin
7.75653e+06
-363820
1.41491
0.00168566
0.00649993
0.000119705
0
0
0
1683487979.04175
msg_begin
7.75653e+06
-363820
1.41265
0.00281374
0.00376461
0.000109046
0
0
0
1683487979.09184
msg_begin
7.75653e+06
-363820
1.41298
0.00504372
0.0146703
0.000175844
0
0
0
1683487979.14172
msg_begin
7.75653e+06
-363819
1.41274
1.21072e-08
3.31784e-09
4.44089e-16
0
0
0
1683487979.19167
msg_begin
7.75653e+06
-363819
1.41343
0.000955858
0.00190291
0.000135183
0
0
0
1683487979.24159
msg_begin
7.75653e+06
-363818
1.41244
1.11759e-08
3.84171e-09
1.33227e-15
0
0
0
1683487979.29151
msg_begin
7.75653e+06
-363818
1.41296
0.000316435
0.000196693
0.000107584
0
0
0
1683487979.34152
msg_begin
7.75653e+06
-363818
1.41138
0.000208724
0.000291429
9.12578e-06
0
0
0
1683487979.39141
msg_begin
7.75653e+06
-363817
1.41411
0.000710609
0.0047762
0.000308428
0
0
0
1683487979.44136
msg_begin
7.75653e+06
-363817
1.41236
0.0036277
0.00643623
8.41861e-05
0
0
0
1683487979.49190
msg_begin
7.75653e+06
-363816
1.41142
0.00996987
0.00984388
0.0012332
0
0
0
1683487979.54134
msg_begin
7.75653e+06
-363816
1.41179
9.22009e-08
1.16415e-10
1.55431e-15
0
0
0
1683487979.59128
msg_begin
7.75653e+06
-363816
1.41331
0.00207373
0.00658732
0.000251189
0
0
0
1683487979.64127
msg_begin
7.75653e+06
-363815
1.41096
0.00178717
0.00123109
0.000100536
0
0
0
1683487979.69126
msg_begin
7.75653e+06
-363815
1.4107
5.68107e-08
2.91038e-10
8.88178e-16
0
0
0
1683487979.74123
msg_begin
7.75653e+06
-363815
1.40885
4.84288e-08
1.10595e-09
6.66134e-16
0
0
0
1683487979.79123
msg_begin
7.75653e+06
-363814
1.41073
5.96046e-08
3.84171e-09
2.22045e-16
0
0
0
1683487979.84124
msg_begin
7.75653e+06
-363814
1.40799
0.00572639
0.00859168
0.00133836
0
0
0
1683487979.89124
msg_begin
7.75653e+06
-363813
1.40752
0.0118984
0.0349992
0.000445583
0
0
0
1683487979.94140
msg_begin
7.75653e+06
-363813
1.40511
0.00303684
0.0035101
0.00102802
0
0
0
1683487979.99129
msg_begin
7.75653e+06
-363813
1.40489
0.00150514
0.00296847
0.000361478
0
0
0
1683487980.04135
msg_begin
7.75653e+06
-363812
1.40562
0.0108217
0.0358271
0.00222678
0
0
0
1683487980.09135
msg_begin
7.75653e+06
-363812
1.40674
0.000343774
0.00882286
7.48258e-05
0
0
0
1683487980.14132
msg_begin
7.75653e+06
-363812
1.40448
0.00349859
0.0117998
0.000936087
0
0
0
1683487980.19137
msg_begin
7.75653e+06
-363811
1.40379
1.49012e-08
1.45519e-09
2.22045e-16
0
0
0
1683487980.24137
msg_begin
7.75653e+06
-363811
1.40348
0.00216656
0.0149094
0.000411866
0
0
0
1683487980.29138
msg_begin
7.75653e+06
-363810
1.40425
0.000127262
0.0223862
0.000104788
0
0
0
1683487980.34143
msg_begin
7.75653e+06
-363810
1.40369
3.72529e-09
1.16415e-10
8.88178e-16
0
0
0
1683487980.39131
msg_begin
7.75653e+06
-363810
1.40204
0.000734603
0.0136989
0.000123991
0
0
0
1683487980.44134
msg_begin
7.75653e+06
-363809
1.40074
5.4769e-05
0.00788726
7.30379e-06
0
0
0
1683487980.49171
msg_begin
7.75653e+06
-363809
1.39904
0.00121415
0.00710855
0.000125063
0
0
0
1683487980.54123
msg_begin
7.75653e+06
-363809
1.40065
1.21072e-08
3.0268e-09
4.44089e-16
0
0
0
1683487980.59117
msg_begin
7.75653e+06
-363808
1.40098
2.85196e-05
0.000724128
9.32845e-06
0
0
0
1683487980.64110
msg_begin
7.75653e+06
-363808
1.39971
0.00345155
0.00816909
0.000289555
0
0
0
1683487980.69110
msg_begin
7.75653e+06
-363807
1.39913
0.00363295
0.00683478
0.00100048
0
0
0
1683487980.74102
msg_begin
7.75653e+06
-363807
1.39831
0.00207295
0.00748069
0.000819007
0
0
0
1683487980.79109
msg_begin
7.75653e+06
-363807
1.39722
0.0032591
0.006334
0.000459282
0
0
0
1683487980.84105
msg_begin
7.75653e+06
-363806
1.39772
3.07336e-08
5.82077e-11
1.33227e-15
0
0
0
1683487980.89104
msg_begin
7.75653e+06
-363806
1.39742
0.00147227
0.0168058
0.00185288
0
0
0
1683487980.94112
msg_begin
7.75653e+06
-363805
1.3966
0.000788692
0.00640241
0.000170579
0
0
0
1683487980.99100
msg_begin
7.75653e+06
-363805
1.39539
0.00617881
0.0348279
0.000557569
0
0
0
1683487981.04103
msg_begin
7.75653e+06
-363804
1.3968
1.95578e-08
9.8953e-10
8.88178e-16
0
0
0
1683487981.09107
msg_begin
7.75653e+06
-363804
1.39318
0.00110168
0.00134115
0.000181069
0
0
0
1683487981.14115
msg_begin
7.75653e+06
-363804
1.39257
3.1665e-08
1.62981e-09
2.22045e-16
0
0
0
1683487981.19112
msg_begin
7.75653e+06
-363803
1.39478
0.000467992
0.000334523
2.48406e-05
0
0
0
1683487981.24119
msg_begin
7.75653e+06
-363803
1.39131
1.21072e-08
2.50293e-09
1.33227e-15
0
0
0
1683487981.29122
msg_begin
7.75653e+06
-363803
1.39211
0.00233518
0.00889552
0.000409476
0
0
0
1683487981.34132
msg_begin
7.75653e+06
-363802
1.38982
0.00351082
0.0288498
0.000809093
0
0
0
1683487981.39136
msg_begin
7.75653e+06
-363802
1.39054
0.000932785
0.00215174
0.000206896
0
0
0
1683487981.44143
msg_begin
7.75653e+06
-363801
1.39095
0.00201638
0.00979004
0.000511297
0
0
0
1683487981.49199
msg_begin
7.75653e+06
-363801
1.3885
8.3819e-09
9.8953e-10
2.22045e-16
0
0
0
1683487981.54154
msg_begin
7.75653e+06
-363801
1.38793
0.00231015
0.0240366
0.000708189
0
0
0
1683487981.59162
msg_begin
7.75653e+06
-363800
1.38756
0.00321084
0.00566733
0.000495922
0
0
0
1683487981.64163
msg_begin
7.75653e+06
-363800
1.38827
0.00100488
0.00683261
0.000397953
0
0
0
1683487981.69167
msg_begin
7.75653e+06
-363799
1.38562
0.00214133
0.00155312
0.000165482
0
0
0
1683487981.74156
msg_begin
7.75653e+06
-363799
1.37893
0.000759422
0.00409727
0.000317072
0
0
0
1683487981.79160
msg_begin
7.75653e+06
-363799
1.37824
0.000721063
0.021169
0.00055802
0
0
0
1683487981.84159
msg_begin
7.75653e+06
-363798
1.37743
0.00137527
0.0112859
0.000200792
0
0
0
1683487981.89163
msg_begin
7.75653e+06
-363798
1.37642
0.00185137
0.0104487
0.000653156
0
0
0
1683487981.94216
msg_begin
7.75653e+06
-363798
1.37207
0.00577467
0.028985
0.000701888
0
0
0
1683487981.99162
msg_begin
7.75653e+06
-363797
1.3722
1.30385e-08
1.74623e-10
6.66134e-16
0
0
0
1683487982.04172
msg_begin
7.75653e+06
-363797
1.3706
0.00172441
0.0055862
0.000214511
0
0
0
1683487982.09177
msg_begin
7.75653e+06
-363797
1.36903
0.00336413
0.0260444
0.000467574
0
0
0
1683487982.14189
msg_begin
7.75653e+06
-363796
1.36619
6.33299e-08
7.567e-10
2.22045e-16
0
0
0
1683487982.19181
msg_begin
7.75653e+06
-363796
1.36449
6.98492e-08
3.25963e-09
0
0
0
0
1683487982.24172
msg_begin
7.75653e+06
-363795
1.36473
1.86265e-09
2.38651e-09
1.33227e-15
0
0
0
1683487982.29176
msg_begin
7.75653e+06
-363795
1.36017
0.00185386
0.00251623
0.000478036
0
0
0
1683487982.34241
msg_begin
7.75653e+06
-363795
1.35526
0.000483114
0.0125966
0.000117386
0
0
0
1683487982.39159
msg_begin
7.75653e+06
-363794
1.35341
1.76951e-08
1.97906e-09
1.77636e-15
0
0
0
1683487982.44149
msg_begin
7.75653e+06
-363794
1.34842
0.00338976
0.00632596
0.000566793
0
0
0
1683487982.49185
msg_begin
7.75653e+06
-363793
1.34478
0.00651909
0.00836198
0.00101222
0
0
0
1683487982.54140
msg_begin
7.75653e+06
-363793
1.3421
0.006455
0.02058
0.000278388
0
0
0
1683487982.59122
msg_begin
7.75653e+06
-363792
1.33565
0.000212025
0.000977359
0.000319004
0
0
0
1683487982.74242
msg_begin
7.75653e+06
-363791
1.32757
0.00341445
0.0188546
0.000358592
0
0
0
1683487982.84070
msg_begin
7.75653e+06
-363790
1.31944
0.00336806
0.00901176
0.000759775
0
0
0
1683487982.94057
msg_begin
7.75653e+06
-363790
1.31763
0.000393827
0.000939753
2.97892e-05
0
0
0
1683487982.99044
msg_begin
7.75653e+06
-363790
1.31159
0.000594833
0.00310863
0.000206839
0
0
0
1683487983.04041
msg_begin
7.75653e+06
-363789
1.31188
0.00163653
0.00649942
0.000115572
0
0
0
1683487983.09027
msg_begin
7.75653e+06
-363789
1.30934
1.39698e-08
3.7835e-09
4.44089e-16
0
0
0
1683487983.14043
msg_begin
7.75653e+06
-363789
1.30721
0.000839981
1.7478e-05
3.16512e-05
0
0
0
1683487983.19016
msg_begin
7.75653e+06
-363788
1.29971
0.000984222
0.0114856
0.000803857
0
0
0
1683487983.24007
msg_begin
7.75653e+06
-363788
1.29804
0.0153337
0.0562574
0.000484352
0
0
0
1683487983.29000
msg_begin
7.75653e+06
-363788
1.29279
0.0072969
0.0112762
0.000742751
0
0
0
1683487983.33993
msg_begin
7.75653e+06
-363787
1.28659
0.00554419
0.00585212
0.000203305
0
0
0
1683487983.38995
msg_begin
7.75653e+06
-363787
1.28455
0.0112001
0.0197358
0.000896934
0
0
0
1683487983.43987
msg_begin
7.75653e+06
-363787
1.27802
0.00415212
0.00519051
0.000357588
0
0
0
1683487983.48987
msg_begin
7.75653e+06
-363786
1.2747
0.000817191
0.00282366
0.000156188
0
0
0
1683487983.53977
msg_begin
7.75653e+06
-363786
1.27145
0.00190945
0.00094021
0.000491938
0
0
0
1683487983.58971
msg_begin
7.75653e+06
-363786
1.26956
0.00220324
0.00359501
0.000632726
0
0
0
1683487983.63973
msg_begin
7.75653e+06
-363785
1.26561
0.00215216
0.0146493
0.000205816
0
0
0
1683487983.68969
msg_begin
7.75653e+06
-363785
1.26329
0.00803347
0.0242447
0.000227555
0
0
0
1683487983.73981
msg_begin
7.75654e+06
-363785
1.25761
0.000602144
0.00339627
0.000534204
0
0
0
1683487983.78966
msg_begin
7.75654e+06
-363785
1.25158
6.42613e-08
3.20142e-09
2.22045e-15
0
0
0
1683487983.83975
msg_begin
7.75654e+06
-363784
1.24609
0.00053311
0.00325612
0.000131131
0
0
0
1683487983.88969
msg_begin
7.75654e+06
-363784
1.24168
0.00660068
0.0086063
0.000312714
0
0
0
1683487983.94047
msg_begin
7.75654e+06
-363784
1.2385
0.00455901
0.0142069
0.000539286
0
0
0
1683487983.98984
msg_begin
7.75654e+06
-363783
1.233
0.00440163
0.0081648
0.000849146
0
0
0
1683487984.03988
msg_begin
7.75654e+06
-363783
1.22844
0.000194391
0.00230985
0.000254994
0
0
0
1683487984.08999
msg_begin
7.75654e+06
-363783
1.22273
0.00746087
0.0135724
0.000513837
0
0
0
1683487984.14126
msg_begin
7.75654e+06
-363783
1.21581
0.00581606
0.0242886
0.00150775
0
0
0
1683487984.19008
msg_begin
7.75654e+06
-363782
1.2068
0.00292017
0.00346963
0.000145514
0
0
0
1683487984.24011
msg_begin
7.75654e+06
-363782
1.19992
0.00969684
0.0382327
0.00149668
0
0
0
1683487984.29017
msg_begin
7.75654e+06
-363782
1.19683
0.00554211
0.00781291
0.000421611
0
0
0
1683487984.34032
msg_begin
7.75654e+06
-363781
1.18885
0.00354063
0.000904463
0.000146205
0
0
0
1683487984.39043
msg_begin
7.75654e+06
-363781
1.18219
0.00460807
0.0133594
0.00094099
0
0
0
1683487984.44041
msg_begin
7.75654e+06
-363781
1.17673
0.00114152
0.00330665
0.00118626
0
0
0
1683487984.49047
msg_begin
7.75654e+06
-363780
1.16622
6.33299e-08
2.50293e-09
2.44249e-15
0
0
0
1683487984.54066
msg_begin
7.75654e+06
-363780
1.15884
0.00334879
0.00198945
0.000349566
0
0
0
1683487984.59072
msg_begin
7.75654e+06
-363780
1.14911
0.00236662
0.00133038
8.84227e-05
0
0
0
1683487984.64087
msg_begin
7.75654e+06
-363779
1.14137
5.68107e-08
4.65661e-10
4.66294e-15
0
0
0
1683487984.69092
msg_begin
7.75654e+06
-363779
1.13523
1.01585e-05
0.0272932
0.000212168
0
0
0
1683487984.74094
msg_begin
7.75654e+06
-363779
1.12728
0.00762933
0.0193329
0.000258203
0
0
0
1683487984.79104
msg_begin
7.75654e+06
-363779
1.12196
0.00304134
0.00205487
0.000147371
0
0
0
1683487984.84107
msg_begin
7.75654e+06
-363778
1.11214
0.000122027
0.000750569
3.67258e-05
0
0
0
1683487984.89109
msg_begin
7.75654e+06
-363778
1.10813
0.000395832
0.000883599
5.10177e-05
0
0
0
1683487984.94194
msg_begin
7.75654e+06
-363778
1.0977
0.00343379
0.00396114
0.000343588
0
0
0
1683487984.99122
msg_begin
7.75654e+06
-363777
1.09151
0.0013672
0.00138111
0.00017435
0
0
0
1683487985.04133
msg_begin
7.75654e+06
-363777
1.08398
0.00674858
0.00608568
9.97657e-05
0
0
0
1683487985.09128
msg_begin
7.75654e+06
-363777
1.07724
0.000224888
0.00166686
0.000116144
0
0
0
1683487985.14145
msg_begin
7.75654e+06
-363776
1.07374
0.000117813
0.000445776
2.72884e-06
0
0
0
1683487985.19148
msg_begin
7.75654e+06
-363776
1.06643
0.00117454
0.00359436
6.14382e-05
0
0
0
1683487985.24143
msg_begin
7.75654e+06
-363776
1.06004
0.000110039
0.000147476
1.32997e-05
0
0
0
1683487985.29151
msg_begin
7.75654e+06
-363776
1.05647
5.21541e-08
9.31323e-10
2.22045e-16
0
0
0
1683487985.34135
msg_begin
7.75654e+06
-363775
1.05123
1.76951e-08
3.20142e-09
3.55271e-15
0
0
0
1683487985.39130
msg_begin
7.75654e+06
-363775
1.04643
0.000793651
0.001174
3.09527e-05
0
0
0
1683487985.44121
msg_begin
7.75654e+06
-363775
1.04133
0.00331569
0.00443744
0.000364874
0
0
0
1683487985.49114
msg_begin
7.75654e+06
-363775
1.03562
1.76951e-08
2.32831e-10
5.77316e-15
0
0
0
1683487985.54111
msg_begin
7.75654e+06
-363774
1.02699
0.0131787
0.0100562
0.000440238
0
0
0
1683487985.59107
msg_begin
7.75654e+06
-363774
1.02327
0.00475841
0.018997
0.000217088
0
0
0
1683487985.64099
msg_begin
7.75654e+06
-363774
1.02
0.00640292
0.0161216
0.00127151
0
0
0
1683487985.69106
msg_begin
7.75654e+06
-363774
1.01491
0.00176091
0.00126154
0.000181268
0
0
0
1683487985.74101
msg_begin
7.75654e+06
-363773
1.01311
0.00249739
0.0119113
0.000271568
0
0
0
1683487985.79103
msg_begin
7.75654e+06
-363773
1.00685
0.00106255
0.00433777
0.000339492
0
0
0
1683487985.84100
msg_begin
7.75654e+06
-363773
1.00082
0.00685608
0.00362552
0.000202819
0
0
0
1683487985.89100
msg_begin
7.75654e+06
-363773
0.997912
0.0100381
0.0233656
0.000280147
0
0
0
1683487985.94097
msg_begin
7.75654e+06
-363772
0.990073
4.37722e-08
3.37604e-09
1.9984e-15
0
0
0
1683487985.99110
msg_begin
7.75654e+06
-363772
0.984389
0.000532014
0.00120888
5.70765e-05
0
0
0
1683487986.04104
msg_begin
7.75654e+06
-363772
0.97861
0.00104097
9.60688e-05
6.46932e-05
0
0
0
1683487986.09111
msg_begin
7.75654e+06
-363772
0.975218
0.00250189
0.00665979
0.000467026
0
0
0
1683487986.14111
msg_begin
7.75654e+06
-363771
0.969545
0.0384451
0.0245209
0.00110768
0
0
0
1683487986.19111
msg_begin
7.75654e+06
-363771
0.967736
0.011931
0.00258341
0.00112821
0
0
0
1683487986.24113
msg_begin
7.75654e+06
-363771
0.966455
0.0043658
0.00608228
0.000345415
0
0
0
1683487986.29107
msg_begin
7.75654e+06
-363771
0.96143
0.00302647
0.00220027
0.000100162
0
0
0
1683487986.34115
msg_begin
7.75654e+06
-363770
0.955962
0.00309328
0.0045086
0.000108019
0
0
0
1683487986.39117
msg_begin
7.75654e+06
-363770
0.951893
0.00533191
0.00275177
0.000682914
0
0
0
1683487986.44112
msg_begin
7.75654e+06
-363770
0.948897
0.00631412
0.0167261
0.00153509
0
0
0
1683487986.49113
msg_begin
7.75654e+06
-363770
0.946682
0.00656813
0.00833757
0.000465453
0
0
0
1683487986.54107
msg_begin
7.75654e+06
-363769
0.939384
0.00718715
0.00524008
0.00051783
0
0
0
1683487986.59099
msg_begin
7.75654e+06
-363769
0.93363
0.00941092
0.0158467
0.000673259
0
0
0
1683487986.64094
msg_begin
7.75654e+06
-363769
0.929928
0.00251348
0.00752298
0.000737018
0
0
0
1683487986.69096
msg_begin
7.75654e+06
-363769
0.92145
0.000985313
0.000359285
0.00016727
0
0
0
1683487986.74136
msg_begin
7.75654e+06
-363768
0.916213
0.00258681
0.00275474
0.000324812
0
0
0
1683487986.79087
msg_begin
7.75654e+06
-363768
0.909044
0.0168628
0.011051
0.00234304
0
0
0
1683487986.84084
msg_begin
7.75654e+06
-363768
0.903788
0.00272704
0.000350895
0.000280878
0
0
0
1683487986.89096
msg_begin
7.75654e+06
-363767
0.900961
0.0158083
0.00673713
0.00080337
0
0
0
1683487986.94082
msg_begin
7.75654e+06
-363767
0.891121
0.00295833
0.00333091
0.00048819
0
0
0
1683487986.99084
msg_begin
7.75654e+06
-363767
0.893381
7.07805e-08
1.04774e-09
4.44089e-15
0
0
0
1683487987.04083
msg_begin
7.75654e+06
-363767
0.888042
0.00123807
0.00020062
0.000101183
0
0
0
1683487987.09083
msg_begin
7.75655e+06
-363767
0.883484
3.53903e-08
5.23869e-10
1.55431e-15
0
0
0
1683487987.14104
msg_begin
7.75655e+06
-363766
0.878776
0.000511457
0.00583281
0.000157032
0
0
0
1683487987.19063
msg_begin
7.75655e+06
-363766
0.874518
0.00880625
0.00885978
0.000789464
0
0
0
1683487987.24065
msg_begin
7.75655e+06
-363766
0.87359
0.000528857
0.00172633
0.000301242
0
0
0
1683487987.29056
msg_begin
7.75655e+06
-363766
0.871925
0.00143139
0.00223581
6.94817e-05
0
0
0
1683487987.34047
msg_begin
7.75655e+06
-363765
0.868026
1.49012e-08
3.31784e-09
4.44089e-16
0
0
0
1683487987.39036
msg_begin
7.75655e+06
-363765
0.858219
0.0104125
0.00135653
0.00133458
0
0
0
1683487987.44026
msg_begin
7.75655e+06
-363765
0.854666
0.00613311
0.0091406
0.000425314
0
0
0
1683487987.49021
msg_begin
7.75655e+06
-363765
0.849148
0.000104275
0.000407069
1.9013e-05
0
0
0
1683487987.54029
msg_begin
7.75655e+06
-363764
0.845593
0.00566009
0.0018115
0.000242708
0
0
0
1683487987.59002
msg_begin
7.75655e+06
-363764
0.837344
4.19095e-08
2.79397e-09
1.9984e-15
0
0
0
1683487987.63995
msg_begin
7.75655e+06
-363764
0.835803
0.0176412
0.0217515
0.00150987
0
0
0
1683487987.68996
msg_begin
7.75655e+06
-363764
0.828554
0.00445218
0.0109782
0.000772868
0
0
0
1683487987.74037
msg_begin
7.75655e+06
-363763
0.823036
0.00321659
0.00370696
0.000252604
0
0
0
1683487987.78975
msg_begin
7.75655e+06
-363763
0.818469
6.89179e-08
3.0268e-09
1.33227e-15
0
0
0
1683487987.83967
msg_begin
7.75655e+06
-363763
0.808516
2.79397e-09
1.39698e-09
2.9976e-15
0
0
0
1683487987.88976
msg_begin
7.75655e+06
-363763
0.803357
0.00259062
0.00635686
0.000176184
0
0
0
1683487987.93972
msg_begin
7.75655e+06
-363762
0.800452
8.56817e-08
8.73115e-10
4.44089e-16
0
0
0
1683487987.98956
msg_begin
7.75655e+06
-363762
0.7978
6.23986e-08
8.73115e-10
5.88418e-15
0
0
0
1683487988.03953
msg_begin
7.75655e+06
-363762
0.794525
0.000698326
0.000111568
4.15135e-05
0
0
0
1683487988.08948
msg_begin
7.75655e+06
-363762
0.783774
1.11759e-08
1.28057e-09
5.9952e-15
0
0
0
1683487988.13947
msg_begin
7.75655e+06
-363761
0.777884
0.00551412
0.00865057
0.00111964
0
0
0
1683487988.18945
msg_begin
7.75655e+06
-363761
0.772705
0.00158804
0.00225145
4.4944e-05
0
0
0
1683487988.23954
msg_begin
7.75655e+06
-363761
0.767842
0.002366
0.00234968
0.000163385
0
0
0
1683487988.29055
msg_begin
7.75655e+06
-363761
0.766007
0.00340492
0.00973357
0.000330768
0
0
0
1683487988.33975
msg_begin
7.75655e+06
-363760
0.761514
0.00303763
0.00424462
0.000181751
0
0
0
1683487988.38980
msg_begin
7.75655e+06
-363760
0.762245
0.000747972
0.00140219
0.000257965
0
0
0
1683487988.43984
msg_begin
7.75655e+06
-363760
0.756151
0.00970716
0.00302871
0.000262386
0
0
0
1683487988.49000
msg_begin
7.75655e+06
-363760
0.748408
0.0067017
0.00508675
0.00071431
0
0
0
1683487988.54137
msg_begin
7.75655e+06
-363759
0.747035
9.31323e-09
2.50293e-09
2.77556e-15
0
0
0
1683487988.59009
msg_begin
7.75655e+06
-363759
0.74216
8.56817e-08
2.91038e-10
1.44329e-15
0
0
0
1683487988.64018
msg_begin
7.75655e+06
-363759
0.738042
5.86733e-08
1.16415e-10
2.77556e-15
0
0
0
1683487988.69023
msg_begin
7.75655e+06
-363759
0.735177
0.00224895
0.00203239
0.000206463
0
0
0
1683487988.74023
msg_begin
7.75655e+06
-363759
0.733148
3.1665e-08
5.82077e-11
3.88578e-15
0
0
0
1683487988.79032
msg_begin
7.75655e+06
-363758
0.731416
6.17626e-05
0.000151162
2.61274e-05
0
0
0
1683487988.84040
msg_begin
7.75655e+06
-363758
0.729155
8.10251e-08
6.40284e-10
1.66533e-15
0
0
0
1683487988.89045
msg_begin
7.75655e+06
-363758
0.724452
0.00377521
0.00191555
0.000111358
0
0
0
1683487988.94049
msg_begin
7.75655e+06
-363758
0.719726
0.00322463
0.0150543
0.000674959
0
0
0
1683487988.99056
msg_begin
7.75655e+06
-363757
0.717391
0.0120275
0.00343588
0.00039084
0
0
0
1683487989.04058
msg_begin
7.75655e+06
-363757
0.715624
5.68107e-08
3.14321e-09
9.99201e-16
0
0
0
1683487989.09066
msg_begin
7.75655e+06
-363757
0.706678
0.00192346
0.000320638
0.000314753
0
0
0
1683487989.14068
msg_begin
7.75655e+06
-363757
0.702529
0.0077217
0.0160706
0.00173593
0
0
0
1683487989.19062
msg_begin
7.75655e+06
-363756
0.701473
0.000658931
0.000975443
5.91379e-05
0
0
0
1683487989.24061
msg_begin
7.75656e+06
-363756
0.696261
0.00885343
0.00583554
0.000319531
0
0
0
1683487989.29047
msg_begin
7.75656e+06
-363756
0.696116
0.00431788
0.000338666
0.000587738
0
0
0
1683487989.34038
msg_begin
7.75656e+06
-363756
0.69653
0.00345328
0.00461834
0.000313696
0
0
0
1683487989.39039
msg_begin
7.75656e+06
-363755
0.694089
0.00910964
0.0047521
0.000543343
0
0
0
1683487989.44027
msg_begin
7.75656e+06
-363755
0.691641
6.0536e-08
4.65661e-10
4.66294e-15
0
0
0
1683487989.49022
msg_begin
7.75656e+06
-363755
0.690573
0.00486996
0.00428839
0.000505832
0
0
0
1683487989.54016
msg_begin
7.75656e+06
-363755
0.689182
3.72529e-09
0
1.55431e-15
0
0
0
1683487989.59007
msg_begin
7.75656e+06
-363754
0.689726
0.00347786
0.00165636
0.000147671
0
0
0
1683487989.64008
msg_begin
7.75656e+06
-363754
0.689669
0.00140817
0.00212878
0.000274984
0
0
0
1683487989.69005
msg_begin
7.75656e+06
-363754
0.689394
0.00326607
0.00298958
0.000311975
0
0
0
1683487989.74023
msg_begin
7.75656e+06
-363754
0.686667
0.00377009
0.00167198
0.00020196
0
0
0
1683487989.78999
msg_begin
7.75656e+06
-363754
0.690768
9.31323e-10
2.2701e-09
1.66533e-15
0
0
0
1683487989.83999
msg_begin
7.75656e+06
-363753
0.691044
0.00315712
0.00582255
0.000226232
0
0
0
1683487989.88998
msg_begin
7.75656e+06
-363753
0.692244
0.00494288
0.00158925
0.000633376
0
0
0
1683487989.94020
msg_begin
7.75656e+06
-363753
0.69194
0.00438514
0.0039468
0.00175903
0
0
0
1683487989.98999
msg_begin
7.75656e+06
-363753
0.688473
2.04891e-08
1.92085e-09
2.55351e-15
0
0
0
1683487990.04002
msg_begin
7.75656e+06
-363752
0.689408
0.00792535
0.0035787
0.000458088
0
0
0
1683487990.09004
msg_begin
7.75656e+06
-363752
0.68827
6.33772e-05
0.00141174
0.000143115
0
0
0
1683487990.14025
msg_begin
7.75656e+06
-363752
0.688625
5.68107e-08
5.82077e-10
3.77476e-15
0
0
0
1683487990.19006
msg_begin
7.75656e+06
-363752
0.687061
0.00600158
0.00499877
0.000211353
0
0
0
1683487990.24011
msg_begin
7.75656e+06
-363751
0.686156
1.21072e-08
2.32831e-10
1.11022e-15
0
0
0
1683487990.29015
msg_begin
7.75656e+06
-363751
0.68591
0.00409473
0.000758553
1.98894e-05
0
0
0
1683487990.34023
msg_begin
7.75656e+06
-363751
0.685789
0.0091709
0.00421827
0.000539502
0
0
0
1683487990.39020
msg_begin
7.75656e+06
-363751
0.684909
0.00745308
0.00194872
0.000104555
0
0
0
1683487990.44025
msg_begin
7.75656e+06
-363750
0.68381
4.19095e-08
6.98492e-10
1.88738e-15
0
0
0
1683487990.49018
msg_begin
7.75656e+06
-363750
0.684933
0.00647507
0.00421219
0.000104925
0
0
0
1683487990.54027
msg_begin
7.75656e+06
-363750
0.683535
6.61239e-08
2.96859e-09
3.9968e-15
0
0
0
1683487990.59025
msg_begin
7.75656e+06
-363750
0.682965
0.000680647
0.00580949
0.000133402
0
0
0
1683487990.64028
msg_begin
7.75656e+06
-363749
0.68575
0.000970048
0.0028965
0.000147477
0
0
0
1683487990.69019
msg_begin
7.75656e+06
-363749
0.680371
0.00325383
0.0014284
0.000195437
0
0
0
1683487990.79027
msg_begin
7.75656e+06
-363749
0.681951
0.041128
0.0316429
0.000310587
0
0
0
1683487990.84023
msg_begin
7.75656e+06
-363749
0.680688
0.00350836
0.00264655
0.000208257
0
0
0
1683487990.89017
msg_begin
7.75656e+06
-363748
0.681436
0.00180116
0.00249035
0.000241767
0
0
0
1683487990.94011
msg_begin
7.75656e+06
-363748
0.677001
0.00352958
0.00139843
0.00112043
0
0
0
1683487990.99005
msg_begin
7.75656e+06
-363748
0.677894
0.000405989
0.00125033
2.30243e-05
0
0
0
1683487991.03998
msg_begin
7.75657e+06
-363747
0.677423
0.00315363
0.00141157
0.000285951
0
0
0
1683487991.08992
msg_begin
7.75657e+06
-363747
0.677146
1.05245e-05
9.85943e-05
5.67854e-06
0
0
0
1683487991.13993
msg_begin
7.75657e+06
-363747
0.675732
0.00271568
0.00472969
0.000397656
0
0
0
1683487991.18991
msg_begin
7.75657e+06
-363747
0.6725
0.00868717
0.0152808
0.000963779
0
0
0
1683487991.23986
msg_begin
7.75657e+06
-363746
0.670359
0.0146113
0.0144283
0.00104799
0
0
0
1683487991.29001
msg_begin
7.75657e+06
-363746
0.671792
0.0070296
0.00613606
0.000661752
0
0
0
1683487991.33999
msg_begin
7.75657e+06
-363746
0.67005
0.0287873
0.0152215
0.000319303
0
0
0
1683487991.39012
msg_begin
7.75657e+06
-363746
0.669811
0.0110453
0.00545022
9.79356e-05
0
0
0
1683487991.44019
msg_begin
7.75657e+06
-363745
0.667046
7.91624e-08
1.28057e-09
3.33067e-16
0
0
0
1683487991.49022
msg_begin
7.75657e+06
-363745
0.666714
0.0225969
0.017761
7.86564e-05
0
0
0
1683487991.54054
msg_begin
7.75657e+06
-363745
0.665152
0.00379778
0.000879074
0.000184746
0
0
0
1683487991.59024
msg_begin
7.75657e+06
-363745
0.667726
6.23986e-08
3.49246e-10
4.44089e-16
0
0
0
1683487991.64014
msg_begin
7.75657e+06
-363744
0.662992
0.0106937
0.0129754
0.000625991
0
0
0
1683487991.69159
msg_begin
7.75657e+06
-363744
0.664327
0.00197811
0.00256575
0.000220096
0
0
0
1683487991.74030
msg_begin
7.75657e+06
-363744
0.664232
0.000691123
0.00188896
0.000137975
0
0
0
1683487991.79015
msg_begin
7.75657e+06
-363744
0.659683
0.0110702
0.00666823
0.000143939
0
0
0
1683487991.84015
msg_begin
7.75657e+06
-363743
0.65931
0.000745926
0.00116654
6.77281e-05
0
0
0
1683487991.89012
msg_begin
7.75657e+06
-363743
0.65899
0.0139262
0.00651215
0.000855703
0
0
0
1683487991.94042
msg_begin
7.75657e+06
-363743
0.659477
0.00258117
0.000287716
0.000134204
0
0
0
1683487991.99031
msg_begin
7.75657e+06
-363743
0.656344
0.0139154
0.0140273
0.000538734
0
0
0
1683487992.04042
msg_begin
7.75657e+06
-363742
0.654427
0.0128498
0.0102872
0.000442322
0
0
0
1683487992.09055
msg_begin
7.75657e+06
-363742
0.651761
4.19095e-08
3.08501e-09
4.88498e-15
0
0
0
1683487992.14091
msg_begin
7.75657e+06
-363742
0.653098
0.00179905
0.000252616
7.95775e-05
0
0
0
1683487992.19079
msg_begin
7.75657e+06
-363742
0.65271
0.0151839
0.00477147
0.000795134
0
0
0
1683487992.24094
msg_begin
7.75657e+06
-363741
0.652622
5.58794e-09
3.49246e-10
1.55431e-15
0
0
0
1683487992.29106
msg_begin
7.75657e+06
-363741
0.652456
0.00393934
0.00105261
0.000171669
0
0
0
1683487992.34211
msg_begin
7.75657e+06
-363741
0.653308
0.00930034
0.00429884
0.000849229
0
0
0
1683487992.39132
msg_begin
7.75657e+06
-363741
0.651319
0.00874371
0.00103549
2.85453e-06
0
0
0
1683487992.44145
msg_begin
7.75657e+06
-363740
0.65264
0.000230524
0.00311926
0.000258428
0
0
0
1683487992.49159
msg_begin
7.75657e+06
-363740
0.651651
0.00643698
0.00312729
0.000211921
0
0
0
1683487992.54172
msg_begin
7.75658e+06
-363740
0.649162
0.00244329
0.00272819
0.000323024
0
0
0
1683487992.64197
msg_begin
7.75658e+06
-363739
0.646011
0.0214634
0.0118014
0.000633399
0
0
0
1683487992.69207
msg_begin
7.75658e+06
-363739
0.645432
0.000393189
0.000292594
9.62252e-05
0
0
0
1683487992.74214
msg_begin
7.75658e+06
-363739
0.647016
0.00436462
0.00133583
0.000253673
0
0
0
1683487992.79223
msg_begin
7.75658e+06
-363739
0.64926
0.0021077
0.00135763
0.000172499
0
0
0
1683487992.84228
msg_begin
7.75658e+06
-363738
0.648178
0.000204715
0.000347525
7.26537e-05
0
0
0
1683487992.89233
msg_begin
7.75658e+06
-363738
0.64675
0.0303023
0.0197774
0.000637303
0
0
0
1683487992.94230
msg_begin
7.75658e+06
-363738
0.64639
0.00328012
0.00516789
0.000782447
0
0
0
1683487992.99230
msg_begin
7.75658e+06
-363738
0.646175
9.31323e-10
4.65661e-10
2.66454e-15
0
0
0
1683487993.04231
msg_begin
7.75658e+06
-363738
0.646064
0.00266535
0.00977469
0.000161134
0
0
0
1683487993.09228
msg_begin
7.75658e+06
-363737
0.644818
0.0139862
0.00453908
0.00135661
0
0
0
1683487993.14217
msg_begin
7.75658e+06
-363737
0.645928
0.0297565
0.0168041
0.00123987
0
0
0
1683487993.19206
msg_begin
7.75658e+06
-363737
0.64708
0.00202468
0.00205682
0.00029288
0
0
0
1683487993.24196
msg_begin
7.75658e+06
-363737
0.645827
0.00935813
0.00694545
0.000357496
0
0
0
1683487993.29182
msg_begin
7.75658e+06
-363736
0.645252
0.00351284
0.00243941
0.000428913
0
0
0
1683487993.34178
msg_begin
7.75658e+06
-363736
0.645826
0.00119111
0.00273516
6.46043e-05
0
0
0
1683487993.39167
msg_begin
7.75658e+06
-363736
0.647616
0.000622888
0.00229112
0.000269158
0
0
0
1683487993.44165
msg_begin
7.75658e+06
-363736
0.642701
6.0536e-08
8.73115e-10
1.55431e-15
0
0
0
1683487993.49159
msg_begin
7.75658e+06
-363736
0.64448
0.000485888
0.000976111
3.64431e-05
0
0
0
1683487993.54240
msg_begin
7.75658e+06
-363735
0.64463
0.0011607
0.00178975
0.000183854
0
0
0
1683487993.59150
msg_begin
7.75658e+06
-363735
0.645599
9.12696e-08
1.74623e-09
6.66134e-16
0
0
0
1683487993.64143
msg_begin
7.75658e+06
-363735
0.648436
0.00407911
0.000276678
0.000232398
0
0
0
1683487993.69143
msg_begin
7.75658e+06
-363735
0.645473
0.00892547
0.00169793
0.00026333
0
0
0
1683487993.74163
msg_begin
7.75658e+06
-363735
0.644208
0.0043344
0.000409147
0.000668064
0
0
0
1683487993.79134
msg_begin
7.75658e+06
-363734
0.643133
0.00724513
0.000869079
0.000292412
0
0
0
1683487993.84129
msg_begin
7.75658e+06
-363734
0.644959
3.35276e-08
1.74623e-09
6.66134e-16
0
0
0
1683487993.89144
msg_begin
7.75658e+06
-363734
0.648711
1.39698e-08
1.28057e-09
1.88738e-15
0
0
0
1683487993.94132
msg_begin
7.75658e+06
-363734
0.648562
0.00328595
0.00385784
0.000510864
0
0
0
1683487993.99139
msg_begin
7.75658e+06
-363734
0.648004
7.07805e-08
3.25963e-09
1.11022e-15
0
0
0
1683487994.04131
msg_begin
7.75658e+06
-363733
0.650634
0.00101622
0.00355645
0.000346049
0
0
0
1683487994.09128
msg_begin
7.75658e+06
-363733
0.650622
0.00446996
0.00411724
0.000439224
0
0
0
1683487994.14152
msg_begin
7.75658e+06
-363733
0.650148
4.65661e-09
4.07454e-10
4.55191e-15
0
0
0
1683487994.19121
msg_begin
7.75658e+06
-363733
0.653171
0.00203956
0.00242999
0.000118344
0
0
0
1683487994.24122
msg_begin
7.75658e+06
-363733
0.652518
0.00541788
0.00315262
0.000821712
0
0
0
1683487994.29129
msg_begin
7.75658e+06
-363732
0.652206
0.0066393
0.00205759
0.00154293
0
0
0
1683487994.34179
msg_begin
7.75658e+06
-363732
0.65672
0.00246826
0.0015143
7.6994e-05
0
0
0
1683487994.39130
msg_begin
7.75658e+06
-363732
0.653434
5.30854e-08
8.73115e-10
4.66294e-15
0
0
0
1683487994.45775
msg_begin
7.75659e+06
-363732
0.652127
0.0004796
0.000643883
5.2272e-05
0
0
0
1683487994.49176
msg_begin
7.75659e+06
-363732
0.6523
0.00091925
0.00776365
0.000424653
0
0
0
1683487994.54133
msg_begin
7.75659e+06
-363732
0.650497
0.000149014
0.000535129
1.98e-05
0
0
0
1683487994.59133
msg_begin
7.75659e+06
-363731
0.649738
0.00201753
0.00131982
0.000576243
0
0
0
1683487994.64154
msg_begin
7.75659e+06
-363731
0.649483
0.00100224
0.00194088
6.39011e-05
0
0
0
1683487994.69137
msg_begin
7.75659e+06
-363731
0.650558
4.16055e-05
0.000516365
5.70248e-05
0
0
0
1683487994.74139
msg_begin
7.75659e+06
-363731
0.648148
1.11759e-08
4.13274e-09
2.10942e-15
0
0
0
1683487994.79138
msg_begin
7.75659e+06
-363731
0.646438
0.000232471
0.000883709
1.87148e-05
0
0
0
1683487994.84153
msg_begin
7.75659e+06
-363730
0.644373
0.0214808
0.0124316
0.00106304
0
0
0
1683487994.89146
msg_begin
7.75659e+06
-363730
0.644307
0.0226395
0.0201782
0.000447153
0
0
0
1683487994.94147
msg_begin
7.75659e+06
-363730
0.644286
0.0180635
0.00683978
0.000672926
0
0
0
1683487994.99148
msg_begin
7.75659e+06
-363730
0.643649
0.0052199
0.00518762
0.00039097
0
0
0
1683487995.04145
msg_begin
7.75659e+06
-363730
0.64516
0.0157369
0.00331048
0.000359346
0
0
0
1683487995.09136
msg_begin
7.75659e+06
-363730
0.644792
0.0339425
0.0236304
0.000117409
0
0
0
1683487995.14134
msg_begin
7.75659e+06
-363729
0.645197
0.0038392
0.00381435
0.000289146
0
0
0
1683487995.19140
msg_begin
7.75659e+06
-363729
0.644752
1.49012e-08
2.73576e-09
5.44009e-15
0
0
0
1683487995.24130
msg_begin
7.75659e+06
-363729
0.645048
1.30385e-08
2.32831e-10
1.66533e-15
0
0
0
1683487995.29129
msg_begin
7.75659e+06
-363729
0.644449
0.00214605
0.00232787
0.000111974
0
0
0
1683487995.34131
msg_begin
7.75659e+06
-363729
0.645688
4.47035e-08
1.33878e-09
1.11022e-16
0
0
0
1683487995.39134
msg_begin
7.75659e+06
-363729
0.64515
0.00209835
0.00450875
0.000125045
0
0
0
1683487995.44132
msg_begin
7.75659e+06
-363728
0.644939
5.58794e-09
2.85218e-09
1.22125e-15
0
0
0
1683487995.49133
msg_begin
7.75659e+06
-363728
0.645823
0.0541673
0.0367794
0.000424431
0
0
0
1683487995.54155
msg_begin
7.75659e+06
-363728
0.648707
0.0160681
0.0113124
0.000767383
0
0
0
1683487995.59135
msg_begin
7.75659e+06
-363728
0.651559
0.0116194
0.00259956
0.000281038
0
0
0
1683487995.64139
msg_begin
7.75659e+06
-363728
0.650099
0.00314435
0.000373144
0.000672854
0
0
0
1683487995.69144
msg_begin
7.75659e+06
-363728
0.649666
0.00362648
0.00201904
0.00014651
0
0
0
1683487995.74181
msg_begin
7.75659e+06
-363727
0.648552
0.00230067
0.0142956
0.00070656
0
0
0
1683487995.79155
msg_begin
7.75659e+06
-363727
0.652577
0.0215549
0.0142449
0.000573331
0
0
0
1683487995.84156
msg_begin
7.75659e+06
-363727
0.650266
1.76951e-08
1.16415e-10
2.88658e-15
0
0
0
1683487995.89175
msg_begin
7.75659e+06
-363727
0.653578
0.0137844
0.00672442
0.00051876
0
0
0
1683487995.94207
msg_begin
7.75659e+06
-363727
0.654327
0.0220143
0.00665909
0.00107066
0
0
0
1683487995.99152
msg_begin
7.75659e+06
-363727
0.651223
1.11759e-08
7.567e-10
3.44169e-15
0
0
0
1683487996.04153
msg_begin
7.75659e+06
-363726
0.655068
3.72529e-09
1.5134e-09
1.11022e-16
0
0
0
1683487996.09243
msg_begin
7.75659e+06
-363726
0.655689
7.26432e-08
6.98492e-10
4.66294e-15
0
0
0
1683487996.14154
msg_begin
7.75659e+06
-363726
0.660255
0.0069153
0.00529694
0.00103505
0
0
0
1683487996.19138
msg_begin
7.75659e+06
-363726
0.657947
0.015251
0.0222918
0.000875606
0
0
0
1683487996.24129
msg_begin
7.75659e+06
-363726
0.656749
0.00656146
0.0115681
0.00056921
0
0
0
1683487996.29125
msg_begin
7.75659e+06
-363725
0.65288
0.0163209
0.0103263
0.00165795
0
0
0
1683487996.34170
msg_begin
7.75659e+06
-363725
0.652631
0.00078502
0.00136584
0.000133401
0
0
0
1683487996.39109
msg_begin
7.75659e+06
-363725
0.652601
0.000583954
0.000645061
6.50456e-05
0
0
0
1683487996.44110
msg_begin
7.75659e+06
-363725
0.651451
0.000213711
0.000544085
0.000256711
0
0
0
1683487996.49112
msg_begin
7.75659e+06
-363725
0.654359
5.4948e-08
9.31323e-10
4.44089e-16
0
0
0
1683487996.54099
msg_begin
7.75659e+06
-363724
0.655189
0.000202651
0.000596111
8.93022e-05
0
0
0
1683487996.59110
msg_begin
7.7566e+06
-363724
0.658341
8.75443e-08
4.65661e-10
1.11022e-15
0
0
0
1683487996.64098
msg_begin
7.7566e+06
-363724
0.655805
6.51926e-08
1.04774e-09
4.44089e-16
0
0
0
1683487996.69103
msg_begin
7.7566e+06
-363724
0.657322
0.00859127
0.0126116
0.000415826
0
0
0
1683487996.74109
msg_begin
7.7566e+06
-363724
0.656919
0.0617765
0.0398019
0.00119668
0
0
0
1683487996.79103
msg_begin
7.7566e+06
-363723
0.65476
0.00439211
0.00786823
0.000432914
0
0
0
1683487996.84107
msg_begin
7.7566e+06
-363723
0.657107
0.00102516
8.04704e-05
3.39921e-05
0
0
0
1683487996.89111
msg_begin
7.7566e+06
-363723
0.654822
0.0079244
0.00110139
0.000151618
0
0
0
1683487996.94113
msg_begin
7.7566e+06
-363723
0.654291
0.00805578
0.00935473
0.000107412
0
0
0
1683487996.99112
msg_begin
7.7566e+06
-363723
0.653801
0.00149927
0.00120129
0.000362308
0
0
0
1683487997.04116
msg_begin
7.7566e+06
-363722
0.657355
0.0609249
0.0283178
0.000651835
0
0
0
1683487997.09121
msg_begin
7.7566e+06
-363722
0.658829
0.00260894
0.00329907
0.000178602
0
0
0
1683487997.14120
msg_begin
7.7566e+06
-363722
0.659688
0.0087527
0.0146013
0.000432763
0
0
0
1683487997.19121
msg_begin
7.7566e+06
-363722
0.660474
5.58794e-08
1.45519e-09
2.22045e-15
0
0
0
1683487997.24118
msg_begin
7.7566e+06
-363722
0.659842
0.0239631
0.0149729
0.00112843
0
0
0
1683487997.29120
msg_begin
7.7566e+06
-363722
0.661384
0.00158922
0.00172439
0.000107769
0
0
0
1683487997.34115
msg_begin
7.7566e+06
-363721
0.659493
7.45058e-09
9.31323e-10
4.44089e-16
0
0
0
1683487997.39119
msg_begin
7.7566e+06
-363721
0.659334
0.00163642
0.00121243
0.000213371
0
0
0
1683487997.44116
msg_begin
7.7566e+06
-363721
0.658688
0.0236777
0.0216367
0.000978718
0
0
0
1683487997.49111
msg_begin
7.7566e+06
-363721
0.657418
0.0310861
0.0243822
0.00106427
0
0
0
1683487997.54108
msg_begin
7.7566e+06
-363721
0.654093
9.31323e-09
1.22236e-09
2.44249e-15
0
0
0
1683487997.59109
msg_begin
7.7566e+06
-363720
0.658868
2.04891e-08
2.56114e-09
3.66374e-15
0
0
0
1683487997.64109
msg_begin
7.7566e+06
-363720
0.655773
0.000484072
0.000843191
0.000154877
0
0
0
1683487997.69107
msg_begin
7.7566e+06
-363720
0.654894
0.0021504
0.00101539
0.000233817
0
0
0
1683487997.79099
msg_begin
7.7566e+06
-363720
0.656243
0.00321319
0.000811668
0.000101122
0
0
0
1683487997.84098
msg_begin
7.7566e+06
-363719
0.655023
0
1.28057e-09
1.77636e-15
0
0
0
1683487997.89093
msg_begin
7.7566e+06
-363719
0.657352
0.00818468
0.00649249
0.000331462
0
0
0
1683487997.94132
msg_begin
7.7566e+06
-363719
0.660202
7.91624e-08
2.03727e-09
3.77476e-15
0
0
0
1683487997.99090
msg_begin
7.7566e+06
-363719
0.663441
0.0043446
0.00450724
0.000245338
0
0
0
1683487998.04092
msg_begin
7.7566e+06
-363719
0.662074
6.70552e-08
2.15368e-09
2.22045e-16
0
0
0
1683487998.09090
msg_begin
7.7566e+06
-363718
0.664366
0.000578899
0.0010213
1.52364e-05
0
0
0
1683487998.14130
msg_begin
7.7566e+06
-363718
0.661812
0.00140914
0.00277178
3.45508e-05
0
0
0
1683487998.19089
msg_begin
7.7566e+06
-363718
0.663337
0.000731112
0.000573226
0.000152954
0
0
0
1683487998.24085
msg_begin
7.7566e+06
-363718
0.659498
1.39698e-08
2.38651e-09
4.77396e-15
0
0
0
1683487998.29098
msg_begin
7.7566e+06
-363718
0.662075
0.00727892
0.00594456
0.000723747
0
0
0
1683487998.34116
msg_begin
7.7566e+06
-363717
0.660453
0.0109888
0.0131662
0.000428055
0
0
0
1683487998.39090
msg_begin
7.7566e+06
-363717
0.661499
0.00318353
0.0019998
0.000340387
0
0
0
1683487998.44095
msg_begin
7.7566e+06
-363717
0.662964
0.00965666
0.0166327
0.00131346
0
0
0
1683487998.49095
msg_begin
7.7566e+06
-363717
0.664534
0.0101008
0.00446014
0.00087431
0
0
0
1683487998.54108
msg_begin
7.7566e+06
-363717
0.662773
0.0174608
0.013878
0.00032711
0
0
0
1683487998.59097
msg_begin
7.7566e+06
-363716
0.664146
0.0109933
0.00775609
0.000402753
0
0
0
1683487998.64100
msg_begin
7.75661e+06
-363716
0.661539
0.00205634
0.000592196
0.000306656
0
0
0
1683487998.69107
msg_begin
7.75661e+06
-363716
0.659658
0.00397088
0.0106865
0.000977162
0
0
0
1683487998.74126
msg_begin
7.75661e+06
-363716
0.659566
0.000640361
0.00112311
0.000100442
0
0
0
1683487998.79100
msg_begin
7.75661e+06
-363716
0.658647
0.00471692
0.00781895
0.00065481
0
0
0
1683487998.84099
msg_begin
7.75661e+06
-363715
0.657761
0.0023541
0.00237162
0.000810942
0
0
0
1683487998.89094
msg_begin
7.75661e+06
-363715
0.657159
0.00136263
0.00193337
9.88902e-06
0
0
0
1683487998.94144
msg_begin
7.75661e+06
-363715
0.655307
0.00454536
0.00411929
0.000167307
0
0
0
1683487998.99105
msg_begin
7.75661e+06
-363715
0.656818
0.00377546
0.00170831
0.000247554
0
0
0
1683487999.04101
msg_begin
7.75661e+06
-363714
0.660417
0.00805705
0.00511053
0.000435883
0
0
0
1683487999.09098
msg_begin
7.75661e+06
-363714
0.658618
0.00229497
0.00275415
6.09787e-05
0
0
0
1683487999.14122
msg_begin
7.75661e+06
-363714
0.658427
0.00920722
0.00474054
0.000255338
0
0
0
1683487999.19088
msg_begin
7.75661e+06
-363714
0.657339
0.00518542
0.00701567
0.000284939
0
0
0
1683487999.24082
msg_begin
7.75661e+06
-363714
0.654578
0.000515035
0.00321044
0.000115715
0
0
0
1683487999.29114
msg_begin
7.75661e+06
-363713
0.652109
0.0101315
0.00385664
0.00131854
0
0
0
1683487999.34068
msg_begin
7.75661e+06
-363713
0.649952
0.00915555
0.0122439
0.00069785
0
0
0
1683487999.39056
msg_begin
7.75661e+06
-363713
0.648991
0.00103222
0.000520197
4.77207e-05
0
0
0
1683487999.44051
msg_begin
7.75661e+06
-363713
0.648568
0.00239107
0.00778731
0.00026465
0
0
0
1683487999.49042
msg_begin
7.75661e+06
-363712
0.646847
0.00620306
0.00589175
0.000835961
0
0
0
1683487999.54073
msg_begin
7.75661e+06
-363712
0.650137
0.00659566
0.00661529
0.000642979
0
0
0
1683487999.59039
msg_begin
7.75661e+06
-363712
0.652968
0.00384725
0.00369207
0.000590016
0
0
0
1683487999.64034
msg_begin
7.75661e+06
-363712
0.654419
7.72998e-08
1.86265e-09
4.77396e-15
0
0
0
1683487999.69024
msg_begin
7.75661e+06
-363711
0.654354
0.000924132
0.000718573
0.000119552
0
0
0
1683487999.74053
msg_begin
7.75661e+06
-363711
0.652402
0.00126146
0.00132312
6.71047e-05
0
0
0
1683487999.79020
msg_begin
7.75661e+06
-363711
0.652952
6.51926e-09
9.8953e-10
3.10862e-15
0
0
0
1683487999.84181
msg_begin
7.75661e+06
-363711
0.653524
0.00902297
0.00363951
0.000563827
0
0
0
1683487999.89019
msg_begin
7.75661e+06
-363711
0.651978
0.00646934
0.00171277
0.000197628
0
0
0
1683487999.94030
msg_begin
7.75661e+06
-363710
0.652205
0.00337783
0.00149126
0.000108341
0
0
0
1683487999.99021
msg_begin
7.75661e+06
-363710
0.652093
0.00750521
0.00596982
9.42449e-05
0
0
0
1683488000.04022
msg_begin
7.75661e+06
-363710
0.655252
0.000942412
0.00112542
0.00012836
0
0
0
1683488000.09022
msg_begin
7.75661e+06
-363710
0.655371
0.00173296
0.00145629
0.000111307
0
0
0
1683488000.14062
msg_begin
7.75661e+06
-363710
0.655858
6.14673e-08
3.49246e-10
2.10942e-15
0
0
0
1683488000.19018
msg_begin
7.75661e+06
-363710
0.65632
5.40167e-08
4.65661e-10
3.77476e-15
0
0
0
1683488000.24021
msg_begin
7.75661e+06
-363709
0.657236
0.00470476
0.00344568
0.000810369
0
0
0
1683488000.29028
msg_begin
7.75661e+06
-363709
0.654926
0.00058565
0.000810699
0.000227233
0
0
0
1683488000.34021
msg_begin
7.75661e+06
-363709
0.65299
0.00330821
0.00875985
0.000331729
0
0
0
1683488000.39018
msg_begin
7.75661e+06
-363709
0.654075
0.000286428
0.00176628
0.000113852
0
0
0
1683488000.44067
msg_begin
7.75661e+06
-363709
0.654503
2.14204e-08
6.40284e-10
1.11022e-16
0
0
0
1683488000.49032
msg_begin
7.75662e+06
-363708
0.65542
1.11759e-08
1.04774e-09
1.33227e-15
0
0
0
1683488000.54135
msg_begin
7.75662e+06
-363708
0.653758
0.000314619
0.0005086
0.000139121
0
0
0
1683488000.59034
msg_begin
7.75662e+06
-363708
0.653717
0.00460406
0.00122868
0.000113539
0
0
0
1683488000.64128
msg_begin
7.75662e+06
-363708
0.657219
0.00329945
0.00372375
0.000218116
0
0
0
1683488000.69036
msg_begin
7.75662e+06
-363707
0.657773
0.000189036
0.00095234
3.25913e-05
0
0
0
1683488000.74077
msg_begin
7.75662e+06
-363707
0.655371
0.00157515
0.00211926
0.000121005
0
0
0
1683488000.79045
msg_begin
7.75662e+06
-363707
0.653679
0.00143129
0.00500056
0.000126291
0
0
0
1683488000.84049
msg_begin
7.75662e+06
-363707
0.655762
0.0275895
0.0124811
0.000974556
0
0
0
1683488000.89059
msg_begin
7.75662e+06
-363707
0.65633
0.0122956
0.0110795
4.56961e-05
0
0
0
1683488000.94064
msg_begin
7.75662e+06
-363706
0.654444
8.84756e-08
1.62981e-09
9.99201e-16
0
0
0
1683488000.99065
msg_begin
7.75662e+06
-363706
0.654615
9.31323e-10
2.61934e-09
8.88178e-16
0
0
0
1683488001.04076
msg_begin
7.75662e+06
-363706
0.656627
0.00604641
0.00433963
0.00072454
0
0
0
1683488001.09075
msg_begin
7.75662e+06
-363706
0.653272
0.0014652
0.00106534
0.000119179
0
0
0
1683488001.14116
msg_begin
7.75662e+06
-363705
0.656462
0.00355743
0.00173456
0.000187015
0
0
0
1683488001.19083
msg_begin
7.75662e+06
-363705
0.658871
0.0024268
0.000257008
4.81243e-05
0
0
0
1683488001.24085
msg_begin
7.75662e+06
-363705
0.657844
0.00354976
0.0035807
0.000269123
0
0
0
1683488001.29082
msg_begin
7.75662e+06
-363705
0.658187
0.00509994
0.00518732
0.000728814
0
0
0
1683488001.34143
msg_begin
7.75662e+06
-363704
0.656433
0.0037027
0.00327177
0.000691594
0
0
0
1683488001.39083
msg_begin
7.75662e+06
-363704
0.657152
0.00690021
0.00690671
0.000233971
0
0
0
1683488001.44078
msg_begin
7.75662e+06
-363704
0.65725
0.00132023
0.00157374
0.000301843
0
0
0
1683488001.49077
msg_begin
7.75662e+06
-363704
0.656307
0.00209764
0.00245151
0.000273586
0
0
0
1683488001.54083
msg_begin
7.75662e+06
-363704
0.655483
0.00529896
0.0194969
0.00151383
0
0
0
1683488001.59082
msg_begin
7.75662e+06
-363703
0.654091
0.00274579
0.0013263
6.22169e-05
0
0
0
1683488001.64082
msg_begin
7.75662e+06
-363703
0.654847
6.42613e-08
1.16415e-10
2.33147e-15
0
0
0
1683488001.69087
msg_begin
7.75662e+06
-363703
0.654113
1.49012e-08
7.567e-10
1.55431e-15
0
0
0
1683488001.74129
msg_begin
7.75662e+06
-363703
0.653601
0.000799448
0.000369711
3.60383e-05
0
0
0
1683488001.79096
msg_begin
7.75662e+06
-363702
0.652615
9.31323e-09
1.10595e-09
1.22125e-15
0
0
0
1683488001.84103
msg_begin
7.75662e+06
-363702
0.653295
6.23986e-08
2.15368e-09
3.77476e-15
0
0
0
1683488001.89112
msg_begin
7.75662e+06
-363702
0.654125
0.0026923
0.00616071
0.000754129
0
0
0
1683488001.94106
msg_begin
7.75662e+06
-363702
0.655146
0.00285489
0.00417933
0.000276935
0
0
0
1683488001.99113
msg_begin
7.75662e+06
-363701
0.655554
0.0130378
0.0119161
0.0016765
0
0
0
1683488002.04114
msg_begin
7.75662e+06
-363701
0.652062
0.001218
0.00312763
0.00017915
0
0
0
1683488002.09166
msg_begin
7.75662e+06
-363701
0.650984
0.00639634
0.00468176
0.000390724
0
0
0
1683488002.14164
msg_begin
7.75662e+06
-363701
0.65069
0.0124798
0.00207848
0.000198706
0
0
0
1683488002.19123
msg_begin
7.75663e+06
-363701
0.654452
0.00550701
0.002998
0.000193294
0
0
0
1683488002.24128
msg_begin
7.75663e+06
-363700
0.651888
0.00541023
0.00262032
0.000233412
0
0
0
1683488002.29137
msg_begin
7.75663e+06
-363700
0.651321
1.86265e-09
1.04774e-09
2.9976e-15
0
0
0
1683488002.34187
msg_begin
7.75663e+06
-363700
0.653704
0.00306027
0.0018011
0.000222993
0
0
0
1683488002.39138
msg_begin
7.75663e+06
-363700
0.652632
0.0107489
0.00110951
0.000252806
0
0
0
1683488002.44150
msg_begin
7.75663e+06
-363699
0.653298
0.0036979
0.00427627
0.000172277
0
0
0
1683488002.49149
msg_begin
7.75663e+06
-363699
0.651422
0
1.16415e-10
7.77156e-16
0
0
0
1683488002.54162
msg_begin
7.75663e+06
-363699
0.650481
0.00179251
0.00878384
0.000172816
0
0
0
1683488002.59167
msg_begin
7.75663e+06
-363699
0.649319
0.00546788
0.00479188
0.00034915
0
0
0
1683488002.64168
msg_begin
7.75663e+06
-363698
0.647032
0.000961932
0.00569518
0.000329062
0
0
0
1683488002.69175
msg_begin
7.75663e+06
-363698
0.646394
6.61239e-08
2.03727e-09
1.11022e-16
0
0
0
1683488002.74192
msg_begin
7.75663e+06
-363698
0.645969
0.00348203
0.00934676
0.00142164
0
0
0
1683488002.79178
msg_begin
7.75663e+06
-363698
0.642902
0.0223704
0.0165293
0.00145383
0
0
0
1683488002.84175
msg_begin
7.75663e+06
-363697
0.645735
0.00790719
0.00187757
3.47318e-05
0
0
0
1683488002.89172
msg_begin
7.75663e+06
-363697
0.645175
1.86265e-08
4.65661e-10
1.44329e-15
0
0
0
1683488002.94217
msg_begin
7.75663e+06
-363697
0.643368
0.00737326
0.00678394
0.000592849
0
0
0
1683488002.99176
msg_begin
7.75663e+06
-363697
0.644981
0.0361316
0.0309956
0.000437834
0
0
0
1683488003.04259
msg_begin
7.75663e+06
-363696
0.644047
0.0036416
0.0137083
0.000845528
0
0
0
1683488003.09171
msg_begin
7.75663e+06
-363696
0.645842
0.0162622
0.00944464
0.000581786
0
0
0
1683488003.14174
msg_begin
7.75663e+06
-363696
0.646209
0.0321449
0.0263371
0.000898335
0
0
0
1683488003.19148
msg_begin
7.75663e+06
-363695
0.645444
0.017803
0.0131177
0.000447014
0
0
0
1683488003.24140
msg_begin
7.75663e+06
-363695
0.643402
0.0122433
0.00947702
0.000540151
0
0
0
1683488003.29127
msg_begin
7.75663e+06
-363695
0.642277
0.00539802
0.000232463
4.42563e-05
0
0
0
1683488003.34118
msg_begin
7.75663e+06
-363695
0.644995
7.91624e-08
3.89991e-09
6.66134e-16
0
0
0
1683488003.39104
msg_begin
7.75663e+06
-363694
0.645411
0.00835186
0.00395974
0.000153732
0
0
0
1683488003.49085
msg_begin
7.75663e+06
-363694
0.645174
0.0282948
0.0179921
0.000477312
0
0
0
1683488003.54122
msg_begin
7.75663e+06
-363694
0.643977
0.0105167
0.0127052
0.000168035
0
0
0
1683488003.59069
msg_begin
7.75663e+06
-363693
0.645192
0.00665758
0.0120964
0.000323385
0
0
0
1683488003.64073
msg_begin
7.75663e+06
-363693
0.642812
0.0080432
0.00902489
0.000362749
0
0
0
1683488003.69077
msg_begin
7.75664e+06
-363693
0.642779
0.00112772
0.00231043
0.000138298
0
0
0
1683488003.74102
msg_begin
7.75664e+06
-363693
0.640464
0.00100237
0.00228576
0.000275007
0
0
0
1683488003.79058
msg_begin
7.75664e+06
-363692
0.642365
0.000287528
0.00150542
6.76674e-05
0
0
0
1683488003.84061
msg_begin
7.75664e+06
-363692
0.642819
0.00275411
0.00252427
0.000163795
0
0
0
1683488003.89058
msg_begin
7.75664e+06
-363692
0.641737
0.0163113
0.0100048
0.00106229
0
0
0
1683488003.94097
msg_begin
7.75664e+06
-363692
0.63798
0.0209527
0.0319686
0.0025201
0
0
0
1683488003.99065
msg_begin
7.75664e+06
-363692
0.63876
0.0392484
0.0217583
0.00085855
0
0
0
1683488004.04073
msg_begin
7.75664e+06
-363691
0.637244
0.0030351
0.000693338
0.000230176
0
0
0
1683488004.09196
msg_begin
7.75664e+06
-363691
0.637956
9.31323e-10
2.91038e-10
4.66294e-15
0
0
0
1683488004.14072
msg_begin
7.75664e+06
-363691
0.638994
0.0162916
0.00414077
0.00121751
0
0
0
1683488004.19085
msg_begin
7.75664e+06
-363690
0.636679
0.000479201
0.000239968
5.37095e-05
0
0
0
1683488004.24089
msg_begin
7.75664e+06
-363690
0.63843
0.00121376
0.000618808
0.000269165
0
0
0
1683488004.29094
msg_begin
7.75664e+06
-363690
0.636637
0.00285983
0.00117347
9.77099e-05
0
0
0
1683488004.34161
msg_begin
7.75664e+06
-363690
0.638669
0.00169756
0.000827862
4.97694e-05
0
0
0
1683488004.39116
msg_begin
7.75664e+06
-363689
0.637886
0.0119097
0.00906779
0.000449515
0
0
0
1683488004.44125
msg_begin
7.75664e+06
-363689
0.639366
0.000316103
0.000358445
4.61291e-08
0
0
0
1683488004.49134
msg_begin
7.75664e+06
-363689
0.637607
0.00270765
0.0033191
9.88895e-05
0
0
0
1683488004.54200
msg_begin
7.75664e+06
-363689
0.635815
0.00610865
0.00422239
0.00108356
0
0
0
1683488004.59142
msg_begin
7.75664e+06
-363688
0.638174
0.0097794
0.00700189
0.000353554
0
0
0
1683488004.64142
msg_begin
7.75664e+06
-363688
0.637213
0.00413577
0.00102313
0.000413339
0
0
0
1683488004.69142
msg_begin
7.75664e+06
-363688
0.640806
0.000872598
0.00114494
0.000380768
0
0
0
1683488004.74159
msg_begin
7.75664e+06
-363688
0.641251
2.04891e-08
1.74623e-10
4.44089e-15
0
0
0
1683488004.79140
msg_begin
7.75664e+06
-363687
0.644208
0.00540408
0.0069291
0.000112878
0
0
0
1683488004.84138
msg_begin
7.75664e+06
-363687
0.642582
0.00967844
0.00522366
0.00086856
0
0
0
1683488004.89181
msg_begin
7.75664e+06
-363687
0.647651
5.86733e-08
1.68802e-09
2.66454e-15
0
0
0
1683488004.94139
msg_begin
7.75664e+06
-363687
0.647724
0.00212117
0.00513445
0.00137508
0
0
0
1683488004.99121
msg_begin
7.75664e+06
-363686
0.649395
0.0129925
0.0119387
7.6389e-06
0
0
0
1683488005.04112
msg_begin
7.75664e+06
-363686
0.648748
0.00770733
0.0110531
0.000124507
0
0
0
1683488005.09116
msg_begin
7.75664e+06
-363686
0.645623
0.0377728
0.0362312
0.00124401
0
0
0
1683488005.14119
msg_begin
7.75664e+06
-363686
0.644601
8.3819e-09
3.20142e-09
5.55112e-16
0
0
0
1683488005.19105
msg_begin
7.75665e+06
-363685
0.644861
0.0012494
0.000597885
0.000898556
0
0
0
1683488005.24233
msg_begin
7.75665e+06
-363685
0.64387
0.00306932
0.00308085
0.000539912
0
0
0
1683488005.29102
msg_begin
7.75665e+06
-363685
0.644943
0.00236403
0.000671349
0.000282157
0
0
0
1683488005.34123
msg_begin
7.75665e+06
-363685
0.647914
0.0171291
0.00794694
0.000168292
0
0
0
1683488005.39112
msg_begin
7.75665e+06
-363684
0.646757
9.18116e-05
0.000509573
5.52533e-05
0
0
0
1683488005.44119
msg_begin
7.75665e+06
-363684
0.64856
2.98023e-08
4.01633e-09
2.66454e-15
0
0
0
1683488005.49128
msg_begin
7.75665e+06
-363684
0.64814
3.72529e-09
3.49246e-10
2.44249e-15
0
0
0
1683488005.54191
msg_begin
7.75665e+06
-363684
0.64533
0.011935
0.0103254
0.000461818
0
0
0
1683488005.59134
msg_begin
7.75665e+06
-363683
0.644048
0.0123102
0.0144371
0.000903752
0
0
0
1683488005.64151
msg_begin
7.75665e+06
-363683
0.642635
0.000476841
0.00130202
0.000118416
0
0
0
1683488005.69147
msg_begin
7.75665e+06
-363683
0.643298
0.00516189
0.00576733
0.000180766
0
0
0
1683488005.74226
msg_begin
7.75665e+06
-363682
0.642628
0.00311936
0.00444368
0.000166707
0
0
0
1683488005.79155
msg_begin
7.75665e+06
-363682
0.644595
2.98023e-08
4.19095e-09
3.33067e-15
0
0
0
1683488005.84151
msg_begin
7.75665e+06
-363682
0.643571
0.0116489
0.0145604
0.000605622
0
0
0
1683488005.89149
msg_begin
7.75665e+06
-363682
0.641217
0.000841433
6.22016e-05
0.000167847
0
0
0
1683488005.94166
msg_begin
7.75665e+06
-363681
0.641064
6.70552e-08
1.80444e-09
2.44249e-15
0
0
0
1683488005.99148
msg_begin
7.75665e+06
-363681
0.641372
0.00223661
0.00116084
0.000192332
0
0
0
1683488006.04132
msg_begin
7.75665e+06
-363681
0.64127
0.00380265
0.00308757
0.000574096
0
0
0
1683488006.09129
msg_begin
7.75665e+06
-363680
0.639582
0.000199116
0.0023407
0.000446411
0
0
0
1683488006.14207
msg_begin
7.75665e+06
-363680
0.639025
0.0157419
0.011585
0.00146428
0
0
0
1683488006.19115
msg_begin
7.75665e+06
-363680
0.639934
0.0270719
0.0202581
0.000972726
0
0
0
1683488006.24115
msg_begin
7.75665e+06
-363680
0.638013
5.58794e-09
1.33878e-09
6.66134e-16
0
0
0
1683488006.29108
msg_begin
7.75665e+06
-363680
0.638265
0.00113913
0.0028193
0.000312637
0
0
0
1683488006.34139
msg_begin
7.75665e+06
-363679
0.633881
0.00741242
0.00362935
0.00127141
0
0
0
1683488006.39105
msg_begin
7.75665e+06
-363679
0.635163
0.0069216
0.00767276
0.00037608
0
0
0
1683488006.44106
msg_begin
7.75665e+06
-363679
0.633093
0.00362898
0.000527333
0.00053123
0
0
0
1683488006.49105
msg_begin
7.75665e+06
-363678
0.629135
0.00195047
0.000268434
0.000181789
0
0
0
1683488006.54099
msg_begin
7.75665e+06
-363678
0.627324
0.00280562
0.00381812
3.51699e-05
0
0
0
1683488006.59098
msg_begin
7.75665e+06
-363678
0.62259
0.0140792
0.00950614
0.000195968
0
0
0
1683488006.64100
msg_begin
7.75666e+06
-363678
0.625432
0.0207
0.0138909
0.000589786
0
0
0
1683488006.69093
msg_begin
7.75666e+06
-363677
0.624696
0.0280753
0.0210546
0.00051671
0
0
0
1683488006.74087
msg_begin
7.75666e+06
-363677
0.624522
0.000646395
0.00408194
0.000424396
0
0
0
1683488006.79094
msg_begin
7.75666e+06
-363677
0.61931
0.00644379
0.00778628
0.000409546
0
0
0
1683488006.84095
msg_begin
7.75666e+06
-363676
0.61813
0.00353443
0.000867519
6.90443e-05
0
0
0
1683488006.89093
msg_begin
7.75666e+06
-363676
0.619952
0.00282868
0.00144115
4.87715e-05
0
0
0
1683488006.94099
msg_begin
7.75666e+06
-363676
0.618375
5.86733e-08
1.74623e-10
1.22125e-15
0
0
0
1683488006.99106
msg_begin
7.75666e+06
-363676
0.612019
5.7742e-08
3.72529e-09
2.9976e-15
0
0
0
1683488007.04101
msg_begin
7.75666e+06
-363675
0.605274
0.000472146
0.00778094
0.000354612
0
0
0
1683488007.09110
msg_begin
7.75666e+06
-363675
0.602514
0.00864794
0.00977051
0.000150827
0
0
0
1683488007.14103
msg_begin
7.75666e+06
-363675
0.59999
0.00140581
0.000282863
7.72968e-05
0
0
0
1683488007.19103
msg_begin
7.75666e+06
-363674
0.597834
2.8871e-08
3.60887e-09
9.99201e-16
0
0
0
1683488007.24100
msg_begin
7.75666e+06
-363674
0.594515
0.0115149
0.00893304
0.000343446
0
0
0
1683488007.29095
msg_begin
7.75666e+06
-363674
0.584888
1.39698e-08
1.62981e-09
2.22045e-16
0
0
0
1683488007.34098
msg_begin
7.75666e+06
-363674
0.581895
6.61239e-08
3.49246e-10
7.77156e-16
0
0
0
1683488007.39098
msg_begin
7.75666e+06
-363673
0.574969
6.70552e-08
2.56114e-09
1.11022e-16
0
0
0
1683488007.44090
msg_begin
7.75666e+06
-363673
0.568955
0.00298972
0.00407583
0.000290619
0
0
0
1683488007.49091
msg_begin
7.75666e+06
-363673
0.567071
5.12227e-08
2.85218e-09
6.66134e-16
0
0
0
1683488007.54091
msg_begin
7.75666e+06
-363673
0.559226
0.00114796
0.0012645
0.000101953
0
0
0
1683488007.59088
msg_begin
7.75666e+06
-363672
0.545646
0.0152822
0.020198
0.00283478
0
0
0
1683488007.69083
msg_begin
7.75666e+06
-363672
0.541463
0.00775794
0.0034155
0.000383585
0
0
0
1683488007.74132
msg_begin
7.75666e+06
-363672
0.534437
7.45058e-09
1.10595e-09
4.21885e-15
0
0
0
1683488007.79077
msg_begin
7.75666e+06
-363671
0.528082
0.00195137
0.000364648
0.000175144
0
0
0
1683488007.84074
msg_begin
7.75666e+06
-363671
0.524678
0.00228272
0.00696263
0.000176557
0
0
0
1683488007.89075
msg_begin
7.75667e+06
-363671
0.520522
1.21072e-08
2.73576e-09
1.55431e-15
0
0
0
1683488007.94106
msg_begin
7.75667e+06
-363671
0.517656
1.95578e-08
2.73576e-09
1.33227e-15
0
0
0
1683488007.99079
msg_begin
7.75667e+06
-363670
0.512805
0.0583605
0.0314414
0.00101124
0
0
0
1683488008.04082
msg_begin
7.75667e+06
-363670
0.502782
3.81842e-08
5.23869e-10
3.21965e-15
0
0
0
1683488008.09085
msg_begin
7.75667e+06
-363670
0.498394
0.00452491
0.00279892
0.000121918
0
0
0
1683488008.14151
msg_begin
7.75667e+06
-363670
0.494156
0.000329586
0.000903496
9.20897e-05
0
0
0
1683488008.19092
msg_begin
7.75667e+06
-363670
0.488866
9.31323e-10
5.82077e-11
3.71925e-15
0
0
0
1683488008.24088
msg_begin
7.75667e+06
-363669
0.48884
0.0135045
0.000786855
0.000135897
0
0
0
1683488008.29087
msg_begin
7.75667e+06
-363669
0.482841
0.0802964
0.0526054
0.000918623
0
0
0
1683488008.34125
msg_begin
7.75667e+06
-363669
0.478898
0.00408195
0.00390135
0.000409468
0
0
0
1683488008.39100
msg_begin
7.75667e+06
-363669
0.473421
0.0113687
0.00122102
0.00022947
0
0
0
1683488008.44103
msg_begin
7.75667e+06
-363669
0.467382
0.0104182
0.00502616
0.000989358
0
0
0
1683488008.49099
msg_begin
7.75667e+06
-363668
0.466719
0.00144584
0.00772136
0.000619109
0
0
0
1683488008.54109
msg_begin
7.75667e+06
-363668
0.465554
0.00917471
0.00310099
0.0005346
0
0
0
1683488008.59107
msg_begin
7.75667e+06
-363668
0.463375
0.00459672
0.0081759
0.000806364
0
0
0
1683488008.64108
msg_begin
7.75667e+06
-363668
0.461737
5.02578e-05
0.00143539
0.000336608
0
0
0
1683488008.69106
msg_begin
7.75667e+06
-363668
0.461304
0.000621554
0.000509665
0.000305142
0
0
0
1683488008.74110
msg_begin
7.75667e+06
-363668
0.459765
0.0410401
0.0281194
0.000483284
0
0
0
1683488008.79106
msg_begin
7.75667e+06
-363667
0.45513
0.0154657
0.00891147
0.000841871
0
0
0
1683488008.84107
msg_begin
7.75667e+06
-363667
0.446576
8.56817e-08
1.33878e-09
3.66374e-15
0
0
0
1683488008.89109
msg_begin
7.75667e+06
-363667
0.442611
0.000107949
0.000175738
6.14059e-05
0
0
0
1683488008.94109
msg_begin
7.75667e+06
-363667
0.440357
0.0446885
0.019454
0.00116311
0
0
0
1683488008.99103
msg_begin
7.75667e+06
-363667
0.434522
0.000681877
0.000468792
5.95014e-05
0
0
0
1683488009.04098
msg_begin
7.75667e+06
-363666
0.430963
4.56348e-08
2.15368e-09
5.55112e-17
0
0
0
1683488009.09094
msg_begin
7.75667e+06
-363666
0.431595
3.1665e-08
4.07454e-10
3.9968e-15
0
0
0
1683488009.14094
msg_begin
7.75667e+06
-363666
0.431708
0.00326223
0.00105842
0.000124172
0
0
0
1683488009.19088
msg_begin
7.75667e+06
-363666
0.430123
3.63216e-08
2.91038e-09
6.10623e-16
0
0
0
1683488009.24097
msg_begin
7.75668e+06
-363666
0.427701
0.00859186
0.00183973
0.000837271
0
0
0
1683488009.29101
msg_begin
7.75668e+06
-363666
0.42661
6.51926e-08
2.32831e-10
3.38618e-15
0
0
0
1683488009.34084
msg_begin
7.75668e+06
-363665
0.425512
1.21072e-08
2.21189e-09
1.27676e-15
0
0
0
1683488009.39084
msg_begin
7.75668e+06
-363665
0.42466
0.00378088
0.00606018
0.000257599
0
0
0
1683488009.44084
msg_begin
7.75668e+06
-363665
0.426152
1.11759e-08
2.44472e-09
1.94289e-15
0
0
0
1683488009.49080
msg_begin
7.75668e+06
-363665
0.425048
9.31323e-09
3.20142e-09
3.55271e-15
0
0
0
1683488009.54114
msg_begin
7.75668e+06
-363665
0.423672
0.0045855
0.00449854
0.000203874
0
0
0
1683488009.59085
msg_begin
7.75668e+06
-363665
0.424103
0.00204443
0.000732987
0.00038961
0
0
0
1683488009.64080
msg_begin
7.75668e+06
-363665
0.422921
0.00135735
0.000809243
0.000140193
0
0
0
1683488009.69080
msg_begin
7.75668e+06
-363664
0.421326
4.19095e-08
5.82077e-11
5.55112e-16
0
0
0
1683488009.74141
msg_begin
7.75668e+06
-363664
0.414454
0.0241306
0.0138907
0.000940837
0
0
0
1683488009.79084
msg_begin
7.75668e+06
-363664
0.412165
0.0126913
0.00490625
0.000252001
0
0
0
1683488009.84086
msg_begin
7.75668e+06
-363664
0.414866
5.58794e-09
2.21189e-09
4.71845e-15
0
0
0
1683488009.89086
msg_begin
7.75668e+06
-363664
0.409303
0.000378845
0.000320691
1.62856e-05
0
0
0
1683488009.94125
msg_begin
7.75668e+06
-363663
0.407865
0.00275592
0.00245161
0.000508285
0
0
0
1683488009.99086
msg_begin
7.75668e+06
-363663
0.405106
0.00715655
0.0043976
0.000485165
0
0
0
1683488010.04095
msg_begin
7.75668e+06
-363663
0.40184
0.000860874
0.00185642
0.000652763
0
0
0
1683488010.09086
msg_begin
7.75668e+06
-363663
0.397389
0.00112402
0.00283876
0.000221768
0
0
0
1683488010.14142
msg_begin
7.75668e+06
-363663
0.395628
0.00158175
0.00032933
0.000768257
0
0
0
1683488010.19093
msg_begin
7.75668e+06
-363663
0.392739
0.00771882
0.00867314
0.000608491
0
0
0
1683488010.24096
msg_begin
7.75668e+06
-363662
0.390544
0.0276492
0.0164752
0.00166458
0
0
0
1683488010.29095
msg_begin
7.75668e+06
-363662
0.388847
0.018067
0.00758226
0.000715599
0
0
0
1683488010.34170
msg_begin
7.75668e+06
-363662
0.383299
0.00411389
0.000784449
0.000767607
0
0
0
1683488010.39103
msg_begin
7.75668e+06
-363662
0.37949
0.0077332
0.00244587
0.000384061
0
0
0
1683488010.44113
msg_begin
7.75668e+06
-363662
0.378255
0.00407619
0.00108247
1.35705e-05
0
0
0
1683488010.49117
msg_begin
7.75668e+06
-363662
0.377085
0.00772303
0.0028178
0.000171921
0
0
0
1683488010.54120
msg_begin
7.75668e+06
-363661
0.368396
7.07805e-08
1.97906e-09
2.88658e-15
0
0
0
1683488010.59127
msg_begin
7.75669e+06
-363661
0.370525
0.000876366
0.000435552
5.04688e-05
0
0
0
1683488010.64133
msg_begin
7.75669e+06
-363661
0.363246
0.00315663
0.00402444
0.000368793
0
0
0
1683488010.69154
msg_begin
7.75669e+06
-363661
0.355455
8.10251e-08
6.98492e-10
2.55351e-15
0
0
0
1683488010.74136
msg_begin
7.75669e+06
-363661
0.349212
0.00733229
0.000815548
0.000905952
0
0
0
1683488010.79146
msg_begin
7.75669e+06
-363660
0.345635
0.00499652
0.00712907
0.0012163
0
0
0
1683488010.84145
msg_begin
7.75669e+06
-363660
0.340409
0.00748909
0.00210615
0.00025934
0
0
0
1683488010.89176
msg_begin
7.75669e+06
-363660
0.331956
8.9407e-08
2.91038e-10
2.72005e-15
0
0
0
1683488010.94144
msg_begin
7.75669e+06
-363660
0.325989
0.00974247
0.00588006
0.00035758
0
0
0
1683488010.99140
msg_begin
7.75669e+06
-363660
0.325125
0.00704053
0.00751788
0.000245923
0
0
0
1683488011.04134
msg_begin
7.75669e+06
-363660
0.317896
0.0239486
0.00673717
0.000710513
0
0
0
1683488011.09167
msg_begin
7.75669e+06
-363660
0.314261
1.86265e-09
1.74623e-10
9.99201e-16
0
0
0
1683488011.14125
msg_begin
7.75669e+06
-363659
0.308892
0.00403483
0.000131881
0.000285599
0
0
0
1683488011.19120
msg_begin
7.75669e+06
-363659
0.299119
0.00438909
0.000294501
4.02352e-05
0
0
0
1683488011.24119
msg_begin
7.75669e+06
-363659
0.293113
1.02445e-08
2.03727e-09
8.32667e-16
0
0
0
1683488011.29135
msg_begin
7.75669e+06
-363659
0.293017
4.30303e-05
0.000501962
6.45945e-06
0
0
0
1683488011.34114
msg_begin
7.75669e+06
-363659
0.291075
4.65661e-09
1.74623e-10
5.55112e-17
0
0
0
1683488011.39116
msg_begin
7.75669e+06
-363659
0.287045
0.00196379
0.00562277
0.000783745
0
0
0
1683488011.44105
msg_begin
7.75669e+06
-363659
0.276594
6.33299e-08
4.65661e-10
3.33067e-16
0
0
0
1683488011.49105
msg_begin
7.75669e+06
-363658
0.271349
0.0211677
0.00255451
0.00109181
0
0
0
1683488011.54097
msg_begin
7.75669e+06
-363658
0.267013
0.00038609
0.000218684
0.00011832
0
0
0
1683488011.59093
msg_begin
7.75669e+06
-363658
0.263156
0.000519112
0.00161125
1.62824e-05
0
0
0
1683488011.64091
msg_begin
7.75669e+06
-363658
0.263537
0.000953925
0.00164434
0.000252348
0
0
0
1683488011.69072
msg_begin
7.7567e+06
-363658
0.257955
0.000724045
0.000268225
7.16839e-05
0
0
0
1683488011.74116
msg_begin
7.7567e+06
-363658
0.252398
0.00274269
0.00137169
8.60284e-05
0
0
0
1683488011.79065
msg_begin
7.7567e+06
-363658
0.250665
0.0046032
0.00387644
0.0010633
0
0
0
1683488011.84063
msg_begin
7.7567e+06
-363658
0.24606
0.015557
0.00578029
0.000686401
0
0
0
1683488011.89059
msg_begin
7.7567e+06
-363657
0.239936
0.0206719
0.00443349
0.000528184
0
0
0
1683488011.94056
msg_begin
7.7567e+06
-363657
0.233119
1.76951e-08
2.67755e-09
1.02696e-15
0
0
0
1683488011.99058
msg_begin
7.7567e+06
-363657
0.22658
3.53903e-08
2.38651e-09
4.44089e-16
0
0
0
1683488012.04055
msg_begin
7.7567e+06
-363657
0.220579
0.00435205
0.000626956
0.000680982
0
0
0
1683488012.09062
msg_begin
7.7567e+06
-363657
0.218123
4.28408e-08
1.04774e-09
1.13798e-15
0
0
0
1683488012.14058
msg_begin
7.7567e+06
-363657
0.212578
0.00105007
0.000276344
6.02266e-05
0
0
0
1683488012.19062
msg_begin
7.7567e+06
-363657
0.209838
0.0129569
0.0036803
0.000850723
0
0
0
1683488012.24061
msg_begin
7.7567e+06
-363657
0.206633
0.0366313
0.0119493
0.000711806
0
0
0
1683488012.29114
msg_begin
7.7567e+06
-363657
0.202273
0.000889443
0.000985473
5.69573e-05
0
0
0
1683488012.34062
msg_begin
7.7567e+06
-363656
0.200555
0.00577976
0.000692374
9.72243e-05
0
0
0
1683488012.39059
msg_begin
7.7567e+06
-363656
0.197791
0.00255876
0.00251992
0.000117656
0
0
0
1683488012.44058
msg_begin
7.7567e+06
-363656
0.19063
0.0014516
0.000116451
0.00182864
0
0
0
1683488012.49058
msg_begin
7.7567e+06
-363656
0.187266
0.00983032
0.0039544
0.000821743
0
0
0
1683488012.54059
msg_begin
7.7567e+06
-363656
0.180938
0.00326295
0.00158294
0.000123603
0
0
0
1683488012.59065
msg_begin
7.7567e+06
-363656
0.177909
0.0141246
0.00427914
0.000231276
0
0
0
1683488012.64063
msg_begin
7.7567e+06
-363656
0.176523
0.0126659
0.00514165
0.000431477
0
0
0
1683488012.69101
msg_begin
7.7567e+06
-363656
0.169299
0.000855162
0.000182885
2.12517e-05
0
0
0
1683488012.74073
msg_begin
7.7567e+06
-363656
0.165796
0.00370162
0.00325437
0.000296762
0
0
0
1683488012.79075
msg_begin
7.75671e+06
-363656
0.159529
0.000393759
0.0011642
0.000212942
0
0
0
1683488012.84076
msg_begin
7.75671e+06
-363656
0.153236
0.000970675
0.000287466
6.45695e-05
0
0
0
1683488012.89123
msg_begin
7.75671e+06
-363655
0.151323
1.86265e-09
2.73576e-09
1.19349e-15
0
0
0
1683488012.94091
msg_begin
7.75671e+06
-363655
0.150255
0.00102052
0.000157261
2.61122e-05
0
0
0
1683488012.99089
msg_begin
7.75671e+06
-363655
0.149225
0.00283596
0.00159324
0.000418466
0
0
0
1683488013.04095
msg_begin
7.75671e+06
-363655
0.148084
0.0250171
0.00649153
0.00169516
0
0
0
1683488013.09119
msg_begin
7.75671e+06
-363655
0.138112
0.0049369
0.00141521
0.000322129
0
0
0
1683488013.14101
msg_begin
7.75671e+06
-363655
0.136105
0.012879
0.00600988
0.000682298
0
0
0
1683488013.19106
msg_begin
7.75671e+06
-363655
0.131435
0.0015196
0.00725358
0.000708552
0
0
0
1683488013.24106
msg_begin
7.75671e+06
-363655
0.129452
0.0181975
0.00578134
0.00160468
0
0
0
1683488013.29159
msg_begin
7.75671e+06
-363655
0.123485
7.91624e-08
1.22236e-09
2.35922e-16
0
0
0
1683488013.34110
msg_begin
7.75671e+06
-363655
0.120167
6.61239e-08
2.09548e-09
1.17961e-15
0
0
0
1683488013.39104
msg_begin
7.75671e+06
-363655
0.113831
0.00380975
0.001959
0.000283258
0
0
0
1683488013.44100
msg_begin
7.75671e+06
-363655
0.107611
0.00434827
0.000803541
0.000326351
0
0
0
1683488013.49097
msg_begin
7.75671e+06
-363655
0.107381
7.07805e-08
6.40284e-10
8.60423e-16
0
0
0
1683488013.54100
msg_begin
7.75671e+06
-363655
0.100614
8.75443e-08
8.14907e-10
2.77556e-17
0
0
0
1683488013.59094
msg_begin
7.75671e+06
-363655
0.09715
0.00958387
0.00877547
0.00116882
0
0
0
1683488013.64089
msg_begin
7.75671e+06
-363654
0.0913808
7.26432e-08
3.31784e-09
1.11022e-16
0
0
0
1683488013.69090
msg_begin
7.75671e+06
-363654
0.0874779
0.000520012
0.00135738
0.000108619
0
0
0
1683488013.74091
msg_begin
7.75671e+06
-363654
0.0864967
0.00197766
0.000397335
6.48832e-05
0
0
0
1683488013.79088
msg_begin
7.75671e+06
-363654
0.0832305
0.00727893
0.00157447
3.38756e-05
0
0
0
1683488013.84104
msg_begin
7.75672e+06
-363654
0.0849121
0.0306447
0.000705002
0.000377894
0
0
0
1683488013.89083
msg_begin
7.75672e+06
-363654
0.0833821
5.96046e-08
2.15368e-09
2.63678e-16
0
0
0
1683488013.94087
msg_begin
7.75672e+06
-363654
0.0800112
7.45058e-09
1.16415e-09
3.60822e-16
0
0
0
1683488013.99082
msg_begin
7.75672e+06
-363654
0.0750485
0.00625249
0.00323544
0.000655703
0
0
0
1683488014.04073
msg_begin
7.75672e+06
-363654
0.0667359
0.0172811
0.00143
2.02591e-05
0
0
0
1683488014.09081
msg_begin
7.75672e+06
-363654
0.0654019
0.0047236
0.000770864
0.000364804
0
0
0
1683488014.14064
msg_begin
7.75672e+06
-363654
0.062993
3.72529e-08
3.37604e-09
4.16334e-16
0
0
0
1683488014.19063
msg_begin
7.75672e+06
-363654
0.0588345
1.95578e-08
1.74623e-10
1.249e-16
0
0
0
1683488014.24064
msg_begin
7.75672e+06
-363654
0.0560796
0.0215148
0.000908983
0.00026127
0
0
0
1683488014.29065
msg_begin
7.75672e+06
-363654
0.0536811
0.00227403
0.00149821
0.000227591
0
0
0
1683488014.34063
msg_begin
7.75672e+06
-363654
0.0456471
8.3819e-08
1.16415e-10
3.40006e-16
0
0
0
1683488014.39069
msg_begin
7.75672e+06
-363654
0.0451527
0.00044913
0.000421241
3.89231e-05
0
0
0
1683488014.44083
msg_begin
7.75672e+06
-363654
0.0456553
0.000105363
0.000255135
1.41271e-05
0
0
0
1683488014.49080
msg_begin
7.75672e+06
-363654
0.0455753
0.00440802
0.00124303
8.33122e-05
0
0
0
1683488014.54078
msg_begin
7.75672e+06
-363654
0.0427684
0.0127673
0.00678108
0.000251581
0
0
0
1683488014.59085
msg_begin
7.75672e+06
-363654
0.0382043
0.0100174
0.00128764
0.000193561
0
0
0
1683488014.64090
msg_begin
7.75672e+06
-363654
0.0357744
0.00251702
0.0012929
0.00160712
0
0
0
1683488014.69124
msg_begin
7.75672e+06
-363654
0.0316627
0.0077808
0.00115165
0.000133121
0
0
0
1683488014.74089
msg_begin
7.75672e+06
-363654
0.0261611
0.0285234
0.00401871
0.000519821
0
0
0
1683488014.79095
msg_begin
7.75672e+06
-363654
0.0220592
0.00644741
0.0114109
0.000925224
0
0
0
1683488014.84095
msg_begin
7.75672e+06
-363654
0.0199574
0.00378582
0.000636596
0.000233229
0
0
0
1683488014.89152
msg_begin
7.75672e+06
-363654
0.0171455
0.000329602
0.000455846
7.98805e-06
0
0
0
1683488014.94104
msg_begin
7.75672e+06
-363654
0.0121818
0.00308113
0.00292249
0.000128515
0
0
0
1683488014.99100
msg_begin
7.75672e+06
-363654
0.0121554
0.00761243
0.00960514
8.04382e-05
0
0
0
1683488015.04098
msg_begin
7.75672e+06
-363654
0.0062408
1.11759e-08
6.40284e-10
2.42861e-17
0
0
0
1683488015.09107
msg_begin
7.75672e+06
-363654
0.00472349
0.00273505
0.00121713
0.000132916
0
0
0
1683488015.14107
msg_begin
7.75673e+06
-363654
0.00403593
0.00592757
0.000271951
3.40043e-05
0
0
0
1683488015.19110
msg_begin
7.75673e+06
-363654
-0.000446264
0.00679991
0.000841186
0.000418056
0
0
0
1683488015.24109
msg_begin
7.75673e+06
-363654
-0.00453872
0.00250201
0.000401507
0.00014067
0
0
0
1683488015.29117
msg_begin
7.75673e+06
-363654
-0.0109312
9.31323e-09
4.65661e-10
3.46945e-17
0
0
0
1683488015.34121
msg_begin
7.75673e+06
-363654
-0.010417
0.0151885
0.000743629
0.000192274
0
0
0
1683488015.39122
msg_begin
7.75673e+06
-363654
-0.0133081
2.79397e-09
2.32831e-10
2.42861e-17
0
0
0
1683488015.44120
msg_begin
7.75673e+06
-363654
-0.0158036
0.00302418
0.00120537
0.000209597
0
0
0
1683488015.49116
msg_begin
7.75673e+06
-363654
-0.0200605
7.07805e-08
4.65661e-10
2.11636e-16
0
0
0
1683488015.54112
msg_begin
7.75673e+06
-363654
-0.0213668
0.0196398
0.00561696
0.000721843
0
0
0
1683488015.59122
msg_begin
7.75673e+06
-363654
-0.0246453
0.00649563
0.00481959
0.000268058
0
0
0
1683488015.64116
msg_begin
7.75673e+06
-363654
-0.0312698
1.49012e-08
2.50293e-09
1.31839e-16
0
0
0
1683488015.69112
msg_begin
7.75673e+06
-363654
-0.0331314
0.00508257
0.0040494
0.000365874
0
0
0
1683488015.74104
msg_begin
7.75673e+06
-363654
-0.0319439
0.00913536
0.000143185
0.000286249
0
0
0
1683488015.79107
msg_begin
7.75673e+06
-363654
-0.0320939
1.76951e-08
2.56114e-09
2.22045e-16
0
0
0
1683488015.84100
msg_begin
7.75673e+06
-363654
-0.0354863
8.75443e-08
1.16415e-10
9.71445e-17
0
0
0
1683488015.89101
msg_begin
7.75673e+06
-363654
-0.0413323
0.00142204
0.000983623
0.000306253
0
0
0
1683488015.94100
msg_begin
7.75673e+06
-363654
-0.0475067
0.00524381
0.000468946
0.00025807
0
0
0
1683488015.99097
msg_begin
7.75673e+06
-363654
-0.050533
0.00125563
0.00179854
0.000463201
0
0
0
1683488016.04101
msg_begin
7.75673e+06
-363654
-0.0510977
6.79865e-08
4.07454e-10
3.05311e-16
0
0
0
1683488016.09116
msg_begin
7.75673e+06
-363654
-0.0558908
0.0523747
0.00395915
0.00191734
0
0
0
1683488016.14108
msg_begin
7.75673e+06
-363654
-0.06177
0.0073779
0.00300272
2.31084e-05
0
0
0
1683488016.19114
msg_begin
7.75673e+06
-363654
-0.0634949
0.0134325
0.00482004
0.000582735
0
0
0
1683488016.24120
msg_begin
7.75673e+06
-363654
-0.0669981
6.79865e-08
1.16415e-10
6.10623e-16
0
0
0
1683488016.29122
msg_begin
7.75673e+06
-363654
-0.0736227
0.00272448
0.00109313
0.000524397
0
0
0
1683488016.34129
msg_begin
7.75673e+06
-363654
-0.0746188
7.45058e-09
1.22236e-09
9.71445e-17
0
0
0
1683488016.39141
msg_begin
7.75673e+06
-363654
-0.075059
7.07805e-08
2.91038e-09
5.55112e-17
0
0
0
1683488016.44132
msg_begin
7.75673e+06
-363654
-0.0803031
0.0310509
0.000177625
0.000614652
0
0
0
1683488016.49132
msg_begin
7.75674e+06
-363654
-0.0823697
0.000711671
0.00031157
0.000146258
0
0
0
1683488016.54134
msg_begin
7.75674e+06
-363654
-0.0873645
2.79397e-09
1.74623e-10
5.82867e-16
0
0
0
1683488016.59131
msg_begin
7.75674e+06
-363654
-0.089641
7.35745e-08
2.21189e-09
3.33067e-16
0
0
0
1683488016.64129
msg_begin
7.75674e+06
-363654
-0.0902447
5.58794e-09
8.73115e-10
4.16334e-16
0
0
0
1683488016.69127
msg_begin
7.75674e+06
-363654
-0.0945677
0.00663547
0.00423495
3.65493e-05
0
0
0
1683488016.74115
msg_begin
7.75674e+06
-363654
-0.0962694
0.00034869
0.000841834
0.000121179
0
0
0
1683488016.79110
msg_begin
7.75674e+06
-363654
-0.0992996
0.00300683
0.00244349
0.000148007
0
0
0
1683488016.84107
msg_begin
7.75674e+06
-363654
-0.104752
0.0135606
0.00503016
0.00264742
0
0
0
1683488016.89108
msg_begin
7.75674e+06
-363654
-0.108293
0.00415007
0.00646132
0.000465218
0
0
0
1683488016.94090
msg_begin
7.75674e+06
-363654
-0.107445
0.00772638
0.000775757
0.000134391
0
0
0
1683488016.99092
msg_begin
7.75674e+06
-363654
-0.106992
0.0178407
0.00479657
0.000379283
0
0
0
1683488017.04085
msg_begin
7.75674e+06
-363654
-0.107558
0.00961319
0.00396342
0.000322071
0
0
0
1683488017.09090
msg_begin
7.75674e+06
-363654
-0.10865
0.0124165
0.00465614
6.99938e-05
0
0
0
1683488017.14086
msg_begin
7.75674e+06
-363654
-0.110312
0.00110711
0.000767577
0.000180685
0
0
0
1683488017.19081
msg_begin
7.75674e+06
-363654
-0.110436
3.53903e-08
4.65661e-10
1.22125e-15
0
0
0
1683488017.24091
msg_begin
7.75674e+06
-363654
-0.111386
1.39557e-05
8.74999e-05
3.02829e-05
0
0
0
1683488017.29096
msg_begin
7.75674e+06
-363654
-0.112772
5.96046e-08
2.32831e-09
1.94289e-16
0
0
0
1683488017.34088
msg_begin
7.75674e+06
-363655
-0.115633
0.00276112
0.000460881
7.83302e-05
0
0
0
1683488017.39088
msg_begin
7.75674e+06
-363655
-0.118499
0.00182683
0.000929318
0.0001132
0
0
0
1683488017.44095
msg_begin
7.75674e+06
-363655
-0.12263
0.00909333
0.00094108
0.000567887
0
0
0
1683488017.49089
msg_begin
7.75674e+06
-363655
-0.125917
6.51926e-09
3.0268e-09
9.71445e-16
0
0
0
1683488017.54084
msg_begin
7.75674e+06
-363655
-0.127955
1.21072e-08
2.15368e-09
6.38378e-16
0
0
0
1683488017.59098
msg_begin
7.75674e+06
-363655
-0.127903
0.0803122
0.00398773
0.00138107
0
0
0
1683488017.79111
msg_begin
7.75674e+06
-363655
-0.128728
0.0184043
0.0012131
0.000248828
0
0
0
1683488017.84112
msg_begin
7.75675e+06
-363655
-0.131765
0.134223
0.00236562
0.00133329
0
0
0
1683488017.89155
msg_begin
7.75675e+06
-363655
-0.136404
6.79865e-08
4.07454e-10
3.88578e-16
0
0
0
1683488017.94117
msg_begin
7.75675e+06
-363655
-0.13822
0.00135677
0.000513625
4.94395e-05
0
0
0
1683488017.99112
msg_begin
7.75675e+06
-363655
-0.140959
0.0209084
0.0124616
0.00102524
0
0
0
1683488018.04114
msg_begin
7.75675e+06
-363655
-0.143554
1.49012e-08
6.98492e-10
1.36002e-15
0
0
0
1683488018.09130
msg_begin
7.75675e+06
-363655
-0.143235
0.00249776
0.00217811
8.69948e-05
0
0
0
1683488018.14113
msg_begin
7.75675e+06
-363655
-0.143457
0.00167969
0.000512055
7.47378e-05
0
0
0
1683488018.19117
msg_begin
7.75675e+06
-363655
-0.143069
9.31323e-09
2.67755e-09
2.77556e-17
0
0
0
1683488018.24120
msg_begin
7.75675e+06
-363655
-0.143288
0.0222031
0.00128967
0.000135612
0
0
0
1683488018.29169
msg_begin
7.75675e+06
-363655
-0.143238
0.00188451
0.000694406
9.80427e-05
0
0
0
1683488018.34124
msg_begin
7.75675e+06
-363655
-0.142674
0.00169761
0.000231336
8.65805e-05
0
0
0
1683488018.39128
msg_begin
7.75675e+06
-363656
-0.142939
4.56348e-08
1.57161e-09
3.05311e-16
0
0
0
1683488018.44126
msg_begin
7.75675e+06
-363656
-0.144562
0.00815029
0.00378414
0.00075285
0
0
0
1683488018.49120
msg_begin
7.75675e+06
-363656
-0.143485
0.0209197
0.00288847
0.000792069
0
0
0
1683488018.54121
msg_begin
7.75675e+06
-363656
-0.143312
0.00166479
8.61475e-05
2.93778e-05
0
0
0
1683488018.59115
msg_begin
7.75675e+06
-363656
-0.141317
0.0124789
0.00574366
0.00141152
0
0
0
1683488018.64104
msg_begin
7.75675e+06
-363656
-0.147028
0.00184544
0.00130967
0.000374531
0
0
0
1683488018.69104
msg_begin
7.75675e+06
-363656
-0.149901
0.00125555
0.00361179
0.000564175
0
0
0
1683488018.74092
msg_begin
7.75675e+06
-363656
-0.150964
8.70313e-05
9.4245e-06
9.57065e-07
0
0
0
1683488018.79085
msg_begin
7.75675e+06
-363656
-0.146264
0.000366675
0.00175374
7.9594e-05
0
0
0
1683488018.84077
msg_begin
7.75675e+06
-363656
-0.14536
0
1.04774e-09
4.44089e-16
0
0
0
1683488018.89063
msg_begin
7.75675e+06
-363656
-0.147105
0.0613017
0.0121374
0.00114995
0
0
0
1683488018.94060
msg_begin
7.75675e+06
-363656
-0.145059
0.0613827
0.010376
0.00118025
0
0
0
1683488018.99055
msg_begin
7.75675e+06
-363656
-0.144542
0.00285025
0.00273639
7.22468e-05
0
0
0
1683488019.04044
msg_begin
7.75675e+06
-363656
-0.143277
0.000423985
0.00010795
0.000148967
0
0
0
1683488019.09036
msg_begin
7.75675e+06
-363656
-0.144351
0.00499192
0.000185282
5.69548e-05
0
0
0
1683488019.14028
msg_begin
7.75676e+06
-363656
-0.145599
0.000150084
0.00143479
0.000135085
0
0
0
1683488019.19035
msg_begin
7.75676e+06
-363656
-0.143017
0.000111642
6.29993e-05
2.51337e-06
0
0
0
1683488019.24026
msg_begin
7.75676e+06
-363656
-0.144503
2.79397e-09
2.79397e-09
4.996e-16
0
0
0
1683488019.29006
msg_begin
7.75676e+06
-363656
-0.144287
0.00453665
0.00222628
0.000383985
0
0
0
1683488019.34000
msg_begin
7.75676e+06
-363657
-0.142207
0.00332115
0.00135804
0.000216748
0
0
0
1683488019.38995
msg_begin
7.75676e+06
-363657
-0.145335
7.07805e-08
1.57161e-09
2.498e-16
0
0
0
1683488019.43993
msg_begin
7.75676e+06
-363657
-0.141208
0.0394615
0.00903136
0.00178035
0
0
0
1683488019.48983
msg_begin
7.75676e+06
-363657
-0.141723
0.010014
0.00414619
0.000477094
0
0
0
1683488019.53983
msg_begin
7.75676e+06
-363657
-0.137727
0.0258018
0.00567173
0.001164
0
0
0
1683488019.58972
msg_begin
7.75676e+06
-363657
-0.140655
0.00296723
0.00169536
8.28785e-05
0
0
0
1683488019.63963
msg_begin
7.75676e+06
-363657
-0.138585
0.0312653
0.00857359
0.0021502
0
0
0
1683488019.68955
msg_begin
7.75676e+06
-363657
-0.13752
0.00351359
0.00211482
0.00022587
0
0
0
1683488019.73946
msg_begin
7.75676e+06
-363657
-0.138059
0.0234134
0.00429263
0.000734007
0
0
0
1683488019.78939
msg_begin
7.75676e+06
-363657
-0.137553
0.000775778
0.000578576
4.42704e-05
0
0
0
1683488019.84006
msg_begin
7.75676e+06
-363657
-0.136151
5.58794e-08
9.31323e-10
2.77556e-17
0
0
0
1683488019.88923
msg_begin
7.75676e+06
-363657
-0.13764
0.00100882
0.00142209
0.000191823
0
0
0
1683488019.93919
msg_begin
7.75676e+06
-363657
-0.136756
0.0129569
0.00489812
0.000447418
0
0
0
1683488019.98911
msg_begin
7.75676e+06
-363657
-0.133849
6.51926e-08
2.61934e-09
1.11022e-15
0
0
0
1683488020.03905
msg_begin
7.75676e+06
-363657
-0.135282
9.31323e-10
1.86265e-09
1.22125e-15
0
0
0
1683488020.08900
msg_begin
7.75676e+06
-363657
-0.135584
0.00779818
0.00115423
0.00019557
0
0
0
1683488020.13894
msg_begin
7.75676e+06
-363657
-0.135107
0.00102844
0.000159705
1.77321e-05
0
0
0
1683488020.18900
msg_begin
7.75676e+06
-363657
-0.135251
0.00793221
0.00171894
0.00055691
0
0
0
1683488020.23958
msg_begin
7.75676e+06
-363658
-0.132553
0.0090628
0.00283439
0.000682246
0
0
0
1683488020.28889
msg_begin
7.75676e+06
-363658
-0.13161
0.00764582
0.00242976
0.000493951
0
0
0
1683488020.33893
msg_begin
7.75677e+06
-363658
-0.126712
0.00103182
6.91007e-05
9.03006e-05
0
0
0
1683488020.38897
msg_begin
7.75677e+06
-363658
-0.125847
0.0335903
0.000991208
0.000200887
0
0
0
1683488020.43898
msg_begin
7.75677e+06
-363658
-0.125303
0.000598819
0.000442846
5.22824e-05
0
0
0
1683488020.48911
msg_begin
7.75677e+06
-363658
-0.122559
0.0320088
0.00498921
0.000411898
0
0
0
1683488020.53908
msg_begin
7.75677e+06
-363658
-0.122985
9.31323e-10
5.82077e-11
3.33067e-16
0
0
0
1683488020.58907
msg_begin
7.75677e+06
-363658
-0.122137
0.0313404
0.00873251
0.00153508
0
0
0
1683488020.63931
msg_begin
7.75677e+06
-363658
-0.123561
0.0153458
0.00612178
0.000933926
0
0
0
1683488020.68916
msg_begin
7.75677e+06
-363658
-0.125273
0.0127822
0.00219513
0.000133108
0
0
0
1683488020.73923
msg_begin
7.75677e+06
-363658
-0.124808
0.00935799
0.00819109
0.000324939
0
0
0
1683488020.78923
msg_begin
7.75677e+06
-363658
-0.123534
0.0579132
0.0204685
0.000597872
0
0
0
1683488020.83932
msg_begin
7.75677e+06
-363658
-0.118702
0.0598211
0.00853895
0.000357689
0
0
0
1683488020.88939
msg_begin
7.75677e+06
-363658
-0.117733
0.0254918
0.00708438
0.00141021
0
0
0
1683488020.93946
msg_begin
7.75677e+06
-363658
-0.118035
0.000929514
0.0013002
0.000125726
0
0
0
1683488020.98948
msg_begin
7.75677e+06
-363658
-0.118075
0.00440081
0.00022512
4.43975e-05
0
0
0
1683488021.03983
msg_begin
7.75677e+06
-363658
-0.114927
5.68107e-08
4.65661e-10
1.66533e-16
0
0
0
1683488021.08957
msg_begin
7.75677e+06
-363658
-0.115959
1.67638e-08
3.31784e-09
2.91434e-16
0
0
0
1683488021.13960
msg_begin
7.75677e+06
-363658
-0.114123
0.00137213
0.000519532
0.000185609
0
0
0
1683488021.18965
msg_begin
7.75677e+06
-363658
-0.114436
0.000581384
0.00124313
6.0479e-05
0
0
0
1683488021.23968
msg_begin
7.75677e+06
-363658
-0.116239
0.010437
0.0101477
0.000796866
0
0
0
1683488021.28966
msg_begin
7.75677e+06
-363658
-0.116961
0.00448378
0.00232001
0.00069338
0
0
0
1683488021.33976
msg_begin
7.75677e+06
-363659
-0.116748
0.0137421
0.00350704
0.00125597
0
0
0
1683488021.38969
msg_begin
7.75677e+06
-363659
-0.118826
0.00565455
0.00252275
0.00054838
0
0
0
1683488021.44044
msg_begin
7.75677e+06
-363659
-0.118387
0.00394803
0.00072898
1.15327e-05
0
0
0
1683488021.48972
msg_begin
7.75677e+06
-363659
-0.118524
0.0213965
0.00176814
0.000135058
0
0
0
1683488021.53959
msg_begin
7.75678e+06
-363659
-0.117699
0.001469
0.000584966
0.000100172
0
0
0
1683488021.63953
msg_begin
7.75678e+06
-363659
-0.115339
0.0136267
0.0018202
0.000796708
0
0
0
1683488021.68959
msg_begin
7.75678e+06
-363659
-0.116726
1.21072e-08
2.96859e-09
2.08167e-16
0
0
0
1683488021.73942
msg_begin
7.75678e+06
-363659
-0.116415
0.00558748
0.00126298
0.000602531
0
0
0
1683488021.78940
msg_begin
7.75678e+06
-363659
-0.119241
0.00185331
0.000505094
3.5123e-05
0
0
0
1683488021.83932
msg_begin
7.75678e+06
-363659
-0.121593
3.35276e-08
4.65661e-10
4.16334e-17
0
0
0
1683488021.88931
msg_begin
7.75678e+06
-363659
-0.118408
0.0428183
0.00315598
0.000600324
0
0
0
1683488021.93924
msg_begin
7.75678e+06
-363659
-0.118556
0.0062574
0.00305669
0.000255012
0
0
0
1683488021.98926
msg_begin
7.75678e+06
-363659
-0.120771
0.0119195
0.00593597
0.000309603
0
0
0
1683488022.03925
msg_begin
7.75678e+06
-363659
-0.116988
0.0433676
0.0104568
0.000950913
0
0
0
1683488022.08935
msg_begin
7.75678e+06
-363659
-0.117413
2.6077e-08
1.10595e-09
0
0
0
0
1683488022.13926
msg_begin
7.75678e+06
-363659
-0.119801
0.0628817
0.0148232
0.000943895
0
0
0
1683488022.18929
msg_begin
7.75678e+06
-363659
-0.118424
0.0417979
0.0139702
0.000417933
0
0
0
1683488022.23932
msg_begin
7.75678e+06
-363659
-0.117326
0.00713741
0.00471398
0.000494011
0
0
0
1683488022.28931
msg_begin
7.75678e+06
-363659
-0.118249
0.0233161
0.004917
0.000285498
0
0
0
1683488022.33935
msg_begin
7.75678e+06
-363659
-0.123338
0.00472268
0.0010664
0.000191646
0
0
0
1683488022.38925
msg_begin
7.75678e+06
-363659
-0.120707
0.000462342
0.000375295
5.87692e-06
0
0
0
1683488022.43929
msg_begin
7.75678e+06
-363660
-0.12063
8.3819e-09
2.91038e-09
5.68989e-16
0
0
0
1683488022.48936
msg_begin
7.75678e+06
-363660
-0.120352
1.49012e-08
2.38651e-09
8.04912e-16
0
0
0
1683488022.53932
msg_begin
7.75678e+06
-363660
-0.122229
8.3819e-09
5.82077e-10
1.38778e-16
0
0
0
1683488022.58940
msg_begin
7.75678e+06
-363660
-0.123077
0.000696964
0.0018542
0.000152033
0
0
0
1683488022.68940
msg_begin
7.75678e+06
-363660
-0.12217
0.0138149
0.000948928
0.000307061
0
0
0
1683488022.73945
msg_begin
7.75679e+06
-363660
-0.122772
0.00298998
0.00155055
0.000202135
0
0
0
1683488022.78949
msg_begin
7.75679e+06
-363660
-0.12342
0.045389
0.0124859
0.00201632
0
0
0
1683488022.83952
msg_begin
7.75679e+06
-363660
-0.122226
0.00684141
0.000641694
7.66265e-05
0
0
0
1683488022.88954
msg_begin
7.75679e+06
-363660
-0.121609
0.028515
0.00354683
0.000328663
0
0
0
1683488022.93958
msg_begin
7.75679e+06
-363660
-0.122988
0.00784914
0.00497784
0.000226424
0
0
0
1683488022.98961
msg_begin
7.75679e+06
-363660
-0.121252
0.00584976
0.000469539
0.000127014
0
0
0
1683488023.03964
msg_begin
7.75679e+06
-363660
-0.121259
0.0108341
0.00362151
0.000377722
0
0
0
1683488023.08969
msg_begin
7.75679e+06
-363660
-0.121436
0.000276034
0.000113434
1.05339e-05
0
0
0
1683488023.13974
msg_begin
7.75679e+06
-363660
-0.121674
0.0112869
0.00461639
0.00108204
0
0
0
1683488023.18979
msg_begin
7.75679e+06
-363660
-0.122141
0.00299438
0.00411627
0.00014037
0
0
0
1683488023.23983
msg_begin
7.75679e+06
-363660
-0.123087
6.51926e-08
1.57161e-09
3.19189e-16
0
0
0
1683488023.28985
msg_begin
7.75679e+06
-363660
-0.124824
0.0526537
0.00399444
0.00149812
0
0
0
1683488023.33990
msg_begin
7.75679e+06
-363660
-0.12323
0.0305618
0.00297582
0.000794755
0
0
0
1683488023.38995
msg_begin
7.75679e+06
-363660
-0.121065
8.3819e-09
1.33878e-09
7.07767e-16
0
0
0
1683488023.44015
msg_begin
7.75679e+06
-363661
-0.11918
0.00652718
0.00916487
0.00169949
0
0
0
1683488023.49007
msg_begin
7.75679e+06
-363661
-0.121433
6.79865e-08
2.91038e-09
5.55112e-17
0
0
0
1683488023.54013
msg_begin
7.75679e+06
-363661
-0.121172
0.0237585
0.00562861
0.00046221
0
0
0
1683488023.59021
msg_begin
7.75679e+06
-363661
-0.119098
0.00170172
0.000431718
2.53216e-05
0
0
0
1683488023.64015
msg_begin
7.75679e+06
-363661
-0.123258
8.3819e-09
1.28057e-09
1.27676e-15
0
0
0
1683488023.69017
msg_begin
7.75679e+06
-363661
-0.119701
4.65661e-09
2.96859e-09
5.55112e-17
0
0
0
1683488023.74018
msg_begin
7.75679e+06
-363661
-0.119408
0.00214223
0.007174
0.000213308
0
0
0
1683488023.79019
msg_begin
7.75679e+06
-363661
-0.122283
0.0493659
0.00898787
0.000995589
0
0
0
1683488023.84017
msg_begin
7.7568e+06
-363661
-0.11776
2.23517e-08
3.20142e-09
2.08167e-16
0
0
0
1683488023.89018
msg_begin
7.7568e+06
-363661
-0.121391
0.000831328
0.00405868
0.000645277
0
0
0
1683488023.94019
msg_begin
7.7568e+06
-363661
-0.119285
0.00532872
0.00816379
0.00023334
0
0
0
1683488023.99022
msg_begin
7.7568e+06
-363661
-0.120723
2.79397e-09
2.38651e-09
7.91034e-16
0
0
0
1683488024.04031
msg_begin
7.7568e+06
-363661
-0.118173
0.000224663
8.94832e-05
6.65019e-05
0
0
0
1683488024.09021
msg_begin
7.7568e+06
-363661
-0.11903
1.76951e-08
6.40284e-10
1.17961e-15
0
0
0
1683488024.14028
msg_begin
7.7568e+06
-363661
-0.120913
0.000324432
0.000165748
4.25196e-05
0
0
0
1683488024.19022
msg_begin
7.7568e+06
-363661
-0.120142
0.00867349
0.00557008
0.000282677
0
0
0
1683488024.24020
msg_begin
7.7568e+06
-363661
-0.123733
6.61239e-08
2.73576e-09
8.88178e-16
0
0
0
1683488024.29022
msg_begin
7.7568e+06
-363661
-0.128077
0.000801188
0.000383376
0.000151902
0
0
0
1683488024.34026
msg_begin
7.7568e+06
-363661
-0.127008
0.00174072
0.00038652
2.74206e-05
0
0
0
1683488024.39023
msg_begin
7.7568e+06
-363662
-0.127862
0.00896837
0.00186056
1.55634e-05
0
0
0
1683488024.44019
msg_begin
7.7568e+06
-363662
-0.125613
0.0137193
0.000869275
0.000736908
0
0
0
1683488024.49024
msg_begin
7.7568e+06
-363662
-0.125389
0.0205471
0.0018483
0.00145134
0
0
0
1683488024.54018
msg_begin
7.7568e+06
-363662
-0.1254
0.0237534
0.00276424
0.000292711
0
0
0
1683488024.59024
msg_begin
7.7568e+06
-363662
-0.12546
0.00575171
0.00122099
0.000149793
0
0
0
1683488024.64013
msg_begin
7.7568e+06
-363662
-0.128643
1.76951e-08
9.8953e-10
0
0
0
0
1683488024.69017
msg_begin
7.7568e+06
-363662
-0.132775
0.00257302
0.0013135
0.000232498
0
0
0
1683488024.74000
msg_begin
7.7568e+06
-363662
-0.130309
0.0606001
0.0145716
0.000512882
0
0
0
1683488024.78994
msg_begin
7.7568e+06
-363662
-0.127151
0.00391571
0.00102635
5.62332e-05
0
0
0
1683488024.83989
msg_begin
7.7568e+06
-363662
-0.125522
7.63685e-08
5.23869e-10
8.60423e-16
0
0
0
1683488024.89006
msg_begin
7.7568e+06
-363662
-0.125631
0.00170625
0.00150293
0.000130355
0
0
0
1683488024.93984
msg_begin
7.75681e+06
-363662
-0.128629
0.0130654
0.00761201
0.000228304
0
0
0
1683488024.98981
msg_begin
7.75681e+06
-363662
-0.131866
0.00244923
0.00565833
0.000452854
0
0
0
1683488025.03987
msg_begin
7.75681e+06
-363662
-0.13445
0.000774129
5.74705e-05
0.000102515
0
0
0
1683488025.08983
msg_begin
7.75681e+06
-363662
-0.133618
0.00238981
0.00121305
0.000159826
0
0
0
1683488025.13984
msg_begin
7.75681e+06
-363662
-0.12937
1.86265e-08
1.16415e-10
2.77556e-16
0
0
0
1683488025.18985
msg_begin
7.75681e+06
-363662
-0.129565
0.00267265
0.00262493
0.000312899
0
0
0
1683488025.23988
msg_begin
7.75681e+06
-363662
-0.133912
7.45058e-09
2.32831e-10
1.36002e-15
0
0
0
1683488025.28991
msg_begin
7.75681e+06
-363662
-0.131764
0.00470443
0.000990322
0.000756877
0
0
0
1683488025.33995
msg_begin
7.75681e+06
-363663
-0.133235
3.72529e-09
2.96859e-09
4.44089e-16
0
0
0
1683488025.38996
msg_begin
7.75681e+06
-363663
-0.132414
4.56348e-08
1.10595e-09
3.88578e-16
0
0
0
1683488025.44015
msg_begin
7.75681e+06
-363663
-0.135506
2.98023e-08
1.80444e-09
1.13798e-15
0
0
0
1683488025.49005
msg_begin
7.75681e+06
-363663
-0.136724
0.0037869
0.00279968
0.000466907
0
0
0
1683488025.54010
msg_begin
7.75681e+06
-363663
-0.135658
0.000118888
0.00103212
8.96831e-05
0
0
0
1683488025.59009
msg_begin
7.75681e+06
-363663
-0.134754
0.0970486
0.0162674
0.000383912
0
0
0
1683488025.64005
msg_begin
7.75681e+06
-363663
-0.13213
0.0592652
0.0143468
0.000862183
0
0
0
1683488025.69003
msg_begin
7.75681e+06
-363663
-0.130144
0.0128767
0.00718376
0.00112671
0
0
0
1683488025.74004
msg_begin
7.75681e+06
-363663
-0.132918
9.31323e-09
9.31323e-10
8.04912e-16
0
0
0
1683488025.79006
msg_begin
7.75681e+06
-363663
-0.133317
0.00994175
0.00242413
0.000207724
0
0
0
1683488025.84004
msg_begin
7.75681e+06
-363663
-0.131424
0.00742219
0.00891629
0.000988302
0
0
0
1683488025.89006
msg_begin
7.75681e+06
-363663
-0.132313
0.00616012
0.00358224
0.000713294
0
0
0
1683488025.94012
msg_begin
7.75681e+06
-363663
-0.13406
1.86265e-08
1.74623e-10
1.36002e-15
0
0
0
1683488025.99010
msg_begin
7.75681e+06
-363663
-0.133678
0.00310335
0.00040934
0.000144111
0
0
0
1683488026.04013
msg_begin
7.75682e+06
-363663
-0.132299
4.19095e-08
2.79397e-09
2.77556e-17
0
0
0
1683488026.09021
msg_begin
7.75682e+06
-363663
-0.132906
0.0109986
0.00536578
0.00067177
0
0
0
1683488026.14023
msg_begin
7.75682e+06
-363663
-0.133559
0.00591414
0.00186626
0.000187625
0
0
0
1683488026.19032
msg_begin
7.75682e+06
-363663
-0.13352
0.000575489
0.000268657
5.87109e-05
0
0
0
1683488026.24035
msg_begin
7.75682e+06
-363664
-0.133246
0.0857542
0.0113127
0.000525332
0
0
0
1683488026.29035
msg_begin
7.75682e+06
-363664
-0.130749
0.00645471
0.00429801
0.000318407
0
0
0
1683488026.34042
msg_begin
7.75682e+06
-363664
-0.13011
0.0121024
0.000606155
3.46153e-05
0
0
0
1683488026.39046
msg_begin
7.75682e+06
-363664
-0.132139
5.58794e-08
4.65661e-10
8.04912e-16
0
0
0
1683488026.44050
msg_begin
7.75682e+06
-363664
-0.132708
0.0146145
0.00166272
0.000349152
0
0
0
1683488026.49051
msg_begin
7.75682e+06
-363664
-0.133021
0.00899678
0.00173174
8.61851e-05
0
0
0
1683488026.54063
msg_begin
7.75682e+06
-363664
-0.132226
0.00294816
0.00139167
0.000233066
0
0
0
1683488026.59050
msg_begin
7.75682e+06
-363664
-0.128383
0.0107466
0.0060426
0.000347318
0
0
0
1683488026.64045
msg_begin
7.75682e+06
-363664
-0.132245
2.23517e-08
3.66708e-09
8.60423e-16
0
0
0
1683488026.69050
msg_begin
7.75682e+06
-363664
-0.130834
0.00283975
0.00142103
0.000129444
0
0
0
1683488026.74043
msg_begin
7.75682e+06
-363664
-0.131404
0.00361604
0.00231976
0.000314105
0
0
0
1683488026.79037
msg_begin
7.75682e+06
-363664
-0.133313
0.00181478
0.00287232
0.000191189
0
0
0
1683488026.84039
msg_begin
7.75682e+06
-363664
-0.135239
7.1974e-05
0.00171174
0.000187153
0
0
0
1683488026.89034
msg_begin
7.75682e+06
-363664
-0.130199
0.00333289
0.00134599
0.00033333
0
0
0
1683488026.94032
msg_begin
7.75682e+06
-363664
-0.130801
0.00784488
0.00200142
0.000130547
0
0
0
1683488026.99030
msg_begin
7.75682e+06
-363664
-0.133243
0.0668783
0.0164474
0.00113381
0
0
0
1683488027.04039
msg_begin
7.75682e+06
-363664
-0.139085
0.00923473
0.00520727
0.00197108
0
0
0
1683488027.09030
msg_begin
7.75682e+06
-363665
-0.138028
0.0106882
0.00961415
0.000296343
0
0
0
1683488027.14033
msg_begin
7.75683e+06
-363665
-0.138357
0.00532276
0.000130209
4.29855e-05
0
0
0
1683488027.19028
msg_begin
7.75683e+06
-363665
-0.138908
6.89179e-08
2.56114e-09
4.44089e-16
0
0
0
1683488027.24039
msg_begin
7.75683e+06
-363665
-0.138362
0.0812578
0.00341344
0.00126169
0
0
0
1683488027.29041
msg_begin
7.75683e+06
-363665
-0.139507
0.0066966
0.00282716
0.000414606
0
0
0
1683488027.34035
msg_begin
7.75683e+06
-363665
-0.140864
0.00198154
0.00135325
0.000219752
0
0
0
1683488027.39046
msg_begin
7.75683e+06
-363665
-0.13885
0.00189367
0.000612515
1.86715e-05
0
0
0
1683488027.44042
msg_begin
7.75683e+06
-363665
-0.136861
3.07336e-08
6.98492e-10
1.58207e-15
0
0
0
1683488027.49044
msg_begin
7.75683e+06
-363665
-0.135346
1.86265e-09
1.39698e-09
5.27356e-16
0
0
0
1683488027.54049
msg_begin
7.75683e+06
-363665
-0.138273
0.0385906
0.00657907
0.00153284
0
0
0
1683488027.59050
msg_begin
7.75683e+06
-363665
-0.140586
0.0108276
0.00398921
0.000640063
0
0
0
1683488027.69092
msg_begin
7.75683e+06
-363665
-0.140841
0.0165812
0.00159565
0.00022911
0
0
0
1683488027.79054
msg_begin
7.75683e+06
-363665
-0.14301
0.00821086
0.0025784
0.000905199
0
0
0
1683488027.84058
msg_begin
7.75683e+06
-363665
-0.143094
0.00190159
0.00604999
9.11248e-05
0
0
0
1683488027.89084
msg_begin
7.75683e+06
-363665
-0.143487
0.0398255
0.00638262
0.000908214
0
0
0
1683488027.94050
msg_begin
7.75683e+06
-363666
-0.141967
0.00894195
0.00209216
0.000108692
0
0
0
1683488027.99047
msg_begin
7.75683e+06
-363666
-0.13999
0.00393176
0.00129294
0.000212179
0
0
0
1683488028.04039
msg_begin
7.75683e+06
-363666
-0.136946
0.0216101
0.00457242
0.000501619
0
0
0
1683488028.09049
msg_begin
7.75683e+06
-363666
-0.139336
0.0150057
0.000480745
0.000838212
0
0
0
1683488028.14039
msg_begin
7.75683e+06
-363666
-0.139767
0.00419222
0.000745638
0.00034026
0
0
0
1683488028.19041
msg_begin
7.75684e+06
-363666
-0.140517
0.0323623
0.0100652
0.00137733
0
0
0
1683488028.24032
msg_begin
7.75684e+06
-363666
-0.136867
0.00204675
0.00151128
0.000226177
0
0
0
1683488028.29057
msg_begin
7.75684e+06
-363666
-0.136954
0.0146707
0.008712
0.00147176
0
0
0
1683488028.34030
msg_begin
7.75684e+06
-363666
-0.134239
0.00130594
0.000225819
1.347e-06
0
0
0
1683488028.39033
msg_begin
7.75684e+06
-363666
-0.136053
2.32831e-08
5.23869e-10
3.33067e-16
0
0
0
1683488028.44033
msg_begin
7.75684e+06
-363666
-0.137284
0.00213306
0.00960309
0.000501384
0
0
0
1683488028.49033
msg_begin
7.75684e+06
-363666
-0.136702
0.00271864
0.000752713
0.00032527
0
0
0
1683488028.54030
msg_begin
7.75684e+06
-363666
-0.136334
0.00421027
0.0050653
0.00112267
0
0
0
1683488028.59030
msg_begin
7.75684e+06
-363666
-0.135344
0.00235939
0.000506468
0.000789162
0
0
0
1683488028.64032
msg_begin
7.75684e+06
-363666
-0.13832
0.0196673
0.00938978
0.001295
0
0
0
1683488028.69035
msg_begin
7.75684e+06
-363666
-0.138146
0.00522412
0.00334141
8.59784e-05
0
0
0
1683488028.74032
msg_begin
7.75684e+06
-363666
-0.138509
0.00131199
0.000487738
1.89022e-06
0
0
0
1683488028.79028
msg_begin
7.75684e+06
-363667
-0.140628
0.0251822
0.00283448
0.000209555
0
0
0
1683488028.84030
msg_begin
7.75684e+06
-363667
-0.142944
0.00945301
0.00666357
0.000975599
0
0
0
1683488028.89033
msg_begin
7.75684e+06
-363667
-0.145371
0.0297269
0.00842162
0.00102019
0
0
0
1683488028.94027
msg_begin
7.75684e+06
-363667
-0.146295
0.00381888
0.00190338
0.00077482
0
0
0
1683488028.99036
msg_begin
7.75684e+06
-363667
-0.144624
0.0254699
0.00446198
0.000807123
0
0
0
1683488029.04037
msg_begin
7.75684e+06
-363667
-0.142807
0.0261754
0.0095582
0.00126468
0
0
0
1683488029.09037
msg_begin
7.75684e+06
-363667
-0.141825
0.00603573
0.0178764
0.0013132
0
0
0
1683488029.14030
msg_begin
7.75684e+06
-363667
-0.14482
0.00630544
0.00133837
0.000268054
0
0
0
1683488029.19030
msg_begin
7.75685e+06
-363667
-0.143139
0.0196921
0.00868851
0.000658569
0
0
0
1683488029.24030
msg_begin
7.75685e+06
-363667
-0.143353
0.0316499
0.018051
0.00209555
0
0
0
1683488029.29034
msg_begin
7.75685e+06
-363667
-0.138363
3.72529e-09
1.04774e-09
4.16334e-16
0
0
0
1683488029.34040
msg_begin
7.75685e+06
-363667
-0.140374
0.0270385
0.00351456
0.00184386
0
0
0
1683488029.39041
msg_begin
7.75685e+06
-363667
-0.141064
0.0026142
0.00139162
0.00043755
0
0
0
1683488029.44042
msg_begin
7.75685e+06
-363667
-0.140729
0.00356699
0.000743443
5.47419e-05
0
0
0
1683488029.49042
msg_begin
7.75685e+06
-363667
-0.142561
0.0139885
0.00697861
0.000888936
0
0
0
1683488029.54046
msg_begin
7.75685e+06
-363667
-0.136888
0.00466596
0.00508675
6.16538e-05
0
0
0
1683488029.59045
msg_begin
7.75685e+06
-363668
-0.139908
0.012869
0.00117342
0.000594091
0
0
0
1683488029.64044
msg_begin
7.75685e+06
-363668
-0.137891
0.0197415
0.00597375
0.000473838
0
0
0
1683488029.69056
msg_begin
7.75685e+06
-363668
-0.137449
0.0182654
0.00305879
0.000239574
0
0
0
1683488029.74040
msg_begin
7.75685e+06
-363668
-0.138011
6.33299e-08
1.28057e-09
6.10623e-16
0
0
0
1683488029.79035
msg_begin
7.75685e+06
-363668
-0.137676
0.00407003
0.00159079
7.16134e-05
0
0
0
1683488029.84031
msg_begin
7.75685e+06
-363668
-0.138545
0.0672973
0.00725031
0.000503947
0
0
0
1683488029.89061
msg_begin
7.75685e+06
-363668
-0.138026
0.000963571
0.00419385
0.000322467
0
0
0
1683488029.94029
msg_begin
7.75685e+06
-363668
-0.136366
0.041565
0.00539857
0.000535341
0
0
0
1683488029.99029
msg_begin
7.75685e+06
-363668
-0.136529
0.00396838
0.00340659
0.000303665
0
0
0
1683488030.04078
msg_begin
7.75685e+06
-363668
-0.135242
0.0130848
0.000803556
0.000268975
0
0
0
1683488030.09031
msg_begin
7.75685e+06
-363668
-0.134745
0.000480924
0.000816622
4.55888e-05
0
0
0
1683488030.14032
msg_begin
7.75685e+06
-363668
-0.133868
0.0219545
0.00303473
0.00193262
0
0
0
1683488030.19031
msg_begin
7.75686e+06
-363668
-0.136336
0.0512355
0.00956959
0.000675564
0
0
0
1683488030.24029
msg_begin
7.75686e+06
-363668
-0.132959
4.56348e-08
3.95812e-09
2.77556e-17
0
0
0
1683488030.29074
msg_begin
7.75686e+06
-363668
-0.133151
0.019694
0.0028803
0.00120368
0
0
0
1683488030.34021
msg_begin
7.75686e+06
-363668
-0.129816
0.0220589
0.0099843
0.00045155
0
0
0
1683488030.39018
msg_begin
7.75686e+06
-363669
-0.131214
5.4948e-08
2.61934e-09
4.16334e-16
0
0
0
1683488030.44018
msg_begin
7.75686e+06
-363669
-0.130996
0.00747197
0.00114701
0.00094725
0
0
0
1683488030.49011
msg_begin
7.75686e+06
-363669
-0.130391
0.00994453
0.00579772
0.000537203
0
0
0
1683488030.54005
msg_begin
7.75686e+06
-363669
-0.131995
7.45058e-08
5.82077e-11
8.32667e-17
0
0
0
1683488030.58998
msg_begin
7.75686e+06
-363669
-0.13065
0.0903655
0.0134842
0.00322142
0
0
0
1683488030.63996
msg_begin
7.75686e+06
-363669
-0.134828
0.00371828
0.000141016
2.89737e-05
0
0
0
1683488030.68997
msg_begin
7.75686e+06
-363669
-0.135793
0.0181695
0.00430284
0.00059485
0
0
0
1683488030.73988
msg_begin
7.75686e+06
-363669
-0.13487
0.0180692
0.0041437
0.00014209
0
0
0
1683488030.78985
msg_begin
7.75686e+06
-363669
-0.13597
0.00403753
0.00620804
0.000362379
0
0
0
1683488030.83970
msg_begin
7.75686e+06
-363669
-0.131135
7.35745e-08
1.39698e-09
1.38778e-16
0
0
0
1683488030.88956
msg_begin
7.75686e+06
-363669
-0.126999
0.0217552
0.00333557
0.00188959
0
0
0
1683488030.93947
msg_begin
7.75686e+06
-363669
-0.122655
0.00299846
0.000279809
4.0189e-05
0
0
0
1683488030.98933
msg_begin
7.75686e+06
-363669
-0.126659
0.00159804
0.00183323
3.42098e-05
0
0
0
1683488031.03937
msg_begin
7.75686e+06
-363669
-0.128034
0.0142133
0.00233583
0.0010183
0
0
0
1683488031.08921
msg_begin
7.75686e+06
-363669
-0.127453
0.000569923
0.00343712
2.67937e-05
0
0
0
1683488031.13917
msg_begin
7.75686e+06
-363669
-0.1272
2.51457e-08
5.23869e-10
1.249e-15
0
0
0
1683488031.18914
msg_begin
7.75686e+06
-363669
-0.126685
0.00190954
0.000492571
2.08295e-05
0
0
0
1683488031.23911
msg_begin
7.75687e+06
-363670
-0.127343
1.02445e-08
1.74623e-10
9.15934e-16
0
0
0
1683488031.28910
msg_begin
7.75687e+06
-363670
-0.127753
0.00262894
4.64002e-06
2.32404e-06
0
0
0
1683488031.33910
msg_begin
7.75687e+06
-363670
-0.128394
0.012997
0.00564744
0.00083406
0
0
0
1683488031.38906
msg_begin
7.75687e+06
-363670
-0.132442
9.31323e-10
2.79397e-09
6.93889e-16
0
0
0
1683488031.43905
msg_begin
7.75687e+06
-363670
-0.131418
0.00542984
0.00425636
0.000172213
0
0
0
1683488031.48910
msg_begin
7.75687e+06
-363670
-0.134034
0.0072437
0.00176044
0.000761546
0
0
0
1683488031.53904
msg_begin
7.75687e+06
-363670
-0.135407
0.00169254
0.00176608
0.000169573
0
0
0
1683488031.58904
msg_begin
7.75687e+06
-363670
-0.131841
0.0745161
0.0195924
0.00116657
0
0
0
1683488031.63902
msg_begin
7.75687e+06
-363670
-0.136614
8.28877e-08
6.98492e-10
2.77556e-17
0
0
0
1683488031.68909
msg_begin
7.75687e+06
-363670
-0.137027
0.0121547
0.0044933
0.00049159
0
0
0
1683488031.73895
msg_begin
7.75687e+06
-363670
-0.136611
0.00211136
0.000687263
6.60182e-05
0
0
0
1683488031.78899
msg_begin
7.75687e+06
-363670
-0.133176
4.65661e-08
3.31784e-09
1.11022e-15
0
0
0
1683488031.83895
msg_begin
7.75687e+06
-363670
-0.136082
0.0469762
0.00654583
0.000982576
0
0
0
1683488031.88904
msg_begin
7.75687e+06
-363670
-0.134388
0.00804339
0.00640575
0.00180329
0
0
0
1683488031.93895
msg_begin
7.75687e+06
-363670
-0.13182
0.00870615
0.00219714
0.000674793
0
0
0
1683488031.98901
msg_begin
7.75687e+06
-363670
-0.135343
0.00904381
0.000428902
0.000441848
0
0
0
1683488032.03900
msg_begin
7.75687e+06
-363671
-0.138283
0.0582255
0.0152909
0.000530209
0
0
0
1683488032.08899
msg_begin
7.75687e+06
-363671
-0.137123
0.0485271
0.00482641
0.0013196
0
0
0
1683488032.13903
msg_begin
7.75688e+06
-363671
-0.135398
0.0142894
0.00317495
0.000302075
0
0
0
1683488032.18905
msg_begin
7.75688e+06
-363671
-0.135221
0.0103828
0.0015809
0.000614131
0
0
0
1683488032.24039
msg_begin
7.75688e+06
-363671
-0.136429
0.000492191
2.54424e-05
8.79157e-06
0
0
0
1683488032.28906
msg_begin
7.75688e+06
-363671
-0.136767
0.00841497
0.00321502
0.000550964
0
0
0
1683488032.33907
msg_begin
7.75688e+06
-363671
-0.137545
0.00894259
0.00386774
0.000202703
0
0
0
1683488032.38902
msg_begin
7.75688e+06
-363671
-0.138423
0.00561656
0.00795891
0.000462297
0
0
0
1683488032.43910
msg_begin
7.75688e+06
-363671
-0.137833
0.0536584
0.0110194
0.00137294
0
0
0
1683488032.48899
msg_begin
7.75688e+06
-363671
-0.137439
0.0612255
0.00852362
0.000521556
0
0
0
1683488032.53893
msg_begin
7.75688e+06
-363671
-0.137835
0.0104591
0.00191225
7.94226e-05
0
0
0
1683488032.58890
msg_begin
7.75688e+06
-363671
-0.138333
0.05705
0.0072492
0.00106505
0
0
0
1683488032.63895
msg_begin
7.75688e+06
-363671
-0.139804
7.07805e-08
3.31784e-09
5.55112e-17
0
0
0
1683488032.68877
msg_begin
7.75688e+06
-363671
-0.142883
0.00315911
0.00145827
0.000327388
0
0
0
1683488032.73878
msg_begin
7.75688e+06
-363671
-0.145454
0.00753835
0.000695883
0.00020282
0
0
0
1683488032.78873
msg_begin
7.75688e+06
-363671
-0.144497
0.00763479
0.0012408
0.000303741
0
0
0
1683488032.83872
msg_begin
7.75688e+06
-363672
-0.14507
0.00695676
0.010099
0.00060272
0
0
0
1683488032.88870
msg_begin
7.75688e+06
-363672
-0.144995
0.00431598
0.00937718
0.00249021
0
0
0
1683488032.93863
msg_begin
7.75688e+06
-363672
-0.142292
2.04891e-08
6.40284e-10
9.71445e-16
0
0
0
1683488032.98854
msg_begin
7.75688e+06
-363672
-0.139451
0.0135094
0.00116295
0.00105712
0
0
0
1683488033.03854
msg_begin
7.75688e+06
-363672
-0.142513
5.4948e-08
2.15368e-09
1.47105e-15
0
0
0
1683488033.08843
msg_begin
7.75688e+06
-363672
-0.142413
0.0143997
0.00550373
0.00104654
0
0
0
1683488033.13835
msg_begin
7.75688e+06
-363672
-0.142459
7.07805e-08
2.32831e-10
5.82867e-16
0
0
0
1683488033.18829
msg_begin
7.75689e+06
-363672
-0.144231
0.0165054
0.00906856
0.00085133
0
0
0
1683488033.23829
msg_begin
7.75689e+06
-363672
-0.147607
0.0218615
0.00536167
0.00096013
0
0
0
1683488033.28819
msg_begin
7.75689e+06
-363672
-0.151155
0.0183985
0.00156136
0.000695725
0
0
0
1683488033.33819
msg_begin
7.75689e+06
-363672
-0.150841
0.0141699
0.00117904
0.000405464
0
0
0
1683488033.38823
msg_begin
7.75689e+06
-363672
-0.149382
5.86733e-08
4.65661e-10
1.16573e-15
0
0
0
1683488033.43825
msg_begin
7.75689e+06
-363672
-0.151353
0.0100981
0.00164434
0.000299648
0
0
0
1683488033.48835
msg_begin
7.75689e+06
-363672
-0.151774
0.00144381
0.0024475
0.000281552
0
0
0
1683488033.53839
msg_begin
7.75689e+06
-363672
-0.150803
0.0145441
0.00616123
0.000878386
0
0
0
1683488033.58857
msg_begin
7.75689e+06
-363673
-0.150959
0.00959979
0.00570105
0.000803744
0
0
0
1683488033.63859
msg_begin
7.75689e+06
-363673
-0.154262
0.0165762
0.00115595
0.00102436
0
0
0
1683488033.68864
msg_begin
7.75689e+06
-363673
-0.154274
0.00799828
0.0109594
0.000121506
0
0
0
1683488033.73874
msg_begin
7.75689e+06
-363673
-0.152071
0.044668
0.00853289
0.000708924
0
0
0
1683488033.78888
msg_begin
7.75689e+06
-363673
-0.152323
0.00212596
0.000659914
0.000639194
0
0
0
1683488033.83890
msg_begin
7.75689e+06
-363673
-0.151805
0.00221204
0.00317142
0.000444389
0
0
0
1683488033.88906
msg_begin
7.75689e+06
-363673
-0.152853
0.00523945
0.00492349
0.00111801
0
0
0
1683488033.93903
msg_begin
7.75689e+06
-363673
-0.153788
3.91155e-08
2.50293e-09
3.33067e-16
0
0
0
1683488033.98909
msg_begin
7.75689e+06
-363673
-0.153154
0.00511612
0.00120356
2.452e-05
0
0
0
1683488034.03908
msg_begin
7.75689e+06
-363673
-0.15334
0.047732
0.011218
0.00102949
0
0
0
1683488034.08915
msg_begin
7.75689e+06
-363673
-0.154345
3.72529e-09
3.49246e-10
8.04912e-16
0
0
0
1683488034.13917
msg_begin
7.7569e+06
-363673
-0.153046
0.0382582
0.00750909
0.000456467
0
0
0
1683488034.18922
msg_begin
7.7569e+06
-363673
-0.151109
0.00778177
0.00123042
0.00083257
0
0
0
1683488034.23927
msg_begin
7.7569e+06
-363673
-0.15223
0.00225313
0.0048554
0.00021364
0
0
0
1683488034.28937
msg_begin
7.7569e+06
-363674
-0.151827
0.0112556
0.0114
0.00222829
0
0
0
1683488034.33942
msg_begin
7.7569e+06
-363674
-0.150073
5.58794e-09
4.65661e-10
1.11022e-16
0
0
0
1683488034.39003
msg_begin
7.7569e+06
-363674
-0.151031
0.00728385
0.00115813
0.000340638
0
0
0
1683488034.43959
msg_begin
7.7569e+06
-363674
-0.153032
0.0302146
0.0118549
0.00107499
0
0
0
1683488034.48966
msg_begin
7.7569e+06
-363674
-0.152112
9.22009e-08
1.28057e-09
6.93889e-16
0
0
0
1683488034.53973
msg_begin
7.7569e+06
-363674
-0.156619
0.00106837
0.000375811
8.74794e-05
0
0
0
1683488034.58982
msg_begin
7.7569e+06
-363674
-0.156433
0.0122745
0.00373623
0.000447933
0
0
0
1683488034.63988
msg_begin
7.7569e+06
-363674
-0.156997
0.0099341
0.00132484
0.000139179
0
0
0
1683488034.69001
msg_begin
7.7569e+06
-363674
-0.160169
0.0285362
0.00374065
0.000860476
0
0
0
1683488034.74011
msg_begin
7.7569e+06
-363674
-0.160066
0.102021
0.0251203
0.00171186
0
0
0
1683488034.79018
msg_begin
7.7569e+06
-363674
-0.159896
0.0307256
0.00880001
0.000872131
0
0
0
1683488034.84023
msg_begin
7.7569e+06
-363674
-0.162498
0.000310527
0.0002168
9.05512e-06
0
0
0
1683488034.89028
msg_begin
7.7569e+06
-363675
-0.166016
0.0102698
0.000441358
0.000365121
0
0
0
1683488034.94030
msg_begin
7.7569e+06
-363675
-0.16351
1.86265e-09
1.10595e-09
4.16334e-16
0
0
0
1683488034.99028
msg_begin
7.7569e+06
-363675
-0.163915
7.07805e-08
1.45519e-09
1.66533e-16
0
0
0
1683488035.04029
msg_begin
7.75691e+06
-363675
-0.163017
3.53903e-08
2.91038e-09
2.22045e-16
0
0
0
1683488035.09027
msg_begin
7.75691e+06
-363675
-0.164505
0.0037952
0.00653873
0.000877952
0
0
0
1683488035.14018
msg_begin
7.75691e+06
-363675
-0.162067
0.00145723
0.00112261
0.000383893
0
0
0
1683488035.19007
msg_begin
7.75691e+06
-363675
-0.163039
0.000446475
0.000669068
5.96445e-05
0
0
0
1683488035.24009
msg_begin
7.75691e+06
-363675
-0.162679
0.0777336
0.0142324
0.000857645
0
0
0
1683488035.28999
msg_begin
7.75691e+06
-363675
-0.162857
0.00341803
0.00125139
0.000164001
0
0
0
1683488035.33997
msg_begin
7.75691e+06
-363675
-0.163286
0.0495405
0.00622696
0.000275525
0
0
0
1683488035.38984
msg_begin
7.75691e+06
-363675
-0.162972
0.00864352
0.00155847
0.000527088
0
0
0
1683488035.43980
msg_begin
7.75691e+06
-363675
-0.164526
0.00338764
0.000506271
0.000196759
0
0
0
1683488035.48977
msg_begin
7.75691e+06
-363676
-0.163575
0.00101192
5.95549e-05
0.000126367
0
0
0
1683488035.53972
msg_begin
7.75691e+06
-363676
-0.162445
0.015025
0.0058193
0.00142309
0
0
0
1683488035.58986
msg_begin
7.75691e+06
-363676
-0.165562
0.00848304
0.00993024
0.000415094
0
0
0
1683488035.63965
msg_begin
7.75691e+06
-363676
-0.167168
0.00370401
0.00146292
0.000449558
0
0
0
1683488035.68992
msg_begin
7.75691e+06
-363676
-0.167584
0.00151047
5.37352e-05
0.000109822
0
0
0
1683488035.73953
msg_begin
7.75691e+06
-363676
-0.167232
6.51926e-08
4.19095e-09
4.16334e-16
0
0
0
1683488035.79061
msg_begin
7.75691e+06
-363676
-0.162663
8.67523e-05
0.000158305
5.57903e-05
0
0
0
1683488035.83939
msg_begin
7.75691e+06
-363676
-0.164396
1.49012e-08
3.84171e-09
1.66533e-16
0
0
0
1683488035.88950
msg_begin
7.75691e+06
-363676
-0.16329
0.00115938
0.0012879
0.000331942
0
0
0
1683488035.93932
msg_begin
7.75691e+06
-363676
-0.164984
1.49012e-08
9.31323e-10
2.77556e-17
0
0
0
1683488035.98936
msg_begin
7.75692e+06
-363676
-0.164299
7.45058e-09
6.40284e-10
1.08247e-15
0
0
0
1683488036.03922
msg_begin
7.75692e+06
-363676
-0.164116
0.0075593
0.0055923
0.000446077
0
0
0
1683488036.08916
msg_begin
7.75692e+06
-363677
-0.163151
0.00391194
0.0075274
0.000650306
0
0
0
1683488036.13921
msg_begin
7.75692e+06
-363677
-0.163326
0.000817653
0.000246309
9.86214e-05
0
0
0
1683488036.18946
msg_begin
7.75692e+06
-363677
-0.161889
0.00172561
0.0013038
0.00107191
0
0
0
1683488036.23914
msg_begin
7.75692e+06
-363677
-0.1639
4.09782e-08
8.14907e-10
1.66533e-16
0
0
0
1683488036.28914
msg_begin
7.75692e+06
-363677
-0.162916
8.84756e-08
2.09548e-09
1.77636e-15
0
0
0
1683488036.33923
msg_begin
7.75692e+06
-363677
-0.163707
0.00258339
0.00237098
0.000997931
0
0
0
1683488036.38986
msg_begin
7.75692e+06
-363677
-0.160904
0.0035523
0.0012556
0.000403758
0
0
0
1683488036.43925
msg_begin
7.75692e+06
-363677
-0.160396
0.00240032
0.00295787
0.000125888
0
0
0
1683488036.48931
msg_begin
7.75692e+06
-363677
-0.161325
0.0246152
0.00416586
4.56971e-05
0
0
0
1683488036.53934
msg_begin
7.75692e+06
-363677
-0.165577
0.00134281
0.00315723
0.000262442
0
0
0
1683488036.58985
msg_begin
7.75692e+06
-363677
-0.165595
0.0141706
0.00419042
0.00242472
0
0
0
1683488036.63945
msg_begin
7.75692e+06
-363677
-0.16215
0.020426
0.0108656
0.000303317
0
0
0
1683488036.68957
msg_begin
7.75692e+06
-363678
-0.161477
0.0280379
0.00481234
0.000133638
0
0
0
1683488036.73954
msg_begin
7.75692e+06
-363678
-0.160949
0.0287628
0.00471361
5.79251e-05
0
0
0
1683488036.78957
msg_begin
7.75692e+06
-363678
-0.161703
2.79397e-09
3.0268e-09
3.05311e-16
0
0
0
1683488036.83969
msg_begin
7.75692e+06
-363678
-0.161852
0.0222004
0.0101711
8.53393e-05
0
0
0
1683488036.88991
msg_begin
7.75693e+06
-363678
-0.156741
6.51926e-08
8.73115e-10
1.91513e-15
0
0
0
1683488036.93979
msg_begin
7.75693e+06
-363678
-0.156854
0.0626992
0.0136358
0.000134708
0
0
0
1683488036.99019
msg_begin
7.75693e+06
-363678
-0.158364
0.0736655
0.015867
0.0004886
0
0
0
1683488037.04006
msg_begin
7.75693e+06
-363678
-0.156417
0.0156806
0.00975575
0.00091786
0
0
0
1683488037.09017
msg_begin
7.75693e+06
-363678
-0.156559
0.00500583
0.00777847
0.00107249
0
0
0
1683488037.14006
msg_begin
7.75693e+06
-363678
-0.158345
0.00557324
0.00678236
0.000732256
0
0
0
1683488037.19017
msg_begin
7.75693e+06
-363678
-0.157068
0.00239759
0.00212984
0.000258131
0
0
0
1683488037.24012
msg_begin
7.75693e+06
-363678
-0.155531
0.0142807
0.00461668
0.00095639
0
0
0
1683488037.29039
msg_begin
7.75693e+06
-363679
-0.155488
0.0406292
0.0110043
0.00105231
0
0
0
1683488037.34015
msg_begin
7.75693e+06
-363679
-0.157037
0.00828262
0.00307449
0.000164401
0
0
0
1683488037.39043
msg_begin
7.75693e+06
-363679
-0.155898
0.000784756
0.000167943
4.12198e-06
0
0
0
1683488037.44031
msg_begin
7.75693e+06
-363679
-0.15664
0.0132382
0.00526506
0.000202294
0
0
0
1683488037.49040
msg_begin
7.75693e+06
-363679
-0.156585
0.0207171
0.0105374
0.00151481
0
0
0
1683488037.54038
msg_begin
7.75693e+06
-363679
-0.154778
0.00637712
0.00225687
0.00017033
0
0
0
1683488037.59045
msg_begin
7.75693e+06
-363679
-0.152303
0.000559254
0.00010892
8.12397e-05
0
0
0
1683488037.64050
msg_begin
7.75693e+06
-363679
-0.155659
5.86733e-08
2.44472e-09
8.88178e-16
0
0
0
1683488037.69059
msg_begin
7.75693e+06
-363679
-0.152844
0.00902853
0.00399027
0.0002392
0
0
0
1683488037.74057
msg_begin
7.75693e+06
-363679
-0.150454
9.31323e-10
1.97906e-09
6.10623e-16
0
0
0
1683488037.79064
msg_begin
7.75694e+06
-363679
-0.149665
0.00953208
0.00941779
0.0017474
0
0
0
1683488037.84061
msg_begin
7.75694e+06
-363679
-0.15117
3.72529e-09
5.82077e-11
2.77556e-16
0
0
0
1683488037.89060
msg_begin
7.75694e+06
-363679
-0.151658
0.00784055
0.00241788
0.000746615
0
0
0
1683488037.94058
msg_begin
7.75694e+06
-363679
-0.151246
0.00638066
0.00264325
0.00025817
0
0
0
1683488037.99054
msg_begin
7.75694e+06
-363680
-0.150779
3.81842e-08
2.32831e-10
1.13798e-15
0
0
0
1683488038.04052
msg_begin
7.75694e+06
-363680
-0.149775
5.21541e-08
2.32831e-10
1.94289e-16
0
0
0
1683488038.09052
msg_begin
7.75694e+06
-363680
-0.149605
2.23517e-08
3.25963e-09
5.82867e-16
0
0
0
1683488038.14043
msg_begin
7.75694e+06
-363680
-0.147517
0.00747415
0.00220464
0.000600934
0
0
0
1683488038.19042
msg_begin
7.75694e+06
-363680
-0.145084
0.0032831
0.00028634
0.000132694
0
0
0
1683488038.24043
msg_begin
7.75694e+06
-363680
-0.14316
0.0110294
0.00670711
0.000449438
0
0
0
1683488038.29049
msg_begin
7.75694e+06
-363680
-0.144511
0.0323927
0.00551066
0.000458549
0
0
0
1683488038.34046
msg_begin
7.75694e+06
-363680
-0.143658
0.00412382
0.00588642
0.000296798
0
0
0
1683488038.39049
msg_begin
7.75694e+06
-363680
-0.141433
8.6613e-08
2.50293e-09
1.52656e-15
0
0
0
1683488038.44051
msg_begin
7.75694e+06
-363680
-0.138776
0.0190412
0.00391309
0.000760168
0
0
0
1683488038.49056
msg_begin
7.75694e+06
-363680
-0.138225
0.00135829
0.00201383
0.000216967
0
0
0
1683488038.54062
msg_begin
7.75694e+06
-363680
-0.138827
0.0177383
0.00905899
0.00129454
0
0
0
1683488038.59083
msg_begin
7.75694e+06
-363680
-0.140677
2.79397e-09
1.92085e-09
1.13798e-15
0
0
0
1683488038.64074
msg_begin
7.75694e+06
-363680
-0.139525
0.0044421
0.00285558
0.000613898
0
0
0
1683488038.69110
msg_begin
7.75694e+06
-363680
-0.138731
0.0294404
0.00962125
0.00191298
0
0
0
1683488038.74080
msg_begin
7.75695e+06
-363681
-0.141746
0.00471345
8.48972e-05
0.000239961
0
0
0
1683488038.79078
msg_begin
7.75695e+06
-363681
-0.141478
1.02445e-08
1.74623e-10
5.55112e-16
0
0
0
1683488038.84074
msg_begin
7.75695e+06
-363681
-0.140363
0.00550619
0.0035645
0.00012019
0
0
0
1683488038.89120
msg_begin
7.75695e+06
-363681
-0.140715
0.0199745
0.00271887
0.00122147
0
0
0
1683488038.94066
msg_begin
7.75695e+06
-363681
-0.139489
0.000668131
0.00280859
0.000651866
0
0
0
1683488038.99062
msg_begin
7.75695e+06
-363681
-0.137791
0.0300275
0.00390501
0.00184081
0
0
0
1683488039.04054
msg_begin
7.75695e+06
-363681
-0.140817
2.51457e-08
2.21189e-09
6.93889e-16
0
0
0
1683488039.09082
msg_begin
7.75695e+06
-363681
-0.142079
0.0103373
0.00282827
0.00043761
0
0
0
1683488039.14039
msg_begin
7.75695e+06
-363681
-0.140346
0.0423841
0.0124625
6.3058e-05
0
0
0
1683488039.19035
msg_begin
7.75695e+06
-363681
-0.136221
1.02445e-08
2.32831e-10
1.08247e-15
0
0
0
1683488039.24021
msg_begin
7.75695e+06
-363681
-0.133463
0.0437744
0.00159062
0.00166396
0
0
0
1683488039.29069
msg_begin
7.75695e+06
-363681
-0.136306
0.0115105
0.00332088
0.000557727
0
0
0
1683488039.34013
msg_begin
7.75695e+06
-363681
-0.135305
7.63685e-08
4.65661e-10
1.94289e-16
0
0
0
1683488039.39124
msg_begin
7.75695e+06
-363682
-0.135045
0.00155209
0.00041011
0.000116142
0
0
0
1683488039.43993
msg_begin
7.75695e+06
-363682
-0.134534
0.0108596
0.00723449
0.000834016
0
0
0
1683488039.49000
msg_begin
7.75695e+06
-363682
-0.136131
0.0558091
0.00776491
0.00160283
0
0
0
1683488039.53991
msg_begin
7.75695e+06
-363682
-0.134064
0.0167553
0.00605411
0.000387564
0
0
0
1683488039.58983
msg_begin
7.75695e+06
-363682
-0.139625
0.00122731
0.000991342
0.000235605
0
0
0
1683488039.63983
msg_begin
7.75696e+06
-363682
-0.142164
0.00591014
0.0030242
0.000414869
0
0
0
1683488039.68981
msg_begin
7.75696e+06
-363682
-0.141146
0.00394717
0.000795268
2.04112e-05
0
0
0
1683488039.73980
msg_begin
7.75696e+06
-363682
-0.142316
0.0204035
0.00531786
0.0021522
0
0
0
1683488039.78973
msg_begin
7.75696e+06
-363682
-0.140807
0.00376894
0.00682487
0.000867952
0
0
0
1683488039.83974
msg_begin
7.75696e+06
-363682
-0.143047
7.42309e-05
3.17278e-05
7.17839e-06
0
0
0
1683488039.88969
msg_begin
7.75696e+06
-363682
-0.145291
0.0178553
0.00317422
9.30142e-05
0
0
0
1683488039.93962
msg_begin
7.75696e+06
-363682
-0.147133
0.000200884
0.000424544
6.52304e-05
0
0
0
1683488039.98960
msg_begin
7.75696e+06
-363682
-0.144616
0.00217161
0.00618027
0.00227013
0
0
0
1683488040.03956
msg_begin
7.75696e+06
-363682
-0.140162
4.65661e-09
1.10595e-09
4.16334e-16
0
0
0
1683488040.08953
msg_begin
7.75696e+06
-363683
-0.142148
0.00527305
0.00266702
0.00081498
0
0
0
1683488040.13955
msg_begin
7.75696e+06
-363683
-0.143314
6.61239e-08
1.16415e-09
6.93889e-16
0
0
0
1683488040.18950
msg_begin
7.75696e+06
-363683
-0.139017
4.65661e-08
0
3.33067e-16
0
0
0
1683488040.23944
msg_begin
7.75696e+06
-363683
-0.138944
0.0100695
0.0107273
0.000402619
0
0
0
1683488040.28944
msg_begin
7.75696e+06
-363683
-0.142959
0.0152394
0.00269413
0.000688901
0
0
0
1683488040.33948
msg_begin
7.75696e+06
-363683
-0.143317
2.79397e-09
2.67755e-09
1.41553e-15
0
0
0
1683488040.38936
msg_begin
7.75696e+06
-363683
-0.143236
0.00383007
0.000168324
0.000124386
0
0
0
1683488040.43938
msg_begin
7.75696e+06
-363683
-0.142997
4.65661e-09
3.72529e-09
1.38778e-15
0
0
0
1683488040.48928
msg_begin
7.75696e+06
-363683
-0.14196
0.00295773
0.000490339
0.000246249
0
0
0
1683488040.53930
msg_begin
7.75696e+06
-363683
-0.142926
0.00213241
8.87464e-05
1.80806e-05
0
0
0
1683488040.58939
msg_begin
7.75697e+06
-363683
-0.143375
8.19564e-08
9.31323e-10
7.21645e-16
0
0
0
1683488040.63922
msg_begin
7.75697e+06
-363683
-0.14355
0.000531629
0.000631324
4.72706e-05
0
0
0
1683488040.68920
msg_begin
7.75697e+06
-363683
-0.14331
1.86265e-09
1.74623e-10
5.27356e-16
0
0
0
1683488040.73921
msg_begin
7.75697e+06
-363683
-0.14252
0.00906938
0.00416235
0.00214747
0
0
0
1683488040.78923
msg_begin
7.75697e+06
-363684
-0.143776
0.0031267
0.00243586
2.52694e-05
0
0
0
1683488040.83922
msg_begin
7.75697e+06
-363684
-0.143644
0.0406622
0.00656071
0.00198002
0
0
0
1683488040.88928
msg_begin
7.75697e+06
-363684
-0.142828
0.000101321
0.000251577
0.000200694
0
0
0
1683488040.93928
msg_begin
7.75697e+06
-363684
-0.138679
0.0167432
0.00235023
0.00123585
0
0
0
1683488040.98929
msg_begin
7.75697e+06
-363684
-0.141861
8.3819e-09
1.28057e-09
6.38378e-16
0
0
0
1683488041.03927
msg_begin
7.75697e+06
-363684
-0.143464
1.39698e-08
5.23869e-10
6.66134e-16
0
0
0
1683488041.08957
msg_begin
7.75697e+06
-363684
-0.142617
0.000397772
5.4961e-06
5.06838e-05
0
0
0
1683488041.13935
msg_begin
7.75697e+06
-363684
-0.144207
4.74975e-08
3.37604e-09
1.69309e-15
0
0
0
1683488041.18944
msg_begin
7.75697e+06
-363684
-0.142965
0.0199044
0.000637242
0.000881839
0
0
0
1683488041.23943
msg_begin
7.75697e+06
-363684
-0.13933
6.23986e-08
3.14321e-09
1.94289e-16
0
0
0
1683488041.28982
msg_begin
7.75697e+06
-363684
-0.141056
0.000312623
0.000630332
2.784e-05
0
0
0
1683488041.33943
msg_begin
7.75697e+06
-363684
-0.138309
0.00357489
0.0014679
0.00018674
0
0
0
1683488041.38948
msg_begin
7.75697e+06
-363684
-0.139748
0.00842445
0.0106332
0.000770546
0
0
0
1683488041.43942
msg_begin
7.75697e+06
-363684
-0.139016
0.00273357
0.000808038
6.18942e-05
0
0
0
1683488041.48937
msg_begin
7.75697e+06
-363684
-0.138088
0.00641814
0.00215557
0.000283455
0
0
0
1683488041.53938
msg_begin
7.75697e+06
-363684
-0.137654
0.0135275
0.000886233
0.000416098
0
0
0
1683488041.58927
msg_begin
7.75698e+06
-363685
-0.139317
0.0106104
0.00292099
0.000449197
0
0
0
1683488041.63917
msg_begin
7.75698e+06
-363685
-0.135392
0.00445912
0.00133599
0.000164112
0
0
0
1683488041.68911
msg_begin
7.75698e+06
-363685
-0.13803
0.0106848
0.00114364
0.000281393
0
0
0
1683488041.73904
msg_begin
7.75698e+06
-363685
-0.139841
0.0274379
0.00657766
0.000316365
0
0
0
1683488041.78887
msg_begin
7.75698e+06
-363685
-0.138456
0.00765127
0.00547658
0.000711867
0
0
0
1683488041.83877
msg_begin
7.75698e+06
-363685
-0.136542
0.0228481
0.0016216
0.000370958
0
0
0
1683488041.88867
msg_begin
7.75698e+06
-363685
-0.13583
0.0162281
0.0161784
0.00132298
0
0
0
1683488041.93866
msg_begin
7.75698e+06
-363685
-0.135513
0.0124805
0.00347745
0.000358617
0
0
0
1683488041.98864
msg_begin
7.75698e+06
-363685
-0.138545
0.0102082
0.000782464
0.000519479
0
0
0
1683488042.03868
msg_begin
7.75698e+06
-363685
-0.136361
0.00982049
0.00262548
0.000552764
0
0
0
1683488042.08872
msg_begin
7.75698e+06
-363685
-0.137253
0.0133074
0.00728027
0.00114067
0
0
0
1683488042.13883
msg_begin
7.75698e+06
-363685
-0.138206
4.47035e-08
1.04774e-09
1.66533e-16
0
0
0
1683488042.18891
msg_begin
7.75698e+06
-363685
-0.134734
0.0161775
0.00288239
0.000891298
0
0
0
1683488042.23902
msg_begin
7.75698e+06
-363685
-0.135421
4.74975e-08
3.25963e-09
2.77556e-17
0
0
0
1683488042.28919
msg_begin
7.75698e+06
-363685
-0.138018
0.00787096
0.00825826
0.00106672
0
0
0
1683488042.33931
msg_begin
7.75698e+06
-363685
-0.136254
0.00216975
0.00373169
0.000313037
0
0
0
1683488042.38944
msg_begin
7.75698e+06
-363685
-0.139792
5.86733e-08
2.91038e-10
1.33227e-15
0
0
0
1683488042.43952
msg_begin
7.75698e+06
-363686
-0.138446
0.0082087
0.00276178
0.000557315
0
0
0
1683488042.48966
msg_begin
7.75698e+06
-363686
-0.139822
0.0120349
0.0014184
0.000417742
0
0
0
1683488042.53973
msg_begin
7.75698e+06
-363686
-0.136924
0.00547988
0.00190944
0.000667287
0
0
0
1683488042.58983
msg_begin
7.75699e+06
-363686
-0.136633
0.0231868
0.00206027
0.000945955
0
0
0
1683488042.63994
msg_begin
7.75699e+06
-363686
-0.140185
1.30385e-08
5.82077e-11
5.55112e-16
0
0
0
1683488042.79003
msg_begin
7.75699e+06
-363686
-0.140447
0.00808079
0.00333474
0.000726248
0
0
0
1683488042.84006
msg_begin
7.75699e+06
-363686
-0.140402
0.00948393
0.00684573
0.000440853
0
0
0
1683488042.89047
msg_begin
7.75699e+06
-363686
-0.136743
1.11759e-08
1.16415e-10
8.32667e-16
0
0
0
1683488042.94014
msg_begin
7.75699e+06
-363686
-0.139012
0.00415231
0.00321094
0.000453708
0
0
0
1683488042.99019
msg_begin
7.75699e+06
-363686
-0.139784
0.00610546
0.00317258
0.000260285
0
0
0
1683488043.04021
msg_begin
7.75699e+06
-363686
-0.137868
0.000782162
0.000408373
0.000106291
0
0
0
1683488043.09059
msg_begin
7.75699e+06
-363686
-0.139849
0.0186696
0.0113744
0.00110521
0
0
0
1683488043.14030
msg_begin
7.75699e+06
-363686
-0.14318
0.000302545
0.000963158
6.34473e-05
0
0
0
1683488043.19036
msg_begin
7.75699e+06
-363686
-0.144718
0.00517808
0.00488326
0.000393412
0
0
0
1683488043.24039
msg_begin
7.75699e+06
-363687
-0.142676
0.00299534
0.00560365
0.000236585
0
0
0
1683488043.29115
msg_begin
7.75699e+06
-363687
-0.143224
0.0356673
0.00453229
0.000621669
0
0
0
1683488043.34053
msg_begin
7.75699e+06
-363687
-0.142004
0.0117457
0.00146297
0.00114843
0
0
0
1683488043.39058
msg_begin
7.75699e+06
-363687
-0.141119
0.0062558
0.00305832
0.000747631
0
0
0
1683488043.44060
msg_begin
7.75699e+06
-363687
-0.143801
5.40167e-08
5.23869e-10
7.49401e-16
0
0
0
1683488043.49069
msg_begin
7.75699e+06
-363687
-0.143681
0.00131616
0.000600898
2.77845e-05
0
0
0
1683488043.54072
msg_begin
7.75699e+06
-363687
-0.14504
0.00640192
0.00845591
0.00131448
0
0
0
1683488043.59069
msg_begin
7.75699e+06
-363687
-0.146959
0.0104859
0.0133242
0.000466502
0
0
0
1683488043.64071
msg_begin
7.757e+06
-363687
-0.145196
0.00109999
0.00216491
0.000517855
0
0
0
1683488043.69069
msg_begin
7.757e+06
-363687
-0.145699
0.00888571
0.00467661
0.000845254
0
0
0
1683488043.74070
msg_begin
7.757e+06
-363687
-0.142035
0.00981763
0.0037399
0.000553364
0
0
0
1683488043.79071
msg_begin
7.757e+06
-363687
-0.141971
0.0343164
0.0113766
0.000798683
0
0
0
1683488043.84068
msg_begin
7.757e+06
-363687
-0.141847
0.00791802
0.00278045
0.000376371
0
0
0
1683488043.89068
msg_begin
7.757e+06
-363687
-0.142631
0.0187709
0.00566109
0.000708844
0
0
0
1683488043.94063
msg_begin
7.757e+06
-363687
-0.140078
0.0400857
0.00478532
0.00132082
0
0
0
1683488043.99060
msg_begin
7.757e+06
-363687
-0.140719
0.00313734
0.00151166
0.000162985
0
0
0
1683488044.04060
msg_begin
7.757e+06
-363688
-0.144444
8.3819e-09
1.74623e-10
3.88578e-16
0
0
0
1683488044.09064
msg_begin
7.757e+06
-363688
-0.143858
0.0181769
0.0124022
0.00053925
0
0
0
1683488044.14061
msg_begin
7.757e+06
-363688
-0.145118
0.016443
0.000783497
0.00031883
0
0
0
1683488044.19065
msg_begin
7.757e+06
-363688
-0.145198
0.00154606
0.00153242
0.0002721
0
0
0
1683488044.24064
msg_begin
7.757e+06
-363688
-0.14775
0.00254521
0.00251123
9.86118e-05
0
0
0
1683488044.29067
msg_begin
7.757e+06
-363688
-0.147997
0.000385596
0.000496717
2.61369e-05
0
0
0
1683488044.34069
msg_begin
7.757e+06
-363688
-0.146862
0.00716434
0.00805399
0.000298247
0
0
0
1683488044.39082
msg_begin
7.757e+06
-363688
-0.147412
0.00592965
0.00230988
0.000827104
0
0
0
1683488044.44079
msg_begin
7.757e+06
-363688
-0.148319
0.0207482
0.00700256
0.000518359
0
0
0
1683488044.49085
msg_begin
7.757e+06
-363688
-0.150923
0.00278273
6.46463e-05
0.000231737
0
0
0
1683488044.54075
msg_begin
7.757e+06
-363688
-0.150372
0.000108075
0.000491177
3.90711e-05
0
0
0
1683488044.59064
msg_begin
7.757e+06
-363688
-0.147966
1.49012e-08
1.04774e-09
6.10623e-16
0
0
0
1683488044.64063
msg_begin
7.757e+06
-363688
-0.146769
0.0164967
0.00101241
3.82312e-05
0
0
0
1683488044.69118
msg_begin
7.75701e+06
-363688
-0.146049
0.00869256
0.00124076
0.000289735
0
0
0
1683488044.74047
msg_begin
7.75701e+06
-363688
-0.145222
0.0246552
0.00346629
0.0001554
0
0
0
1683488044.79038
msg_begin
7.75701e+06
-363688
-0.145517
5.7742e-08
2.56114e-09
6.66134e-16
0
0
0
1683488044.84020
msg_begin
7.75701e+06
-363689
-0.14449
0.00984638
0.00903298
0.000209008
0
0
0
1683488044.89045
msg_begin
7.75701e+06
-363689
-0.145579
0.00969369
0.000871749
0.000299914
0
0
0
1683488044.93999
msg_begin
7.75701e+06
-363689
-0.144877
0.000360051
0.000616965
4.66675e-05
0
0
0
1683488044.99000
msg_begin
7.75701e+06
-363689
-0.145766
0.0113164
0.00279277
0.000997114
0
0
0
1683488045.03994
msg_begin
7.75701e+06
-363689
-0.14552
0.0118831
0.00535255
0.000555402
0
0
0
1683488045.09033
msg_begin
7.75701e+06
-363689
-0.144737
0.0209912
0.0137037
0.000834508
0
0
0
1683488045.13988
msg_begin
7.75701e+06
-363689
-0.143033
0.00266745
0.00276417
0.000161829
0
0
0
1683488045.18994
msg_begin
7.75701e+06
-363689
-0.144147
0.00692782
0.00180519
0.000128048
0
0
0
1683488045.23997
msg_begin
7.75701e+06
-363689
-0.147678
0.00143735
0.00132368
7.74107e-05
0
0
0
1683488045.29042
msg_begin
7.75701e+06
-363689
-0.146933
0.00490338
0.00752364
0.00106886
0
0
0
1683488045.34015
msg_begin
7.75701e+06
-363689
-0.144354
0.007355
0.005776
0.000889742
0
0
0
1683488045.39035
msg_begin
7.75701e+06
-363689
-0.145309
0.013312
0.00505339
0.000445426
0
0
0
1683488045.44037
msg_begin
7.75701e+06
-363689
-0.145964
0.00863468
0.00631295
0.000331775
0
0
0
1683488045.49039
msg_begin
7.75701e+06
-363689
-0.145259
0.00055487
0.000393199
2.3453e-05
0
0
0
1683488045.54051
msg_begin
7.75701e+06
-363689
-0.148072
0.00240092
0.000180542
9.08395e-05
0
0
0
1683488045.59066
msg_begin
7.75701e+06
-363689
-0.147531
0.00192288
0.00382666
0.000140875
0
0
0
1683488045.64075
msg_begin
7.75701e+06
-363689
-0.147388
0.0100873
0.00159863
0.000151205
0
0
0
1683488045.69069
msg_begin
7.75701e+06
-363690
-0.144429
0.00554548
0.000668282
0.000119795
0
0
0
1683488045.74076
msg_begin
7.75701e+06
-363690
-0.145439
0.00865072
0.00228036
0.000396016
0
0
0
1683488045.79083
msg_begin
7.75702e+06
-363690
-0.147362
0.00503379
0.0018828
0.000452112
0
0
0
1683488045.84080
msg_begin
7.75702e+06
-363690
-0.145295
0.00253268
0.00349687
0.000303176
0
0
0
1683488045.89089
msg_begin
7.75702e+06
-363690
-0.147148
0.00204636
0.00344906
0.000159441
0
0
0
1683488045.94084
msg_begin
7.75702e+06
-363690
-0.147343
0.0195548
0.00533031
0.000574794
0
0
0
1683488045.99085
msg_begin
7.75702e+06
-363690
-0.145404
0.00247468
0.00294001
0.000191734
0
0
0
1683488046.04085
msg_begin
7.75702e+06
-363690
-0.145043
0.00127809
0.000219302
0.000111121
0
0
0
1683488046.09083
msg_begin
7.75702e+06
-363690
-0.145726
0.0120966
0.0096609
0.000561666
0
0
0
1683488046.19083
msg_begin
7.75702e+06
-363690
-0.146068
0.003457
0.00201454
0.000110518
0
0
0
1683488046.24081
msg_begin
7.75702e+06
-363690
-0.146248
0.0153027
0.00735328
0.00129051
0
0
0
1683488046.29087
msg_begin
7.75702e+06
-363690
-0.147362
6.0536e-08
4.65661e-10
6.10623e-16
0
0
0
1683488046.34086
msg_begin
7.75702e+06
-363690
-0.146226
0.000928554
0.00400705
0.00043771
0
0
0
1683488046.39085
msg_begin
7.75702e+06
-363690
-0.146968
0.00929647
0.00391656
0.00042832
0
0
0
1683488046.44102
msg_begin
7.75702e+06
-363690
-0.147761
5.7742e-08
2.96859e-09
9.4369e-16
0
0
0
1683488046.49085
msg_begin
7.75702e+06
-363690
-0.145378
0.00148151
0.000898776
3.61286e-05
0
0
0
1683488046.54087
msg_begin
7.75702e+06
-363691
-0.148019
0.0046594
0.0105222
0.000610339
0
0
0
1683488046.59091
msg_begin
7.75702e+06
-363691
-0.145917
0.00849464
0.00184388
0.00032231
0
0
0
1683488046.64077
msg_begin
7.75702e+06
-363691
-0.144982
0.00155342
0.00105815
9.95536e-05
0
0
0
1683488046.69116
msg_begin
7.75702e+06
-363691
-0.146506
0.0125627
0.00324676
0.000542545
0
0
0
1683488046.74060
msg_begin
7.75702e+06
-363691
-0.143188
0.0121515
0.00197273
0.000311299
0
0
0
1683488046.79056
msg_begin
7.75702e+06
-363691
-0.143201
0.0113514
0.000285252
7.68109e-06
0
0
0
1683488046.84048
msg_begin
7.75702e+06
-363691
-0.14264
0.00622088
0.00120701
0.000398372
0
0
0
1683488046.89091
msg_begin
7.75702e+06
-363691
-0.143084
5.21541e-08
1.33878e-09
5.27356e-16
0
0
0
1683488046.94026
msg_begin
7.75703e+06
-363691
-0.142927
0.039589
0.0012995
0.000395221
0
0
0
1683488046.99026
msg_begin
7.75703e+06
-363691
-0.143994
1.58325e-08
2.21189e-09
3.60822e-16
0
0
0
1683488047.04021
msg_begin
7.75703e+06
-363691
-0.143405
0.00106582
0.000749226
3.40124e-05
0
0
0
1683488047.09049
msg_begin
7.75703e+06
-363691
-0.143098
5.12227e-08
4.07454e-10
2.77556e-17
0
0
0
1683488047.14007
msg_begin
7.75703e+06
-363691
-0.142286
0.0104943
0.00211687
0.000647362
0
0
0
1683488047.19005
msg_begin
7.75703e+06
-363691
-0.14097
0.0218633
0.00580237
0.00135403
0
0
0
1683488047.24005
msg_begin
7.75703e+06
-363691
-0.140359
0.000698181
0.0010988
0.000175791
0
0
0
1683488047.28998
msg_begin
7.75703e+06
-363691
-0.138598
0.00239649
0.00123821
0.000115997
0
0
0
1683488047.33996
msg_begin
7.75703e+06
-363691
-0.138116
0.00090575
0.000622156
0.000123286
0
0
0
1683488047.38999
msg_begin
7.75703e+06
-363691
-0.138142
1.30385e-08
6.40284e-10
6.10623e-16
0
0
0
1683488047.43992
msg_begin
7.75703e+06
-363692
-0.13758
0.00936417
0.00307912
0.000600647
0
0
0
1683488047.48994
msg_begin
7.75703e+06
-363692
-0.138137
0.000999722
0.00446022
0.000147569
0
0
0
1683488047.54010
msg_begin
7.75703e+06
-363692
-0.138395
0.0117243
0.00465041
0.000434081
0
0
0
1683488047.58997
msg_begin
7.75703e+06
-363692
-0.139291
0.000881042
0.00486732
0.000101999
0
0
0
1683488047.63998
msg_begin
7.75703e+06
-363692
-0.137975
0.00238948
0.00128326
0.000124695
0
0
0
1683488047.73999
msg_begin
7.75703e+06
-363692
-0.139451
0.00346266
0.00456793
0.000220695
0
0
0
1683488047.79004
msg_begin
7.75703e+06
-363692
-0.138876
0.00271996
0.00348971
0.000311228
0
0
0
1683488047.84003
msg_begin
7.75703e+06
-363692
-0.137614
0.0123916
0.00396397
0.000788279
0
0
0
1683488047.89006
msg_begin
7.75703e+06
-363692
-0.137229
0.0137665
0.00587549
0.000770029
0
0
0
1683488047.94010
msg_begin
7.75703e+06
-363692
-0.136329
0.00650161
0.00390735
0.000478226
0
0
0
1683488047.99018
msg_begin
7.75703e+06
-363692
-0.137756
0.0235652
0.00432793
0.000744456
0
0
0
1683488048.04044
msg_begin
7.75703e+06
-363692
-0.13719
2.79397e-09
9.31323e-10
8.60423e-16
0
0
0
1683488048.09028
msg_begin
7.75703e+06
-363692
-0.137142
0.0270032
0.000455463
0.00014122
0
0
0
1683488048.14026
msg_begin
7.75703e+06
-363692
-0.136646
0.00148951
0.00275775
0.000195685
0
0
0
1683488048.19023
msg_begin
7.75703e+06
-363692
-0.135075
0.00402568
0.00234407
9.57769e-05
0
0
0
1683488048.24018
msg_begin
7.75704e+06
-363692
-0.132773
0.0100855
0.00356797
0.000465605
0
0
0
1683488048.29020
msg_begin
7.75704e+06
-363692
-0.130722
0.0118508
0.000901774
7.4189e-05
0
0
0
1683488048.34010
msg_begin
7.75704e+06
-363692
-0.130094
0.00476899
0.0011632
9.54135e-05
0
0
0
1683488048.39004
msg_begin
7.75704e+06
-363692
-0.128233
0.04713
0.00226505
0.00103595
0
0
0
1683488048.43994
msg_begin
7.75704e+06
-363692
-0.130704
0.000793153
0.000754147
1.50501e-05
0
0
0
1683488048.48987
msg_begin
7.75704e+06
-363692
-0.132049
0.000721142
0.000908332
0.000350223
0
0
0
1683488048.53977
msg_begin
7.75704e+06
-363692
-0.132692
0.00446646
0.00165097
0.000516256
0
0
0
1683488048.58974
msg_begin
7.75704e+06
-363692
-0.129287
1.86265e-08
3.89991e-09
0
0
0
0
1683488048.63973
msg_begin
7.75704e+06
-363692
-0.129736
5.58794e-09
2.38651e-09
4.44089e-16
0
0
0
1683488048.68962
msg_begin
7.75704e+06
-363692
-0.132222
0.00726956
0.00717357
0.0013754
0
0
0
1683488048.73960
msg_begin
7.75704e+06
-363692
-0.134265
6.11008e-06
1.62779e-06
3.64145e-05
0
0
0
1683488048.78960
msg_begin
7.75704e+06
-363692
-0.134065
5.68107e-08
4.07454e-10
1.11022e-16
0
0
0
1683488048.83951
msg_begin
7.75704e+06
-363692
-0.133812
4.47035e-08
2.21189e-09
8.88178e-16
0
0
0
1683488048.88950
msg_begin
7.75704e+06
-363693
-0.132726
0.00127852
0.00114977
0.000111403
0
0
0
1683488048.93957
msg_begin
7.75704e+06
-363693
-0.131508
0.0119946
0.00613865
0.000824016
0
0
0
1683488048.98962
msg_begin
7.75704e+06
-363693
-0.132654
0.0107468
0.00237051
9.21819e-05
0
0
0
1683488049.03967
msg_begin
7.75704e+06
-363693
-0.135874
0.00615117
0.00540532
0.00058881
0
0
0
1683488049.09009
msg_begin
7.75704e+06
-363693
-0.134631
0.00331609
0.00266841
0.000353862
0
0
0
1683488049.13978
msg_begin
7.75704e+06
-363693
-0.131932
0.0014192
0.0015264
0.000237214
0
0
0
1683488049.18982
msg_begin
7.75704e+06
-363693
-0.133975
0.012563
0.00552241
0.000457943
0
0
0
1683488049.23986
msg_begin
7.75704e+06
-363693
-0.134061
0.00825206
0.00642488
0.000522281
0
0
0
1683488049.28991
msg_begin
7.75704e+06
-363693
-0.13369
2.70084e-08
3.66708e-09
8.04912e-16
0
0
0
1683488049.33998
msg_begin
7.75704e+06
-363693
-0.134874
0.00134522
0.00530148
0.000186117
0
0
0
1683488049.39002
msg_begin
7.75704e+06
-363693
-0.134641
5.12227e-08
2.03727e-09
9.4369e-16
0
0
0
1683488049.43996
msg_begin
7.75704e+06
-363693
-0.135105
0.00357826
0.00203521
0.000246745
0
0
0
1683488049.48998
msg_begin
7.75704e+06
-363693
-0.132559
3.44589e-08
1.10595e-09
6.38378e-16
0
0
0
1683488049.54016
msg_begin
7.75704e+06
-363693
-0.132541
0.00403204
0.00212439
0.00013852
0
0
0
1683488049.58996
msg_begin
7.75704e+06
-363693
-0.132599
0.00945176
0.00120907
0.000106654
0
0
0
1683488049.64024
msg_begin
7.75704e+06
-363693
-0.135682
0.00252524
0.0003104
6.72238e-05
0
0
0
1683488049.69006
msg_begin
7.75704e+06
-363693
-0.133306
0.00890491
0.000754896
0.000222117
0
0
0
1683488049.74011
msg_begin
7.75704e+06
-363693
-0.131241
4.47035e-08
2.09548e-09
8.04912e-16
0
0
0
1683488049.79009
msg_begin
7.75704e+06
-363693
-0.134318
0.0145883
0.008378
0.00187271
0
0
0
1683488049.84026
msg_begin
7.75704e+06
-363693
-0.134364
2.51457e-08
1.5134e-09
3.88578e-16
0
0
0
1683488049.89000
msg_begin
7.75704e+06
-363693
-0.13408
0.00892643
0.00273262
0.000494156
0
0
0
1683488049.94008
msg_begin
7.75704e+06
-363693
-0.133916
0.0131472
0.00254514
8.50545e-05
0
0
0
1683488049.99010
msg_begin
7.75704e+06
-363693
-0.133301
0.00218504
0.000364613
0.00035923
0
0
0
1683488050.04039
msg_begin
7.75704e+06
-363693
-0.137535
0.00612391
0.00621118
0.0008264
0
0
0
1683488050.09008
msg_begin
7.75704e+06
-363693
-0.13349
0.00161398
0.000465782
0.000101279
0
0
0
1683488050.14007
msg_begin
7.75704e+06
-363693
-0.133889
0.00751754
0.00768723
0.000656561
0
0
0
1683488050.19011
msg_begin
7.75704e+06
-363693
-0.138058
5.96046e-08
2.96859e-09
6.38378e-16
0
0
0
1683488050.24049
msg_begin
7.75704e+06
-363693
-0.136936
0.00551871
0.00312328
2.21757e-05
0
0
0
1683488050.29020
msg_begin
7.75704e+06
-363693
-0.131629
4.65661e-09
3.43425e-09
1.08247e-15
0
0
0
1683488050.34022
msg_begin
7.75704e+06
-363693
-0.133989
0.00817364
0.00562958
0.000828023
0
0
0
1683488050.39026
msg_begin
7.75704e+06
-363693
-0.133381
1.41132e-05
1.43059e-06
9.03144e-07
0
0
0
1683488050.44048
msg_begin
7.75704e+06
-363693
-0.135572
0.00833151
0.00718949
0.000911594
0
0
0
1683488050.49028
msg_begin
7.75704e+06
-363693
-0.132199
0.0181785
0.00414591
0.000176363
0
0
0
1683488050.54021
msg_begin
7.75704e+06
-363693
-0.131222
0.000793767
0.000300111
4.36778e-05
0
0
0
1683488050.59026
msg_begin
7.75704e+06
-363693
-0.135326
0.00367005
0.000431734
0.000235444
0
0
0
1683488050.64049
msg_begin
7.75704e+06
-363693
-0.13446
0.00184338
0.00116258
0.000671312
0
0
0
1683488050.69027
msg_begin
7.75704e+06
-363693
-0.134272
0.00725596
0.00452577
0.00114045
0
0
0
1683488050.74030
msg_begin
7.75704e+06
-363693
-0.136609
0.00563071
0.00632896
0.000939411
0
0
0
1683488050.79030
msg_begin
7.75704e+06
-363693
-0.135378
0.0061873
0.0028138
0.00039766
0
0
0
1683488050.84059
msg_begin
7.75704e+06
-363693
-0.135331
0.0106473
0.00448682
0.000448283
0
0
0
1683488050.89026
msg_begin
7.75704e+06
-363693
-0.132985
1.21072e-08
2.15368e-09
7.21645e-16
0
0
0
1683488050.94023
msg_begin
7.75704e+06
-363693
-0.131742
0.00503037
0.000659772
0.000537214
0
0
0
1683488050.99022
msg_begin
7.75704e+06
-363693
-0.132073
0.00803174
0.00512392
0.000619845
0
0
0
1683488051.04031
msg_begin
7.75704e+06
-363693
-0.132067
0.0197139
0.00772858
0.000729286
0
0
0
1683488051.09016
msg_begin
7.75704e+06
-363693
-0.136035
0.00137436
0.00187712
1.46856e-05
0
0
0
1683488051.14012
msg_begin
7.75705e+06
-363693
-0.140028
0.0239142
0.0075897
0.00180083
0
0
0
1683488051.19007
msg_begin
7.75705e+06
-363693
-0.137408
0.0112592
0.00390254
0.000759287
0
0
0
1683488051.24044
msg_begin
7.75705e+06
-363693
-0.139981
0.00496314
0.0108853
0.000197267
0
0
0
1683488051.29013
msg_begin
7.75705e+06
-363693
-0.142498
0.00184982
0.00198445
0.000257963
0
0
0
1683488051.34012
msg_begin
7.75705e+06
-363693
-0.142882
1.95578e-08
1.62981e-09
5.82867e-16
0
0
0
1683488051.39018
msg_begin
7.75705e+06
-363693
-0.143352
0.0051987
0.0012628
0.000486798
0
0
0
1683488051.44044
msg_begin
7.75705e+06
-363693
-0.14015
0.000445277
0.00033778
4.08226e-05
0
0
0
1683488051.49013
msg_begin
7.75705e+06
-363693
-0.137166
0.00606918
0.00186282
0.000411306
0
0
0
1683488051.54017
msg_begin
7.75705e+06
-363693
-0.13911
0.00355686
0.00229177
0.000167386
0
0
0
1683488051.59023
msg_begin
7.75705e+06
-363693
-0.142429
0.00349368
0.00403097
0.000928801
0
0
0
1683488051.64038
msg_begin
7.75705e+06
-363693
-0.142568
0.0181266
0.015794
0.00075352
0
0
0
1683488051.69030
msg_begin
7.75705e+06
-363693
-0.142101
0.00911193
0.00263471
0.000232365
0
0
0
1683488051.74027
msg_begin
7.75705e+06
-363693
-0.14173
0.0157238
0.00476068
0.000622232
0
0
0
1683488051.79028
msg_begin
7.75705e+06
-363693
-0.140402
0.0059339
0.00108252
0.000758529
0
0
0
1683488051.84048
msg_begin
7.75705e+06
-363694
-0.140067
2.79397e-09
2.32831e-09
3.88578e-16
0
0
0
1683488051.89030
msg_begin
7.75705e+06
-363694
-0.13738
0.00543055
0.00399719
0.000702999
0
0
0
1683488051.94029
msg_begin
7.75705e+06
-363694
-0.140605
0.00283942
0.000405322
0.000108974
0
0
0
1683488051.99033
msg_begin
7.75705e+06
-363694
-0.139952
0.00570965
0.00336022
0.00028729
0
0
0
1683488052.04045
msg_begin
7.75705e+06
-363694
-0.139105
5.02914e-08
2.91038e-10
5.82867e-16
0
0
0
1683488052.09038
msg_begin
7.75705e+06
-363694
-0.139258
0.00256601
0.000457978
6.85265e-05
0
0
0
1683488052.14032
msg_begin
7.75705e+06
-363694
-0.139572
0.00651829
0.00281719
0.000727267
0
0
0
1683488052.19030
msg_begin
7.75705e+06
-363694
-0.141526
0.0136803
0.00602149
0.00061515
0
0
0
1683488052.24066
msg_begin
7.75705e+06
-363694
-0.141878
0.00220461
0.00391503
0.000436048
0
0
0
1683488052.29037
msg_begin
7.75705e+06
-363694
-0.140691
0.00456377
0.0060295
0.000440716
0
0
0
1683488052.34035
msg_begin
7.75705e+06
-363694
-0.14089
0.00729046
0.00240681
0.000185318
0
0
0
1683488052.44040
msg_begin
7.75705e+06
-363694
-0.137709
0.000291547
0.000352934
2.51383e-05
0
0
0
1683488052.49040
msg_begin
7.75705e+06
-363694
-0.138537
0.000442266
0.000119467
2.92418e-05
0
0
0
1683488052.54043
msg_begin
7.75705e+06
-363694
-0.13872
0.000907853
0.000758227
3.54995e-05
0
0
0
1683488052.59043
msg_begin
7.75705e+06
-363694
-0.141996
0.00441301
0.00418268
0.00139509
0
0
0
1683488052.64068
msg_begin
7.75705e+06
-363694
-0.138837
4.12325e-05
0.000980368
2.83182e-05
0
0
0
1683488052.69052
msg_begin
7.75705e+06
-363694
-0.142564
0.00742939
0.00195676
0.000186722
0
0
0
1683488052.84063
msg_begin
7.75705e+06
-363694
-0.144111
0.0103673
0.00446944
0.000750256
0
0
0
1683488052.89061
msg_begin
7.75705e+06
-363694
-0.143224
1.39698e-08
3.60887e-09
1.38778e-16
0
0
0
1683488052.99063
msg_begin
7.75705e+06
-363694
-0.143277
0.00173708
0.000630154
0.000124285
0
0
0
1683488053.04083
msg_begin
7.75705e+06
-363694
-0.143859
0.000515178
0.000214055
1.2344e-05
0
0
0
1683488053.09072
msg_begin
7.75705e+06
-363694
-0.143555
0.0216834
0.0119184
0.000199593
0
0
0
1683488053.14073
msg_begin
7.75705e+06
-363694
-0.145481
0.00414012
0.0034289
0.000587913
0
0
0
1683488053.19070
msg_begin
7.75705e+06
-363694
-0.14532
0.00450194
0.00458659
0.000202527
0
0
0
1683488053.24097
msg_begin
7.75705e+06
-363694
-0.144592
0.000246111
6.70862e-05
3.47455e-05
0
0
0
1683488053.29070
msg_begin
7.75705e+06
-363694
-0.144663
0.00618985
0.00414908
0.000459432
0
0
0
1683488053.34062
msg_begin
7.75705e+06
-363694
-0.1431
0.0051935
0.00131936
0.000268619
0
0
0
1683488053.39061
msg_begin
7.75705e+06
-363694
-0.14427
0.00154706
0.00286056
0.00015612
0
0
0
1683488053.44093
msg_begin
7.75705e+06
-363694
-0.143769
0.00675531
0.00551437
0.000857245
0
0
0
1683488053.49046
msg_begin
7.75705e+06
-363694
-0.144123
0.0172434
0.00785774
0.00137592
0
0
0
1683488053.54043
msg_begin
7.75705e+06
-363694
-0.146705
0.00207465
0.00263678
0.000340652
0
0
0
1683488053.59040
msg_begin
7.75705e+06
-363694
-0.147107
1.21072e-08
6.98492e-10
3.33067e-16
0
0
0
1683488053.64030
msg_begin
7.75705e+06
-363694
-0.150644
0.00364664
0.000825727
0.00039021
0
0
0
1683488053.69032
msg_begin
7.75705e+06
-363694
-0.152363
0.0023561
0.000538135
4.09442e-05
0
0
0
1683488053.74036
msg_begin
7.75705e+06
-363694
-0.149414
0.0032462
0.00519043
0.000587825
0
0
0
1683488053.79039
msg_begin
7.75705e+06
-363694
-0.149386
0.00110412
0.00102144
0.000141343
0
0
0
1683488053.84025
msg_begin
7.75705e+06
-363694
-0.151136
0.00202269
0.000476407
8.73558e-05
0
0
0
1683488053.89030
msg_begin
7.75705e+06
-363694
-0.149626
0.0124551
0.00406651
0.000408662
0
0
0
1683488053.94035
msg_begin
7.75705e+06
-363694
-0.150015
0.00576439
0.00430372
0.000499317
0
0
0
1683488053.99034
msg_begin
7.75705e+06
-363694
-0.149297
0.00373084
0.00146002
0.000230415
0
0
0
1683488054.04047
msg_begin
7.75705e+06
-363694
-0.150139
0.00119836
0.00086548
2.79466e-05
0
0
0
1683488054.09041
msg_begin
7.75705e+06
-363694
-0.149915
0.00318545
0.00271478
8.45438e-05
0
0
0
1683488054.14040
msg_begin
7.75705e+06
-363694
-0.149057
0.00450363
0.00158872
0.000392141
0
0
0
1683488054.19052
msg_begin
7.75705e+06
-363694
-0.150605
0.0139177
0.000738178
0.000485682
0
0
0
1683488054.24047
msg_begin
7.75705e+06
-363694
-0.153318
0.0107927
0.0124581
0.00132123
0
0
0
1683488054.29044
msg_begin
7.75705e+06
-363695
-0.14956
0.00210656
0.000426926
2.73064e-05
0
0
0
1683488054.34048
msg_begin
7.75705e+06
-363695
-0.149593
0.00454212
0.00421929
0.000462547
0
0
0
1683488054.39056
msg_begin
7.75705e+06
-363695
-0.152165
0.00514122
0.005443
0.000445362
0
0
0
1683488054.44055
msg_begin
7.75705e+06
-363695
-0.150873
0.0267575
0.000638925
0.000489194
0
0
0
1683488054.49055
msg_begin
7.75705e+06
-363695
-0.151863
0.00105677
0.0002608
6.96682e-05
0
0
0
1683488054.54054
msg_begin
7.75705e+06
-363695
-0.151639
1.02445e-08
2.03727e-09
1.11022e-16
0
0
0
1683488054.59057
msg_begin
7.75706e+06
-363695
-0.15258
0.00663039
0.00410006
0.000447007
0
0
0
1683488054.64077
msg_begin
7.75706e+06
-363695
-0.151571
0.00858789
0.00834283
0.000298512
0
0
0
1683488054.69050
msg_begin
7.75706e+06
-363695
-0.152237
0.00136175
0.00119761
0.000273281
0
0
0
1683488054.74045
msg_begin
7.75706e+06
-363695
-0.153181
0.00359085
0.0091441
0.000442294
0
0
0
1683488054.79037
msg_begin
7.75706e+06
-363695
-0.154144
0.0130943
0.00610748
0.00115432
0
0
0
1683488054.84074
msg_begin
7.75706e+06
-363695
-0.155864
0.0118307
0.00194467
0.000342983
0
0
0
1683488054.89042
msg_begin
7.75706e+06
-363695
-0.156086
0.00254
0.00516141
0.000170349
0
0
0
1683488054.94040
msg_begin
7.75706e+06
-363695
-0.156513
3.72529e-09
1.10595e-09
3.33067e-16
0
0
0
1683488054.99043
msg_begin
7.75706e+06
-363695
-0.155643
0.0280825
0.00339096
0.000805237
0
0
0
1683488055.04056
msg_begin
7.75706e+06
-363695
-0.158078
0.00502065
0.00129545
0.000171452
0
0
0
1683488055.09040
msg_begin
7.75706e+06
-363695
-0.158713
0.00746465
0.00217397
0.000566895
0
0
0
1683488055.14040
msg_begin
7.75706e+06
-363695
-0.157521
0.00321232
0.00152555
0.000516773
0
0
0
1683488055.19044
msg_begin
7.75706e+06
-363695
-0.15759
0.0112573
0.00415409
0.000522732
0
0
0
1683488055.24076
msg_begin
7.75706e+06
-363695
-0.157042
0.00517242
0.0119661
0.000743301
0
0
0
1683488055.29045
msg_begin
7.75706e+06
-363695
-0.156707
0.00253384
0.000967219
6.82104e-05
0
0
0
1683488055.34044
msg_begin
7.75706e+06
-363695
-0.157705
0.000633427
0.000290227
4.30448e-05
0
0
0
1683488055.39044
msg_begin
7.75706e+06
-363695
-0.156561
0.000557334
3.47132e-05
4.64394e-05
0
0
0
1683488055.44054
msg_begin
7.75706e+06
-363695
-0.156386
0.0130213
0.00133365
0.000451856
0
0
0
1683488055.49046
msg_begin
7.75706e+06
-363695
-0.158538
0.0400864
0.00967098
0.00020592
0
0
0
1683488055.54141
msg_begin
7.75706e+06
-363695
-0.157886
0.0118747
0.00151946
0.000343063
0
0
0
1683488055.59051
msg_begin
7.75706e+06
-363695
-0.160366
0.00815784
0.00175003
0.000323235
0
0
0
1683488055.64045
msg_begin
7.75706e+06
-363695
-0.159359
0.00273463
0.000479947
0.000125977
0
0
0
1683488055.69053
msg_begin
7.75706e+06
-363695
-0.159997
0.00213013
0.00148231
0.000213288
0
0
0
1683488055.74056
msg_begin
7.75706e+06
-363695
-0.161536
0.00211206
0.00109058
7.20857e-05
0
0
0
1683488055.79058
msg_begin
7.75706e+06
-363695
-0.159795
0.000788917
0.00084969
0.000100768
0
0
0
1683488055.84057
msg_begin
7.75706e+06
-363695
-0.16203
0.00237113
0.00115639
0.000157582
0
0
0
1683488055.89055
msg_begin
7.75706e+06
-363695
-0.161565
0.00248239
0.000465254
3.29975e-05
0
0
0
1683488055.94055
msg_begin
7.75706e+06
-363695
-0.161422
0.0101755
0.00353642
0.000426809
0
0
0
1683488055.99060
msg_begin
7.75706e+06
-363696
-0.159397
0.0183095
0.00258372
0.00218109
0
0
0
1683488056.04059
msg_begin
7.75706e+06
-363696
-0.159172
0.010706
0.00287719
0.000916582
0
0
0
1683488056.09052
msg_begin
7.75706e+06
-363696
-0.157477
0.00809502
0.00887321
0.000907053
0
0
0
1683488056.14056
msg_begin
7.75706e+06
-363696
-0.155183
0.0293222
0.0109847
0.00193624
0
0
0
1683488056.19059
msg_begin
7.75706e+06
-363696
-0.154032
0.00434114
0.00035393
0.000160642
0
0
0
1683488056.24060
msg_begin
7.75706e+06
-363696
-0.15453
0.00586969
0.00269134
0.000530696
0
0
0
1683488056.29061
msg_begin
7.75706e+06
-363696
-0.15467
1.49012e-08
2.32831e-09
1.13798e-15
0
0
0
1683488056.34063
msg_begin
7.75706e+06
-363696
-0.154724
0.00541182
0.000817142
0.000150195
0
0
0
1683488056.39077
msg_begin
7.75706e+06
-363696
-0.150639
0.0109235
0.00117397
0.000405163
0
0
0
1683488056.44063
msg_begin
7.75706e+06
-363696
-0.149204
0.00777496
0.00306209
0.000645294
0
0
0
1683488056.49065
msg_begin
7.75706e+06
-363696
-0.150081
0.00719088
0.00366185
0.000369434
0
0
0
1683488056.54064
msg_begin
7.75706e+06
-363696
-0.148234
0.00114434
0.00119739
2.34928e-05
0
0
0
1683488056.59059
msg_begin
7.75706e+06
-363696
-0.147239
0.0120886
0.00289504
0.0011083
0
0
0
1683488056.64083
msg_begin
7.75706e+06
-363696
-0.147993
0.00451523
0.000955269
0.000162582
0
0
0
1683488056.69052
msg_begin
7.75706e+06
-363696
-0.146966
0.0098375
0.00305575
0.000326506
0
0
0
1683488056.74047
msg_begin
7.75706e+06
-363696
-0.144558
0.034645
0.0115466
0.00109632
0
0
0
1683488056.79039
msg_begin
7.75706e+06
-363696
-0.139676
0.000695114
0.00180283
8.23949e-05
0
0
0
1683488056.84044
msg_begin
7.75706e+06
-363696
-0.139309
0.0238659
0.0076132
0.00144918
0
0
0
1683488056.89023
msg_begin
7.75706e+06
-363696
-0.13896
0.00692744
0.00455174
0.000369508
0
0
0
1683488056.94008
msg_begin
7.75707e+06
-363696
-0.133753
0.0120394
0.00601891
0.0013222
0
0
0
1683488056.99014
msg_begin
7.75707e+06
-363696
-0.130852
0.0184933
0.00260804
0.000741214
0
0
0
1683488057.04039
msg_begin
7.75707e+06
-363696
-0.125036
2.79397e-09
2.44472e-09
1.60982e-15
0
0
0
1683488057.08998
msg_begin
7.75707e+06
-363696
-0.123076
0.00100347
0.000843975
6.81233e-05
0
0
0
1683488057.13996
msg_begin
7.75707e+06
-363696
-0.121148
2.51457e-08
2.91038e-09
6.80012e-16
0
0
0
1683488057.19046
msg_begin
7.75707e+06
-363696
-0.11858
0.00606348
0.00713263
0.000764359
0
0
0
1683488057.23988
msg_begin
7.75707e+06
-363696
-0.110928
0.000190354
0.00208435
1.47208e-05
0
0
0
1683488057.28980
msg_begin
7.75707e+06
-363696
-0.105725
0.00711655
0.00467261
0.00110861
0
0
0
1683488057.33973
msg_begin
7.75707e+06
-363696
-0.10183
0.00235714
0.00214003
0.000383524
0
0
0
1683488057.38966
msg_begin
7.75707e+06
-363696
-0.0950104
0.00140229
0.000672676
7.30086e-05
0
0
0
1683488057.43991
msg_begin
7.75707e+06
-363696
-0.0931593
0.00734115
0.0124702
0.000962227
0
0
0
1683488057.48960
msg_begin
7.75707e+06
-363696
-0.0850874
5.7742e-08
2.03727e-09
9.71445e-17
0
0
0
1683488057.54006
msg_begin
7.75707e+06
-363696
-0.0813734
0.0107755
0.00435381
0.000366583
0
0
0
1683488057.58956
msg_begin
7.75707e+06
-363696
-0.079718
0.00413782
0.00168309
0.000612534
0
0
0
1683488057.63956
msg_begin
7.75707e+06
-363696
-0.0676904
0.000631913
0.00166527
7.74313e-05
0
0
0
1683488057.68958
msg_begin
7.75707e+06
-363696
-0.053939
6.33299e-08
5.82077e-10
7.63278e-17
0
0
0
1683488057.78958
msg_begin
7.75707e+06
-363696
-0.0490305
0.00777601
0.00130912
0.000115855
0
0
0
1683488057.83961
msg_begin
7.75707e+06
-363696
-0.0318472
0.00669807
0.000298628
0.000475924
0
0
0
1683488057.93952
msg_begin
7.75707e+06
-363696
-0.0191731
1.86265e-09
2.85218e-09
3.46945e-17
0
0
0
1683488057.98954
msg_begin
7.75707e+06
-363696
-0.00894053
0.0112377
0.00892345
0.00195507
0
0
0
1683488058.03951
msg_begin
7.75707e+06
-363696
-0.00624847
7.07805e-08
2.50293e-09
8.1532e-17
0
0
0
1683488058.08950
msg_begin
7.75707e+06
-363696
0.00165337
0.0100488
0.00724894
0.00031185
0
0
0
1683488058.13947
msg_begin
7.75707e+06
-363696
0.0146762
0.000477568
0.000242331
6.54285e-05
0
0
0
1683488058.18955
msg_begin
7.75707e+06
-363696
0.0258495
0.0060948
0.00252838
0.000725277
0
0
0
1683488058.23998
msg_begin
7.75707e+06
-363696
0.0344791
2.42144e-08
9.31323e-10
1.59595e-16
0
0
0
1683488058.28956
msg_begin
7.75707e+06
-363696
0.0450127
5.58794e-08
2.61934e-09
9.02056e-17
0
0
0
1683488058.33959
msg_begin
7.75707e+06
-363696
0.0506694
0.00445134
0.00874454
0.000682919
0
0
0
1683488058.38962
msg_begin
7.75707e+06
-363696
0.0608153
0.000317063
0.00318963
0.000192849
0
0
0
1683488058.43966
msg_begin
7.75707e+06
-363696
0.0677927
0.0118789
0.0047457
0.000428218
0
0
0
1683488058.48970
msg_begin
7.75707e+06
-363696
0.0799088
0.0022965
0.00136019
0.000113222
0
0
0
1683488058.53972
msg_begin
7.75707e+06
-363696
0.091251
0.00348192
0.000856807
1.01769e-05
0
0
0
1683488058.58978
msg_begin
7.75707e+06
-363696
0.101072
0.000579009
0.000762677
3.53901e-05
0
0
0
1683488058.64012
msg_begin
7.75707e+06
-363696
0.110153
0.00138469
0.00218018
0.000201207
0
0
0
1683488058.68983
msg_begin
7.75707e+06
-363696
0.119473
9.5363e-05
0.000301271
0.000166763
0
0
0
1683488058.73999
msg_begin
7.75707e+06
-363696
0.132212
0.00314217
0.00948288
0.00037349
0
0
0
1683488058.79095
msg_begin
7.75707e+06
-363696
0.138717
0.00500504
0.00537239
0.000669246
0
0
0
1683488058.83999
msg_begin
7.75707e+06
-363696
0.147634
0.0146497
0.00467555
0.000570752
0
0
0
1683488058.88999
msg_begin
7.75707e+06
-363696
0.160817
0.01056
0.000882866
0.00099262
0
0
0
1683488058.94013
msg_begin
7.75707e+06
-363696
0.173957
0.0126534
0.00484233
0.000721298
0
0
0
1683488058.99013
msg_begin
7.75708e+06
-363696
0.18032
1.83481e-06
0.000404905
7.11397e-05
0
0
0
1683488059.04008
msg_begin
7.75708e+06
-363696
0.192456
0.00810587
0.00531901
0.00103662
0
0
0
1683488059.09007
msg_begin
7.75708e+06
-363696
0.198546
0.00096834
0.000624681
0.000235698
0
0
0
1683488059.14008
msg_begin
7.75708e+06
-363696
0.21307
0.00127205
0.00294409
0.000142271
0
0
0
1683488059.19017
msg_begin
7.75708e+06
-363696
0.221689
0.000779337
0.0002437
6.68177e-05
0
0
0
1683488059.24007
msg_begin
7.75708e+06
-363696
0.232447
1.86265e-08
3.37604e-09
2.10942e-15
0
0
0
1683488059.29006
msg_begin
7.75708e+06
-363696
0.24401
0.00166222
0.00296459
0.00054424
0
0
0
1683488059.34004
msg_begin
7.75708e+06
-363696
0.253169
0.00439664
0.00107858
0.000297953
0
0
0
1683488059.38999
msg_begin
7.75708e+06
-363696
0.260542
0.00543708
0.00271399
0.000457152
0
0
0
1683488059.44016
msg_begin
7.75708e+06
-363695
0.271736
6.70552e-08
2.32831e-10
3.21965e-15
0
0
0
1683488059.48998
msg_begin
7.75708e+06
-363695
0.282519
0.00173619
0.000879044
0.000151911
0
0
0
1683488059.53993
msg_begin
7.75708e+06
-363695
0.291171
0.00268688
0.00238019
0.000124314
0
0
0
1683488059.59052
msg_begin
7.75708e+06
-363695
0.302382
0.00123783
0.00120402
9.48229e-06
0
0
0
1683488059.63989
msg_begin
7.75708e+06
-363695
0.313005
0.000184762
0.00174771
5.62724e-05
0
0
0
1683488059.68986
msg_begin
7.75708e+06
-363695
0.323984
0.00816838
0.00463931
0.00025846
0
0
0
1683488059.73985
msg_begin
7.75708e+06
-363695
0.330939
0.000353101
4.33457e-05
4.31008e-05
0
0
0
1683488059.78983
msg_begin
7.75708e+06
-363695
0.338845
1.21072e-08
2.91038e-09
3.88578e-16
0
0
0
1683488059.84020
msg_begin
7.75708e+06
-363695
0.346914
3.72529e-09
5.82077e-11
9.99201e-16
0
0
0
1683488059.88993
msg_begin
7.75708e+06
-363695
0.357284
0.000283765
0.0011941
2.38151e-05
0
0
0
1683488059.94000
msg_begin
7.75708e+06
-363695
0.364808
0.000787816
0.0027447
0.000336554
0
0
0
1683488059.99072
msg_begin
7.75708e+06
-363695
0.370377
5.58794e-08
1.16415e-10
1.16573e-15
0
0
0
1683488060.04035
msg_begin
7.75708e+06
-363694
0.379693
5.58794e-09
1.74623e-10
4.44089e-16
0
0
0
1683488060.09026
msg_begin
7.75708e+06
-363694
0.393787
0.00603791
0.00879524
0.001342
0
0
0
1683488060.14032
msg_begin
7.75708e+06
-363694
0.398513
0.00237388
0.00170524
0.000635286
0
0
0
1683488060.19033
msg_begin
7.75708e+06
-363694
0.406041
0.00794203
0.00165233
0.000806636
0
0
0
1683488060.24068
msg_begin
7.75708e+06
-363694
0.413747
0.0199574
0.0136587
0.00117551
0
0
0
1683488060.29031
msg_begin
7.75708e+06
-363694
0.422798
0.0142125
0.00769154
0.000902439
0
0
0
1683488060.34028
msg_begin
7.75708e+06
-363694
0.430181
0.00199712
0.00158189
0.000145235
0
0
0
1683488060.39091
msg_begin
7.75708e+06
-363694
0.435388
0.00973901
0.00411086
0.00135571
0
0
0
1683488060.44058
msg_begin
7.75708e+06
-363694
0.441077
0.00981107
0.00428866
0.000622985
0
0
0
1683488060.49016
msg_begin
7.75708e+06
-363693
0.447583
0.00158397
0.000651491
0.000137775
0
0
0
1683488060.54128
msg_begin
7.75708e+06
-363693
0.457613
0.00119329
0.00172691
0.000189869
0
0
0
1683488060.59014
msg_begin
7.75708e+06
-363693
0.465391
0.00886639
0.0111932
0.000304302
0
0
0
1683488060.63998
msg_begin
7.75708e+06
-363693
0.470459
0.00353419
0.00700326
0.000443705
0
0
0
1683488060.68997
msg_begin
7.75708e+06
-363693
0.479626
0.00218195
0.00614678
5.29133e-05
0
0
0
1683488060.73993
msg_begin
7.75708e+06
-363693
0.48588
0.0158073
0.0162423
0.000463292
0
0
0
1683488060.78999
msg_begin
7.75708e+06
-363693
0.488088
0.000515023
9.79628e-05
3.39247e-05
0
0
0
1683488060.83987
msg_begin
7.75708e+06
-363693
0.495972
0.0049003
0.00121984
0.000338277
0
0
0
1683488060.88987
msg_begin
7.75708e+06
-363692
0.500115
0.00323646
0.000753739
0.000204543
0
0
0
1683488060.93984
msg_begin
7.75708e+06
-363692
0.502653
0.00196702
0.00631795
0.000475312
0
0
0
1683488060.98982
msg_begin
7.75708e+06
-363692
0.505576
0.00163792
0.00251249
0.000343318
0
0
0
1683488061.03986
msg_begin
7.75709e+06
-363692
0.506979
0.00272694
0.000274189
0.000329261
0
0
0
1683488061.08987
msg_begin
7.75709e+06
-363692
0.51179
6.14673e-08
9.31323e-10
3.21965e-15
0
0
0
1683488061.13990
msg_begin
7.75709e+06
-363692
0.516411
0.0160768
0.00521146
0.00102422
0
0
0
1683488061.18987
msg_begin
7.75709e+06
-363692
0.520476
6.89179e-08
2.91038e-10
5.55112e-16
0
0
0
1683488061.23989
msg_begin
7.75709e+06
-363691
0.518029
0.00113238
0.00132647
0.000113666
0
0
0
1683488061.28993
msg_begin
7.75709e+06
-363691
0.51948
0.00853376
0.00823751
0.00133202
0
0
0
1683488061.33996
msg_begin
7.75709e+06
-363691
0.523005
0.0101186
0.00380031
0.000768864
0
0
0
1683488061.39001
msg_begin
7.75709e+06
-363691
0.525078
0.0226013
0.00774863
0.000842836
0
0
0
1683488061.44008
msg_begin
7.75709e+06
-363691
0.522726
8.9407e-08
2.96859e-09
3.77476e-15
0
0
0
1683488061.49007
msg_begin
7.75709e+06
-363691
0.52191
0.0124489
0.0210855
0.000770186
0
0
0
1683488061.54107
msg_begin
7.75709e+06
-363691
0.523405
0.000431401
0.000321052
2.88256e-05
0
0
0
1683488061.59017
msg_begin
7.75709e+06
-363690
0.524617
0.0146937
0.0175656
0.00241883
0
0
0
1683488061.64012
msg_begin
7.75709e+06
-363690
0.51845
0.000580413
0.00051421
0.000403275
0
0
0
1683488061.69011
msg_begin
7.75709e+06
-363690
0.520456
0.00128014
0.000245599
2.70854e-05
0
0
0
1683488061.74009
msg_begin
7.75709e+06
-363690
0.520742
0.00177809
0.00411962
0.000157702
0
0
0
1683488061.79005
msg_begin
7.75709e+06
-363690
0.518084
4.74975e-08
2.50293e-09
2.55351e-15
0
0
0
1683488061.83999
msg_begin
7.75709e+06
-363690
0.522742
0.00396249
0.00215681
0.000114869
0
0
0
1683488061.89003
msg_begin
7.75709e+06
-363690
0.522024
0.0147424
0.0192045
0.000442514
0
0
0
1683488061.93999
msg_begin
7.75709e+06
-363689
0.522149
0.0120497
0.00198881
0.000192931
0
0
0
1683488061.99000
msg_begin
7.75709e+06
-363689
0.526123
9.31323e-09
1.16415e-09
2.22045e-16
0
0
0
1683488062.03997
msg_begin
7.75709e+06
-363689
0.525893
5.02914e-08
0
2.33147e-15
0
0
0
1683488062.09001
msg_begin
7.75709e+06
-363689
0.524124
0.0014833
0.000391095
2.47023e-05
0
0
0
1683488062.14010
msg_begin
7.75709e+06
-363689
0.525782
0.011115
0.00573714
0.00144487
0
0
0
1683488062.19016
msg_begin
7.75709e+06
-363689
0.523559
1.95578e-08
1.68802e-09
1.55431e-15
0
0
0
1683488062.24020
msg_begin
7.75709e+06
-363688
0.525553
0.00200124
0.000493866
7.34029e-05
0
0
0
1683488062.29019
msg_begin
7.75709e+06
-363688
0.529954
0.0030096
0.00353059
0.000202507
0
0
0
1683488062.34028
msg_begin
7.75709e+06
-363688
0.533415
0.00324794
0.00241209
0.00060269
0
0
0
1683488062.39038
msg_begin
7.75709e+06
-363688
0.53505
0.000865514
0.000854611
6.5215e-05
0
0
0
1683488062.44039
msg_begin
7.75709e+06
-363688
0.532284
5.40167e-08
5.82077e-10
1.55431e-15
0
0
0
1683488062.49045
msg_begin
7.75709e+06
-363688
0.529043
4.47035e-08
1.74623e-10
2.10942e-15
0
0
0
1683488062.54093
msg_begin
7.75709e+06
-363688
0.526517
7.54371e-08
2.15368e-09
1.55431e-15
0
0
0
1683488062.59074
msg_begin
7.75709e+06
-363687
0.528818
0.00783818
0.00136084
0.000523998
0
0
0
1683488062.64076
msg_begin
7.75709e+06
-363687
0.528351
0.012688
0.00812945
0.000504767
0
0
0
1683488062.69029
msg_begin
7.75709e+06
-363687
0.531059
0.00331303
0.00504245
0.000315621
0
0
0
1683488062.74026
msg_begin
7.75709e+06
-363687
0.533221
0.00287549
0.0065802
0.000370456
0
0
0
1683488062.79019
msg_begin
7.75709e+06
-363687
0.530191
2.98023e-08
3.20142e-09
2.9976e-15
0
0
0
1683488062.84037
msg_begin
7.75709e+06
-363687
0.529347
0.0520612
0.0335809
0.00217233
0
0
0
1683488062.89008
msg_begin
7.75709e+06
-363687
0.529793
0.0058699
0.00415425
0.000370363
0
0
0
1683488062.93996
msg_begin
7.75709e+06
-363686
0.53077
0.00819277
0.00519265
0.000417745
0
0
0
1683488062.98992
msg_begin
7.75709e+06
-363686
0.529289
0.00297566
0.00229929
0.000133853
0
0
0
1683488063.04037
msg_begin
7.75709e+06
-363686
0.528693
0.0145008
0.00267291
0.000513016
0
0
0
1683488063.08972
msg_begin
7.7571e+06
-363686
0.528845
0.00761572
0.00412786
0.000146463
0
0
0
1683488063.13968
msg_begin
7.7571e+06
-363686
0.532387
0.00106523
0.00169644
0.000174732
0
0
0
1683488063.18966
msg_begin
7.7571e+06
-363686
0.534616
7.17118e-08
9.31323e-10
4.44089e-16
0
0
0
1683488063.23979
msg_begin
7.7571e+06
-363686
0.532984
0.000368133
0.00205016
2.2644e-05
0
0
0
1683488063.28966
msg_begin
7.7571e+06
-363685
0.529926
4.28408e-08
1.97906e-09
1.22125e-15
0
0
0
1683488063.33966
msg_begin
7.7571e+06
-363685
0.527355
4.65661e-09
5.23869e-10
3.88578e-15
0
0
0
1683488063.38971
msg_begin
7.7571e+06
-363685
0.527742
2.77353e-05
0.00176224
0.000154918
0
0
0
1683488063.43976
msg_begin
7.7571e+06
-363685
0.531257
0.0088442
0.0130206
0.000390934
0
0
0
1683488063.48966
msg_begin
7.7571e+06
-363685
0.530522
0.00533412
0.000375779
9.93964e-05
0
0
0
1683488063.53966
msg_begin
7.7571e+06
-363685
0.532545
0.00190274
0.00167672
0.000235314
0
0
0
1683488063.58976
msg_begin
7.7571e+06
-363685
0.533049
0.0122903
0.00897699
0.000115785
0
0
0
1683488063.63991
msg_begin
7.7571e+06
-363684
0.53661
4.19095e-08
1.68802e-09
6.66134e-16
0
0
0
1683488063.68974
msg_begin
7.7571e+06
-363684
0.536595
0.00104373
0.00220628
0.000136188
0
0
0
1683488063.73972
msg_begin
7.7571e+06
-363684
0.536799
0.000853091
0.00455147
0.000358539
0
0
0
1683488063.78977
msg_begin
7.7571e+06
-363684
0.535797
0.00138558
0.00356437
0.000179605
0
0
0
1683488063.83979
msg_begin
7.7571e+06
-363684
0.533156
0.00205961
0.000337606
3.2809e-05
0
0
0
1683488063.88984
msg_begin
7.7571e+06
-363684
0.53323
0.00430048
0.00225898
0.000154685
0
0
0
1683488063.93981
msg_begin
7.7571e+06
-363684
0.533807
0.0242297
0.00906154
0.00103162
0
0
0
1683488063.98990
msg_begin
7.7571e+06
-363684
0.536969
0.00516348
0.00472676
0.000221587
0
0
0
1683488064.03984
msg_begin
7.7571e+06
-363684
0.540257
0.00461514
0.00512713
0.000648991
0
0
0
1683488064.08985
msg_begin
7.7571e+06
-363683
0.539756
0.00759924
0.00231084
0.000448383
0
0
0
1683488064.13988
msg_begin
7.7571e+06
-363683
0.541774
0.0011276
0.00136464
7.94658e-05
0
0
0
1683488064.18991
msg_begin
7.7571e+06
-363683
0.541299
0.000320558
0.000632686
5.48954e-05
0
0
0
1683488064.23989
msg_begin
7.7571e+06
-363683
0.541853
0.00392967
0.00330577
0.000253982
0
0
0
1683488064.28994
msg_begin
7.7571e+06
-363683
0.542162
0.00263778
0.00429964
0.000198231
0
0
0
1683488064.33993
msg_begin
7.7571e+06
-363683
0.542757
0.0163221
0.0166876
0.000985123
0
0
0
1683488064.38997
msg_begin
7.7571e+06
-363683
0.540474
0.00828831
0.00477507
0.000730579
0
0
0
1683488064.43992
msg_begin
7.7571e+06
-363683
0.540344
0.0191554
0.0209241
0.00086931
0
0
0
1683488064.48992
msg_begin
7.7571e+06
-363683
0.540549
0.0222217
0.026915
0.000945398
0
0
0
1683488064.54033
msg_begin
7.7571e+06
-363683
0.538293
1.21072e-08
2.56114e-09
1.55431e-15
0
0
0
1683488064.58997
msg_begin
7.7571e+06
-363682
0.537441
0.00144409
0.000593616
0.000313515
0
0
0
1683488064.64038
msg_begin
7.7571e+06
-363682
0.535664
0.00463492
0.00333719
0.000917779
0
0
0
1683488064.68998
msg_begin
7.7571e+06
-363682
0.53973
0.00829453
0.00337296
0.000274261
0
0
0
1683488064.73998
msg_begin
7.7571e+06
-363682
0.543571
0.00323233
0.00318568
0.000251908
0
0
0
1683488064.79003
msg_begin
7.7571e+06
-363682
0.54966
5.96046e-08
2.32831e-09
1.66533e-15
0
0
0
1683488064.84035
msg_begin
7.7571e+06
-363682
0.548814
0.000440638
0.0002726
2.33808e-05
0
0
0
1683488064.89003
msg_begin
7.7571e+06
-363682
0.548872
0.00217724
0.00136658
0.000169693
0
0
0
1683488064.94003
msg_begin
7.7571e+06
-363682
0.548637
0.00935993
0.00410324
0.000244242
0
0
0
1683488064.99025
msg_begin
7.7571e+06
-363682
0.548752
0.00349869
0.00261887
6.79214e-05
0
0
0
1683488065.04023
msg_begin
7.7571e+06
-363681
0.55051
0.00238453
0.00322114
0.000279171
0
0
0
1683488065.09001
msg_begin
7.7571e+06
-363681
0.549181
0.00448488
0.0023733
0.000408434
0
0
0
1683488065.13994
msg_begin
7.7571e+06
-363681
0.548171
0.00166616
0.00130319
0.000100778
0
0
0
1683488065.18991
msg_begin
7.7571e+06
-363681
0.551752
7.26432e-08
2.61934e-09
3.77476e-15
0
0
0
1683488065.24044
msg_begin
7.7571e+06
-363681
0.5519
0.00276227
0.00561193
0.000305117
0
0
0
1683488065.28994
msg_begin
7.7571e+06
-363681
0.553424
0.00332731
0.00598417
0.000300561
0
0
0
1683488065.33993
msg_begin
7.7571e+06
-363681
0.554758
0.00115858
6.93976e-05
4.33754e-06
0
0
0
1683488065.38993
msg_begin
7.7571e+06
-363681
0.552858
0.000231359
0.000436449
8.96585e-05
0
0
0
1683488065.44036
msg_begin
7.7571e+06
-363681
0.551659
0.00426766
0.00175675
0.000329435
0
0
0
1683488065.48997
msg_begin
7.7571e+06
-363681
0.550579
0.00512647
0.0074048
0.000526944
0
0
0
1683488065.54018
msg_begin
7.7571e+06
-363681
0.551661
0.00235664
0.000782041
0.000229619
0
0
0
1683488065.59009
msg_begin
7.7571e+06
-363680
0.550939
0.00278815
0.00194945
0.000151173
0
0
0
1683488065.64004
msg_begin
7.7571e+06
-363680
0.550727
0.00190718
0.00175736
0.000678165
0
0
0
1683488065.68998
msg_begin
7.7571e+06
-363680
0.549438
1.58325e-08
2.96859e-09
4.44089e-16
0
0
0
1683488065.74004
msg_begin
7.7571e+06
-363680
0.546627
5.68107e-08
1.10595e-09
1.88738e-15
0
0
0
1683488065.79000
msg_begin
7.7571e+06
-363680
0.544412
0.00626184
0.00618314
0.000806235
0
0
0
1683488065.84002
msg_begin
7.7571e+06
-363680
0.547442
0.00186555
0.00371484
0.000213242
0
0
0
1683488065.88997
msg_begin
7.7571e+06
-363680
0.546044
0.00103395
0.000385622
0.000481229
0
0
0
1683488065.93996
msg_begin
7.7571e+06
-363680
0.545372
0.00592483
0.00287505
0.000258454
0
0
0
1683488065.99002
msg_begin
7.7571e+06
-363680
0.546515
0.0237677
0.0117311
0.000781839
0
0
0
1683488066.04006
msg_begin
7.7571e+06
-363680
0.54661
1.39698e-08
3.14321e-09
2.22045e-16
0
0
0
1683488066.09003
msg_begin
7.75711e+06
-363680
0.547851
0.00186561
0.00650819
0.000294878
0
0
0
1683488066.13998
msg_begin
7.75711e+06
-363680
0.543233
0.000221003
0.000820149
1.07201e-05
0
0
0
1683488066.19001
msg_begin
7.75711e+06
-363679
0.544336
0.00318902
0.0138987
0.000263209
0
0
0
1683488066.23994
msg_begin
7.75711e+06
-363679
0.544303
0.0170445
0.0101713
0.00081406
0
0
0
1683488066.28988
msg_begin
7.75711e+06
-363679
0.548593
0.00726247
0.0112283
0.00130038
0
0
0
1683488066.33986
msg_begin
7.75711e+06
-363679
0.544092
0.0248987
0.0123449
0.00112822
0
0
0
1683488066.38976
msg_begin
7.75711e+06
-363679
0.545448
0.00909694
0.0186081
0.00136245
0
0
0
1683488066.43981
msg_begin
7.75711e+06
-363679
0.545189
0.00186644
0.00316533
9.53598e-05
0
0
0
1683488066.48971
msg_begin
7.75711e+06
-363679
0.546947
0.0297756
0.0110003
0.000399473
0
0
0
1683488066.54004
msg_begin
7.75711e+06
-363679
0.547893
0.000758478
0.00269567
0.000884051
0
0
0
1683488066.58980
msg_begin
7.75711e+06
-363679
0.546662
0.000889118
0.00101044
0.000101329
0
0
0
1683488066.63971
msg_begin
7.75711e+06
-363679
0.547604
0.00142156
0.00385165
0.000407837
0
0
0
1683488066.68971
msg_begin
7.75711e+06
-363678
0.548248
0.0146663
0.00707133
0.00139403
0
0
0
1683488066.73969
msg_begin
7.75711e+06
-363678
0.551279
0.0117295
0.00752093
0.000557931
0
0
0
1683488066.78966
msg_begin
7.75711e+06
-363678
0.547153
0.00817446
0.0056355
0.000412582
0
0
0
1683488066.83990
msg_begin
7.75711e+06
-363678
0.547133
0.00319053
0.00449101
0.000239113
0
0
0
1683488066.88967
msg_begin
7.75711e+06
-363678
0.547531
0.00148466
0.000765839
5.38779e-05
0
0
0
1683488066.93972
msg_begin
7.75711e+06
-363678
0.548808
0.00237234
0.00619733
0.000559548
0
0
0
1683488066.98967
msg_begin
7.75711e+06
-363678
0.549233
0.0170048
0.00259002
0.000888989
0
0
0
1683488067.04013
msg_begin
7.75711e+06
-363678
0.547684
1.86265e-08
2.03727e-09
1.11022e-15
0
0
0
1683488067.08965
msg_begin
7.75711e+06
-363678
0.547814
0.00361177
0.00310551
0.000993064
0
0
0
1683488067.13966
msg_begin
7.75711e+06
-363677
0.547006
0.0153199
0.00789943
0.000211853
0
0
0
1683488067.18969
msg_begin
7.75711e+06
-363677
0.551313
4.93601e-08
5.82077e-10
1.66533e-15
0
0
0
1683488067.23966
msg_begin
7.75711e+06
-363677
0.554225
0.00966662
0.00999773
0.00080583
0
0
0
1683488067.28972
msg_begin
7.75711e+06
-363677
0.554203
8.19564e-08
2.15368e-09
4.44089e-15
0
0
0
1683488067.33963
msg_begin
7.75711e+06
-363677
0.554134
2.75555e-05
0.000121386
2.37496e-06
0
0
0
1683488067.38956
msg_begin
7.75711e+06
-363677
0.557078
0.00785431
0.00431284
0.000653699
0
0
0
1683488067.44001
msg_begin
7.75711e+06
-363677
0.558368
0.00309023
0.00594929
0.000170122
0
0
0
1683488067.48948
msg_begin
7.75711e+06
-363677
0.559849
0.000691078
0.000575371
2.68865e-05
0
0
0
1683488067.54041
msg_begin
7.75711e+06
-363677
0.559104
0.00258485
0.00236035
0.000173214
0
0
0
1683488067.58943
msg_begin
7.75711e+06
-363676
0.558408
0.00634026
0.00159109
0.000202408
0
0
0
1683488067.63927
msg_begin
7.75711e+06
-363676
0.55441
2.32831e-08
1.74623e-10
2.22045e-16
0
0
0
1683488067.68923
msg_begin
7.75711e+06
-363676
0.555244
0.00464541
0.00299451
0.000317996
0
0
0
1683488067.73923
msg_begin
7.75711e+06
-363676
0.557242
0.00540792
0.0061469
0.000484554
0
0
0
1683488067.78921
msg_begin
7.75711e+06
-363676
0.555393
0.00569785
0.003592
0.000128301
0
0
0
1683488067.83916
msg_begin
7.75711e+06
-363676
0.554562
0.00344959
0.00276855
0.000195588
0
0
0
1683488067.88917
msg_begin
7.75711e+06
-363676
0.552155
5.21541e-08
1.39698e-09
3.9968e-15
0
0
0
1683488067.93910
msg_begin
7.75711e+06
-363676
0.551594
0.0166982
0.00730458
0.000940649
0
0
0
1683488067.98916
msg_begin
7.75711e+06
-363676
0.548712
0.000122739
4.96924e-06
3.16499e-05
0
0
0
1683488068.03912
msg_begin
7.75711e+06
-363676
0.545144
7.17118e-08
3.08501e-09
1.44329e-15
0
0
0
1683488068.08914
msg_begin
7.75711e+06
-363675
0.547524
0.00507922
0.0104478
0.00141707
0
0
0
1683488068.13914
msg_begin
7.75711e+06
-363675
0.547739
0.0177253
0.00895657
0.00136687
0
0
0
1683488068.18911
msg_begin
7.75711e+06
-363675
0.549568
0.00285139
0.0048907
0.00169293
0
0
0
1683488068.23906
msg_begin
7.75711e+06
-363675
0.546982
0.00343807
0.00380075
0.000566422
0
0
0
1683488068.28905
msg_begin
7.75711e+06
-363675
0.544319
8.3819e-09
1.57161e-09
0
0
0
0
1683488068.33903
msg_begin
7.75711e+06
-363675
0.543871
0.00193976
0.00212531
0.000327156
0
0
0
1683488068.38905
msg_begin
7.75711e+06
-363675
0.545236
8.3819e-09
2.38651e-09
2.22045e-16
0
0
0
1683488068.43908
msg_begin
7.75711e+06
-363675
0.545097
0.0237384
0.0148689
0.00304079
0
0
0
1683488068.48903
msg_begin
7.75711e+06
-363674
0.551212
0.0197385
0.00294759
0.00117544
0
0
0
1683488068.53944
msg_begin
7.75711e+06
-363674
0.550888
0.0107814
0.0124707
0.00122287
0
0
0
1683488068.58915
msg_begin
7.75711e+06
-363674
0.548889
8.3819e-09
1.74623e-10
3.9968e-15
0
0
0
1683488068.63931
msg_begin
7.75711e+06
-363674
0.548648
4.47035e-08
3.0268e-09
7.77156e-16
0
0
0
1683488068.68912
msg_begin
7.75711e+06
-363674
0.545441
4.84288e-08
3.7835e-09
1.88738e-15
0
0
0
1683488068.73910
msg_begin
7.75711e+06
-363674
0.545132
0.0267257
0.00286087
0.000292788
0
0
0
1683488068.78917
msg_begin
7.75711e+06
-363674
0.544104
0.0361249
0.00731816
0.00102825
0
0
0
1683488068.83906
msg_begin
7.75711e+06
-363673
0.541695
5.21541e-08
3.25963e-09
5.55112e-16
0
0
0
1683488068.88910
msg_begin
7.75712e+06
-363673
0.542142
0.0171719
0.0177517
0.000792228
0
0
0
1683488068.93907
msg_begin
7.75712e+06
-363673
0.54099
0.00557045
0.00160725
0.000342623
0
0
0
1683488068.98909
msg_begin
7.75712e+06
-363673
0.541909
0.000504854
0.000508686
2.34252e-05
0
0
0
1683488069.03923
msg_begin
7.75712e+06
-363673
0.541762
0.0196653
0.0111788
0.000856959
0
0
0
1683488069.08905
msg_begin
7.75712e+06
-363673
0.543279
0.00239097
0.00169366
0.000172711
0
0
0
1683488069.13911
msg_begin
7.75712e+06
-363673
0.544147
0.0037931
0.00466853
0.000781547
0
0
0
1683488069.18912
msg_begin
7.75712e+06
-363672
0.544403
0.00103729
0.00484472
0.000361242
0
0
0
1683488069.23942
msg_begin
7.75712e+06
-363672
0.544763
0.00583992
0.00216729
0.000246118
0
0
0
1683488069.28904
msg_begin
7.75712e+06
-363672
0.543354
0.00291983
0.00595098
0.000336852
0
0
0
1683488069.33903
msg_begin
7.75712e+06
-363672
0.543022
0.00832015
0.011108
0.000747463
0
0
0
1683488069.38910
msg_begin
7.75712e+06
-363672
0.538653
0.00255617
0.00503529
0.000143
0
0
0
1683488069.43896
msg_begin
7.75712e+06
-363672
0.534932
0.0110518
0.00375952
0.000652299
0
0
0
1683488069.48897
msg_begin
7.75712e+06
-363672
0.535068
7.45058e-09
3.08501e-09
2.10942e-15
0
0
0
1683488069.54018
msg_begin
7.75712e+06
-363671
0.533791
0.00656204
0.00661395
0.000383414
0
0
0
1683488069.58892
msg_begin
7.75712e+06
-363671
0.534642
6.51926e-09
1.28057e-09
3.55271e-15
0
0
0
1683488069.63894
msg_begin
7.75712e+06
-363671
0.535559
0.0119241
0.00501559
0.000636575
0
0
0
1683488069.68893
msg_begin
7.75712e+06
-363671
0.535987
3.81842e-08
8.73115e-10
7.77156e-16
0
0
0
1683488069.73896
msg_begin
7.75712e+06
-363671
0.533706
0.0192148
0.0124209
0.000374478
0
0
0
1683488069.78916
msg_begin
7.75712e+06
-363671
0.532039
0.000791638
0.00133705
3.0292e-05
0
0
0
1683488069.83900
msg_begin
7.75712e+06
-363671
0.53042
8.3819e-09
2.73576e-09
2.22045e-16
0
0
0
1683488069.88901
msg_begin
7.75712e+06
-363670
0.5277
0.0141006
0.00596605
0.000484941
0
0
0
1683488069.93897
msg_begin
7.75712e+06
-363670
0.529244
4.56348e-08
5.23869e-10
3.77476e-15
0
0
0
1683488069.98900
msg_begin
7.75712e+06
-363670
0.525784
7.72998e-08
2.67755e-09
3.21965e-15
0
0
0
1683488070.03905
msg_begin
7.75712e+06
-363670
0.530492
8.00937e-08
2.21189e-09
4.44089e-15
0
0
0
1683488070.08904
msg_begin
7.75712e+06
-363670
0.529193
0.0166314
0.0121244
0.000588511
0
0
0
1683488070.13902
msg_begin
7.75712e+06
-363670
0.525709
6.98492e-08
1.10595e-09
4.44089e-16
0
0
0
1683488070.18899
msg_begin
7.75712e+06
-363669
0.525922
0.00457535
0.000694591
0.000173029
0
0
0
1683488070.23902
msg_begin
7.75712e+06
-363669
0.524112
0.0190255
0.00695906
0.000944038
0
0
0
1683488070.28896
msg_begin
7.75712e+06
-363669
0.523436
5.40167e-08
3.14321e-09
0
0
0
0
1683488070.33896
msg_begin
7.75712e+06
-363669
0.523814
0.0340127
0.010436
0.00145349
0
0
0
1683488070.38908
msg_begin
7.75712e+06
-363669
0.521163
7.72998e-08
1.74623e-10
1.9984e-15
0
0
0
1683488070.43894
msg_begin
7.75712e+06
-363669
0.527043
6.89179e-08
2.61934e-09
1.11022e-15
0
0
0
1683488070.48895
msg_begin
7.75712e+06
-363668
0.52381
0.00454271
0.00252918
0.000308804
0
0
0
1683488070.63911
msg_begin
7.75712e+06
-363668
0.52355
0.00779845
0.00629805
0.00127743
0
0
0
1683488070.68908
msg_begin
7.75712e+06
-363668
0.525342
2.32831e-08
3.31784e-09
6.66134e-16
0
0
0
1683488070.73907
msg_begin
7.75712e+06
-363668
0.522165
0.000356306
0.000104917
6.98948e-05
0
0
0
1683488070.78912
msg_begin
7.75712e+06
-363668
0.522183
0.0010762
0.0177841
0.000133425
0
0
0
1683488070.83917
msg_begin
7.75712e+06
-363667
0.522248
0.00051598
0.000477894
1.03078e-05
0
0
0
1683488070.88920
msg_begin
7.75713e+06
-363667
0.521206
0.00130502
0.000819633
0.000160074
0
0
0
1683488070.93926
msg_begin
7.75713e+06
-363667
0.519284
0.000937467
0.00117239
0.00138472
0
0
0
1683488070.98924
msg_begin
7.75713e+06
-363667
0.52152
0.0013477
0.00116423
7.08896e-06
0
0
0
1683488071.03951
msg_begin
7.75713e+06
-363667
0.519308
0.0137399
0.011936
0.00152659
0
0
0
1683488071.08923
msg_begin
7.75713e+06
-363667
0.519998
0.0014795
0.00228073
8.65609e-05
0
0
0
1683488071.13926
msg_begin
7.75713e+06
-363666
0.520412
0.0132616
0.00635173
0.000335181
0
0
0
1683488071.18926
msg_begin
7.75713e+06
-363666
0.516305
0.00580849
0.00385754
8.71971e-05
0
0
0
1683488071.23944
msg_begin
7.75713e+06
-363666
0.511163
0.0329298
0.0221922
2.20056e-06
0
0
0
1683488071.28923
msg_begin
7.75713e+06
-363666
0.510258
0.00617061
0.0054337
0.000244258
0
0
0
1683488071.33928
msg_begin
7.75713e+06
-363666
0.510396
4.65661e-09
4.07454e-10
5.32907e-15
0
0
0
1683488071.38930
msg_begin
7.75713e+06
-363666
0.510426
5.86733e-08
3.49246e-10
3.88578e-15
0
0
0
1683488071.43941
msg_begin
7.75713e+06
-363665
0.512962
0.0004998
5.7288e-06
2.65308e-06
0
0
0
1683488071.48921
msg_begin
7.75713e+06
-363665
0.508864
8.10251e-08
2.85218e-09
2.88658e-15
0
0
0
1683488071.54006
msg_begin
7.75713e+06
-363665
0.511206
5.21541e-08
6.98492e-10
2.66454e-15
0
0
0
1683488071.58918
msg_begin
7.75713e+06
-363665
0.511375
0.000650604
0.000523794
7.20501e-05
0
0
0
1683488071.63921
msg_begin
7.75713e+06
-363665
0.509056
0.0366382
0.00862617
0.000728635
0
0
0
1683488071.68926
msg_begin
7.75713e+06
-363665
0.508373
9.96681e-05
0.000536349
8.79501e-05
0
0
0
1683488071.73931
msg_begin
7.75713e+06
-363664
0.508084
0.00285549
0.00607632
0.000691006
0
0
0
1683488071.78930
msg_begin
7.75713e+06
-363664
0.50476
0.00155663
0.00302689
0.000154665
0
0
0
1683488071.83930
msg_begin
7.75713e+06
-363664
0.504225
0.0142958
0.00221038
0.000239603
0
0
0
1683488071.88933
msg_begin
7.75713e+06
-363664
0.50429
2.79397e-09
1.80444e-09
5.9952e-15
0
0
0
1683488071.93938
msg_begin
7.75713e+06
-363664
0.504444
0.0198328
0.00124114
0.000143367
0
0
0
1683488071.98938
msg_begin
7.75713e+06
-363664
0.504885
0.00395024
0.00157945
0.000254496
0
0
0
1683488072.03941
msg_begin
7.75713e+06
-363663
0.504545
0.010418
0.00585563
0.000372487
0
0
0
1683488072.08936
msg_begin
7.75713e+06
-363663
0.503278
0.0031124
0.00191534
0.000249074
0
0
0
1683488072.13939
msg_begin
7.75713e+06
-363663
0.500851
0.00850361
0.00695959
0.0013633
0
0
0
1683488072.18934
msg_begin
7.75713e+06
-363663
0.503934
0.000285672
0.00328165
0.000189809
0
0
0
1683488072.23938
msg_begin
7.75713e+06
-363663
0.503604
0.00560537
0.00445446
0.000367127
0
0
0
1683488072.28934
msg_begin
7.75713e+06
-363663
0.501033
0.0169667
0.0073872
0.000879738
0
0
0
1683488072.33939
msg_begin
7.75713e+06
-363662
0.498156
0.0108531
0.00928701
0.000439107
0
0
0
1683488072.38944
msg_begin
7.75713e+06
-363662
0.500485
0.0172569
0.0144606
0.00173461
0
0
0
1683488072.43943
msg_begin
7.75713e+06
-363662
0.498278
0.000515462
0.00174331
0.000332138
0
0
0
1683488072.48950
msg_begin
7.75713e+06
-363662
0.4978
0.00375835
0.00126041
0.000337996
0
0
0
1683488072.53991
msg_begin
7.75713e+06
-363662
0.497495
0.00075863
0.000411612
2.89395e-05
0
0
0
1683488072.58958
msg_begin
7.75714e+06
-363661
0.496846
0.00447808
0.00452391
0.000576959
0
0
0
1683488072.63991
msg_begin
7.75714e+06
-363661
0.497973
1.95578e-08
2.44472e-09
2.22045e-16
0
0
0
1683488072.68972
msg_begin
7.75714e+06
-363661
0.496469
0.00607073
0.00125062
0.000226811
0
0
0
1683488072.73983
msg_begin
7.75714e+06
-363661
0.494791
0.0136677
0.00908847
0.00107339
0
0
0
1683488072.78981
msg_begin
7.75714e+06
-363661
0.494872
0.00133794
0.00414304
0.000288359
0
0
0
1683488072.83989
msg_begin
7.75714e+06
-363660
0.492893
0.00265628
0.00507747
0.000142579
0
0
0
1683488072.88985
msg_begin
7.75714e+06
-363660
0.492413
0.00176116
0.000917971
0.000171752
0
0
0
1683488072.93999
msg_begin
7.75714e+06
-363660
0.489874
0.000349427
0.000873505
0.000140635
0
0
0
1683488072.99007
msg_begin
7.75714e+06
-363660
0.489815
0.0119784
0.0086447
0.000364081
0
0
0
1683488073.04037
msg_begin
7.75714e+06
-363660
0.489444
0.00474565
0.00334682
0.000337936
0
0
0
1683488073.09003
msg_begin
7.75714e+06
-363660
0.489317
0.00365943
0.00808738
0.000375019
0
0
0
1683488073.14000
msg_begin
7.75714e+06
-363659
0.487248
0.0385422
0.0237942
0.00291614
0
0
0
1683488073.19002
msg_begin
7.75714e+06
-363659
0.488524
0.0012465
3.93909e-05
0.000135026
0
0
0
1683488073.24045
msg_begin
7.75714e+06
-363659
0.48828
0.00614081
0.00633006
0.000369518
0
0
0
1683488073.29000
msg_begin
7.75714e+06
-363659
0.488331
0.00984102
0.00880203
0.00074851
0
0
0
1683488073.34013
msg_begin
7.75714e+06
-363659
0.488175
0.00627322
0.00477759
0.000822431
0
0
0
1683488073.38998
msg_begin
7.75714e+06
-363659
0.490634
0.0084099
0.00243933
4.78923e-05
0
0
0
1683488073.44018
msg_begin
7.75714e+06
-363658
0.490344
0.0271792
0.016324
0.00055721
0
0
0
1683488073.49002
msg_begin
7.75714e+06
-363658
0.489427
0.0032216
0.00142137
0.000518146
0
0
0
1683488073.54070
msg_begin
7.75714e+06
-363658
0.489745
0.00696036
0.00258374
0.000834259
0
0
0
1683488073.59007
msg_begin
7.75714e+06
-363658
0.48794
0.00239798
0.000711634
0.000135446
0
0
0
1683488073.64008
msg_begin
7.75714e+06
-363658
0.488566
0.0120699
0.00907019
0.000304304
0
0
0
1683488073.69007
msg_begin
7.75714e+06
-363657
0.489882
0.0103729
0.00718371
0.00061257
0
0
0
1683488073.74009
msg_begin
7.75714e+06
-363657
0.488163
0.00375604
0.00282776
0.000802806
0
0
0
1683488073.79007
msg_begin
7.75714e+06
-363657
0.487688
0.000769281
0.00263602
8.7857e-05
0
0
0
1683488073.83999
msg_begin
7.75714e+06
-363657
0.488681
0.0259724
0.0111902
0.00209019
0
0
0
1683488073.89000
msg_begin
7.75714e+06
-363657
0.488464
0.0334144
0.0172335
0.0011036
0
0
0
1683488073.93989
msg_begin
7.75714e+06
-363656
0.48916
0.00968519
0.00181633
0.000555533
0
0
0
1683488073.98984
msg_begin
7.75714e+06
-363656
0.488434
3.63216e-08
3.72529e-09
4.27436e-15
0
0
0
1683488074.03975
msg_begin
7.75715e+06
-363656
0.489006
0.00290778
0.00234593
0.000644879
0
0
0
1683488074.08965
msg_begin
7.75715e+06
-363656
0.491028
0.00032503
0.000167176
3.97975e-05
0
0
0
1683488074.13962
msg_begin
7.75715e+06
-363656
0.491539
0.0101409
0.00381483
0.000389749
0
0
0
1683488074.18955
msg_begin
7.75715e+06
-363656
0.488662
0.0114513
0.00623025
0.000562177
0
0
0
1683488074.23951
msg_begin
7.75715e+06
-363655
0.491384
0.0161174
0.00961342
0.0001224
0
0
0
1683488074.28946
msg_begin
7.75715e+06
-363655
0.491724
0.00141409
0.00143627
0.000469617
0
0
0
1683488074.33947
msg_begin
7.75715e+06
-363655
0.493456
0.000309561
0.000378509
3.29354e-05
0
0
0
1683488074.38941
msg_begin
7.75715e+06
-363655
0.494882
0.00315769
0.00376418
0.000602685
0
0
0
1683488074.43946
msg_begin
7.75715e+06
-363654
0.491401
0.00112878
0.00128184
0.000518197
0
0
0
1683488074.48944
msg_begin
7.75715e+06
-363654
0.495017
0.0212575
0.00949993
0.000465776
0
0
0
1683488074.53946
msg_begin
7.75715e+06
-363654
0.495321
0.000142706
0.000101904
4.15847e-05
0
0
0
1683488074.58952
msg_begin
7.75715e+06
-363654
0.500793
0.0296115
0.0141904
0.00072325
0
0
0
1683488074.63968
msg_begin
7.75715e+06
-363654
0.500242
0.000805173
0.000480025
2.45133e-05
0
0
0
1683488074.68957
msg_begin
7.75715e+06
-363653
0.501877
0.00317482
0.00414038
0.000201551
0
0
0
1683488074.73962
msg_begin
7.75715e+06
-363653
0.50343
0.0101824
0.00494573
0.000730209
0
0
0
1683488074.78960
msg_begin
7.75715e+06
-363653
0.506924
0.00501692
0.00138277
8.69541e-05
0
0
0
1683488074.83988
msg_begin
7.75715e+06
-363653
0.511076
0.000977587
0.000570581
7.36518e-05
0
0
0
1683488074.88962
msg_begin
7.75715e+06
-363653
0.511457
0.00456634
0.000573018
0.000382439
0
0
0
1683488074.93969
msg_begin
7.75715e+06
-363652
0.516977
0.0011135
0.00116447
0.000308612
0
0
0
1683488074.98954
msg_begin
7.75715e+06
-363652
0.517295
0.00202224
0.00268117
4.42014e-05
0
0
0
1683488075.03985
msg_begin
7.75715e+06
-363652
0.52323
0.00906333
0.0251923
0.00111835
0
0
0
1683488075.08947
msg_begin
7.75715e+06
-363652
0.52636
0.00468449
0.0051623
0.000192413
0
0
0
1683488075.13949
msg_begin
7.75715e+06
-363652
0.530534
0.00532054
0.00161384
0.000189573
0
0
0
1683488075.18946
msg_begin
7.75715e+06
-363652
0.532836
0.00795766
0.00804334
0.000885855
0
0
0
1683488075.23982
msg_begin
7.75715e+06
-363651
0.535138
0.00181291
0.000875304
0.000511845
0
0
0
1683488075.28952
msg_begin
7.75715e+06
-363651
0.538991
0.00461059
0.00134138
0.000196646
0
0
0
1683488075.33947
msg_begin
7.75715e+06
-363651
0.546067
0.0105323
0.00656904
0.000353067
0
0
0
1683488075.38941
msg_begin
7.75715e+06
-363651
0.547987
0.00478089
0.00247982
4.18439e-05
0
0
0
1683488075.43960
msg_begin
7.75715e+06
-363650
0.554459
0.00308301
0.0021124
0.000591373
0
0
0
1683488075.48945
msg_begin
7.75716e+06
-363650
0.560031
1.95578e-08
2.09548e-09
5.66214e-15
0
0
0
1683488075.54015
msg_begin
7.75716e+06
-363650
0.564518
0.010837
0.0153545
0.000790732
0
0
0
1683488075.58942
msg_begin
7.75716e+06
-363650
0.573756
0.00811447
0.00497722
0.00027977
0
0
0
1683488075.63947
msg_begin
7.75716e+06
-363650
0.579771
0.00507008
0.00568182
0.00208642
0
0
0
1683488075.68941
msg_begin
7.75716e+06
-363649
0.581524
2.79397e-09
1.39698e-09
1.11022e-15
0
0
0
1683488075.73937
msg_begin
7.75716e+06
-363649
0.589856
0.0645736
0.048643
0.00406109
0
0
0
1683488075.78936
msg_begin
7.75716e+06
-363649
0.595656
0.00351785
0.00651813
0.00041547
0
0
0
1683488075.83929
msg_begin
7.75716e+06
-363649
0.602087
0.00383644
0.00305744
0.000233327
0
0
0
1683488075.88926
msg_begin
7.75716e+06
-363648
0.6124
0.0156473
0.0167586
0.000359368
0
0
0
1683488075.93921
msg_begin
7.75716e+06
-363648
0.618932
0.006548
0.00873241
0.000330295
0
0
0
1683488075.98912
msg_begin
7.75716e+06
-363648
0.628198
0.00806689
0.00332592
0.000419045
0
0
0
1683488076.03909
msg_begin
7.75716e+06
-363648
0.638395
2.14204e-08
8.14907e-10
3.88578e-15
0
0
0
1683488076.08902
msg_begin
7.75716e+06
-363648
0.649117
0.00392998
0.00227586
0.00057038
0
0
0
1683488076.13902
msg_begin
7.75716e+06
-363647
0.662519
0.00260126
0.00188361
0.000176984
0
0
0
1683488076.23890
msg_begin
7.75716e+06
-363647
0.676439
0.00589503
0.000616516
0.000146123
0
0
0
1683488076.28889
msg_begin
7.75716e+06
-363647
0.682208
0.0100226
0.0108381
0.000818266
0
0
0
1683488076.33885
msg_begin
7.75716e+06
-363646
0.689716
0.00438366
0.0129728
6.43457e-05
0
0
0
1683488076.38890
msg_begin
7.75716e+06
-363646
0.700338
0.00192077
0.00241704
9.34427e-05
0
0
0
1683488076.43889
msg_begin
7.75716e+06
-363646
0.712189
0.0127027
0.00727966
0.000653155
0
0
0
1683488076.48894
msg_begin
7.75716e+06
-363646
0.721561
0.00790251
0.00933322
0.000681429
0
0
0
1683488076.53890
msg_begin
7.75716e+06
-363645
0.735491
0.0321497
0.0202009
0.00125699
0
0
0
1683488076.58894
msg_begin
7.75716e+06
-363645
0.745786
0
3.66708e-09
1.44329e-15
0
0
0
1683488076.63919
msg_begin
7.75716e+06
-363645
0.758935
0.010645
0.00664593
0.000256427
0
0
0
1683488076.68891
msg_begin
7.75716e+06
-363645
0.768447
0.00144633
0.00450035
0.000366379
0
0
0
1683488076.73890
msg_begin
7.75716e+06
-363644
0.778627
0.00314916
0.00188185
0.000274244
0
0
0
1683488076.78876
msg_begin
7.75716e+06
-363644
0.786871
0.000177399
0.000569803
5.94949e-05
0
0
0
1683488076.83884
msg_begin
7.75716e+06
-363644
0.79675
0.0392165
0.0453012
0.00151382
0
0
0
1683488076.88868
msg_begin
7.75716e+06
-363643
0.816683
0.02685
0.0291244
0.00059846
0
0
0
1683488076.93862
msg_begin
7.75716e+06
-363643
0.827163
6.98492e-08
2.32831e-10
2.22045e-16
0
0
0
1683488076.98997
msg_begin
7.75716e+06
-363643
0.837272
0.000529247
0.000167637
5.19355e-05
0
0
0
1683488077.03857
msg_begin
7.75716e+06
-363643
0.854378
8.10251e-08
1.74623e-10
9.99201e-16
0
0
0
1683488077.08829
msg_begin
7.75716e+06
-363642
0.865439
0.00337765
0.00222338
0.000174591
0
0
0
1683488077.13838
msg_begin
7.75716e+06
-363642
0.873283
0.00485191
0.000823409
6.55835e-05
0
0
0
1683488077.18829
msg_begin
7.75717e+06
-363642
0.885385
0.00150942
0.00214703
6.28495e-05
0
0
0
1683488077.23819
msg_begin
7.75717e+06
-363641
0.897214
0.00153874
0.000401515
9.091e-05
0
0
0
1683488077.28814
msg_begin
7.75717e+06
-363641
0.906393
0.00531138
0.0123692
0.000717012
0
0
0
1683488077.33807
msg_begin
7.75717e+06
-363641
0.919818
0.00116968
0.0014519
9.1709e-05
0
0
0
1683488077.38810
msg_begin
7.75717e+06
-363641
0.932304
0.0222096
0.0409864
0.00332577
0
0
0
1683488077.43804
msg_begin
7.75717e+06
-363640
0.946905
0.0103139
0.029392
0.00141722
0
0
0
1683488077.48807
msg_begin
7.75717e+06
-363640
0.961074
2.63205e-05
7.97156e-05
1.68723e-05
0
0
0
1683488077.53891
msg_begin
7.75717e+06
-363640
0.973016
0.000587694
0.00100565
7.34223e-05
0
0
0
1683488077.58797
msg_begin
7.75717e+06
-363639
0.984483
0.004111
0.0108614
0.00107674
0
0
0
1683488077.63793
msg_begin
7.75717e+06
-363639
0.999118
0.01615
0.0177435
0.00102704
0
0
0
1683488077.68798
msg_begin
7.75717e+06
-363639
1.00647
1.49012e-08
1.33878e-09
1.9984e-15
0
0
0
1683488077.73788
msg_begin
7.75717e+06
-363638
1.01784
0.000813323
0.000456136
0.000109304
0
0
0
1683488077.78788
msg_begin
7.75717e+06
-363638
1.03209
0.0109314
0.00321206
0.000697339
0
0
0
1683488077.83789
msg_begin
7.75717e+06
-363638
1.04137
0.00244291
0.00199334
0.000220951
0
0
0
1683488077.88792
msg_begin
7.75717e+06
-363637
1.05093
0.000929386
0.0126214
0.000278784
0
0
0
1683488077.93791
msg_begin
7.75717e+06
-363637
1.06225
0.000175771
0.0017124
0.000148286
0
0
0
1683488077.98788
msg_begin
7.75717e+06
-363637
1.07536
0.00206245
0.00772528
0.00113137
0
0
0
1683488078.03794
msg_begin
7.75717e+06
-363637
1.08231
0.000462889
0.0020014
6.42152e-05
0
0
0
1683488078.08796
msg_begin
7.75717e+06
-363636
1.10193
9.40636e-08
2.32831e-09
4.21885e-15
0
0
0
1683488078.13788
msg_begin
7.75717e+06
-363636
1.10522
0.00630875
0.00513904
0.000248631
0
0
0
1683488078.18790
msg_begin
7.75717e+06
-363635
1.12032
0.0034421
0.0019895
0.000157008
0
0
0
1683488078.23774
msg_begin
7.75717e+06
-363635
1.12948
0.00945156
0.0285453
0.000175175
0
0
0
1683488078.28770
msg_begin
7.75717e+06
-363635
1.14209
0.00878641
0.0209999
0.000611244
0
0
0
1683488078.33771
msg_begin
7.75717e+06
-363634
1.14762
0.00984179
0.00748213
0.00282527
0
0
0
1683488078.38761
msg_begin
7.75717e+06
-363634
1.1545
0.0123634
0.0227826
0.000582887
0
0
0
1683488078.43766
msg_begin
7.75717e+06
-363634
1.16427
0.016128
0.0100836
0.0012313
0
0
0
1683488078.48773
msg_begin
7.75717e+06
-363633
1.17331
0.0251106
0.0176746
0.00202215
0
0
0
1683488078.53776
msg_begin
7.75717e+06
-363633
1.17874
8.19564e-08
2.61934e-09
1.11022e-15
0
0
0
1683488078.58782
msg_begin
7.75717e+06
-363633
1.18296
0.00474389
0.0130456
0.00119974
0
0
0
1683488078.63791
msg_begin
7.75717e+06
-363632
1.18593
2.70084e-08
6.40284e-10
2.22045e-16
0
0
0
1683488078.68803
msg_begin
7.75717e+06
-363632
1.1943
0.00833521
0.0217908
0.00200846
0
0
0
1683488078.73807
msg_begin
7.75717e+06
-363632
1.19971
3.72529e-09
2.61934e-09
3.55271e-15
0
0
0
1683488078.78817
msg_begin
7.75717e+06
-363631
1.2012
0.00151879
0.000637626
6.75625e-05
0
0
0
1683488078.83861
msg_begin
7.75717e+06
-363631
1.20255
0.00434429
0.0012963
0.000169354
0
0
0
1683488078.88837
msg_begin
7.75717e+06
-363631
1.20256
0.00231057
0.00387601
0.000185339
0
0
0
1683488078.93848
msg_begin
7.75717e+06
-363630
1.21073
0.00658999
0.00846572
0.000659935
0
0
0
1683488078.98860
msg_begin
7.75717e+06
-363630
1.21026
2.32831e-08
1.68802e-09
2.66454e-15
0
0
0
1683488079.03893
msg_begin
7.75717e+06
-363630
1.21151
8.10251e-08
1.5134e-09
3.55271e-15
0
0
0
1683488079.08870
msg_begin
7.75717e+06
-363629
1.21064
0.00576718
0.0182383
0.00092163
0
0
0
1683488079.13886
msg_begin
7.75717e+06
-363629
1.20883
0.000796423
0.00276529
0.000297678
0
0
0
1683488079.18893
msg_begin
7.75717e+06
-363629
1.21239
0.00482941
0.00436367
0.000674548
0
0
0
1683488079.23935
msg_begin
7.75717e+06
-363628
1.21277
2.42144e-08
3.43425e-09
2.44249e-15
0
0
0
1683488079.28910
msg_begin
7.75717e+06
-363628
1.20979
0.0109398
0.0327257
0.00105524
0
0
0
1683488079.33921
msg_begin
7.75717e+06
-363628
1.20576
0.000406508
0.00751351
0.000117434
0
0
0
1683488079.38925
msg_begin
7.75717e+06
-363627
1.20568
0.0129731
0.0183437
0.00088365
0
0
0
1683488079.43944
msg_begin
7.75717e+06
-363627
1.20563
0.00399013
0.00885108
0.000773858
0
0
0
1683488079.48939
msg_begin
7.75717e+06
-363627
1.20486
6.51926e-08
3.55067e-09
3.33067e-15
0
0
0
1683488079.54043
msg_begin
7.75717e+06
-363626
1.1993
0.000522362
0.00195306
1.33894e-05
0
0
0
1683488079.58945
msg_begin
7.75717e+06
-363626
1.198
0.00802275
0.0114448
0.000966852
0
0
0
1683488079.63946
msg_begin
7.75717e+06
-363626
1.19665
0.00241046
0.00259847
0.000134054
0
0
0
1683488079.68946
msg_begin
7.75717e+06
-363625
1.18927
0.00146084
0.00153147
0.000112949
0
0
0
1683488079.73952
msg_begin
7.75717e+06
-363625
1.18545
4.74975e-08
2.79397e-09
0
0
0
0
1683488079.78953
msg_begin
7.75717e+06
-363624
1.17859
0.00616829
0.00633318
0.000575347
0
0
0
1683488079.83954
msg_begin
7.75717e+06
-363624
1.17497
0.00265136
0.0133551
0.00034179
0
0
0
1683488079.88951
msg_begin
7.75717e+06
-363623
1.17016
0.000179931
0.000422686
6.23743e-05
0
0
0
1683488079.93951
msg_begin
7.75717e+06
-363623
1.16827
0.00141513
0.00340382
0.000376474
0
0
0
1683488079.98949
msg_begin
7.75717e+06
-363623
1.16157
0.000299902
0.0114922
0.000332383
0
0
0
1683488080.03945
msg_begin
7.75717e+06
-363622
1.15308
8.00937e-08
1.68802e-09
1.11022e-15
0
0
0
1683488080.08943
msg_begin
7.75717e+06
-363622
1.14616
0.00360578
0.00261675
0.000411698
0
0
0
1683488080.13943
msg_begin
7.75717e+06
-363622
1.14379
0.00239423
0.0052335
0.000196427
0
0
0
1683488080.18940
msg_begin
7.75717e+06
-363621
1.13722
1.95578e-08
4.65661e-10
1.77636e-15
0
0
0
1683488080.23943
msg_begin
7.75717e+06
-363621
1.12629
0.00445245
0.00894149
0.000792785
0
0
0
1683488080.28941
msg_begin
7.75718e+06
-363621
1.12185
4.84288e-08
2.56114e-09
1.9984e-15
0
0
0
1683488080.33939
msg_begin
7.75718e+06
-363620
1.1137
0.00631905
0.00949468
0.000266062
0
0
0
1683488080.38945
msg_begin
7.75718e+06
-363620
1.11156
0.000506165
0.00122295
0.00036021
0
0
0
1683488080.43947
msg_begin
7.75718e+06
-363620
1.10296
0.0285349
0.0298396
0.00197281
0
0
0
1683488080.48952
msg_begin
7.75718e+06
-363619
1.09297
0.00260425
0.0015205
0.000429373
0
0
0
1683488080.53960
msg_begin
7.75718e+06
-363619
1.08793
0.0120232
0.0325236
0.00172059
0
0
0
1683488080.59080
msg_begin
7.75718e+06
-363619
1.07708
0.00131093
0.00396318
0.000150903
0
0
0
1683488080.64008
msg_begin
7.75718e+06
-363618
1.06692
0.00670801
0.013866
0.0010506
0
0
0
1683488080.68967
msg_begin
7.75718e+06
-363618
1.05962
0.00951337
0.00965406
0.00024585
0
0
0
1683488080.73959
msg_begin
7.75718e+06
-363618
1.05229
0.00155947
0.00887135
0.000232887
0
0
0
1683488080.78965
msg_begin
7.75718e+06
-363617
1.04076
0.0072484
0.00677697
0.000806696
0
0
0
1683488080.84014
msg_begin
7.75718e+06
-363617
1.03407
0.0367991
0.0641421
0.0004585
0
0
0
1683488080.88962
msg_begin
7.75718e+06
-363617
1.02299
0.0160677
0.0293585
0.000638862
0
0
0
1683488080.93969
msg_begin
7.75718e+06
-363616
1.01458
0.00719353
0.0142398
0.000590903
0
0
0
1683488080.98942
msg_begin
7.75718e+06
-363616
1.00282
0.00434209
0.0088591
0.000647034
0
0
0
1683488081.04003
msg_begin
7.75718e+06
-363616
0.994468
0.00825395
0.00944508
0.000682255
0
0
0
1683488081.08940
msg_begin
7.75718e+06
-363615
0.988009
0.021578
0.0409546
0.00372423
0
0
0
1683488081.13945
msg_begin
7.75718e+06
-363615
0.982872
0.00405912
0.00561518
0.000999243
0
0
0
1683488081.18946
msg_begin
7.75718e+06
-363615
0.975942
0.0125541
0.0135791
0.000526884
0
0
0
1683488081.23988
msg_begin
7.75718e+06
-363614
0.962963
0.0419025
0.0243705
0.00479153
0
0
0
1683488081.28932
msg_begin
7.75718e+06
-363614
0.952999
0.00209626
0.00174848
0.00090399
0
0
0
1683488081.33933
msg_begin
7.75718e+06
-363614
0.944599
0.0171792
0.0303699
0.00155604
0
0
0
1683488081.38924
msg_begin
7.75718e+06
-363613
0.93866
0.000931118
0.00251296
0.000135948
0
0
0
1683488081.43947
msg_begin
7.75718e+06
-363613
0.923848
0.0057772
0.0105013
0.000877754
0
0
0
1683488081.48918
msg_begin
7.75718e+06
-363613
0.918222
0.000522321
0.000553896
3.58033e-05
0
0
0
1683488081.54015
msg_begin
7.75718e+06
-363612
0.909116
0.000930462
0.00231264
3.16627e-06
0
0
0
1683488081.58914
msg_begin
7.75718e+06
-363612
0.899633
0.00464153
0.0023746
0.00112415
0
0
0
1683488081.63913
msg_begin
7.75718e+06
-363612
0.887611
0.00445465
0.00611492
0.00264077
0
0
0
1683488081.68913
msg_begin
7.75718e+06
-363612
0.87808
0.0166928
0.0137076
0.0010066
0
0
0
1683488081.73905
msg_begin
7.75718e+06
-363611
0.875179
0.000484898
0.000301149
2.95115e-05
0
0
0
1683488081.78910
msg_begin
7.75718e+06
-363611
0.860399
0.00596802
0.00509934
0.00104644
0
0
0
1683488081.83908
msg_begin
7.75718e+06
-363611
0.85307
0.0266605
0.0406575
0.00202665
0
0
0
1683488081.88900
msg_begin
7.75718e+06
-363610
0.849578
0.00665435
0.0119976
0.000860139
0
0
0
1683488081.93903
msg_begin
7.75718e+06
-363610
0.842266
0.0192584
0.0247723
0.000207282
0
0
0
1683488081.98904
msg_begin
7.75718e+06
-363610
0.833962
0.00485037
0.00581353
0.000140839
0
0
0
1683488082.03907
msg_begin
7.75718e+06
-363610
0.826729
0.00614974
0.000958397
0.000211703
0
0
0
1683488082.08909
msg_begin
7.75718e+06
-363609
0.812709
1.95578e-08
3.43425e-09
0
0
0
0
1683488082.13915
msg_begin
7.75718e+06
-363609
0.800205
0.0106152
0.00966072
0.00208055
0
0
0
1683488082.18922
msg_begin
7.75718e+06
-363609
0.794552
0.0211996
0.0231663
0.000930226
0
0
0
1683488082.23926
msg_begin
7.75718e+06
-363608
0.789412
0.0032683
0.00343555
0.000223222
0
0
0
1683488082.28937
msg_begin
7.75718e+06
-363608
0.779126
8.3819e-09
3.84171e-09
1.66533e-15
0
0
0
1683488082.33939
msg_begin
7.75718e+06
-363608
0.76552
0.000516949
0.0117216
0.000356849
0
0
0
1683488082.38940
msg_begin
7.75718e+06
-363607
0.749207
0.0153921
0.0035528
0.000797693
0
0
0
1683488082.43946
msg_begin
7.75718e+06
-363607
0.738656
0.00826196
0.00597615
0.000699309
0
0
0
1683488082.48945
msg_begin
7.75718e+06
-363607
0.735529
0.00496392
0.00694013
0.000207946
0
0
0
1683488082.53946
msg_begin
7.75719e+06
-363607
0.732448
0.00938192
0.0112644
0.000387847
0
0
0
1683488082.58937
msg_begin
7.75719e+06
-363606
0.719519
0.00926235
0.0026373
0.000170586
0
0
0
1683488082.63984
msg_begin
7.75719e+06
-363606
0.714329
0.00192516
0.00121115
0.000314544
0
0
0
1683488082.68930
msg_begin
7.75719e+06
-363606
0.70162
0.0096214
0.00418394
7.80122e-05
0
0
0
1683488082.73925
msg_begin
7.75719e+06
-363605
0.691138
0.0022047
0.00645554
0.000524784
0
0
0
1683488082.78951
msg_begin
7.75719e+06
-363605
0.683873
8.99985e-05
0.000141756
4.21421e-05
0
0
0
1683488082.83968
msg_begin
7.75719e+06
-363605
0.678461
0.00055793
0.001034
0.000160342
0
0
0
1683488082.88899
msg_begin
7.75719e+06
-363605
0.667042
0.0173897
0.0153659
0.00233926
0
0
0
1683488082.93892
msg_begin
7.75719e+06
-363604
0.651579
0.00228267
0.00227699
0.00106777
0
0
0
1683488082.98879
msg_begin
7.75719e+06
-363604
0.643211
6.79865e-08
2.91038e-10
2.22045e-16
0
0
0
1683488083.03901
msg_begin
7.75719e+06
-363604
0.640648
5.8769e-05
0.000601305
7.16791e-06
0
0
0
1683488083.08871
msg_begin
7.75719e+06
-363604
0.632419
0.0127478
0.00825819
0.00235421
0
0
0
1683488083.13864
msg_begin
7.75719e+06
-363604
0.616509
0.0088012
0.00569198
0.00124998
0
0
0
1683488083.18862
msg_begin
7.75719e+06
-363603
0.611784
0.000430076
0.00273041
0.00015433
0
0
0
1683488083.23914
msg_begin
7.75719e+06
-363603
0.609476
0.0279368
0.017404
0.000333996
0
0
0
1683488083.28854
msg_begin
7.75719e+06
-363603
0.602698
6.0536e-08
2.50293e-09
2.10942e-15
0
0
0
1683488083.33853
msg_begin
7.75719e+06
-363603
0.599312
0.00545868
0.0111555
0.00139116
0
0
0
1683488083.38847
msg_begin
7.75719e+06
-363603
0.592666
0.0262947
0.0195949
0.00207208
0
0
0
1683488083.43844
msg_begin
7.75719e+06
-363602
0.586097
8.3819e-09
3.55067e-09
1.11022e-16
0
0
0
1683488083.48845
msg_begin
7.75719e+06
-363602
0.584334
3.29001e-05
0.000494609
3.38987e-05
0
0
0
1683488083.53928
msg_begin
7.75719e+06
-363602
0.581585
0.00500339
0.00442364
0.000451572
0
0
0
1683488083.58831
msg_begin
7.75719e+06
-363601
0.577672
0.00800357
0.00607682
0.000223715
0
0
0
1683488083.63819
msg_begin
7.75719e+06
-363601
0.575973
0.000925273
0.00198114
0.00010383
0
0
0
1683488083.68811
msg_begin
7.75719e+06
-363601
0.572629
2.51457e-08
3.20142e-09
4.996e-15
0
0
0
1683488083.73797
msg_begin
7.75719e+06
-363601
0.568327
8.00937e-08
1.10595e-09
1.77636e-15
0
0
0
1683488083.78790
msg_begin
7.75719e+06
-363600
0.5671
0.00223358
0.000735796
0.000458032
0
0
0
1683488083.83784
msg_begin
7.75719e+06
-363600
0.566783
0.000802704
0.00588333
0.000481573
0
0
0
1683488083.93772
msg_begin
7.75719e+06
-363600
0.563693
0.00100364
0.000475936
0.000118597
0
0
0
1683488083.98763
msg_begin
7.75719e+06
-363600
0.563154
0.000280354
0.0024929
0.000239162
0
0
0
1683488084.03765
msg_begin
7.7572e+06
-363599
0.562232
0.000800803
0.00164631
2.02997e-05
0
0
0
1683488084.08754
msg_begin
7.7572e+06
-363599
0.563561
0.00104258
0.000691532
3.84444e-05
0
0
0
1683488084.13750
msg_begin
7.7572e+06
-363599
0.561782
0.00206142
0.00231694
0.000115164
0
0
0
1683488084.18743
msg_begin
7.7572e+06
-363599
0.561485
0.0216787
0.010803
0.000577229
0
0
0
1683488084.23745
msg_begin
7.7572e+06
-363598
0.56069
7.26432e-08
1.5134e-09
1.66533e-15
0
0
0
1683488084.28743
msg_begin
7.7572e+06
-363598
0.561015
5.21541e-08
3.72529e-09
3.77476e-15
0
0
0
1683488084.33737
msg_begin
7.7572e+06
-363598
0.561247
0.00259329
0.00107798
0.000235677
0
0
0
1683488084.38736
msg_begin
7.7572e+06
-363598
0.56084
0.00311044
0.00312185
0.00033893
0
0
0
1683488084.43724
msg_begin
7.7572e+06
-363597
0.562176
0.0148795
0.00172688
0.000126148
0
0
0
1683488084.48718
msg_begin
7.7572e+06
-363597
0.559422
7.45058e-09
6.40284e-10
3.33067e-16
0
0
0
1683488084.53717
msg_begin
7.7572e+06
-363597
0.561275
0.0107624
0.00378321
0.000166838
0
0
0
1683488084.58745
msg_begin
7.7572e+06
-363597
0.559334
1.95578e-08
4.65661e-10
2.33147e-15
0
0
0
1683488084.63716
msg_begin
7.7572e+06
-363597
0.559278
0.00678665
0.00676722
0.000314461
0
0
0
1683488084.68720
msg_begin
7.7572e+06
-363596
0.560286
0.000666554
0.000133886
7.53171e-05
0
0
0
1683488084.73719
msg_begin
7.7572e+06
-363596
0.561183
0.00028379
0.000838879
5.54184e-05
0
0
0
1683488084.78785
msg_begin
7.7572e+06
-363596
0.56215
0.0025334
0.000666004
0.000258886
0
0
0
1683488084.83733
msg_begin
7.7572e+06
-363596
0.565445
6.89179e-08
8.14907e-10
1.88738e-15
0
0
0
1683488084.88725
msg_begin
7.7572e+06
-363595
0.564633
0.00949942
0.00945828
0.000762602
0
0
0
1683488084.93727
msg_begin
7.7572e+06
-363595
0.567388
0.000735558
0.00231276
0.000441678
0
0
0
1683488084.98738
msg_begin
7.7572e+06
-363595
0.567731
1.58325e-08
2.21189e-09
3.77476e-15
0
0
0
1683488085.03743
msg_begin
7.7572e+06
-363595
0.567478
0.00518892
0.000813127
0.000107097
0
0
0
1683488085.08742
msg_begin
7.7572e+06
-363594
0.569229
9.31323e-09
1.33878e-09
1.55431e-15
0
0
0
1683488085.13762
msg_begin
7.7572e+06
-363594
0.568982
0.000459152
0.000659136
5.33651e-05
0
0
0
1683488085.18783
msg_begin
7.7572e+06
-363594
0.568693
0.0185756
0.0140549
0.00178745
0
0
0
1683488085.23776
msg_begin
7.7572e+06
-363594
0.569426
0.00183559
0.00239132
0.000235851
0
0
0
1683488085.28777
msg_begin
7.7572e+06
-363593
0.57232
0.0417179
0.0393639
0.00130289
0
0
0
1683488085.33782
msg_begin
7.7572e+06
-363593
0.576331
8.56817e-08
3.25963e-09
6.66134e-16
0
0
0
1683488085.38807
msg_begin
7.75721e+06
-363593
0.576
0.0461709
0.0318054
0.000802181
0
0
0
1683488085.43831
msg_begin
7.75721e+06
-363592
0.575619
0.00118651
0.000887574
0.00018814
0
0
0
1683488085.48806
msg_begin
7.75721e+06
-363592
0.573502
8.10251e-08
1.28057e-09
5.55112e-16
0
0
0
1683488085.53892
msg_begin
7.75721e+06
-363592
0.572315
7.35745e-08
5.23869e-10
4.88498e-15
0
0
0
1683488085.58818
msg_begin
7.75721e+06
-363592
0.575347
0.0179487
0.0134613
0.00063409
0
0
0
1683488085.63828
msg_begin
7.75721e+06
-363592
0.57686
0.00674118
0.00233779
0.000730467
0
0
0
1683488085.68832
msg_begin
7.75721e+06
-363591
0.577478
0.0102515
0.00819634
0.00278928
0
0
0
1683488085.73847
msg_begin
7.75721e+06
-363591
0.576341
0.000530735
0.000647769
0.000102859
0
0
0
1683488085.78842
msg_begin
7.75721e+06
-363591
0.578097
0.0142518
0.0100436
0.000820971
0
0
0
1683488085.83850
msg_begin
7.75721e+06
-363591
0.581258
0.0143855
0.00950014
0.000904976
0
0
0
1683488085.88854
msg_begin
7.75721e+06
-363590
0.582854
0.0214189
0.0243256
0.00125517
0
0
0
1683488085.93854
msg_begin
7.75721e+06
-363590
0.583904
0.0167032
0.0159078
0.00095637
0
0
0
1683488085.98862
msg_begin
7.75721e+06
-363590
0.582517
0.0107619
0.00600888
0.000136979
0
0
0
1683488086.03857
msg_begin
7.75721e+06
-363590
0.583861
0.00524482
0.00297211
0.00165466
0
0
0
1683488086.08856
msg_begin
7.75721e+06
-363589
0.581472
0.00300438
0.00282906
8.62413e-05
0
0
0
1683488086.13855
msg_begin
7.75721e+06
-363589
0.583674
0.0652616
0.0363807
0.000483002
0
0
0
1683488086.18862
msg_begin
7.75721e+06
-363589
0.585819
0.00385957
0.00169054
0.000495463
0
0
0
1683488086.23860
msg_begin
7.75721e+06
-363589
0.585815
0.000166395
0.00159308
0.000367095
0
0
0
1683488086.28855
msg_begin
7.75721e+06
-363588
0.58437
0.00869896
0.00140963
0.000669372
0
0
0
1683488086.33860
msg_begin
7.75721e+06
-363588
0.586578
0.0004258
0.00145551
9.4953e-05
0
0
0
1683488086.38866
msg_begin
7.75721e+06
-363588
0.588541
0.00368372
0.00447728
0.000203318
0
0
0
1683488086.43863
msg_begin
7.75721e+06
-363588
0.587166
0.012954
0.0136845
0.00221661
0
0
0
1683488086.48874
msg_begin
7.75721e+06
-363587
0.587678
0.0117814
0.010798
0.00173505
0
0
0
1683488086.53875
msg_begin
7.75721e+06
-363587
0.588142
0.00399491
0.00328086
0.000109014
0
0
0
1683488086.58885
msg_begin
7.75721e+06
-363587
0.589078
0.00052167
0.000116882
5.93505e-05
0
0
0
1683488086.63887
msg_begin
7.75721e+06
-363587
0.589308
0.0613409
0.0344904
0.00114403
0
0
0
1683488086.68886
msg_begin
7.75721e+06
-363586
0.589256
0.0573111
0.02689
0.000934766
0
0
0
1683488086.73899
msg_begin
7.75722e+06
-363586
0.593483
0.000335827
0.000134701
4.94895e-05
0
0
0
1683488086.79033
msg_begin
7.75722e+06
-363586
0.594427
0.00528523
0.00173849
0.000529157
0
0
0
1683488086.83912
msg_begin
7.75722e+06
-363585
0.594351
0.0251165
0.0320377
0.000869497
0
0
0
1683488086.88910
msg_begin
7.75722e+06
-363585
0.593214
7.45058e-09
3.37604e-09
2.66454e-15
0
0
0
1683488086.93908
msg_begin
7.75722e+06
-363585
0.595004
0.00593055
0.00217932
0.000252051
0
0
0
1683488086.98912
msg_begin
7.75722e+06
-363584
0.595843
4.56348e-08
9.8953e-10
3.66374e-15
0
0
0
1683488087.03907
msg_begin
7.75722e+06
-363584
0.595495
0.00196369
0.00246631
0.000300353
0
0
0
1683488087.08897
msg_begin
7.75722e+06
-363584
0.594653
0.0047317
0.00517816
0.000896389
0
0
0
1683488087.13893
msg_begin
7.75722e+06
-363584
0.591805
0.00448033
0.00193962
0.000282353
0
0
0
1683488087.19009
msg_begin
7.75722e+06
-363583
0.592788
0.00749334
0.00877686
0.00095099
0
0
0
1683488087.23878
msg_begin
7.75722e+06
-363583
0.593786
3.07336e-08
2.96859e-09
3.33067e-16
0
0
0
1683488087.28864
msg_begin
7.75722e+06
-363583
0.595406
0.0126106
0.00538701
0.00104267
0
0
0
1683488087.33868
msg_begin
7.75722e+06
-363582
0.596393
0.00482407
0.000235913
4.31434e-06
0
0
0
1683488087.38855
msg_begin
7.75722e+06
-363582
0.594255
0.00405645
0.00856765
0.000778279
0
0
0
1683488087.43860
msg_begin
7.75722e+06
-363582
0.59713
0.0433677
0.0225256
0.00105139
0
0
0
1683488087.48852
msg_begin
7.75722e+06
-363582
0.598585
0.00332395
0.00174894
0.000112002
0
0
0
1683488087.53890
msg_begin
7.75722e+06
-363581
0.598659
0.0293082
0.0186092
0.000800251
0
0
0
1683488087.58859
msg_begin
7.75722e+06
-363581
0.60047
0.0802779
0.0433348
0.000581931
0
0
0
1683488087.63854
msg_begin
7.75722e+06
-363581
0.602035
0.0294434
0.0214136
0.000465041
0
0
0
1683488087.68857
msg_begin
7.75722e+06
-363581
0.602471
0.0304644
0.0221435
0.000290146
0
0
0
1683488087.73857
msg_begin
7.75722e+06
-363580
0.603838
0.0073655
0.00413693
0.00140421
0
0
0
1683488087.78860
msg_begin
7.75722e+06
-363580
0.605952
0.0175169
0.0137992
0.000703557
0
0
0
1683488087.83870
msg_begin
7.75722e+06
-363580
0.607683
0.00424716
0.00811017
0.000689421
0
0
0
1683488087.88887
msg_begin
7.75722e+06
-363579
0.608746
0.000224729
0.000321545
4.69955e-06
0
0
0
1683488087.93875
msg_begin
7.75722e+06
-363579
0.608685
0.0117139
0.00904997
3.60126e-05
0
0
0
1683488087.98886
msg_begin
7.75723e+06
-363579
0.611108
0.00349014
0.00271739
1.07558e-05
0
0
0
1683488088.03886
msg_begin
7.75723e+06
-363579
0.61008
0.000721624
0.0012197
8.0602e-05
0
0
0
1683488088.08888
msg_begin
7.75723e+06
-363578
0.609971
0.00310062
0.00277872
0.000413376
0
0
0
1683488088.13885
msg_begin
7.75723e+06
-363578
0.612593
0.00482057
0.00316333
0.00015325
0
0
0
1683488088.18887
msg_begin
7.75723e+06
-363578
0.612935
9.31323e-10
5.23869e-10
1.22125e-15
0
0
0
1683488088.23888
msg_begin
7.75723e+06
-363577
0.61747
7.35745e-08
2.96859e-09
9.99201e-16
0
0
0
1683488088.33894
msg_begin
7.75723e+06
-363577
0.619376
0.0414012
0.0232352
0.000409187
0
0
0
1683488088.38887
msg_begin
7.75723e+06
-363576
0.619667
0.0246434
0.0112927
0.000116703
0
0
0
1683488088.43874
msg_begin
7.75723e+06
-363576
0.623325
0.009411
0.00646859
0.00114645
0
0
0
1683488088.48878
msg_begin
7.75723e+06
-363576
0.625944
2.23517e-08
8.73115e-10
3.66374e-15
0
0
0
1683488088.53869
msg_begin
7.75723e+06
-363576
0.626537
0.0156934
0.0112059
0.000368205
0
0
0
1683488088.58879
msg_begin
7.75723e+06
-363575
0.62747
0.0109891
0.0108291
0.00115653
0
0
0
1683488088.63871
msg_begin
7.75723e+06
-363575
0.628379
0.00362226
0.00328245
0.000220938
0
0
0
1683488088.68871
msg_begin
7.75723e+06
-363575
0.629981
0.0210005
0.0172484
0.000799757
0
0
0
1683488088.73877
msg_begin
7.75723e+06
-363574
0.631076
0.00368572
0.0031448
0.000121563
0
0
0
1683488088.78879
msg_begin
7.75723e+06
-363574
0.631765
0.00491223
0.00479964
0.000371409
0
0
0
1683488088.83868
msg_begin
7.75723e+06
-363574
0.633508
0.0187391
0.0175501
0.000693153
0
0
0
1683488088.88872
msg_begin
7.75723e+06
-363573
0.63857
0.005407
0.0046028
0.000426613
0
0
0
1683488088.93872
msg_begin
7.75723e+06
-363573
0.637752
0.0229809
0.021352
0.000255139
0
0
0
1683488088.98876
msg_begin
7.75723e+06
-363573
0.636724
0.0219826
0.0176535
0.00071902
0
0
0
1683488089.03870
msg_begin
7.75723e+06
-363573
0.637644
0.00440861
0.00319193
0.000110851
0
0
0
1683488089.08875
msg_begin
7.75723e+06
-363572
0.641926
0.00646769
0.00434166
0.000274484
0
0
0
1683488089.13882
msg_begin
7.75723e+06
-363572
0.640881
0.00625067
0.00252751
0.000622006
0
0
0
1683488089.18870
msg_begin
7.75724e+06
-363572
0.644875
0.0023061
0.00161531
1.16318e-05
0
0
0
1683488089.23875
msg_begin
7.75724e+06
-363571
0.646891
0.0102698
0.00958716
0.000356007
0
0
0
1683488089.28886
msg_begin
7.75724e+06
-363571
0.649148
0.0204774
0.0189887
0.00153527
0
0
0
1683488089.33888
msg_begin
7.75724e+06
-363571
0.650035
2.79397e-09
2.38651e-09
3.55271e-15
0
0
0
1683488089.38911
msg_begin
7.75724e+06
-363570
0.652546
0.000284417
0.000862553
0.000231813
0
0
0
1683488089.43894
msg_begin
7.75724e+06
-363570
0.656679
0.0037539
0.00126788
0.000212487
0
0
0
1683488089.48902
msg_begin
7.75724e+06
-363570
0.661539
0.000176195
0.000770411
5.68269e-05
0
0
0
1683488089.53936
msg_begin
7.75724e+06
-363570
0.661871
0.000386266
0.00170522
2.65933e-05
0
0
0
1683488089.58912
msg_begin
7.75724e+06
-363569
0.660427
3.72529e-09
0
5.44009e-15
0
0
0
1683488089.63912
msg_begin
7.75724e+06
-363569
0.663431
0.0304536
0.00495824
0.000919456
0
0
0
1683488089.68922
msg_begin
7.75724e+06
-363569
0.662211
1.95578e-08
4.13274e-09
4.44089e-16
0
0
0
1683488089.73929
msg_begin
7.75724e+06
-363568
0.66344
0.0121364
0.00970208
0.000145918
0
0
0
1683488089.78929
msg_begin
7.75724e+06
-363568
0.66454
0.00756823
0.00308701
0.000977173
0
0
0
1683488089.83933
msg_begin
7.75724e+06
-363568
0.663895
0.0114029
0.00320621
0.000690798
0
0
0
1683488089.88930
msg_begin
7.75724e+06
-363568
0.667702
0.0422435
0.0430962
0.0022848
0
0
0
1683488089.93936
msg_begin
7.75724e+06
-363567
0.669982
0.00970889
0.00181474
0.0014331
0
0
0
1683488089.98929
msg_begin
7.75724e+06
-363567
0.671383
0.0321168
0.0115558
0.000518249
0
0
0
1683488090.03920
msg_begin
7.75724e+06
-363567
0.674791
1.86265e-09
5.23869e-10
1.11022e-16
0
0
0
1683488090.08913
msg_begin
7.75724e+06
-363566
0.674958
0.00582158
0.00348091
0.000214723
0
0
0
1683488090.13908
msg_begin
7.75724e+06
-363566
0.674322
0.000479028
0.000435556
2.08564e-05
0
0
0
1683488090.18907
msg_begin
7.75724e+06
-363566
0.671092
0.00517016
0.00645656
0.000424055
0
0
0
1683488090.23902
msg_begin
7.75724e+06
-363566
0.675503
0.00308488
0.00434445
0.000172804
0
0
0
1683488090.28904
msg_begin
7.75724e+06
-363565
0.675667
0.00546666
0.00601286
0.000771459
0
0
0
1683488090.33901
msg_begin
7.75724e+06
-363565
0.677622
5.7742e-08
2.15368e-09
4.21885e-15
0
0
0
1683488090.38904
msg_begin
7.75724e+06
-363564
0.679944
0.0119326
0.00622506
0.000563585
0
0
0
1683488090.43909
msg_begin
7.75724e+06
-363564
0.684317
0.00144218
0.00280395
0.000261434
0
0
0
1683488090.48908
msg_begin
7.75724e+06
-363564
0.684664
0.00197356
0.00673054
0.000261952
0
0
0
1683488090.53905
msg_begin
7.75725e+06
-363563
0.685819
0.00375004
0.00384828
0.000328072
0
0
0
1683488090.58918
msg_begin
7.75725e+06
-363563
0.686044
0.00702183
0.00493879
0.000333003
0
0
0
1683488090.63907
msg_begin
7.75725e+06
-363563
0.683469
0.00869406
0.00515398
0.00130553
0
0
0
1683488090.68908
msg_begin
7.75725e+06
-363562
0.685445
0.00491903
0.00906299
0.000801072
0
0
0
1683488090.73906
msg_begin
7.75725e+06
-363562
0.68537
0.00724492
0.00704579
9.52827e-05
0
0
0
1683488090.78924
msg_begin
7.75725e+06
-363562
0.688724
0.00465416
0.00524149
0.000703022
0
0
0
1683488090.83904
msg_begin
7.75725e+06
-363561
0.686725
1.58325e-08
1.04774e-09
4.55191e-15
0
0
0
1683488090.88906
msg_begin
7.75725e+06
-363561
0.690523
0.00241541
0.000487083
5.0741e-05
0
0
0
1683488090.93907
msg_begin
7.75725e+06
-363561
0.694244
0.010447
0.00492328
0.000799857
0
0
0
1683488090.98925
msg_begin
7.75725e+06
-363560
0.694711
0.00393973
0.00275373
0.000190269
0
0
0
1683488091.03915
msg_begin
7.75725e+06
-363560
0.69678
0.00387297
0.00142186
0.000285293
0
0
0
1683488091.08914
msg_begin
7.75725e+06
-363560
0.694882
0.0164357
0.013056
0.00215377
0
0
0
1683488091.13916
msg_begin
7.75725e+06
-363559
0.697812
0.0489896
0.0317691
0.00128565
0
0
0
1683488091.18923
msg_begin
7.75725e+06
-363559
0.700074
0.00694332
0.00918697
0.000354235
0
0
0
1683488091.23922
msg_begin
7.75725e+06
-363559
0.699927
0.0157106
0.0125467
0.00128942
0
0
0
1683488091.28924
msg_begin
7.75725e+06
-363559
0.705749
0.0100062
0.00532565
0.000367813
0
0
0
1683488091.33928
msg_begin
7.75725e+06
-363558
0.7064
0.00944958
0.00861185
0.000449474
0
0
0
1683488091.38926
msg_begin
7.75725e+06
-363558
0.702553
0.0245605
0.0125475
0.000499043
0
0
0
1683488091.43916
msg_begin
7.75725e+06
-363557
0.703078
0.014644
0.00983492
0.000325005
0
0
0
1683488091.48922
msg_begin
7.75725e+06
-363557
0.70613
0.0050744
0.00630921
0.000268994
0
0
0
1683488091.53917
msg_begin
7.75725e+06
-363557
0.707351
0.0341156
0.0245103
0.00104349
0
0
0
1683488091.58946
msg_begin
7.75725e+06
-363556
0.705952
0.0139822
0.0206001
0.00110546
0
0
0
1683488091.63912
msg_begin
7.75725e+06
-363556
0.705784
0.0103363
0.0108721
5.88499e-05
0
0
0
1683488091.68910
msg_begin
7.75725e+06
-363556
0.706869
0.00711776
0.00256455
0.000566779
0
0
0
1683488091.73917
msg_begin
7.75725e+06
-363555
0.707187
0.0024758
0.00450206
0.000389432
0
0
0
1683488091.78895
msg_begin
7.75726e+06
-363555
0.711193
0.0189427
0.0189557
0.00141649
0
0
0
1683488091.83892
msg_begin
7.75726e+06
-363555
0.710699
0.0197047
0.0191666
0.00242567
0
0
0
1683488091.88891
msg_begin
7.75726e+06
-363554
0.71302
0.00320594
9.78486e-05
0.000135191
0
0
0
1683488091.93880
msg_begin
7.75726e+06
-363554
0.713381
0.00315191
0.00100387
7.46111e-05
0
0
0
1683488091.98880
msg_begin
7.75726e+06
-363554
0.715882
0.00452659
0.0033641
0.000977449
0
0
0
1683488092.03874
msg_begin
7.75726e+06
-363553
0.717234
0.0685255
0.0540934
0.000518113
0
0
0
1683488092.08876
msg_begin
7.75726e+06
-363553
0.714818
9.36033e-05
0.000214096
0.000123853
0
0
0
1683488092.13881
msg_begin
7.75726e+06
-363553
0.717044
0.0022773
0.000697416
2.77155e-05
0
0
0
1683488092.18886
msg_begin
7.75726e+06
-363552
0.718284
0.000205596
0.000471824
1.81137e-05
0
0
0
1683488092.23871
msg_begin
7.75726e+06
-363552
0.724186
4.65661e-09
6.98492e-10
4.44089e-16
0
0
0
1683488092.28882
msg_begin
7.75726e+06
-363552
0.723975
0.0134096
0.0160672
0.000817023
0
0
0
1683488092.33882
msg_begin
7.75726e+06
-363551
0.726683
0.0119341
0.0011756
0.000101652
0
0
0
1683488092.38890
msg_begin
7.75726e+06
-363551
0.725616
0.000819979
0.00225461
0.000133218
0
0
0
1683488092.43888
msg_begin
7.75726e+06
-363551
0.726119
0.000745974
0.00110752
0.000395037
0
0
0
1683488092.48887
msg_begin
7.75726e+06
-363550
0.726123
1.30385e-08
3.31784e-09
3.10862e-15
0
0
0
1683488092.53889
msg_begin
7.75726e+06
-363550
0.728288
0.00643835
0.00872968
0.000713978
0
0
0
1683488092.58919
msg_begin
7.75726e+06
-363550
0.730191
0.00198322
0.00393516
0.000297279
0
0
0
1683488092.63891
msg_begin
7.75726e+06
-363549
0.733198
0.0106038
0.00447324
0.00065554
0
0
0
1683488092.68896
msg_begin
7.75726e+06
-363549
0.736539
9.12696e-08
0
4.44089e-16
0
0
0
1683488092.73892
msg_begin
7.75726e+06
-363549
0.736681
0.02708
0.0273413
0.000945543
0
0
0
1683488092.78955
msg_begin
7.75726e+06
-363548
0.735938
0.0014372
0.00453526
6.96215e-05
0
0
0
1683488092.83882
msg_begin
7.75726e+06
-363548
0.735483
0.012299
0.0108073
0.000885528
0
0
0
1683488092.88878
msg_begin
7.75726e+06
-363548
0.738119
0.0243209
0.0234207
0.00142077
0
0
0
1683488092.93873
msg_begin
7.75726e+06
-363547
0.73762
0.00307052
0.00305695
0.000517016
0
0
0
1683488092.98959
msg_begin
7.75726e+06
-363547
0.736242
0.00305462
0.00219328
0.00031849
0
0
0
1683488093.03868
msg_begin
7.75726e+06
-363547
0.736724
0.00816667
0.00449789
0.000587232
0
0
0
1683488093.08867
msg_begin
7.75726e+06
-363546
0.73894
0.00158238
0.000663804
0.000115009
0
0
0
1683488093.13863
msg_begin
7.75726e+06
-363546
0.742555
0.00317363
0.00241989
0.000324293
0
0
0
1683488093.18854
msg_begin
7.75727e+06
-363546
0.746738
0.00429714
0.00341805
0.000640396
0
0
0
1683488093.23861
msg_begin
7.75727e+06
-363545
0.745189
0.00576152
0.0167359
0.000672942
0
0
0
1683488093.28854
msg_begin
7.75727e+06
-363545
0.74726
5.58794e-09
8.14907e-10
2.22045e-15
0
0
0
1683488093.33862
msg_begin
7.75727e+06
-363545
0.745396
1.39698e-08
5.82077e-10
7.77156e-16
0
0
0
1683488093.38860
msg_begin
7.75727e+06
-363544
0.749813
7.45058e-09
2.21189e-09
1.9984e-15
0
0
0
1683488093.43869
msg_begin
7.75727e+06
-363544
0.751919
0.00264061
0.00910413
0.000219145
0
0
0
1683488093.48868
msg_begin
7.75727e+06
-363544
0.750658
0.00574355
0.00310789
0.000256647
0
0
0
1683488093.53875
msg_begin
7.75727e+06
-363543
0.750041
0.00595727
0.00446706
0.000357561
0
0
0
1683488093.58976
msg_begin
7.75727e+06
-363543
0.747514
2.6077e-08
8.73115e-10
2.66454e-15
0
0
0
1683488093.63881
msg_begin
7.75727e+06
-363543
0.749755
0.00981462
0.0041302
0.000374808
0
0
0
1683488093.68885
msg_begin
7.75727e+06
-363542
0.753244
0.0190814
0.0166522
0.00129796
0
0
0
1683488093.73891
msg_begin
7.75727e+06
-363542
0.755633
0.00153696
0.00483088
0.000178524
0
0
0
1683488093.78878
msg_begin
7.75727e+06
-363542
0.758073
0.00901234
0.00197992
0.000442962
0
0
0
1683488093.83879
msg_begin
7.75727e+06
-363541
0.760443
5.7742e-08
8.14907e-10
0
0
0
0
1683488093.88875
msg_begin
7.75727e+06
-363541
0.758117
0.012918
0.0186618
0.000249997
0
0
0
1683488093.93870
msg_begin
7.75727e+06
-363541
0.758313
0.0217004
0.0270352
0.00175277
0
0
0
1683488093.98939
msg_begin
7.75727e+06
-363540
0.756492
0.00343298
0.00305154
0.000304017
0
0
0
1683488094.03846
msg_begin
7.75727e+06
-363540
0.759245
0.000490036
0.00138054
8.4985e-05
0
0
0
1683488094.08837
msg_begin
7.75727e+06
-363539
0.761401
0.000531839
2.05983e-05
1.37029e-05
0
0
0
1683488094.13835
msg_begin
7.75727e+06
-363539
0.758503
0.00158445
0.00192867
7.01215e-05
0
0
0
1683488094.18881
msg_begin
7.75727e+06
-363539
0.75812
0.00159279
0.0129105
0.00246041
0
0
0
1683488094.23814
msg_begin
7.75727e+06
-363538
0.760159
0.00150727
0.00240655
9.73646e-05
0
0
0
1683488094.28808
msg_begin
7.75727e+06
-363538
0.762915
0.022125
0.00762915
0.00117058
0
0
0
1683488094.33801
msg_begin
7.75727e+06
-363538
0.764484
0.0133361
0.00706681
0.000710361
0
0
0
1683488094.38797
msg_begin
7.75727e+06
-363537
0.764215
0.00620131
0.0144723
0.000528528
0
0
0
1683488094.43787
msg_begin
7.75727e+06
-363537
0.763971
0
2.67755e-09
4.66294e-15
0
0
0
1683488094.48776
msg_begin
7.75727e+06
-363537
0.768102
0.00200619
0.00133101
2.70822e-05
0
0
0
1683488094.53772
msg_begin
7.75728e+06
-363536
0.767154
0.018647
0.00851929
0.000518013
0
0
0
1683488094.58885
msg_begin
7.75728e+06
-363536
0.766931
0.00198573
0.000196805
1.9199e-05
0
0
0
1683488094.63760
msg_begin
7.75728e+06
-363536
0.76605
0.00495257
0.00430263
0.000454678
0
0
0
1683488094.68761
msg_begin
7.75728e+06
-363535
0.767623
0.00764944
0.00480786
0.000243464
0
0
0
1683488094.73765
msg_begin
7.75728e+06
-363535
0.768721
0.0377227
0.0208513
0.000572768
0
0
0
1683488094.78749
msg_begin
7.75728e+06
-363535
0.76971
0.013743
0.0259501
0.000704182
0
0
0
1683488094.83749
msg_begin
7.75728e+06
-363534
0.767628
0.000548742
0.0020313
0.000116315
0
0
0
1683488094.88755
msg_begin
7.75728e+06
-363534
0.771926
0.00123182
0.00111444
8.42612e-05
0
0
0
1683488094.93759
msg_begin
7.75728e+06
-363534
0.769836
0.0028336
0.00577005
0.000330525
0
0
0
1683488094.98759
msg_begin
7.75728e+06
-363533
0.768882
0.0229108
0.0153612
0.000351908
0
0
0
1683488095.03743
msg_begin
7.75728e+06
-363533
0.768531
0.00212841
0.000384729
0.0001844
0
0
0
1683488095.08740
msg_begin
7.75728e+06
-363532
0.771206
0.00756875
0.00370698
0.000228321
0
0
0
1683488095.13746
msg_begin
7.75728e+06
-363532
0.770725
0.0067633
0.0148114
0.000988948
0
0
0
1683488095.18786
msg_begin
7.75728e+06
-363532
0.770585
0.00576125
0.00876828
0.000685394
0
0
0
1683488095.23719
msg_begin
7.75728e+06
-363531
0.770834
0.00690533
0.00223396
0.000140951
0
0
0
1683488095.28714
msg_begin
7.75728e+06
-363531
0.771512
0.00113534
0.000974554
1.52005e-05
0
0
0
1683488095.33711
msg_begin
7.75728e+06
-363531
0.771554
0.00143273
0.00283171
0.000193535
0
0
0
1683488095.38793
msg_begin
7.75728e+06
-363530
0.770177
0.0145013
0.0275608
0.000431242
0
0
0
1683488095.43707
msg_begin
7.75728e+06
-363530
0.7732
0.0192275
0.0176936
0.000480307
0
0
0
1683488095.48708
msg_begin
7.75728e+06
-363530
0.774377
9.31323e-09
2.44472e-09
7.77156e-16
0
0
0
1683488095.53705
msg_begin
7.75728e+06
-363529
0.771497
9.22009e-08
1.39698e-09
5.21805e-15
0
0
0
1683488095.58779
msg_begin
7.75728e+06
-363529
0.773615
0.0083456
0.00588775
0.000367515
0
0
0
1683488095.63706
msg_begin
7.75728e+06
-363529
0.775306
0.0042168
0.00413342
6.41317e-05
0
0
0
1683488095.68696
msg_begin
7.75728e+06
-363528
0.775715
0.000804797
0.000614245
1.89341e-05
0
0
0
1683488095.73692
msg_begin
7.75728e+06
-363528
0.775067
0.00229093
0.00407534
0.00031086
0
0
0
1683488095.78720
msg_begin
7.75728e+06
-363528
0.773599
0.0077064
0.0119266
0.000478811
0
0
0
1683488095.83683
msg_begin
7.75728e+06
-363527
0.775387
8.47504e-08
1.74623e-10
2.10942e-15
0
0
0
1683488095.88679
msg_begin
7.75728e+06
-363527
0.774969
0.00229436
0.00239048
0.000195367
0
0
0
1683488095.93684
msg_begin
7.75728e+06
-363527
0.773313
0.0015293
0.00240454
0.000101251
0
0
0
1683488095.98714
msg_begin
7.75729e+06
-363526
0.772947
0.00812933
0.007995
0.000246656
0
0
0
1683488096.03676
msg_begin
7.75729e+06
-363526
0.772847
1.58325e-08
4.07454e-10
3.33067e-15
0
0
0
1683488096.08680
msg_begin
7.75729e+06
-363526
0.771031
0.0222803
0.00776565
0.000727699
0
0
0
1683488096.13688
msg_begin
7.75729e+06
-363525
0.768505
0.00174051
0.00110486
0.000160069
0
0
0
1683488096.18818
msg_begin
7.75729e+06
-363525
0.769144
0.00397461
0.00345769
0.000842572
0
0
0
1683488096.23691
msg_begin
7.75729e+06
-363525
0.770103
0.0034607
0.0019652
0.000396374
0
0
0
1683488096.28687
msg_begin
7.75729e+06
-363524
0.76976
0.00402955
0.000785652
0.000302054
0
0
0
1683488096.33689
msg_begin
7.75729e+06
-363524
0.765716
0.0087873
0.0117829
0.000212122
0
0
0
1683488096.38715
msg_begin
7.75729e+06
-363524
0.766062
0.000576686
0.000863491
4.11849e-05
0
0
0
1683488096.43687
msg_begin
7.75729e+06
-363523
0.764994
0.0174944
0.0166207
0.00106625
0
0
0
1683488096.48690
msg_begin
7.75729e+06
-363523
0.764592
0.00115262
0.00375322
0.000300698
0
0
0
1683488096.53683
msg_begin
7.75729e+06
-363523
0.763919
0.007224
0.00633297
0.000357895
0
0
0
1683488096.58805
msg_begin
7.75729e+06
-363522
0.764163
0.0116188
0.0115999
0.000396474
0
0
0
1683488096.63682
msg_begin
7.75729e+06
-363522
0.762894
0.00173099
0.0013848
5.71763e-05
0
0
0
1683488096.68678
msg_begin
7.75729e+06
-363522
0.762869
0.0080565
0.0124074
0.00175179
0
0
0
1683488096.73668
msg_begin
7.75729e+06
-363521
0.761931
0.00141166
0.00181655
0.00015068
0
0
0
1683488096.78755
msg_begin
7.75729e+06
-363521
0.756774
0.0117558
0.0105685
0.000385044
0
0
0
1683488096.83658
msg_begin
7.75729e+06
-363521
0.754051
0.0339667
0.032443
0.000356229
0
0
0
1683488096.88667
msg_begin
7.75729e+06
-363520
0.755269
5.68107e-08
1.92085e-09
5.55112e-16
0
0
0
1683488096.93660
msg_begin
7.75729e+06
-363520
0.753278
0.0125225
0.00942587
0.000395461
0
0
0
1683488096.98659
msg_begin
7.75729e+06
-363519
0.754207
0.0130851
0.0292589
0.00114486
0
0
0
1683488097.03658
msg_begin
7.75729e+06
-363519
0.753941
0.0157218
0.0339532
0.00106116
0
0
0
1683488097.08660
msg_begin
7.75729e+06
-363519
0.75385
0.00155485
0.01143
0.000594461
0
0
0
1683488097.13660
msg_begin
7.75729e+06
-363518
0.751824
0.00772237
0.00350482
0.000808445
0
0
0
1683488097.18669
msg_begin
7.75729e+06
-363518
0.749467
0.0291991
0.0356238
0.00207257
0
0
0
1683488097.23670
msg_begin
7.75729e+06
-363518
0.747931
1.49012e-08
2.44472e-09
3.77476e-15
0
0
0
1683488097.28670
msg_begin
7.75729e+06
-363518
0.747474
6.14673e-08
3.89991e-09
4.44089e-15
0
0
0
1683488097.33663
msg_begin
7.75729e+06
-363517
0.747455
0.00152024
0.00542076
0.000162375
0
0
0
1683488097.38724
msg_begin
7.75729e+06
-363517
0.747126
0.0125157
0.0118126
0.000390194
0
0
0
1683488097.43670
msg_begin
7.7573e+06
-363516
0.746033
0.00389198
0.00770772
0.000289146
0
0
0
1683488097.48670
msg_begin
7.7573e+06
-363516
0.745651
0.00637449
0.0120932
0.000510149
0
0
0
1683488097.53666
msg_begin
7.7573e+06
-363516
0.746284
0.000845063
0.000443844
0.000104139
0
0
0
1683488097.58698
msg_begin
7.7573e+06
-363516
0.747162
0.00226151
0.000896483
0.000205371
0
0
0
1683488097.63668
msg_begin
7.7573e+06
-363515
0.746183
0.0170852
0.0182186
0.000490058
0
0
0
1683488097.68667
msg_begin
7.7573e+06
-363515
0.745752
2.79397e-08
2.61934e-09
3.88578e-15
0
0
0
1683488097.73663
msg_begin
7.7573e+06
-363514
0.747448
0.00912277
0.00503723
0.00032303
0
0
0
1683488097.78747
msg_begin
7.7573e+06
-363514
0.748541
6.51926e-09
2.56114e-09
4.32987e-15
0
0
0
1683488097.83667
msg_begin
7.7573e+06
-363514
0.746261
5.86733e-08
2.50293e-09
4.44089e-16
0
0
0
1683488097.88670
msg_begin
7.7573e+06
-363514
0.746977
0.000964649
0.000662608
0.000117461
0
0
0
1683488097.93673
msg_begin
7.7573e+06
-363513
0.746009
0.00503852
0.00145635
0.00027099
0
0
0
1683488097.98741
msg_begin
7.7573e+06
-363513
0.745708
0.00256686
0.000521135
0.000254031
0
0
0
1683488098.03679
msg_begin
7.7573e+06
-363513
0.746032
0.00662664
0.00672444
0.0005306
0
0
0
1683488098.08679
msg_begin
7.7573e+06
-363512
0.746699
1.67638e-08
3.08501e-09
3.33067e-16
0
0
0
1683488098.13682
msg_begin
7.7573e+06
-363512
0.744511
0.00157215
0.00362085
0.000188152
0
0
0
1683488098.18692
msg_begin
7.7573e+06
-363512
0.744585
0.00427547
0.00666402
8.94885e-05
0
0
0
1683488098.23670
msg_begin
7.7573e+06
-363511
0.743429
0.00171771
0.00245982
7.8157e-05
0
0
0
1683488098.28675
msg_begin
7.7573e+06
-363511
0.744722
4.93601e-08
2.32831e-10
3.33067e-16
0
0
0
1683488098.33666
msg_begin
7.7573e+06
-363511
0.743557
5.6339e-05
3.96225e-05
2.54035e-05
0
0
0
1683488098.38772
msg_begin
7.7573e+06
-363510
0.744059
0.0357475
0.0328627
0.00112374
0
0
0
1683488098.43654
msg_begin
7.7573e+06
-363510
0.744031
0.00061227
0.00181788
0.0001126
0
0
0
1683488098.48658
msg_begin
7.7573e+06
-363510
0.745054
0.00761079
0.00673936
0.000471074
0
0
0
1683488098.53653
msg_begin
7.7573e+06
-363509
0.743518
0.000475771
0.000760292
0.000275507
0
0
0
1683488098.58669
msg_begin
7.7573e+06
-363509
0.743344
4.00469e-08
1.68802e-09
1.9984e-15
0
0
0
1683488098.63653
msg_begin
7.7573e+06
-363509
0.742323
0.0261555
0.0304962
0.000888744
0
0
0
1683488098.68654
msg_begin
7.7573e+06
-363509
0.745655
0.00011539
0.000421932
0.000170342
0
0
0
1683488098.73655
msg_begin
7.7573e+06
-363508
0.746883
0.00223509
0.00233848
5.96273e-05
0
0
0
1683488098.78668
msg_begin
7.7573e+06
-363508
0.745233
5.12227e-08
1.5134e-09
4.21885e-15
0
0
0
1683488098.83652
msg_begin
7.7573e+06
-363508
0.744023
0.00547963
0.00250956
0.000317393
0
0
0
1683488098.88653
msg_begin
7.7573e+06
-363507
0.743947
0.00342019
0.0117416
0.00049177
0
0
0
1683488098.93652
msg_begin
7.75731e+06
-363507
0.744138
0.000951201
9.73039e-05
0.000194469
0
0
0
1683488098.98683
msg_begin
7.75731e+06
-363507
0.744224
0.0157387
0.0112732
0.00099731
0
0
0
1683488099.03643
msg_begin
7.75731e+06
-363506
0.741071
0.0134068
0.00977967
0.00054741
0
0
0
1683488099.13636
msg_begin
7.75731e+06
-363506
0.739644
2.79397e-09
3.66708e-09
5.55112e-16
0
0
0
1683488099.18688
msg_begin
7.75731e+06
-363506
0.738279
0.00215998
0.00206159
0.000375844
0
0
0
1683488099.23640
msg_begin
7.75731e+06
-363505
0.738644
0.00196769
0.00898704
0.000274324
0
0
0
1683488099.28643
msg_begin
7.75731e+06
-363505
0.737323
0.00230985
0.00407685
0.000391377
0
0
0
1683488099.33659
msg_begin
7.75731e+06
-363505
0.733285
0.00864665
0.00195964
0.00025554
0
0
0
1683488099.38689
msg_begin
7.75731e+06
-363504
0.731843
0.00341966
0.000428917
0.00100915
0
0
0
1683488099.43657
msg_begin
7.75731e+06
-363504
0.728155
0.00867476
0.00503564
0.000561597
0
0
0
1683488099.48665
msg_begin
7.75731e+06
-363504
0.723444
0.00297188
0.00557858
0.000342018
0
0
0
1683488099.53668
msg_begin
7.75731e+06
-363504
0.721677
0.00722144
0.00676742
0.000555728
0
0
0
1683488099.58678
msg_begin
7.75731e+06
-363503
0.719699
0.0146169
0.00397092
0.000164119
0
0
0
1683488099.63683
msg_begin
7.75731e+06
-363503
0.715412
0.00530279
0.00321347
0.00102208
0
0
0
1683488099.68689
msg_begin
7.75731e+06
-363503
0.709316
0.00205161
0.000704548
0.000247195
0
0
0
1683488099.73797
msg_begin
7.75731e+06
-363503
0.701528
5.86733e-08
2.67755e-09
5.21805e-15
0
0
0
1683488099.78699
msg_begin
7.75731e+06
-363502
0.699368
0.000727115
0.00122561
6.98876e-05
0
0
0
1683488099.83709
msg_begin
7.75731e+06
-363502
0.694123
0.000949944
0.00138282
6.27585e-05
0
0
0
1683488099.88716
msg_begin
7.75731e+06
-363502
0.685686
0.0420294
0.0241239
0.00133732
0
0
0
1683488099.93834
msg_begin
7.75731e+06
-363501
0.677364
0.00719286
0.0079118
0.000749475
0
0
0
1683488099.98736
msg_begin
7.75731e+06
-363501
0.668832
0.0154933
0.0034814
0.000452124
0
0
0
1683488100.03746
msg_begin
7.75731e+06
-363501
0.661837
0.00204477
0.00582207
0.000428872
0
0
0
1683488100.08752
msg_begin
7.75731e+06
-363501
0.65756
0.0237982
0.00425136
0.00174983
0
0
0
1683488100.13766
msg_begin
7.75731e+06
-363500
0.647634
0.059746
0.045861
0.00270654
0
0
0
1683488100.18780
msg_begin
7.75731e+06
-363500
0.644909
8.84756e-08
2.61934e-09
2.22045e-16
0
0
0
1683488100.23782
msg_begin
7.75731e+06
-363500
0.635564
0.0275927
0.0239032
0.000363421
0
0
0
1683488100.28791
msg_begin
7.75731e+06
-363500
0.627506
0.00108897
0.000635113
0.000102102
0
0
0
1683488100.33805
msg_begin
7.75731e+06
-363500
0.614599
0.00303105
0.00276695
0.00043904
0
0
0
1683488100.38802
msg_begin
7.75731e+06
-363499
0.608637
9.25227e-05
0.00130197
0.000113655
0
0
0
1683488100.43808
msg_begin
7.75731e+06
-363499
0.596903
0.00174688
0.00792498
0.000516727
0
0
0
1683488100.48802
msg_begin
7.75731e+06
-363499
0.588885
0.00592514
0.0227298
0.00133378
0
0
0
1683488100.53796
msg_begin
7.75731e+06
-363499
0.578156
0.00376729
6.28884e-05
0.000382083
0
0
0
1683488100.58798
msg_begin
7.75732e+06
-363498
0.574818
0.00508147
0.00473994
0.000330681
0
0
0
1683488100.63793
msg_begin
7.75732e+06
-363498
0.561623
0.000546202
0.00164135
9.88432e-05
0
0
0
1683488100.68795
msg_begin
7.75732e+06
-363498
0.556888
0.00572686
0.00198061
0.00014138
0
0
0
1683488100.73788
msg_begin
7.75732e+06
-363498
0.543226
0.007044
0.00408323
0.000160561
0
0
0
1683488100.78808
msg_begin
7.75732e+06
-363498
0.531134
1.67638e-08
2.91038e-10
3.33067e-15
0
0
0
1683488100.83803
msg_begin
7.75732e+06
-363497
0.518978
0.0126981
0.00410603
0.00273461
0
0
0
1683488100.88798
msg_begin
7.75732e+06
-363497
0.509403
0.0227188
0.0116776
0.00140214
0
0
0
1683488100.93814
msg_begin
7.75732e+06
-363497
0.499443
0.00431502
0.00334292
0.00027636
0
0
0
1683488100.98817
msg_begin
7.75732e+06
-363497
0.484683
0.0122921
0.00389887
0.000250959
0
0
0
1683488101.03823
msg_begin
7.75732e+06
-363497
0.476189
5.58794e-09
2.15368e-09
2.94209e-15
0
0
0
1683488101.08826
msg_begin
7.75732e+06
-363496
0.463197
0.00733336
0.00553188
0.000554687
0
0
0
1683488101.13837
msg_begin
7.75732e+06
-363496
0.449046
0.0228274
0.00868203
0.000812081
0
0
0
1683488101.18840
msg_begin
7.75732e+06
-363496
0.432353
0.0100288
0.000970438
0.0002358
0
0
0
1683488101.23824
msg_begin
7.75732e+06
-363496
0.418544
0.0230989
0.0187613
0.00157456
0
0
0
1683488101.28826
msg_begin
7.75732e+06
-363496
0.403873
0.00150416
0.0011284
2.619e-05
0
0
0
1683488101.33822
msg_begin
7.75732e+06
-363496
0.394683
0.0011129
0.000859037
4.06387e-05
0
0
0
1683488101.38944
msg_begin
7.75732e+06
-363495
0.379952
6.51926e-08
1.92085e-09
3.27516e-15
0
0
0
1683488101.43821
msg_begin
7.75732e+06
-363495
0.366809
0.00041111
0.00128068
5.18099e-05
0
0
0
1683488101.48825
msg_begin
7.75732e+06
-363495
0.353985
0.0792872
0.0271916
0.00588485
0
0
0
1683488101.53826
msg_begin
7.75732e+06
-363495
0.339213
1.58325e-08
2.67755e-09
3.10862e-15
0
0
0
1683488101.58840
msg_begin
7.75732e+06
-363495
0.324828
6.0536e-08
5.82077e-10
3.33067e-16
0
0
0
1683488101.63821
msg_begin
7.75732e+06
-363495
0.315541
0.00696564
0.00527489
0.000406745
0
0
0
1683488101.68820
msg_begin
7.75732e+06
-363495
0.29326
0.0161036
0.00725831
0.000967743
0
0
0
1683488101.73863
msg_begin
7.75732e+06
-363494
0.289287
0.00932526
0.00192749
0.000684575
0
0
0
1683488101.78832
msg_begin
7.75732e+06
-363494
0.274311
9.31323e-10
3.7835e-09
2.16493e-15
0
0
0
1683488101.83830
msg_begin
7.75732e+06
-363494
0.26207
0.0160787
0.00701256
0.000678142
0
0
0
1683488101.88833
msg_begin
7.75732e+06
-363494
0.250837
0.0102859
0.00695502
0.000321556
0
0
0
1683488101.93828
msg_begin
7.75732e+06
-363494
0.243185
0.00301709
0.000992423
0.000236475
0
0
0
1683488101.98837
msg_begin
7.75732e+06
-363494
0.22622
0.0235361
0.00699387
0.00141683
0
0
0
1683488102.03819
msg_begin
7.75733e+06
-363494
0.213912
0.0395341
0.00990952
0.00237989
0
0
0
1683488102.08815
msg_begin
7.75733e+06
-363494
0.19765
0.000852652
0.00113542
0.000159704
0
0
0
1683488102.13908
msg_begin
7.75733e+06
-363494
0.185943
0.0021296
0.000365283
0.000102444
0
0
0
1683488102.18802
msg_begin
7.75733e+06
-363494
0.16738
0.00663242
0.00555231
0.00142154
0
0
0
1683488102.23807
msg_begin
7.75733e+06
-363494
0.154481
0.00695914
0.00814792
0.000386216
0
0
0
1683488102.28801
msg_begin
7.75733e+06
-363493
0.145664
0.0121166
0.0158885
0.000371341
0
0
0
1683488102.33828
msg_begin
7.75733e+06
-363493
0.133761
0.0250142
0.00405796
0.0012071
0
0
0
1683488102.38799
msg_begin
7.75733e+06
-363493
0.124287
0.0141677
0.00963437
0.000997732
0
0
0
1683488102.43791
msg_begin
7.75733e+06
-363493
0.110528
0.0158385
0.0044317
0.000412236
0
0
0
1683488102.48796
msg_begin
7.75733e+06
-363493
0.0989257
0.00293911
0.000538399
1.71026e-05
0
0
0
1683488102.53792
msg_begin
7.75733e+06
-363493
0.0853188
0.0186531
0.00665568
0.00169944
0
0
0
1683488102.58777
msg_begin
7.75733e+06
-363493
0.0745191
0.000891394
0.000760557
6.03099e-05
0
0
0
1683488102.63777
msg_begin
7.75733e+06
-363493
0.0603435
0.00231512
0.00135087
0.000180976
0
0
0
1683488102.68763
msg_begin
7.75733e+06
-363493
0.0495636
0.00722022
0.0030742
0.000301189
0
0
0
1683488102.73764
msg_begin
7.75733e+06
-363493
0.0408227
0.00399187
0.000334151
0.000123272
0
0
0
1683488102.78748
msg_begin
7.75733e+06
-363493
0.0318062
1.02445e-08
5.23869e-10
6.93889e-18
0
0
0
1683488102.83742
msg_begin
7.75733e+06
-363493
0.0190135
0.00855494
0.00215287
0.000377177
0
0
0
1683488102.88738
msg_begin
7.75733e+06
-363493
0.00259717
0.0650578
0.00918953
0.00303646
0
0
0
1683488102.93733
msg_begin
7.75733e+06
-363493
-0.00614512
6.89179e-08
2.91038e-09
4.33681e-18
0
0
0
1683488102.98729
msg_begin
7.75733e+06
-363493
-0.0180962
0.012844
0.00212117
0.00201686
0
0
0
1683488103.03732
msg_begin
7.75733e+06
-363493
-0.0269091
0.000633229
0.000190465
5.23027e-07
0
0
0
1683488103.08736
msg_begin
7.75733e+06
-363493
-0.0380122
3.07336e-08
2.61934e-09
4.44089e-16
0
0
0
1683488103.13736
msg_begin
7.75733e+06
-363493
-0.0482406
0.00339624
0.00805317
0.000384877
0
0
0
1683488103.18736
msg_begin
7.75733e+06
-363493
-0.0643496
0.00138044
0.00173095
0.000407857
0
0
0
1683488103.23743
msg_begin
7.75733e+06
-363493
-0.0823381
0.00664566
0.00178749
0.000180025
0
0
0
1683488103.28748
msg_begin
7.75733e+06
-363493
-0.0867038
0.00153896
0.000543409
0.00013786
0
0
0
1683488103.33753
msg_begin
7.75733e+06
-363493
-0.0980258
0.0132886
0.00191556
0.000272824
0
0
0
1683488103.38755
msg_begin
7.75734e+06
-363493
-0.111312
0.0194219
0.00306627
0.000542952
0
0
0
1683488103.43763
msg_begin
7.75734e+06
-363493
-0.123003
0.0114442
0.00371211
0.000790784
0
0
0
1683488103.48774
msg_begin
7.75734e+06
-363493
-0.134158
0.00176481
0.000263118
0.000121343
0
0
0
1683488103.53772
msg_begin
7.75734e+06
-363493
-0.142633
0.00575029
0.000717703
0.000359824
0
0
0
1683488103.58776
msg_begin
7.75734e+06
-363493
-0.147426
0.00175915
0.00575533
0.000665716
0
0
0
1683488103.63780
msg_begin
7.75734e+06
-363493
-0.160022
0.000293208
0.000350818
7.87508e-05
0
0
0
1683488103.68782
msg_begin
7.75734e+06
-363493
-0.169484
0.00993025
0.00150844
0.000471781
0
0
0
1683488103.73773
msg_begin
7.75734e+06
-363493
-0.181321
0.00708832
0.00159662
0.000481326
0
0
0
1683488103.78773
msg_begin
7.75734e+06
-363494
-0.185109
0.0120855
0.00639768
0.000551178
0
0
0
1683488103.83768
msg_begin
7.75734e+06
-363494
-0.191272
0.000375148
1.76679e-05
2.85992e-05
0
0
0
1683488103.88756
msg_begin
7.75734e+06
-363494
-0.199874
0.0132285
0.0018939
0.000897738
0
0
0
1683488103.93749
msg_begin
7.75734e+06
-363494
-0.206877
0.0138439
0.00733607
0.00113832
0
0
0
1683488103.98742
msg_begin
7.75734e+06
-363494
-0.209633
0.0103185
0.00285713
0.000974878
0
0
0
1683488104.03736
msg_begin
7.75734e+06
-363494
-0.215859
0.00296855
0.00568195
0.000959884
0
0
0
1683488104.08732
msg_begin
7.75734e+06
-363494
-0.21746
0.0174085
0.00430862
0.000515125
0
0
0
1683488104.13850
msg_begin
7.75734e+06
-363494
-0.222685
8.6613e-08
1.68802e-09
2.498e-16
0
0
0
1683488104.18718
msg_begin
7.75734e+06
-363494
-0.224832
0.010041
0.00332533
0.0010737
0
0
0
1683488104.23715
msg_begin
7.75734e+06
-363494
-0.230059
0.005506
0.00359725
0.000548551
0
0
0
1683488104.28707
msg_begin
7.75734e+06
-363494
-0.231016
0.0216261
0.0036277
0.000414996
0
0
0
1683488104.33708
msg_begin
7.75734e+06
-363494
-0.23364
0.000722873
0.00637196
0.000122105
0
0
0
1683488104.38710
msg_begin
7.75734e+06
-363494
-0.240161
0.00328784
0.00366161
0.000407216
0
0
0
1683488104.43710
msg_begin
7.75734e+06
-363494
-0.242651
0.00191809
0.00196413
8.13446e-05
0
0
0
1683488104.48711
msg_begin
7.75734e+06
-363494
-0.24103
5.12227e-08
1.22236e-09
1.60982e-15
0
0
0
1683488104.53708
msg_begin
7.75734e+06
-363495
-0.24582
0.000603594
0.0015148
5.82942e-05
0
0
0
1683488104.58711
msg_begin
7.75734e+06
-363495
-0.250296
0.00359771
0.00126609
0.00027225
0
0
0
1683488104.63708
msg_begin
7.75734e+06
-363495
-0.25146
0.0002867
0.000777612
2.57471e-05
0
0
0
1683488104.68713
msg_begin
7.75734e+06
-363495
-0.254199
0.00327331
0.00310641
0.000231021
0
0
0
1683488104.73711
msg_begin
7.75734e+06
-363495
-0.256575
0.00908164
0.00504863
0.000484211
0
0
0
1683488104.78713
msg_begin
7.75734e+06
-363495
-0.255594
1.11759e-08
2.2701e-09
1.66533e-15
0
0
0
1683488104.83720
msg_begin
7.75735e+06
-363495
-0.259175
0.000540477
0.000145774
1.35701e-05
0
0
0
1683488104.88724
msg_begin
7.75735e+06
-363495
-0.260758
0.00794364
0.00131505
0.000705887
0
0
0
1683488104.93739
msg_begin
7.75735e+06
-363495
-0.261948
0.00473809
0.00829042
0.00040545
0
0
0
1683488104.98736
msg_begin
7.75735e+06
-363495
-0.270351
8.56817e-08
2.32831e-10
3.33067e-16
0
0
0
1683488105.03741
msg_begin
7.75735e+06
-363495
-0.272934
0.0120945
0.00364434
0.000663405
0
0
0
1683488105.08740
msg_begin
7.75735e+06
-363496
-0.276755
5.21541e-08
9.31323e-10
2.60902e-15
0
0
0
1683488105.13744
msg_begin
7.75735e+06
-363496
-0.278866
0.000799342
0.00061349
0.000156786
0
0
0
1683488105.18748
msg_begin
7.75735e+06
-363496
-0.281137
0.0131584
0.00384319
0.000631124
0
0
0
1683488105.23759
msg_begin
7.75735e+06
-363496
-0.281832
4.56348e-08
3.60887e-09
1.83187e-15
0
0
0
1683488105.28762
msg_begin
7.75735e+06
-363496
-0.2807
0.0061747
0.000865725
0.000706279
0
0
0
1683488105.33757
msg_begin
7.75735e+06
-363496
-0.284983
0.00579785
0.0101319
0.000409025
0
0
0
1683488105.38772
msg_begin
7.75735e+06
-363496
-0.288559
0.0222693
0.00923776
0.00146626
0
0
0
1683488105.43769
msg_begin
7.75735e+06
-363496
-0.292473
0.00534706
0.00263352
0.000112711
0
0
0
1683488105.48764
msg_begin
7.75735e+06
-363496
-0.295524
0.0170758
0.00246507
0.000868733
0
0
0
1683488105.53764
msg_begin
7.75735e+06
-363496
-0.299883
0.00407375
0.00519526
0.000152328
0
0
0
1683488105.58766
msg_begin
7.75735e+06
-363497
-0.299365
0.00520725
0.00406489
9.94412e-05
0
0
0
1683488105.63769
msg_begin
7.75735e+06
-363497
-0.303881
0.012557
0.00927639
0.00068703
0
0
0
1683488105.68773
msg_begin
7.75735e+06
-363497
-0.307473
0.00791588
0.00211618
0.000240483
0
0
0
1683488105.73777
msg_begin
7.75735e+06
-363497
-0.310346
0.0035851
0.00369918
6.41667e-05
0
0
0
1683488105.78782
msg_begin
7.75735e+06
-363497
-0.311963
0.00880804
0.00771978
0.000141603
0
0
0
1683488105.83782
msg_begin
7.75735e+06
-363497
-0.314817
0.00785166
0.0171876
0.000634449
0
0
0
1683488105.88783
msg_begin
7.75735e+06
-363497
-0.318815
0.00339824
0.00166555
0.000183559
0
0
0
1683488105.93783
msg_begin
7.75735e+06
-363497
-0.323889
0.0094777
0.00493151
0.000389538
0
0
0
1683488105.98789
msg_begin
7.75735e+06
-363497
-0.33175
3.72529e-09
1.16415e-10
1.83187e-15
0
0
0
1683488106.03777
msg_begin
7.75735e+06
-363497
-0.336704
0.00705171
0.00299429
0.000325219
0
0
0
1683488106.08773
msg_begin
7.75735e+06
-363498
-0.340975
0.00207752
0.00119965
8.16967e-05
0
0
0
1683488106.13856
msg_begin
7.75735e+06
-363498
-0.347491
0.00371273
0.00280665
0.000315381
0
0
0
1683488106.18767
msg_begin
7.75735e+06
-363498
-0.352877
0.00480269
0.00575914
0.000248263
0
0
0
1683488106.23767
msg_begin
7.75736e+06
-363498
-0.359545
2.8871e-08
2.32831e-10
2.88658e-15
0
0
0
1683488106.28762
msg_begin
7.75736e+06
-363498
-0.364828
0.00481922
0.00364442
0.000177081
0
0
0
1683488106.33760
msg_begin
7.75736e+06
-363498
-0.369682
0.00538536
0.00934286
0.000790341
0
0
0
1683488106.38774
msg_begin
7.75736e+06
-363498
-0.373683
0.0181056
0.00621725
0.000208709
0
0
0
1683488106.43773
msg_begin
7.75736e+06
-363498
-0.37725
0.00287107
0.00418363
0.000474635
0
0
0
1683488106.48768
msg_begin
7.75736e+06
-363499
-0.384546
0.00346039
0.00936033
0.000379968
0
0
0
1683488106.53766
msg_begin
7.75736e+06
-363499
-0.390683
0.0133488
0.0183018
0.000892075
0
0
0
1683488106.58768
msg_begin
7.75736e+06
-363499
-0.395942
0.0197896
0.0191425
0.00189888
0
0
0
1683488106.63760
msg_begin
7.75736e+06
-363499
-0.400075
2.98023e-08
2.56114e-09
4.55191e-15
0
0
0
1683488106.68768
msg_begin
7.75736e+06
-363499
-0.403768
0.0328396
0.0172492
0.0016027
0
0
0
1683488106.73764
msg_begin
7.75736e+06
-363499
-0.412001
0.0143089
0.00715561
0.00064578
0
0
0
1683488106.78764
msg_begin
7.75736e+06
-363499
-0.418972
0.00796227
0.00867599
0.00187946
0
0
0
1683488106.83769
msg_begin
7.75736e+06
-363499
-0.423172
8.3819e-09
2.96859e-09
3.66374e-15
0
0
0
1683488106.88771
msg_begin
7.75736e+06
-363500
-0.429418
0.00277713
0.000260659
7.75732e-06
0
0
0
1683488106.93773
msg_begin
7.75736e+06
-363500
-0.434292
0.00325699
0.00373477
0.000396373
0
0
0
1683488106.98776
msg_begin
7.75736e+06
-363500
-0.437594
0.0240576
0.00879117
0.00167371
0
0
0
1683488107.03782
msg_begin
7.75736e+06
-363500
-0.443436
0.00375489
0.00237795
0.000375486
0
0
0
1683488107.08780
msg_begin
7.75736e+06
-363500
-0.448992
8.00937e-08
1.74623e-10
3.9968e-15
0
0
0
1683488107.13783
msg_begin
7.75736e+06
-363500
-0.449934
0.000903966
0.000248119
0.000213928
0
0
0
1683488107.18787
msg_begin
7.75736e+06
-363501
-0.455251
1.86585e-05
0.000354837
6.45333e-05
0
0
0
1683488107.23789
msg_begin
7.75736e+06
-363501
-0.456631
0.0139451
0.0115172
0.000463522
0
0
0
1683488107.28786
msg_begin
7.75736e+06
-363501
-0.457227
0.0118554
0.00648459
0.000536937
0
0
0
1683488107.33783
msg_begin
7.75736e+06
-363501
-0.45827
0.00539529
0.00195241
0.000435439
0
0
0
1683488107.38778
msg_begin
7.75736e+06
-363501
-0.460951
0.00300372
0.00429186
0.000502255
0
0
0
1683488107.43773
msg_begin
7.75736e+06
-363501
-0.465644
0.0013208
0.000287897
4.92172e-05
0
0
0
1683488107.48767
msg_begin
7.75736e+06
-363502
-0.465697
0.0053952
0.00184579
0.000224947
0
0
0
1683488107.53762
msg_begin
7.75736e+06
-363502
-0.465219
0.000144465
1.13895e-05
5.46245e-05
0
0
0
1683488107.58759
msg_begin
7.75736e+06
-363502
-0.468487
0.00179705
0.00334291
0.000153169
0
0
0
1683488107.63744
msg_begin
7.75736e+06
-363502
-0.467907
0.0102912
0.00287592
0.000160812
0
0
0
1683488107.68737
msg_begin
7.75737e+06
-363502
-0.468976
0.0163323
0.00560757
0.000601845
0
0
0
1683488107.73736
msg_begin
7.75737e+06
-363502
-0.473958
0.00434479
0.00510123
0.00027242
0
0
0
1683488107.78739
msg_begin
7.75737e+06
-363503
-0.475312
0.0037579
0.00611928
0.000378244
0
0
0
1683488107.83728
msg_begin
7.75737e+06
-363503
-0.474935
0.0253469
0.0229179
0.000797037
0
0
0
1683488107.88736
msg_begin
7.75737e+06
-363503
-0.478612
5.96046e-08
2.32831e-10
3.44169e-15
0
0
0
1683488107.93727
msg_begin
7.75737e+06
-363503
-0.478704
0.00518117
0.000956796
0.000138992
0
0
0
1683488107.98726
msg_begin
7.75737e+06
-363503
-0.478392
0.00967852
0.00163093
0.000102141
0
0
0
1683488108.03732
msg_begin
7.75737e+06
-363503
-0.479256
7.26432e-08
1.28057e-09
6.10623e-16
0
0
0
1683488108.08728
msg_begin
7.75737e+06
-363504
-0.483819
0.000771277
0.000718526
0.000116926
0
0
0
1683488108.13727
msg_begin
7.75737e+06
-363504
-0.485959
0.0102438
0.00702363
0.000616409
0
0
0
1683488108.18731
msg_begin
7.75737e+06
-363504
-0.488211
0.0056643
0.0125795
0.000378043
0
0
0
1683488108.23732
msg_begin
7.75737e+06
-363504
-0.492615
1.67638e-08
1.33878e-09
2.94209e-15
0
0
0
1683488108.28737
msg_begin
7.75737e+06
-363504
-0.494526
0.0162892
0.00804966
0.000297297
0
0
0
1683488108.33741
msg_begin
7.75737e+06
-363505
-0.500243
0.00500171
0.0040834
0.000517411
0
0
0
1683488108.38747
msg_begin
7.75737e+06
-363505
-0.50103
0.00256747
0.000504334
0.000301593
0
0
0
1683488108.43744
msg_begin
7.75737e+06
-363505
-0.508469
0.000703556
0.000783113
9.22939e-05
0
0
0
1683488108.48748
msg_begin
7.75737e+06
-363505
-0.509525
0.00792326
0.00578804
0.000806644
0
0
0
1683488108.53758
msg_begin
7.75737e+06
-363505
-0.51053
0.00429541
0.00331122
0.000301022
0
0
0
1683488108.58769
msg_begin
7.75737e+06
-363506
-0.51401
0.0192941
0.019231
0.00127431
0
0
0
1683488108.63772
msg_begin
7.75737e+06
-363506
-0.515659
0.0013379
0.000524516
0.000120607
0
0
0
1683488108.68776
msg_begin
7.75737e+06
-363506
-0.519125
6.89179e-08
6.40284e-10
5.88418e-15
0
0
0
1683488108.73784
msg_begin
7.75737e+06
-363506
-0.519971
0.000347613
8.77145e-05
2.5495e-05
0
0
0
1683488108.78790
msg_begin
7.75737e+06
-363506
-0.524349
0.00121513
0.000103357
4.34412e-05
0
0
0
1683488108.83807
msg_begin
7.75737e+06
-363506
-0.527874
0.0152849
0.00628788
0.00100015
0
0
0
1683488108.88801
msg_begin
7.75737e+06
-363507
-0.527177
0.00065375
0.000657109
0.00010458
0
0
0
1683488108.93799
msg_begin
7.75737e+06
-363507
-0.53513
4.37722e-08
2.21189e-09
4.44089e-15
0
0
0
1683488108.98805
msg_begin
7.75737e+06
-363507
-0.535893
0.00324308
0.00119163
7.78735e-05
0
0
0
1683488109.03794
msg_begin
7.75737e+06
-363507
-0.542629
0.00829308
0.00439544
0.000956788
0
0
0
1683488109.08797
msg_begin
7.75738e+06
-363507
-0.547006
0.00309706
0.0027617
0.000266406
0
0
0
1683488109.13797
msg_begin
7.75738e+06
-363508
-0.554623
6.23986e-08
3.43425e-09
4.88498e-15
0
0
0
1683488109.18799
msg_begin
7.75738e+06
-363508
-0.554589
0.00215327
0.00384804
0.000518963
0
0
0
1683488109.23798
msg_begin
7.75738e+06
-363508
-0.557282
0.0065033
0.00380698
9.4096e-05
0
0
0
1683488109.28793
msg_begin
7.75738e+06
-363508
-0.563876
0.0148244
0.000365347
0.000143887
0
0
0
1683488109.33791
msg_begin
7.75738e+06
-363508
-0.566559
0.00501243
0.015278
0.000879823
0
0
0
1683488109.38792
msg_begin
7.75738e+06
-363509
-0.570382
0.00176474
0.00169537
0.00020783
0
0
0
1683488109.43787
msg_begin
7.75738e+06
-363509
-0.572031
0.00161388
0.0018784
0.000151703
0
0
0
1683488109.48778
msg_begin
7.75738e+06
-363509
-0.577691
0.00258863
0.00327522
0.000292231
0
0
0
1683488109.53774
msg_begin
7.75738e+06
-363509
-0.581578
0.00359649
0.00598205
0.00108886
0
0
0
1683488109.58776
msg_begin
7.75738e+06
-363510
-0.58512
0.00840416
0.0118219
0.000484748
0
0
0
1683488109.63773
msg_begin
7.75738e+06
-363510
-0.592148
0.00930314
0.0171288
0.000507475
0
0
0
1683488109.68796
msg_begin
7.75738e+06
-363510
-0.59193
7.26432e-08
8.73115e-10
1.11022e-16
0
0
0
1683488109.73767
msg_begin
7.75738e+06
-363510
-0.596852
0.00108943
0.000481141
7.06743e-05
0
0
0
1683488109.78765
msg_begin
7.75738e+06
-363511
-0.605054
5.58794e-09
1.92085e-09
2.66454e-15
0
0
0
1683488109.83767
msg_begin
7.75738e+06
-363511
-0.606772
0.0015752
0.00147222
0.000371238
0
0
0
1683488109.88764
msg_begin
7.75738e+06
-363511
-0.613312
0.0170465
0.0121953
0.000150031
0
0
0
1683488109.93764
msg_begin
7.75738e+06
-363511
-0.617894
0.00444245
0.00812852
0.000314003
0
0
0
1683488109.98763
msg_begin
7.75738e+06
-363511
-0.618006
0.0321325
0.0244348
0.000909065
0
0
0
1683488110.03762
msg_begin
7.75738e+06
-363512
-0.623635
0.0408865
0.0414218
0.0013306
0
0
0
1683488110.08813
msg_begin
7.75738e+06
-363512
-0.632447
0.0296775
0.020081
0.0008875
0
0
0
1683488110.18775
msg_begin
7.75738e+06
-363512
-0.638001
8.00937e-08
3.31784e-09
3.88578e-15
0
0
0
1683488110.23772
msg_begin
7.75738e+06
-363513
-0.641262
0.000796662
0.00183302
0.000238411
0
0
0
1683488110.28780
msg_begin
7.75738e+06
-363513
-0.645445
0.00687373
0.00430922
0.00029125
0
0
0
1683488110.33779
msg_begin
7.75738e+06
-363513
-0.64971
0.0398446
0.02789
0.00146885
0
0
0
1683488110.38782
msg_begin
7.75738e+06
-363513
-0.655312
0.023526
0.0199201
0.00123107
0
0
0
1683488110.43782
msg_begin
7.75738e+06
-363514
-0.661246
0.00121503
0.000383628
7.84654e-05
0
0
0
1683488110.48818
msg_begin
7.75738e+06
-363514
-0.663586
0.00438163
0.00333581
0.000558537
0
0
0
1683488110.53791
msg_begin
7.75739e+06
-363514
-0.670189
6.51926e-08
5.82077e-10
8.88178e-16
0
0
0
1683488110.58799
msg_begin
7.75739e+06
-363514
-0.673694
0.00161327
0.00147313
8.4966e-05
0
0
0
1683488110.63808
msg_begin
7.75739e+06
-363515
-0.678203
0.000516893
0.000150176
1.0906e-05
0
0
0
1683488110.68806
msg_begin
7.75739e+06
-363515
-0.684749
0.000808087
0.00126665
0.000121089
0
0
0
1683488110.73813
msg_begin
7.75739e+06
-363515
-0.685638
0.00284903
0.00187602
0.000134018
0
0
0
1683488110.78835
msg_begin
7.75739e+06
-363515
-0.690149
0.0123578
0.00919364
0.00131567
0
0
0
1683488110.83811
msg_begin
7.75739e+06
-363516
-0.693317
0.00962958
0.00732016
0.000571622
0
0
0
1683488110.88840
msg_begin
7.75739e+06
-363516
-0.703053
3.07336e-08
2.67755e-09
2.33147e-15
0
0
0
1683488110.93807
msg_begin
7.75739e+06
-363516
-0.705752
0.00208018
0.000108902
0.000251967
0
0
0
1683488110.98801
msg_begin
7.75739e+06
-363516
-0.713493
0.00253566
0.00210763
1.75712e-05
0
0
0
1683488111.03803
msg_begin
7.75739e+06
-363517
-0.718495
0.00447057
0.0115924
9.96867e-05
0
0
0
1683488111.08875
msg_begin
7.75739e+06
-363517
-0.726677
0.00365629
0.0103486
0.000785534
0
0
0
1683488111.13789
msg_begin
7.75739e+06
-363517
-0.73148
0.0030627
0.0086007
0.00029992
0
0
0
1683488111.18783
msg_begin
7.75739e+06
-363518
-0.737023
0.00149112
0.00186371
0.000164455
0
0
0
1683488111.23773
msg_begin
7.75739e+06
-363518
-0.738284
0.00369371
0.00488764
0.000102309
0
0
0
1683488111.28835
msg_begin
7.75739e+06
-363518
-0.745577
0.00221727
0.00121026
0.000191767
0
0
0
1683488111.33765
msg_begin
7.75739e+06
-363518
-0.748235
0.00290576
0.00215405
0.000199199
0
0
0
1683488111.38764
msg_begin
7.75739e+06
-363519
-0.755785
0.0090292
0.0101863
0.000546333
0
0
0
1683488111.43766
msg_begin
7.75739e+06
-363519
-0.766044
0.00291572
0.0023282
0.00025313
0
0
0
1683488111.48772
msg_begin
7.75739e+06
-363519
-0.771086
0.000220217
0.00175556
0.000133559
0
0
0
1683488111.53757
msg_begin
7.75739e+06
-363520
-0.770534
0.00178771
0.000128206
0.00078831
0
0
0
1683488111.58761
msg_begin
7.75739e+06
-363520
-0.779052
0.00362643
0.00071781
0.0001782
0
0
0
1683488111.63752
msg_begin
7.75739e+06
-363520
-0.787953
0.00238949
0.00249224
0.000162918
0
0
0
1683488111.68815
msg_begin
7.75739e+06
-363521
-0.791304
4.19095e-08
2.91038e-10
4.32987e-15
0
0
0
1683488111.73742
msg_begin
7.75739e+06
-363521
-0.794822
5.4948e-08
2.32831e-10
9.99201e-16
0
0
0
1683488111.78746
msg_begin
7.75739e+06
-363521
-0.805756
0.00694674
0.00508855
0.000907629
0
0
0
1683488111.83743
msg_begin
7.75739e+06
-363522
-0.814324
0.00519161
0.0233054
0.000611152
0
0
0
1683488111.88755
msg_begin
7.75739e+06
-363522
-0.820495
0.00373606
0.00616198
0.000290101
0
0
0
1683488111.93743
msg_begin
7.75739e+06
-363522
-0.821921
4.56348e-08
5.82077e-11
1.22125e-15
0
0
0
1683488111.98740
msg_begin
7.75739e+06
-363522
-0.831277
0.00291002
0.00277262
0.000257677
0
0
0
1683488112.03743
msg_begin
7.75739e+06
-363523
-0.838718
0.00474999
0.00659007
0.000720648
0
0
0
1683488112.08742
msg_begin
7.7574e+06
-363523
-0.842228
0.00667178
0.00308741
0.00032473
0
0
0
1683488112.13848
msg_begin
7.7574e+06
-363523
-0.84974
0.00701674
0.0113273
0.000750101
0
0
0
1683488112.18766
msg_begin
7.7574e+06
-363524
-0.854075
0.00250706
0.000692773
0.000331419
0
0
0
1683488112.23749
msg_begin
7.7574e+06
-363524
-0.860634
0.00115557
0.00222292
5.20446e-05
0
0
0
1683488112.28764
msg_begin
7.7574e+06
-363524
-0.863456
0.0044239
0.00540027
0.000385366
0
0
0
1683488112.33753
msg_begin
7.7574e+06
-363525
-0.869899
0.00535097
0.00575643
0.000605338
0
0
0
1683488112.38754
msg_begin
7.7574e+06
-363525
-0.87764
5.52315e-05
0.00109911
5.65632e-05
0
0
0
1683488112.43747
msg_begin
7.7574e+06
-363525
-0.879947
0.0117248
0.0275282
0.00115101
0
0
0
1683488112.48753
msg_begin
7.7574e+06
-363526
-0.878581
6.79865e-08
3.49246e-09
1.77636e-15
0
0
0
1683488112.53739
msg_begin
7.7574e+06
-363526
-0.882843
0.00708551
0.00703917
0.000443939
0
0
0
1683488112.58738
msg_begin
7.7574e+06
-363526
-0.884953
0.000125972
0.00161365
6.63175e-05
0
0
0
1683488112.63733
msg_begin
7.7574e+06
-363527
-0.89189
0.00991723
0.00748385
0.000391051
0
0
0
1683488112.68725
msg_begin
7.7574e+06
-363527
-0.895132
0.00722435
0.000289929
0.000262752
0
0
0
1683488112.73718
msg_begin
7.7574e+06
-363527
-0.89578
0.000673921
0.00537806
0.000166745
0
0
0
1683488112.78707
msg_begin
7.7574e+06
-363528
-0.901892
0.00622836
0.00641513
0.000906104
0
0
0
1683488112.83699
msg_begin
7.7574e+06
-363528
-0.904405
0.000386943
0.000224238
2.98603e-05
0
0
0
1683488112.88697
msg_begin
7.7574e+06
-363528
-0.90447
0.000237086
0.003139
2.47204e-05
0
0
0
1683488112.93681
msg_begin
7.7574e+06
-363529
-0.903423
0.0165257
0.0146785
0.00155169
0
0
0
1683488112.98671
msg_begin
7.7574e+06
-363529
-0.901903
0.00206598
0.00212862
0.0003161
0
0
0
1683488113.03666
msg_begin
7.7574e+06
-363529
-0.90649
0.0333167
0.0347222
0.00133757
0
0
0
1683488113.08664
msg_begin
7.7574e+06
-363530
-0.908934
4.56348e-08
1.04774e-09
2.44249e-15
0
0
0
1683488113.13658
msg_begin
7.7574e+06
-363530
-0.91281
0.00251596
0.0068302
0.00013106
0
0
0
1683488113.18659
msg_begin
7.7574e+06
-363530
-0.915508
0.000678144
0.00183548
3.34698e-05
0
0
0
1683488113.23659
msg_begin
7.7574e+06
-363531
-0.915439
0.00928796
0.00641677
0.000252698
0
0
0
1683488113.28655
msg_begin
7.7574e+06
-363531
-0.91612
4.84288e-08
1.74623e-10
4.44089e-16
0
0
0
1683488113.33657
msg_begin
7.7574e+06
-363531
-0.916289
0.00762187
0.00420056
0.00055642
0
0
0
1683488113.38664
msg_begin
7.7574e+06
-363532
-0.915447
0.00387818
0.00639584
0.000299875
0
0
0
1683488113.48668
msg_begin
7.7574e+06
-363532
-0.916869
0.00222481
0.00607526
0.000459967
0
0
0
1683488113.53664
msg_begin
7.7574e+06
-363533
-0.920884
0.00210608
0.00325117
0.000336976
0
0
0
1683488113.58661
msg_begin
7.7574e+06
-363533
-0.920246
0.00177469
0.00463737
0.000110011
0
0
0
1683488113.63656
msg_begin
7.7574e+06
-363533
-0.919577
0.00168426
0.000980888
0.000211302
0
0
0
1683488113.68658
msg_begin
7.7574e+06
-363534
-0.921233
0.0214513
0.0138694
0.0012964
0
0
0
1683488113.73652
msg_begin
7.7574e+06
-363534
-0.91801
0.000693475
0.00126038
6.91962e-05
0
0
0
1683488113.78649
msg_begin
7.7574e+06
-363534
-0.922818
0.00189055
0.000370656
0.000149108
0
0
0
1683488113.83652
msg_begin
7.7574e+06
-363535
-0.924269
0.00868994
0.00749457
0.000178015
0
0
0
1683488113.88652
msg_begin
7.75741e+06
-363535
-0.923773
0.0275862
0.0253295
0.00189513
0
0
0
1683488113.93655
msg_begin
7.75741e+06
-363536
-0.92753
0.0325625
0.0382704
0.00107086
0
0
0
1683488113.98657
msg_begin
7.75741e+06
-363536
-0.934328
4.28408e-08
4.65661e-10
5.55112e-16
0
0
0
1683488114.03660
msg_begin
7.75741e+06
-363536
-0.936137
0.0106513
0.0120844
0.000804828
0
0
0
1683488114.08671
msg_begin
7.75741e+06
-363537
-0.933046
0.00814067
0.00706516
0.00120583
0
0
0
1683488114.13653
msg_begin
7.75741e+06
-363537
-0.932907
0.00519798
0.00589119
0.00144956
0
0
0
1683488114.18656
msg_begin
7.75741e+06
-363537
-0.934472
0.014453
0.0171127
0.000748629
0
0
0
1683488114.23654
msg_begin
7.75741e+06
-363538
-0.931262
0.00127748
0.00195008
0.000119475
0
0
0
1683488114.28754
msg_begin
7.75741e+06
-363538
-0.932961
4.93601e-08
3.49246e-10
2.77556e-15
0
0
0
1683488114.33657
msg_begin
7.75741e+06
-363538
-0.92777
0.00264125
0.00205268
0.000310787
0
0
0
1683488114.38643
msg_begin
7.75741e+06
-363539
-0.924798
0.0202598
0.0319223
0.00107281
0
0
0
1683488114.43639
msg_begin
7.75741e+06
-363539
-0.926958
7.63685e-08
5.23869e-10
3.55271e-15
0
0
0
1683488114.48644
msg_begin
7.75741e+06
-363539
-0.926163
0.00608064
0.00116968
0.00043521
0
0
0
1683488114.53643
msg_begin
7.75741e+06
-363540
-0.927857
1.49012e-08
1.16415e-10
5.9952e-15
0
0
0
1683488114.58641
msg_begin
7.75741e+06
-363540
-0.928721
0.00491205
0.00194127
0.000162187
0
0
0
1683488114.63643
msg_begin
7.75741e+06
-363540
-0.928791
0.00112648
0.00160612
0.000192003
0
0
0
1683488114.68655
msg_begin
7.75741e+06
-363541
-0.927109
6.14673e-08
2.32831e-10
4.44089e-16
0
0
0
1683488114.73641
msg_begin
7.75741e+06
-363541
-0.926362
0.00361831
0.00256024
0.000275053
0
0
0
1683488114.78646
msg_begin
7.75741e+06
-363542
-0.928156
1.95578e-08
2.79397e-09
2.44249e-15
0
0
0
1683488114.83644
msg_begin
7.75741e+06
-363542
-0.925975
0.0032737
0.00384906
0.000607624
0
0
0
1683488114.88648
msg_begin
7.75741e+06
-363542
-0.928409
0.0368434
0.0531715
0.0015089
0
0
0
1683488114.93645
msg_begin
7.75741e+06
-363543
-0.932232
2.79397e-08
3.7835e-09
4.32987e-15
0
0
0
1683488114.98646
msg_begin
7.75741e+06
-363543
-0.932104
0.00554764
0.00788739
0.000270043
0
0
0
1683488115.03654
msg_begin
7.75741e+06
-363543
-0.933692
0.00255688
0.00440297
0.000430355
0
0
0
1683488115.08656
msg_begin
7.75741e+06
-363544
-0.935983
0.00687805
0.00749511
8.29988e-05
0
0
0
1683488115.13665
msg_begin
7.75741e+06
-363544
-0.934016
0.0055485
0.00494411
0.000606333
0
0
0
1683488115.18669
msg_begin
7.75741e+06
-363545
-0.935028
0.00327833
0.00224952
0.000298127
0
0
0
1683488115.23676
msg_begin
7.75741e+06
-363545
-0.934109
0.0117324
0.0150938
0.00166768
0
0
0
1683488115.28685
msg_begin
7.75741e+06
-363545
-0.93373
0
4.65661e-10
1.11022e-15
0
0
0
1683488115.33826
msg_begin
7.75741e+06
-363546
-0.93194
0.000512288
0.00261509
0.000104175
0
0
0
1683488115.38686
msg_begin
7.75741e+06
-363546
-0.933392
0.00740506
0.0092457
0.000207343
0
0
0
1683488115.43683
msg_begin
7.75741e+06
-363546
-0.934178
0.00117512
0.00258501
5.63408e-05
0
0
0
1683488115.48679
msg_begin
7.75741e+06
-363547
-0.936673
0.000595124
3.34311e-05
9.98928e-05
0
0
0
1683488115.53670
msg_begin
7.75741e+06
-363547
-0.93329
0.00526
0.00611261
0.000408082
0
0
0
1683488115.58664
msg_begin
7.75741e+06
-363548
-0.931868
0.00369356
0.00688188
0.000264864
0
0
0
1683488115.63662
msg_begin
7.75741e+06
-363548
-0.933631
0.00442273
0.004993
0.000170208
0
0
0
1683488115.68747
msg_begin
7.75742e+06
-363548
-0.930956
4.47035e-08
3.49246e-10
4.55191e-15
0
0
0
1683488115.73703
msg_begin
7.75742e+06
-363549
-0.930988
0.0209876
0.0274969
0.00145717
0
0
0
1683488115.78651
msg_begin
7.75742e+06
-363549
-0.929222
0.00162601
0.00207618
0.000558218
0
0
0
1683488115.83652
msg_begin
7.75742e+06
-363549
-0.928773
7.72998e-08
1.04774e-09
8.88178e-16
0
0
0
1683488115.88655
msg_begin
7.75742e+06
-363550
-0.930437
0.00166613
0.00155947
0.000102908
0
0
0
1683488115.93705
msg_begin
7.75742e+06
-363550
-0.930702
0.00257834
0.00499141
4.15142e-05
0
0
0
1683488115.98668
msg_begin
7.75742e+06
-363551
-0.930567
6.51926e-08
1.62981e-09
7.77156e-16
0
0
0
1683488116.03675
msg_begin
7.75742e+06
-363551
-0.929485
0.0110795
0.0131207
0.00055687
0
0
0
1683488116.08688
msg_begin
7.75742e+06
-363551
-0.931931
0.00133743
0.0185853
0.000143807
0
0
0
1683488116.13691
msg_begin
7.75742e+06
-363552
-0.93237
0.0155398
0.00673024
0.00180438
0
0
0
1683488116.18693
msg_begin
7.75742e+06
-363552
-0.932581
0.00215642
0.00465476
0.000225195
0
0
0
1683488116.23700
msg_begin
7.75742e+06
-363553
-0.931206
0.00348945
0.00867559
0.000122201
0
0
0
1683488116.28705
msg_begin
7.75742e+06
-363553
-0.930397
0.000566033
0.00782357
0.000217095
0
0
0
1683488116.33707
msg_begin
7.75742e+06
-363553
-0.929834
6.01229e-05
0.000822654
6.80768e-05
0
0
0
1683488116.38717
msg_begin
7.75742e+06
-363554
-0.927394
0.00608332
0.00849904
0.000378417
0
0
0
1683488116.43709
msg_begin
7.75742e+06
-363554
-0.925774
0.000170767
0.000280821
0.000108212
0
0
0
1683488116.48713
msg_begin
7.75742e+06
-363554
-0.928014
0.000217341
0.00136017
4.53563e-05
0
0
0
1683488116.53720
msg_begin
7.75742e+06
-363555
-0.928112
0.00218402
0.00180459
3.27246e-05
0
0
0
1683488116.58707
msg_begin
7.75742e+06
-363555
-0.925045
0.00157575
0.000799473
2.89423e-05
0
0
0
1683488116.63715
msg_begin
7.75742e+06
-363556
-0.92709
0.012192
0.0179392
0.000108237
0
0
0
1683488116.68706
msg_begin
7.75742e+06
-363556
-0.926435
0.0189915
0.00510269
0.000425908
0
0
0
1683488116.73831
msg_begin
7.75742e+06
-363556
-0.927438
0.0112245
0.0262938
0.00121448
0
0
0
1683488116.78700
msg_begin
7.75742e+06
-363557
-0.931304
0.000690727
0.00167536
0.00012886
0
0
0
1683488116.83690
msg_begin
7.75742e+06
-363557
-0.932481
0.000886648
0.00102452
2.95648e-05
0
0
0
1683488116.88690
msg_begin
7.75742e+06
-363558
-0.933311
6.61239e-08
7.567e-10
1.44329e-15
0
0
0
1683488116.93687
msg_begin
7.75742e+06
-363558
-0.93373
0.000151617
0.00147237
2.50875e-06
0
0
0
1683488116.98679
msg_begin
7.75742e+06
-363558
-0.934287
0.0044402
0.00542665
0.00167948
0
0
0
1683488117.03671
msg_begin
7.75742e+06
-363559
-0.932963
0.00476876
0.00969542
0.000607027
0
0
0
1683488117.08662
msg_begin
7.75742e+06
-363559
-0.937117
0.0196362
0.0169092
0.000689822
0
0
0
1683488117.13660
msg_begin
7.75742e+06
-363560
-0.940765
0.00898929
0.0173067
0.00330864
0
0
0
1683488117.18661
msg_begin
7.75742e+06
-363560
-0.935447
0.020446
0.0248843
0.000476007
0
0
0
1683488117.23665
msg_begin
7.75742e+06
-363560
-0.935324
0.00722679
0.000985209
0.000118879
0
0
0
1683488117.28666
msg_begin
7.75742e+06
-363561
-0.93356
0.0304115
0.0566051
0.00201478
0
0
0
1683488117.33667
msg_begin
7.75742e+06
-363561
-0.937349
4.08983e-05
0.000751631
0.000106361
0
0
0
1683488117.38672
msg_begin
7.75743e+06
-363562
-0.940032
0.000561592
0.000659229
3.24405e-05
0
0
0
1683488117.43673
msg_begin
7.75743e+06
-363562
-0.944593
0.00265286
0.00382385
0.00037421
0
0
0
1683488117.48680
msg_begin
7.75743e+06
-363562
-0.942226
0.000828894
0.00457581
0.000205199
0
0
0
1683488117.53686
msg_begin
7.75743e+06
-363563
-0.937962
0.0249438
0.0342752
0.00193609
0
0
0
1683488117.58694
msg_begin
7.75743e+06
-363563
-0.940472
0.0192191
0.0293295
0.00103138
0
0
0
1683488117.63703
msg_begin
7.75743e+06
-363563
-0.939094
0.0162145
0.0202204
0.000762865
0
0
0
1683488117.68706
msg_begin
7.75743e+06
-363564
-0.940753
0.00692731
0.0136767
0.000591563
0
0
0
1683488117.73708
msg_begin
7.75743e+06
-363564
-0.942026
5.58794e-09
3.49246e-10
3.55271e-15
0
0
0
1683488117.78714
msg_begin
7.75743e+06
-363565
-0.939782
7.63685e-08
7.567e-10
6.66134e-16
0
0
0
1683488117.83713
msg_begin
7.75743e+06
-363565
-0.938319
0.00236289
0.0086564
0.000378081
0
0
0
1683488117.88710
msg_begin
7.75743e+06
-363565
-0.939943
0.00370376
0.0217455
0.000678377
0
0
0
1683488117.93708
msg_begin
7.75743e+06
-363566
-0.940952
0.00210751
0.0026562
4.33279e-05
0
0
0
1683488117.98703
msg_begin
7.75743e+06
-363566
-0.940883
7.45058e-08
2.44472e-09
1.66533e-15
0
0
0
1683488118.03697
msg_begin
7.75743e+06
-363567
-0.941308
0.013437
0.0162859
0.000643749
0
0
0
1683488118.08690
msg_begin
7.75743e+06
-363567
-0.941973
0.0101021
0.01275
0.000217847
0
0
0
1683488118.13726
msg_begin
7.75743e+06
-363567
-0.938622
0.000575059
0.00130646
0.000133995
0
0
0
1683488118.18678
msg_begin
7.75743e+06
-363568
-0.941717
0.0122785
0.0157033
0.00152018
0
0
0
1683488118.23676
msg_begin
7.75743e+06
-363568
-0.943425
0.00230341
0.00225308
0.000198692
0
0
0
1683488118.28662
msg_begin
7.75743e+06
-363569
-0.939471
0.00367689
0.00496989
6.98891e-05
0
0
0
1683488118.33695
msg_begin
7.75743e+06
-363569
-0.937355
0.00623801
0.00179708
0.000985074
0
0
0
1683488118.38651
msg_begin
7.75743e+06
-363569
-0.938699
0.00620462
0.00540496
0.000129093
0
0
0
1683488118.43644
msg_begin
7.75743e+06
-363570
-0.939196
0.000544854
0.00061162
6.07036e-05
0
0
0
1683488118.48637
msg_begin
7.75743e+06
-363570
-0.937114
0.0153835
0.00791406
0.00111393
0
0
0
1683488118.53622
msg_begin
7.75743e+06
-363571
-0.94099
0.00934001
0.0127964
0.000209939
0
0
0
1683488118.58611
msg_begin
7.75743e+06
-363571
-0.9417
0.000749722
0.00187173
0.000470216
0
0
0
1683488118.63603
msg_begin
7.75743e+06
-363571
-0.940893
0.0147236
0.0287104
0.000981871
0
0
0
1683488118.68609
msg_begin
7.75743e+06
-363572
-0.94196
0.00371909
0.0105749
0.000431941
0
0
0
1683488118.73621
msg_begin
7.75743e+06
-363572
-0.942305
0.0165714
0.0183206
0.000724856
0
0
0
1683488118.78577
msg_begin
7.75743e+06
-363573
-0.942404
9.31323e-08
2.15368e-09
2.44249e-15
0
0
0
1683488118.83572
msg_begin
7.75743e+06
-363573
-0.941021
0.000227631
0.000585714
1.98336e-05
0
0
0
1683488118.88564
msg_begin
7.75743e+06
-363573
-0.938928
0.000219673
0.000447879
4.52629e-05
0
0
0
1683488118.93685
msg_begin
7.75743e+06
-363574
-0.942111
0.00531885
0.00558028
0.000393064
0
0
0
1683488118.98565
msg_begin
7.75743e+06
-363574
-0.940429
0.0156523
0.0131096
0.001185
0
0
0
1683488119.03570
msg_begin
7.75744e+06
-363575
-0.936869
5.58794e-08
5.82077e-10
3.77476e-15
0
0
0
1683488119.08580
msg_begin
7.75744e+06
-363575
-0.936841
0.0186638
0.0105024
0.000510839
0
0
0
1683488119.13636
msg_begin
7.75744e+06
-363575
-0.935668
0.0484298
0.0552069
0.000577264
0
0
0
1683488119.18568
msg_begin
7.75744e+06
-363576
-0.933022
0.000510512
0.000303518
0.000147031
0
0
0
1683488119.23572
msg_begin
7.75744e+06
-363576
-0.933524
0.00304761
0.00576747
5.17447e-05
0
0
0
1683488119.28564
msg_begin
7.75744e+06
-363577
-0.936272
1.67881e-05
0.000624158
0.000123067
0
0
0
1683488119.33564
msg_begin
7.75744e+06
-363577
-0.934384
0.000209213
0.000835545
3.06507e-05
0
0
0
1683488119.38555
msg_begin
7.75744e+06
-363578
-0.935044
0.00581928
0.0113851
0.000243593
0
0
0
1683488119.43551
msg_begin
7.75744e+06
-363578
-0.933397
0.000142951
0.00302794
0.000136877
0
0
0
1683488119.48545
msg_begin
7.75744e+06
-363578
-0.939175
0.00381186
0.00413991
0.0002961
0
0
0
1683488119.53546
msg_begin
7.75744e+06
-363579
-0.938923
9.22009e-08
2.91038e-10
4.32987e-15
0
0
0
1683488119.58541
msg_begin
7.75744e+06
-363579
-0.936128
0.0134073
0.0154206
0.00074503
0
0
0
1683488119.63533
msg_begin
7.75744e+06
-363579
-0.938334
0.0133448
0.0186385
0.00213683
0
0
0
1683488119.68523
msg_begin
7.75744e+06
-363580
-0.941507
0.00841993
0.0104681
0.00103599
0
0
0
1683488119.73526
msg_begin
7.75744e+06
-363580
-0.940823
2.86352e-06
0.00334337
3.76672e-05
0
0
0
1683488119.78528
msg_begin
7.75744e+06
-363581
-0.938817
0.00213328
0.00382782
0.000128251
0
0
0
1683488119.83530
msg_begin
7.75744e+06
-363581
-0.938045
3.07336e-08
5.23869e-10
1.33227e-15
0
0
0
1683488119.88528
msg_begin
7.75744e+06
-363581
-0.937133
0.0155958
0.0154024
0.000843241
0
0
0
1683488119.93537
msg_begin
7.75744e+06
-363582
-0.934674
0.00171114
0.00047011
4.38848e-05
0
0
0
1683488119.98542
msg_begin
7.75744e+06
-363582
-0.936925
2.23517e-08
1.68802e-09
4.996e-15
0
0
0
1683488120.03547
msg_begin
7.75744e+06
-363583
-0.936589
0.000282604
0.00171282
2.56173e-05
0
0
0
1683488120.08544
msg_begin
7.75744e+06
-363583
-0.936248
6.35926e-05
0.000727747
2.23644e-05
0
0
0
1683488120.13551
msg_begin
7.75744e+06
-363584
-0.936999
0.000980774
0.000149575
7.97614e-05
0
0
0
1683488120.18557
msg_begin
7.75744e+06
-363584
-0.937292
1.86265e-08
1.16415e-10
3.10862e-15
0
0
0
1683488120.23554
msg_begin
7.75744e+06
-363584
-0.93992
6.14673e-08
2.38651e-09
2.22045e-16
0
0
0
1683488120.28560
msg_begin
7.75744e+06
-363585
-0.937591
3.91155e-08
1.74623e-09
1.33227e-15
0
0
0
1683488120.33558
msg_begin
7.75744e+06
-363585
-0.939798
0.00196161
0.00527993
0.000166792
0
0
0
1683488120.38561
msg_begin
7.75744e+06
-363586
-0.941331
0.0281833
0.0225538
0.0010399
0
0
0
1683488120.43561
msg_begin
7.75744e+06
-363586
-0.942
8.19564e-08
2.03727e-09
4.44089e-15
0
0
0
1683488120.48555
msg_begin
7.75744e+06
-363587
-0.944099
0.00119788
0.012512
0.000153335
0
0
0
1683488120.53561
msg_begin
7.75744e+06
-363587
-0.943842
0.00048749
0.000620137
0.000118491
0
0
0
1683488120.58557
msg_begin
7.75744e+06
-363587
-0.943148
0.000350127
0.00414308
1.63086e-05
0
0
0
1683488120.63560
msg_begin
7.75745e+06
-363588
-0.942592
0.00245314
0.00225732
0.00030595
0
0
0
1683488120.68618
msg_begin
7.75745e+06
-363588
-0.945075
0.0157471
0.00517224
0.000579831
0
0
0
1683488120.73670
msg_begin
7.75745e+06
-363589
-0.945598
0.00683013
0.00378749
0.000516642
0
0
0
1683488120.78556
msg_begin
7.75745e+06
-363589
-0.942587
0.00212396
0.00295922
0.000343396
0
0
0
1683488120.83562
msg_begin
7.75745e+06
-363589
-0.942273
0.000569782
0.000583081
2.41762e-05
0
0
0
1683488120.88560
msg_begin
7.75745e+06
-363590
-0.942837
0.0056885
0.00471481
0.000513592
0
0
0
1683488120.93578
msg_begin
7.75745e+06
-363590
-0.942411
0.000154737
0.00184031
9.75871e-05
0
0
0
1683488120.98570
msg_begin
7.75745e+06
-363591
-0.943882
0.000700023
0.000363232
7.51192e-05
0
0
0
1683488121.03578
msg_begin
7.75745e+06
-363591
-0.945087
0.00708711
0.00623132
0.000323596
0
0
0
1683488121.08588
msg_begin
7.75745e+06
-363592
-0.947703
0.00107025
0.00327486
0.000119347
0
0
0
1683488121.13616
msg_begin
7.75745e+06
-363592
-0.948676
2.04891e-08
1.22236e-09
5.10703e-15
0
0
0
1683488121.18593
msg_begin
7.75745e+06
-363592
-0.94848
0.00478487
0.00541024
0.000498424
0
0
0
1683488121.23603
msg_begin
7.75745e+06
-363593
-0.945183
0.0016857
0.00301951
0.000530388
0
0
0
1683488121.28615
msg_begin
7.75745e+06
-363593
-0.944932
0.0184087
0.0122501
0.00143137
0
0
0
1683488121.33769
msg_begin
7.75745e+06
-363594
-0.946975
0.0139045
0.0085682
0.000736144
0
0
0
1683488121.38622
msg_begin
7.75745e+06
-363594
-0.942563
0.00137254
0.00432885
0.000446915
0
0
0
1683488121.43631
msg_begin
7.75745e+06
-363594
-0.938982
0.00237441
0.000506889
5.96043e-05
0
0
0
1683488121.48637
msg_begin
7.75745e+06
-363595
-0.943215
8.3819e-09
2.91038e-09
1.9984e-15
0
0
0
1683488121.53640
msg_begin
7.75745e+06
-363595
-0.941809
0.00347192
0.00143807
0.00028482
0
0
0
1683488121.58637
msg_begin
7.75745e+06
-363596
-0.941538
0.00574667
0.00641487
0.000194686
0
0
0
1683488121.63636
msg_begin
7.75745e+06
-363596
-0.94083
9.31323e-10
3.72529e-09
2.55351e-15
0
0
0
1683488121.68632
msg_begin
7.75745e+06
-363597
-0.937534
0.00303444
0.00295201
8.2431e-05
0
0
0
1683488121.73627
msg_begin
7.75745e+06
-363597
-0.937304
0.0319715
0.030305
0.000186348
0
0
0
1683488121.78628
msg_begin
7.75745e+06
-363597
-0.934676
0.0301203
0.0243731
0.00107022
0
0
0
1683488121.83619
msg_begin
7.75745e+06
-363598
-0.934815
0.00392494
0.0158245
0.000876466
0
0
0
1683488121.88610
msg_begin
7.75745e+06
-363598
-0.934873
0.0110557
0.00789071
0.000551492
0
0
0
1683488121.93607
msg_begin
7.75745e+06
-363599
-0.93431
0.00689872
0.00412371
0.000339659
0
0
0
1683488121.98600
msg_begin
7.75745e+06
-363599
-0.934697
0.00856561
0.00191968
0.00026748
0
0
0
1683488122.03590
msg_begin
7.75745e+06
-363600
-0.933744
0.0192287
0.0450457
0.00127837
0
0
0
1683488122.08586
msg_begin
7.75745e+06
-363600
-0.930946
0.00596099
0.0152446
0.000709419
0
0
0
1683488122.13590
msg_begin
7.75745e+06
-363601
-0.931725
1.21072e-08
3.84171e-09
2.44249e-15
0
0
0
1683488122.18583
msg_begin
7.75745e+06
-363601
-0.929522
0.00458075
0.00740753
0.000275634
0
0
0
1683488122.23583
msg_begin
7.75746e+06
-363601
-0.929678
5.30854e-08
1.22236e-09
1.44329e-15
0
0
0
1683488122.28581
msg_begin
7.75746e+06
-363602
-0.927439
0.00751276
0.00865473
0.000988999
0
0
0
1683488122.33586
msg_begin
7.75746e+06
-363602
-0.926582
0.0085912
0.00618771
0.00102806
0
0
0
1683488122.38585
msg_begin
7.75746e+06
-363603
-0.925873
9.31323e-10
3.31784e-09
2.77556e-15
0
0
0
1683488122.43586
msg_begin
7.75746e+06
-363603
-0.924754
0.00777703
0.00359016
0.000181756
0
0
0
1683488122.48588
msg_begin
7.75746e+06
-363604
-0.926147
0.00132984
0.00196433
5.93592e-05
0
0
0
1683488122.53587
msg_begin
7.75746e+06
-363604
-0.927325
0.0311638
0.0475588
0.00129504
0
0
0
1683488122.58594
msg_begin
7.75746e+06
-363604
-0.924182
0.0127447
0.00878025
0.000599881
0
0
0
1683488122.63592
msg_begin
7.75746e+06
-363605
-0.922403
0.00465982
0.00613828
0.000806834
0
0
0
1683488122.68590
msg_begin
7.75746e+06
-363605
-0.924806
2.04891e-08
3.0268e-09
1.55431e-15
0
0
0
1683488122.73652
msg_begin
7.75746e+06
-363606
-0.924771
0.00953529
0.020524
0.000438722
0
0
0
1683488122.78597
msg_begin
7.75746e+06
-363606
-0.922855
0.0134314
0.0282088
0.000862594
0
0
0
1683488122.83593
msg_begin
7.75746e+06
-363606
-0.92237
0.0113127
0.011614
0.000578312
0
0
0
1683488122.88597
msg_begin
7.75746e+06
-363607
-0.921493
0.0369728
0.0443749
0.00236632
0
0
0
1683488122.93600
msg_begin
7.75746e+06
-363607
-0.920469
0.00155183
0.00103207
2.28942e-05
0
0
0
1683488122.98593
msg_begin
7.75746e+06
-363608
-0.917959
0.0043389
0.00693799
0.000276368
0
0
0
1683488123.03591
msg_begin
7.75746e+06
-363608
-0.92063
0.00168279
0.0010929
0.00010203
0
0
0
1683488123.08590
msg_begin
7.75746e+06
-363608
-0.916145
0.00656758
0.0104703
0.000185287
0
0
0
1683488123.13630
msg_begin
7.75746e+06
-363609
-0.9183
0.00966962
0.00683681
0.000269379
0
0
0
1683488123.18583
msg_begin
7.75746e+06
-363609
-0.915628
0.00610621
0.00747478
0.000442164
0
0
0
1683488123.23581
msg_begin
7.75746e+06
-363610
-0.916758
0.00261732
0.00252229
0.000112032
0
0
0
1683488123.28571
msg_begin
7.75746e+06
-363610
-0.914373
0.00839044
0.0127079
0.000301828
0
0
0
1683488123.33634
msg_begin
7.75746e+06
-363610
-0.913278
0.00145381
0.00165399
0.000140666
0
0
0
1683488123.38557
msg_begin
7.75746e+06
-363611
-0.914074
0.0014421
0.00134072
0.000393747
0
0
0
1683488123.43554
msg_begin
7.75746e+06
-363611
-0.916368
0.00143666
0.00116677
9.3612e-05
0
0
0
1683488123.48539
msg_begin
7.75746e+06
-363612
-0.91652
0.000530815
0.000858869
4.60754e-05
0
0
0
1683488123.53538
msg_begin
7.75746e+06
-363612
-0.916642
0.00720459
0.00840563
0.000677507
0
0
0
1683488123.58539
msg_begin
7.75746e+06
-363613
-0.91141
7.26432e-08
1.86265e-09
8.88178e-16
0
0
0
1683488123.63525
msg_begin
7.75746e+06
-363613
-0.914509
6.79865e-08
3.31784e-09
2.77556e-15
0
0
0
1683488123.68521
msg_begin
7.75746e+06
-363614
-0.913706
0.000606946
0.000293196
0.000148049
0
0
0
1683488123.73529
msg_begin
7.75746e+06
-363614
-0.912254
0.00602939
0.00227236
0.000180999
0
0
0
1683488123.78529
msg_begin
7.75747e+06
-363614
-0.913816
0
1.57161e-09
2.77556e-15
0
0
0
1683488123.83532
msg_begin
7.75747e+06
-363615
-0.909081
4.56348e-08
1.74623e-09
2.33147e-15
0
0
0
1683488123.88534
msg_begin
7.75747e+06
-363615
-0.908197
0.00174869
0.00345885
0.00018744
0
0
0
1683488123.93535
msg_begin
7.75747e+06
-363616
-0.906154
1.76951e-08
3.14321e-09
8.88178e-16
0
0
0
1683488123.98543
msg_begin
7.75747e+06
-363616
-0.906996
0.00839316
0.0132778
0.000543809
0
0
0
1683488124.03542
msg_begin
7.75747e+06
-363616
-0.910648
7.82311e-08
2.15368e-09
2.55351e-15
0
0
0
1683488124.08533
msg_begin
7.75747e+06
-363617
-0.910825
0.00403306
0.00622587
0.0003751
0
0
0
1683488124.13533
msg_begin
7.75747e+06
-363617
-0.912637
7.82311e-08
2.09548e-09
4.55191e-15
0
0
0
1683488124.18534
msg_begin
7.75747e+06
-363618
-0.913043
0.00275899
0.0268719
0.00112727
0
0
0
1683488124.23536
msg_begin
7.75747e+06
-363618
-0.910553
0.016076
0.0173941
0.000398306
0
0
0
1683488124.28540
msg_begin
7.75747e+06
-363619
-0.911098
0.00088496
0.00017508
0.000341509
0
0
0
1683488124.33537
msg_begin
7.75747e+06
-363619
-0.914347
0.00314786
0.00656147
0.000479613
0
0
0
1683488124.38543
msg_begin
7.75747e+06
-363620
-0.911213
0.0188182
0.0237882
0.000644826
0
0
0
1683488124.43543
msg_begin
7.75747e+06
-363620
-0.910875
0.00020021
0.000413351
2.37318e-05
0
0
0
1683488124.48550
msg_begin
7.75747e+06
-363620
-0.909401
0.0118745
0.00404048
0.000406515
0
0
0
1683488124.53544
msg_begin
7.75747e+06
-363621
-0.90597
0.0198256
0.0217469
0.00148578
0
0
0
1683488124.58545
msg_begin
7.75747e+06
-363621
-0.907104
0.00113023
0.000488955
2.36506e-05
0
0
0
1683488124.63543
msg_begin
7.75747e+06
-363622
-0.907734
0.00281342
0.00128966
9.44388e-05
0
0
0
1683488124.68545
msg_begin
7.75747e+06
-363622
-0.908978
0.00456603
0.0061984
0.00080061
0
0
0
1683488124.73576
msg_begin
7.75747e+06
-363623
-0.910184
0.0114196
0.0154231
0.000699038
0
0
0
1683488124.78553
msg_begin
7.75747e+06
-363623
-0.908006
0.0187985
0.00267557
0.00184006
0
0
0
1683488124.83560
msg_begin
7.75747e+06
-363623
-0.906486
2.98023e-08
3.31784e-09
1.11022e-16
0
0
0
1683488124.88560
msg_begin
7.75747e+06
-363624
-0.906344
0.0117053
0.0111987
0.00012995
0
0
0
1683488124.93566
msg_begin
7.75747e+06
-363624
-0.905399
0.00587181
0.00681782
0.000322002
0
0
0
1683488124.98557
msg_begin
7.75747e+06
-363625
-0.904453
0.0416195
0.055153
0.00210029
0
0
0
1683488125.03547
msg_begin
7.75747e+06
-363625
-0.904753
0.00333513
0.00116357
0.000111243
0
0
0
1683488125.08558
msg_begin
7.75747e+06
-363626
-0.900256
0.0367332
0.0353936
0.000880041
0
0
0
1683488125.13597
msg_begin
7.75747e+06
-363626
-0.898149
0.000940527
0.00227458
0.000381261
0
0
0
1683488125.18562
msg_begin
7.75747e+06
-363626
-0.89843
0.00408095
0.00484736
0.00019243
0
0
0
1683488125.23566
msg_begin
7.75747e+06
-363627
-0.896591
0.00217326
0.00230132
0.000593501
0
0
0
1683488125.28559
msg_begin
7.75748e+06
-363627
-0.89621
0.0151947
0.00951493
0.000544603
0
0
0
1683488125.33674
msg_begin
7.75748e+06
-363628
-0.892057
0.0336113
0.0309456
0.000565356
0
0
0
1683488125.38562
msg_begin
7.75748e+06
-363628
-0.886345
8.00937e-08
1.80444e-09
3.77476e-15
0
0
0
1683488125.43575
msg_begin
7.75748e+06
-363628
-0.886755
0.000913452
0.00292464
0.000249135
0
0
0
1683488125.48570
msg_begin
7.75748e+06
-363629
-0.887519
0.000584964
0.00241289
0.000200469
0
0
0
1683488125.53565
msg_begin
7.75748e+06
-363629
-0.884898
0.0089537
0.0141863
0.00177692
0
0
0
1683488125.58574
msg_begin
7.75748e+06
-363630
-0.879156
0.0525369
0.049286
0.000239363
0
0
0
1683488125.63559
msg_begin
7.75748e+06
-363630
-0.877975
6.14673e-08
2.79397e-09
1.22125e-15
0
0
0
1683488125.68565
msg_begin
7.75748e+06
-363631
-0.875988
0.00681051
0.00393192
0.000338611
0
0
0
1683488125.73562
msg_begin
7.75748e+06
-363631
-0.87236
0.00919954
0.00590372
0.000275959
0
0
0
1683488125.78564
msg_begin
7.75748e+06
-363631
-0.867973
0.0259376
0.0354731
0.000237325
0
0
0
1683488125.83567
msg_begin
7.75748e+06
-363632
-0.858688
0.000316316
0.000956837
2.68e-05
0
0
0
1683488125.88564
msg_begin
7.75748e+06
-363632
-0.852205
0.0131247
0.0147692
0.000985916
0
0
0
1683488125.93565
msg_begin
7.75748e+06
-363632
-0.850512
0.0134537
0.0132593
0.000784242
0
0
0
1683488125.98567
msg_begin
7.75748e+06
-363633
-0.849505
0.00999272
0.0139966
0.000529868
0
0
0
1683488126.03569
msg_begin
7.75748e+06
-363633
-0.841803
0.000140999
0.000831332
2.48188e-06
0
0
0
1683488126.08573
msg_begin
7.75748e+06
-363634
-0.834887
9.31323e-10
2.03727e-09
1.11022e-16
0
0
0
1683488126.13572
msg_begin
7.75748e+06
-363634
-0.82631
2.32831e-08
3.66708e-09
2.22045e-16
0
0
0
1683488126.18578
msg_begin
7.75748e+06
-363634
-0.824407
0.00586681
0.00680668
0.00118263
0
0
0
1683488126.23574
msg_begin
7.75748e+06
-363635
-0.817301
0.0211245
0.0228122
0.00214888
0
0
0
1683488126.28568
msg_begin
7.75748e+06
-363635
-0.812621
0.00538561
0.00636626
0.000545756
0
0
0
1683488126.33566
msg_begin
7.75748e+06
-363635
-0.800851
0.00954105
0.0108312
0.00322506
0
0
0
1683488126.38560
msg_begin
7.75748e+06
-363636
-0.798893
0.0015632
0.00316326
0.000169842
0
0
0
1683488126.43553
msg_begin
7.75748e+06
-363636
-0.799514
0.0205441
0.0213084
0.00152572
0
0
0
1683488126.48539
msg_begin
7.75748e+06
-363637
-0.79808
0.00771697
0.00885227
0.000917086
0
0
0
1683488126.53529
msg_begin
7.75748e+06
-363637
-0.783472
0.00227203
0.00185154
6.66838e-05
0
0
0
1683488126.58515
msg_begin
7.75748e+06
-363637
-0.776435
0.00843906
0.0125301
0.000682026
0
0
0
1683488126.63523
msg_begin
7.75748e+06
-363638
-0.762565
8.84756e-08
1.86265e-09
5.21805e-15
0
0
0
1683488126.68492
msg_begin
7.75749e+06
-363638
-0.749091
0.00585802
0.00588788
0.000448909
0
0
0
1683488126.73554
msg_begin
7.75749e+06
-363639
-0.748879
5.7742e-08
3.89991e-09
7.77156e-16
0
0
0
1683488126.78489
msg_begin
7.75749e+06
-363639
-0.741062
1.21072e-08
3.0268e-09
9.99201e-16
0
0
0
1683488126.83481
msg_begin
7.75749e+06
-363639
-0.73316
0.00304223
0.00533188
0.000266623
0
0
0
1683488126.88481
msg_begin
7.75749e+06
-363639
-0.729086
0.0527719
0.0413603
0.00116089
0
0
0
1683488126.93560
msg_begin
7.75749e+06
-363640
-0.721581
0.00926235
0.00698883
0.000288251
0
0
0
1683488126.98475
msg_begin
7.75749e+06
-363640
-0.712921
0.00673916
0.00297772
0.000189295
0
0
0
1683488127.03473
msg_begin
7.75749e+06
-363640
-0.706992
1.58325e-08
3.49246e-10
3.10862e-15
0
0
0
1683488127.08471
msg_begin
7.75749e+06
-363641
-0.698552
0.000726073
0.000113061
0.000190891
0
0
0
1683488127.13511
msg_begin
7.75749e+06
-363641
-0.692024
2.23517e-08
1.68802e-09
2.66454e-15
0
0
0
1683488127.18466
msg_begin
7.75749e+06
-363642
-0.687216
0.0176398
0.0178583
0.0016224
0
0
0
1683488127.23464
msg_begin
7.75749e+06
-363642
-0.686612
0.00253474
0.00312896
0.000263811
0
0
0
1683488127.28471
msg_begin
7.75749e+06
-363642
-0.679142
0.0282715
0.0130621
0.00111558
0
0
0
1683488127.33571
msg_begin
7.75749e+06
-363642
-0.676555
5.7742e-08
2.21189e-09
3.55271e-15
0
0
0
1683488127.38472
msg_begin
7.75749e+06
-363643
-0.669092
1.21072e-08
3.0268e-09
8.88178e-16
0
0
0
1683488127.43479
msg_begin
7.75749e+06
-363643
-0.665429
0.00285695
0.00347583
0.000170418
0
0
0
1683488127.48490
msg_begin
7.75749e+06
-363643
-0.659595
0.00491724
0.00325068
0.000223323
0
0
0
1683488127.53487
msg_begin
7.75749e+06
-363644
-0.656334
2.70084e-08
3.49246e-10
3.55271e-15
0
0
0
1683488127.58496
msg_begin
7.75749e+06
-363644
-0.646679
0.0025394
0.00860023
0.000612124
0
0
0
1683488127.63491
msg_begin
7.75749e+06
-363644
-0.639925
0.00166872
0.00164898
0.000740779
0
0
0
1683488127.68497
msg_begin
7.75749e+06
-363645
-0.632239
0.0119398
0.0134485
0.000544992
0
0
0
1683488127.73503
msg_begin
7.75749e+06
-363645
-0.625662
0.00352839
0.00188081
0.000412456
0
0
0
1683488127.78511
msg_begin
7.75749e+06
-363645
-0.621588
0.000453333
0.00164445
7.15549e-06
0
0
0
1683488127.83515
msg_begin
7.75749e+06
-363646
-0.61608
0.00581699
0.00262757
0.000702677
0
0
0
1683488127.88530
msg_begin
7.7575e+06
-363646
-0.60855
0.000890707
0.00118886
0.000143151
0
0
0
1683488127.93528
msg_begin
7.7575e+06
-363646
-0.601355
0.000664969
5.4714e-05
1.74176e-05
0
0
0
1683488127.98540
msg_begin
7.7575e+06
-363647
-0.592784
0.00791461
0.0112926
0.00211094
0
0
0
1683488128.03540
msg_begin
7.7575e+06
-363647
-0.588863
0.00134462
0.000110714
5.2884e-05
0
0
0
1683488128.08547
msg_begin
7.7575e+06
-363647
-0.581261
0.0273945
0.0191561
0.00272455
0
0
0
1683488128.13546
msg_begin
7.7575e+06
-363648
-0.579899
0.0451506
0.0218548
0.00124313
0
0
0
1683488128.18542
msg_begin
7.7575e+06
-363648
-0.572335
0.000390629
0.00133942
8.99827e-05
0
0
0
1683488128.23541
msg_begin
7.7575e+06
-363648
-0.559826
0.010083
0.00861119
0.000613322
0
0
0
1683488128.28534
msg_begin
7.7575e+06
-363648
-0.554488
0.00276052
0.000662827
3.51339e-05
0
0
0
1683488128.33528
msg_begin
7.7575e+06
-363649
-0.548368
0.0194602
0.0255476
0.00102593
0
0
0
1683488128.38524
msg_begin
7.7575e+06
-363649
-0.545051
0.00506517
0.0222185
0.000413884
0
0
0
1683488128.43521
msg_begin
7.7575e+06
-363649
-0.532588
0.00628728
0.00317785
0.000350382
0
0
0
1683488128.48515
msg_begin
7.7575e+06
-363649
-0.529361
0.000754592
0.0138926
0.000568767
0
0
0
1683488128.53514
msg_begin
7.7575e+06
-363650
-0.522973
0.045024
0.0370571
0.00340342
0
0
0
1683488128.58513
msg_begin
7.7575e+06
-363650
-0.51164
0.0137167
0.00527876
0.000305856
0
0
0
1683488128.63515
msg_begin
7.7575e+06
-363650
-0.501158
0.0166946
0.00906004
0.000301954
0
0
0
1683488128.68515
msg_begin
7.7575e+06
-363650
-0.48905
0.010543
0.00597011
0.000743091
0
0
0
1683488128.73575
msg_begin
7.7575e+06
-363651
-0.481619
0.019015
0.0116183
0.00171935
0
0
0
1683488128.78525
msg_begin
7.7575e+06
-363651
-0.480468
0.0323002
0.0223553
0.00115953
0
0
0
1683488128.83523
msg_begin
7.7575e+06
-363651
-0.476564
0.0226456
0.0151664
0.00189336
0
0
0
1683488128.88532
msg_begin
7.7575e+06
-363651
-0.465664
0.0218419
0.0178928
0.00101703
0
0
0
1683488128.93654
msg_begin
7.7575e+06
-363651
-0.458757
0.000953707
0.000479343
1.80049e-05
0
0
0
1683488128.98530
msg_begin
7.75751e+06
-363652
-0.451368
0.0226166
0.0134815
0.00163927
0
0
0
1683488129.03540
msg_begin
7.75751e+06
-363652
-0.445677
0.0102392
0.0155072
0.00162317
0
0
0
1683488129.08531
msg_begin
7.75751e+06
-363652
-0.438035
0.0332173
0.0123513
0.00206375
0
0
0
1683488129.13650
msg_begin
7.75751e+06
-363653
-0.425575
5.68107e-08
5.82077e-11
3.33067e-16
0
0
0
1683488129.23531
msg_begin
7.75751e+06
-363653
-0.420549
0.00769692
0.0041145
0.000439543
0
0
0
1683488129.28519
msg_begin
7.75751e+06
-363653
-0.413497
0.00828051
0.00289755
0.000177256
0
0
0
1683488129.33584
msg_begin
7.75751e+06
-363653
-0.409491
0.0163203
0.0161899
0.00101777
0
0
0
1683488129.38509
msg_begin
7.75751e+06
-363653
-0.402493
2.79397e-09
2.56114e-09
1.33227e-15
0
0
0
1683488129.43500
msg_begin
7.75751e+06
-363654
-0.396913
0.00985588
0.0148389
0.000978344
0
0
0
1683488129.48499
msg_begin
7.75751e+06
-363654
-0.387371
0.0195977
0.0110006
0.00270456
0
0
0
1683488129.53489
msg_begin
7.75751e+06
-363654
-0.382457
0.0104363
0.00429597
0.000298051
0
0
0
1683488129.58481
msg_begin
7.75751e+06
-363654
-0.381013
0.0195508
0.00427777
0.000512209
0
0
0
1683488129.63475
msg_begin
7.75751e+06
-363654
-0.372604
0.0233717
0.00873066
0.000865582
0
0
0
1683488129.68471
msg_begin
7.75751e+06
-363654
-0.363843
0.0500106
0.0223417
0.00141848
0
0
0
1683488129.73463
msg_begin
7.75751e+06
-363655
-0.360372
0.0389583
0.00749884
0.000807093
0
0
0
1683488129.78454
msg_begin
7.75751e+06
-363655
-0.351963
0.0238727
0.0086968
0.000269725
0
0
0
1683488129.83447
msg_begin
7.75751e+06
-363655
-0.340064
0.00390432
0.00214426
0.000112741
0
0
0
1683488129.88437
msg_begin
7.75751e+06
-363655
-0.327308
0.00254584
0.00283904
0.000252889
0
0
0
1683488129.93426
msg_begin
7.75751e+06
-363655
-0.319175
0.00906897
0.00548664
0.000299458
0
0
0
1683488129.98424
msg_begin
7.75751e+06
-363655
-0.320588
0.0160704
0.00567029
0.00118343
0
0
0
1683488130.03420
msg_begin
7.75752e+06
-363656
-0.315722
0.0258091
0.0118403
0.0026118
0
0
0
1683488130.08415
msg_begin
7.75752e+06
-363656
-0.302085
0.0062179
0.0018457
0.000182948
0
0
0
1683488130.13411
msg_begin
7.75752e+06
-363656
-0.298036
0.00335183
0.00765211
0.000542368
0
0
0
1683488130.18410
msg_begin
7.75752e+06
-363656
-0.291695
0.0544641
0.00961411
0.00195004
0
0
0
1683488130.23411
msg_begin
7.75752e+06
-363656
-0.290365
0.00510513
0.00050458
8.18852e-05
0
0
0
1683488130.28398
msg_begin
7.75752e+06
-363656
-0.283246
0.0109957
0.0068674
0.000378197
0
0
0
1683488130.33404
msg_begin
7.75752e+06
-363656
-0.270238
0.00776227
0.00235588
0.000346416
0
0
0
1683488130.38405
msg_begin
7.75752e+06
-363657
-0.266233
0.0056062
0.00247466
0.000297344
0
0
0
1683488130.43409
msg_begin
7.75752e+06
-363657
-0.252313
3.1665e-08
2.79397e-09
4.44089e-16
0
0
0
1683488130.48402
msg_begin
7.75752e+06
-363657
-0.250183
0.00789612
0.00258238
0.000636477
0
0
0
1683488130.53406
msg_begin
7.75752e+06
-363657
-0.240374
0.00957069
0.00558055
0.00122483
0
0
0
1683488130.58403
msg_begin
7.75752e+06
-363657
-0.237609
0.0500678
0.0147124
0.000328333
0
0
0
1683488130.63400
msg_begin
7.75752e+06
-363657
-0.236235
0.0306516
0.00992714
0.000762535
0
0
0
1683488130.68397
msg_begin
7.75752e+06
-363657
-0.228606
0.00948557
0.00548135
0.000964939
0
0
0
1683488130.73504
msg_begin
7.75752e+06
-363657
-0.217933
0.0353531
0.0157753
0.00132748
0
0
0
1683488130.78393
msg_begin
7.75752e+06
-363658
-0.207098
0.0134299
0.0064802
0.00240053
0
0
0
1683488130.83398
msg_begin
7.75752e+06
-363658
-0.200545
0.00513716
0.00172158
0.000110974
0
0
0
1683488130.88387
msg_begin
7.75752e+06
-363658
-0.19873
0.0349046
0.00908742
0.00263139
0
0
0
1683488130.93503
msg_begin
7.75752e+06
-363658
-0.196502
0.0229061
0.00300843
0.000637146
0
0
0
1683488130.98386
msg_begin
7.75752e+06
-363658
-0.187007
0.0261571
0.00790848
0.00103013
0
0
0
1683488131.03378
msg_begin
7.75753e+06
-363658
-0.179752
0.00752224
0.00379726
0.000450511
0
0
0
1683488131.08386
msg_begin
7.75753e+06
-363658
-0.173836
0.00440673
0.00134529
0.000326741
0
0
0
1683488131.13485
msg_begin
7.75753e+06
-363658
-0.165697
0.0140337
0.00563013
0.00086642
0
0
0
1683488131.18380
msg_begin
7.75753e+06
-363658
-0.158494
0.00781186
0.00808005
0.00125474
0
0
0
1683488131.23369
msg_begin
7.75753e+06
-363658
-0.153154
0.0161333
0.00459219
0.000965986
0
0
0
1683488131.28375
msg_begin
7.75753e+06
-363658
-0.149286
0.0085687
0.00394401
0.000801369
0
0
0
1683488131.33491
msg_begin
7.75753e+06
-363659
-0.141964
0.0514057
0.0103292
0.000887862
0
0
0
1683488131.38368
msg_begin
7.75753e+06
-363659
-0.136027
0.0154311
0.00773719
0.000843463
0
0
0
1683488131.43376
msg_begin
7.75753e+06
-363659
-0.131238
0.0298642
0.0161682
0.00195046
0
0
0
1683488131.48382
msg_begin
7.75753e+06
-363659
-0.128751
0.0179364
0.00215907
0.00161336
0
0
0
1683488131.53380
msg_begin
7.75753e+06
-363659
-0.118793
0.00259656
0.00133913
0.000229903
0
0
0
1683488131.58387
msg_begin
7.75753e+06
-363659
-0.112429
5.7742e-08
4.13274e-09
4.57967e-16
0
0
0
1683488131.63388
msg_begin
7.75753e+06
-363659
-0.11142
0.00228798
0.00163541
0.000926847
0
0
0
1683488131.68399
msg_begin
7.75753e+06
-363659
-0.10575
0.00333303
0.000590503
9.14655e-05
0
0
0
1683488131.73399
msg_begin
7.75753e+06
-363659
-0.101179
0.0127291
0.00237361
0.000471478
0
0
0
1683488131.78395
msg_begin
7.75753e+06
-363659
-0.103214
6.89179e-08
2.91038e-10
2.91434e-16
0
0
0
1683488131.83394
msg_begin
7.75753e+06
-363659
-0.0965569
0.00803901
0.0078304
0.000702873
0
0
0
1683488131.88392
msg_begin
7.75753e+06
-363659
-0.0847419
0.018091
0.00326356
0.00114847
0
0
0
1683488131.93394
msg_begin
7.75753e+06
-363659
-0.0829849
0.0394662
0.00508368
0.00117612
0
0
0
1683488131.98391
msg_begin
7.75754e+06
-363659
-0.0810643
0.0398486
0.00762289
0.00141084
0
0
0
1683488132.03391
msg_begin
7.75754e+06
-363659
-0.0787475
0.00139386
0.000442769
0.000179965
0
0
0
1683488132.08398
msg_begin
7.75754e+06
-363659
-0.0734176
0.00683682
0.00417822
0.000727751
0
0
0
1683488132.13397
msg_begin
7.75754e+06
-363659
-0.0642587
0.000679354
0.00100323
0.000228182
0
0
0
1683488132.18397
msg_begin
7.75754e+06
-363659
-0.0590387
0.00839934
0.00229071
0.000499773
0
0
0
1683488132.23403
msg_begin
7.75754e+06
-363659
-0.0522165
0.00720699
0.00102858
0.000342022
0
0
0
1683488132.28401
msg_begin
7.75754e+06
-363659
-0.0511933
0.000987956
0.000675844
7.1066e-05
0
0
0
1683488132.33394
msg_begin
7.75754e+06
-363659
-0.0517639
0.000352953
0.00144426
0.000197532
0
0
0
1683488132.38391
msg_begin
7.75754e+06
-363659
-0.0480299
0.0279164
0.00346934
0.000384171
0
0
0
1683488132.43390
msg_begin
7.75754e+06
-363659
-0.0391278
0.00770456
0.00131669
0.000393963
0
0
0
1683488132.48386
msg_begin
7.75754e+06
-363659
-0.037917
0.0203289
0.00393964
0.000429444
0
0
0
1683488132.53384
msg_begin
7.75754e+06
-363659
-0.0369547
0.00378507
0.00351318
0.000118484
0
0
0
1683488132.58382
msg_begin
7.75754e+06
-363660
-0.0332832
0.0171004
0.000809749
0.000199294
0
0
0
1683488132.63377
msg_begin
7.75754e+06
-363660
-0.031922
0.00325322
0.000935265
0.000262105
0
0
0
1683488132.68377
msg_begin
7.75754e+06
-363660
-0.031032
0.00694375
0.00281374
0.000461412
0
0
0
1683488132.73375
msg_begin
7.75754e+06
-363660
-0.0259539
0.0284874
0.00237357
0.00189633
0
0
0
1683488132.78380
msg_begin
7.75754e+06
-363660
-0.0274216
0.000758859
0.000459823
0.00017816
0
0
0
1683488132.83379
msg_begin
7.75754e+06
-363660
-0.0215915
0.000230688
0.000373096
7.28338e-05
0
0
0
1683488132.88386
msg_begin
7.75754e+06
-363660
-0.0214633
0.00370235
0.00219134
0.000595539
0
0
0
1683488132.93383
msg_begin
7.75755e+06
-363660
-0.0118792
6.51926e-09
4.13274e-09
9.19403e-17
0
0
0
1683488133.03377
msg_begin
7.75755e+06
-363660
-0.00846623
0.0176461
0.000520226
0.000636165
0
0
0
1683488133.08372
msg_begin
7.75755e+06
-363660
-0.007788
0.0276984
0.00860911
0.000718031
0
0
0
1683488133.13369
msg_begin
7.75755e+06
-363660
-0.00302647
0.00810904
0.0051858
0.000595466
0
0
0
1683488133.18362
msg_begin
7.75755e+06
-363660
-0.00239399
1.58325e-08
1.16415e-10
1.47451e-17
0
0
0
1683488133.23361
msg_begin
7.75755e+06
-363660
-0.00098198
0.0160847
0.0044943
0.00115462
0
0
0
1683488133.28358
msg_begin
7.75755e+06
-363660
0.00390381
0.0115042
0.00445038
0.000560467
0
0
0
1683488133.33357
msg_begin
7.75755e+06
-363660
0.00350969
0.00280045
0.000759056
9.04115e-05
0
0
0
1683488133.38354
msg_begin
7.75755e+06
-363660
0.00431794
0.0332109
0.00480946
0.000503324
0
0
0
1683488133.43356
msg_begin
7.75755e+06
-363660
0.00543325
0.00265771
0.0103464
0.00155667
0
0
0
1683488133.48357
msg_begin
7.75755e+06
-363660
0.011771
0.00311226
0.000459149
0.000203467
0
0
0
1683488133.53365
msg_begin
7.75755e+06
-363660
0.010997
0.00267457
0.000130854
5.59082e-05
0
0
0
1683488133.58369
msg_begin
7.75755e+06
-363660
0.0100738
0.0349718
0.00197126
0.000104505
0
0
0
1683488133.63375
msg_begin
7.75755e+06
-363660
0.0113178
0.0137491
0.00063569
9.8042e-06
0
0
0
1683488133.68382
msg_begin
7.75755e+06
-363660
0.0207649
0.00522488
2.46932e-05
0.000523153
0
0
0
1683488133.73381
msg_begin
7.75755e+06
-363660
0.0233112
0.00650159
0.00183391
0.000382924
0
0
0
1683488133.78387
msg_begin
7.75755e+06
-363659
0.0281284
0.00460471
0.000509711
0.000215779
0
0
0
1683488133.83390
msg_begin
7.75755e+06
-363659
0.0306605
0.0268728
0.00521653
0.000298955
0
0
0
1683488133.88389
msg_begin
7.75756e+06
-363659
0.0310741
9.31323e-09
6.98492e-10
2.56739e-16
0
0
0
1683488133.93391
msg_begin
7.75756e+06
-363659
0.0302349
1.86265e-09
3.49246e-10
2.42861e-17
0
0
0
1683488133.98391
msg_begin
7.75756e+06
-363659
0.0331547
0.00422145
0.000925376
0.000227806
0
0
0
1683488134.03400
msg_begin
7.75756e+06
-363659
0.0405118
0.00219446
0.000310517
0.00016173
0
0
0
1683488134.08394
msg_begin
7.75756e+06
-363659
0.0443108
0.054628
0.00630043
0.00176528
0
0
0
1683488134.13401
msg_begin
7.75756e+06
-363659
0.0467413
0.00737438
0.000483826
0.000111848
0
0
0
1683488134.18397
msg_begin
7.75756e+06
-363659
0.0510867
0.00226375
0.00140887
0.000101921
0
0
0
1683488134.23403
msg_begin
7.75756e+06
-363659
0.0531478
0.00478497
0.00388854
0.00028196
0
0
0
1683488134.28400
msg_begin
7.75756e+06
-363659
0.0543975
0.0013764
0.0011481
8.73487e-05
0
0
0
1683488134.33394
msg_begin
7.75756e+06
-363659
0.0544283
0.00282407
0.00107775
0.000236334
0
0
0
1683488134.38391
msg_begin
7.75756e+06
-363659
0.0545767
0.0430352
0.00432911
0.00192841
0
0
0
1683488134.43391
msg_begin
7.75756e+06
-363659
0.059229
0.00873675
0.00460699
0.00093028
0
0
0
1683488134.48386
msg_begin
7.75756e+06
-363659
0.0662244
0.0257241
0.00249098
0.0013935
0
0
0
1683488134.53392
msg_begin
7.75756e+06
-363659
0.0651262
0.0021572
0.00272825
0.000378632
0
0
0
1683488134.58386
msg_begin
7.75756e+06
-363659
0.0678499
0.0110924
0.00320349
0.000832173
0
0
0
1683488134.63379
msg_begin
7.75756e+06
-363659
0.0701483
0.00543397
0.0087171
0.000347792
0
0
0
1683488134.68377
msg_begin
7.75756e+06
-363659
0.075211
0.00416896
0.00120396
0.000231088
0
0
0
1683488134.73376
msg_begin
7.75756e+06
-363659
0.0792803
0.015228
0.002245
0.000951297
0
0
0
1683488134.78377
msg_begin
7.75756e+06
-363659
0.0810642
6.42613e-08
1.04774e-09
6.52256e-16
0
0
0
1683488134.83378
msg_begin
7.75757e+06
-363659
0.0862337
0.0104691
0.00381985
0.000592864
0
0
0
1683488134.88501
msg_begin
7.75757e+06
-363659
0.0879104
0.0122
0.00457776
0.00119897
0
0
0
1683488134.93385
msg_begin
7.75757e+06
-363659
0.0885029
0.0157951
0.00105442
0.000698919
0
0
0
1683488134.98388
msg_begin
7.75757e+06
-363659
0.0894105
0.0153779
0.000836506
0.000187973
0
0
0
1683488135.03391
msg_begin
7.75757e+06
-363659
0.0913119
0.0112778
0.00796219
0.000326139
0
0
0
1683488135.08390
msg_begin
7.75757e+06
-363658
0.0916562
0.0124097
0.00260798
0.000302321
0
0
0
1683488135.13386
msg_begin
7.75757e+06
-363658
0.0945937
0.00355243
0.00124823
4.05725e-05
0
0
0
1683488135.18382
msg_begin
7.75757e+06
-363658
0.100456
0.0219376
0.00358709
0.000488099
0
0
0
1683488135.23375
msg_begin
7.75757e+06
-363658
0.102693
0.00670586
0.00432004
0.000264316
0
0
0
1683488135.28368
msg_begin
7.75757e+06
-363658
0.107575
0.00377142
0.00143965
0.00011908
0
0
0
1683488135.33359
msg_begin
7.75757e+06
-363658
0.108351
0.00937702
0.0121102
0.000384137
0
0
0
1683488135.38349
msg_begin
7.75757e+06
-363658
0.109542
0.0270924
0.0086864
0.000682076
0
0
0
1683488135.43341
msg_begin
7.75757e+06
-363658
0.111875
0.0095641
0.0035942
0.000257121
0
0
0
1683488135.48329
msg_begin
7.75757e+06
-363658
0.115491
0.015658
0.00209572
0.000408516
0
0
0
1683488135.53324
msg_begin
7.75757e+06
-363658
0.119133
0.00578087
0.00303692
0.000376639
0
0
0
1683488135.58325
msg_begin
7.75757e+06
-363658
0.120074
0.00729648
0.00342647
0.000286355
0
0
0
1683488135.63309
msg_begin
7.75757e+06
-363658
0.126961
0.0246437
0.00456832
0.000714338
0
0
0
1683488135.68399
msg_begin
7.75757e+06
-363658
0.130415
0.0097099
0.0124575
0.00212148
0
0
0
1683488135.73296
msg_begin
7.75757e+06
-363658
0.133648
0.000546016
0.00188994
8.61996e-05
0
0
0
1683488135.78298
msg_begin
7.75758e+06
-363658
0.136093
0.00203755
0.000673315
0.000102383
0
0
0
1683488135.83302
msg_begin
7.75758e+06
-363657
0.139255
0.00343847
0.00440885
0.000336279
0
0
0
1683488135.88393
msg_begin
7.75758e+06
-363657
0.145057
0.000158008
0.000238541
4.33616e-05
0
0
0
1683488135.93304
msg_begin
7.75758e+06
-363657
0.147377
0.0284127
0.00590004
0.00146694
0
0
0
1683488135.98312
msg_begin
7.75758e+06
-363657
0.148999
0.000553371
0.000264187
9.20178e-05
0
0
0
1683488136.03322
msg_begin
7.75758e+06
-363657
0.153582
0.00495799
0.000872173
0.000246923
0
0
0
1683488136.08328
msg_begin
7.75758e+06
-363657
0.1541
1.86265e-09
2.2701e-09
2.22045e-16
0
0
0
1683488136.13337
msg_begin
7.75758e+06
-363657
0.160026
0.0314405
0.00155876
0.000321442
0
0
0
1683488136.18340
msg_begin
7.75758e+06
-363657
0.161025
0.00165442
0.00185202
0.000202944
0
0
0
1683488136.23347
msg_begin
7.75758e+06
-363657
0.161679
0.00151129
0.000339545
2.12764e-05
0
0
0
1683488136.28400
msg_begin
7.75758e+06
-363657
0.162876
0.000808449
0.00101517
1.66047e-05
0
0
0
1683488136.33357
msg_begin
7.75758e+06
-363656
0.170304
0.00578151
0.00143711
0.000665787
0
0
0
1683488136.38361
msg_begin
7.75758e+06
-363656
0.17497
0.0176242
0.0152621
0.000952594
0
0
0
1683488136.43370
msg_begin
7.75758e+06
-363656
0.17796
0.00287492
0.00338209
0.000263784
0
0
0
1683488136.48415
msg_begin
7.75758e+06
-363656
0.17984
0.0017911
0.000198927
0.000223932
0
0
0
1683488136.53375
msg_begin
7.75758e+06
-363656
0.180983
0.0045651
0.00168996
0.000283752
0
0
0
1683488136.58381
msg_begin
7.75758e+06
-363656
0.185144
0.00165333
0.00139518
0.000226819
0
0
0
1683488136.63373
msg_begin
7.75758e+06
-363656
0.192888
0.000605882
0.000253866
4.49931e-05
0
0
0
1683488136.68406
msg_begin
7.75758e+06
-363656
0.193621
0.00973467
0.00212539
0.000147152
0
0
0
1683488136.73374
msg_begin
7.75758e+06
-363656
0.197886
0.00167423
0.00245074
8.76205e-05
0
0
0
1683488136.78368
msg_begin
7.75759e+06
-363656
0.196382
0.00238532
0.000951994
7.12169e-06
0
0
0
1683488136.83369
msg_begin
7.75759e+06
-363655
0.200317
6.42613e-08
3.25963e-09
1.11022e-15
0
0
0
1683488136.88432
msg_begin
7.75759e+06
-363655
0.201675
0.0403603
0.0158272
0.000655443
0
0
0
1683488136.93343
msg_begin
7.75759e+06
-363655
0.208174
0.00277858
0.00356452
0.000825344
0
0
0
1683488136.98341
msg_begin
7.75759e+06
-363655
0.209335
0.00395307
0.00324462
0.000394293
0
0
0
1683488137.03335
msg_begin
7.75759e+06
-363655
0.210191
0.0334368
0.00208718
0.000218578
0
0
0
1683488137.08424
msg_begin
7.75759e+06
-363655
0.213273
0.0314814
0.00815247
0.00121641
0
0
0
1683488137.13319
msg_begin
7.75759e+06
-363655
0.216082
0.00589479
0.00282188
0.000163353
0
0
0
1683488137.18312
msg_begin
7.75759e+06
-363655
0.215134
0.00691229
0.00899039
0.000477282
0
0
0
1683488137.23310
msg_begin
7.75759e+06
-363655
0.22109
0.0240529
0.0130775
0.00115784
0
0
0
1683488137.28346
msg_begin
7.75759e+06
-363654
0.222166
0.00570289
0.00516094
0.000419322
0
0
0
1683488137.33295
msg_begin
7.75759e+06
-363654
0.228032
0.00302876
0.000408162
0.0001551
0
0
0
1683488137.38301
msg_begin
7.75759e+06
-363654
0.230313
0.0621977
0.0200562
0.000886402
0
0
0
1683488137.43299
msg_begin
7.75759e+06
-363654
0.233249
0.0463806
0.0277097
0.000607038
0
0
0
1683488137.48398
msg_begin
7.75759e+06
-363654
0.235238
0.0273701
0.00877699
0.000284512
0
0
0
1683488137.53293
msg_begin
7.75759e+06
-363654
0.236783
0.0224679
0.00816101
0.000485066
0
0
0
1683488137.58290
msg_begin
7.75759e+06
-363654
0.238171
0.0139332
0.0027646
0.000407931
0
0
0
1683488137.63297
msg_begin
7.75759e+06
-363654
0.240088
0.00129273
0.00103755
9.8372e-05
0
0
0
1683488137.68411
msg_begin
7.75759e+06
-363653
0.242469
0.00522004
0.00271892
0.000366783
0
0
0
1683488137.73294
msg_begin
7.7576e+06
-363653
0.244077
0.028319
0.0085255
0.00192165
0
0
0
1683488137.78299
msg_begin
7.7576e+06
-363653
0.251592
0.00621247
0.00775027
0.00077101
0
0
0
1683488137.83299
msg_begin
7.7576e+06
-363653
0.253
0.00079374
0.000189907
6.62862e-06
0
0
0
1683488137.88348
msg_begin
7.7576e+06
-363653
0.253765
0.0374484
0.01051
0.00062422
0
0
0
1683488137.93290
msg_begin
7.7576e+06
-363653
0.257013
0.0262052
0.00728835
0.00045711
0
0
0
1683488137.98283
msg_begin
7.7576e+06
-363653
0.261705
0.0189956
0.00653227
0.000301796
0
0
0
1683488138.03281
msg_begin
7.7576e+06
-363653
0.262623
0.0176517
0.00823893
0.000409718
0
0
0
1683488138.08356
msg_begin
7.7576e+06
-363652
0.265123
0.00693251
0.00694821
0.00075125
0
0
0
1683488138.13276
msg_begin
7.7576e+06
-363652
0.264585
6.42613e-08
1.39698e-09
2.22045e-15
0
0
0
1683488138.18273
msg_begin
7.7576e+06
-363652
0.270557
0.00841412
0.00184714
0.000486808
0
0
0
1683488138.23273
msg_begin
7.7576e+06
-363652
0.275625
0.0269353
0.0091055
0.000820205
0
0
0
1683488138.28312
msg_begin
7.7576e+06
-363652
0.277302
0.00663242
0.00258184
0.000354309
0
0
0
1683488138.33270
msg_begin
7.7576e+06
-363652
0.280735
0.00995444
0.00484624
0.000299057
0
0
0
1683488138.38269
msg_begin
7.7576e+06
-363651
0.281943
0.00910848
0.0032071
0.000191891
0
0
0
1683488138.43269
msg_begin
7.7576e+06
-363651
0.286643
0.00978454
0.000890516
0.000707025
0
0
0
1683488138.48334
msg_begin
7.7576e+06
-363651
0.292574
0.00375569
0.00176654
0.000232449
0
0
0
1683488138.53259
msg_begin
7.7576e+06
-363651
0.295185
6.51926e-09
9.8953e-10
3.33067e-16
0
0
0
1683488138.58254
msg_begin
7.7576e+06
-363651
0.300494
0.020802
0.00880087
0.000281272
0
0
0
1683488138.63251
msg_begin
7.7576e+06
-363651
0.306942
0.02913
0.00217639
0.000281859
0
0
0
1683488138.68293
msg_begin
7.7576e+06
-363651
0.311952
0.00435135
0.00226784
4.68214e-05
0
0
0
1683488138.73239
msg_begin
7.7576e+06
-363650
0.315785
6.98492e-08
2.32831e-09
3.60822e-15
0
0
0
1683488138.78238
msg_begin
7.75761e+06
-363650
0.319077
0.00151105
0.00139083
7.6262e-05
0
0
0
1683488138.83228
msg_begin
7.75761e+06
-363650
0.325912
0.00474935
0.0054001
0.000530994
0
0
0
1683488138.88315
msg_begin
7.75761e+06
-363650
0.32781
4.84288e-08
1.68802e-09
3.33067e-16
0
0
0
1683488138.93221
msg_begin
7.75761e+06
-363650
0.336398
0.00409717
0.000783258
0.000209089
0
0
0
1683488138.98218
msg_begin
7.75761e+06
-363650
0.336555
0.0204977
0.0118765
0.000365066
0
0
0
1683488139.03212
msg_begin
7.75761e+06
-363649
0.3411
0.0061055
0.00253947
0.000370279
0
0
0
1683488139.08301
msg_begin
7.75761e+06
-363649
0.344847
0.006324
0.00478975
0.000403384
0
0
0
1683488139.13212
msg_begin
7.75761e+06
-363649
0.356058
0.0218785
0.00967691
0.00117885
0
0
0
1683488139.23215
msg_begin
7.75761e+06
-363649
0.357585
0.00539162
0.00298933
0.000547116
0
0
0
1683488139.28217
msg_begin
7.75761e+06
-363649
0.364648
0.00780266
0.00231537
0.00090198
0
0
0
1683488139.33210
msg_begin
7.75761e+06
-363648
0.368987
0.0209561
0.00604954
0.000640555
0
0
0
1683488139.38208
msg_begin
7.75761e+06
-363648
0.375042
0.0051885
0.00698835
0.000655311
0
0
0
1683488139.43207
msg_begin
7.75761e+06
-363648
0.380583
0.000445095
0.00156104
1.43269e-05
0
0
0
1683488139.48305
msg_begin
7.75761e+06
-363648
0.384623
0.0171984
0.00239463
4.85612e-05
0
0
0
1683488139.53207
msg_begin
7.75761e+06
-363648
0.386977
0.0105529
0.00290229
0.000513681
0
0
0
1683488139.58210
msg_begin
7.75761e+06
-363647
0.394465
0.017391
0.00561807
0.000406012
0
0
0
1683488139.63205
msg_begin
7.75761e+06
-363647
0.40604
0.00492405
0.000444458
3.13496e-05
0
0
0
1683488139.73198
msg_begin
7.75761e+06
-363647
0.411003
6.33299e-08
1.92085e-09
6.66134e-16
0
0
0
1683488139.78195
msg_begin
7.75761e+06
-363647
0.417425
0.00734554
0.00334418
0.0001927
0
0
0
1683488139.83187
msg_begin
7.75762e+06
-363646
0.419349
0.0109187
0.00499714
0.000280028
0
0
0
1683488139.88276
msg_begin
7.75762e+06
-363646
0.42356
0.0112032
0.00812004
0.00052004
0
0
0
1683488139.93179
msg_begin
7.75762e+06
-363646
0.42536
3.35276e-08
1.16415e-10
0
0
0
0
1683488139.98169
msg_begin
7.75762e+06
-363646
0.428423
0.0165075
0.0168349
0.000921056
0
0
0
1683488140.03175
msg_begin
7.75762e+06
-363646
0.435581
0.00690703
0.00096448
0.000365586
0
0
0
1683488140.08195
msg_begin
7.75762e+06
-363645
0.438929
0.00435704
0.00491538
0.000382864
0
0
0
1683488140.13165
msg_begin
7.75762e+06
-363645
0.447912
0.0102388
0.0101525
0.00119961
0
0
0
1683488140.18165
msg_begin
7.75762e+06
-363645
0.450465
0.0157814
0.00571247
0.00049826
0
0
0
1683488140.23175
msg_begin
7.75762e+06
-363645
0.453459
0.0387305
0.0221239
0.00116181
0
0
0
1683488140.28177
msg_begin
7.75762e+06
-363644
0.457787
0.00858262
0.008332
0.00107203
0
0
0
1683488140.33173
msg_begin
7.75762e+06
-363644
0.461445
0.00255374
0.00393956
0.000151782
0
0
0
1683488140.38177
msg_begin
7.75762e+06
-363644
0.462421
0.00208092
0.00220134
0.000389462
0
0
0
1683488140.43180
msg_begin
7.75762e+06
-363644
0.469364
0.00360654
0.0013015
0.000344154
0
0
0
1683488140.48181
msg_begin
7.75762e+06
-363643
0.474558
0.000506371
7.01879e-05
5.95432e-05
0
0
0
1683488140.53181
msg_begin
7.75762e+06
-363643
0.480162
0.0149844
0.0086029
0.000230152
0
0
0
1683488140.58177
msg_begin
7.75762e+06
-363643
0.486758
0.00989725
0.0110091
0.000964424
0
0
0
1683488140.63175
msg_begin
7.75762e+06
-363643
0.488307
0.0175814
0.00923766
0.00173567
0
0
0
1683488140.68178
msg_begin
7.75762e+06
-363643
0.495354
0.0107253
0.00166633
0.000576515
0
0
0
1683488140.73165
msg_begin
7.75762e+06
-363642
0.50031
0.000969512
0.000975647
4.03387e-06
0
0
0
1683488140.78161
msg_begin
7.75762e+06
-363642
0.502257
0.00500237
0.00547786
0.000263144
0
0
0
1683488140.83152
msg_begin
7.75762e+06
-363642
0.505876
0.00682972
0.00194434
0.000243928
0
0
0
1683488140.88142
msg_begin
7.75762e+06
-363642
0.512676
0.000658607
0.00146519
9.17712e-05
0
0
0
1683488140.93138
msg_begin
7.75762e+06
-363641
0.522965
0.00123427
0.000557535
0.000718991
0
0
0
1683488140.98126
msg_begin
7.75763e+06
-363641
0.52599
0.00328477
0.00119031
0.000119472
0
0
0
1683488141.03117
msg_begin
7.75763e+06
-363641
0.530365
4.56348e-08
2.50293e-09
3.10862e-15
0
0
0
1683488141.08135
msg_begin
7.75763e+06
-363641
0.53353
0.032203
0.0199185
0.001667
0
0
0
1683488141.13112
msg_begin
7.75763e+06
-363640
0.542279
0.00458235
0.00133786
0.000236048
0
0
0
1683488141.18099
msg_begin
7.75763e+06
-363640
0.543826
8.3819e-09
2.44472e-09
2.66454e-15
0
0
0
1683488141.23103
msg_begin
7.75763e+06
-363640
0.550241
0.000935067
0.00134777
0.00033056
0
0
0
1683488141.28150
msg_begin
7.75763e+06
-363639
0.551601
0.00884582
0.00647735
0.00110855
0
0
0
1683488141.33098
msg_begin
7.75763e+06
-363639
0.556406
0.00606458
0.005099
0.000159648
0
0
0
1683488141.38094
msg_begin
7.75763e+06
-363639
0.559303
0.00150884
0.000354157
0.000287492
0
0
0
1683488141.43093
msg_begin
7.75763e+06
-363639
0.565923
0.00065256
0.0017797
0.000376785
0
0
0
1683488141.48156
msg_begin
7.75763e+06
-363638
0.568484
0.00350504
0.00117193
0.000292281
0
0
0
1683488141.53100
msg_begin
7.75763e+06
-363638
0.574052
1.39698e-08
3.31784e-09
4.55191e-15
0
0
0
1683488141.58172
msg_begin
7.75763e+06
-363638
0.579202
0.014201
0.0124435
0.000364697
0
0
0
1683488141.63105
msg_begin
7.75763e+06
-363638
0.580105
0.0169132
0.0131905
0.000609912
0
0
0
1683488141.68100
msg_begin
7.75763e+06
-363637
0.584349
0.000595789
0.00140621
0.000105817
0
0
0
1683488141.73098
msg_begin
7.75763e+06
-363637
0.589325
0.0104905
0.00565642
0.00103777
0
0
0
1683488141.78096
msg_begin
7.75763e+06
-363637
0.595336
0.0108012
0.00583131
0.000271079
0
0
0
1683488141.83104
msg_begin
7.75763e+06
-363636
0.600181
0.0111505
0.00424097
0.000853854
0
0
0
1683488141.88106
msg_begin
7.75763e+06
-363636
0.600859
0.010283
0.00258532
0.000749173
0
0
0
1683488141.93110
msg_begin
7.75763e+06
-363636
0.60676
0.0217804
0.015438
0.00174848
0
0
0
1683488141.98112
msg_begin
7.75763e+06
-363636
0.613073
0.0153944
0.00778229
0.00137431
0
0
0
1683488142.03114
msg_begin
7.75763e+06
-363635
0.60716
9.40636e-08
2.96859e-09
2.33147e-15
0
0
0
1683488142.08124
msg_begin
7.75763e+06
-363635
0.612615
0.00136724
0.00178457
6.7188e-05
0
0
0
1683488142.13128
msg_begin
7.75763e+06
-363635
0.612903
0.00434327
0.00364688
0.000297805
0
0
0
1683488142.18130
msg_begin
7.75764e+06
-363634
0.614534
0.00414661
0.00432333
0.000377441
0
0
0
1683488142.23142
msg_begin
7.75764e+06
-363634
0.616372
0.00331422
0.0018446
0.000199638
0
0
0
1683488142.28140
msg_begin
7.75764e+06
-363634
0.6208
0.0131542
0.00792441
0.000529439
0
0
0
1683488142.33146
msg_begin
7.75764e+06
-363634
0.620829
8.84756e-08
1.74623e-10
1.11022e-15
0
0
0
1683488142.38147
msg_begin
7.75764e+06
-363633
0.623384
0.0170757
0.0126727
0.0006558
0
0
0
1683488142.43145
msg_begin
7.75764e+06
-363633
0.626871
0.00160682
0.000883721
0.000266799
0
0
0
1683488142.48145
msg_begin
7.75764e+06
-363633
0.630022
0.00352675
0.00653037
0.000556354
0
0
0
1683488142.53144
msg_begin
7.75764e+06
-363632
0.632455
0.00944268
0.0079931
0.000568294
0
0
0
1683488142.58138
msg_begin
7.75764e+06
-363632
0.632525
0.00756847
0.0078422
0.000528363
0
0
0
1683488142.63137
msg_begin
7.75764e+06
-363632
0.637463
0.00882303
0.00316743
0.000707632
0
0
0
1683488142.68204
msg_begin
7.75764e+06
-363631
0.637406
0.00289608
0.0018246
0.000186894
0
0
0
1683488142.73132
msg_begin
7.75764e+06
-363631
0.641093
0.00189506
0.000434912
9.6575e-05
0
0
0
1683488142.78123
msg_begin
7.75764e+06
-363631
0.640207
0.00666837
0.0140152
0.000489259
0
0
0
1683488142.83118
msg_begin
7.75764e+06
-363630
0.641805
0.00875211
0.0103763
0.000528432
0
0
0
1683488142.88169
msg_begin
7.75764e+06
-363630
0.641145
0.00701065
0.00902397
0.000459466
0
0
0
1683488142.93112
msg_begin
7.75764e+06
-363630
0.642692
0.00273422
0.00125854
0.000285342
0
0
0
1683488142.98104
msg_begin
7.75764e+06
-363630
0.642522
0.00956997
0.00751604
0.0004784
0
0
0
1683488143.03105
msg_begin
7.75764e+06
-363629
0.643092
0.0095187
0.0143145
0.0007616
0
0
0
1683488143.08149
msg_begin
7.75764e+06
-363629
0.644309
0.000704258
5.65706e-05
2.37126e-05
0
0
0
1683488143.13094
msg_begin
7.75764e+06
-363629
0.646026
0.00136207
0.00135094
0.000188937
0
0
0
1683488143.18094
msg_begin
7.75764e+06
-363628
0.644813
0.0304837
0.0159304
0.00114915
0
0
0
1683488143.23093
msg_begin
7.75764e+06
-363628
0.640588
5.02914e-08
2.32831e-09
1.77636e-15
0
0
0
1683488143.28127
msg_begin
7.75764e+06
-363628
0.642042
0.00156191
0.00438037
0.000278375
0
0
0
1683488143.33098
msg_begin
7.75764e+06
-363627
0.642695
0.000415854
0.00157998
0.000101392
0
0
0
1683488143.38100
msg_begin
7.75765e+06
-363627
0.641391
0.00581874
0.000689649
0.000196862
0
0
0
1683488143.43115
msg_begin
7.75765e+06
-363627
0.639977
0.00154908
0.00136399
0.000126099
0
0
0
1683488143.48144
msg_begin
7.75765e+06
-363627
0.637596
0.00465231
0.0031506
0.000315837
0
0
0
1683488143.53104
msg_begin
7.75765e+06
-363626
0.636333
0.00260263
0.000842726
8.41654e-05
0
0
0
1683488143.58207
msg_begin
7.75765e+06
-363626
0.632775
4.65661e-09
1.80444e-09
1.88738e-15
0
0
0
1683488143.63104
msg_begin
7.75765e+06
-363626
0.635492
0.00599429
0.007088
0.000747193
0
0
0
1683488143.68095
msg_begin
7.75765e+06
-363625
0.636911
1.39698e-08
6.98492e-10
1.66533e-15
0
0
0
1683488143.73098
msg_begin
7.75765e+06
-363625
0.635385
0.011669
0.00756664
0.000408693
0
0
0
1683488143.78095
msg_begin
7.75765e+06
-363625
0.635456
0.00504621
0.00320818
0.000453066
0
0
0
1683488143.83092
msg_begin
7.75765e+06
-363624
0.633707
0.0258151
0.0240387
0.00154166
0
0
0
1683488143.88085
msg_begin
7.75765e+06
-363624
0.635279
9.31323e-09
1.74623e-10
3.44169e-15
0
0
0
1683488143.93076
msg_begin
7.75765e+06
-363624
0.633672
0.00784004
0.00368942
0.000550035
0
0
0
1683488143.98070
msg_begin
7.75765e+06
-363623
0.632562
0.00762158
0.00161093
0.000115919
0
0
0
1683488144.03070
msg_begin
7.75765e+06
-363623
0.633519
0.0140329
0.00399516
0.000610295
0
0
0
1683488144.08065
msg_begin
7.75765e+06
-363623
0.631013
0.00225109
0.00153751
2.17571e-05
0
0
0
1683488144.13063
msg_begin
7.75765e+06
-363622
0.631731
0.00367857
0.000869024
0.000134853
0
0
0
1683488144.18059
msg_begin
7.75765e+06
-363622
0.629464
6.51926e-09
3.0268e-09
1.55431e-15
0
0
0
1683488144.23070
msg_begin
7.75765e+06
-363622
0.626581
0.000229693
0.00293295
0.000530978
0
0
0
1683488144.28066
msg_begin
7.75765e+06
-363622
0.629143
0.0139828
0.00889672
0.000197239
0
0
0
1683488144.33065
msg_begin
7.75765e+06
-363621
0.628067
0.00650707
0.00997711
0.000236314
0
0
0
1683488144.38064
msg_begin
7.75765e+06
-363621
0.627814
0.00249056
0.00252699
0.000265732
0
0
0
1683488144.43061
msg_begin
7.75765e+06
-363621
0.628048
0.0117893
0.0151149
0.000362849
0
0
0
1683488144.48055
msg_begin
7.75765e+06
-363620
0.626025
6.42613e-08
2.91038e-09
4.55191e-15
0
0
0
1683488144.53055
msg_begin
7.75765e+06
-363620
0.626454
0.00647347
0.0113759
0.00133409
0
0
0
1683488144.58054
msg_begin
7.75765e+06
-363620
0.624907
0.00806576
0.00234265
0.00166969
0
0
0
1683488144.63045
msg_begin
7.75766e+06
-363619
0.626252
0.0153759
0.00999816
0.00217987
0
0
0
1683488144.68070
msg_begin
7.75766e+06
-363619
0.623571
0.00305671
0.000692011
0.00155678
0
0
0
1683488144.73030
msg_begin
7.75766e+06
-363619
0.627953
0.0184508
0.00997671
0.00114363
0
0
0
1683488144.78027
msg_begin
7.75766e+06
-363618
0.625351
1.67638e-08
2.96859e-09
4.88498e-15
0
0
0
1683488144.83112
msg_begin
7.75766e+06
-363618
0.624126
0.00292559
0.00678217
0.000149775
0
0
0
1683488144.88053
msg_begin
7.75766e+06
-363618
0.622904
3.72529e-09
2.96859e-09
3.44169e-15
0
0
0
1683488144.93012
msg_begin
7.75766e+06
-363617
0.622103
0.0130086
0.0116464
0.00128732
0
0
0
1683488144.98009
msg_begin
7.75766e+06
-363617
0.619475
0.000905933
0.00205952
0.000170366
0
0
0
1683488145.03017
msg_begin
7.75766e+06
-363617
0.621687
0.00266005
0.00160111
0.000267961
0
0
0
1683488145.08033
msg_begin
7.75766e+06
-363617
0.622724
0.00154741
0.000684448
6.6549e-05
0
0
0
1683488145.13004
msg_begin
7.75766e+06
-363616
0.624626
0.00269577
0.00139097
0.000517495
0
0
0
1683488145.18008
msg_begin
7.75766e+06
-363616
0.624515
0.00497974
0.0115459
7.3899e-05
0
0
0
1683488145.23089
msg_begin
7.75766e+06
-363616
0.623819
0.00280307
4.43044e-05
0.000148088
0
0
0
1683488145.28057
msg_begin
7.75766e+06
-363615
0.625414
0.0208681
0.00242949
0.000288195
0
0
0
1683488145.33016
msg_begin
7.75766e+06
-363615
0.624859
0.0267968
0.0278008
0.00061305
0
0
0
1683488145.38026
msg_begin
7.75766e+06
-363615
0.626037
0.00382618
0.00551064
0.000366746
0
0
0
1683488145.43024
msg_begin
7.75766e+06
-363615
0.623557
0.0185455
0.0137156
0.00119674
0
0
0
1683488145.48052
msg_begin
7.75766e+06
-363614
0.625002
0.0102013
0.00736531
0.00176369
0
0
0
1683488145.53024
msg_begin
7.75766e+06
-363614
0.624986
0.000933747
0.00331441
0.000276778
0
0
0
1683488145.58105
msg_begin
7.75766e+06
-363614
0.624544
0.00932815
0.0018336
0.000879063
0
0
0
1683488145.63030
msg_begin
7.75766e+06
-363613
0.620849
0.00611354
0.00632
0.000908598
0
0
0
1683488145.68031
msg_begin
7.75766e+06
-363613
0.622773
0.014525
0.000739818
0.000430233
0
0
0
1683488145.73018
msg_begin
7.75766e+06
-363613
0.621181
0.00284
0.000285824
0.000461136
0
0
0
1683488145.78019
msg_begin
7.75766e+06
-363612
0.621732
0.000423517
0.00278672
3.11274e-05
0
0
0
1683488145.83010
msg_begin
7.75767e+06
-363612
0.62342
0.0013162
0.000441173
5.40416e-05
0
0
0
1683488145.88009
msg_begin
7.75767e+06
-363612
0.621807
0.00284317
0.000588465
0.000646774
0
0
0
1683488145.93003
msg_begin
7.75767e+06
-363612
0.623666
0.00623519
0.00434366
0.000434532
0
0
0
1683488145.98000
msg_begin
7.75767e+06
-363611
0.623474
0.00127269
0.0019935
7.50621e-05
0
0
0
1683488146.02998
msg_begin
7.75767e+06
-363611
0.624616
0.0215247
0.0135363
0.000852958
0
0
0
1683488146.07995
msg_begin
7.75767e+06
-363611
0.626866
0.00138527
0.000609526
1.11891e-05
0
0
0
1683488146.12983
msg_begin
7.75767e+06
-363610
0.626552
0.014176
0.00782767
0.00030965
0
0
0
1683488146.17974
msg_begin
7.75767e+06
-363610
0.62357
0.00253002
0.00165935
0.000566478
0
0
0
1683488146.22966
msg_begin
7.75767e+06
-363610
0.624481
0.0012957
5.19064e-05
5.81307e-05
0
0
0
1683488146.27966
msg_begin
7.75767e+06
-363609
0.624429
0.0194325
0.00687024
0.0011235
0
0
0
1683488146.32953
msg_begin
7.75767e+06
-363609
0.623813
0.0124541
0.024101
0.00121676
0
0
0
1683488146.37945
msg_begin
7.75767e+06
-363609
0.621059
0.0162656
0.0139201
0.00131505
0
0
0
1683488146.42933
msg_begin
7.75767e+06
-363609
0.623893
0.000355025
0.000597851
4.38272e-05
0
0
0
1683488146.47923
msg_begin
7.75767e+06
-363608
0.621463
2.14204e-08
2.91038e-10
4.55191e-15
0
0
0
1683488146.52918
msg_begin
7.75767e+06
-363608
0.623256
0.00260867
0.00985832
0.000198906
0
0
0
1683488146.57912
msg_begin
7.75767e+06
-363608
0.628288
6.42613e-08
7.567e-10
2.9976e-15
0
0
0
1683488146.62903
msg_begin
7.75767e+06
-363607
0.628503
0.000527249
0.00177807
0.000105914
0
0
0
1683488146.67902
msg_begin
7.75767e+06
-363607
0.630718
0.00752978
0.00544623
0.000116149
0
0
0
1683488146.72895
msg_begin
7.75767e+06
-363607
0.631495
0.00399272
0.003538
0.000422563
0
0
0
1683488146.77896
msg_begin
7.75767e+06
-363607
0.630285
0.0185284
0.0127111
0.000400463
0
0
0
1683488146.82972
msg_begin
7.75767e+06
-363606
0.631177
0.0217001
0.0204237
0.001333
0
0
0
1683488146.87890
msg_begin
7.75767e+06
-363606
0.629794
1.86265e-09
8.14907e-10
1.44329e-15
0
0
0
1683488146.92895
msg_begin
7.75767e+06
-363606
0.627131
0.00453448
0.00341387
0.000646184
0
0
0
1683488146.97891
msg_begin
7.75767e+06
-363605
0.630635
2.51457e-08
1.39698e-09
1.11022e-16
0
0
0
1683488147.02901
msg_begin
7.75767e+06
-363605
0.628107
0.0169173
0.016864
0.0014926
0
0
0
1683488147.07916
msg_begin
7.75768e+06
-363605
0.627793
0.00336578
0.00309142
9.43654e-05
0
0
0
1683488147.12903
msg_begin
7.75768e+06
-363604
0.62574
0.00834061
0.00551275
4.7531e-05
0
0
0
1683488147.17900
msg_begin
7.75768e+06
-363604
0.627153
7.89481e-05
0.000460211
8.22101e-05
0
0
0
1683488147.22950
msg_begin
7.75768e+06
-363604
0.628926
0.00153315
0.00442956
0.000332844
0
0
0
1683488147.27919
msg_begin
7.75768e+06
-363603
0.628326
0.00795631
0.00682366
0.0016956
0
0
0
1683488147.32903
msg_begin
7.75768e+06
-363603
0.627433
0.0109326
0.0127946
0.000867449
0
0
0
1683488147.37899
msg_begin
7.75768e+06
-363603
0.629338
0.000695598
0.000361417
0.000101302
0
0
0
1683488147.42894
msg_begin
7.75768e+06
-363603
0.628057
0.00916392
0.00277088
8.49728e-05
0
0
0
1683488147.47896
msg_begin
7.75768e+06
-363602
0.630143
0.00458711
0.00313745
0.000146791
0
0
0
1683488147.52892
msg_begin
7.75768e+06
-363602
0.631776
0.00801808
0.00863747
0.000494231
0
0
0
1683488147.57922
msg_begin
7.75768e+06
-363602
0.631156
0.00439675
6.99482e-05
0.000119819
0
0
0
1683488147.62887
msg_begin
7.75768e+06
-363601
0.632493
0.0118646
0.00727045
0.000232863
0
0
0
1683488147.67882
msg_begin
7.75768e+06
-363601
0.631838
0.00353023
0.0029925
0.000519424
0
0
0
1683488147.72882
msg_begin
7.75768e+06
-363601
0.631094
0.000425661
0.000399183
2.76835e-05
0
0
0
1683488147.77871
msg_begin
7.75768e+06
-363600
0.632229
5.58794e-09
3.0268e-09
1.44329e-15
0
0
0
1683488147.82882
msg_begin
7.75768e+06
-363600
0.632978
0.0274437
0.00377426
0.00138544
0
0
0
1683488147.87864
msg_begin
7.75768e+06
-363600
0.632032
0.0151139
0.013992
0.00015418
0
0
0
1683488147.92864
msg_begin
7.75768e+06
-363600
0.632953
0.00128055
0.00694066
0.000125782
0
0
0
1683488147.97861
msg_begin
7.75768e+06
-363599
0.634045
0.00256161
0.00244013
0.000167498
0
0
0
1683488148.02853
msg_begin
7.75768e+06
-363599
0.631649
1.11759e-08
1.74623e-10
1.11022e-16
0
0
0
1683488148.07854
msg_begin
7.75768e+06
-363599
0.632947
0.00134707
0.0018848
0.00222755
0
0
0
1683488148.12846
msg_begin
7.75768e+06
-363598
0.632329
0.0037572
0.00147648
8.29081e-05
0
0
0
1683488148.17842
msg_begin
7.75768e+06
-363598
0.637187
0.0416265
0.0307934
0.00163607
0
0
0
1683488148.22846
msg_begin
7.75768e+06
-363598
0.638221
0.0205749
0.0220208
0.000617628
0
0
0
1683488148.27829
msg_begin
7.75769e+06
-363597
0.633401
5.21541e-08
4.65661e-10
2.44249e-15
0
0
0
1683488148.32816
msg_begin
7.75769e+06
-363597
0.633288
0.00828794
0.0029201
0.000380818
0
0
0
1683488148.37808
msg_begin
7.75769e+06
-363597
0.63333
4.65661e-09
2.32831e-09
2.77556e-15
0
0
0
1683488148.42806
msg_begin
7.75769e+06
-363597
0.63342
0.000139801
0.00028066
6.5478e-05
0
0
0
1683488148.47801
msg_begin
7.75769e+06
-363596
0.632319
0.00429719
0.00167459
6.86802e-05
0
0
0
1683488148.52786
msg_begin
7.75769e+06
-363596
0.632848
0.00496799
0.00805681
0.000488765
0
0
0
1683488148.57776
msg_begin
7.75769e+06
-363596
0.631953
0.000252482
0.00334988
6.98401e-05
0
0
0
1683488148.62775
msg_begin
7.75769e+06
-363595
0.635454
0.00392545
0.00306293
0.00036047
0
0
0
1683488148.67770
msg_begin
7.75769e+06
-363595
0.634633
0.00109164
0.00414388
0.000493395
0
0
0
1683488148.72768
msg_begin
7.75769e+06
-363595
0.633604
1.67638e-08
3.08501e-09
5.10703e-15
0
0
0
1683488148.77760
msg_begin
7.75769e+06
-363594
0.636294
9.78386e-05
0.00102314
6.94382e-06
0
0
0
1683488148.82821
msg_begin
7.75769e+06
-363594
0.638292
0.00479814
0.00562223
0.00078572
0
0
0
1683488148.87767
msg_begin
7.75769e+06
-363594
0.64116
0.00523821
0.00422958
0.000421958
0
0
0
1683488148.92770
msg_begin
7.75769e+06
-363593
0.640307
0.00946394
0.00829202
0.00142173
0
0
0
1683488148.97774
msg_begin
7.75769e+06
-363593
0.640611
0.0183535
0.0164112
0.00073936
0
0
0
1683488149.02781
msg_begin
7.75769e+06
-363593
0.63979
0.013952
0.00259597
0.000561258
0
0
0
1683488149.07788
msg_begin
7.75769e+06
-363593
0.642225
0.0030396
0.00241932
0.00035666
0
0
0
1683488149.12786
msg_begin
7.75769e+06
-363592
0.646361
0.00619393
0.0047431
0.000293304
0
0
0
1683488149.17784
msg_begin
7.75769e+06
-363592
0.648652
0.0127899
0.00323947
0.000178426
0
0
0
1683488149.22850
msg_begin
7.75769e+06
-363592
0.648239
9.31323e-09
9.31323e-10
2.33147e-15
0
0
0
1683488149.27787
msg_begin
7.75769e+06
-363591
0.648435
0.00237774
0.0129641
0.00103537
0
0
0
1683488149.32790
msg_begin
7.75769e+06
-363591
0.646049
0.0134274
0.00988527
0.000557385
0
0
0
1683488149.37783
msg_begin
7.75769e+06
-363591
0.646034
0.0104797
0.00673101
0.000900386
0
0
0
1683488149.42774
msg_begin
7.75769e+06
-363590
0.644307
0.00648198
0.00507748
0.000707337
0
0
0
1683488149.47789
msg_begin
7.75769e+06
-363590
0.644761
0.00151587
0.0056544
0.000921753
0
0
0
1683488149.52772
msg_begin
7.7577e+06
-363590
0.645041
0.000744123
0.00138947
1.73908e-06
0
0
0
1683488149.57790
msg_begin
7.7577e+06
-363590
0.641806
3.07336e-08
1.68802e-09
1.66533e-15
0
0
0
1683488149.62768
msg_begin
7.7577e+06
-363589
0.639131
0.013837
0.00626039
0.000782274
0
0
0
1683488149.67778
msg_begin
7.7577e+06
-363589
0.641178
0.0202739
0.0116968
0.0025159
0
0
0
1683488149.72742
msg_begin
7.7577e+06
-363589
0.642016
0.000419672
0.000768316
3.37348e-05
0
0
0
1683488149.77743
msg_begin
7.7577e+06
-363588
0.643781
0.0136068
0.00669343
0.000716993
0
0
0
1683488149.82746
msg_begin
7.7577e+06
-363588
0.645553
0.00226085
0.000977967
4.37725e-05
0
0
0
1683488149.87770
msg_begin
7.7577e+06
-363588
0.646305
0.00763865
0.00377238
0.000108103
0
0
0
1683488149.92739
msg_begin
7.7577e+06
-363587
0.644297
0.00682705
0.00560016
0.000259275
0
0
0
1683488149.97733
msg_begin
7.7577e+06
-363587
0.644142
0.00902126
0.0119997
0.000948447
0
0
0
1683488150.02741
msg_begin
7.7577e+06
-363587
0.644565
0.00242837
0.00324915
0.000148776
0
0
0
1683488150.07752
msg_begin
7.7577e+06
-363587
0.643521
0.00746367
0.0126252
0.0003155
0
0
0
1683488150.12726
msg_begin
7.7577e+06
-363586
0.645235
0.000383604
0.00377041
6.76848e-05
0
0
0
1683488150.17718
msg_begin
7.7577e+06
-363586
0.64786
7.82311e-08
2.91038e-10
1.66533e-15
0
0
0
1683488150.22720
msg_begin
7.7577e+06
-363586
0.649596
0.00267215
0.00382973
0.000234064
0
0
0
1683488150.27752
msg_begin
7.7577e+06
-363585
0.65076
0.00625738
0.00740516
0.000478041
0
0
0
1683488150.32717
msg_begin
7.7577e+06
-363585
0.650169
6.51926e-09
2.32831e-09
8.88178e-16
0
0
0
1683488150.37717
msg_begin
7.7577e+06
-363585
0.655965
3.25963e-08
2.44472e-09
3.44169e-15
0
0
0
1683488150.42716
msg_begin
7.7577e+06
-363584
0.656874
0.0140703
0.00220473
0.000666548
0
0
0
1683488150.47736
msg_begin
7.7577e+06
-363584
0.657722
0.00210949
0.00273387
0.000298832
0
0
0
1683488150.52714
msg_begin
7.7577e+06
-363584
0.657395
0.0057066
0.00163681
0.000146677
0
0
0
1683488150.57720
msg_begin
7.7577e+06
-363584
0.657305
0.0165778
0.00602823
0.000456178
0
0
0
1683488150.62704
msg_begin
7.7577e+06
-363583
0.656504
2.51457e-08
2.2701e-09
3.9968e-15
0
0
0
1683488150.67695
msg_begin
7.7577e+06
-363583
0.65657
0.00758173
0.00435782
0.000335753
0
0
0
1683488150.72684
msg_begin
7.7577e+06
-363583
0.656512
0.00198588
0.000410606
1.68892e-05
0
0
0
1683488150.77679
msg_begin
7.7577e+06
-363582
0.656245
0.0212735
0.014437
0.00112369
0
0
0
1683488150.82736
msg_begin
7.75771e+06
-363582
0.65629
0.00785585
0.00503024
0.000549796
0
0
0
1683488150.87653
msg_begin
7.75771e+06
-363582
0.657184
0.00452503
0.00764588
0.00103269
0
0
0
1683488150.92635
msg_begin
7.75771e+06
-363581
0.65826
0.0523124
0.0364683
0.000277355
0
0
0
1683488150.97624
msg_begin
7.75771e+06
-363581
0.657659
0.000418809
0.00159278
5.90375e-05
0
0
0
1683488151.02682
msg_begin
7.75771e+06
-363581
0.659877
0.00227909
0.00167627
0.000195583
0
0
0
1683488151.07607
msg_begin
7.75771e+06
-363580
0.658835
0.00280968
0.00511205
0.000180918
0
0
0
1683488151.12592
msg_begin
7.75771e+06
-363580
0.660631
0.00172638
0.00206871
0.000237694
0
0
0
1683488151.17586
msg_begin
7.75771e+06
-363580
0.65861
2.04891e-08
8.73115e-10
1.22125e-15
0
0
0
1683488151.22579
msg_begin
7.75771e+06
-363580
0.658601
0.00684895
0.00497661
0.000758589
0
0
0
1683488151.27579
msg_begin
7.75771e+06
-363579
0.658904
0.0119664
0.0125756
0.000716992
0
0
0
1683488151.32573
msg_begin
7.75771e+06
-363579
0.661831
0.000552808
0.000369117
9.89947e-05
0
0
0
1683488151.37572
msg_begin
7.75771e+06
-363579
0.660225
0.00141496
0.00380513
0.000161493
0
0
0
1683488151.42695
msg_begin
7.75771e+06
-363578
0.662245
0.00323036
0.000770748
0.000248933
0
0
0
1683488151.47571
msg_begin
7.75771e+06
-363578
0.662569
4.93601e-08
2.73576e-09
9.99201e-16
0
0
0
1683488151.57581
msg_begin
7.75771e+06
-363577
0.663461
0.00552875
0.00406258
0.000361376
0
0
0
1683488151.62573
msg_begin
7.75771e+06
-363577
0.663298
0.0117431
0.0118103
0.000613693
0
0
0
1683488151.67611
msg_begin
7.75771e+06
-363577
0.662252
0.0116913
0.0067364
0.00149253
0
0
0
1683488151.72577
msg_begin
7.75771e+06
-363577
0.663399
0.000741582
0.00102398
4.43296e-05
0
0
0
1683488151.77575
msg_begin
7.75771e+06
-363576
0.661663
0.00604288
0.00276353
0.000243186
0
0
0
1683488151.82581
msg_begin
7.75771e+06
-363576
0.663307
0.00576543
0.00321575
0.000294431
0
0
0
1683488151.87616
msg_begin
7.75771e+06
-363576
0.662926
0.00503861
0.00151938
0.000431799
0
0
0
1683488151.92567
msg_begin
7.75771e+06
-363575
0.66423
0.00565335
0.00112663
0.000257374
0
0
0
1683488151.97562
msg_begin
7.75771e+06
-363575
0.664453
0.0021868
0.0116106
0.000270286
0
0
0
1683488152.02561
msg_begin
7.75771e+06
-363575
0.666948
0.00377481
0.000256777
1.14486e-05
0
0
0
1683488152.07553
msg_begin
7.75771e+06
-363574
0.671971
0.00215166
0.000678376
0.000573896
0
0
0
1683488152.12544
msg_begin
7.75772e+06
-363574
0.675048
0.0071656
0.00545556
0.000326585
0
0
0
1683488152.17534
msg_begin
7.75772e+06
-363574
0.675405
0.0164302
0.00558161
0.000414808
0
0
0
1683488152.22531
msg_begin
7.75772e+06
-363573
0.67469
0.0199889
0.0152877
0.000942741
0
0
0
1683488152.27584
msg_begin
7.75772e+06
-363573
0.673364
0.000174395
0.00032721
8.12632e-07
0
0
0
1683488152.32527
msg_begin
7.75772e+06
-363573
0.676666
0.00390622
0.00167714
8.62955e-05
0
0
0
1683488152.37534
msg_begin
7.75772e+06
-363572
0.676494
0.00430046
0.00543303
0.000358181
0
0
0
1683488152.42522
msg_begin
7.75772e+06
-363572
0.677514
0.0228522
0.014575
0.00083945
0
0
0
1683488152.47594
msg_begin
7.75772e+06
-363572
0.674064
5.21541e-08
3.84171e-09
1.11022e-16
0
0
0
1683488152.52520
msg_begin
7.75772e+06
-363571
0.674309
0.00128411
0.00221203
0.000197367
0
0
0
1683488152.57563
msg_begin
7.75772e+06
-363571
0.673689
0.00864156
0.00466334
0.00112561
0
0
0
1683488152.62615
msg_begin
7.75772e+06
-363571
0.673649
0.00404881
0.00369005
0.000113624
0
0
0
1683488152.67509
msg_begin
7.75772e+06
-363570
0.673399
4.19095e-08
2.44472e-09
3.66374e-15
0
0
0
1683488152.72503
msg_begin
7.75772e+06
-363570
0.671548
4.47035e-08
3.66708e-09
3.77476e-15
0
0
0
1683488152.77496
msg_begin
7.75772e+06
-363570
0.670336
0.00187539
0.00139722
1.35272e-05
0
0
0
1683488152.82485
msg_begin
7.75772e+06
-363569
0.670091
7.45058e-08
1.74623e-10
4.55191e-15
0
0
0
1683488152.87482
msg_begin
7.75772e+06
-363569
0.673044
0.00184041
0.00677561
8.81119e-05
0
0
0
1683488152.92481
msg_begin
7.75772e+06
-363569
0.671415
0.0047206
0.0039968
0.000144479
0
0
0
1683488152.97476
msg_begin
7.75772e+06
-363569
0.672825
0.00613288
0.00342351
0.000382134
0
0
0
1683488153.02477
msg_begin
7.75772e+06
-363568
0.670204
0.00432551
0.00325169
0.000118683
0
0
0
1683488153.07472
msg_begin
7.75772e+06
-363568
0.67277
0.00305099
0.00276012
0.000131275
0
0
0
1683488153.12474
msg_begin
7.75772e+06
-363568
0.673104
0.00327443
0.00165771
0.000189009
0
0
0
1683488153.17475
msg_begin
7.75772e+06
-363567
0.671199
0.0134943
0.0187613
0.00070855
0
0
0
1683488153.22512
msg_begin
7.75772e+06
-363567
0.666804
0.00601977
0.00707194
0.000965853
0
0
0
1683488153.27478
msg_begin
7.75772e+06
-363567
0.663625
0.0131371
0.011638
0.00131759
0
0
0
1683488153.32477
msg_begin
7.75772e+06
-363566
0.663486
0.0346942
0.0390181
0.0012183
0
0
0
1683488153.37478
msg_begin
7.75772e+06
-363566
0.663913
0.0117038
0.0147868
0.000481329
0
0
0
1683488153.42573
msg_begin
7.75773e+06
-363566
0.667017
0.00256239
8.636e-05
8.5911e-05
0
0
0
1683488153.47479
msg_begin
7.75773e+06
-363565
0.670036
0.00126286
0.000464683
1.88961e-05
0
0
0
1683488153.52479
msg_begin
7.75773e+06
-363565
0.667542
0.00724078
0.00443713
7.70125e-05
0
0
0
1683488153.57476
msg_begin
7.75773e+06
-363565
0.663412
0.0105875
0.00643641
6.45579e-05
0
0
0
1683488153.62476
msg_begin
7.75773e+06
-363565
0.663398
0.000468943
0.00063211
0.000140651
0
0
0
1683488153.67473
msg_begin
7.75773e+06
-363564
0.66123
0.000164631
7.9444e-06
1.55042e-05
0
0
0
1683488153.72483
msg_begin
7.75773e+06
-363564
0.658095
1.95578e-08
3.66708e-09
3.10862e-15
0
0
0
1683488153.77481
msg_begin
7.75773e+06
-363564
0.662395
0.0156147
0.00715326
0.00198847
0
0
0
1683488153.82478
msg_begin
7.75773e+06
-363563
0.659693
0.0229691
0.01208
0.00136456
0
0
0
1683488153.87485
msg_begin
7.75773e+06
-363563
0.660088
0.000736951
0.000316898
0.000263717
0
0
0
1683488153.92485
msg_begin
7.75773e+06
-363563
0.659398
0.00766479
0.00563154
0.000418164
0
0
0
1683488153.97491
msg_begin
7.75773e+06
-363563
0.657719
0.0226524
0.018072
0.0013435
0
0
0
1683488154.02489
msg_begin
7.75773e+06
-363562
0.652995
5.96046e-08
7.567e-10
6.66134e-16
0
0
0
1683488154.07488
msg_begin
7.75773e+06
-363562
0.653707
0.0330232
0.0241406
0.0006265
0
0
0
1683488154.12491
msg_begin
7.75773e+06
-363562
0.652604
0.0054682
0.00259364
0.00104191
0
0
0
1683488154.17483
msg_begin
7.75773e+06
-363561
0.650496
0.000579981
5.81756e-05
7.53756e-05
0
0
0
1683488154.22484
msg_begin
7.75773e+06
-363561
0.650339
0.00629104
0.00213221
0.000107028
0
0
0
1683488154.27482
msg_begin
7.75773e+06
-363561
0.649857
5.7742e-08
3.20142e-09
1.88738e-15
0
0
0
1683488154.32482
msg_begin
7.75773e+06
-363560
0.650933
0.013643
0.00615999
0.000221055
0
0
0
1683488154.37481
msg_begin
7.75773e+06
-363560
0.652453
0.000364059
0.00123735
2.84996e-05
0
0
0
1683488154.42479
msg_begin
7.75773e+06
-363560
0.650575
0.00532777
0.00852043
0.000340656
0
0
0
1683488154.47475
msg_begin
7.75773e+06
-363560
0.649813
0.00191233
0.0010022
9.31998e-05
0
0
0
1683488154.52474
msg_begin
7.75773e+06
-363559
0.649777
5.30854e-08
2.79397e-09
7.77156e-16
0
0
0
1683488154.57468
msg_begin
7.75773e+06
-363559
0.647406
0.019026
0.00527207
0.000520491
0
0
0
1683488154.62462
msg_begin
7.75773e+06
-363559
0.645851
0.0158542
0.000591377
0.000601129
0
0
0
1683488154.67466
msg_begin
7.75773e+06
-363558
0.646563
0.0232589
0.00613613
0.00110518
0
0
0
1683488154.72458
msg_begin
7.75774e+06
-363558
0.646211
0.00799707
0.00760534
0.000565169
0
0
0
1683488154.77457
msg_begin
7.75774e+06
-363558
0.645003
0.000556076
0.000790952
0.000260864
0
0
0
1683488154.82511
msg_begin
7.75774e+06
-363557
0.645524
0.0142391
0.00923823
0.00136031
0
0
0
1683488154.87451
msg_begin
7.75774e+06
-363557
0.644562
5.21541e-08
6.40284e-10
2.55351e-15
0
0
0
1683488154.92438
msg_begin
7.75774e+06
-363557
0.642992
0.00975282
0.00145352
6.34206e-05
0
0
0
1683488154.97431
msg_begin
7.75774e+06
-363557
0.642861
0.000317253
0.0113442
4.3462e-05
0
0
0
1683488155.02437
msg_begin
7.75774e+06
-363556
0.642278
0.00196864
0.00307434
5.96382e-05
0
0
0
1683488155.07420
msg_begin
7.75774e+06
-363556
0.641441
0.00272951
0.00209859
0.000158653
0
0
0
1683488155.12412
msg_begin
7.75774e+06
-363556
0.642968
0.00538156
0.00370705
0.000681666
0
0
0
1683488155.17406
msg_begin
7.75774e+06
-363555
0.640374
0.00104009
0.0015507
0.000432177
0
0
0
1683488155.22458
msg_begin
7.75774e+06
-363555
0.640832
0.0016536
0.0034716
0.000161434
0
0
0
1683488155.27392
msg_begin
7.75774e+06
-363555
0.641263
0.00362803
0.00558903
0.000172241
0
0
0
1683488155.32389
msg_begin
7.75774e+06
-363555
0.642581
0.00493741
0.00542657
0.000702472
0
0
0
1683488155.37374
msg_begin
7.75774e+06
-363554
0.64203
0.0124143
0.00956909
0.000630495
0
0
0
1683488155.42484
msg_begin
7.75774e+06
-363554
0.641704
0.00240019
0.00908089
0.000646014
0
0
0
1683488155.47359
msg_begin
7.75774e+06
-363554
0.640561
0.000448571
0.000626054
1.50496e-05
0
0
0
1683488155.52347
msg_begin
7.75774e+06
-363553
0.641409
0.00484731
0.00933984
0.000272806
0
0
0
1683488155.57343
msg_begin
7.75774e+06
-363553
0.6408
0.00400314
0.00445305
0.000594841
0
0
0
1683488155.62329
msg_begin
7.75774e+06
-363553
0.641233
0.00196828
0.000730846
0.000139692
0
0
0
1683488155.67318
msg_begin
7.75774e+06
-363553
0.63995
3.72529e-09
2.61934e-09
3.55271e-15
0
0
0
1683488155.72311
msg_begin
7.75774e+06
-363552
0.641552
0.00484987
0.00854089
0.000140842
0
0
0
1683488155.77299
msg_begin
7.75774e+06
-363552
0.640949
0.00565638
0.0046403
0.000261352
0
0
0
1683488155.82284
msg_begin
7.75774e+06
-363552
0.642754
0.0120434
0.0168478
0.000681797
0
0
0
1683488155.87275
msg_begin
7.75774e+06
-363551
0.642782
0.00677646
0.00864231
0.000223095
0
0
0
1683488155.92267
msg_begin
7.75774e+06
-363551
0.642112
0.0108072
0.0108601
8.62765e-05
0
0
0
1683488155.97264
msg_begin
7.75774e+06
-363551
0.64022
5.86733e-08
1.86265e-09
1.55431e-15
0
0
0
1683488156.02259
msg_begin
7.75774e+06
-363551
0.638817
0.00277858
0.00711361
0.000270497
0
0
0
1683488156.07255
msg_begin
7.75775e+06
-363550
0.640427
0.00272649
0.00386029
0.000306295
0
0
0
1683488156.12249
msg_begin
7.75775e+06
-363550
0.641543
0.000140215
0.00167846
0.000633725
0
0
0
1683488156.17245
msg_begin
7.75775e+06
-363550
0.635699
0.00682402
0.00452217
0.000909823
0
0
0
1683488156.22246
msg_begin
7.75775e+06
-363549
0.638865
0.00527217
0.00266576
0.000307927
0
0
0
1683488156.27244
msg_begin
7.75775e+06
-363549
0.637654
7.17118e-08
2.32831e-10
5.32907e-15
0
0
0
1683488156.32242
msg_begin
7.75775e+06
-363549
0.638331
0.0203781
0.0145798
0.00105675
0
0
0
1683488156.37231
msg_begin
7.75775e+06
-363549
0.641614
0.000303863
0.000193941
7.59517e-05
0
0
0
1683488156.42230
msg_begin
7.75775e+06
-363548
0.641321
0.000367983
0.000186955
5.85306e-05
0
0
0
1683488156.47217
msg_begin
7.75775e+06
-363548
0.643588
0.00505383
0.00461696
0.00129737
0
0
0
1683488156.52209
msg_begin
7.75775e+06
-363548
0.644689
4.80948e-05
0.000867886
4.89649e-05
0
0
0
1683488156.57194
msg_begin
7.75775e+06
-363547
0.642688
0.0016699
0.000787251
0.000127782
0
0
0
1683488156.62228
msg_begin
7.75775e+06
-363547
0.641183
0.0322757
0.0226646
0.000568928
0
0
0
1683488156.67179
msg_begin
7.75775e+06
-363547
0.644279
0.00898108
0.00800415
0.000943835
0
0
0
1683488156.72161
msg_begin
7.75775e+06
-363547
0.645743
0.0070368
0.00549043
0.000369824
0
0
0
1683488156.77151
msg_begin
7.75775e+06
-363546
0.645167
0.0241894
0.0245693
0.00113394
0
0
0
1683488156.82227
msg_begin
7.75775e+06
-363546
0.64421
1.39698e-08
1.16415e-10
6.66134e-16
0
0
0
1683488156.87142
msg_begin
7.75775e+06
-363546
0.64522
0.00796793
0.0080614
0.00019101
0
0
0
1683488156.92126
msg_begin
7.75775e+06
-363545
0.643782
0.0122473
0.00426534
0.000534016
0
0
0
1683488156.97121
msg_begin
7.75775e+06
-363545
0.642099
0.00213085
0.000528471
0.000179677
0
0
0
1683488157.02171
msg_begin
7.75775e+06
-363545
0.644437
0.0181033
0.00982035
0.000654426
0
0
0
1683488157.07106
msg_begin
7.75775e+06
-363545
0.644533
0.0128221
0.00922667
0.000560955
0
0
0
1683488157.12101
msg_begin
7.75775e+06
-363544
0.645009
0.00358279
0.00564693
0.000367647
0
0
0
1683488157.17093
msg_begin
7.75775e+06
-363544
0.646374
0.00105813
1.39398e-05
0.000111285
0
0
0
1683488157.22158
msg_begin
7.75775e+06
-363544
0.647497
0.010884
0.00917264
0.000684005
0
0
0
1683488157.27078
msg_begin
7.75775e+06
-363544
0.647156
0.00303559
0.00310612
0.000163025
0
0
0
1683488157.32070
msg_begin
7.75775e+06
-363543
0.64847
6.42613e-08
5.82077e-11
1.11022e-16
0
0
0
1683488157.47035
msg_begin
7.75776e+06
-363542
0.648429
0.0126427
0.0156937
0.0013653
0
0
0
1683488157.52029
msg_begin
7.75776e+06
-363542
0.646944
5.12227e-08
8.73115e-10
6.66134e-16
0
0
0
1683488157.57024
msg_begin
7.75776e+06
-363542
0.64781
0.0103297
0.00186742
0.00136118
0
0
0
1683488157.62015
msg_begin
7.75776e+06
-363542
0.648503
0.0292372
0.0205234
0.00111271
0
0
0
1683488157.67011
msg_begin
7.75776e+06
-363541
0.647632
0.000557105
8.3397e-05
4.16912e-05
0
0
0
1683488157.72007
msg_begin
7.75776e+06
-363541
0.647244
6.61239e-08
3.49246e-10
2.88658e-15
0
0
0
1683488157.77009
msg_begin
7.75776e+06
-363541
0.647449
0.0135861
0.0104086
0.000603636
0
0
0
1683488157.82010
msg_begin
7.75776e+06
-363541
0.647029
0.000175156
0.000998767
3.72597e-05
0
0
0
1683488157.87008
msg_begin
7.75776e+06
-363540
0.648112
0.00348719
0.00303583
0.000452621
0
0
0
1683488157.92009
msg_begin
7.75776e+06
-363540
0.647543
0.00103627
0.000596369
0.000100601
0
0
0
1683488157.97005
msg_begin
7.75776e+06
-363540
0.650607
0.00323469
0.000633862
2.83743e-05
0
0
0
1683488158.01996
msg_begin
7.75776e+06
-363540
0.650403
0.0133159
0.00955988
0.000362473
0
0
0
1683488158.06989
msg_begin
7.75776e+06
-363539
0.650166
0.0037143
0.000992375
0.000376607
0
0
0
1683488158.11990
msg_begin
7.75776e+06
-363539
0.65283
0.00306148
0.00427318
0.00154889
0
0
0
1683488158.16984
msg_begin
7.75776e+06
-363539
0.649363
0.00845194
0.0128112
0.000756577
0
0
0
1683488158.21971
msg_begin
7.75776e+06
-363539
0.649847
0.00196383
0.01758
0.000296732
0
0
0
1683488158.26972
msg_begin
7.75776e+06
-363538
0.649187
0.0100151
0.00565416
0.000408869
0
0
0
1683488158.31954
msg_begin
7.75776e+06
-363538
0.647677
0.0213553
0.00547751
0.000729985
0
0
0
1683488158.36957
msg_begin
7.75776e+06
-363538
0.648491
0.0193692
0.00341496
0.00124018
0
0
0
1683488158.41940
msg_begin
7.75776e+06
-363537
0.648632
0.0103804
0.00876028
0.00139178
0
0
0
1683488158.46925
msg_begin
7.75776e+06
-363537
0.64454
0.0149403
0.00224024
0.000835962
0
0
0
1683488158.51916
msg_begin
7.75776e+06
-363537
0.645852
0.00967766
0.00298645
0.000633147
0
0
0
1683488158.56908
msg_begin
7.75776e+06
-363537
0.64689
0.0100514
0.0056077
0.000243755
0
0
0
1683488158.61907
msg_begin
7.75776e+06
-363536
0.647171
0.00488389
0.00221044
5.90484e-05
0
0
0
1683488158.66885
msg_begin
7.75776e+06
-363536
0.64662
0.000243662
0.000441602
7.56697e-05
0
0
0
1683488158.71868
msg_begin
7.75776e+06
-363536
0.646773
0.00174949
0.000313082
3.55392e-05
0
0
0
1683488158.76859
msg_begin
7.75776e+06
-363536
0.642281
6.03093e-05
0.000537596
9.18289e-05
0
0
0
1683488158.81847
msg_begin
7.75776e+06
-363535
0.643058
0.00356293
0.00273886
0.000158882
0
0
0
1683488158.86842
msg_begin
7.75776e+06
-363535
0.642229
0.0120752
0.00256337
0.000159193
0
0
0
1683488158.91829
msg_begin
7.75776e+06
-363535
0.643035
0.00775795
0.00405552
0.000968884
0
0
0
1683488158.96816
msg_begin
7.75777e+06
-363535
0.637372
0.00047875
0.000835059
7.98271e-05
0
0
0
1683488159.01821
msg_begin
7.75777e+06
-363534
0.634338
1.95578e-08
1.39698e-09
2.55351e-15
0
0
0
1683488159.06808
msg_begin
7.75777e+06
-363534
0.630604
0.00425055
0.00300474
0.000375824
0
0
0
1683488159.11803
msg_begin
7.75777e+06
-363534
0.623684
0.00142887
0.00180801
0.000166999
0
0
0
1683488159.16798
msg_begin
7.75777e+06
-363534
0.622561
0.00715008
0.00772629
0.000425489
0
0
0
1683488159.21799
msg_begin
7.75777e+06
-363533
0.615666
0.0116257
0.00411608
0.000496504
0
0
0
1683488159.26799
msg_begin
7.75777e+06
-363533
0.614815
0.00123576
0.00256846
8.77408e-05
0
0
0
1683488159.31801
msg_begin
7.75777e+06
-363533
0.608707
1.86265e-08
1.74623e-10
2.22045e-15
0
0
0
1683488159.36795
msg_begin
7.75777e+06
-363533
0.607254
0.000302288
0.00164826
6.136e-05
0
0
0
1683488159.41815
msg_begin
7.75777e+06
-363532
0.599476
0.0139078
0.00551209
0.000764633
0
0
0
1683488159.46803
msg_begin
7.75777e+06
-363532
0.596936
0.00653017
0.00201692
0.000805514
0
0
0
1683488159.51799
msg_begin
7.75777e+06
-363532
0.590035
0.015499
0.00293718
0.000439596
0
0
0
1683488159.56802
msg_begin
7.75777e+06
-363532
0.582618
0.0148281
0.00868775
0.000980838
0
0
0
1683488159.61908
msg_begin
7.75777e+06
-363531
0.579379
0.00204618
0.0029809
0.000165198
0
0
0
1683488159.66797
msg_begin
7.75777e+06
-363531
0.574917
0.0105689
0.0150733
0.00158457
0
0
0
1683488159.71794
msg_begin
7.75777e+06
-363531
0.568739
5.7742e-08
5.82077e-10
3.55271e-15
0
0
0
1683488159.76788
msg_begin
7.75777e+06
-363531
0.558492
0.00146059
0.00453847
0.000218818
0
0
0
1683488159.81795
msg_begin
7.75777e+06
-363531
0.551448
0.00214508
0.000132393
5.78179e-05
0
0
0
1683488159.86791
msg_begin
7.75777e+06
-363530
0.550666
0.00617545
0.00337519
0.00105346
0
0
0
1683488159.91782
msg_begin
7.75777e+06
-363530
0.539179
0.0013715
0.0118279
0.000599325
0
0
0
1683488159.96785
msg_begin
7.75777e+06
-363530
0.534401
0.00318716
0.00566859
0.000591534
0
0
0
1683488160.01770
msg_begin
7.75777e+06
-363530
0.53306
0.000594342
0.00256763
2.50907e-05
0
0
0
1683488160.06768
msg_begin
7.75777e+06
-363530
0.523957
0.000512965
0.0014768
7.9555e-05
0
0
0
1683488160.11761
msg_begin
7.75777e+06
-363529
0.511257
0.00193483
0.000716838
3.49299e-05
0
0
0
1683488160.16753
msg_begin
7.75777e+06
-363529
0.503428
0.0134857
0.00419228
0.000792255
0
0
0
1683488160.21757
msg_begin
7.75777e+06
-363529
0.495694
9.31323e-10
2.56114e-09
2.22045e-16
0
0
0
1683488160.26747
msg_begin
7.75777e+06
-363529
0.493142
0.00684464
0.00498446
0.00155949
0
0
0
1683488160.31742
msg_begin
7.75777e+06
-363529
0.486806
0.00186295
0.000816248
1.21781e-05
0
0
0
1683488160.36749
msg_begin
7.75777e+06
-363528
0.480505
0.00205034
0.000850279
0.000352682
0
0
0
1683488160.41750
msg_begin
7.75778e+06
-363528
0.469669
0.000304842
0.000893394
2.33155e-05
0
0
0
1683488160.46739
msg_begin
7.75778e+06
-363528
0.462434
0.000512319
0.00186983
0.000199382
0
0
0
1683488160.51737
msg_begin
7.75778e+06
-363528
0.454817
0.0096724
0.00321262
0.00207314
0
0
0
1683488160.56730
msg_begin
7.75778e+06
-363528
0.446297
0.0139261
0.00823295
0.00049433
0
0
0
1683488160.61725
msg_begin
7.75778e+06
-363527
0.438168
0.0077318
0.00459623
0.000318399
0
0
0
1683488160.66724
msg_begin
7.75778e+06
-363527
0.430255
0.00737893
0.00424237
0.000315183
0
0
0
1683488160.71717
msg_begin
7.75778e+06
-363527
0.420928
0.000360952
0.00016782
7.21775e-05
0
0
0
1683488160.76710
msg_begin
7.75778e+06
-363527
0.416705
0.0100595
0.00233091
0.00241005
0
0
0
1683488160.81707
msg_begin
7.75778e+06
-363527
0.40959
3.07336e-08
2.2701e-09
2.77556e-15
0
0
0
1683488160.86700
msg_begin
7.75778e+06
-363527
0.403068
0.00188598
8.93324e-05
0.000596792
0
0
0
1683488160.91698
msg_begin
7.75778e+06
-363526
0.394651
2.42144e-08
9.31323e-10
1.16573e-15
0
0
0
1683488160.96709
msg_begin
7.75778e+06
-363526
0.384992
0.013589
0.00374579
0.000970221
0
0
0
1683488161.01681
msg_begin
7.75778e+06
-363526
0.37487
0.00168332
0.00110937
5.02163e-05
0
0
0
1683488161.06674
msg_begin
7.75778e+06
-363526
0.366864
0.00505358
0.00207484
0.000331918
0
0
0
1683488161.11668
msg_begin
7.75778e+06
-363526
0.360088
0.0148314
0.00460891
0.000130121
0
0
0
1683488161.16666
msg_begin
7.75778e+06
-363526
0.354543
0.00170972
0.000412074
2.57637e-05
0
0
0
1683488161.21654
msg_begin
7.75778e+06
-363526
0.346167
0.00803776
0.00505659
0.000427336
0
0
0
1683488161.26652
msg_begin
7.75778e+06
-363525
0.341511
0.000272984
1.0128e-05
1.60436e-05
0
0
0
1683488161.31646
msg_begin
7.75778e+06
-363525
0.332992
4.84288e-08
1.62981e-09
9.4369e-16
0
0
0
1683488161.36674
msg_begin
7.75778e+06
-363525
0.322023
0.00315907
0.00168107
0.000201602
0
0
0
1683488161.41634
msg_begin
7.75778e+06
-363525
0.313974
0
2.32831e-10
1.11022e-16
0
0
0
1683488161.46633
msg_begin
7.75778e+06
-363525
0.307249
0.000294378
6.6993e-05
3.11432e-05
0
0
0
1683488161.51627
msg_begin
7.75778e+06
-363525
0.300162
7.26432e-08
2.61934e-09
1.16573e-15
0
0
0
1683488161.56618
msg_begin
7.75778e+06
-363525
0.292447
0.00112442
0.00415228
4.51034e-05
0
0
0
1683488161.61610
msg_begin
7.75778e+06
-363525
0.286491
0.00202073
0.00191494
8.49014e-05
0
0
0
1683488161.66601
msg_begin
7.75778e+06
-363524
0.27995
0.0108335
0.00638569
0.000755174
0
0
0
1683488161.71596
msg_begin
7.75778e+06
-363524
0.269449
0.0116948
0.00664467
0.000665185
0
0
0
1683488161.76596
msg_begin
7.75778e+06
-363524
0.263966
0.000688823
0.000328789
0.000335958
0
0
0
1683488161.81590
msg_begin
7.75779e+06
-363524
0.256339
3.91155e-08
4.07454e-09
2.83107e-15
0
0
0
1683488161.86563
msg_begin
7.75779e+06
-363524
0.251802
0.00851614
0.00687291
0.00141616
0
0
0
1683488161.91555
msg_begin
7.75779e+06
-363524
0.242035
6.51926e-08
2.91038e-10
8.04912e-16
0
0
0
1683488161.96539
msg_begin
7.75779e+06
-363524
0.23222
0.00222663
0.00148319
0.000311539
0
0
0
1683488162.01567
msg_begin
7.75779e+06
-363524
0.226094
0.00167358
0.0111965
0.000432668
0
0
0
1683488162.06514
msg_begin
7.75779e+06
-363524
0.215973
1.21072e-08
3.14321e-09
1.63758e-15
0
0
0
1683488162.11501
msg_begin
7.75779e+06
-363524
0.211934
0.00494288
0.00661669
0.000399462
0
0
0
1683488162.16494
msg_begin
7.75779e+06
-363523
0.203089
2.70084e-08
4.65661e-10
2.35922e-15
0
0
0
1683488162.21561
msg_begin
7.75779e+06
-363523
0.194866
0.00864643
0.00209391
0.000138223
0
0
0
1683488162.26461
msg_begin
7.75779e+06
-363523
0.188388
0.000383205
0.00080151
7.26124e-05
0
0
0
1683488162.31456
msg_begin
7.75779e+06
-363523
0.179216
0.00134135
0.00110383
0.000120046
0
0
0
1683488162.36440
msg_begin
7.75779e+06
-363523
0.171993
0.0102086
0.00573505
0.000299511
0
0
0
1683488162.41497
msg_begin
7.75779e+06
-363523
0.166374
0.01245
0.00450409
0.000738381
0
0
0
1683488162.46420
msg_begin
7.75779e+06
-363523
0.156654
0.000254544
2.29762e-05
4.85736e-05
0
0
0
1683488162.51406
msg_begin
7.75779e+06
-363523
0.14755
0.0224308
0.00539462
0.00152995
0
0
0
1683488162.56397
msg_begin
7.75779e+06
-363523
0.142879
0.00360096
0.000484867
0.000293092
0
0
0
1683488162.61386
msg_begin
7.75779e+06
-363523
0.131789
7.54371e-08
1.39698e-09
6.66134e-16
0
0
0
1683488162.66378
msg_begin
7.75779e+06
-363523
0.128348
0.008035
0.00611365
0.000487664
0
0
0
1683488162.71372
msg_begin
7.75779e+06
-363523
0.116105
1.02445e-08
2.38651e-09
9.57567e-16
0
0
0
1683488162.76364
msg_begin
7.75779e+06
-363523
0.114839
5.21541e-08
5.82077e-10
9.99201e-16
0
0
0
1683488162.81359
msg_begin
7.75779e+06
-363523
0.102085
5.58794e-08
2.91038e-10
1.09635e-15
0
0
0
1683488162.86352
msg_begin
7.75779e+06
-363523
0.0912484
6.70552e-08
2.38651e-09
1.11022e-16
0
0
0
1683488162.91339
msg_begin
7.75779e+06
-363522
0.0781141
0.00441205
0.000728588
1.49938e-05
0
0
0
1683488163.01320
msg_begin
7.75779e+06
-363522
0.0594
5.40167e-08
6.40284e-10
6.38378e-16
0
0
0
1683488163.11296
msg_begin
7.7578e+06
-363522
0.0504245
5.21541e-08
1.74623e-10
4.85723e-17
0
0
0
1683488163.16289
msg_begin
7.7578e+06
-363522
0.0421328
0.00854263
0.00317623
0.00118047
0
0
0
1683488163.21283
msg_begin
7.7578e+06
-363522
0.0321392
0.00515657
0.00711654
0.000475323
0
0
0
1683488163.26274
msg_begin
7.7578e+06
-363522
0.0274542
0.00195594
0.00288597
0.000125856
0
0
0
1683488163.31263
msg_begin
7.7578e+06
-363522
0.019383
0.0287747
0.00719013
0.000966631
0
0
0
1683488163.36252
msg_begin
7.7578e+06
-363522
0.00912213
0.00708437
0.00447159
0.000216105
0
0
0
1683488163.41247
msg_begin
7.7578e+06
-363522
-0.00147235
1.39698e-08
3.0268e-09
1.69136e-17
0
0
0
1683488163.46242
msg_begin
7.7578e+06
-363522
-0.00172666
0.000551103
0.000473253
8.61199e-06
0
0
0
1683488163.51240
msg_begin
7.7578e+06
-363522
-0.00318927
0.00611795
0.00552466
0.00156745
0
0
0
1683488163.56228
msg_begin
7.7578e+06
-363522
-0.0195799
4.56348e-08
2.91038e-10
1.31839e-16
0
0
0
1683488163.61258
msg_begin
7.7578e+06
-363522
-0.0311468
0.0129625
0.00107504
0.00117769
0
0
0
1683488163.66214
msg_begin
7.7578e+06
-363522
-0.0402199
0.00126287
0.000803392
6.38229e-05
0
0
0
1683488163.71214
msg_begin
7.7578e+06
-363522
-0.0483464
3.72529e-09
1.5134e-09
1.45717e-16
0
0
0
1683488163.76207
msg_begin
7.7578e+06
-363522
-0.0562585
9.31323e-10
5.82077e-11
5.06539e-16
0
0
0
1683488163.81290
msg_begin
7.7578e+06
-363522
-0.0683863
0.01486
0.00941302
0.000755569
0
0
0
1683488163.86196
msg_begin
7.7578e+06
-363522
-0.0755977
0.0178225
0.0119166
0.000179646
0
0
0
1683488163.91199
msg_begin
7.7578e+06
-363522
-0.0837105
0.00555407
0.000974912
0.000219837
0
0
0
1683488163.96194
msg_begin
7.7578e+06
-363522
-0.092619
0.00195257
0.000234777
7.61661e-05
0
0
0
1683488164.01297
msg_begin
7.7578e+06
-363522
-0.0981988
0.00900395
0.00642567
0.00107176
0
0
0
1683488164.06183
msg_begin
7.7578e+06
-363522
-0.107842
0.00365878
0.00346929
0.000279441
0
0
0
1683488164.11178
msg_begin
7.7578e+06
-363522
-0.115415
5.30854e-08
1.68802e-09
6.93889e-17
0
0
0
1683488164.16167
msg_begin
7.7578e+06
-363522
-0.125314
0.0075269
0.0048859
0.000283134
0
0
0
1683488164.21255
msg_begin
7.7578e+06
-363522
-0.130292
0.0136088
0.00511126
0.000396838
0
0
0
1683488164.26160
msg_begin
7.7578e+06
-363523
-0.139355
0.00565357
0.000653558
0.0020794
0
0
0
1683488164.31147
msg_begin
7.7578e+06
-363523
-0.146879
0.000787035
0.000210616
6.91623e-05
0
0
0
1683488164.36141
msg_begin
7.7578e+06
-363523
-0.15516
0.0175687
0.00106389
0.000222917
0
0
0
1683488164.41219
msg_begin
7.75781e+06
-363523
-0.16255
0.00619566
0.00293927
0.000130392
0
0
0
1683488164.46126
msg_begin
7.75781e+06
-363523
-0.163993
0.00632745
0.00188422
0.000567645
0
0
0
1683488164.51124
msg_begin
7.75781e+06
-363523
-0.181575
6.79865e-08
5.82077e-11
2.22045e-16
0
0
0
1683488164.56108
msg_begin
7.75781e+06
-363523
-0.184175
1.39698e-08
1.22236e-09
2.77556e-17
0
0
0
1683488164.61097
msg_begin
7.75781e+06
-363523
-0.193238
0.00155925
0.000311114
0.000171654
0
0
0
1683488164.66093
msg_begin
7.75781e+06
-363523
-0.200865
0.0416381
0.0114049
0.00312635
0
0
0
1683488164.71083
msg_begin
7.75781e+06
-363523
-0.204425
0.00821624
0.00144931
0.000167834
0
0
0
1683488164.76084
msg_begin
7.75781e+06
-363523
-0.217402
9.31323e-10
1.57161e-09
1.47105e-15
0
0
0
1683488164.81059
msg_begin
7.75781e+06
-363523
-0.224714
0.0642036
0.010211
0.000618252
0
0
0
1683488164.86048
msg_begin
7.75781e+06
-363523
-0.23324
0.00296687
0.00251635
0.000409908
0
0
0
1683488164.91037
msg_begin
7.75781e+06
-363523
-0.241998
2.79397e-09
2.32831e-09
4.71845e-16
0
0
0
1683488164.96033
msg_begin
7.75781e+06
-363523
-0.250172
0.0201649
0.00093107
0.000711347
0
0
0
1683488165.01026
msg_begin
7.75781e+06
-363523
-0.250059
0.0388138
0.014397
0.00368383
0
0
0
1683488165.06022
msg_begin
7.75781e+06
-363524
-0.258354
0.00197092
0.00100735
0.000220323
0
0
0
1683488165.11013
msg_begin
7.75781e+06
-363524
-0.266616
0.00981197
0.0104437
0.00199159
0
0
0
1683488165.16003
msg_begin
7.75781e+06
-363524
-0.280733
0.00405793
0.000782054
0.000147648
0
0
0
1683488165.20994
msg_begin
7.75781e+06
-363524
-0.288633
0.000933343
0.000658334
0.000148651
0
0
0
1683488165.25979
msg_begin
7.75781e+06
-363524
-0.292863
0.00538433
0.003694
0.000584266
0
0
0
1683488165.30969
msg_begin
7.75781e+06
-363524
-0.304833
5.30854e-08
2.56114e-09
8.32667e-16
0
0
0
1683488165.35962
msg_begin
7.75781e+06
-363524
-0.306977
3.1665e-08
2.91038e-09
1.33227e-15
0
0
0
1683488165.40950
msg_begin
7.75781e+06
-363524
-0.319418
0.00728167
0.00322369
0.000364851
0
0
0
1683488165.45946
msg_begin
7.75781e+06
-363524
-0.327025
0.00250876
0.000997355
0.000150748
0
0
0
1683488165.50924
msg_begin
7.75781e+06
-363525
-0.334882
0.00344915
0.00336683
0.00140116
0
0
0
1683488165.55920
msg_begin
7.75781e+06
-363525
-0.345017
8.9407e-08
1.57161e-09
3.94129e-15
0
0
0
1683488165.60904
msg_begin
7.75781e+06
-363525
-0.352639
0.00188364
0.000400166
0.000437553
0
0
0
1683488165.65894
msg_begin
7.75781e+06
-363525
-0.360893
0.00587909
0.00534317
0.000769585
0
0
0
1683488165.70878
msg_begin
7.75781e+06
-363525
-0.36889
0.000356651
0.000216608
7.08498e-06
0
0
0
1683488165.75867
msg_begin
7.75782e+06
-363525
-0.377542
0.0102939
0.0026915
0.00087311
0
0
0
1683488165.80847
msg_begin
7.75782e+06
-363525
-0.381125
0.00434073
0.0040902
0.000267361
0
0
0
1683488165.85833
msg_begin
7.75782e+06
-363525
-0.39364
0.0283766
0.0109144
0.00145567
0
0
0
1683488165.90816
msg_begin
7.75782e+06
-363526
-0.400285
0.00702566
0.0116663
0.000390315
0
0
0
1683488165.95811
msg_begin
7.75782e+06
-363526
-0.411224
0.00205529
0.00129615
0.000152362
0
0
0
1683488166.00788
msg_begin
7.75782e+06
-363526
-0.419734
0.0137111
0.0121282
0.00178831
0
0
0
1683488166.05783
msg_begin
7.75782e+06
-363526
-0.423786
0.0358832
0.0133198
0.000575797
0
0
0
1683488166.10775
msg_begin
7.75782e+06
-363526
-0.431806
0.000294714
0.000493924
3.99923e-05
0
0
0
1683488166.15753
msg_begin
7.75782e+06
-363526
-0.440179
3.91155e-08
7.567e-10
4.44089e-16
0
0
0
1683488166.20739
msg_begin
7.75782e+06
-363527
-0.447938
0.045168
0.0177303
0.00314518
0
0
0
1683488166.25728
msg_begin
7.75782e+06
-363527
-0.454419
0.00424345
0.00198583
0.000183595
0
0
0
1683488166.30718
msg_begin
7.75782e+06
-363527
-0.465108
4.65661e-09
1.39698e-09
3.4972e-15
0
0
0
1683488166.35706
msg_begin
7.75782e+06
-363527
-0.472438
0.0107304
0.00503749
0.000616256
0
0
0
1683488166.40700
msg_begin
7.75782e+06
-363527
-0.479639
0.000849515
0.000773732
8.80472e-05
0
0
0
1683488166.45689
msg_begin
7.75782e+06
-363527
-0.49081
0.0019338
0.00387459
0.000619003
0
0
0
1683488166.50687
msg_begin
7.75782e+06
-363528
-0.497659
0.00125888
0.00248001
0.00012797
0
0
0
1683488166.55676
msg_begin
7.75782e+06
-363528
-0.506225
5.58794e-08
8.14907e-10
1.11022e-16
0
0
0
1683488166.60663
msg_begin
7.75782e+06
-363528
-0.511809
0.00835737
0.00864822
0.000463742
0
0
0
1683488166.65655
msg_begin
7.75782e+06
-363528
-0.521589
0.0109121
0.00123728
0.00133994
0
0
0
1683488166.70658
msg_begin
7.75782e+06
-363528
-0.526475
0.0141109
0.00379107
0.000735135
0
0
0
1683488166.75655
msg_begin
7.75782e+06
-363529
-0.536477
0.0416486
0.0353315
0.00118425
0
0
0
1683488166.80631
msg_begin
7.75782e+06
-363529
-0.543293
0.00531866
0.00352071
0.00012966
0
0
0
1683488166.85620
msg_begin
7.75782e+06
-363529
-0.552196
0.00978928
0.000976478
0.000298108
0
0
0
1683488166.90631
msg_begin
7.75782e+06
-363529
-0.555691
0.0121974
0.0157991
0.00158137
0
0
0
1683488166.95701
msg_begin
7.75782e+06
-363529
-0.566865
0.0773161
0.0346478
0.00249368
0
0
0
1683488167.00598
msg_begin
7.75782e+06
-363530
-0.57321
0.0178978
0.00817276
0.000918704
0
0
0
1683488167.05593
msg_begin
7.75782e+06
-363530
-0.58939
0.0103225
0.00682092
0.000657609
0
0
0
1683488167.15713
msg_begin
7.75782e+06
-363530
-0.598011
0.0073555
0.0102726
0.000173619
0
0
0
1683488167.20563
msg_begin
7.75783e+06
-363530
-0.607087
0.00032668
0.000253414
6.92714e-05
0
0
0
1683488167.25557
msg_begin
7.75783e+06
-363531
-0.613387
0.0264643
0.011729
0.000906822
0
0
0
1683488167.30551
msg_begin
7.75783e+06
-363531
-0.619813
0.0228965
0.0103803
0.000236297
0
0
0
1683488167.35666
msg_begin
7.75783e+06
-363531
-0.626059
0.023269
0.0076147
0.000198459
0
0
0
1683488167.40523
msg_begin
7.75783e+06
-363531
-0.635356
4.00469e-08
1.92085e-09
2.10942e-15
0
0
0
1683488167.45509
msg_begin
7.75783e+06
-363531
-0.640747
0.00319561
0.00099528
0.000241764
0
0
0
1683488167.50498
msg_begin
7.75783e+06
-363532
-0.651684
0.000428893
0.00194366
9.68672e-05
0
0
0
1683488167.55496
msg_begin
7.75783e+06
-363532
-0.656294
0.0364172
0.0316863
0.0014393
0
0
0
1683488167.60483
msg_begin
7.75783e+06
-363532
-0.660199
7.91624e-08
3.0268e-09
1.11022e-16
0
0
0
1683488167.65478
msg_begin
7.75783e+06
-363532
-0.665852
0.00335645
0.00316483
0.000275477
0
0
0
1683488167.70465
msg_begin
7.75783e+06
-363533
-0.673094
0.0210972
0.00322231
0.000438153
0
0
0
1683488167.75456
msg_begin
7.75783e+06
-363533
-0.679894
0.00354701
0.000477398
4.40894e-05
0
0
0
1683488167.80443
msg_begin
7.75783e+06
-363533
-0.68515
0.00166167
0.00349098
0.000422627
0
0
0
1683488167.85435
msg_begin
7.75783e+06
-363533
-0.688071
0.000579488
0.000568082
0.000205859
0
0
0
1683488167.90418
msg_begin
7.75783e+06
-363534
-0.693034
0.00931428
0.00558658
0.000596559
0
0
0
1683488167.95412
msg_begin
7.75783e+06
-363534
-0.699807
0.00345043
0.00094361
5.30292e-05
0
0
0
1683488168.05387
msg_begin
7.75783e+06
-363534
-0.702089
0.00558649
0.00148989
0.000124065
0
0
0
1683488168.10381
msg_begin
7.75783e+06
-363535
-0.706491
0.0101488
0.00119414
0.000385403
0
0
0
1683488168.15368
msg_begin
7.75783e+06
-363535
-0.708873
0.0038161
0.00500872
0.000933756
0
0
0
1683488168.20367
msg_begin
7.75783e+06
-363535
-0.711443
0.00443434
0.00218297
0.000312472
0
0
0
1683488168.25361
msg_begin
7.75783e+06
-363535
-0.713286
0.0141855
0.0114922
0.000931338
0
0
0
1683488168.30351
msg_begin
7.75783e+06
-363536
-0.716044
0.00785339
0.00959342
0.00033019
0
0
0
1683488168.35344
msg_begin
7.75783e+06
-363536
-0.715342
0.0046517
0.0068446
0.00084116
0
0
0
1683488168.40335
msg_begin
7.75783e+06
-363536
-0.717508
0.00192707
0.00252121
9.57208e-05
0
0
0
1683488168.45329
msg_begin
7.75783e+06
-363536
-0.718372
0.00435783
0.00480824
0.000449826
0
0
0
1683488168.50313
msg_begin
7.75783e+06
-363537
-0.720453
0.00589293
0.00680851
0.000297737
0
0
0
1683488168.55303
msg_begin
7.75783e+06
-363537
-0.721698
0.000144568
0.000138381
5.21034e-05
0
0
0
1683488168.60289
msg_begin
7.75783e+06
-363537
-0.721986
0.00369397
0.00664481
0.000857349
0
0
0
1683488168.65283
msg_begin
7.75783e+06
-363537
-0.722678
0.000194311
0.00109195
2.16973e-05
0
0
0
1683488168.70266
msg_begin
7.75783e+06
-363538
-0.721056
0.00783365
0.00109217
0.00025603
0
0
0
1683488168.75349
msg_begin
7.75783e+06
-363538
-0.724958
0.0139461
0.017932
0.000707494
0
0
0
1683488168.80245
msg_begin
7.75783e+06
-363538
-0.724693
0.020198
0.0282321
0.0019671
0
0
0
1683488168.85228
msg_begin
7.75784e+06
-363538
-0.727221
0.00381858
0.00299437
0.000612552
0
0
0
1683488168.90228
msg_begin
7.75784e+06
-363539
-0.727903
9.31323e-10
1.92085e-09
2.77556e-15
0
0
0
1683488168.95306
msg_begin
7.75784e+06
-363539
-0.7252
0.000312345
0.000133187
8.09188e-05
0
0
0
1683488169.00218
msg_begin
7.75784e+06
-363539
-0.725947
0.000988092
0.000382459
0.00010935
0
0
0
1683488169.05223
msg_begin
7.75784e+06
-363539
-0.726215
0.0312274
0.022818
0.00047976
0
0
0
1683488169.10229
msg_begin
7.75784e+06
-363540
-0.729992
1.95578e-08
2.91038e-10
4.44089e-16
0
0
0
1683488169.15312
msg_begin
7.75784e+06
-363540
-0.730388
7.45058e-09
2.38651e-09
2.88658e-15
0
0
0
1683488169.20228
msg_begin
7.75784e+06
-363540
-0.730663
0.00636094
0.00553438
8.24849e-05
0
0
0
1683488169.25230
msg_begin
7.75784e+06
-363541
-0.732185
7.07805e-08
4.07454e-10
8.88178e-16
0
0
0
1683488169.30230
msg_begin
7.75784e+06
-363541
-0.732533
0.00212854
0.00220981
0.000208729
0
0
0
1683488169.35301
msg_begin
7.75784e+06
-363541
-0.735124
0.000853538
0.00147523
6.30297e-05
0
0
0
1683488169.40219
msg_begin
7.75784e+06
-363541
-0.737902
0.00206081
0.000874107
0.000319488
0
0
0
1683488169.45213
msg_begin
7.75784e+06
-363542
-0.734014
0.016649
0.0101992
0.000753209
0
0
0
1683488169.50206
msg_begin
7.75784e+06
-363542
-0.736724
1.02445e-08
2.21189e-09
5.55112e-16
0
0
0
1683488169.55202
msg_begin
7.75784e+06
-363542
-0.734861
0.0133084
0.0135185
0.00111393
0
0
0
1683488169.60196
msg_begin
7.75784e+06
-363542
-0.736691
0.000316899
0.000155363
0.000113323
0
0
0
1683488169.65186
msg_begin
7.75784e+06
-363543
-0.736746
0.00124106
0.00232207
0.000200384
0
0
0
1683488169.70180
msg_begin
7.75784e+06
-363543
-0.733243
0.00803523
0.0053856
0.000276576
0
0
0
1683488169.75167
msg_begin
7.75784e+06
-363543
-0.73294
1.39698e-08
2.56114e-09
1.88738e-15
0
0
0
1683488169.80152
msg_begin
7.75784e+06
-363544
-0.734072
0.0409432
0.0236261
0.00152985
0
0
0
1683488169.85139
msg_begin
7.75784e+06
-363544
-0.736776
0.0244824
0.0202884
0.00125132
0
0
0
1683488169.90128
msg_begin
7.75784e+06
-363544
-0.73593
0.00497082
0.00320192
0.000522274
0
0
0
1683488169.95118
msg_begin
7.75784e+06
-363544
-0.73593
0.0149175
0.0124376
0.00177003
0
0
0
1683488170.00107
msg_begin
7.75784e+06
-363545
-0.736683
0.00248656
0.00328332
6.60498e-05
0
0
0
1683488170.05095
msg_begin
7.75784e+06
-363545
-0.737248
0.0251497
0.0124112
0.000888141
0
0
0
1683488170.10091
msg_begin
7.75784e+06
-363545
-0.736609
0.00314359
0.00282996
0.000139859
0
0
0
1683488170.15088
msg_begin
7.75784e+06
-363545
-0.736697
0.00616987
0.0147159
0.000797613
0
0
0
1683488170.20082
msg_begin
7.75784e+06
-363546
-0.735676
0.00820293
0.00329527
0.000481714
0
0
0
1683488170.25076
msg_begin
7.75784e+06
-363546
-0.73639
0.00263546
0.00192283
4.27335e-05
0
0
0
1683488170.30077
msg_begin
7.75784e+06
-363546
-0.737736
0.00413949
0.00333413
0.000252992
0
0
0
1683488170.35062
msg_begin
7.75784e+06
-363547
-0.737201
0.000957313
0.000531544
2.77051e-05
0
0
0
1683488170.40057
msg_begin
7.75784e+06
-363547
-0.737297
0.0148226
0.0199687
0.000209143
0
0
0
1683488170.45047
msg_begin
7.75785e+06
-363547
-0.739446
7.91624e-08
1.28057e-09
7.77156e-16
0
0
0
1683488170.50039
msg_begin
7.75785e+06
-363547
-0.740938
0.00556988
0.00564483
0.000395991
0
0
0
1683488170.55034
msg_begin
7.75785e+06
-363548
-0.741332
0.00806231
0.00631045
0.0005439
0
0
0
1683488170.60021
msg_begin
7.75785e+06
-363548
-0.741564
5.71367e-05
0.0027391
2.89958e-05
0
0
0
1683488170.65026
msg_begin
7.75785e+06
-363548
-0.740198
0.00229802
0.00244573
0.00029516
0
0
0
1683488170.70016
msg_begin
7.75785e+06
-363548
-0.740789
0.0114728
0.00861345
0.000992565
0
0
0
1683488170.74998
msg_begin
7.75785e+06
-363549
-0.740064
0.000170278
8.82415e-05
6.16435e-06
0
0
0
1683488170.79988
msg_begin
7.75785e+06
-363549
-0.738765
0.0164364
0.0212923
0.000663962
0
0
0
1683488170.84980
msg_begin
7.75785e+06
-363549
-0.74107
0.00350529
0.00187549
0.000292319
0
0
0
1683488170.89974
msg_begin
7.75785e+06
-363550
-0.741234
0.0251505
0.020233
8.42705e-05
0
0
0
1683488170.94964
msg_begin
7.75785e+06
-363550
-0.741967
0.00551042
0.00602303
0.000212457
0
0
0
1683488170.99960
msg_begin
7.75785e+06
-363550
-0.738993
0.00530618
0.00550437
0.00071909
0
0
0
1683488171.04951
msg_begin
7.75785e+06
-363550
-0.737127
0.00097639
0.000723397
0.000255958
0
0
0
1683488171.09947
msg_begin
7.75785e+06
-363551
-0.738575
0.00305477
0.0027553
0.000142733
0
0
0
1683488171.14943
msg_begin
7.75785e+06
-363551
-0.735521
0.00327476
0.00217681
0.000308865
0
0
0
1683488171.19937
msg_begin
7.75785e+06
-363551
-0.733395
0.00125452
0.00651436
0.000353216
0
0
0
1683488171.24923
msg_begin
7.75785e+06
-363551
-0.73546
7.07805e-08
9.31323e-10
1.44329e-15
0
0
0
1683488171.29922
msg_begin
7.75785e+06
-363552
-0.737631
0.0404881
0.0373446
0.000929379
0
0
0
1683488171.34913
msg_begin
7.75785e+06
-363552
-0.738399
0.00495061
0.00468699
0.000229937
0
0
0
1683488171.39902
msg_begin
7.75785e+06
-363552
-0.73803
1.02445e-08
2.61934e-09
2.66454e-15
0
0
0
1683488171.44895
msg_begin
7.75785e+06
-363553
-0.740641
0.0038685
0.00255432
0.000632441
0
0
0
1683488171.49882
msg_begin
7.75785e+06
-363553
-0.739176
0.000597717
0.00043763
0.000220788
0
0
0
1683488171.54870
msg_begin
7.75785e+06
-363553
-0.739599
0.0163887
0.0194033
0.00163725
0
0
0
1683488171.59858
msg_begin
7.75785e+06
-363553
-0.740244
0.00280796
0.00548051
0.000630003
0
0
0
1683488171.64842
msg_begin
7.75785e+06
-363554
-0.738452
0.00602302
0.00507095
0.00030661
0
0
0
1683488171.69834
msg_begin
7.75785e+06
-363554
-0.738454
0.00167882
0.000677775
3.65742e-05
0
0
0
1683488171.74871
msg_begin
7.75785e+06
-363554
-0.738516
0.00031885
8.88402e-05
5.02236e-05
0
0
0
1683488171.79809
msg_begin
7.75785e+06
-363555
-0.738532
0.00559237
0.00385166
0.000516429
0
0
0
1683488171.84852
msg_begin
7.75785e+06
-363555
-0.736122
0.010595
0.0109638
0.000978525
0
0
0
1683488171.89785
msg_begin
7.75785e+06
-363555
-0.740278
6.14673e-08
1.62981e-09
1.22125e-15
0
0
0
1683488171.94774
msg_begin
7.75785e+06
-363555
-0.741467
0.0146945
0.0102614
0.000257062
0
0
0
1683488171.99765
msg_begin
7.75785e+06
-363556
-0.741875
1.86265e-09
1.74623e-10
1.33227e-15
0
0
0
1683488172.04758
msg_begin
7.75786e+06
-363556
-0.738779
0.0191024
0.0236021
0.00065663
0
0
0
1683488172.09740
msg_begin
7.75786e+06
-363556
-0.740221
0.0171257
0.0208939
0.000567289
0
0
0
1683488172.14734
msg_begin
7.75786e+06
-363557
-0.739863
0.0112147
0.00571463
0.000828043
0
0
0
1683488172.19726
msg_begin
7.75786e+06
-363557
-0.737789
0.00114428
9.17118e-05
0.000144726
0
0
0
1683488172.24720
msg_begin
7.75786e+06
-363557
-0.736418
5.30854e-08
1.16415e-10
1.55431e-15
0
0
0
1683488172.29706
msg_begin
7.75786e+06
-363557
-0.735424
4.65661e-08
5.82077e-11
4.77396e-15
0
0
0
1683488172.34693
msg_begin
7.75786e+06
-363558
-0.73538
0.00149816
0.000910321
4.74853e-05
0
0
0
1683488172.39683
msg_begin
7.75786e+06
-363558
-0.737779
0.00315079
0.00477477
3.91307e-05
0
0
0
1683488172.44676
msg_begin
7.75786e+06
-363558
-0.739499
0.0200139
0.0255226
0.000996758
0
0
0
1683488172.49670
msg_begin
7.75786e+06
-363558
-0.738459
0.0022366
0.000215212
3.35701e-05
0
0
0
1683488172.54666
msg_begin
7.75786e+06
-363559
-0.738971
0.00162107
0.00196785
0.000175693
0
0
0
1683488172.59661
msg_begin
7.75786e+06
-363559
-0.739069
0.00374386
0.00207915
0.000176629
0
0
0
1683488172.64660
msg_begin
7.75786e+06
-363559
-0.736224
0.00541904
0.00338354
3.62341e-05
0
0
0
1683488172.69656
msg_begin
7.75786e+06
-363560
-0.737477
0.00108423
0.00212415
0.000154364
0
0
0
1683488172.74657
msg_begin
7.75786e+06
-363560
-0.737313
0.00665846
0.00483531
0.000446772
0
0
0
1683488172.79665
msg_begin
7.75786e+06
-363560
-0.737431
0.00321946
0.00291408
0.000193847
0
0
0
1683488172.84664
msg_begin
7.75786e+06
-363561
-0.737785
1.49012e-08
3.31784e-09
3.21965e-15
0
0
0
1683488172.89668
msg_begin
7.75786e+06
-363561
-0.738779
0.00217444
0.00171417
0.000342152
0
0
0
1683488172.94676
msg_begin
7.75786e+06
-363561
-0.738207
0.00230617
0.00208034
0.000102815
0
0
0
1683488172.99672
msg_begin
7.75786e+06
-363561
-0.737168
0.00333384
0.00426656
9.69615e-05
0
0
0
1683488173.04681
msg_begin
7.75786e+06
-363562
-0.736422
0.0148314
0.01803
0.00112178
0
0
0
1683488173.09684
msg_begin
7.75786e+06
-363562
-0.737468
0.00103043
0.00410389
0.000175312
0
0
0
1683488173.14684
msg_begin
7.75786e+06
-363562
-0.737363
0.0102999
0.00521494
0.000197347
0
0
0
1683488173.19684
msg_begin
7.75786e+06
-363563
-0.735479
0.00104726
0.0022352
4.25615e-05
0
0
0
1683488173.24677
msg_begin
7.75786e+06
-363563
-0.73762
0.0293352
0.02838
0.00163885
0
0
0
1683488173.29678
msg_begin
7.75786e+06
-363563
-0.736636
0.000976236
0.00286023
0.000108859
0
0
0
1683488173.34677
msg_begin
7.75786e+06
-363563
-0.737403
3.44589e-08
5.82077e-11
2.88658e-15
0
0
0
1683488173.39674
msg_begin
7.75786e+06
-363564
-0.740515
0.0143174
0.00814367
0.000460511
0
0
0
1683488173.44670
msg_begin
7.75786e+06
-363564
-0.73774
0.00878938
0.0122985
0.00138473
0
0
0
1683488173.49657
msg_begin
7.75786e+06
-363564
-0.736848
0.00039387
0.000749828
9.89084e-05
0
0
0
1683488173.54655
msg_begin
7.75786e+06
-363565
-0.736049
0.00249754
0.0039667
0.000183973
0
0
0
1683488173.59649
msg_begin
7.75787e+06
-363565
-0.73632
0.00269104
0.000326591
0.000158333
0
0
0
1683488173.64644
msg_begin
7.75787e+06
-363565
-0.736175
0.0039557
0.000332788
0.000312079
0
0
0
1683488173.69637
msg_begin
7.75787e+06
-363565
-0.736244
0.00802711
0.00661711
0.000569928
0
0
0
1683488173.74629
msg_begin
7.75787e+06
-363566
-0.732293
0.00242422
0.00301816
0.000212786
0
0
0
1683488173.79632
msg_begin
7.75787e+06
-363566
-0.733685
0.000607851
0.000611045
0.000120502
0
0
0
1683488173.84630
msg_begin
7.75787e+06
-363566
-0.732545
0.00347948
0.00200476
0.000227874
0
0
0
1683488173.89625
msg_begin
7.75787e+06
-363567
-0.735035
0.000151792
0.000710544
6.75088e-05
0
0
0
1683488173.94633
msg_begin
7.75787e+06
-363567
-0.733208
0.0187181
0.0167452
0.000864738
0
0
0
1683488173.99636
msg_begin
7.75787e+06
-363567
-0.73007
0.0183403
0.0168187
0.00222664
0
0
0
1683488174.04632
msg_begin
7.75787e+06
-363567
-0.73395
0.00043854
0.00120083
5.37966e-05
0
0
0
1683488174.09634
msg_begin
7.75787e+06
-363568
-0.734515
0.00195837
0.00224645
0.000369527
0
0
0
1683488174.14638
msg_begin
7.75787e+06
-363568
-0.733307
0.00851062
0.00431282
0.000796953
0
0
0
1683488174.19643
msg_begin
7.75787e+06
-363568
-0.734123
0.00389585
0.00239079
0.000692464
0
0
0
1683488174.24650
msg_begin
7.75787e+06
-363569
-0.734491
0.0283467
0.0107459
0.000544909
0
0
0
1683488174.29652
msg_begin
7.75787e+06
-363569
-0.7347
0.0021461
0.00343026
0.000213062
0
0
0
1683488174.34652
msg_begin
7.75787e+06
-363569
-0.736575
0.0283125
0.028794
0.00076176
0
0
0
1683488174.39653
msg_begin
7.75787e+06
-363569
-0.734418
0.02134
0.0028725
0.000261749
0
0
0
1683488174.44653
msg_begin
7.75787e+06
-363570
-0.730371
0.0128283
0.00894069
0.00109405
0
0
0
1683488174.49653
msg_begin
7.75787e+06
-363570
-0.731574
0.00360247
0.00345356
7.3684e-05
0
0
0
1683488174.54646
msg_begin
7.75787e+06
-363570
-0.733511
1.11759e-08
4.65661e-10
1.22125e-15
0
0
0
1683488174.59647
msg_begin
7.75787e+06
-363571
-0.730957
0.0079753
0.00456367
0.000434484
0
0
0
1683488174.64651
msg_begin
7.75787e+06
-363571
-0.733546
0.0072407
0.00309537
0.000762192
0
0
0
1683488174.69641
msg_begin
7.75787e+06
-363571
-0.734289
0.000436797
0.000756124
6.73042e-05
0
0
0
1683488174.74642
msg_begin
7.75787e+06
-363571
-0.734308
0.00893205
0.00746288
0.000947148
0
0
0
1683488174.79637
msg_begin
7.75787e+06
-363572
-0.732628
0.0163275
0.0224505
0.000827656
0
0
0
1683488174.84646
msg_begin
7.75787e+06
-363572
-0.733496
8.3819e-09
1.57161e-09
1.11022e-15
0
0
0
1683488174.89636
msg_begin
7.75787e+06
-363572
-0.73367
2.76792e-05
0.00321767
0.000251904
0
0
0
1683488174.94637
msg_begin
7.75787e+06
-363573
-0.73353
0.00502703
0.000988568
4.89354e-05
0
0
0
1683488174.99640
msg_begin
7.75787e+06
-363573
-0.733781
0.0100575
0.00017795
0.000109777
0
0
0
1683488175.04642
msg_begin
7.75787e+06
-363573
-0.73462
0.0276884
0.0240984
0.00075947
0
0
0
1683488175.09644
msg_begin
7.75787e+06
-363574
-0.730528
0.00324939
0.00338852
0.000353765
0
0
0
1683488175.14658
msg_begin
7.75788e+06
-363574
-0.733026
0.00306725
0.00059087
0.000121218
0
0
0
1683488175.19655
msg_begin
7.75788e+06
-363574
-0.733445
0.00333699
0.0028555
0.000217526
0
0
0
1683488175.24658
msg_begin
7.75788e+06
-363574
-0.735483
0.0115584
0.0054463
0.000794557
0
0
0
1683488175.29662
msg_begin
7.75788e+06
-363575
-0.734668
0.0344918
0.00956724
0.000806382
0
0
0
1683488175.34665
msg_begin
7.75788e+06
-363575
-0.734553
0.00104366
0.0019009
7.26307e-05
0
0
0
1683488175.39665
msg_begin
7.75788e+06
-363575
-0.733966
0.0110812
0.00486168
0.00120801
0
0
0
1683488175.44661
msg_begin
7.75788e+06
-363576
-0.734874
0.0172943
0.00538274
0.000739158
0
0
0
1683488175.49686
msg_begin
7.75788e+06
-363576
-0.735285
0.00250079
0.00038676
7.59356e-05
0
0
0
1683488175.54657
msg_begin
7.75788e+06
-363576
-0.737217
0.00248257
0.00263536
0.000571468
0
0
0
1683488175.59657
msg_begin
7.75788e+06
-363576
-0.736906
0.0153685
0.00439512
0.00048753
0
0
0
1683488175.64657
msg_begin
7.75788e+06
-363577
-0.73762
4.56348e-08
3.14321e-09
3.44169e-15
0
0
0
1683488175.69649
msg_begin
7.75788e+06
-363577
-0.736778
0.0092273
0.00273507
0.000248451
0
0
0
1683488175.74650
msg_begin
7.75788e+06
-363577
-0.737376
0.00413773
0.00205489
0.000247842
0
0
0
1683488175.79638
msg_begin
7.75788e+06
-363578
-0.735267
0.0127698
0.0192663
0.000887379
0
0
0
1683488175.84634
msg_begin
7.75788e+06
-363578
-0.733472
0.0161264
0.00675242
0.00086561
0
0
0
1683488175.89624
msg_begin
7.75788e+06
-363578
-0.733549
0.0281649
0.030902
0.000430734
0
0
0
1683488175.94614
msg_begin
7.75788e+06
-363578
-0.736926
4.65661e-09
5.82077e-11
5.55112e-16
0
0
0
1683488175.99607
msg_begin
7.75788e+06
-363579
-0.736115
0.00203628
0.00054095
0.000192498
0
0
0
1683488176.04597
msg_begin
7.75788e+06
-363579
-0.735317
0.00372927
0.00378844
0.000362894
0
0
0
1683488176.09593
msg_begin
7.75788e+06
-363579
-0.729093
0.00099068
0.00130789
5.13685e-05
0
0
0
1683488176.14595
msg_begin
7.75788e+06
-363580
-0.730586
0.00171936
0.00200932
5.54634e-05
0
0
0
1683488176.19590
msg_begin
7.75788e+06
-363580
-0.731141
0.0267338
0.0266522
0.000719369
0
0
0
1683488176.24596
msg_begin
7.75788e+06
-363580
-0.730123
0.00187549
0.000904169
0.00022156
0
0
0
1683488176.29589
msg_begin
7.75788e+06
-363581
-0.730861
0.00777527
0.0114641
0.00025073
0
0
0
1683488176.34583
msg_begin
7.75788e+06
-363581
-0.730487
0.002593
0.00283129
0.000228531
0
0
0
1683488176.39594
msg_begin
7.75788e+06
-363581
-0.730263
0.00391433
0.00455328
0.000390743
0
0
0
1683488176.44602
msg_begin
7.75788e+06
-363581
-0.727852
5.58794e-09
2.15368e-09
1.55431e-15
0
0
0
1683488176.49616
msg_begin
7.75788e+06
-363582
-0.727514
0.00427433
0.00218825
0.000199244
0
0
0
1683488176.59602
msg_begin
7.75789e+06
-363582
-0.730071
0.00208734
0.00199173
0.000168676
0
0
0
1683488176.64609
msg_begin
7.75789e+06
-363583
-0.726906
0.000430192
4.05304e-05
4.2043e-05
0
0
0
1683488176.69721
msg_begin
7.75789e+06
-363583
-0.724878
0.0126959
0.00753765
0.000103371
0
0
0
1683488176.74616
msg_begin
7.75789e+06
-363583
-0.724051
0.0107963
0.00736146
0.00130559
0
0
0
1683488176.79606
msg_begin
7.75789e+06
-363584
-0.725276
0.00316441
0.00521368
0.000293064
0
0
0
1683488176.84609
msg_begin
7.75789e+06
-363584
-0.724823
0.00512371
0.00274025
0.000136919
0
0
0
1683488176.89606
msg_begin
7.75789e+06
-363584
-0.724804
0.012541
0.00513652
0.000315283
0
0
0
1683488176.94597
msg_begin
7.75789e+06
-363584
-0.725537
0.00176735
0.000540903
0.000233961
0
0
0
1683488176.99597
msg_begin
7.75789e+06
-363585
-0.72397
0.0123723
0.013452
0.00102801
0
0
0
1683488177.04603
msg_begin
7.75789e+06
-363585
-0.721748
0.0186298
0.0205211
0.000835574
0
0
0
1683488177.09594
msg_begin
7.75789e+06
-363585
-0.722954
8.19564e-08
3.0268e-09
2.22045e-16
0
0
0
1683488177.14583
msg_begin
7.75789e+06
-363586
-0.72235
0.00345006
0.00452178
0.000253102
0
0
0
1683488177.19579
msg_begin
7.75789e+06
-363586
-0.721441
4.84288e-08
2.85218e-09
5.66214e-15
0
0
0
1683488177.24578
msg_begin
7.75789e+06
-363586
-0.722375
0.0245787
0.0276586
0.00144808
0
0
0
1683488177.29607
msg_begin
7.75789e+06
-363586
-0.722123
0.00314834
0.00242708
0.000838426
0
0
0
1683488177.34571
msg_begin
7.75789e+06
-363587
-0.722449
0.0138944
0.011737
0.000751408
0
0
0
1683488177.39563
msg_begin
7.75789e+06
-363587
-0.720979
0.00248333
0.00271917
0.000544789
0
0
0
1683488177.44557
msg_begin
7.75789e+06
-363587
-0.720695
0.00133693
0.000436555
0.000170331
0
0
0
1683488177.49626
msg_begin
7.75789e+06
-363588
-0.722562
0.00460369
0.00599167
0.00103129
0
0
0
1683488177.54545
msg_begin
7.75789e+06
-363588
-0.721976
0.00016429
0.000468752
1.36653e-05
0
0
0
1683488177.59616
msg_begin
7.75789e+06
-363588
-0.721717
0.000124482
0.000757795
3.34257e-06
0
0
0
1683488177.64543
msg_begin
7.75789e+06
-363588
-0.724368
0.0198526
0.019286
0.000469452
0
0
0
1683488177.69538
msg_begin
7.75789e+06
-363589
-0.723736
0.00602964
0.00227193
0.00021826
0
0
0
1683488177.74538
msg_begin
7.75789e+06
-363589
-0.721891
0.0126106
0.00758827
0.000542394
0
0
0
1683488177.79539
msg_begin
7.75789e+06
-363589
-0.723767
6.0536e-08
8.73115e-10
3.33067e-15
0
0
0
1683488177.84546
msg_begin
7.75789e+06
-363590
-0.720273
0.000618287
0.000105682
0.000150045
0
0
0
1683488177.89544
msg_begin
7.75789e+06
-363590
-0.719882
0.0158751
0.00667225
0.00106853
0
0
0
1683488177.94544
msg_begin
7.75789e+06
-363590
-0.719043
0.00367468
0.00285907
0.000184564
0
0
0
1683488177.99541
msg_begin
7.75789e+06
-363591
-0.719864
6.70552e-08
2.79397e-09
1.11022e-15
0
0
0
1683488178.04531
msg_begin
7.75789e+06
-363591
-0.722782
5.58794e-09
4.07454e-10
4.77396e-15
0
0
0
1683488178.09529
msg_begin
7.7579e+06
-363591
-0.723478
0.00331794
0.0040013
0.000549434
0
0
0
1683488178.14523
msg_begin
7.7579e+06
-363591
-0.723994
0.0227946
0.00534916
0.000185345
0
0
0
1683488178.19522
msg_begin
7.7579e+06
-363592
-0.723344
0.00676022
0.00631595
0.000187522
0
0
0
1683488178.24521
msg_begin
7.7579e+06
-363592
-0.725228
0.0118978
0.00754326
0.00112529
0
0
0
1683488178.29514
msg_begin
7.7579e+06
-363592
-0.725235
0.000757458
0.002048
0.000311214
0
0
0
1683488178.34504
msg_begin
7.7579e+06
-363593
-0.723397
0.00501648
0.00807556
0.000105221
0
0
0
1683488178.39508
msg_begin
7.7579e+06
-363593
-0.722646
0.00417368
0.00362737
0.000163635
0
0
0
1683488178.44508
msg_begin
7.7579e+06
-363593
-0.726614
0.00116726
0.000891502
0.000188586
0
0
0
1683488178.49502
msg_begin
7.7579e+06
-363594
-0.726635
0.00968342
0.0133899
0.000454357
0
0
0
1683488178.54507
msg_begin
7.7579e+06
-363594
-0.724463
0.012372
0.0152864
0.000898909
0
0
0
1683488178.59533
msg_begin
7.7579e+06
-363594
-0.72406
0.000322518
0.000920643
7.28533e-05
0
0
0
1683488178.64496
msg_begin
7.7579e+06
-363594
-0.724303
0.00300111
0.000934914
0.000111806
0
0
0
1683488178.69618
msg_begin
7.7579e+06
-363595
-0.724367
0.0109909
0.00649756
0.000627671
0
0
0
1683488178.74479
msg_begin
7.7579e+06
-363595
-0.726499
0.00246831
0.0016767
0.000153511
0
0
0
1683488178.79476
msg_begin
7.7579e+06
-363595
-0.727895
0.00374647
0.00356385
0.000221897
0
0
0
1683488178.84488
msg_begin
7.7579e+06
-363596
-0.728119
0.00258725
0.00598442
0.000572347
0
0
0
1683488178.89603
msg_begin
7.7579e+06
-363596
-0.727893
6.51926e-08
6.98492e-10
4.21885e-15
0
0
0
1683488178.94482
msg_begin
7.7579e+06
-363596
-0.729496
6.98492e-08
9.31323e-10
5.55112e-15
0
0
0
1683488178.99494
msg_begin
7.7579e+06
-363596
-0.729953
0.0032488
0.00192513
0.000237339
0
0
0
1683488179.04495
msg_begin
7.7579e+06
-363597
-0.72976
0.00105291
0.00350323
8.79533e-05
0
0
0
1683488179.09587
msg_begin
7.7579e+06
-363597
-0.731341
2.79397e-09
4.65661e-10
3.44169e-15
0
0
0
1683488179.14504
msg_begin
7.7579e+06
-363597
-0.730295
5.58794e-09
1.45519e-09
2.22045e-16
0
0
0
1683488179.19505
msg_begin
7.7579e+06
-363598
-0.732734
0.00299049
0.00271959
3.28232e-05
0
0
0
1683488179.24526
msg_begin
7.7579e+06
-363598
-0.736203
0.00143854
0.00545411
0.000430327
0
0
0
1683488179.29635
msg_begin
7.7579e+06
-363598
-0.733995
0.00161449
0.00177887
0.000292691
0
0
0
1683488179.34518
msg_begin
7.7579e+06
-363599
-0.732282
0.0041678
0.00192428
0.000610112
0
0
0
1683488179.39522
msg_begin
7.7579e+06
-363599
-0.732911
0.0100267
0.00236662
0.000511156
0
0
0
1683488179.44510
msg_begin
7.7579e+06
-363599
-0.735598
0.0137161
0.00723255
0.000426306
0
0
0
1683488179.49582
msg_begin
7.75791e+06
-363599
-0.737437
0.0330023
0.031592
0.000801403
0
0
0
1683488179.54499
msg_begin
7.75791e+06
-363600
-0.735851
0.00334929
0.00427384
0.000938957
0
0
0
1683488179.59548
msg_begin
7.75791e+06
-363600
-0.737445
0.000775096
0.00267148
8.03714e-05
0
0
0
1683488179.64486
msg_begin
7.75791e+06
-363600
-0.738421
0.0111077
0.0106937
0.00040843
0
0
0
1683488179.69481
msg_begin
7.75791e+06
-363601
-0.739494
0.0128337
0.00845991
0.00024323
0
0
0
1683488179.74472
msg_begin
7.75791e+06
-363601
-0.737875
0.00610312
0.00775664
0.00104493
0
0
0
1683488179.79469
msg_begin
7.75791e+06
-363601
-0.740143
0.000609957
0.00163656
0.000111193
0
0
0
1683488179.84458
msg_begin
7.75791e+06
-363602
-0.740065
6.96479e-05
0.00083476
2.88803e-05
0
0
0
1683488179.89451
msg_begin
7.75791e+06
-363602
-0.738573
0.00534782
0.00432334
0.000635899
0
0
0
1683488179.94443
msg_begin
7.75791e+06
-363602
-0.739585
0.00145931
0.00159762
6.2633e-05
0
0
0
1683488179.99447
msg_begin
7.75791e+06
-363603
-0.74024
0.0169233
0.00350149
0.000150697
0
0
0
1683488180.04438
msg_begin
7.75791e+06
-363603
-0.739759
0.00366771
0.00332525
0.000359533
0
0
0
1683488180.09444
msg_begin
7.75791e+06
-363603
-0.741131
0.000908445
0.0011497
2.46559e-05
0
0
0
1683488180.14439
msg_begin
7.75791e+06
-363604
-0.740534
6.28414e-05
0.000126734
5.8945e-05
0
0
0
1683488180.19434
msg_begin
7.75791e+06
-363604
-0.744236
0.000918775
0.000812543
0.000198096
0
0
0
1683488180.24433
msg_begin
7.75791e+06
-363604
-0.74361
0.00752763
0.00712182
0.000161805
0
0
0
1683488180.29426
msg_begin
7.75791e+06
-363604
-0.744471
0.0031905
0.00144434
0.000611485
0
0
0
1683488180.34416
msg_begin
7.75791e+06
-363605
-0.744539
0.0225175
0.0160695
0.00177068
0
0
0
1683488180.39408
msg_begin
7.75791e+06
-363605
-0.742701
5.86733e-08
1.45519e-09
3.9968e-15
0
0
0
1683488180.44399
msg_begin
7.75791e+06
-363605
-0.74352
0.00419732
0.00222722
0.000203889
0
0
0
1683488180.49389
msg_begin
7.75791e+06
-363606
-0.743196
0.00235478
0.00248993
0.000165521
0
0
0
1683488180.54397
msg_begin
7.75791e+06
-363606
-0.745759
9.31323e-09
3.0268e-09
1.11022e-15
0
0
0
1683488180.59429
msg_begin
7.75791e+06
-363606
-0.744074
0.0168643
0.00804807
0.000251619
0
0
0
1683488180.64392
msg_begin
7.75791e+06
-363607
-0.745195
0.00433204
0.000973294
0.000347265
0
0
0
1683488180.69468
msg_begin
7.75791e+06
-363607
-0.744453
0.0186337
0.0154694
0.00115713
0
0
0
1683488180.74388
msg_begin
7.75791e+06
-363607
-0.746722
3.72529e-08
4.65661e-10
1.77636e-15
0
0
0
1683488180.79395
msg_begin
7.75791e+06
-363608
-0.74676
0.00110908
0.00129011
0.000485343
0
0
0
1683488180.84398
msg_begin
7.75791e+06
-363608
-0.746481
0.00766468
0.0078834
0.000890388
0
0
0
1683488180.89479
msg_begin
7.75791e+06
-363608
-0.744921
0.0100003
0.008294
0.000678234
0
0
0
1683488180.94410
msg_begin
7.75792e+06
-363609
-0.746285
0.0114279
0.00852482
7.91611e-05
0
0
0
1683488180.99423
msg_begin
7.75792e+06
-363609
-0.745725
0.00427858
0.0049247
0.000453101
0
0
0
1683488181.04438
msg_begin
7.75792e+06
-363609
-0.745044
0.00395085
0.0057668
0.000220866
0
0
0
1683488181.09562
msg_begin
7.75792e+06
-363609
-0.745131
0.000367196
0.00262269
8.54638e-05
0
0
0
1683488181.14449
msg_begin
7.75792e+06
-363610
-0.746867
0.00208902
0.00166886
0.000269167
0
0
0
1683488181.19461
msg_begin
7.75792e+06
-363610
-0.74716
0.00110792
0.00141543
0.0001277
0
0
0
1683488181.24470
msg_begin
7.75792e+06
-363610
-0.747636
5.68107e-08
3.49246e-10
2.88658e-15
0
0
0
1683488181.29609
msg_begin
7.75792e+06
-363611
-0.746085
0.00815786
0.00360429
0.00105032
0
0
0
1683488181.34477
msg_begin
7.75792e+06
-363611
-0.742906
0.0100541
0.00769725
0.000876253
0
0
0
1683488181.39483
msg_begin
7.75792e+06
-363611
-0.740443
0.00444669
0.00425672
0.000811585
0
0
0
1683488181.44485
msg_begin
7.75792e+06
-363612
-0.740605
1.39698e-08
2.38651e-09
3.33067e-16
0
0
0
1683488181.49587
msg_begin
7.75792e+06
-363612
-0.73896
2.23517e-08
3.14321e-09
4.55191e-15
0
0
0
1683488181.54482
msg_begin
7.75792e+06
-363612
-0.739698
0.0253466
0.0152418
0.00161893
0
0
0
1683488181.59611
msg_begin
7.75792e+06
-363613
-0.740613
0.000516127
0.000175359
1.0472e-05
0
0
0
1683488181.64477
msg_begin
7.75792e+06
-363613
-0.740975
0.00740066
0.00501282
0.000694297
0
0
0
1683488181.69470
msg_begin
7.75792e+06
-363613
-0.738544
0.00802916
0.00429632
0.000486319
0
0
0
1683488181.74459
msg_begin
7.75792e+06
-363613
-0.736046
0.0076404
0.00348968
0.000310762
0
0
0
1683488181.79455
msg_begin
7.75792e+06
-363614
-0.736149
0.00910561
0.0123741
0.00145555
0
0
0
1683488181.84453
msg_begin
7.75792e+06
-363614
-0.737652
0.0145954
0.0110149
0.000636215
0
0
0
1683488181.89455
msg_begin
7.75792e+06
-363614
-0.735729
0.00455135
0.00422969
0.000277717
0
0
0
1683488181.94444
msg_begin
7.75792e+06
-363615
-0.734701
0.000586221
0.00249926
0.000100673
0
0
0
1683488181.99447
msg_begin
7.75792e+06
-363615
-0.733419
0.00436094
0.0022403
0.00114005
0
0
0
1683488182.04449
msg_begin
7.75792e+06
-363615
-0.731706
0.00789467
0.00378726
0.000146233
0
0
0
1683488182.09440
msg_begin
7.75792e+06
-363616
-0.734961
0.00355357
0.00532391
0.000898257
0
0
0
1683488182.14443
msg_begin
7.75792e+06
-363616
-0.730627
0.000861798
0.000702524
3.44917e-05
0
0
0
1683488182.19438
msg_begin
7.75792e+06
-363616
-0.731534
0.00583744
0.00170425
0.000173129
0
0
0
1683488182.24437
msg_begin
7.75792e+06
-363617
-0.731294
0.0150735
0.0229643
0.000817966
0
0
0
1683488182.29427
msg_begin
7.75792e+06
-363617
-0.729959
0.00316002
0.00246095
0.000244771
0
0
0
1683488182.34422
msg_begin
7.75792e+06
-363617
-0.729436
0.0103084
0.00335722
0.00052235
0
0
0
1683488182.39418
msg_begin
7.75793e+06
-363617
-0.729487
2.8871e-08
3.72529e-09
2.88658e-15
0
0
0
1683488182.44411
msg_begin
7.75793e+06
-363618
-0.729368
0.00928739
0.00265511
0.00046667
0
0
0
1683488182.49409
msg_begin
7.75793e+06
-363618
-0.73033
0.0190324
0.00290004
0.000922828
0
0
0
1683488182.54405
msg_begin
7.75793e+06
-363618
-0.729742
0.00184403
0.00517532
0.000300642
0
0
0
1683488182.59498
msg_begin
7.75793e+06
-363619
-0.729494
0.00407722
0.00290197
0.000173364
0
0
0
1683488182.64406
msg_begin
7.75793e+06
-363619
-0.730823
0.00662674
0.00764765
0.000294369
0
0
0
1683488182.69520
msg_begin
7.75793e+06
-363619
-0.730203
0.00409861
0.000243903
7.35083e-05
0
0
0
1683488182.74412
msg_begin
7.75793e+06
-363620
-0.729351
0.0495054
0.0330853
0.000540996
0
0
0
1683488182.79416
msg_begin
7.75793e+06
-363620
-0.728764
4.65661e-09
1.80444e-09
3.33067e-16
0
0
0
1683488182.84417
msg_begin
7.75793e+06
-363620
-0.72855
0.0233173
0.0217918
0.000542038
0
0
0
1683488182.89468
msg_begin
7.75793e+06
-363621
-0.728975
0.00764695
0.00551625
0.000295867
0
0
0
1683488182.94422
msg_begin
7.75793e+06
-363621
-0.729138
0.0221342
0.0248196
0.000742226
0
0
0
1683488182.99417
msg_begin
7.75793e+06
-363622
-0.729684
7.91624e-08
2.09548e-09
6.66134e-16
0
0
0
1683488183.15750
msg_begin
7.75793e+06
-363622
-0.730103
0.00371278
0.00409919
0.000886604
0
0
0
1683488183.19436
msg_begin
7.75793e+06
-363622
-0.729499
8.3958e-05
9.94289e-06
3.4472e-05
0
0
0
1683488183.24444
msg_begin
7.75793e+06
-363623
-0.729397
0.0181663
0.0150532
0.000348739
0
0
0
1683488183.29540
msg_begin
7.75793e+06
-363623
-0.731699
0.010289
0.00654121
0.000506679
0
0
0
1683488183.34455
msg_begin
7.75793e+06
-363623
-0.730589
0.0105819
0.00353635
0.00106135
0
0
0
1683488183.39457
msg_begin
7.75793e+06
-363624
-0.730012
0.00716631
0.00902493
0.000125621
0
0
0
1683488183.44467
msg_begin
7.75793e+06
-363624
-0.729543
0.00424701
0.00346405
0.000401368
0
0
0
1683488183.49580
msg_begin
7.75793e+06
-363624
-0.731037
0.00199191
0.00109994
9.87327e-05
0
0
0
1683488183.54470
msg_begin
7.75793e+06
-363624
-0.732028
0.00100005
0.000747277
9.29698e-05
0
0
0
1683488183.59868
msg_begin
7.75793e+06
-363625
-0.731584
0.00237548
0.0013397
0.000282357
0
0
0
1683488183.64462
msg_begin
7.75793e+06
-363625
-0.730893
0.0130632
0.0196364
0.000653151
0
0
0
1683488183.69461
msg_begin
7.75793e+06
-363625
-0.728006
0.00218625
0.00256003
0.000499943
0
0
0
1683488183.74452
msg_begin
7.75793e+06
-363626
-0.729585
0.00608346
0.00442257
0.000105297
0
0
0
1683488183.79457
msg_begin
7.75793e+06
-363626
-0.72857
0.00572342
0.00644606
0.000199169
0
0
0
1683488183.84449
msg_begin
7.75794e+06
-363626
-0.729924
0.00264972
0.000566656
3.43683e-05
0
0
0
1683488183.89439
msg_begin
7.75794e+06
-363626
-0.729874
0.00711564
0.00522247
0.000235675
0
0
0
1683488183.94432
msg_begin
7.75794e+06
-363627
-0.730089
0.00981739
0.00198903
0.000235103
0
0
0
1683488183.99427
msg_begin
7.75794e+06
-363627
-0.730707
0.00107838
0.00018121
9.83618e-05
0
0
0
1683488184.04419
msg_begin
7.75794e+06
-363627
-0.732078
0.0196383
0.0258523
0.000458982
0
0
0
1683488184.09416
msg_begin
7.75794e+06
-363628
-0.732437
0.0146792
0.0165897
0.000934775
0
0
0
1683488184.14409
msg_begin
7.75794e+06
-363628
-0.733136
0.0122815
0.0115857
0.000497755
0
0
0
1683488184.19411
msg_begin
7.75794e+06
-363628
-0.731254
0.00648433
0.00495781
0.000685477
0
0
0
1683488184.24420
msg_begin
7.75794e+06
-363628
-0.731014
0.00295014
0.00500967
0.00048221
0
0
0
1683488184.29406
msg_begin
7.75794e+06
-363629
-0.730802
0.00379365
0.00641349
0.000863744
0
0
0
1683488184.34404
msg_begin
7.75794e+06
-363629
-0.730008
0.00234294
0.000771799
5.04559e-05
0
0
0
1683488184.39406
msg_begin
7.75794e+06
-363629
-0.730344
0.0317819
0.0233133
0.000315849
0
0
0
1683488184.44401
msg_begin
7.75794e+06
-363630
-0.732501
0.0345466
0.0278385
0.000113057
0
0
0
1683488184.49404
msg_begin
7.75794e+06
-363630
-0.735712
9.31323e-09
3.20142e-09
3.88578e-15
0
0
0
1683488184.54413
msg_begin
7.75794e+06
-363630
-0.735839
0.0141127
0.00891383
0.000667313
0
0
0
1683488184.59497
msg_begin
7.75794e+06
-363630
-0.735511
0.011725
0.0074953
0.000394925
0
0
0
1683488184.64415
msg_begin
7.75794e+06
-363631
-0.73617
0.0110139
0.00645748
0.000322375
0
0
0
1683488184.69550
msg_begin
7.75794e+06
-363631
-0.736544
0.00138044
0.000687309
6.18929e-06
0
0
0
1683488184.74418
msg_begin
7.75794e+06
-363631
-0.736614
0.000606792
0.0092429
0.000281002
0
0
0
1683488184.79418
msg_begin
7.75794e+06
-363631
-0.737935
0.00348148
0.00960889
0.00022637
0
0
0
1683488184.84426
msg_begin
7.75794e+06
-363632
-0.737129
0.00442404
0.0020459
0.00019815
0
0
0
1683488184.89486
msg_begin
7.75794e+06
-363632
-0.738211
0.0061148
0.00361883
0.00042129
0
0
0
1683488184.94422
msg_begin
7.75794e+06
-363632
-0.740458
0.00308391
0.00191465
0.0001156
0
0
0
1683488184.99424
msg_begin
7.75794e+06
-363632
-0.740013
0.00807678
0.00681345
0.000323765
0
0
0
1683488185.04417
msg_begin
7.75794e+06
-363633
-0.739329
0.00406828
0.00203898
0.000200102
0
0
0
1683488185.09508
msg_begin
7.75794e+06
-363633
-0.740011
0.00250796
0.00667135
0.000392744
0
0
0
1683488185.14409
msg_begin
7.75794e+06
-363633
-0.741528
0.00504451
0.00920044
0.000285984
0
0
0
1683488185.19404
msg_begin
7.75794e+06
-363634
-0.742155
0.00741424
0.0284014
0.000263432
0
0
0
1683488185.24400
msg_begin
7.75794e+06
-363634
-0.741579
2.14204e-08
1.28057e-09
3.66374e-15
0
0
0
1683488185.29493
msg_begin
7.75794e+06
-363634
-0.742025
0.00138551
0.00106177
0.000105266
0
0
0
1683488185.34392
msg_begin
7.75794e+06
-363634
-0.742251
5.7742e-08
2.32831e-09
6.10623e-15
0
0
0
1683488185.39394
msg_begin
7.75794e+06
-363635
-0.742179
0.00161108
0.00430534
0.000127599
0
0
0
1683488185.44397
msg_begin
7.75794e+06
-363635
-0.742772
0.00331377
0.00271242
0.000271204
0
0
0
1683488185.49461
msg_begin
7.75795e+06
-363635
-0.742666
0.00261565
0.000697016
0.000273933
0
0
0
1683488185.54400
msg_begin
7.75795e+06
-363635
-0.744121
0.00692488
0.0020594
0.000766986
0
0
0
1683488185.59484
msg_begin
7.75795e+06
-363636
-0.744286
0.00502171
0.00729151
0.000811779
0
0
0
1683488185.64403
msg_begin
7.75795e+06
-363636
-0.742509
0.0312707
0.0349048
0.00101295
0
0
0
1683488185.69401
msg_begin
7.75795e+06
-363636
-0.743107
0.0342582
0.0338609
0.00148831
0
0
0
1683488185.74409
msg_begin
7.75795e+06
-363636
-0.748095
0.0169983
0.0115435
0.00100444
0
0
0
1683488185.79410
msg_begin
7.75795e+06
-363637
-0.747884
0.0209807
0.0163671
0.000979421
0
0
0
1683488185.84418
msg_begin
7.75795e+06
-363637
-0.746411
0.00673748
0.00306858
0.00044563
0
0
0
1683488185.89430
msg_begin
7.75795e+06
-363637
-0.74746
0.0141813
0.00856342
0.000841981
0
0
0
1683488185.94428
msg_begin
7.75795e+06
-363638
-0.747028
0.00467136
0.000844566
0.000371856
0
0
0
1683488185.99432
msg_begin
7.75795e+06
-363638
-0.748312
0.000137294
0.000374242
4.92736e-05
0
0
0
1683488186.04432
msg_begin
7.75795e+06
-363638
-0.751591
0.00490768
0.00290219
0.000154732
0
0
0
1683488186.09428
msg_begin
7.75795e+06
-363638
-0.754814
0.0211099
0.0213459
0.000841009
0
0
0
1683488186.14427
msg_begin
7.75795e+06
-363639
-0.756567
0.0119122
0.0141625
0.000209417
0
0
0
1683488186.19429
msg_begin
7.75795e+06
-363639
-0.758276
0.00498856
0.00491215
0.00018019
0
0
0
1683488186.24423
msg_begin
7.75795e+06
-363639
-0.760028
0.0219752
0.031281
0.000903023
0
0
0
1683488186.29417
msg_begin
7.75795e+06
-363639
-0.75978
0.00737918
0.00546742
0.000329586
0
0
0
1683488186.34418
msg_begin
7.75795e+06
-363640
-0.767094
0.00124533
0.000308225
1.89994e-05
0
0
0
1683488186.39412
msg_begin
7.75795e+06
-363640
-0.772386
0.0220561
0.0119922
0.00129495
0
0
0
1683488186.44418
msg_begin
7.75795e+06
-363640
-0.772919
0.0027909
0.00445982
0.000404939
0
0
0
1683488186.49412
msg_begin
7.75795e+06
-363640
-0.775248
0.00700687
0.00991865
0.00124165
0
0
0
1683488186.54414
msg_begin
7.75795e+06
-363641
-0.778722
9.31323e-08
4.07454e-10
2.22045e-15
0
0
0
1683488186.59430
msg_begin
7.75795e+06
-363641
-0.785587
0.000525383
0.000873457
0.000170062
0
0
0
1683488186.64413
msg_begin
7.75795e+06
-363641
-0.792401
0.00746062
0.00828919
0.00296848
0
0
0
1683488186.69534
msg_begin
7.75795e+06
-363642
-0.793451
0.00590822
0.0111473
0.000557779
0
0
0
1683488186.74407
msg_begin
7.75795e+06
-363642
-0.797954
0.0383004
0.0350296
0.00247104
0
0
0
1683488186.79408
msg_begin
7.75795e+06
-363642
-0.800897
0.00599248
0.0120861
0.000837721
0
0
0
1683488186.84409
msg_begin
7.75795e+06
-363642
-0.812794
1.39698e-08
2.73576e-09
3.10862e-15
0
0
0
1683488186.89540
msg_begin
7.75795e+06
-363643
-0.813937
1.21072e-08
6.98492e-10
1.11022e-16
0
0
0
1683488186.94406
msg_begin
7.75795e+06
-363643
-0.821922
0.00195276
0.00195495
0.000217406
0
0
0
1683488186.99402
msg_begin
7.75795e+06
-363643
-0.822863
0.0122682
0.0103799
0.00118065
0
0
0
1683488187.04398
msg_begin
7.75795e+06
-363643
-0.834721
0.000503995
0.000226537
4.30143e-05
0
0
0
1683488187.09497
msg_begin
7.75795e+06
-363644
-0.84456
0.00352462
0.0119336
0.00196633
0
0
0
1683488187.14387
msg_begin
7.75795e+06
-363644
-0.851946
5.30854e-08
1.16415e-10
2.10942e-15
0
0
0
1683488187.19379
msg_begin
7.75795e+06
-363644
-0.859292
0.00818227
0.0154695
0.000786732
0
0
0
1683488187.24381
msg_begin
7.75796e+06
-363644
-0.870015
0.0130332
0.00996601
0.00119593
0
0
0
1683488187.29489
msg_begin
7.75796e+06
-363645
-0.88175
0.00399851
0.0191462
0.000740723
0
0
0
1683488187.34377
msg_begin
7.75796e+06
-363645
-0.888413
0.0268491
0.0302075
0.00156951
0
0
0
1683488187.39364
msg_begin
7.75796e+06
-363645
-0.901327
0.00816803
0.0131468
0.00111006
0
0
0
1683488187.44365
msg_begin
7.75796e+06
-363646
-0.908437
0.00675331
0.0069431
0.000806649
0
0
0
1683488187.49452
msg_begin
7.75796e+06
-363646
-0.913597
0.000217756
0.000431664
5.15921e-05
0
0
0
1683488187.54351
msg_begin
7.75796e+06
-363646
-0.925403
0.016667
0.00528925
0.000492339
0
0
0
1683488187.59400
msg_begin
7.75796e+06
-363646
-0.933124
0.00470608
0.00247819
0.000242734
0
0
0
1683488187.64353
msg_begin
7.75796e+06
-363647
-0.941933
0.00200976
0.00245252
0.000212792
0
0
0
1683488187.69342
msg_begin
7.75796e+06
-363647
-0.951503
0.0146192
0.0064533
0.00100506
0
0
0
1683488187.74340
msg_begin
7.75796e+06
-363647
-0.96473
6.61239e-08
3.20142e-09
8.88178e-16
0
0
0
1683488187.79338
msg_begin
7.75796e+06
-363648
-0.971685
0.0184805
0.0250616
0.000926945
0
0
0
1683488187.84341
msg_begin
7.75796e+06
-363648
-0.979172
0.00478344
0.00756607
0.000390827
0
0
0
1683488187.89343
msg_begin
7.75796e+06
-363648
-0.990514
0.00420416
0.00143696
5.35421e-05
0
0
0
1683488187.94341
msg_begin
7.75796e+06
-363648
-1.00118
0.0168936
0.01307
0.000735893
0
0
0
1683488187.99338
msg_begin
7.75796e+06
-363649
-1.02353
7.40241e-06
0.000874939
9.17537e-06
0
0
0
1683488188.09347
msg_begin
7.75796e+06
-363649
-1.03588
0.00569577
0.00132351
0.000298214
0
0
0
1683488188.14352
msg_begin
7.75796e+06
-363650
-1.04604
5.40167e-08
1.97906e-09
4.44089e-16
0
0
0
1683488188.19355
msg_begin
7.75796e+06
-363650
-1.05487
7.54371e-08
1.10595e-09
2.22045e-15
0
0
0
1683488188.24365
msg_begin
7.75796e+06
-363650
-1.06053
0.0065014
0.0145703
0.00119694
0
0
0
1683488188.29367
msg_begin
7.75796e+06
-363651
-1.07439
0.00019233
0.000674461
3.4356e-05
0
0
0
1683488188.34382
msg_begin
7.75796e+06
-363651
-1.08544
3.77954e-06
0.000197559
0.000100435
0
0
0
1683488188.39391
msg_begin
7.75796e+06
-363651
-1.09453
4.65661e-08
3.89991e-09
2.22045e-16
0
0
0
1683488188.44386
msg_begin
7.75796e+06
-363652
-1.10662
0.00219873
0.000707824
0.000200541
0
0
0
1683488188.49389
msg_begin
7.75796e+06
-363652
-1.12235
0.00172491
0.00244444
0.000148066
0
0
0
1683488188.54389
msg_begin
7.75796e+06
-363652
-1.12655
0.000823782
0.000409364
0.00022686
0
0
0
1683488188.59408
msg_begin
7.75796e+06
-363653
-1.16321
0.00239668
0.00654416
0.00032572
0
0
0
1683488188.74375
msg_begin
7.75796e+06
-363653
-1.1724
0.010298
0.0229486
0.00164014
0
0
0
1683488188.79367
msg_begin
7.75796e+06
-363654
-1.18271
0.00110577
0.00733124
0.000133693
0
0
0
1683488188.84363
msg_begin
7.75796e+06
-363654
-1.19547
0.00201838
0.00847685
0.00108816
0
0
0
1683488188.89473
msg_begin
7.75796e+06
-363654
-1.20039
0.00910646
0.00626922
0.00114826
0
0
0
1683488188.94358
msg_begin
7.75796e+06
-363655
-1.20875
0.00750782
0.0156114
0.00149841
0
0
0
1683488188.99359
msg_begin
7.75796e+06
-363655
-1.22631
0.00167087
0.000672729
0.000587377
0
0
0
1683488189.04352
msg_begin
7.75796e+06
-363656
-1.23442
0.000636815
0.00840534
0.00067496
0
0
0
1683488189.09461
msg_begin
7.75796e+06
-363656
-1.24548
0.00649171
0.0157865
0.0011351
0
0
0
1683488189.14348
msg_begin
7.75796e+06
-363656
-1.25339
0.0215864
0.0249351
0.0024002
0
0
0
1683488189.19341
msg_begin
7.75796e+06
-363656
-1.26837
0.00852351
0.0011441
0.000614794
0
0
0
1683488189.24336
msg_begin
7.75796e+06
-363657
-1.297
0.000887001
0.00295536
0.000267763
0
0
0
1683488189.39316
msg_begin
7.75796e+06
-363658
-1.30802
0.00285654
0.0179033
0.000271527
0
0
0
1683488189.44312
msg_begin
7.75796e+06
-363658
-1.32132
6.61239e-08
8.73115e-10
1.55431e-15
0
0
0
1683488189.49403
msg_begin
7.75796e+06
-363659
-1.33119
0.00407692
0.0114077
0.000306728
0
0
0
1683488189.54286
msg_begin
7.75796e+06
-363659
-1.33736
0.00605471
0.0088594
0.000294492
0
0
0
1683488189.59339
msg_begin
7.75796e+06
-363659
-1.35108
0.000915769
0.0160683
0.000259006
0
0
0
1683488189.64272
msg_begin
7.75796e+06
-363659
-1.35815
0.00438854
0.0483809
0.0012752
0
0
0
1683488189.69253
msg_begin
7.75796e+06
-363660
-1.36734
0.00760515
0.0258428
0.00190134
0
0
0
1683488189.74251
msg_begin
7.75796e+06
-363660
-1.37796
0.00894292
0.014997
0.00173978
0
0
0
1683488189.79249
msg_begin
7.75796e+06
-363660
-1.39071
0.00758345
0.0173639
0.000674356
0
0
0
1683488189.84251
msg_begin
7.75796e+06
-363661
-1.40295
0.00569732
0.0104152
0.000617347
0
0
0
1683488189.89245
msg_begin
7.75796e+06
-363661
-1.4094
0.00533819
0.010846
0.000510102
0
0
0
1683488189.94255
msg_begin
7.75796e+06
-363662
-1.42333
0.00356836
0.0144752
0.00193417
0
0
0
1683488189.99250
msg_begin
7.75796e+06
-363662
-1.43247
0.00344917
0.0119419
0.000213301
0
0
0
1683488190.04253
msg_begin
7.75796e+06
-363662
-1.44037
0.0118657
0.0133142
0.00171643
0
0
0
1683488190.09267
msg_begin
7.75796e+06
-363663
-1.45092
0.00120474
0.00100633
0.000274163
0
0
0
1683488190.14262
msg_begin
7.75796e+06
-363663
-1.46071
0.00319647
0.00219425
9.52562e-05
0
0
0
1683488190.19267
msg_begin
7.75796e+06
-363663
-1.46976
0.00860999
0.0219964
0.00242155
0
0
0
1683488190.24269
msg_begin
7.75796e+06
-363664
-1.48456
0.0152293
0.0104002
0.00162331
0
0
0
1683488190.29271
msg_begin
7.75796e+06
-363664
-1.49362
0.00301028
0.00787365
0.000810836
0
0
0
1683488190.34275
msg_begin
7.75796e+06
-363664
-1.50532
0.00529789
0.0400112
0.00314614
0
0
0
1683488190.39270
msg_begin
7.75796e+06
-363665
-1.51539
0.00375763
0.0127608
0.00121074
0
0
0
1683488190.44266
msg_begin
7.75796e+06
-363665
-1.52106
0.00514122
0.00864557
0.000291494
0
0
0
1683488190.49272
msg_begin
7.75796e+06
-363665
-1.53664
0.00094598
0.00658645
9.86324e-05
0
0
0
1683488190.54259
msg_begin
7.75796e+06
-363666
-1.53888
0.00154646
0.00496657
0.000970098
0
0
0
1683488190.59266
msg_begin
7.75796e+06
-363666
-1.54902
0.00409579
0.0138326
0.00241088
0
0
0
1683488190.64256
msg_begin
7.75796e+06
-363667
-1.56561
0.00580475
0.0304852
0.00157767
0
0
0
1683488190.69364
msg_begin
7.75796e+06
-363667
-1.58012
0.000506461
0.00105477
3.35814e-05
0
0
0
1683488190.74260
msg_begin
7.75796e+06
-363667
-1.58405
0.00131621
0.0106899
0.00175742
0
0
0
1683488190.79262
msg_begin
7.75796e+06
-363668
-1.59709
0.0032753
0.00169911
0.000636319
0
0
0
1683488190.84269
msg_begin
7.75796e+06
-363668
-1.60366
0.00199473
0.0131044
0.000554331
0
0
0
1683488190.89366
msg_begin
7.75796e+06
-363668
-1.61678
0.0014643
0.0208349
0.00433833
0
0
0
1683488190.94277
msg_begin
7.75796e+06
-363669
-1.62708
0.0012203
0.00245835
0.000343156
0
0
0
1683488190.99279
msg_begin
7.75796e+06
-363669
-1.63562
0.00525683
0.0174847
0.000909697
0
0
0
1683488191.04279
msg_begin
7.75796e+06
-363669
-1.64705
0.00182395
0.014048
0.000380019
0
0
0
1683488191.09381
msg_begin
7.75796e+06
-363670
-1.65911
0.00515201
0.0174516
0.000605926
0
0
0
1683488191.14274
msg_begin
7.75796e+06
-363670
-1.66753
0.00478181
0.0221931
0.000515048
0
0
0
1683488191.19275
msg_begin
7.75796e+06
-363670
-1.68021
0.000670696
0.00227409
0.000306009
0
0
0
1683488191.24280
msg_begin
7.75796e+06
-363671
-1.69254
0.000686089
0.00714229
0.000154822
0
0
0
1683488191.29365
msg_begin
7.75796e+06
-363671
-1.70357
0.00163043
0.00169763
0.000339476
0
0
0
1683488191.34277
msg_begin
7.75796e+06
-363672
-1.71186
0.0099392
0.0161574
0.000250267
0
0
0
1683488191.39273
msg_begin
7.75796e+06
-363672
-1.72451
0.0045319
0.00734849
0.00122181
0
0
0
1683488191.44273
msg_begin
7.75796e+06
-363672
-1.73236
0.00372923
0.00963241
0.000352644
0
0
0
1683488191.49421
msg_begin
7.75796e+06
-363673
-1.74329
0.00159227
0.00287634
3.07304e-05
0
0
0
1683488191.54281
msg_begin
7.75796e+06
-363673
-1.75384
0.000109488
0.000269077
3.37529e-05
0
0
0
1683488191.59354
msg_begin
7.75796e+06
-363673
-1.76206
0.00278032
0.0100182
0.000281184
0
0
0
1683488191.64288
msg_begin
7.75796e+06
-363674
-1.77199
0.00224355
0.00455126
0.000450229
0
0
0
1683488191.69285
msg_begin
7.75796e+06
-363674
-1.78469
1.84743e-05
0.00282827
4.60684e-05
0
0
0
1683488191.74290
msg_begin
7.75796e+06
-363674
-1.79464
0.00724698
0.0100324
0.000361108
0
0
0
1683488191.79290
msg_begin
7.75796e+06
-363675
-1.80692
0.0069012
0.0291608
0.000904446
0
0
0
1683488191.84299
msg_begin
7.75796e+06
-363675
-1.81729
0.0210633
0.0251637
0.000534575
0
0
0
1683488191.89307
msg_begin
7.75796e+06
-363675
-1.82341
0.00233379
0.00757076
0.000911897
0
0
0
1683488191.94308
msg_begin
7.75796e+06
-363676
-1.83871
0.0034196
0.00933361
0.000660577
0
0
0
1683488191.99320
msg_begin
7.75796e+06
-363676
-1.84835
0.00596099
0.0267686
0.00130596
0
0
0
1683488192.04325
msg_begin
7.75796e+06
-363676
-1.86321
7.35745e-08
1.04774e-09
1.55431e-15
0
0
0
1683488192.09325
msg_begin
7.75796e+06
-363677
-1.87312
0.00106867
0.00883628
0.000365974
0
0
0
1683488192.14328
msg_begin
7.75796e+06
-363677
-1.88559
0.0130222
0.0134202
0.00105461
0
0
0
1683488192.19329
msg_begin
7.75796e+06
-363678
-1.89602
0.0109282
0.0298862
0.000805991
0
0
0
1683488192.24326
msg_begin
7.75796e+06
-363678
-1.90276
2.79397e-08
4.07454e-10
0
0
0
0
1683488192.29332
msg_begin
7.75796e+06
-363678
-1.91626
0.00598313
0.025879
0.00108908
0
0
0
1683488192.34331
msg_begin
7.75796e+06
-363679
-1.92998
0.0179525
0.022861
0.00119502
0
0
0
1683488192.39333
msg_begin
7.75796e+06
-363679
-1.94058
0.020235
0.0165252
0.00141876
0
0
0
1683488192.44339
msg_begin
7.75796e+06
-363679
-1.95475
0.0042709
0.0187817
0.00194914
0
0
0
1683488192.49345
msg_begin
7.75796e+06
-363680
-1.96678
0.00408151
0.00621498
0.000603204
0
0
0
1683488192.54355
msg_begin
7.75796e+06
-363680
-1.9777
0.00451743
0.00763011
0.000436779
0
0
0
1683488192.59359
msg_begin
7.75796e+06
-363680
-1.99064
0.00748141
0.0140657
0.00148153
0
0
0
1683488192.64372
msg_begin
7.75796e+06
-363681
-2.00451
0.00358366
0.011666
0.000232864
0
0
0
1683488192.69446
msg_begin
7.75796e+06
-363681
-2.01478
0.0109681
0.00523347
0.00100367
0
0
0
1683488192.74382
msg_begin
7.75796e+06
-363681
-2.02995
0.00236114
0.00110128
9.74541e-05
0
0
0
1683488192.79388
msg_begin
7.75796e+06
-363682
-2.04105
0.0081004
0.0199416
0.000639034
0
0
0
1683488192.84377
msg_begin
7.75796e+06
-363682
-2.05402
1.39698e-08
3.31784e-09
3.55271e-15
0
0
0
1683488192.89465
msg_begin
7.75796e+06
-363682
-2.06203
0.00459661
0.00549618
0.000864827
0
0
0
1683488192.94384
msg_begin
7.75796e+06
-363683
-2.07894
0.00527968
0.0100225
0.00100481
0
0
0
1683488192.99381
msg_begin
7.75796e+06
-363683
-2.08863
0.0152484
0.0325736
0.00148153
0
0
0
1683488193.04383
msg_begin
7.75796e+06
-363683
-2.10157
0.00183755
0.00111815
8.02441e-05
0
0
0
1683488193.09480
msg_begin
7.75796e+06
-363684
-2.11486
6.98492e-08
9.31323e-10
8.88178e-16
0
0
0
1683488193.14379
msg_begin
7.75796e+06
-363684
-2.12801
0.000196736
0.00119508
0.000247592
0
0
0
1683488193.19369
msg_begin
7.75796e+06
-363684
-2.13769
0.0207519
0.0307063
0.00292571
0
0
0
1683488193.24368
msg_begin
7.75796e+06
-363685
-2.14621
0.0162595
0.0329224
0.00281111
0
0
0
1683488193.29416
msg_begin
7.75796e+06
-363685
-2.16095
0.0266258
0.0486763
0.000481426
0
0
0
1683488193.34353
msg_begin
7.75796e+06
-363685
-2.17672
0.00914995
0.0255104
0.00125635
0
0
0
1683488193.39346
msg_begin
7.75796e+06
-363686
-2.18766
0.0175654
0.0315437
0.00168912
0
0
0
1683488193.44342
msg_begin
7.75796e+06
-363686
-2.19912
0.00908524
0.0126608
0.000676358
0
0
0
1683488193.49417
msg_begin
7.75796e+06
-363686
-2.20538
0.000546387
0.000348029
2.82971e-05
0
0
0
1683488193.54328
msg_begin
7.75796e+06
-363686
-2.21984
0.00689984
0.00562605
0.000542368
0
0
0
1683488193.59380
msg_begin
7.75796e+06
-363687
-2.23111
0.000142552
0.000158663
1.5911e-05
0
0
0
1683488193.64315
msg_begin
7.75796e+06
-363687
-2.24502
0.00666133
0.003725
0.000232514
0
0
0
1683488193.69305
msg_begin
7.75796e+06
-363687
-2.25594
0.0155636
0.020199
0.00176363
0
0
0
1683488193.74301
msg_begin
7.75796e+06
-363688
-2.26918
0.00731725
0.00392874
0.0015673
0
0
0
1683488193.79288
msg_begin
7.75796e+06
-363688
-2.279
8.00937e-08
1.22236e-09
4.44089e-15
0
0
0
1683488193.84383
msg_begin
7.75796e+06
-363688
-2.29098
0.00688305
0.0123517
0.000989365
0
0
0
1683488193.89278
msg_begin
7.75796e+06
-363689
-2.30766
0.00308123
0.00350233
0.00039103
0
0
0
1683488193.94268
msg_begin
7.75796e+06
-363689
-2.31795
0.0251306
0.0288262
0.001093
0
0
0
1683488193.99263
msg_begin
7.75796e+06
-363689
-2.32822
0.00867399
0.00593188
0.000464438
0
0
0
1683488194.04254
msg_begin
7.75796e+06
-363689
-2.34007
0.000887732
0.000473648
2.34666e-05
0
0
0
1683488194.09248
msg_begin
7.75796e+06
-363690
-2.35339
0.0259117
0.0219839
0.00029407
0
0
0
1683488194.14245
msg_begin
7.75795e+06
-363690
-2.3598
0.0048697
0.00837304
0.00149265
0
0
0
1683488194.19243
msg_begin
7.75795e+06
-363690
-2.37244
5.58794e-09
3.84171e-09
1.77636e-15
0
0
0
1683488194.24235
msg_begin
7.75795e+06
-363691
-2.38483
0.00269827
0.00514829
0.000424754
0
0
0
1683488194.29238
msg_begin
7.75795e+06
-363691
-2.39315
0.00178442
0.00172606
0.000157489
0
0
0
1683488194.34236
msg_begin
7.75795e+06
-363691
-2.40677
0.0191752
0.012148
0.000989
0
0
0
1683488194.39238
msg_begin
7.75795e+06
-363691
-2.41901
0.0176558
0.0140931
0.00131172
0
0
0
1683488194.44320
msg_begin
7.75795e+06
-363692
-2.42716
0.00852753
0.00563601
0.000624474
0
0
0
1683488194.49242
msg_begin
7.75795e+06
-363692
-2.43558
0.0139472
0.0136949
0.00155057
0
0
0
1683488194.54244
msg_begin
7.75795e+06
-363692
-2.44466
0.00189122
0.00719224
0.00033861
0
0
0
1683488194.59248
msg_begin
7.75795e+06
-363692
-2.45392
0.000735646
0.00229557
0.000171871
0
0
0
1683488194.64247
msg_begin
7.75795e+06
-363693
-2.46406
0.007731
0.00516075
0.000670885
0
0
0
1683488194.69341
msg_begin
7.75795e+06
-363693
-2.47041
0.0227265
0.0117201
0.000960827
0
0
0
1683488194.74250
msg_begin
7.75795e+06
-363693
-2.47557
0.0384626
0.0276419
0.00102978
0
0
0
1683488194.79255
msg_begin
7.75795e+06
-363693
-2.48182
0.0173781
0.0115977
0.000602741
0
0
0
1683488194.84255
msg_begin
7.75795e+06
-363694
-2.48715
0.0191895
0.0118775
0.000960839
0
0
0
1683488194.89388
msg_begin
7.75795e+06
-363694
-2.49182
0.00437483
0.00144317
0.000289724
0
0
0
1683488194.94259
msg_begin
7.75795e+06
-363694
-2.50138
0.0023999
0.00453701
0.000585764
0
0
0
1683488194.99254
msg_begin
7.75795e+06
-363694
-2.50345
8.00937e-08
1.39698e-09
1.33227e-15
0
0
0
1683488195.04256
msg_begin
7.75795e+06
-363694
-2.50748
0.007057
0.00694026
0.000290244
0
0
0
1683488195.09353
msg_begin
7.75795e+06
-363695
-2.51128
0.00515618
0.00735694
0.000374342
0
0
0
1683488195.14258
msg_begin
7.75795e+06
-363695
-2.51236
0.0151327
0.0137267
0.000457949
0
0
0
1683488195.19257
msg_begin
7.75795e+06
-363695
-2.51455
0.0127553
0.0107986
0.000989273
0
0
0
1683488195.24263
msg_begin
7.75795e+06
-363695
-2.51947
0.0019704
0.00452607
0.000191124
0
0
0
1683488195.29366
msg_begin
7.75795e+06
-363696
-2.52137
0.0159851
0.0192965
0.000781426
0
0
0
1683488195.34266
msg_begin
7.75795e+06
-363696
-2.52292
0.0163652
0.00893897
0.00138238
0
0
0
1683488195.39266
msg_begin
7.75795e+06
-363696
-2.525
4.65661e-09
9.31323e-10
2.66454e-15
0
0
0
1683488195.44257
msg_begin
7.75795e+06
-363696
-2.52517
0.00983307
0.0125712
0.00070907
0
0
0
1683488195.49362
msg_begin
7.75795e+06
-363697
-2.52585
0.00762963
0.00750935
0.000521149
0
0
0
1683488195.54258
msg_begin
7.75795e+06
-363697
-2.52785
0.00224527
0.00239433
0.000171194
0
0
0
1683488195.59341
msg_begin
7.75795e+06
-363697
-2.52848
0.00371589
0.00324108
0.000174644
0
0
0
1683488195.64344
msg_begin
7.75795e+06
-363697
-2.52834
0.00347987
0.00412165
0.000463402
0
0
0
1683488195.69294
msg_begin
7.75795e+06
-363697
-2.52539
0.00940663
0.00716289
0.000886841
0
0
0
1683488195.74244
msg_begin
7.75795e+06
-363698
-2.52504
0.0102304
0.00117644
0.000939331
0
0
0
1683488195.79236
msg_begin
7.75794e+06
-363698
-2.52442
0.00708015
0.00885892
0.000639367
0
0
0
1683488195.84321
msg_begin
7.75794e+06
-363698
-2.52251
8.00937e-08
2.09548e-09
1.33227e-15
0
0
0
1683488195.89241
msg_begin
7.75794e+06
-363698
-2.52065
0.0126085
0.00668745
0.00110903
0
0
0
1683488195.94246
msg_begin
7.75794e+06
-363699
-2.52151
0.0172592
0.0130038
0.001082
0
0
0
1683488195.99249
msg_begin
7.75794e+06
-363699
-2.51858
0.00325823
0.00751489
0.000188939
0
0
0
1683488196.04317
msg_begin
7.75794e+06
-363699
-2.51796
0.00935808
0.00605474
0.000161802
0
0
0
1683488196.09258
msg_begin
7.75794e+06
-363699
-2.51523
0.0190275
0.0104597
0.000935866
0
0
0
1683488196.14263
msg_begin
7.75794e+06
-363700
-2.51571
0.0456381
0.0340226
0.00211554
0
0
0
1683488196.19265
msg_begin
7.75794e+06
-363700
-2.51411
0.0262551
0.0287667
0.0011519
0
0
0
1683488196.24352
msg_begin
7.75794e+06
-363700
-2.51248
0.0684385
0.0541103
0.0013773
0
0
0
1683488196.29276
msg_begin
7.75794e+06
-363700
-2.51142
0.00113924
0.00219973
6.26409e-05
0
0
0
1683488196.34277
msg_begin
7.75794e+06
-363701
-2.51165
0.000399905
0.000414461
9.07775e-05
0
0
0
1683488196.39280
msg_begin
7.75794e+06
-363701
-2.51044
0.0294042
0.0236668
0.00143952
0
0
0
1683488196.44367
msg_begin
7.75794e+06
-363701
-2.50919
0.0355451
0.00688116
0.000639202
0
0
0
1683488196.49275
msg_begin
7.75794e+06
-363701
-2.51075
0.00944505
0.00935409
0.000576541
0
0
0
1683488196.54275
msg_begin
7.75794e+06
-363701
-2.51149
0.00964885
0.0134557
0.000890926
0
0
0
1683488196.59292
msg_begin
7.75794e+06
-363702
-2.50938
0.0262454
0.00989483
0.00112566
0
0
0
1683488196.64270
msg_begin
7.75794e+06
-363702
-2.50783
0.00862453
0.00881667
0.00109893
0
0
0
1683488196.69382
msg_begin
7.75794e+06
-363702
-2.50783
0.00086334
0.000257261
0.000157906
0
0
0
1683488196.74265
msg_begin
7.75794e+06
-363702
-2.50789
0.000689344
0.000662455
0.000132676
0
0
0
1683488196.79277
msg_begin
7.75794e+06
-363703
-2.50617
0.00208232
0.00278282
0.000229834
0
0
0
1683488196.84270
msg_begin
7.75794e+06
-363703
-2.50273
0.0243532
0.0300677
0.00214094
0
0
0
1683488196.89379
msg_begin
7.75794e+06
-363703
-2.50114
0.00105683
0.00233486
3.88346e-05
0
0
0
1683488196.94261
msg_begin
7.75794e+06
-363703
-2.50143
0.00608699
0.0094791
0.000285508
0
0
0
1683488196.99251
msg_begin
7.75794e+06
-363704
-2.50085
0.00302513
0.00258625
0.0001825
0
0
0
1683488197.04247
msg_begin
7.75794e+06
-363704
-2.50171
0.00153858
0.000335698
8.3542e-05
0
0
0
1683488197.09370
msg_begin
7.75794e+06
-363704
-2.50044
0.0045308
0.00293887
0.000655583
0
0
0
1683488197.14241
msg_begin
7.75794e+06
-363704
-2.49949
0.0021577
0.00458021
0.000200175
0
0
0
1683488197.19243
msg_begin
7.75794e+06
-363705
-2.49981
0.00386231
0.00796004
0.000805691
0
0
0
1683488197.24241
msg_begin
7.75794e+06
-363705
-2.49968
2.79397e-09
2.44472e-09
1.77636e-15
0
0
0
1683488197.29347
msg_begin
7.75794e+06
-363705
-2.49946
0.00364755
0.00490503
0.000692619
0
0
0
1683488197.34237
msg_begin
7.75793e+06
-363705
-2.49939
0.00762561
0.00969723
0.000760487
0
0
0
1683488197.39243
msg_begin
7.75793e+06
-363706
-2.49697
0.000324918
0.000748013
9.29699e-05
0
0
0
1683488197.44249
msg_begin
7.75793e+06
-363706
-2.4974
0.00752191
0.00992955
0.000716984
0
0
0
1683488197.49244
msg_begin
7.75793e+06
-363706
-2.49648
0.01901
0.00350293
0.000658958
0
0
0
1683488197.54243
msg_begin
7.75793e+06
-363706
-2.49791
0.000236966
0.00055663
5.73676e-07
0
0
0
1683488197.59244
msg_begin
7.75793e+06
-363707
-2.49703
0.0196846
0.0157222
0.000284394
0
0
0
1683488197.64335
msg_begin
7.75793e+06
-363707
-2.49752
0.00150877
0.00140719
0.000105329
0
0
0
1683488197.69242
msg_begin
7.75793e+06
-363707
-2.49663
0.0054603
0.00411887
0.000681036
0
0
0
1683488197.74240
msg_begin
7.75793e+06
-363707
-2.4958
0.00371296
0.000795452
0.000101256
0
0
0
1683488197.79236
msg_begin
7.75793e+06
-363708
-2.49466
0.000142195
0.000937244
3.74945e-05
0
0
0
1683488197.84318
msg_begin
7.75793e+06
-363708
-2.49527
0.00146292
0.00243185
0.000232555
0
0
0
1683488197.89221
msg_begin
7.75793e+06
-363708
-2.49634
0.00527178
0.00879884
0.00107072
0
0
0
1683488197.94211
msg_begin
7.75793e+06
-363708
-2.49516
0.00174121
0.00207003
0.000322197
0
0
0
1683488197.99209
msg_begin
7.75793e+06
-363709
-2.49375
0.00118119
0.00264907
0.000265206
0
0
0
1683488198.04277
msg_begin
7.75793e+06
-363709
-2.49451
0.00331324
0.00403958
0.000172998
0
0
0
1683488198.09189
msg_begin
7.75793e+06
-363709
-2.49434
0.0170164
0.0183964
0.000863002
0
0
0
1683488198.14182
msg_begin
7.75793e+06
-363709
-2.49686
0.0146969
0.0138907
0.00110065
0
0
0
1683488198.19187
msg_begin
7.75793e+06
-363710
-2.49529
0.0124137
0.00809791
0.000314964
0
0
0
1683488198.24256
msg_begin
7.75793e+06
-363710
-2.49549
0.0196398
0.0137605
0.00178084
0
0
0
1683488198.29178
msg_begin
7.75793e+06
-363710
-2.49662
0.00616719
0.00144835
0.000452286
0
0
0
1683488198.34174
msg_begin
7.75793e+06
-363710
-2.49565
0.0223572
0.0223454
0.000845317
0
0
0
1683488198.39172
msg_begin
7.75793e+06
-363711
-2.49617
0.0187482
0.0198067
0.000815182
0
0
0
1683488198.44282
msg_begin
7.75793e+06
-363711
-2.49403
0.00612965
0.00687774
0.000606977
0
0
0
1683488198.49186
msg_begin
7.75793e+06
-363711
-2.49366
0.00645277
0.00746589
0.000498483
0
0
0
1683488198.54175
msg_begin
7.75793e+06
-363711
-2.49195
0.0040202
0.00955197
0.000551161
0
0
0
1683488198.59183
msg_begin
7.75793e+06
-363712
-2.49261
0.00607383
0.0129112
0.000879544
0
0
0
1683488198.64189
msg_begin
7.75793e+06
-363712
-2.49335
0.0212525
0.0133261
0.00127436
0
0
0
1683488198.69192
msg_begin
7.75793e+06
-363712
-2.49532
0.0195754
0.0110288
0.00167901
0
0
0
1683488198.74187
msg_begin
7.75793e+06
-363712
-2.49438
0.00928734
0.00651964
0.000556316
0
0
0
1683488198.79193
msg_begin
7.75793e+06
-363713
-2.49496
0.0129184
0.00371956
0.000413608
0
0
0
1683488198.84201
msg_begin
7.75793e+06
-363713
-2.49438
0.00519398
0.000941365
0.00010978
0
0
0
1683488198.89200
msg_begin
7.75792e+06
-363713
-2.495
0.00493064
0.00456321
0.000313374
0
0
0
1683488198.94206
msg_begin
7.75792e+06
-363713
-2.49347
0.00490428
0.00446855
0.000442706
0
0
0
1683488198.99214
msg_begin
7.75792e+06
-363714
-2.49223
0.0130605
0.0176304
0.00142685
0
0
0
1683488199.04216
msg_begin
7.75792e+06
-363714
-2.4927
0.00497423
0.00207764
0.000801983
0
0
0
1683488199.09224
msg_begin
7.75792e+06
-363714
-2.49549
0.00765777
0.0114231
0.000240136
0
0
0
1683488199.14228
msg_begin
7.75792e+06
-363715
-2.49633
0.000491866
0.00232918
0.000105932
0
0
0
1683488199.19233
msg_begin
7.75792e+06
-363715
-2.49713
0.000513617
0.00320003
0.000408132
0
0
0
1683488199.24236
msg_begin
7.75792e+06
-363715
-2.49642
0.000381329
0.00179087
6.70371e-05
0
0
0
1683488199.29239
msg_begin
7.75792e+06
-363715
-2.49628
0.00189297
0.0174027
0.000200532
0
0
0
1683488199.34242
msg_begin
7.75792e+06
-363716
-2.49564
0.00594539
0.0054689
0.000251167
0
0
0
1683488199.39244
msg_begin
7.75792e+06
-363716
-2.49573
0.00229095
0.00448392
0.000348263
0
0
0
1683488199.44243
msg_begin
7.75792e+06
-363716
-2.49322
1.49012e-08
6.98492e-10
3.55271e-15
0
0
0
1683488199.49246
msg_begin
7.75792e+06
-363716
-2.49452
0.00357009
0.00793686
0.00130596
0
0
0
1683488199.54239
msg_begin
7.75792e+06
-363717
-2.49815
0.0154429
0.00576751
0.00130177
0
0
0
1683488199.59236
msg_begin
7.75792e+06
-363717
-2.49608
0.00749569
0.00456341
0.000319273
0
0
0
1683488199.64342
msg_begin
7.75792e+06
-363717
-2.49608
0.0163017
0.0125531
0.000925704
0
0
0
1683488199.69232
msg_begin
7.75792e+06
-363717
-2.49443
0.0127103
0.00886942
0.000821677
0
0
0
1683488199.74227
msg_begin
7.75792e+06
-363718
-2.49292
5.86733e-08
3.37604e-09
2.66454e-15
0
0
0
1683488199.79223
msg_begin
7.75792e+06
-363718
-2.49479
0.0140112
0.00677556
0.000649437
0
0
0
1683488199.84291
msg_begin
7.75792e+06
-363718
-2.49531
0.000453138
0.000371023
4.63721e-05
0
0
0
1683488199.89210
msg_begin
7.75792e+06
-363719
-2.49604
0.00359979
0.00460698
0.000374137
0
0
0
1683488199.94204
msg_begin
7.75792e+06
-363719
-2.49523
0.00328457
0.00360307
0.000228619
0
0
0
1683488199.99204
msg_begin
7.75792e+06
-363719
-2.49436
0.00431666
0.010734
0.000530151
0
0
0
1683488200.04289
msg_begin
7.75792e+06
-363719
-2.49236
0.0089786
0.00745617
0.00111246
0
0
0
1683488200.09196
msg_begin
7.75792e+06
-363720
-2.49342
0.0196031
0.013558
0.00125635
0
0
0
1683488200.14199
msg_begin
7.75792e+06
-363720
-2.49141
0.0044462
0.00492541
0.000128018
0
0
0
1683488200.19192
msg_begin
7.75792e+06
-363720
-2.49149
0.00413142
0.00244983
0.000826638
0
0
0
1683488200.24256
msg_begin
7.75792e+06
-363720
-2.49433
1.30385e-08
1.74623e-10
8.88178e-16
0
0
0
1683488200.29198
msg_begin
7.75792e+06
-363721
-2.49523
0.000859351
0.000512054
5.71454e-05
0
0
0
1683488200.34195
msg_begin
7.75791e+06
-363721
-2.49627
0.0138544
0.0196026
0.00132992
0
0
0
1683488200.39196
msg_begin
7.75791e+06
-363721
-2.49441
0.0209287
0.0191271
0.000753806
0
0
0
1683488200.44276
msg_begin
7.75791e+06
-363721
-2.49466
0.00311599
0.00318427
0.000865002
0
0
0
1683488200.49198
msg_begin
7.75791e+06
-363722
-2.49382
0.000959714
0.000417122
0.000543115
0
0
0
1683488200.54197
msg_begin
7.75791e+06
-363722
-2.49476
0.0131645
0.00605434
0.000214173
0
0
0
1683488200.64198
msg_begin
7.75791e+06
-363723
-2.49539
3.72529e-09
5.82077e-11
2.66454e-15
0
0
0
1683488200.69201
msg_begin
7.75791e+06
-363723
-2.49669
0.0148212
0.0139813
0.00111706
0
0
0
1683488200.74205
msg_begin
7.75791e+06
-363723
-2.49732
0.00619108
0.0119342
0.00054204
0
0
0
1683488200.79207
msg_begin
7.75791e+06
-363723
-2.49641
0.00826726
0.0087876
0.000361592
0
0
0
1683488200.84208
msg_begin
7.75791e+06
-363724
-2.4945
0.00864704
0.00280942
0.000224759
0
0
0
1683488200.89216
msg_begin
7.75791e+06
-363724
-2.497
0.00291382
0.00114327
0.00016657
0
0
0
1683488200.94222
msg_begin
7.75791e+06
-363724
-2.49654
0.0117315
0.00741063
0.000613661
0
0
0
1683488200.99230
msg_begin
7.75791e+06
-363725
-2.49567
1.11759e-08
1.28057e-09
3.55271e-15
0
0
0
1683488201.04235
msg_begin
7.75791e+06
-363725
-2.49392
1.86265e-08
2.91038e-10
2.22045e-15
0
0
0
1683488201.09234
msg_begin
7.75791e+06
-363725
-2.49361
0.0253212
0.00786844
0.000338899
0
0
0
1683488201.14246
msg_begin
7.75791e+06
-363725
-2.49441
0.000853009
0.000868114
5.192e-05
0
0
0
1683488201.19244
msg_begin
7.75791e+06
-363726
-2.49734
0.00101272
0.000106022
3.11129e-05
0
0
0
1683488201.24252
msg_begin
7.75791e+06
-363726
-2.49329
0.00480156
0.00215929
0.000312969
0
0
0
1683488201.29254
msg_begin
7.75791e+06
-363726
-2.49288
0.0093761
0.00410194
0.00126741
0
0
0
1683488201.34248
msg_begin
7.75791e+06
-363726
-2.49428
0.0114134
0.0156934
0.000649085
0
0
0
1683488201.39251
msg_begin
7.75791e+06
-363727
-2.49621
0.00147509
0.00765055
0.000474852
0
0
0
1683488201.44249
msg_begin
7.75791e+06
-363727
-2.49457
0.00575042
0.0045202
0.000511807
0
0
0
1683488201.49243
msg_begin
7.75791e+06
-363727
-2.49424
0.0161409
0.0132578
0.000502644
0
0
0
1683488201.54241
msg_begin
7.75791e+06
-363728
-2.49476
0.00021757
0.000686801
0.000147445
0
0
0
1683488201.59233
msg_begin
7.75791e+06
-363728
-2.49279
0.0101406
0.0106028
0.000842683
0
0
0
1683488201.64309
msg_begin
7.75791e+06
-363728
-2.49518
0.0101688
0.0080954
0.00198839
0
0
0
1683488201.69226
msg_begin
7.75791e+06
-363728
-2.49829
0.00449251
0.00266108
0.0001124
0
0
0
1683488201.74220
msg_begin
7.7579e+06
-363729
-2.49862
0.00671691
0.00261731
0.000570727
0
0
0
1683488201.79211
msg_begin
7.7579e+06
-363729
-2.49705
0.00427753
0.00200016
0.000423122
0
0
0
1683488201.84278
msg_begin
7.7579e+06
-363729
-2.49822
0.00627751
0.0106157
0.000853055
0
0
0
1683488201.89197
msg_begin
7.7579e+06
-363730
-2.49759
0.0205438
0.0175517
3.94105e-05
0
0
0
1683488201.94197
msg_begin
7.7579e+06
-363730
-2.49974
0.00335693
0.00777979
0.000373669
0
0
0
1683488201.99195
msg_begin
7.7579e+06
-363730
-2.49707
0.0314388
0.0137595
0.0010111
0
0
0
1683488202.04287
msg_begin
7.7579e+06
-363730
-2.49622
0.00459458
0.00819337
0.000878435
0
0
0
1683488202.09195
msg_begin
7.7579e+06
-363731
-2.49714
0.00380038
0.00306999
0.000114429
0
0
0
1683488202.14193
msg_begin
7.7579e+06
-363731
-2.49579
0.00973242
0.00734145
0.000229962
0
0
0
1683488202.19204
msg_begin
7.7579e+06
-363731
-2.49525
0.0207117
0.0241993
0.00101899
0
0
0
1683488202.24304
msg_begin
7.7579e+06
-363731
-2.49661
0.0112074
0.019802
0.00104421
0
0
0
1683488202.29214
msg_begin
7.7579e+06
-363732
-2.49752
0.00298618
0.00128468
0.000247691
0
0
0
1683488202.34219
msg_begin
7.7579e+06
-363732
-2.4973
0.00389068
0.00390511
0.000598585
0
0
0
1683488202.39231
msg_begin
7.7579e+06
-363732
-2.4971
0.0486784
0.0346229
0.00124401
0
0
0
1683488202.44347
msg_begin
7.7579e+06
-363733
-2.49615
0.00384838
0.00514452
0.000531939
0
0
0
1683488202.49244
msg_begin
7.7579e+06
-363733
-2.49793
0.00496333
0.00281514
0.00010149
0
0
0
1683488202.54250
msg_begin
7.7579e+06
-363733
-2.49681
0.00581368
0.00440269
0.00046211
0
0
0
1683488202.59255
msg_begin
7.7579e+06
-363733
-2.49646
0.0478203
0.0288022
0.00081741
0
0
0
1683488202.64258
msg_begin
7.7579e+06
-363734
-2.49776
0.0113651
0.00425956
0.000212881
0
0
0
1683488202.69259
msg_begin
7.7579e+06
-363734
-2.49671
0.00457004
0.00556512
0.000580599
0
0
0
1683488202.74256
msg_begin
7.7579e+06
-363734
-2.49777
0.0209428
0.0243143
0.00129085
0
0
0
1683488202.79260
msg_begin
7.7579e+06
-363735
-2.49685
0.00438877
0.00299093
0.000433957
0
0
0
1683488202.84265
msg_begin
7.7579e+06
-363735
-2.49573
0.0260372
0.0195603
0.000933097
0
0
0
1683488202.89265
msg_begin
7.7579e+06
-363735
-2.49707
0.0326654
0.0283604
0.000852416
0
0
0
1683488202.94266
msg_begin
7.7579e+06
-363735
-2.4987
0.000278068
0.00158676
1.05443e-05
0
0
0
1683488202.99271
msg_begin
7.7579e+06
-363736
-2.50113
0.0142476
0.0057408
0.000985271
0
0
0
1683488203.04274
msg_begin
7.7579e+06
-363736
-2.49996
0.000778971
0.0020958
0.000223485
0
0
0
1683488203.09277
msg_begin
7.7579e+06
-363736
-2.49903
0.0144019
0.00814582
0.000329197
0
0
0
1683488203.14275
msg_begin
7.75789e+06
-363736
-2.49949
7.45058e-08
2.44472e-09
0
0
0
0
1683488203.19272
msg_begin
7.75789e+06
-363737
-2.49785
1.95578e-08
2.2701e-09
4.88498e-15
0
0
0
1683488203.24271
msg_begin
7.75789e+06
-363737
-2.49894
0.00310626
0.000587867
5.06598e-05
0
0
0
1683488203.29266
msg_begin
7.75789e+06
-363737
-2.50219
0.000493472
0.00163246
2.88706e-05
0
0
0
1683488203.34265
msg_begin
7.75789e+06
-363738
-2.50074
0.00122575
3.62982e-05
0.000130269
0
0
0
1683488203.39258
msg_begin
7.75789e+06
-363738
-2.49988
0.0164759
0.0149552
0.000542989
0
0
0
1683488203.44256
msg_begin
7.75789e+06
-363738
-2.49849
6.0536e-08
2.96859e-09
4.44089e-16
0
0
0
1683488203.49249
msg_begin
7.75789e+06
-363738
-2.49748
0.00722875
0.0122993
0.000381709
0
0
0
1683488203.54240
msg_begin
7.75789e+06
-363739
-2.49896
0.0659157
0.0399105
0.00100807
0
0
0
1683488203.59235
msg_begin
7.75789e+06
-363739
-2.49916
1.02445e-08
2.56114e-09
2.66454e-15
0
0
0
1683488203.64318
msg_begin
7.75789e+06
-363739
-2.4985
0.0233493
0.0211298
0.000182495
0
0
0
1683488203.69225
msg_begin
7.75789e+06
-363740
-2.50002
0.00471633
0.00828034
0.000254223
0
0
0
1683488203.74224
msg_begin
7.75789e+06
-363740
-2.50135
0.000215671
0.000262942
5.36951e-05
0
0
0
1683488203.79219
msg_begin
7.75789e+06
-363740
-2.50154
2.42144e-08
2.03727e-09
3.55271e-15
0
0
0
1683488203.84298
msg_begin
7.75789e+06
-363740
-2.50053
0.0667936
0.041728
0.000487209
0
0
0
1683488203.89228
msg_begin
7.75789e+06
-363741
-2.50042
0.00452846
0.0082743
0.000438617
0
0
0
1683488203.94231
msg_begin
7.75789e+06
-363741
-2.50116
0.00202807
0.00116084
6.18458e-05
0
0
0
1683488203.99235
msg_begin
7.75789e+06
-363741
-2.49789
0.0189823
0.0122026
0.00137894
0
0
0
1683488204.04328
msg_begin
7.75789e+06
-363742
-2.50292
0.00192945
0.00351881
0.000275393
0
0
0
1683488204.09245
msg_begin
7.75789e+06
-363742
-2.5024
0.0375105
0.0221891
0.000837701
0
0
0
1683488204.19246
msg_begin
7.75789e+06
-363742
-2.50127
1.67638e-08
1.74623e-10
8.88178e-16
0
0
0
1683488204.24324
msg_begin
7.75789e+06
-363743
-2.50027
0.000832258
0.00174547
5.41801e-05
0
0
0
1683488204.29244
msg_begin
7.75789e+06
-363743
-2.49731
0.00381284
0.00323468
0.000824331
0
0
0
1683488204.34238
msg_begin
7.75789e+06
-363743
-2.49853
7.45058e-09
3.25963e-09
2.22045e-15
0
0
0
1683488204.39242
msg_begin
7.75789e+06
-363744
-2.49696
6.33299e-08
1.74623e-09
4.44089e-16
0
0
0
1683488204.44324
msg_begin
7.75789e+06
-363744
-2.49765
0.0209669
0.0152905
0.00050755
0
0
0
1683488204.49224
msg_begin
7.75788e+06
-363744
-2.49952
0.0264098
0.0250185
0.000709466
0
0
0
1683488204.54222
msg_begin
7.75788e+06
-363744
-2.49671
0.0207437
0.00729379
0.00139582
0
0
0
1683488204.59218
msg_begin
7.75788e+06
-363745
-2.4977
0.02995
0.0060803
0.000663369
0
0
0
1683488204.64216
msg_begin
7.75788e+06
-363745
-2.49784
0.00462242
0.00244809
0.00186143
0
0
0
1683488204.69214
msg_begin
7.75788e+06
-363745
-2.49652
0.0281691
0.0129523
0.00158629
0
0
0
1683488204.74222
msg_begin
7.75788e+06
-363746
-2.49704
0.0170328
0.00636814
0.000148665
0
0
0
1683488204.79211
msg_begin
7.75788e+06
-363746
-2.49675
0.0659785
0.0299323
0.000995906
0
0
0
1683488204.84217
msg_begin
7.75788e+06
-363746
-2.49633
9.31323e-09
2.56114e-09
4.44089e-16
0
0
0
1683488204.89222
msg_begin
7.75788e+06
-363746
-2.49829
0.00621711
0.0126248
0.000859833
0
0
0
1683488204.94225
msg_begin
7.75788e+06
-363747
-2.49671
0.00445099
0.00102838
0.000275498
0
0
0
1683488204.99234
msg_begin
7.75788e+06
-363747
-2.49606
0.000167378
0.000271501
2.6231e-05
0
0
0
1683488205.04247
msg_begin
7.75788e+06
-363747
-2.49377
0.0145384
0.00782479
0.000495569
0
0
0
1683488205.09255
msg_begin
7.75788e+06
-363748
-2.49488
0.00751056
0.00666768
0.000267723
0
0
0
1683488205.14257
msg_begin
7.75788e+06
-363748
-2.49893
8.56817e-08
2.38651e-09
1.33227e-15
0
0
0
1683488205.19262
msg_begin
7.75788e+06
-363748
-2.49914
6.61239e-08
1.39698e-09
4.44089e-15
0
0
0
1683488205.24261
msg_begin
7.75788e+06
-363749
-2.49864
0.0165437
0.0143654
0.000572077
0
0
0
1683488205.29273
msg_begin
7.75788e+06
-363749
-2.49783
0.00540097
0.0204244
0.00102125
0
0
0
1683488205.34277
msg_begin
7.75788e+06
-363749
-2.4974
0.0267307
0.00992931
0.000170518
0
0
0
1683488205.39276
msg_begin
7.75788e+06
-363749
-2.4972
0.000263659
0.000127826
3.6067e-06
0
0
0
1683488205.44272
msg_begin
7.75788e+06
-363750
-2.49598
9.31323e-09
1.62981e-09
4.44089e-16
0
0
0
1683488205.49273
msg_begin
7.75788e+06
-363750
-2.49815
0.0115241
0.009192
0.00073946
0
0
0
1683488205.54272
msg_begin
7.75788e+06
-363750
-2.4973
0.000764558
0.000500697
3.36393e-05
0
0
0
1683488205.59257
msg_begin
7.75788e+06
-363751
-2.49956
0.00660193
0.00984735
0.00097023
0
0
0
1683488205.64347
msg_begin
7.75788e+06
-363751
-2.497
0.00510315
0.00596158
0.000271041
0
0
0
1683488205.69241
msg_begin
7.75788e+06
-363751
-2.49921
0.00273207
0.000766801
0.000322617
0
0
0
1683488205.74232
msg_begin
7.75788e+06
-363752
-2.49772
0.00582646
0.000777001
0.000870119
0
0
0
1683488205.79274
msg_begin
7.75787e+06
-363752
-2.4958
0.0116019
0.0151843
0.000754338
0
0
0
1683488205.84301
msg_begin
7.75787e+06
-363752
-2.49687
0.0271331
0.0176607
0.000359952
0
0
0
1683488205.89206
msg_begin
7.75787e+06
-363752
-2.49622
5.7742e-08
2.96859e-09
3.10862e-15
0
0
0
1683488205.94199
msg_begin
7.75787e+06
-363753
-2.49754
0.0182279
0.0127587
0.000192086
0
0
0
1683488205.99268
msg_begin
7.75787e+06
-363753
-2.4948
0.0192954
0.0149635
0.0014887
0
0
0
1683488206.04282
msg_begin
7.75787e+06
-363753
-2.49442
3.44589e-08
2.09548e-09
8.88178e-16
0
0
0
1683488206.09197
msg_begin
7.75787e+06
-363754
-2.49496
0.00836061
0.00586517
0.000311355
0
0
0
1683488206.14198
msg_begin
7.75787e+06
-363754
-2.49456
0.000721229
0.000408046
7.60312e-05
0
0
0
1683488206.19279
msg_begin
7.75787e+06
-363754
-2.49415
0.0101127
0.0157341
0.000632894
0
0
0
1683488206.24274
msg_begin
7.75787e+06
-363755
-2.49269
0.0531196
0.0273019
0.0026
0
0
0
1683488206.29203
msg_begin
7.75787e+06
-363755
-2.49414
4.65661e-08
4.07454e-10
2.66454e-15
0
0
0
1683488206.34202
msg_begin
7.75787e+06
-363755
-2.49588
0.00445023
0.00313981
0.000199324
0
0
0
1683488206.39254
msg_begin
7.75787e+06
-363756
-2.49443
0.00543612
0.00345163
0.000188255
0
0
0
1683488206.44279
msg_begin
7.75787e+06
-363756
-2.49369
0.000674128
0.0100723
0.000117138
0
0
0
1683488206.49213
msg_begin
7.75787e+06
-363756
-2.49296
0.0186576
0.0325063
0.000351266
0
0
0
1683488206.54220
msg_begin
7.75787e+06
-363756
-2.49042
0.00508529
0.00475419
0.000314453
0
0
0
1683488206.59228
msg_begin
7.75787e+06
-363757
-2.49174
0.00141948
0.000801999
3.98145e-05
0
0
0
1683488206.64320
msg_begin
7.75787e+06
-363757
-2.48958
5.96046e-08
5.82077e-10
8.88178e-16
0
0
0
1683488206.69240
msg_begin
7.75787e+06
-363757
-2.4914
0.00495066
0.00335328
0.000150782
0
0
0
1683488206.74252
msg_begin
7.75787e+06
-363758
-2.49495
0.00182348
0.0072153
0.00052504
0
0
0
1683488206.79336
msg_begin
7.75787e+06
-363758
-2.49202
0.00626394
0.00521814
0.00018906
0
0
0
1683488206.84339
msg_begin
7.75787e+06
-363758
-2.4936
0.00234434
0.00251408
0.000494084
0
0
0
1683488206.89259
msg_begin
7.75787e+06
-363759
-2.49587
0.00070728
0.00240344
0.000555537
0
0
0
1683488206.94259
msg_begin
7.75787e+06
-363759
-2.49594
0.00308731
0.000931459
0.000216017
0
0
0
1683488206.99314
msg_begin
7.75787e+06
-363759
-2.49681
0.00668718
0.00489557
0.000121197
0
0
0
1683488207.04322
msg_begin
7.75787e+06
-363759
-2.49549
0.000882555
0.000911941
5.74965e-05
0
0
0
1683488207.09258
msg_begin
7.75786e+06
-363760
-2.49825
0.00459008
0.00436159
0.000508351
0
0
0
1683488207.14256
msg_begin
7.75786e+06
-363760
-2.49555
6.42613e-08
1.39698e-09
3.55271e-15
0
0
0
1683488207.19329
msg_begin
7.75786e+06
-363760
-2.49559
4.65661e-09
4.07454e-09
4.88498e-15
0
0
0
1683488207.24347
msg_begin
7.75786e+06
-363761
-2.49583
0.0103202
0.0204217
0.000427982
0
0
0
1683488207.29255
msg_begin
7.75786e+06
-363761
-2.49379
0.00529787
0.00544358
0.000788482
0
0
0
1683488207.34254
msg_begin
7.75786e+06
-363761
-2.49671
0.0022796
0.00167761
0.00017167
0
0
0
1683488207.39307
msg_begin
7.75786e+06
-363762
-2.49627
0.0281381
0.033448
0.000282916
0
0
0
1683488207.44361
msg_begin
7.75786e+06
-363762
-2.4959
0.0084631
0.00392334
0.000421534
0
0
0
1683488207.49258
msg_begin
7.75786e+06
-363762
-2.49549
0.00273144
0.00491784
0.000346007
0
0
0
1683488207.54261
msg_begin
7.75786e+06
-363763
-2.49698
0.00658175
0.00388762
0.000573752
0
0
0
1683488207.59250
msg_begin
7.75786e+06
-363763
-2.49559
0.0165495
0.0101851
0.00104646
0
0
0
1683488207.64252
msg_begin
7.75786e+06
-363763
-2.4975
0.000113081
0.000926261
3.48523e-05
0
0
0
1683488207.69245
msg_begin
7.75786e+06
-363763
-2.49823
0.0148418
0.0124355
0.000303286
0
0
0
1683488207.74242
msg_begin
7.75786e+06
-363764
-2.4974
0.0125594
0.00849293
0.000165324
0
0
0
1683488207.79238
msg_begin
7.75786e+06
-363764
-2.49966
0.00578547
0.00626147
6.3489e-05
0
0
0
1683488207.84230
msg_begin
7.75786e+06
-363764
-2.4985
0.00806362
0.00960083
8.57916e-05
0
0
0
1683488207.89225
msg_begin
7.75786e+06
-363765
-2.49827
0.00490298
0.00441454
0.000192235
0
0
0
1683488207.94223
msg_begin
7.75786e+06
-363765
-2.49869
0.00721745
0.0075034
0.000259508
0
0
0
1683488207.99222
msg_begin
7.75786e+06
-363765
-2.49952
0.0107546
0.0099826
0.000700052
0
0
0
1683488208.04234
msg_begin
7.75786e+06
-363766
-2.49857
0.0464818
0.034786
0.000219694
0
0
0
1683488208.09209
msg_begin
7.75786e+06
-363766
-2.49798
0.0214846
0.0163686
0.00112822
0
0
0
1683488208.14207
msg_begin
7.75786e+06
-363766
-2.49984
0.00314996
0.00397599
0.000173752
0
0
0
1683488208.19203
msg_begin
7.75786e+06
-363767
-2.50033
0.0145139
0.0142417
0.000482057
0
0
0
1683488208.24193
msg_begin
7.75786e+06
-363767
-2.50167
0.0201903
0.0201249
0.00119398
0
0
0
1683488208.29186
msg_begin
7.75786e+06
-363767
-2.50268
0.000202737
0.000133074
8.85325e-06
0
0
0
1683488208.34188
msg_begin
7.75785e+06
-363767
-2.50171
0.00775021
0.00660187
0.000451337
0
0
0
1683488208.39197
msg_begin
7.75785e+06
-363768
-2.50201
0.00499071
0.00373412
0.000218034
0
0
0
1683488208.44190
msg_begin
7.75785e+06
-363768
-2.50134
0.00288025
0.00107998
8.1437e-05
0
0
0
1683488208.49194
msg_begin
7.75785e+06
-363768
-2.50105
0.0147025
0.0137158
0.000450381
0
0
0
1683488208.54199
msg_begin
7.75785e+06
-363769
-2.50128
0.0028661
0.00163417
0.000136477
0
0
0
1683488208.59208
msg_begin
7.75785e+06
-363769
-2.49942
5.40167e-08
4.65661e-10
2.66454e-15
0
0
0
1683488208.64296
msg_begin
7.75785e+06
-363769
-2.49843
0.00776195
0.00358176
0.000577044
0
0
0
1683488208.69221
msg_begin
7.75785e+06
-363770
-2.49785
0.0068984
0.00882254
0.000577885
0
0
0
1683488208.74237
msg_begin
7.75785e+06
-363770
-2.4996
0.0028683
0.000527984
2.01529e-05
0
0
0
1683488208.79310
msg_begin
7.75785e+06
-363770
-2.50059
0.00964728
0.00914812
0.000909646
0
0
0
1683488208.84333
msg_begin
7.75785e+06
-363770
-2.49918
0.00295615
0.00301114
0.000390501
0
0
0
1683488208.89239
msg_begin
7.75785e+06
-363771
-2.49884
0.0117839
0.018917
0.00110312
0
0
0
1683488208.94238
msg_begin
7.75785e+06
-363771
-2.49821
6.23986e-08
6.98492e-10
4.44089e-15
0
0
0
1683488208.99310
msg_begin
7.75785e+06
-363771
-2.50008
0.0490547
0.0337669
0.000570988
0
0
0
1683488209.04321
msg_begin
7.75785e+06
-363772
-2.49919
0.000515777
0.00062686
6.8067e-05
0
0
0
1683488209.09227
msg_begin
7.75785e+06
-363772
-2.49664
0.000414455
0.000997846
0.000417838
0
0
0
1683488209.14223
msg_begin
7.75785e+06
-363772
-2.49907
0.00103512
0.00176841
9.15188e-05
0
0
0
1683488209.19215
msg_begin
7.75785e+06
-363773
-2.50025
0.00697763
0.00599965
0.00147804
0
0
0
1683488209.24284
msg_begin
7.75785e+06
-363773
-2.49889
0.00409677
0.00372497
5.61661e-06
0
0
0
1683488209.29206
msg_begin
7.75785e+06
-363773
-2.49932
0.00495944
0.0120203
0.000674912
0
0
0
1683488209.34197
msg_begin
7.75785e+06
-363774
-2.4996
0.000361499
0.000742067
5.99869e-05
0
0
0
1683488209.39196
msg_begin
7.75785e+06
-363774
-2.49966
0.00985332
0.00474131
0.000700343
0
0
0
1683488209.44272
msg_begin
7.75785e+06
-363774
-2.50004
0.00535336
0.00164848
0.000266784
0
0
0
1683488209.49180
msg_begin
7.75785e+06
-363775
-2.49917
0.0172443
0.00668804
0.000299473
0
0
0
1683488209.54177
msg_begin
7.75785e+06
-363775
-2.49869
1.02445e-08
2.91038e-10
1.33227e-15
0
0
0
1683488209.59179
msg_begin
7.75784e+06
-363775
-2.49981
0.0102331
0.00662756
0.000520317
0
0
0
1683488209.64179
msg_begin
7.75784e+06
-363776
-2.50123
0.031047
0.0141882
0.00132548
0
0
0
1683488209.69179
msg_begin
7.75784e+06
-363776
-2.50184
0.00692395
0.0057351
0.000556636
0
0
0
1683488209.74183
msg_begin
7.75784e+06
-363776
-2.50206
0.00406981
0.000462284
5.29143e-05
0
0
0
1683488209.79205
msg_begin
7.75784e+06
-363776
-2.50102
0.00342014
0.00163953
0.000132719
0
0
0
1683488209.84192
msg_begin
7.75784e+06
-363777
-2.50019
0.0093673
0.00552099
0.000376359
0
0
0
1683488209.89197
msg_begin
7.75784e+06
-363777
-2.50242
0.00296117
0.00583825
0.000463903
0
0
0
1683488209.94198
msg_begin
7.75784e+06
-363777
-2.50308
0.00439914
0.00161591
0.000268649
0
0
0
1683488209.99213
msg_begin
7.75784e+06
-363778
-2.50503
0.014923
0.014467
0.000784371
0
0
0
1683488210.04210
msg_begin
7.75784e+06
-363778
-2.50377
0.0302813
0.0286227
0.00108617
0
0
0
1683488210.09204
msg_begin
7.75784e+06
-363778
-2.50324
6.98492e-08
1.74623e-10
4.44089e-16
0
0
0
1683488210.14204
msg_begin
7.75784e+06
-363779
-2.50406
0.000245467
0.000589885
5.39539e-05
0
0
0
1683488210.19209
msg_begin
7.75784e+06
-363779
-2.50416
0.00803111
0.00397895
0.000596407
0
0
0
1683488210.24211
msg_begin
7.75784e+06
-363779
-2.50394
0.00505022
0.00390339
0.000475271
0
0
0
1683488210.29204
msg_begin
7.75784e+06
-363780
-2.50626
0.00096754
8.42513e-05
5.18726e-05
0
0
0
1683488210.34218
msg_begin
7.75784e+06
-363780
-2.50775
0.0044671
0.00241784
0.00050855
0
0
0
1683488210.39214
msg_begin
7.75784e+06
-363780
-2.50933
0.00751062
0.00759289
0.000258959
0
0
0
1683488210.44230
msg_begin
7.75784e+06
-363781
-2.50948
0.00659885
0.00888122
0.000522459
0
0
0
1683488210.49228
msg_begin
7.75784e+06
-363781
-2.50907
0.00673516
0.00799127
0.000992827
0
0
0
1683488210.54238
msg_begin
7.75784e+06
-363781
-2.50874
0.000743337
0.00104956
0.000107831
0
0
0
1683488210.59239
msg_begin
7.75784e+06
-363782
-2.50995
0.0188535
0.0213762
0.000785471
0
0
0
1683488210.64348
msg_begin
7.75784e+06
-363782
-2.50726
0.000214341
0.000696725
7.48054e-05
0
0
0
1683488210.69245
msg_begin
7.75784e+06
-363782
-2.50716
0.00345715
0.0070636
0.00047275
0
0
0
1683488210.74253
msg_begin
7.75784e+06
-363783
-2.50684
0.00331804
0.00849733
0.000213898
0
0
0
1683488210.79254
msg_begin
7.75783e+06
-363783
-2.5061
0.00124439
0.000472529
5.85142e-05
0
0
0
1683488210.84344
msg_begin
7.75783e+06
-363783
-2.50665
0.0186622
0.0134232
0.000370931
0
0
0
1683488210.89251
msg_begin
7.75783e+06
-363784
-2.50965
0.0018508
0.00194206
0.000109868
0
0
0
1683488210.94247
msg_begin
7.75783e+06
-363784
-2.50831
0.00164714
0.00268646
0.000186714
0
0
0
1683488210.99244
msg_begin
7.75783e+06
-363784
-2.50928
0.0118666
0.00460911
0.000478279
0
0
0
1683488211.04340
msg_begin
7.75783e+06
-363784
-2.50987
0.00426885
0.00139539
0.000117242
0
0
0
1683488211.09234
msg_begin
7.75783e+06
-363785
-2.50794
0.00526572
0.00545909
0.000121717
0
0
0
1683488211.14233
msg_begin
7.75783e+06
-363785
-2.50797
1.67638e-08
1.62981e-09
0
0
0
0
1683488211.19226
msg_begin
7.75783e+06
-363785
-2.50924
0.00843127
0.00729132
0.000529343
0
0
0
1683488211.24308
msg_begin
7.75783e+06
-363786
-2.50815
0.00062244
0.00133975
8.13576e-05
0
0
0
1683488211.29222
msg_begin
7.75783e+06
-363786
-2.50702
0.00508781
0.00930777
0.000274337
0
0
0
1683488211.34220
msg_begin
7.75783e+06
-363786
-2.50927
0.00842261
0.00394448
0.000504588
0
0
0
1683488211.39220
msg_begin
7.75783e+06
-363787
-2.50939
0.000815578
0.000756929
5.08518e-05
0
0
0
1683488211.44297
msg_begin
7.75783e+06
-363787
-2.50726
3.53903e-08
2.61934e-09
1.77636e-15
0
0
0
1683488211.49232
msg_begin
7.75783e+06
-363787
-2.50844
0.0119047
0.0130369
0.000851811
0
0
0
1683488211.54241
msg_begin
7.75783e+06
-363788
-2.50485
0.00374943
0.00347277
5.41198e-05
0
0
0
1683488211.59246
msg_begin
7.75783e+06
-363788
-2.50646
0.00475433
0.00455328
0.000189858
0
0
0
1683488211.64273
msg_begin
7.75783e+06
-363788
-2.50892
0.00602054
0.00609966
0.000442232
0
0
0
1683488211.69263
msg_begin
7.75783e+06
-363789
-2.51028
0.000398695
0.00181332
0.000192943
0
0
0
1683488211.74278
msg_begin
7.75783e+06
-363789
-2.50878
0.0104846
0.0084347
0.00030537
0
0
0
1683488211.79286
msg_begin
7.75783e+06
-363789
-2.50444
0.000847645
0.00173902
0.000203438
0
0
0
1683488211.84299
msg_begin
7.75783e+06
-363789
-2.50577
0.00926132
0.00922328
7.87299e-05
0
0
0
1683488211.89300
msg_begin
7.75783e+06
-363790
-2.50636
0.00847593
0.00978876
0.000420093
0
0
0
1683488211.94303
msg_begin
7.75783e+06
-363790
-2.50519
0.00192064
0.0044552
0.000296931
0
0
0
1683488211.99312
msg_begin
7.75782e+06
-363790
-2.50419
0.0209335
0.0159999
0.000862922
0
0
0
1683488212.04312
msg_begin
7.75782e+06
-363791
-2.50623
0.0191137
0.00927821
0.00115072
0
0
0
1683488212.09310
msg_begin
7.75782e+06
-363791
-2.50732
0.0161075
0.00551258
0.000971188
0
0
0
1683488212.14312
msg_begin
7.75782e+06
-363791
-2.50498
0.00215835
0.00214208
0.000114707
0
0
0
1683488212.19311
msg_begin
7.75782e+06
-363792
-2.50648
0.00262114
0.00699506
0.00069178
0
0
0
1683488212.29305
msg_begin
7.75782e+06
-363792
-2.50599
0.0154432
0.02716
0.0014185
0
0
0
1683488212.34303
msg_begin
7.75782e+06
-363793
-2.50467
0.00671422
0.00444734
0.000431496
0
0
0
1683488212.39310
msg_begin
7.75782e+06
-363793
-2.50521
0.00523794
0.00792765
0.000476443
0
0
0
1683488212.44306
msg_begin
7.75782e+06
-363793
-2.50343
0.00547621
0.00944236
0.000657837
0
0
0
1683488212.49293
msg_begin
7.75782e+06
-363793
-2.5049
0.00289855
0.0176557
0.000371994
0
0
0
1683488212.54290
msg_begin
7.75782e+06
-363794
-2.50826
0.00117276
0.00168058
5.1839e-05
0
0
0
1683488212.59284
msg_begin
7.75782e+06
-363794
-2.5073
0.00572042
0.00914459
0.000297572
0
0
0
1683488212.64370
msg_begin
7.75782e+06
-363794
-2.51045
0.0132124
0.00307491
0.000478183
0
0
0
1683488212.69268
msg_begin
7.75782e+06
-363795
-2.51073
2.15736e-05
0.00289579
0.000199763
0
0
0
1683488212.74258
msg_begin
7.75782e+06
-363795
-2.5105
0.00742625
0.00531473
7.4832e-05
0
0
0
1683488212.79256
msg_begin
7.75782e+06
-363795
-2.5104
0.00417922
0.0166585
0.000834162
0
0
0
1683488212.84347
msg_begin
7.75782e+06
-363795
-2.50832
0.0188797
0.00709637
0.000566928
0
0
0
1683488212.89251
msg_begin
7.75782e+06
-363796
-2.50811
0.00170505
0.00190739
0.000382655
0
0
0
1683488212.94246
msg_begin
7.75782e+06
-363796
-2.5088
0.0244256
0.0164447
0.00162643
0
0
0
1683488212.99250
msg_begin
7.75782e+06
-363796
-2.50962
0.000835132
0.0010395
0.000196837
0
0
0
1683488213.04342
msg_begin
7.75782e+06
-363797
-2.51199
0.00569911
0.00958728
0.000271891
0
0
0
1683488213.09252
msg_begin
7.75782e+06
-363797
-2.51166
0.000769064
0.000743076
2.51939e-05
0
0
0
1683488213.14248
msg_begin
7.75782e+06
-363797
-2.51165
0.00661164
0.00739014
0.00012471
0
0
0
1683488213.19258
msg_begin
7.75782e+06
-363797
-2.51137
0.0064045
0.000578096
0.000791203
0
0
0
1683488213.24368
msg_begin
7.75782e+06
-363798
-2.50967
0.00429008
0.00317986
0.000343711
0
0
0
1683488213.29263
msg_begin
7.75781e+06
-363798
-2.50884
0.010687
0.00560966
0.000653282
0
0
0
1683488213.34257
msg_begin
7.75781e+06
-363798
-2.50951
0.00666904
0.00233864
0.000415659
0
0
0
1683488213.39267
msg_begin
7.75781e+06
-363798
-2.50903
0.00319436
0.00336843
0.000302025
0
0
0
1683488213.44361
msg_begin
7.75781e+06
-363799
-2.50981
0.00340323
0.000973343
0.000125092
0
0
0
1683488213.49256
msg_begin
7.75781e+06
-363799
-2.50966
0.00372012
0.00699745
0.000208882
0
0
0
1683488213.54259
msg_begin
7.75781e+06
-363799
-2.51041
0.0296241
0.0285442
0.001798
0
0
0
1683488213.59254
msg_begin
7.75781e+06
-363799
-2.51063
0.000904912
0.00942356
0.000238245
0
0
0
1683488213.64255
msg_begin
7.75781e+06
-363800
-2.50906
0.00413248
0.00070227
0.000160798
0
0
0
1683488213.69251
msg_begin
7.75781e+06
-363800
-2.51144
0.00945758
0.0113198
0.000458939
0
0
0
1683488213.74245
msg_begin
7.75781e+06
-363800
-2.51275
0.00198693
0.00105379
0.000330043
0
0
0
1683488213.79250
msg_begin
7.75781e+06
-363800
-2.51515
0.00998909
0.00974372
0.000845065
0
0
0
1683488213.84251
msg_begin
7.75781e+06
-363801
-2.5142
0.0115299
0.00388048
0.000851518
0
0
0
1683488213.89239
msg_begin
7.75781e+06
-363801
-2.51485
8.3819e-09
2.91038e-09
3.9968e-15
0
0
0
1683488213.94242
msg_begin
7.75781e+06
-363801
-2.50999
8.3819e-09
2.09548e-09
2.66454e-15
0
0
0
1683488213.99238
msg_begin
7.75781e+06
-363801
-2.51076
0.0023709
0.000409482
4.20671e-07
0
0
0
1683488214.04236
msg_begin
7.75781e+06
-363802
-2.50924
0.016966
0.0159891
0.000925934
0
0
0
1683488214.09239
msg_begin
7.75781e+06
-363802
-2.50705
0.00228986
0.0012764
0.000337981
0
0
0
1683488214.14240
msg_begin
7.75781e+06
-363802
-2.50773
0.000754525
0.00419094
0.000123587
0
0
0
1683488214.19246
msg_begin
7.75781e+06
-363802
-2.51087
0.00799039
0.0127109
0.000553017
0
0
0
1683488214.24253
msg_begin
7.75781e+06
-363803
-2.51267
0.00395318
0.0147743
0.000760314
0
0
0
1683488214.29257
msg_begin
7.75781e+06
-363803
-2.5106
7.35745e-08
1.39698e-09
4.44089e-16
0
0
0
1683488214.34262
msg_begin
7.75781e+06
-363803
-2.50872
0.00466777
0.00439815
1.22945e-05
0
0
0
1683488214.39271
msg_begin
7.75781e+06
-363803
-2.5095
0.0074322
0.0108374
0.000414731
0
0
0
1683488214.44268
msg_begin
7.75781e+06
-363804
-2.50882
0.0234342
0.0169144
0.000941252
0
0
0
1683488214.49264
msg_begin
7.75781e+06
-363804
-2.50606
0.0495124
0.040076
0.00124604
0
0
0
1683488214.54269
msg_begin
7.75781e+06
-363804
-2.50518
0.00555452
0.0036644
0.000511354
0
0
0
1683488214.59271
msg_begin
7.75781e+06
-363804
-2.50834
0.0021828
0.0009889
0.000191662
0
0
0
1683488214.64382
msg_begin
7.75781e+06
-363804
-2.50766
0.015033
0.0135282
2.40959e-05
0
0
0
1683488214.69272
msg_begin
7.75781e+06
-363805
-2.50762
0.0016534
0.0029992
2.0094e-05
0
0
0
1683488214.74281
msg_begin
7.75781e+06
-363805
-2.50762
0.0196374
0.0138427
3.61708e-05
0
0
0
1683488214.79291
msg_begin
7.75781e+06
-363805
-2.50558
0.0118038
0.00924313
0.000710847
0
0
0
1683488214.84401
msg_begin
7.75781e+06
-363805
-2.50797
0.000788338
0.0114917
0.000470122
0
0
0
1683488214.89297
msg_begin
7.7578e+06
-363805
-2.50847
0.00286677
0.00514668
0.000108182
0
0
0
1683488214.94304
msg_begin
7.7578e+06
-363806
-2.50712
0.0239868
0.0128167
0.000700273
0
0
0
1683488214.99313
msg_begin
7.7578e+06
-363806
-2.50776
0.0129245
0.00998537
0.00175306
0
0
0
1683488215.04400
msg_begin
7.7578e+06
-363806
-2.50638
0.0447762
0.0215084
0.00127392
0
0
0
1683488215.09314
msg_begin
7.7578e+06
-363806
-2.50444
0.00218449
0.00201384
0.000299923
0
0
0
1683488215.14319
msg_begin
7.7578e+06
-363806
-2.50331
0.05788
0.0420725
0.00189743
0
0
0
1683488215.19312
msg_begin
7.7578e+06
-363807
-2.50504
6.61239e-08
0
4.88498e-15
0
0
0
1683488215.24392
msg_begin
7.7578e+06
-363807
-2.50807
0.00655498
0.00848306
0.00124602
0
0
0
1683488215.29315
msg_begin
7.7578e+06
-363807
-2.50846
0.00157094
0.00467259
0.000150786
0
0
0
1683488215.34307
msg_begin
7.7578e+06
-363807
-2.50562
0.0118271
0.00915912
0.00100769
0
0
0
1683488215.39318
msg_begin
7.7578e+06
-363807
-2.50377
0.00100719
0.000697172
5.67061e-05
0
0
0
1683488215.44373
msg_begin
7.7578e+06
-363808
-2.50623
0.0113351
0.00887071
0.000597905
0
0
0
1683488215.49305
msg_begin
7.7578e+06
-363808
-2.51091
9.31323e-08
1.45519e-09
4.44089e-15
0
0
0
1683488215.54305
msg_begin
7.7578e+06
-363808
-2.51018
0.0102574
0.00212462
0.000378402
0
0
0
1683488215.59302
msg_begin
7.7578e+06
-363808
-2.51195
1.95578e-08
1.04774e-09
8.88178e-16
0
0
0
1683488215.64302
msg_begin
7.7578e+06
-363808
-2.51175
0.00106674
0.00252279
0.0001635
0
0
0
1683488215.69295
msg_begin
7.7578e+06
-363809
-2.51163
0.00825625
0.0162773
0.00102535
0
0
0
1683488215.74299
msg_begin
7.7578e+06
-363809
-2.51235
0.017379
0.00853844
0.00160029
0
0
0
1683488215.79296
msg_begin
7.7578e+06
-363809
-2.50876
0.00212303
0.00258392
0.000221849
0
0
0
1683488215.84289
msg_begin
7.7578e+06
-363809
-2.50882
0.00661092
0.00611062
0.000203305
0
0
0
1683488215.89288
msg_begin
7.7578e+06
-363809
-2.5062
0.00209587
0.000568218
0.000385865
0
0
0
1683488215.94291
msg_begin
7.7578e+06
-363809
-2.50625
0.00481325
0.00778762
0.000877945
0
0
0
1683488215.99288
msg_begin
7.7578e+06
-363810
-2.50575
0.0155332
0.0058454
0.000386673
0
0
0
1683488216.04279
msg_begin
7.7578e+06
-363810
-2.50648
0.011851
0.0030442
0.00189035
0
0
0
1683488216.09275
msg_begin
7.7578e+06
-363810
-2.50629
0.00262523
0.00431763
0.00034598
0
0
0
1683488216.14274
msg_begin
7.7578e+06
-363810
-2.5072
0.00656866
0.0150305
0.00071335
0
0
0
1683488216.19270
msg_begin
7.7578e+06
-363810
-2.50695
0.00195759
0.00214753
0.000368603
0
0
0
1683488216.24265
msg_begin
7.7578e+06
-363811
-2.50638
0.0164537
0.0144151
0.000881404
0
0
0
1683488216.29264
msg_begin
7.7578e+06
-363811
-2.50725
0.00295658
0.00050666
0.000279448
0
0
0
1683488216.34262
msg_begin
7.7578e+06
-363811
-2.50743
0.00342455
0.00315577
6.58181e-05
0
0
0
1683488216.39261
msg_begin
7.7578e+06
-363811
-2.50672
0.00538416
0.00150618
0.000240624
0
0
0
1683488216.44255
msg_begin
7.7578e+06
-363811
-2.50625
0.00919068
0.00929718
0.00118743
0
0
0
1683488216.49252
msg_begin
7.7578e+06
-363811
-2.50752
0.00078854
0.00108295
0.000102357
0
0
0
1683488216.54252
msg_begin
7.7578e+06
-363811
-2.50678
0.00290378
0.00474317
0.000217025
0
0
0
1683488216.59254
msg_begin
7.7578e+06
-363811
-2.50706
0.00103996
0.0001204
7.61455e-05
0
0
0
1683488216.64352
msg_begin
7.7578e+06
-363812
-2.50784
0.000786776
0.00168859
0.000144843
0
0
0
1683488216.69256
msg_begin
7.7578e+06
-363812
-2.50477
0.0117545
0.0124436
0.000675226
0
0
0
1683488216.74256
msg_begin
7.7578e+06
-363812
-2.50434
0.00426063
0.0061769
0.00116348
0
0
0
1683488216.79257
msg_begin
7.7578e+06
-363812
-2.50533
0.00625203
0.00764259
0.000577468
0
0
0
1683488216.84337
msg_begin
7.7578e+06
-363812
-2.50472
0.003204
0.00317673
0.000173307
0
0
0
1683488216.89252
msg_begin
7.7578e+06
-363812
-2.50398
0.00876511
0.00260885
0.000264927
0
0
0
1683488216.94254
msg_begin
7.7578e+06
-363812
-2.50607
0.0049813
0.00136982
0.000210574
0
0
0
1683488216.99255
msg_begin
7.7578e+06
-363813
-2.50511
0.00523763
0.00530134
0.000185004
0
0
0
1683488217.04350
msg_begin
7.7578e+06
-363813
-2.50448
0.0116692
0.00296648
0.000460429
0
0
0
1683488217.09237
msg_begin
7.7578e+06
-363813
-2.50366
0.0066265
0.0022142
7.37834e-05
0
0
0
1683488217.14240
msg_begin
7.7578e+06
-363813
-2.50349
0.0121029
0.00208548
0.000525729
0
0
0
1683488217.19236
msg_begin
7.7578e+06
-363813
-2.50327
0.000745516
0.000864493
1.76613e-05
0
0
0
1683488217.24316
msg_begin
7.7578e+06
-363813
-2.50322
0.0153914
0.0219179
0.00106384
0
0
0
1683488217.29233
msg_begin
7.75779e+06
-363813
-2.50501
1.11759e-08
9.8953e-10
3.55271e-15
0
0
0
1683488217.34232
msg_begin
7.75779e+06
-363813
-2.50486
0.00628665
0.00466863
0.000544433
0
0
0
1683488217.39226
msg_begin
7.75779e+06
-363813
-2.50263
0.0185228
0.00608757
0.000622292
0
0
0
1683488217.44347
msg_begin
7.75779e+06
-363814
-2.49954
0.0183138
0.00104367
0.000702517
0
0
0
1683488217.49240
msg_begin
7.75779e+06
-363814
-2.49386
2.96606e-05
0.00139245
0.00030851
0
0
0
1683488217.54240
msg_begin
7.75779e+06
-363814
-2.49749
0.0199528
0.0164161
0.00177898
0
0
0
1683488217.59239
msg_begin
7.75779e+06
-363814
-2.49756
0.000232709
0.000589777
5.1931e-06
0
0
0
1683488217.64242
msg_begin
7.75779e+06
-363814
-2.4988
0.00383431
0.00486667
0.000635104
0
0
0
1683488217.69238
msg_begin
7.75779e+06
-363814
-2.49933
0.00242355
0.000917626
0.000224633
0
0
0
1683488217.74245
msg_begin
7.75779e+06
-363814
-2.4974
0.0203763
0.023317
0.000586974
0
0
0
1683488217.79247
msg_begin
7.75779e+06
-363814
-2.50129
0.00883202
0.0189077
0.000418588
0
0
0
1683488217.84244
msg_begin
7.75779e+06
-363814
-2.49915
0.00524504
0.00422864
0.000534778
0
0
0
1683488217.89246
msg_begin
7.75779e+06
-363814
-2.50406
0.00709678
0.00581184
0.000877996
0
0
0
1683488217.94244
msg_begin
7.75779e+06
-363814
-2.50355
0.00197018
0.00291759
0.000999698
0
0
0
1683488217.99245
msg_begin
7.75779e+06
-363814
-2.50203
0.00936489
0.000694664
0.000166695
0
0
0
1683488218.04245
msg_begin
7.75779e+06
-363815
-2.50241
0.000789614
0.00195108
4.95331e-05
0
0
0
1683488218.09236
msg_begin
7.75779e+06
-363815
-2.50249
0.00769158
0.00455067
0.000795922
0
0
0
1683488218.19234
msg_begin
7.75779e+06
-363815
-2.49867
0.00721922
0.00776492
0.00052949
0
0
0
1683488218.24233
msg_begin
7.75779e+06
-363815
-2.50065
0.00643214
0.00888747
0.000251635
0
0
0
1683488218.29231
msg_begin
7.75779e+06
-363815
-2.49814
0.0155884
0.0202791
0.00167019
0
0
0
1683488218.34226
msg_begin
7.75779e+06
-363815
-2.49569
0.00204584
0.00987709
0.00154626
0
0
0
1683488218.39222
msg_begin
7.75779e+06
-363815
-2.49926
0.0113907
0.0141937
0.00121317
0
0
0
1683488218.44227
msg_begin
7.75779e+06
-363815
-2.50018
0.00298403
0.0126595
0.0010967
0
0
0
1683488218.49222
msg_begin
7.75779e+06
-363815
-2.49653
0.0051042
0.000631415
9.02367e-05
0
0
0
1683488218.54212
msg_begin
7.75779e+06
-363815
-2.49892
0.00334411
0.00701109
0.000346289
0
0
0
1683488218.59218
msg_begin
7.75779e+06
-363815
-2.49985
0.00205559
0.00390364
0.000962625
0
0
0
1683488218.64331
msg_begin
7.75779e+06
-363815
-2.50331
0.00598803
0.00746128
0.00111129
0
0
0
1683488218.69218
msg_begin
7.75779e+06
-363815
-2.5026
0.00573651
0.00342735
0.000571225
0
0
0
1683488218.74219
msg_begin
7.75779e+06
-363815
-2.50102
0.0037922
0.000836312
0.000257302
0
0
0
1683488218.79210
msg_begin
7.75779e+06
-363815
-2.50225
0.00410154
0.00254111
0.000154812
0
0
0
1683488218.84292
msg_begin
7.75779e+06
-363815
-2.49917
0.000665893
0.000539332
4.7481e-05
0
0
0
1683488218.89207
msg_begin
7.75779e+06
-363815
-2.49858
0.00615994
0.0139948
0.000463772
0
0
0
1683488218.94206
msg_begin
7.75779e+06
-363815
-2.49704
0.00331715
0.00362816
0.000394242
0
0
0
1683488218.99204
msg_begin
7.75779e+06
-363815
-2.4967
0.00918536
0.0110075
0.00192333
0
0
0
1683488219.04263
msg_begin
7.75779e+06
-363815
-2.49713
0.00779365
0.00450657
0.000908532
0
0
0
1683488219.09202
msg_begin
7.75779e+06
-363815
-2.49777
0.00337978
0.00506561
0.000561588
0
0
0
1683488219.14189
msg_begin
7.75779e+06
-363815
-2.49881
6.51926e-09
2.56114e-09
2.66454e-15
0
0
0
1683488219.19188
msg_begin
7.75779e+06
-363815
-2.49907
0.00365601
0.000978234
0.000112609
0
0
0
1683488219.24275
msg_begin
7.75779e+06
-363815
-2.49474
0.00299882
0.00263063
0.00046807
0
0
0
1683488219.29178
msg_begin
7.75779e+06
-363815
-2.4938
0.000212108
0.000296764
6.23341e-05
0
0
0
1683488219.34165
msg_begin
7.75779e+06
-363816
-2.49384
0.00364061
0.000412058
0.000301837
0
0
0
1683488219.39169
msg_begin
7.75779e+06
-363816
-2.4969
0.00356794
0.00877816
0.00047195
0
0
0
1683488219.44247
msg_begin
7.75779e+06
-363816
-2.49816
0.00302403
0.0042685
0.000250688
0
0
0
1683488219.49160
msg_begin
7.75779e+06
-363816
-2.50095
4.65661e-09
1.92085e-09
8.88178e-16
0
0
0
1683488219.54162
msg_begin
7.75779e+06
-363816
-2.50022
0.00359772
0.00067597
3.89468e-05
0
0
0
1683488219.59162
msg_begin
7.75779e+06
-363816
-2.50031
0.00157925
0.000355028
0.000107309
0
0
0
1683488219.64165
msg_begin
7.75779e+06
-363816
-2.49936
0.00432253
0.00349167
0.000412683
0
0
0
1683488219.69162
msg_begin
7.75779e+06
-363816
-2.49853
0.0107905
0.0154042
0.00255724
0
0
0
1683488219.74156
msg_begin
7.75779e+06
-363816
-2.49337
0.00324795
0.00172674
0.000366136
0
0
0
1683488219.79165
msg_begin
7.75779e+06
-363815
-2.49374
0.00456621
0.00222148
0.00060741
0
0
0
1683488219.84156
msg_begin
7.75779e+06
-363816
-2.49833
0.00353022
0.00189911
0.00081434
0
0
0
1683488219.89159
msg_begin
7.75779e+06
-363816
-2.50048
0.00960156
0.00473879
0.000639167
0
0
0
1683488219.94161
msg_begin
7.75779e+06
-363816
-2.50054
0.00218528
0.00373636
0.000325668
0
0
0
1683488219.99161
msg_begin
7.75779e+06
-363816
-2.49914
0.00131449
0.00190919
0.000115281
0
0
0
1683488220.04167
msg_begin
7.75779e+06
-363816
-2.49948
0.000847969
0.000850982
6.1403e-05
0
0
0
1683488220.09166
msg_begin
7.75779e+06
-363816
-2.49946
0.00221306
0.00201096
0.000177056
0
0
0
1683488220.14182
msg_begin
7.75779e+06
-363816
-2.49969
0.00072678
0.00111268
0.000108086
0
0
0
1683488220.19185
msg_begin
7.75779e+06
-363816
-2.50001
0.00556426
0.00384498
0.000591487
0
0
0
1683488220.24186
msg_begin
7.75779e+06
-363816
-2.50051
0.00987587
0.00097257
0.000263695
0
0
0
1683488220.29194
msg_begin
7.75779e+06
-363816
-2.49871
0.00184282
0.00166864
8.89528e-05
0
0
0
1683488220.34199
msg_begin
7.75779e+06
-363816
-2.50067
0.00170397
0.000619475
0.000152193
0
0
0
1683488220.39205
msg_begin
7.75779e+06
-363816
-2.50009
0.00334524
0.00372578
0.00103491
0
0
0
1683488220.44213
msg_begin
7.75779e+06
-363816
-2.49911
0.00189546
0.0051977
9.83451e-05
0
0
0
1683488220.49219
msg_begin
7.75779e+06
-363816
-2.49957
0.00181207
0.000756425
7.87169e-05
0
0
0
1683488220.54217
msg_begin
7.75779e+06
-363816
-2.50087
0.00534872
0.00714945
0.00094784
0
0
0
1683488220.59221
msg_begin
7.75779e+06
-363816
-2.50217
0.000698911
0.00195674
0.000296047
0
0
0
1683488220.64318
msg_begin
7.75779e+06
-363816
-2.50051
0.00282121
0.000561702
0.000987711
0
0
0
1683488220.69222
msg_begin
7.75779e+06
-363816
-2.49944
0.00139369
0.00327164
0.000378918
0
0
0
1683488220.74225
msg_begin
7.75779e+06
-363816
-2.49937
0.00194421
0.000676242
0.000125329
0
0
0
1683488220.79224
msg_begin
7.75779e+06
-363816
-2.49898
0.00256754
0.00405605
0.000956296
0
0
0
1683488220.84346
msg_begin
7.75779e+06
-363816
-2.49875
0.000675493
0.00281208
0.000248077
0
0
0
1683488220.89216
msg_begin
7.75779e+06
-363816
-2.50067
0.00107728
0.00147973
0.000257574
0
0
0
1683488220.94215
msg_begin
7.75779e+06
-363816
-2.50076
0.00113241
0.00291976
0.000229985
0
0
0
1683488220.99355
msg_begin
7.75779e+06
-363816
-2.5002
0.00578749
0.00327266
0.000882269
0
0
0
1683488221.04300
msg_begin
7.75779e+06
-363816
-2.50135
0.00466865
0.00925329
0.000715234
0
0
0
1683488221.09203
msg_begin
7.75779e+06
-363816
-2.50105
0.00537749
0.00477125
0.000618413
0
0
0
1683488221.14201
msg_begin
7.75779e+06
-363816
-2.50071
0.00214229
0.00199253
0.000165453
0
0
0
1683488221.19200
msg_begin
7.75779e+06
-363816
-2.50141
0.00283897
0.00663162
0.000240461
0
0
0
1683488221.24285
msg_begin
7.75779e+06
-363816
-2.50183
0.00107581
0.00408848
0.000113621
0
0
0
1683488221.29190
msg_begin
7.75779e+06
-363816
-2.50244
0.00486965
0.0139169
0.0020699
0
0
0
1683488221.34178
msg_begin
7.75779e+06
-363816
-2.50072
0.00603554
0.00558636
0.000779471
0
0
0
1683488221.39184
msg_begin
7.75779e+06
-363816
-2.50018
0.00600587
0.00791514
0.000782393
0
0
0
1683488221.44270
msg_begin
7.75779e+06
-363816
-2.50068
0.00136401
0.00125519
0.000226338
0
0
0
1683488221.49183
msg_begin
7.75779e+06
-363816
-2.50071
0.0101406
0.00312578
0.0004207
0
0
0
1683488221.54185
msg_begin
7.75779e+06
-363816
-2.49921
0.00728534
0.00202007
0.000491869
0
0
0
1683488221.59177
msg_begin
7.75779e+06
-363816
-2.49913
0.00420495
0.0016961
9.71051e-05
0
0
0
1683488221.64178
msg_begin
7.75779e+06
-363816
-2.49932
0.00171516
0.00128765
0.000107542
0
0
0
1683488221.69169
msg_begin
7.75779e+06
-363816
-2.50139
0.00689622
0.00797434
0.00249211
0
0
0
1683488221.74172
msg_begin
7.75779e+06
-363816
-2.50357
0.0117495
0.00678093
0.0030708
0
0
0
1683488221.79171
msg_begin
7.75779e+06
-363816
-2.49945
0.00479946
0.00371653
0.00051471
0
0
0
1683488221.84174
msg_begin
7.75779e+06
-363816
-2.49891
0.00360159
0.00332647
0.000280853
0
0
0
1683488221.89176
msg_begin
7.75779e+06
-363816
-2.49881
0.00284931
0.00332244
0.000204255
0
0
0
1683488221.94181
msg_begin
7.75779e+06
-363816
-2.49976
0.00412649
0.00261482
0.000968791
0
0
0
1683488221.99186
msg_begin
7.75779e+06
-363816
-2.49927
0.00744187
0.00358089
0.000413556
0
0
0
1683488222.04184
msg_begin
7.75779e+06
-363816
-2.49916
0.00379402
0.0031613
0.0002846
0
0
0
1683488222.09194
msg_begin
7.75779e+06
-363816
-2.49995
0.00580607
0.0031443
0.000508526
0
0
0
1683488222.14197
msg_begin
7.75779e+06
-363816
-2.49941
0.00453041
0.00140595
0.00022729
0
0
0
1683488222.19208
msg_begin
7.75779e+06
-363816
-2.4995
0.005517
0.0017173
0.00028786
0
0
0
1683488222.24202
msg_begin
7.75779e+06
-363816
-2.49929
0.00439165
0.00279222
0.000398737
0
0
0
1683488222.29211
